symbol,company,industry_category_id,industry_category_name,industry_sub_category_id,industry_sub_category_name,industry_type_id,industry_type_name
SZ000001,平安银行,J,金融业,,,66,货币金融服务
SZ000002,万科A,K,房地产业,,,70,房地产业
SZ000004,*ST国华,I,信息传输、软件和信息技术服务业,,,65,软件和信息技术服务业
SZ000006,深振业A,K,房地产业,,,70,房地产业
SZ000007,全新好,K,房地产业,,,70,房地产业
SZ000008,神州高铁,C,制造业,CG,专用、通用及交通运输设备,37,铁路、船舶、航空航天和其他运输设备制造业
SZ000009,中国宝安,J,金融业,,,69,其他金融业
SZ000010,美丽生态,E,建筑业,,,48,土木工程建筑业
SZ000011,深物业A,K,房地产业,,,70,房地产业
SZ000012,南玻A,C,制造业,CF,金属、非金属,30,非金属矿物制品业
SZ000014,沙河股份,K,房地产业,,,70,房地产业
SZ000016,深康佳A,C,制造业,CH,电气、电子及通讯,39,计算机、通信和其他电子设备制造业
SZ000017,深中华A,C,制造业,CD,造纸、印刷、文教,24,文教、工美、体育和娱乐用品制造业
SZ000019,深粮控股,F,批发和零售业,,,51,批发业
SZ000020,深华发A,C,制造业,CH,电气、电子及通讯,39,计算机、通信和其他电子设备制造业
SZ000021,深科技,C,制造业,CH,电气、电子及通讯,39,计算机、通信和其他电子设备制造业
SZ000025,特力A,F,批发和零售业,,,51,批发业
SZ000026,飞亚达,F,批发和零售业,,,52,零售业
SZ000027,深圳能源,D,电力、热力、燃气及水生产和供应业,,,44,电力、热力生产和供应业
SZ000028,国药一致,F,批发和零售业,,,51,批发业
SZ000029,深深房A,K,房地产业,,,70,房地产业
SZ000030,富奥股份,C,制造业,CG,专用、通用及交通运输设备,36,汽车制造业
SZ000031,大悦城,K,房地产业,,,70,房地产业
SZ000032,深桑达A,E,建筑业,,,49,建筑安装业
SZ000034,神州数码,F,批发和零售业,,,51,批发业
SZ000035,中国天楹,N,水利、环境和公共设施管理业,,,77,生态保护和环境治理业
SZ000036,华联控股,K,房地产业,,,70,房地产业
SZ000037,深南电A,D,电力、热力、燃气及水生产和供应业,,,44,电力、热力生产和供应业
SZ000039,中集集团,C,制造业,CF,金属、非金属,33,金属制品业
SZ000042,中洲控股,K,房地产业,,,70,房地产业
SZ000045,深纺织A,C,制造业,CH,电气、电子及通讯,39,计算机、通信和其他电子设备制造业
SZ000048,京基智农,A,农、林、牧、渔业,,,03,畜牧业
SZ000049,德赛电池,C,制造业,CH,电气、电子及通讯,38,电气机械和器材制造业
SZ000050,深天马A,C,制造业,CH,电气、电子及通讯,39,计算机、通信和其他电子设备制造业
SZ000055,方大集团,C,制造业,CF,金属、非金属,33,金属制品业
SZ000056,皇庭国际,L,租赁和商务服务业,,,72,商务服务业
SZ000058,深赛格,L,租赁和商务服务业,,,72,商务服务业
SZ000059,华锦股份,C,制造业,CE,石油、化学、生物医药,25,石油、煤炭及其他燃料加工业
SZ000060,中金岭南,C,制造业,CF,金属、非金属,32,有色金属冶炼和压延加工业
SZ000061,农产品,L,租赁和商务服务业,,,72,商务服务业
SZ000062,深圳华强,F,批发和零售业,,,51,批发业
SZ000063,中兴通讯,C,制造业,CH,电气、电子及通讯,39,计算机、通信和其他电子设备制造业
SZ000065,北方国际,F,批发和零售业,,,51,批发业
SZ000066,中国长城,C,制造业,CH,电气、电子及通讯,39,计算机、通信和其他电子设备制造业
SZ000068,华控赛格,F,批发和零售业,,,51,批发业
SZ000069,华侨城A,K,房地产业,,,70,房地产业
SZ000070,特发信息,C,制造业,CH,电气、电子及通讯,39,计算机、通信和其他电子设备制造业
SZ000078,海王生物,F,批发和零售业,,,51,批发业
SZ000088,盐田港,G,交通运输、仓储和邮政业,,,55,水上运输业
SZ000089,深圳机场,G,交通运输、仓储和邮政业,,,56,航空运输业
SZ000090,天健集团,E,建筑业,,,48,土木工程建筑业
SZ000096,广聚能源,F,批发和零售业,,,51,批发业
SZ000099,中信海直,G,交通运输、仓储和邮政业,,,56,航空运输业
SZ000100,TCL科技,C,制造业,CH,电气、电子及通讯,39,计算机、通信和其他电子设备制造业
SZ000151,中成股份,F,批发和零售业,,,51,批发业
SZ000153,丰原药业,C,制造业,CE,石油、化学、生物医药,27,医药制造业
SZ000155,川能动力,D,电力、热力、燃气及水生产和供应业,,,44,电力、热力生产和供应业
SZ000156,华数传媒,I,信息传输、软件和信息技术服务业,,,63,电信、广播电视和卫星传输服务
SZ000157,中联重科,C,制造业,CG,专用、通用及交通运输设备,35,专用设备制造业
SZ000158,常山北明,I,信息传输、软件和信息技术服务业,,,65,软件和信息技术服务业
SZ000159,国际实业,F,批发和零售业,,,51,批发业
SZ000166,申万宏源,J,金融业,,,67,资本市场服务
SZ000301,东方盛虹,C,制造业,CE,石油、化学、生物医药,26,化学原料和化学制品制造业
SZ000333,美的集团,C,制造业,CH,电气、电子及通讯,38,电气机械和器材制造业
SZ000338,潍柴动力,C,制造业,CG,专用、通用及交通运输设备,36,汽车制造业
SZ000400,许继电气,C,制造业,CH,电气、电子及通讯,38,电气机械和器材制造业
SZ000401,金隅冀东,C,制造业,CF,金属、非金属,30,非金属矿物制品业
SZ000402,金融街,K,房地产业,,,70,房地产业
SZ000403,派林生物,C,制造业,CE,石油、化学、生物医药,27,医药制造业
SZ000404,长虹华意,C,制造业,CG,专用、通用及交通运输设备,34,通用设备制造业
SZ000407,胜利股份,D,电力、热力、燃气及水生产和供应业,,,45,燃气生产和供应业
SZ000408,藏格矿业,C,制造业,CE,石油、化学、生物医药,26,化学原料和化学制品制造业
SZ000409,云鼎科技,I,信息传输、软件和信息技术服务业,,,65,软件和信息技术服务业
SZ000410,沈阳机床,C,制造业,CG,专用、通用及交通运输设备,34,通用设备制造业
SZ000411,英特集团,F,批发和零售业,,,51,批发业
SZ000415,渤海租赁,L,租赁和商务服务业,,,71,租赁业
SZ000417,合百集团,F,批发和零售业,,,52,零售业
SZ000419,通程控股,F,批发和零售业,,,52,零售业
SZ000420,吉林化纤,C,制造业,CE,石油、化学、生物医药,28,化学纤维制造业
SZ000421,南京公用,D,电力、热力、燃气及水生产和供应业,,,45,燃气生产和供应业
SZ000422,湖北宜化,C,制造业,CE,石油、化学、生物医药,26,化学原料和化学制品制造业
SZ000423,东阿阿胶,C,制造业,CE,石油、化学、生物医药,27,医药制造业
SZ000425,徐工机械,C,制造业,CG,专用、通用及交通运输设备,35,专用设备制造业
SZ000426,兴业银锡,B,采矿业,,,09,有色金属矿采选业
SZ000428,华天酒店,H,住宿和餐饮业,,,61,住宿业
SZ000429,粤高速A,G,交通运输、仓储和邮政业,,,54,道路运输业
SZ000430,ST张家界,N,水利、环境和公共设施管理业,,,78,公共设施管理业
SZ000488,ST晨鸣,C,制造业,CD,造纸、印刷、文教,22,造纸和纸制品业
SZ000498,山东路桥,E,建筑业,,,48,土木工程建筑业
SZ000501,武商集团,F,批发和零售业,,,52,零售业
SZ000503,国新健康,I,信息传输、软件和信息技术服务业,,,64,互联网和相关服务
SZ000504,*ST生物,M,科学研究和技术服务业,,,75,科技推广和应用服务业
SZ000505,京粮控股,C,制造业,CA,食品、饮料、烟草,13,农副食品加工业
SZ000506,招金黄金,B,采矿业,,,09,有色金属矿采选业
SZ000507,珠海港,G,交通运输、仓储和邮政业,,,55,水上运输业
SZ000509,华塑控股,C,制造业,CH,电气、电子及通讯,39,计算机、通信和其他电子设备制造业
SZ000510,新金路,C,制造业,CE,石油、化学、生物医药,26,化学原料和化学制品制造业
SZ000513,丽珠集团,C,制造业,CE,石油、化学、生物医药,27,医药制造业
SZ000514,渝开发,K,房地产业,,,70,房地产业
SZ000516,国际医学,Q,卫生和社会工作,,,84,卫生
SZ000517,荣安地产,K,房地产业,,,70,房地产业
SZ000518,*ST四环,C,制造业,CE,石油、化学、生物医药,27,医药制造业
SZ000519,中兵红箭,C,制造业,CG,专用、通用及交通运输设备,35,专用设备制造业
SZ000520,凤凰航运,G,交通运输、仓储和邮政业,,,55,水上运输业
SZ000521,长虹美菱,C,制造业,CH,电气、电子及通讯,38,电气机械和器材制造业
SZ000523,红棉股份,C,制造业,CA,食品、饮料、烟草,13,农副食品加工业
SZ000524,岭南控股,L,租赁和商务服务业,,,72,商务服务业
SZ000525,红太阳,C,制造业,CE,石油、化学、生物医药,26,化学原料和化学制品制造业
SZ000526,学大教育,P,教育,,,83,教育
SZ000528,柳工,C,制造业,CG,专用、通用及交通运输设备,35,专用设备制造业
SZ000529,广弘控股,C,制造业,CA,食品、饮料、烟草,13,农副食品加工业
SZ000530,冰山冷热,C,制造业,CG,专用、通用及交通运输设备,34,通用设备制造业
SZ000531,穗恒运A,D,电力、热力、燃气及水生产和供应业,,,44,电力、热力生产和供应业
SZ000532,华金资本,S,综合,,,91,综合
SZ000533,顺钠股份,C,制造业,CH,电气、电子及通讯,38,电气机械和器材制造业
SZ000534,万泽股份,C,制造业,CE,石油、化学、生物医药,27,医药制造业
SZ000536,华映科技,C,制造业,CH,电气、电子及通讯,39,计算机、通信和其他电子设备制造业
SZ000537,中绿电,D,电力、热力、燃气及水生产和供应业,,,44,电力、热力生产和供应业
SZ000538,云南白药,C,制造业,CE,石油、化学、生物医药,27,医药制造业
SZ000539,粤电力A,D,电力、热力、燃气及水生产和供应业,,,44,电力、热力生产和供应业
SZ000541,佛山照明,C,制造业,CH,电气、电子及通讯,38,电气机械和器材制造业
SZ000543,皖能电力,D,电力、热力、燃气及水生产和供应业,,,44,电力、热力生产和供应业
SZ000544,中原环保,D,电力、热力、燃气及水生产和供应业,,,46,水的生产和供应业
SZ000545,金浦钛业,C,制造业,CE,石油、化学、生物医药,26,化学原料和化学制品制造业
SZ000546,金圆股份,C,制造业,CJ,其他制造业,42,废弃资源综合利用业
SZ000547,航天发展,C,制造业,CH,电气、电子及通讯,39,计算机、通信和其他电子设备制造业
SZ000548,湖南投资,G,交通运输、仓储和邮政业,,,54,道路运输业
SZ000550,江铃汽车,C,制造业,CG,专用、通用及交通运输设备,36,汽车制造业
SZ000551,创元科技,C,制造业,CG,专用、通用及交通运输设备,35,专用设备制造业
SZ000552,甘肃能化,B,采矿业,,,06,煤炭开采和洗选业
SZ000553,安道麦A,C,制造业,CE,石油、化学、生物医药,26,化学原料和化学制品制造业
SZ000554,泰山石油,F,批发和零售业,,,51,批发业
SZ000555,神州信息,I,信息传输、软件和信息技术服务业,,,65,软件和信息技术服务业
SZ000557,西部创业,G,交通运输、仓储和邮政业,,,53,铁路运输业
SZ000558,天府文旅,N,水利、环境和公共设施管理业,,,78,公共设施管理业
SZ000559,万向钱潮,C,制造业,CG,专用、通用及交通运输设备,36,汽车制造业
SZ000560,我爱我家,K,房地产业,,,70,房地产业
SZ000561,烽火电子,C,制造业,CH,电气、电子及通讯,39,计算机、通信和其他电子设备制造业
SZ000563,陕国投A,J,金融业,,,69,其他金融业
SZ000564,供销大集,F,批发和零售业,,,52,零售业
SZ000565,渝三峡A,C,制造业,CE,石油、化学、生物医药,26,化学原料和化学制品制造业
SZ000566,海南海药,C,制造业,CE,石油、化学、生物医药,27,医药制造业
SZ000567,海德股份,J,金融业,,,69,其他金融业
SZ000568,泸州老窖,C,制造业,CA,食品、饮料、烟草,15,酒、饮料和精制茶制造业
SZ000570,苏常柴A,C,制造业,CG,专用、通用及交通运输设备,34,通用设备制造业
SZ000571,新大洲A,B,采矿业,,,06,煤炭开采和洗选业
SZ000572,海马汽车,C,制造业,CG,专用、通用及交通运输设备,36,汽车制造业
SZ000573,粤宏远A,C,制造业,CJ,其他制造业,42,废弃资源综合利用业
SZ000576,甘化科工,C,制造业,CH,电气、电子及通讯,39,计算机、通信和其他电子设备制造业
SZ000581,威孚高科,C,制造业,CG,专用、通用及交通运输设备,36,汽车制造业
SZ000582,北部湾港,G,交通运输、仓储和邮政业,,,55,水上运输业
SZ000586,汇源通信,C,制造业,CH,电气、电子及通讯,38,电气机械和器材制造业
SZ000589,贵州轮胎,C,制造业,CE,石油、化学、生物医药,29,橡胶和塑料制品业
SZ000590,启迪药业,C,制造业,CE,石油、化学、生物医药,27,医药制造业
SZ000591,太阳能,D,电力、热力、燃气及水生产和供应业,,,44,电力、热力生产和供应业
SZ000592,平潭发展,C,制造业,CC,木材、家具,20,木材加工和木、竹、藤、棕、草制品业
SZ000593,德龙汇能,D,电力、热力、燃气及水生产和供应业,,,45,燃气生产和供应业
SZ000595,*ST宝实,C,制造业,CG,专用、通用及交通运输设备,34,通用设备制造业
SZ000596,古井贡酒,C,制造业,CA,食品、饮料、烟草,15,酒、饮料和精制茶制造业
SZ000597,东北制药,C,制造业,CE,石油、化学、生物医药,27,医药制造业
SZ000598,兴蓉环境,D,电力、热力、燃气及水生产和供应业,,,46,水的生产和供应业
SZ000599,青岛双星,C,制造业,CE,石油、化学、生物医药,29,橡胶和塑料制品业
SZ000600,建投能源,D,电力、热力、燃气及水生产和供应业,,,44,电力、热力生产和供应业
SZ000601,韶能股份,D,电力、热力、燃气及水生产和供应业,,,44,电力、热力生产和供应业
SZ000603,盛达资源,B,采矿业,,,09,有色金属矿采选业
SZ000605,渤海股份,D,电力、热力、燃气及水生产和供应业,,,46,水的生产和供应业
SZ000607,华媒控股,L,租赁和商务服务业,,,72,商务服务业
SZ000608,*ST阳光,K,房地产业,,,70,房地产业
SZ000609,ST中迪,S,综合,,,91,综合
SZ000610,西安旅游,L,租赁和商务服务业,,,72,商务服务业
SZ000612,焦作万方,C,制造业,CF,金属、非金属,32,有色金属冶炼和压延加工业
SZ000615,*ST美谷,Q,卫生和社会工作,,,84,卫生
SZ000617,中油资本,J,金融业,,,66,货币金融服务
SZ000619,海螺新材,C,制造业,CE,石油、化学、生物医药,29,橡胶和塑料制品业
SZ000620,盈新发展,K,房地产业,,,70,房地产业
SZ000623,吉林敖东,C,制造业,CE,石油、化学、生物医药,27,医药制造业
SZ000625,长安汽车,C,制造业,CG,专用、通用及交通运输设备,36,汽车制造业
SZ000626,远大控股,F,批发和零售业,,,51,批发业
SZ000627,*ST天茂,J,金融业,,,68,保险业
SZ000628,高新发展,E,建筑业,,,47,房屋建筑业
SZ000629,钒钛股份,C,制造业,CF,金属、非金属,32,有色金属冶炼和压延加工业
SZ000630,铜陵有色,C,制造业,CF,金属、非金属,32,有色金属冶炼和压延加工业
SZ000631,顺发恒能,K,房地产业,,,70,房地产业
SZ000632,三木集团,F,批发和零售业,,,51,批发业
SZ000633,合金投资,C,制造业,CF,金属、非金属,32,有色金属冶炼和压延加工业
SZ000635,英力特,C,制造业,CE,石油、化学、生物医药,26,化学原料和化学制品制造业
SZ000636,风华高科,C,制造业,CH,电气、电子及通讯,39,计算机、通信和其他电子设备制造业
SZ000637,茂化实华,C,制造业,CE,石油、化学、生物医药,26,化学原料和化学制品制造业
SZ000638,*ST万方,A,农、林、牧、渔业,,,05,农、林、牧、渔专业及辅助性活动
SZ000639,西王食品,C,制造业,CA,食品、饮料、烟草,13,农副食品加工业
SZ000650,仁和药业,C,制造业,CE,石油、化学、生物医药,27,医药制造业
SZ000651,格力电器,C,制造业,CH,电气、电子及通讯,38,电气机械和器材制造业
SZ000652,泰达股份,F,批发和零售业,,,51,批发业
SZ000655,金岭矿业,B,采矿业,,,08,黑色金属矿采选业
SZ000656,*ST金科,K,房地产业,,,70,房地产业
SZ000657,中钨高新,C,制造业,CF,金属、非金属,33,金属制品业
SZ000659,珠海中富,C,制造业,CE,石油、化学、生物医药,29,橡胶和塑料制品业
SZ000661,长春高新,C,制造业,CE,石油、化学、生物医药,27,医药制造业
SZ000663,永安林业,A,农、林、牧、渔业,,,02,林业
SZ000665,湖北广电,I,信息传输、软件和信息技术服务业,,,63,电信、广播电视和卫星传输服务
SZ000668,*ST荣控,K,房地产业,,,70,房地产业
SZ000669,ST金鸿,D,电力、热力、燃气及水生产和供应业,,,45,燃气生产和供应业
SZ000670,盈方微,F,批发和零售业,,,51,批发业
SZ000672,上峰水泥,C,制造业,CF,金属、非金属,30,非金属矿物制品业
SZ000676,智度股份,L,租赁和商务服务业,,,72,商务服务业
SZ000677,恒天海龙,C,制造业,CB,纺织、服装、鞋帽,17,纺织业
SZ000678,襄阳轴承,C,制造业,CG,专用、通用及交通运输设备,36,汽车制造业
SZ000679,大连友谊,F,批发和零售业,,,52,零售业
SZ000680,山推股份,C,制造业,CG,专用、通用及交通运输设备,35,专用设备制造业
SZ000681,视觉中国,I,信息传输、软件和信息技术服务业,,,64,互联网和相关服务
SZ000682,东方电子,I,信息传输、软件和信息技术服务业,,,65,软件和信息技术服务业
SZ000683,博源化工,C,制造业,CE,石油、化学、生物医药,26,化学原料和化学制品制造业
SZ000685,中山公用,D,电力、热力、燃气及水生产和供应业,,,46,水的生产和供应业
SZ000686,东北证券,J,金融业,,,67,资本市场服务
SZ000688,国城矿业,B,采矿业,,,09,有色金属矿采选业
SZ000690,宝新能源,D,电力、热力、燃气及水生产和供应业,,,44,电力、热力生产和供应业
SZ000691,*ST亚太,C,制造业,CE,石油、化学、生物医药,26,化学原料和化学制品制造业
SZ000692,惠天热电,D,电力、热力、燃气及水生产和供应业,,,44,电力、热力生产和供应业
SZ000695,滨海能源,C,制造业,CD,造纸、印刷、文教,23,印刷和记录媒介复制业
SZ000697,*ST炼石,C,制造业,CG,专用、通用及交通运输设备,37,铁路、船舶、航空航天和其他运输设备制造业
SZ000698,沈阳化工,C,制造业,CE,石油、化学、生物医药,26,化学原料和化学制品制造业
SZ000700,模塑科技,C,制造业,CG,专用、通用及交通运输设备,36,汽车制造业
SZ000701,厦门信达,F,批发和零售业,,,51,批发业
SZ000702,正虹科技,C,制造业,CA,食品、饮料、烟草,13,农副食品加工业
SZ000703,恒逸石化,C,制造业,CE,石油、化学、生物医药,28,化学纤维制造业
SZ000705,浙江震元,F,批发和零售业,,,51,批发业
SZ000707,双环科技,C,制造业,CE,石油、化学、生物医药,26,化学原料和化学制品制造业
SZ000708,中信特钢,C,制造业,CF,金属、非金属,31,黑色金属冶炼和压延加工业
SZ000709,河钢股份,C,制造业,CF,金属、非金属,31,黑色金属冶炼和压延加工业
SZ000710,贝瑞基因,M,科学研究和技术服务业,,,74,专业技术服务业
SZ000711,ST京蓝,C,制造业,CJ,其他制造业,42,废弃资源综合利用业
SZ000712,锦龙股份,J,金融业,,,67,资本市场服务
SZ000713,国投丰乐,A,农、林、牧、渔业,,,05,农、林、牧、渔专业及辅助性活动
SZ000715,中兴商业,F,批发和零售业,,,52,零售业
SZ000716,黑芝麻,C,制造业,CA,食品、饮料、烟草,14,食品制造业
SZ000717,中南股份,C,制造业,CF,金属、非金属,31,黑色金属冶炼和压延加工业
SZ000718,苏宁环球,K,房地产业,,,70,房地产业
SZ000719,中原传媒,R,文化、体育和娱乐业,,,86,新闻和出版业
SZ000720,新能泰山,C,制造业,CH,电气、电子及通讯,38,电气机械和器材制造业
SZ000721,西安饮食,H,住宿和餐饮业,,,62,餐饮业
SZ000722,湖南发展,D,电力、热力、燃气及水生产和供应业,,,44,电力、热力生产和供应业
SZ000723,美锦能源,C,制造业,CE,石油、化学、生物医药,25,石油、煤炭及其他燃料加工业
SZ000725,京东方A,C,制造业,CH,电气、电子及通讯,39,计算机、通信和其他电子设备制造业
SZ000726,鲁泰A,C,制造业,CB,纺织、服装、鞋帽,17,纺织业
SZ000727,冠捷科技,C,制造业,CH,电气、电子及通讯,39,计算机、通信和其他电子设备制造业
SZ000728,国元证券,J,金融业,,,67,资本市场服务
SZ000729,燕京啤酒,C,制造业,CA,食品、饮料、烟草,15,酒、饮料和精制茶制造业
SZ000731,四川美丰,C,制造业,CE,石油、化学、生物医药,26,化学原料和化学制品制造业
SZ000733,振华科技,C,制造业,CH,电气、电子及通讯,39,计算机、通信和其他电子设备制造业
SZ000735,罗牛山,A,农、林、牧、渔业,,,03,畜牧业
SZ000736,*ST中地,K,房地产业,,,70,房地产业
SZ000737,北方铜业,C,制造业,CF,金属、非金属,32,有色金属冶炼和压延加工业
SZ000738,航发控制,C,制造业,CG,专用、通用及交通运输设备,37,铁路、船舶、航空航天和其他运输设备制造业
SZ000739,普洛药业,C,制造业,CE,石油、化学、生物医药,27,医药制造业
SZ000750,国海证券,J,金融业,,,67,资本市场服务
SZ000751,锌业股份,C,制造业,CF,金属、非金属,32,有色金属冶炼和压延加工业
SZ000752,ST西发,C,制造业,CA,食品、饮料、烟草,15,酒、饮料和精制茶制造业
SZ000753,漳州发展,F,批发和零售业,,,52,零售业
SZ000755,山西高速,G,交通运输、仓储和邮政业,,,54,道路运输业
SZ000756,新华制药,C,制造业,CE,石油、化学、生物医药,27,医药制造业
SZ000757,浩物股份,F,批发和零售业,,,52,零售业
SZ000758,中色股份,B,采矿业,,,09,有色金属矿采选业
SZ000759,中百集团,F,批发和零售业,,,52,零售业
SZ000761,本钢板材,C,制造业,CF,金属、非金属,31,黑色金属冶炼和压延加工业
SZ000762,西藏矿业,B,采矿业,,,09,有色金属矿采选业
SZ000766,通化金马,C,制造业,CE,石油、化学、生物医药,27,医药制造业
SZ000767,晋控电力,D,电力、热力、燃气及水生产和供应业,,,44,电力、热力生产和供应业
SZ000768,中航西飞,C,制造业,CG,专用、通用及交通运输设备,37,铁路、船舶、航空航天和其他运输设备制造业
SZ000776,广发证券,J,金融业,,,67,资本市场服务
SZ000777,中核科技,C,制造业,CG,专用、通用及交通运输设备,34,通用设备制造业
SZ000778,新兴铸管,C,制造业,CF,金属、非金属,33,金属制品业
SZ000779,甘咨询,M,科学研究和技术服务业,,,74,专业技术服务业
SZ000782,恒申新材,C,制造业,CE,石油、化学、生物医药,28,化学纤维制造业
SZ000783,长江证券,J,金融业,,,67,资本市场服务
SZ000785,居然智家,L,租赁和商务服务业,,,72,商务服务业
SZ000786,北新建材,C,制造业,CF,金属、非金属,30,非金属矿物制品业
SZ000788,北大医药,C,制造业,CE,石油、化学、生物医药,27,医药制造业
SZ000789,万年青,C,制造业,CF,金属、非金属,30,非金属矿物制品业
SZ000790,华神科技,C,制造业,CE,石油、化学、生物医药,27,医药制造业
SZ000791,甘肃能源,D,电力、热力、燃气及水生产和供应业,,,44,电力、热力生产和供应业
SZ000792,盐湖股份,C,制造业,CE,石油、化学、生物医药,26,化学原料和化学制品制造业
SZ000793,ST华闻,R,文化、体育和娱乐业,,,86,新闻和出版业
SZ000795,英洛华,C,制造业,CF,金属、非金属,30,非金属矿物制品业
SZ000796,凯撒旅业,L,租赁和商务服务业,,,72,商务服务业
SZ000797,中国武夷,K,房地产业,,,70,房地产业
SZ000798,中水渔业,A,农、林、牧、渔业,,,04,渔业
SZ000799,酒鬼酒,C,制造业,CA,食品、饮料、烟草,15,酒、饮料和精制茶制造业
SZ000800,一汽解放,C,制造业,CG,专用、通用及交通运输设备,36,汽车制造业
SZ000801,四川九洲,C,制造业,CH,电气、电子及通讯,39,计算机、通信和其他电子设备制造业
SZ000802,北京文化,R,文化、体育和娱乐业,,,87,广播、电视、电影和录音制作业
SZ000803,山高环能,N,水利、环境和公共设施管理业,,,77,生态保护和环境治理业
SZ000807,云铝股份,C,制造业,CF,金属、非金属,32,有色金属冶炼和压延加工业
SZ000809,和展能源,C,制造业,CH,电气、电子及通讯,38,电气机械和器材制造业
SZ000810,创维数字,C,制造业,CH,电气、电子及通讯,39,计算机、通信和其他电子设备制造业
SZ000811,冰轮环境,C,制造业,CG,专用、通用及交通运输设备,34,通用设备制造业
SZ000812,陕西金叶,C,制造业,CD,造纸、印刷、文教,23,印刷和记录媒介复制业
SZ000813,德展健康,C,制造业,CE,石油、化学、生物医药,27,医药制造业
SZ000815,美利云,C,制造业,CD,造纸、印刷、文教,22,造纸和纸制品业
SZ000816,智慧农业,C,制造业,CG,专用、通用及交通运输设备,34,通用设备制造业
SZ000818,航锦科技,C,制造业,CE,石油、化学、生物医药,26,化学原料和化学制品制造业
SZ000819,岳阳兴长,C,制造业,CE,石油、化学、生物医药,25,石油、煤炭及其他燃料加工业
SZ000820,*ST节能,M,科学研究和技术服务业,,,74,专业技术服务业
SZ000821,京山轻机,C,制造业,CG,专用、通用及交通运输设备,35,专用设备制造业
SZ000822,山东海化,C,制造业,CE,石油、化学、生物医药,26,化学原料和化学制品制造业
SZ000823,超声电子,C,制造业,CH,电气、电子及通讯,39,计算机、通信和其他电子设备制造业
SZ000825,太钢不锈,C,制造业,CF,金属、非金属,31,黑色金属冶炼和压延加工业
SZ000826,启迪环境,N,水利、环境和公共设施管理业,,,78,公共设施管理业
SZ000828,东莞控股,G,交通运输、仓储和邮政业,,,54,道路运输业
SZ000829,天音控股,F,批发和零售业,,,51,批发业
SZ000830,鲁西化工,C,制造业,CE,石油、化学、生物医药,26,化学原料和化学制品制造业
SZ000831,中国稀土,C,制造业,CF,金属、非金属,32,有色金属冶炼和压延加工业
SZ000833,粤桂股份,S,综合,,,91,综合
SZ000837,秦川机床,C,制造业,CG,专用、通用及交通运输设备,34,通用设备制造业
SZ000838,财信发展,K,房地产业,,,70,房地产业
SZ000839,国安股份,I,信息传输、软件和信息技术服务业,,,65,软件和信息技术服务业
SZ000848,承德露露,C,制造业,CA,食品、饮料、烟草,15,酒、饮料和精制茶制造业
SZ000850,华茂股份,C,制造业,CB,纺织、服装、鞋帽,17,纺织业
SZ000851,*ST高鸿,F,批发和零售业,,,52,零售业
SZ000852,石化机械,C,制造业,CG,专用、通用及交通运输设备,35,专用设备制造业
SZ000856,冀东装备,C,制造业,CG,专用、通用及交通运输设备,35,专用设备制造业
SZ000858,五粮液,C,制造业,CA,食品、饮料、烟草,15,酒、饮料和精制茶制造业
SZ000859,国风新材,C,制造业,CE,石油、化学、生物医药,29,橡胶和塑料制品业
SZ000860,顺鑫农业,C,制造业,CA,食品、饮料、烟草,15,酒、饮料和精制茶制造业
SZ000862,银星能源,D,电力、热力、燃气及水生产和供应业,,,44,电力、热力生产和供应业
SZ000863,三湘印象,K,房地产业,,,70,房地产业
SZ000868,安凯客车,C,制造业,CG,专用、通用及交通运输设备,36,汽车制造业
SZ000869,张裕A,C,制造业,CA,食品、饮料、烟草,15,酒、饮料和精制茶制造业
SZ000875,吉电股份,D,电力、热力、燃气及水生产和供应业,,,44,电力、热力生产和供应业
SZ000876,新希望,C,制造业,CA,食品、饮料、烟草,13,农副食品加工业
SZ000877,天山股份,C,制造业,CF,金属、非金属,30,非金属矿物制品业
SZ000878,云南铜业,C,制造业,CF,金属、非金属,32,有色金属冶炼和压延加工业
SZ000880,潍柴重机,C,制造业,CG,专用、通用及交通运输设备,34,通用设备制造业
SZ000881,中广核技,C,制造业,CE,石油、化学、生物医药,26,化学原料和化学制品制造业
SZ000882,华联股份,L,租赁和商务服务业,,,72,商务服务业
SZ000883,湖北能源,D,电力、热力、燃气及水生产和供应业,,,44,电力、热力生产和供应业
SZ000885,城发环境,N,水利、环境和公共设施管理业,,,77,生态保护和环境治理业
SZ000886,海南高速,G,交通运输、仓储和邮政业,,,54,道路运输业
SZ000887,中鼎股份,C,制造业,CE,石油、化学、生物医药,29,橡胶和塑料制品业
SZ000888,峨眉山A,N,水利、环境和公共设施管理业,,,78,公共设施管理业
SZ000889,中嘉博创,I,信息传输、软件和信息技术服务业,,,65,软件和信息技术服务业
SZ000890,法尔胜,C,制造业,CF,金属、非金属,33,金属制品业
SZ000892,欢瑞世纪,R,文化、体育和娱乐业,,,87,广播、电视、电影和录音制作业
SZ000893,亚钾国际,C,制造业,CE,石油、化学、生物医药,26,化学原料和化学制品制造业
SZ000895,双汇发展,C,制造业,CA,食品、饮料、烟草,13,农副食品加工业
SZ000897,津滨发展,K,房地产业,,,70,房地产业
SZ000898,鞍钢股份,C,制造业,CF,金属、非金属,31,黑色金属冶炼和压延加工业
SZ000899,赣能股份,D,电力、热力、燃气及水生产和供应业,,,44,电力、热力生产和供应业
SZ000900,现代投资,G,交通运输、仓储和邮政业,,,54,道路运输业
SZ000901,航天科技,C,制造业,CG,专用、通用及交通运输设备,36,汽车制造业
SZ000902,新洋丰,C,制造业,CE,石油、化学、生物医药,26,化学原料和化学制品制造业
SZ000903,ST云动,C,制造业,CG,专用、通用及交通运输设备,34,通用设备制造业
SZ000905,厦门港务,F,批发和零售业,,,51,批发业
SZ000906,浙商中拓,L,租赁和商务服务业,,,72,商务服务业
SZ000908,ST景峰,C,制造业,CE,石油、化学、生物医药,27,医药制造业
SZ000909,ST数源,K,房地产业,,,70,房地产业
SZ000910,大亚圣象,C,制造业,CC,木材、家具,20,木材加工和木、竹、藤、棕、草制品业
SZ000911,广农糖业,C,制造业,CA,食品、饮料、烟草,13,农副食品加工业
SZ000912,泸天化,C,制造业,CE,石油、化学、生物医药,26,化学原料和化学制品制造业
SZ000913,钱江摩托,C,制造业,CG,专用、通用及交通运输设备,37,铁路、船舶、航空航天和其他运输设备制造业
SZ000915,华特达因,C,制造业,CE,石油、化学、生物医药,27,医药制造业
SZ000917,电广传媒,I,信息传输、软件和信息技术服务业,,,63,电信、广播电视和卫星传输服务
SZ000919,金陵药业,C,制造业,CE,石油、化学、生物医药,27,医药制造业
SZ000920,沃顿科技,C,制造业,CE,石油、化学、生物医药,26,化学原料和化学制品制造业
SZ000921,海信家电,C,制造业,CH,电气、电子及通讯,38,电气机械和器材制造业
SZ000922,佳电股份,C,制造业,CH,电气、电子及通讯,38,电气机械和器材制造业
SZ000923,河钢资源,B,采矿业,,,08,黑色金属矿采选业
SZ000925,众合科技,C,制造业,CG,专用、通用及交通运输设备,37,铁路、船舶、航空航天和其他运输设备制造业
SZ000926,福星股份,K,房地产业,,,70,房地产业
SZ000927,中国铁物,L,租赁和商务服务业,,,72,商务服务业
SZ000928,中钢国际,E,建筑业,,,48,土木工程建筑业
SZ000929,*ST兰黄,C,制造业,CA,食品、饮料、烟草,15,酒、饮料和精制茶制造业
SZ000930,中粮科技,C,制造业,CE,石油、化学、生物医药,26,化学原料和化学制品制造业
SZ000931,中关村,C,制造业,CE,石油、化学、生物医药,27,医药制造业
SZ000932,华菱钢铁,C,制造业,CF,金属、非金属,31,黑色金属冶炼和压延加工业
SZ000933,神火股份,C,制造业,CF,金属、非金属,32,有色金属冶炼和压延加工业
SZ000935,四川双马,C,制造业,CF,金属、非金属,30,非金属矿物制品业
SZ000936,华西股份,C,制造业,CE,石油、化学、生物医药,28,化学纤维制造业
SZ000937,冀中能源,B,采矿业,,,06,煤炭开采和洗选业
SZ000938,紫光股份,C,制造业,CH,电气、电子及通讯,39,计算机、通信和其他电子设备制造业
SZ000948,南天信息,I,信息传输、软件和信息技术服务业,,,65,软件和信息技术服务业
SZ000949,新乡化纤,C,制造业,CE,石油、化学、生物医药,28,化学纤维制造业
SZ000950,重药控股,F,批发和零售业,,,51,批发业
SZ000951,中国重汽,C,制造业,CG,专用、通用及交通运输设备,36,汽车制造业
SZ000952,广济药业,C,制造业,CE,石油、化学、生物医药,27,医药制造业
SZ000953,河化股份,C,制造业,CE,石油、化学、生物医药,27,医药制造业
SZ000955,欣龙控股,C,制造业,CB,纺织、服装、鞋帽,17,纺织业
SZ000957,中通客车,C,制造业,CG,专用、通用及交通运输设备,36,汽车制造业
SZ000958,电投产融,D,电力、热力、燃气及水生产和供应业,,,44,电力、热力生产和供应业
SZ000959,首钢股份,C,制造业,CF,金属、非金属,31,黑色金属冶炼和压延加工业
SZ000960,锡业股份,C,制造业,CF,金属、非金属,32,有色金属冶炼和压延加工业
SZ000962,东方钽业,C,制造业,CF,金属、非金属,32,有色金属冶炼和压延加工业
SZ000963,华东医药,F,批发和零售业,,,52,零售业
SZ000965,天保基建,K,房地产业,,,70,房地产业
SZ000966,长源电力,D,电力、热力、燃气及水生产和供应业,,,44,电力、热力生产和供应业
SZ000967,盈峰环境,C,制造业,CG,专用、通用及交通运输设备,35,专用设备制造业
SZ000968,蓝焰控股,B,采矿业,,,07,石油和天然气开采业
SZ000969,安泰科技,C,制造业,CF,金属、非金属,33,金属制品业
SZ000970,中科三环,C,制造业,CH,电气、电子及通讯,39,计算机、通信和其他电子设备制造业
SZ000972,*ST中基,C,制造业,CA,食品、饮料、烟草,13,农副食品加工业
SZ000973,佛塑科技,C,制造业,CE,石油、化学、生物医药,29,橡胶和塑料制品业
SZ000975,山金国际,B,采矿业,,,09,有色金属矿采选业
SZ000977,浪潮信息,C,制造业,CH,电气、电子及通讯,39,计算机、通信和其他电子设备制造业
SZ000978,桂林旅游,N,水利、环境和公共设施管理业,,,78,公共设施管理业
SZ000980,众泰汽车,C,制造业,CG,专用、通用及交通运输设备,36,汽车制造业
SZ000981,山子高科,C,制造业,CG,专用、通用及交通运输设备,36,汽车制造业
SZ000983,山西焦煤,B,采矿业,,,06,煤炭开采和洗选业
SZ000985,大庆华科,C,制造业,CE,石油、化学、生物医药,26,化学原料和化学制品制造业
SZ000987,越秀资本,J,金融业,,,69,其他金融业
SZ000988,华工科技,C,制造业,CH,电气、电子及通讯,39,计算机、通信和其他电子设备制造业
SZ000989,九芝堂,C,制造业,CE,石油、化学、生物医药,27,医药制造业
SZ000990,诚志股份,C,制造业,CE,石油、化学、生物医药,26,化学原料和化学制品制造业
SZ000993,闽东电力,D,电力、热力、燃气及水生产和供应业,,,44,电力、热力生产和供应业
SZ000995,皇台酒业,C,制造业,CA,食品、饮料、烟草,15,酒、饮料和精制茶制造业
SZ000997,新大陆,I,信息传输、软件和信息技术服务业,,,65,软件和信息技术服务业
SZ000998,隆平高科,A,农、林、牧、渔业,,,05,农、林、牧、渔专业及辅助性活动
SZ000999,华润三九,C,制造业,CE,石油、化学、生物医药,27,医药制造业
SZ001201,东瑞股份,A,农、林、牧、渔业,,,03,畜牧业
SZ001202,炬申股份,G,交通运输、仓储和邮政业,,,58,多式联运和运输代理业
SZ001203,大中矿业,B,采矿业,,,08,黑色金属矿采选业
SZ001205,盛航股份,G,交通运输、仓储和邮政业,,,55,水上运输业
SZ001206,依依股份,C,制造业,CJ,其他制造业,41,其他制造业
SZ001207,联科科技,C,制造业,CE,石油、化学、生物医药,26,化学原料和化学制品制造业
SZ001208,华菱线缆,C,制造业,CH,电气、电子及通讯,38,电气机械和器材制造业
SZ001209,洪兴股份,C,制造业,CB,纺织、服装、鞋帽,18,纺织服装、服饰业
SZ001210,金房能源,D,电力、热力、燃气及水生产和供应业,,,44,电力、热力生产和供应业
SZ001211,双枪科技,C,制造业,CC,木材、家具,20,木材加工和木、竹、藤、棕、草制品业
SZ001212,中旗新材,C,制造业,CF,金属、非金属,30,非金属矿物制品业
SZ001213,中铁特货,G,交通运输、仓储和邮政业,,,53,铁路运输业
SZ001215,千味央厨,C,制造业,CA,食品、饮料、烟草,14,食品制造业
SZ001216,华瓷股份,C,制造业,CF,金属、非金属,30,非金属矿物制品业
SZ001217,华尔泰,C,制造业,CE,石油、化学、生物医药,26,化学原料和化学制品制造业
SZ001218,丽臣实业,C,制造业,CE,石油、化学、生物医药,26,化学原料和化学制品制造业
SZ001219,青岛食品,C,制造业,CA,食品、饮料、烟草,14,食品制造业
SZ001222,源飞宠物,C,制造业,CJ,其他制造业,41,其他制造业
SZ001223,欧克科技,C,制造业,CG,专用、通用及交通运输设备,35,专用设备制造业
SZ001225,和泰机电,C,制造业,CG,专用、通用及交通运输设备,34,通用设备制造业
SZ001226,拓山重工,C,制造业,CG,专用、通用及交通运输设备,34,通用设备制造业
SZ001227,兰州银行,J,金融业,,,66,货币金融服务
SZ001228,永泰运,L,租赁和商务服务业,,,72,商务服务业
SZ001229,魅视科技,C,制造业,CH,电气、电子及通讯,39,计算机、通信和其他电子设备制造业
SZ001230,劲旅环境,N,水利、环境和公共设施管理业,,,78,公共设施管理业
SZ001231,农心科技,C,制造业,CE,石油、化学、生物医药,26,化学原料和化学制品制造业
SZ001234,泰慕士,C,制造业,CB,纺织、服装、鞋帽,18,纺织服装、服饰业
SZ001236,弘业期货,J,金融业,,,67,资本市场服务
SZ001238,浙江正特,C,制造业,CC,木材、家具,21,家具制造业
SZ001239,永达股份,C,制造业,CF,金属、非金属,33,金属制品业
SZ001255,博菲电气,C,制造业,CE,石油、化学、生物医药,26,化学原料和化学制品制造业
SZ001256,炜冈科技,C,制造业,CG,专用、通用及交通运输设备,35,专用设备制造业
SZ001258,立新能源,D,电力、热力、燃气及水生产和供应业,,,44,电力、热力生产和供应业
SZ001259,利仁科技,C,制造业,CH,电气、电子及通讯,38,电气机械和器材制造业
SZ001260,坤泰股份,C,制造业,CG,专用、通用及交通运输设备,36,汽车制造业
SZ001266,宏英智能,C,制造业,CI,仪器、仪表,40,仪器仪表制造业
SZ001267,汇绿生态,E,建筑业,,,48,土木工程建筑业
SZ001268,联合精密,C,制造业,CG,专用、通用及交通运输设备,34,通用设备制造业
SZ001269,欧晶科技,C,制造业,CJ,其他制造业,42,废弃资源综合利用业
SZ001270,*ST铖昌,C,制造业,CH,电气、电子及通讯,39,计算机、通信和其他电子设备制造业
SZ001277,速达股份,C,制造业,CJ,其他制造业,43,金属制品、机械和设备修理业
SZ001278,一彬科技,C,制造业,CG,专用、通用及交通运输设备,36,汽车制造业
SZ001279,强邦新材,C,制造业,CD,造纸、印刷、文教,23,印刷和记录媒介复制业
SZ001282,三联锻造,C,制造业,CG,专用、通用及交通运输设备,36,汽车制造业
SZ001283,豪鹏科技,C,制造业,CH,电气、电子及通讯,38,电气机械和器材制造业
SZ001286,陕西能源,D,电力、热力、燃气及水生产和供应业,,,44,电力、热力生产和供应业
SZ001287,中电港,F,批发和零售业,,,51,批发业
SZ001288,运机集团,C,制造业,CG,专用、通用及交通运输设备,34,通用设备制造业
SZ001289,龙源电力,D,电力、热力、燃气及水生产和供应业,,,44,电力、热力生产和供应业
SZ001296,长江材料,C,制造业,CF,金属、非金属,30,非金属矿物制品业
SZ001298,好上好,F,批发和零售业,,,51,批发业
SZ001299,美能能源,D,电力、热力、燃气及水生产和供应业,,,45,燃气生产和供应业
SZ001300,三柏硕,C,制造业,CD,造纸、印刷、文教,24,文教、工美、体育和娱乐用品制造业
SZ001301,尚太科技,C,制造业,CF,金属、非金属,30,非金属矿物制品业
SZ001306,夏厦精密,C,制造业,CG,专用、通用及交通运输设备,34,通用设备制造业
SZ001308,康冠科技,C,制造业,CH,电气、电子及通讯,39,计算机、通信和其他电子设备制造业
SZ001309,德明利,C,制造业,CH,电气、电子及通讯,39,计算机、通信和其他电子设备制造业
SZ001311,多利科技,C,制造业,CG,专用、通用及交通运输设备,36,汽车制造业
SZ001313,粤海饲料,C,制造业,CA,食品、饮料、烟草,13,农副食品加工业
SZ001314,亿道信息,C,制造业,CH,电气、电子及通讯,39,计算机、通信和其他电子设备制造业
SZ001316,润贝航科,F,批发和零售业,,,51,批发业
SZ001317,三羊马,G,交通运输、仓储和邮政业,,,58,多式联运和运输代理业
SZ001318,阳光乳业,C,制造业,CA,食品、饮料、烟草,14,食品制造业
SZ001319,铭科精技,C,制造业,CG,专用、通用及交通运输设备,36,汽车制造业
SZ001322,箭牌家居,C,制造业,CF,金属、非金属,30,非金属矿物制品业
SZ001323,慕思股份,C,制造业,CC,木材、家具,21,家具制造业
SZ001324,长青科技,C,制造业,CG,专用、通用及交通运输设备,37,铁路、船舶、航空航天和其他运输设备制造业
SZ001326,联域股份,C,制造业,CH,电气、电子及通讯,38,电气机械和器材制造业
SZ001328,登康口腔,C,制造业,CE,石油、化学、生物医药,26,化学原料和化学制品制造业
SZ001330,博纳影业,R,文化、体育和娱乐业,,,87,广播、电视、电影和录音制作业
SZ001331,胜通能源,D,电力、热力、燃气及水生产和供应业,,,45,燃气生产和供应业
SZ001332,锡装股份,C,制造业,CF,金属、非金属,33,金属制品业
SZ001333,光华股份,C,制造业,CE,石油、化学、生物医药,26,化学原料和化学制品制造业
SZ001335,信凯科技,F,批发和零售业,,,51,批发业
SZ001336,楚环科技,C,制造业,CG,专用、通用及交通运输设备,35,专用设备制造业
SZ001337,四川黄金,B,采矿业,,,09,有色金属矿采选业
SZ001338,永顺泰,C,制造业,CA,食品、饮料、烟草,15,酒、饮料和精制茶制造业
SZ001339,智微智能,C,制造业,CH,电气、电子及通讯,39,计算机、通信和其他电子设备制造业
SZ001356,富岭股份,C,制造业,CE,石油、化学、生物医药,29,橡胶和塑料制品业
SZ001358,兴欣新材,C,制造业,CE,石油、化学、生物医药,26,化学原料和化学制品制造业
SZ001359,平安电工,C,制造业,CF,金属、非金属,30,非金属矿物制品业
SZ001360,南矿集团,C,制造业,CG,专用、通用及交通运输设备,35,专用设备制造业
SZ001366,播恩集团,C,制造业,CA,食品、饮料、烟草,13,农副食品加工业
SZ001367,海森药业,C,制造业,CE,石油、化学、生物医药,27,医药制造业
SZ001368,通达创智,C,制造业,CE,石油、化学、生物医药,29,橡胶和塑料制品业
SZ001373,翔腾新材,C,制造业,CH,电气、电子及通讯,39,计算机、通信和其他电子设备制造业
SZ001376,百通能源,D,电力、热力、燃气及水生产和供应业,,,44,电力、热力生产和供应业
SZ001378,德冠新材,C,制造业,CE,石油、化学、生物医药,29,橡胶和塑料制品业
SZ001379,腾达科技,C,制造业,CG,专用、通用及交通运输设备,34,通用设备制造业
SZ001380,华纬科技,C,制造业,CG,专用、通用及交通运输设备,34,通用设备制造业
SZ001382,新亚电缆,C,制造业,CH,电气、电子及通讯,38,电气机械和器材制造业
SZ001387,雪祺电气,C,制造业,CH,电气、电子及通讯,38,电气机械和器材制造业
SZ001389,广合科技,C,制造业,CH,电气、电子及通讯,39,计算机、通信和其他电子设备制造业
SZ001390,古麒绒材,C,制造业,CB,纺织、服装、鞋帽,19,皮革、毛皮、羽毛及其制品和制鞋业
SZ001391,国货航,G,交通运输、仓储和邮政业,,,56,航空运输业
SZ001395,亚联机械,C,制造业,CG,专用、通用及交通运输设备,35,专用设备制造业
SZ001400,江顺科技,C,制造业,CG,专用、通用及交通运输设备,35,专用设备制造业
SZ001696,宗申动力,C,制造业,CG,专用、通用及交通运输设备,34,通用设备制造业
SZ001872,招商港口,G,交通运输、仓储和邮政业,,,55,水上运输业
SZ001896,豫能控股,D,电力、热力、燃气及水生产和供应业,,,44,电力、热力生产和供应业
SZ001914,招商积余,K,房地产业,,,70,房地产业
SZ001965,招商公路,G,交通运输、仓储和邮政业,,,54,道路运输业
SZ001979,招商蛇口,K,房地产业,,,70,房地产业
SZ002001,新和成,C,制造业,CE,石油、化学、生物医药,27,医药制造业
SZ002003,伟星股份,C,制造业,CB,纺织、服装、鞋帽,18,纺织服装、服饰业
SZ002004,华邦健康,C,制造业,CE,石油、化学、生物医药,26,化学原料和化学制品制造业
SZ002005,ST德豪,C,制造业,CH,电气、电子及通讯,38,电气机械和器材制造业
SZ002006,精工科技,C,制造业,CG,专用、通用及交通运输设备,35,专用设备制造业
SZ002007,华兰生物,C,制造业,CE,石油、化学、生物医药,27,医药制造业
SZ002008,大族激光,C,制造业,CG,专用、通用及交通运输设备,35,专用设备制造业
SZ002009,天奇股份,C,制造业,CG,专用、通用及交通运输设备,35,专用设备制造业
SZ002010,传化智联,L,租赁和商务服务业,,,72,商务服务业
SZ002011,盾安环境,C,制造业,CG,专用、通用及交通运输设备,34,通用设备制造业
SZ002012,凯恩股份,C,制造业,CD,造纸、印刷、文教,22,造纸和纸制品业
SZ002014,永新股份,C,制造业,CE,石油、化学、生物医药,29,橡胶和塑料制品业
SZ002015,协鑫能科,D,电力、热力、燃气及水生产和供应业,,,44,电力、热力生产和供应业
SZ002016,世荣兆业,K,房地产业,,,70,房地产业
SZ002017,东信和平,C,制造业,CH,电气、电子及通讯,39,计算机、通信和其他电子设备制造业
SZ002019,亿帆医药,C,制造业,CE,石油、化学、生物医药,27,医药制造业
SZ002020,京新药业,C,制造业,CE,石油、化学、生物医药,27,医药制造业
SZ002021,中捷资源,C,制造业,CG,专用、通用及交通运输设备,35,专用设备制造业
SZ002022,科华生物,C,制造业,CE,石油、化学、生物医药,27,医药制造业
SZ002023,海特高新,C,制造业,CJ,其他制造业,43,金属制品、机械和设备修理业
SZ002024,ST易购,F,批发和零售业,,,52,零售业
SZ002025,航天电器,C,制造业,CH,电气、电子及通讯,39,计算机、通信和其他电子设备制造业
SZ002026,山东威达,C,制造业,CH,电气、电子及通讯,38,电气机械和器材制造业
SZ002027,分众传媒,L,租赁和商务服务业,,,72,商务服务业
SZ002028,思源电气,C,制造业,CH,电气、电子及通讯,38,电气机械和器材制造业
SZ002029,七匹狼,C,制造业,CB,纺织、服装、鞋帽,18,纺织服装、服饰业
SZ002030,达安基因,C,制造业,CE,石油、化学、生物医药,27,医药制造业
SZ002031,巨轮智能,C,制造业,CG,专用、通用及交通运输设备,35,专用设备制造业
SZ002032,苏泊尔,C,制造业,CH,电气、电子及通讯,38,电气机械和器材制造业
SZ002033,丽江股份,N,水利、环境和公共设施管理业,,,78,公共设施管理业
SZ002034,旺能环境,D,电力、热力、燃气及水生产和供应业,,,44,电力、热力生产和供应业
SZ002035,华帝股份,C,制造业,CH,电气、电子及通讯,38,电气机械和器材制造业
SZ002036,联创电子,C,制造业,CH,电气、电子及通讯,39,计算机、通信和其他电子设备制造业
SZ002037,保利联合,C,制造业,CE,石油、化学、生物医药,26,化学原料和化学制品制造业
SZ002038,双鹭药业,C,制造业,CE,石油、化学、生物医药,27,医药制造业
SZ002039,黔源电力,D,电力、热力、燃气及水生产和供应业,,,44,电力、热力生产和供应业
SZ002040,南京港,G,交通运输、仓储和邮政业,,,55,水上运输业
SZ002041,登海种业,A,农、林、牧、渔业,,,05,农、林、牧、渔专业及辅助性活动
SZ002042,华孚时尚,C,制造业,CB,纺织、服装、鞋帽,17,纺织业
SZ002043,兔宝宝,C,制造业,CC,木材、家具,20,木材加工和木、竹、藤、棕、草制品业
SZ002044,美年健康,Q,卫生和社会工作,,,84,卫生
SZ002045,国光电器,C,制造业,CH,电气、电子及通讯,39,计算机、通信和其他电子设备制造业
SZ002046,国机精工,C,制造业,CG,专用、通用及交通运输设备,34,通用设备制造业
SZ002047,*ST宝鹰,E,建筑业,,,50,建筑装饰、装修和其他建筑业
SZ002048,宁波华翔,C,制造业,CG,专用、通用及交通运输设备,36,汽车制造业
SZ002049,紫光国微,C,制造业,CH,电气、电子及通讯,39,计算机、通信和其他电子设备制造业
SZ002050,三花智控,C,制造业,CG,专用、通用及交通运输设备,34,通用设备制造业
SZ002051,中工国际,E,建筑业,,,48,土木工程建筑业
SZ002052,同洲电子,C,制造业,CH,电气、电子及通讯,39,计算机、通信和其他电子设备制造业
SZ002053,云南能投,D,电力、热力、燃气及水生产和供应业,,,44,电力、热力生产和供应业
SZ002054,德美化工,C,制造业,CE,石油、化学、生物医药,26,化学原料和化学制品制造业
SZ002055,得润电子,C,制造业,CH,电气、电子及通讯,39,计算机、通信和其他电子设备制造业
SZ002056,横店东磁,C,制造业,CH,电气、电子及通讯,38,电气机械和器材制造业
SZ002057,中钢天源,C,制造业,CE,石油、化学、生物医药,26,化学原料和化学制品制造业
SZ002058,*ST威尔,C,制造业,CI,仪器、仪表,40,仪器仪表制造业
SZ002059,云南旅游,N,水利、环境和公共设施管理业,,,78,公共设施管理业
SZ002060,广东建工,E,建筑业,,,48,土木工程建筑业
SZ002061,浙江交科,E,建筑业,,,48,土木工程建筑业
SZ002062,宏润建设,E,建筑业,,,48,土木工程建筑业
SZ002063,远光软件,I,信息传输、软件和信息技术服务业,,,65,软件和信息技术服务业
SZ002064,华峰化学,C,制造业,CE,石油、化学、生物医药,28,化学纤维制造业
SZ002065,东华软件,I,信息传输、软件和信息技术服务业,,,65,软件和信息技术服务业
SZ002066,瑞泰科技,C,制造业,CF,金属、非金属,30,非金属矿物制品业
SZ002067,景兴纸业,C,制造业,CD,造纸、印刷、文教,22,造纸和纸制品业
SZ002068,黑猫股份,C,制造业,CE,石油、化学、生物医药,26,化学原料和化学制品制造业
SZ002069,獐子岛,A,农、林、牧、渔业,,,04,渔业
SZ002072,凯瑞德,F,批发和零售业,,,51,批发业
SZ002073,软控股份,C,制造业,CG,专用、通用及交通运输设备,35,专用设备制造业
SZ002074,国轩高科,C,制造业,CH,电气、电子及通讯,38,电气机械和器材制造业
SZ002075,沙钢股份,C,制造业,CF,金属、非金属,31,黑色金属冶炼和压延加工业
SZ002076,*ST星光,C,制造业,CH,电气、电子及通讯,38,电气机械和器材制造业
SZ002077,大港股份,C,制造业,CH,电气、电子及通讯,39,计算机、通信和其他电子设备制造业
SZ002078,太阳纸业,C,制造业,CD,造纸、印刷、文教,22,造纸和纸制品业
SZ002079,苏州固锝,C,制造业,CH,电气、电子及通讯,39,计算机、通信和其他电子设备制造业
SZ002080,中材科技,C,制造业,CF,金属、非金属,30,非金属矿物制品业
SZ002081,金螳螂,E,建筑业,,,50,建筑装饰、装修和其他建筑业
SZ002082,万邦德,C,制造业,CE,石油、化学、生物医药,27,医药制造业
SZ002083,孚日股份,C,制造业,CB,纺织、服装、鞋帽,17,纺织业
SZ002084,海鸥住工,C,制造业,CF,金属、非金属,33,金属制品业
SZ002085,万丰奥威,C,制造业,CG,专用、通用及交通运输设备,36,汽车制造业
SZ002086,东方海洋,A,农、林、牧、渔业,,,04,渔业
SZ002088,鲁阳节能,C,制造业,CF,金属、非金属,30,非金属矿物制品业
SZ002090,金智科技,C,制造业,CH,电气、电子及通讯,38,电气机械和器材制造业
SZ002091,江苏国泰,F,批发和零售业,,,51,批发业
SZ002092,中泰化学,C,制造业,CE,石油、化学、生物医药,26,化学原料和化学制品制造业
SZ002093,国脉科技,I,信息传输、软件和信息技术服务业,,,65,软件和信息技术服务业
SZ002094,青岛金王,C,制造业,CE,石油、化学、生物医药,26,化学原料和化学制品制造业
SZ002095,生意宝,I,信息传输、软件和信息技术服务业,,,64,互联网和相关服务
SZ002096,易普力,C,制造业,CE,石油、化学、生物医药,26,化学原料和化学制品制造业
SZ002097,山河智能,C,制造业,CG,专用、通用及交通运输设备,35,专用设备制造业
SZ002098,浔兴股份,C,制造业,CJ,其他制造业,41,其他制造业
SZ002099,海翔药业,C,制造业,CE,石油、化学、生物医药,27,医药制造业
SZ002100,天康生物,C,制造业,CA,食品、饮料、烟草,13,农副食品加工业
SZ002101,广东鸿图,C,制造业,CG,专用、通用及交通运输设备,36,汽车制造业
SZ002102,能特科技,C,制造业,CE,石油、化学、生物医药,27,医药制造业
SZ002103,广博股份,C,制造业,CD,造纸、印刷、文教,24,文教、工美、体育和娱乐用品制造业
SZ002104,恒宝股份,C,制造业,CH,电气、电子及通讯,39,计算机、通信和其他电子设备制造业
SZ002105,信隆健康,C,制造业,CG,专用、通用及交通运输设备,37,铁路、船舶、航空航天和其他运输设备制造业
SZ002106,莱宝高科,C,制造业,CH,电气、电子及通讯,39,计算机、通信和其他电子设备制造业
SZ002107,沃华医药,C,制造业,CE,石油、化学、生物医药,27,医药制造业
SZ002108,沧州明珠,C,制造业,CE,石油、化学、生物医药,29,橡胶和塑料制品业
SZ002109,兴化股份,C,制造业,CE,石油、化学、生物医药,26,化学原料和化学制品制造业
SZ002110,三钢闽光,C,制造业,CF,金属、非金属,31,黑色金属冶炼和压延加工业
SZ002111,威海广泰,C,制造业,CG,专用、通用及交通运输设备,35,专用设备制造业
SZ002112,三变科技,C,制造业,CH,电气、电子及通讯,38,电气机械和器材制造业
SZ002114,罗平锌电,C,制造业,CF,金属、非金属,32,有色金属冶炼和压延加工业
SZ002115,三维通信,L,租赁和商务服务业,,,72,商务服务业
SZ002116,中国海诚,E,建筑业,,,48,土木工程建筑业
SZ002117,东港股份,C,制造业,CD,造纸、印刷、文教,23,印刷和记录媒介复制业
SZ002119,康强电子,C,制造业,CH,电气、电子及通讯,39,计算机、通信和其他电子设备制造业
SZ002120,韵达股份,G,交通运输、仓储和邮政业,,,60,邮政业
SZ002121,科陆电子,C,制造业,CI,仪器、仪表,40,仪器仪表制造业
SZ002122,汇洲智能,C,制造业,CG,专用、通用及交通运输设备,34,通用设备制造业
SZ002123,梦网科技,I,信息传输、软件和信息技术服务业,,,65,软件和信息技术服务业
SZ002124,天邦食品,A,农、林、牧、渔业,,,03,畜牧业
SZ002125,湘潭电化,C,制造业,CE,石油、化学、生物医药,26,化学原料和化学制品制造业
SZ002126,银轮股份,C,制造业,CG,专用、通用及交通运输设备,36,汽车制造业
SZ002127,南极电商,L,租赁和商务服务业,,,72,商务服务业
SZ002128,电投能源,B,采矿业,,,06,煤炭开采和洗选业
SZ002129,TCL中环,C,制造业,CH,电气、电子及通讯,38,电气机械和器材制造业
SZ002130,沃尔核材,C,制造业,CH,电气、电子及通讯,39,计算机、通信和其他电子设备制造业
SZ002131,利欧股份,L,租赁和商务服务业,,,72,商务服务业
SZ002132,恒星科技,C,制造业,CF,金属、非金属,33,金属制品业
SZ002133,广宇集团,K,房地产业,,,70,房地产业
SZ002134,天津普林,C,制造业,CH,电气、电子及通讯,39,计算机、通信和其他电子设备制造业
SZ002135,东南网架,C,制造业,CF,金属、非金属,33,金属制品业
SZ002136,安纳达,C,制造业,CE,石油、化学、生物医药,26,化学原料和化学制品制造业
SZ002137,实益达,C,制造业,CH,电气、电子及通讯,38,电气机械和器材制造业
SZ002138,顺络电子,C,制造业,CH,电气、电子及通讯,39,计算机、通信和其他电子设备制造业
SZ002139,拓邦股份,C,制造业,CH,电气、电子及通讯,38,电气机械和器材制造业
SZ002140,东华科技,E,建筑业,,,48,土木工程建筑业
SZ002141,贤丰控股,C,制造业,CH,电气、电子及通讯,38,电气机械和器材制造业
SZ002142,宁波银行,J,金融业,,,66,货币金融服务
SZ002144,宏达高科,C,制造业,CB,纺织、服装、鞋帽,17,纺织业
SZ002145,中核钛白,C,制造业,CE,石油、化学、生物医药,26,化学原料和化学制品制造业
SZ002146,荣盛发展,K,房地产业,,,70,房地产业
SZ002148,北纬科技,I,信息传输、软件和信息技术服务业,,,65,软件和信息技术服务业
SZ002149,西部材料,C,制造业,CF,金属、非金属,32,有色金属冶炼和压延加工业
SZ002150,通润装备,C,制造业,CF,金属、非金属,33,金属制品业
SZ002151,北斗星通,C,制造业,CH,电气、电子及通讯,39,计算机、通信和其他电子设备制造业
SZ002152,广电运通,C,制造业,CH,电气、电子及通讯,39,计算机、通信和其他电子设备制造业
SZ002153,石基信息,I,信息传输、软件和信息技术服务业,,,65,软件和信息技术服务业
SZ002154,报喜鸟,C,制造业,CB,纺织、服装、鞋帽,18,纺织服装、服饰业
SZ002155,湖南黄金,B,采矿业,,,09,有色金属矿采选业
SZ002156,通富微电,C,制造业,CH,电气、电子及通讯,39,计算机、通信和其他电子设备制造业
SZ002157,正邦科技,A,农、林、牧、渔业,,,03,畜牧业
SZ002158,汉钟精机,C,制造业,CG,专用、通用及交通运输设备,34,通用设备制造业
SZ002159,三特索道,N,水利、环境和公共设施管理业,,,78,公共设施管理业
SZ002160,常铝股份,C,制造业,CF,金属、非金属,32,有色金属冶炼和压延加工业
SZ002161,远望谷,C,制造业,CH,电气、电子及通讯,39,计算机、通信和其他电子设备制造业
SZ002162,悦心健康,C,制造业,CF,金属、非金属,30,非金属矿物制品业
SZ002163,海南发展,E,建筑业,,,50,建筑装饰、装修和其他建筑业
SZ002164,宁波东力,C,制造业,CG,专用、通用及交通运输设备,34,通用设备制造业
SZ002165,红宝丽,C,制造业,CE,石油、化学、生物医药,26,化学原料和化学制品制造业
SZ002166,莱茵生物,C,制造业,CE,石油、化学、生物医药,27,医药制造业
SZ002167,东方锆业,C,制造业,CF,金属、非金属,32,有色金属冶炼和压延加工业
SZ002168,*ST惠程,C,制造业,CH,电气、电子及通讯,38,电气机械和器材制造业
SZ002169,智光电气,C,制造业,CH,电气、电子及通讯,38,电气机械和器材制造业
SZ002170,芭田股份,C,制造业,CE,石油、化学、生物医药,26,化学原料和化学制品制造业
SZ002171,楚江新材,C,制造业,CF,金属、非金属,32,有色金属冶炼和压延加工业
SZ002172,澳洋健康,Q,卫生和社会工作,,,84,卫生
SZ002173,创新医疗,Q,卫生和社会工作,,,84,卫生
SZ002174,游族网络,I,信息传输、软件和信息技术服务业,,,64,互联网和相关服务
SZ002175,东方智造,C,制造业,CI,仪器、仪表,40,仪器仪表制造业
SZ002176,江特电机,C,制造业,CF,金属、非金属,32,有色金属冶炼和压延加工业
SZ002177,御银股份,C,制造业,CG,专用、通用及交通运输设备,35,专用设备制造业
SZ002178,延华智能,I,信息传输、软件和信息技术服务业,,,65,软件和信息技术服务业
SZ002179,中航光电,C,制造业,CH,电气、电子及通讯,39,计算机、通信和其他电子设备制造业
SZ002180,纳思达,C,制造业,CH,电气、电子及通讯,39,计算机、通信和其他电子设备制造业
SZ002181,粤传媒,L,租赁和商务服务业,,,72,商务服务业
SZ002182,宝武镁业,C,制造业,CF,金属、非金属,32,有色金属冶炼和压延加工业
SZ002183,怡亚通,L,租赁和商务服务业,,,72,商务服务业
SZ002184,海得控制,C,制造业,CH,电气、电子及通讯,38,电气机械和器材制造业
SZ002185,华天科技,C,制造业,CH,电气、电子及通讯,39,计算机、通信和其他电子设备制造业
SZ002186,全聚德,H,住宿和餐饮业,,,62,餐饮业
SZ002187,广百股份,F,批发和零售业,,,52,零售业
SZ002188,中天服务,K,房地产业,,,70,房地产业
SZ002189,中光学,C,制造业,CH,电气、电子及通讯,39,计算机、通信和其他电子设备制造业
SZ002190,成飞集成,C,制造业,CG,专用、通用及交通运输设备,36,汽车制造业
SZ002191,劲嘉股份,C,制造业,CD,造纸、印刷、文教,23,印刷和记录媒介复制业
SZ002192,融捷股份,B,采矿业,,,09,有色金属矿采选业
SZ002193,如意集团,C,制造业,CB,纺织、服装、鞋帽,18,纺织服装、服饰业
SZ002194,武汉凡谷,C,制造业,CH,电气、电子及通讯,39,计算机、通信和其他电子设备制造业
SZ002195,岩山科技,I,信息传输、软件和信息技术服务业,,,64,互联网和相关服务
SZ002196,方正电机,C,制造业,CH,电气、电子及通讯,38,电气机械和器材制造业
SZ002197,ST证通,I,信息传输、软件和信息技术服务业,,,65,软件和信息技术服务业
SZ002198,嘉应制药,C,制造业,CE,石油、化学、生物医药,27,医药制造业
SZ002199,*ST东晶,C,制造业,CH,电气、电子及通讯,39,计算机、通信和其他电子设备制造业
SZ002200,*ST交投,E,建筑业,,,48,土木工程建筑业
SZ002201,九鼎新材,C,制造业,CF,金属、非金属,30,非金属矿物制品业
SZ002202,金风科技,C,制造业,CG,专用、通用及交通运输设备,34,通用设备制造业
SZ002203,海亮股份,C,制造业,CF,金属、非金属,32,有色金属冶炼和压延加工业
SZ002204,大连重工,C,制造业,CG,专用、通用及交通运输设备,34,通用设备制造业
SZ002205,国统股份,C,制造业,CF,金属、非金属,30,非金属矿物制品业
SZ002206,海利得,C,制造业,CE,石油、化学、生物医药,28,化学纤维制造业
SZ002207,准油股份,B,采矿业,,,11,开采专业及辅助性活动
SZ002208,合肥城建,K,房地产业,,,70,房地产业
SZ002209,达意隆,C,制造业,CG,专用、通用及交通运输设备,35,专用设备制造业
SZ002210,飞马国际,L,租赁和商务服务业,,,72,商务服务业
SZ002211,ST宏达,C,制造业,CE,石油、化学、生物医药,26,化学原料和化学制品制造业
SZ002212,天融信,I,信息传输、软件和信息技术服务业,,,65,软件和信息技术服务业
SZ002213,大为股份,C,制造业,CH,电气、电子及通讯,39,计算机、通信和其他电子设备制造业
SZ002214,*ST大立,C,制造业,CH,电气、电子及通讯,39,计算机、通信和其他电子设备制造业
SZ002215,诺普信,C,制造业,CE,石油、化学、生物医药,26,化学原料和化学制品制造业
SZ002216,三全食品,C,制造业,CA,食品、饮料、烟草,14,食品制造业
SZ002217,合力泰,C,制造业,CH,电气、电子及通讯,39,计算机、通信和其他电子设备制造业
SZ002218,拓日新能,C,制造业,CH,电气、电子及通讯,38,电气机械和器材制造业
SZ002219,新里程,Q,卫生和社会工作,,,84,卫生
SZ002221,东华能源,F,批发和零售业,,,51,批发业
SZ002222,福晶科技,C,制造业,CH,电气、电子及通讯,39,计算机、通信和其他电子设备制造业
SZ002223,鱼跃医疗,C,制造业,CG,专用、通用及交通运输设备,35,专用设备制造业
SZ002224,三力士,C,制造业,CE,石油、化学、生物医药,29,橡胶和塑料制品业
SZ002225,濮耐股份,C,制造业,CF,金属、非金属,30,非金属矿物制品业
SZ002226,江南化工,C,制造业,CE,石油、化学、生物医药,26,化学原料和化学制品制造业
SZ002227,奥特迅,C,制造业,CH,电气、电子及通讯,38,电气机械和器材制造业
SZ002228,合兴包装,C,制造业,CD,造纸、印刷、文教,22,造纸和纸制品业
SZ002229,鸿博股份,C,制造业,CD,造纸、印刷、文教,23,印刷和记录媒介复制业
SZ002230,科大讯飞,I,信息传输、软件和信息技术服务业,,,65,软件和信息技术服务业
SZ002231,*ST奥维,C,制造业,CH,电气、电子及通讯,39,计算机、通信和其他电子设备制造业
SZ002232,启明信息,I,信息传输、软件和信息技术服务业,,,65,软件和信息技术服务业
SZ002233,塔牌集团,C,制造业,CF,金属、非金属,30,非金属矿物制品业
SZ002234,民和股份,A,农、林、牧、渔业,,,03,畜牧业
SZ002235,安妮股份,C,制造业,CD,造纸、印刷、文教,22,造纸和纸制品业
SZ002236,大华股份,C,制造业,CH,电气、电子及通讯,39,计算机、通信和其他电子设备制造业
SZ002237,恒邦股份,C,制造业,CF,金属、非金属,32,有色金属冶炼和压延加工业
SZ002238,天威视讯,I,信息传输、软件和信息技术服务业,,,63,电信、广播电视和卫星传输服务
SZ002239,奥特佳,C,制造业,CG,专用、通用及交通运输设备,36,汽车制造业
SZ002240,盛新锂能,C,制造业,CF,金属、非金属,32,有色金属冶炼和压延加工业
SZ002241,歌尔股份,C,制造业,CH,电气、电子及通讯,39,计算机、通信和其他电子设备制造业
SZ002242,九阳股份,C,制造业,CH,电气、电子及通讯,38,电气机械和器材制造业
SZ002243,力合科创,C,制造业,CE,石油、化学、生物医药,29,橡胶和塑料制品业
SZ002244,滨江集团,K,房地产业,,,70,房地产业
SZ002245,蔚蓝锂芯,C,制造业,CH,电气、电子及通讯,38,电气机械和器材制造业
SZ002246,北化股份,C,制造业,CE,石油、化学、生物医药,26,化学原料和化学制品制造业
SZ002247,聚力文化,C,制造业,CD,造纸、印刷、文教,22,造纸和纸制品业
SZ002248,华东数控,C,制造业,CG,专用、通用及交通运输设备,34,通用设备制造业
SZ002249,大洋电机,C,制造业,CH,电气、电子及通讯,38,电气机械和器材制造业
SZ002250,联化科技,C,制造业,CE,石油、化学、生物医药,26,化学原料和化学制品制造业
SZ002251,步步高,F,批发和零售业,,,52,零售业
SZ002252,上海莱士,C,制造业,CE,石油、化学、生物医药,27,医药制造业
SZ002253,*ST智胜,I,信息传输、软件和信息技术服务业,,,65,软件和信息技术服务业
SZ002254,泰和新材,C,制造业,CE,石油、化学、生物医药,28,化学纤维制造业
SZ002255,海陆重工,C,制造业,CG,专用、通用及交通运输设备,34,通用设备制造业
SZ002256,兆新股份,D,电力、热力、燃气及水生产和供应业,,,44,电力、热力生产和供应业
SZ002258,利尔化学,C,制造业,CE,石油、化学、生物医药,26,化学原料和化学制品制造业
SZ002259,升达林业,D,电力、热力、燃气及水生产和供应业,,,45,燃气生产和供应业
SZ002261,拓维信息,I,信息传输、软件和信息技术服务业,,,65,软件和信息技术服务业
SZ002262,恩华药业,C,制造业,CE,石油、化学、生物医药,27,医药制造业
SZ002263,大东南,C,制造业,CE,石油、化学、生物医药,29,橡胶和塑料制品业
SZ002264,新华都,I,信息传输、软件和信息技术服务业,,,64,互联网和相关服务
SZ002265,建设工业,C,制造业,CG,专用、通用及交通运输设备,36,汽车制造业
SZ002266,浙富控股,N,水利、环境和公共设施管理业,,,77,生态保护和环境治理业
SZ002267,陕天然气,D,电力、热力、燃气及水生产和供应业,,,45,燃气生产和供应业
SZ002268,电科网安,I,信息传输、软件和信息技术服务业,,,65,软件和信息技术服务业
SZ002269,美邦服饰,C,制造业,CB,纺织、服装、鞋帽,18,纺织服装、服饰业
SZ002270,华明装备,C,制造业,CH,电气、电子及通讯,38,电气机械和器材制造业
SZ002271,东方雨虹,C,制造业,CF,金属、非金属,30,非金属矿物制品业
SZ002272,川润股份,C,制造业,CG,专用、通用及交通运输设备,34,通用设备制造业
SZ002273,水晶光电,C,制造业,CH,电气、电子及通讯,39,计算机、通信和其他电子设备制造业
SZ002274,华昌化工,C,制造业,CE,石油、化学、生物医药,26,化学原料和化学制品制造业
SZ002275,桂林三金,C,制造业,CE,石油、化学、生物医药,27,医药制造业
SZ002276,万马股份,C,制造业,CH,电气、电子及通讯,38,电气机械和器材制造业
SZ002277,友阿股份,F,批发和零售业,,,52,零售业
SZ002278,神开股份,C,制造业,CG,专用、通用及交通运输设备,35,专用设备制造业
SZ002279,久其软件,I,信息传输、软件和信息技术服务业,,,65,软件和信息技术服务业
SZ002281,光迅科技,C,制造业,CH,电气、电子及通讯,39,计算机、通信和其他电子设备制造业
SZ002282,博深股份,C,制造业,CF,金属、非金属,30,非金属矿物制品业
SZ002283,天润工业,C,制造业,CG,专用、通用及交通运输设备,36,汽车制造业
SZ002284,亚太股份,C,制造业,CG,专用、通用及交通运输设备,36,汽车制造业
SZ002285,世联行,K,房地产业,,,70,房地产业
SZ002286,保龄宝,C,制造业,CA,食品、饮料、烟草,13,农副食品加工业
SZ002287,奇正藏药,C,制造业,CE,石油、化学、生物医药,27,医药制造业
SZ002289,*ST宇顺,C,制造业,CH,电气、电子及通讯,39,计算机、通信和其他电子设备制造业
SZ002290,禾盛新材,C,制造业,CH,电气、电子及通讯,38,电气机械和器材制造业
SZ002291,遥望科技,I,信息传输、软件和信息技术服务业,,,64,互联网和相关服务
SZ002292,奥飞娱乐,C,制造业,CD,造纸、印刷、文教,24,文教、工美、体育和娱乐用品制造业
SZ002293,罗莱生活,C,制造业,CB,纺织、服装、鞋帽,17,纺织业
SZ002294,信立泰,C,制造业,CE,石油、化学、生物医药,27,医药制造业
SZ002295,精艺股份,C,制造业,CF,金属、非金属,32,有色金属冶炼和压延加工业
SZ002296,辉煌科技,C,制造业,CH,电气、电子及通讯,38,电气机械和器材制造业
SZ002297,博云新材,C,制造业,CF,金属、非金属,33,金属制品业
SZ002298,中电鑫龙,C,制造业,CH,电气、电子及通讯,38,电气机械和器材制造业
SZ002299,圣农发展,C,制造业,CA,食品、饮料、烟草,13,农副食品加工业
SZ002300,太阳电缆,C,制造业,CH,电气、电子及通讯,38,电气机械和器材制造业
SZ002301,齐心集团,C,制造业,CD,造纸、印刷、文教,24,文教、工美、体育和娱乐用品制造业
SZ002302,西部建设,C,制造业,CF,金属、非金属,30,非金属矿物制品业
SZ002303,美盈森,C,制造业,CD,造纸、印刷、文教,22,造纸和纸制品业
SZ002304,洋河股份,C,制造业,CA,食品、饮料、烟草,15,酒、饮料和精制茶制造业
SZ002305,*ST南置,K,房地产业,,,70,房地产业
SZ002306,*ST云网,H,住宿和餐饮业,,,62,餐饮业
SZ002307,北新路桥,E,建筑业,,,48,土木工程建筑业
SZ002309,中利集团,C,制造业,CH,电气、电子及通讯,38,电气机械和器材制造业
SZ002310,东方园林,N,水利、环境和公共设施管理业,,,77,生态保护和环境治理业
SZ002311,海大集团,C,制造业,CA,食品、饮料、烟草,13,农副食品加工业
SZ002312,川发龙蟒,C,制造业,CE,石油、化学、生物医药,26,化学原料和化学制品制造业
SZ002313,日海智能,C,制造业,CH,电气、电子及通讯,39,计算机、通信和其他电子设备制造业
SZ002314,南山控股,K,房地产业,,,70,房地产业
SZ002315,焦点科技,I,信息传输、软件和信息技术服务业,,,64,互联网和相关服务
SZ002316,亚联发展,I,信息传输、软件和信息技术服务业,,,65,软件和信息技术服务业
SZ002317,众生药业,C,制造业,CE,石油、化学、生物医药,27,医药制造业
SZ002318,久立特材,C,制造业,CF,金属、非金属,33,金属制品业
SZ002319,乐通股份,C,制造业,CE,石油、化学、生物医药,26,化学原料和化学制品制造业
SZ002320,海峡股份,G,交通运输、仓储和邮政业,,,55,水上运输业
SZ002321,华英农业,A,农、林、牧、渔业,,,03,畜牧业
SZ002322,理工能科,I,信息传输、软件和信息技术服务业,,,65,软件和信息技术服务业
SZ002323,雅博股份,E,建筑业,,,50,建筑装饰、装修和其他建筑业
SZ002324,普利特,C,制造业,CE,石油、化学、生物医药,29,橡胶和塑料制品业
SZ002326,永太科技,C,制造业,CE,石油、化学、生物医药,26,化学原料和化学制品制造业
SZ002327,富安娜,C,制造业,CB,纺织、服装、鞋帽,17,纺织业
SZ002328,新朋股份,C,制造业,CG,专用、通用及交通运输设备,36,汽车制造业
SZ002329,皇氏集团,C,制造业,CA,食品、饮料、烟草,14,食品制造业
SZ002330,得利斯,C,制造业,CA,食品、饮料、烟草,13,农副食品加工业
SZ002331,皖通科技,I,信息传输、软件和信息技术服务业,,,65,软件和信息技术服务业
SZ002332,仙琚制药,C,制造业,CE,石油、化学、生物医药,27,医药制造业
SZ002333,罗普斯金,C,制造业,CF,金属、非金属,32,有色金属冶炼和压延加工业
SZ002334,英威腾,C,制造业,CH,电气、电子及通讯,38,电气机械和器材制造业
SZ002335,科华数据,C,制造业,CH,电气、电子及通讯,38,电气机械和器材制造业
SZ002337,赛象科技,C,制造业,CG,专用、通用及交通运输设备,35,专用设备制造业
SZ002338,奥普光电,C,制造业,CI,仪器、仪表,40,仪器仪表制造业
SZ002339,积成电子,C,制造业,CH,电气、电子及通讯,38,电气机械和器材制造业
SZ002340,格林美,C,制造业,CJ,其他制造业,42,废弃资源综合利用业
SZ002342,巨力索具,C,制造业,CF,金属、非金属,33,金属制品业
SZ002343,慈文传媒,R,文化、体育和娱乐业,,,87,广播、电视、电影和录音制作业
SZ002344,海宁皮城,L,租赁和商务服务业,,,72,商务服务业
SZ002345,潮宏基,C,制造业,CD,造纸、印刷、文教,24,文教、工美、体育和娱乐用品制造业
SZ002346,柘中股份,C,制造业,CH,电气、电子及通讯,38,电气机械和器材制造业
SZ002347,泰尔股份,C,制造业,CG,专用、通用及交通运输设备,34,通用设备制造业
SZ002348,高乐股份,C,制造业,CD,造纸、印刷、文教,24,文教、工美、体育和娱乐用品制造业
SZ002349,精华制药,C,制造业,CE,石油、化学、生物医药,27,医药制造业
SZ002350,北京科锐,C,制造业,CH,电气、电子及通讯,38,电气机械和器材制造业
SZ002351,漫步者,C,制造业,CH,电气、电子及通讯,39,计算机、通信和其他电子设备制造业
SZ002352,顺丰控股,G,交通运输、仓储和邮政业,,,60,邮政业
SZ002353,杰瑞股份,C,制造业,CG,专用、通用及交通运输设备,35,专用设备制造业
SZ002354,天娱数科,I,信息传输、软件和信息技术服务业,,,64,互联网和相关服务
SZ002355,兴民智通,C,制造业,CG,专用、通用及交通运输设备,36,汽车制造业
SZ002356,赫美集团,F,批发和零售业,,,52,零售业
SZ002357,富临运业,G,交通运输、仓储和邮政业,,,54,道路运输业
SZ002358,森源电气,C,制造业,CH,电气、电子及通讯,38,电气机械和器材制造业
SZ002360,同德化工,C,制造业,CE,石油、化学、生物医药,26,化学原料和化学制品制造业
SZ002361,神剑股份,C,制造业,CE,石油、化学、生物医药,26,化学原料和化学制品制造业
SZ002362,汉王科技,C,制造业,CH,电气、电子及通讯,39,计算机、通信和其他电子设备制造业
SZ002363,隆基机械,C,制造业,CG,专用、通用及交通运输设备,36,汽车制造业
SZ002364,中恒电气,C,制造业,CH,电气、电子及通讯,38,电气机械和器材制造业
SZ002365,永安药业,C,制造业,CE,石油、化学、生物医药,27,医药制造业
SZ002366,融发核电,C,制造业,CG,专用、通用及交通运输设备,35,专用设备制造业
SZ002367,康力电梯,C,制造业,CG,专用、通用及交通运输设备,34,通用设备制造业
SZ002368,太极股份,I,信息传输、软件和信息技术服务业,,,65,软件和信息技术服务业
SZ002369,卓翼科技,C,制造业,CH,电气、电子及通讯,39,计算机、通信和其他电子设备制造业
SZ002370,亚太药业,C,制造业,CE,石油、化学、生物医药,27,医药制造业
SZ002371,北方华创,C,制造业,CG,专用、通用及交通运输设备,35,专用设备制造业
SZ002372,伟星新材,C,制造业,CE,石油、化学、生物医药,29,橡胶和塑料制品业
SZ002373,千方科技,I,信息传输、软件和信息技术服务业,,,65,软件和信息技术服务业
SZ002374,中锐股份,C,制造业,CF,金属、非金属,33,金属制品业
SZ002375,亚厦股份,E,建筑业,,,50,建筑装饰、装修和其他建筑业
SZ002376,新北洋,C,制造业,CH,电气、电子及通讯,39,计算机、通信和其他电子设备制造业
SZ002377,国创高新,C,制造业,CE,石油、化学、生物医药,25,石油、煤炭及其他燃料加工业
SZ002378,章源钨业,C,制造业,CF,金属、非金属,32,有色金属冶炼和压延加工业
SZ002379,宏创控股,C,制造业,CF,金属、非金属,32,有色金属冶炼和压延加工业
SZ002380,科远智慧,I,信息传输、软件和信息技术服务业,,,65,软件和信息技术服务业
SZ002381,双箭股份,C,制造业,CE,石油、化学、生物医药,29,橡胶和塑料制品业
SZ002382,蓝帆医疗,C,制造业,CE,石油、化学、生物医药,29,橡胶和塑料制品业
SZ002383,合众思壮,C,制造业,CH,电气、电子及通讯,39,计算机、通信和其他电子设备制造业
SZ002384,东山精密,C,制造业,CH,电气、电子及通讯,39,计算机、通信和其他电子设备制造业
SZ002385,大北农,C,制造业,CA,食品、饮料、烟草,13,农副食品加工业
SZ002386,天原股份,C,制造业,CE,石油、化学、生物医药,26,化学原料和化学制品制造业
SZ002387,维信诺,C,制造业,CH,电气、电子及通讯,39,计算机、通信和其他电子设备制造业
SZ002388,ST新亚,C,制造业,CH,电气、电子及通讯,39,计算机、通信和其他电子设备制造业
SZ002389,航天彩虹,C,制造业,CG,专用、通用及交通运输设备,37,铁路、船舶、航空航天和其他运输设备制造业
SZ002390,信邦制药,F,批发和零售业,,,51,批发业
SZ002391,长青股份,C,制造业,CE,石油、化学、生物医药,26,化学原料和化学制品制造业
SZ002392,北京利尔,C,制造业,CF,金属、非金属,30,非金属矿物制品业
SZ002393,力生制药,C,制造业,CE,石油、化学、生物医药,27,医药制造业
SZ002394,联发股份,C,制造业,CB,纺织、服装、鞋帽,17,纺织业
SZ002395,双象股份,C,制造业,CE,石油、化学、生物医药,29,橡胶和塑料制品业
SZ002396,星网锐捷,C,制造业,CH,电气、电子及通讯,39,计算机、通信和其他电子设备制造业
SZ002397,梦洁股份,C,制造业,CB,纺织、服装、鞋帽,17,纺织业
SZ002398,垒知集团,C,制造业,CE,石油、化学、生物医药,26,化学原料和化学制品制造业
SZ002399,海普瑞,C,制造业,CE,石油、化学、生物医药,27,医药制造业
SZ002400,省广集团,L,租赁和商务服务业,,,72,商务服务业
SZ002401,中远海科,I,信息传输、软件和信息技术服务业,,,65,软件和信息技术服务业
SZ002402,和而泰,C,制造业,CH,电气、电子及通讯,39,计算机、通信和其他电子设备制造业
SZ002403,爱仕达,C,制造业,CF,金属、非金属,33,金属制品业
SZ002404,嘉欣丝绸,C,制造业,CB,纺织、服装、鞋帽,18,纺织服装、服饰业
SZ002405,四维图新,I,信息传输、软件和信息技术服务业,,,65,软件和信息技术服务业
SZ002406,远东传动,C,制造业,CG,专用、通用及交通运输设备,36,汽车制造业
SZ002407,多氟多,C,制造业,CE,石油、化学、生物医药,26,化学原料和化学制品制造业
SZ002408,齐翔腾达,C,制造业,CE,石油、化学、生物医药,26,化学原料和化学制品制造业
SZ002409,雅克科技,C,制造业,CE,石油、化学、生物医药,26,化学原料和化学制品制造业
SZ002410,广联达,I,信息传输、软件和信息技术服务业,,,65,软件和信息技术服务业
SZ002412,汉森制药,C,制造业,CE,石油、化学、生物医药,27,医药制造业
SZ002413,雷科防务,C,制造业,CH,电气、电子及通讯,39,计算机、通信和其他电子设备制造业
SZ002414,高德红外,C,制造业,CH,电气、电子及通讯,39,计算机、通信和其他电子设备制造业
SZ002415,海康威视,C,制造业,CH,电气、电子及通讯,39,计算机、通信和其他电子设备制造业
SZ002416,爱施德,F,批发和零售业,,,51,批发业
SZ002418,康盛股份,C,制造业,CG,专用、通用及交通运输设备,34,通用设备制造业
SZ002419,天虹股份,F,批发和零售业,,,52,零售业
SZ002420,毅昌科技,C,制造业,CE,石油、化学、生物医药,29,橡胶和塑料制品业
SZ002421,达实智能,I,信息传输、软件和信息技术服务业,,,65,软件和信息技术服务业
SZ002422,科伦药业,C,制造业,CE,石油、化学、生物医药,27,医药制造业
SZ002423,中粮资本,J,金融业,,,68,保险业
SZ002424,贵州百灵,C,制造业,CE,石油、化学、生物医药,27,医药制造业
SZ002425,ST凯文,I,信息传输、软件和信息技术服务业,,,64,互联网和相关服务
SZ002426,胜利精密,C,制造业,CH,电气、电子及通讯,39,计算机、通信和其他电子设备制造业
SZ002427,尤夫股份,C,制造业,CE,石油、化学、生物医药,28,化学纤维制造业
SZ002428,云南锗业,C,制造业,CF,金属、非金属,32,有色金属冶炼和压延加工业
SZ002429,兆驰股份,C,制造业,CH,电气、电子及通讯,39,计算机、通信和其他电子设备制造业
SZ002430,杭氧股份,C,制造业,CG,专用、通用及交通运输设备,35,专用设备制造业
SZ002431,棕榈股份,E,建筑业,,,48,土木工程建筑业
SZ002432,九安医疗,C,制造业,CG,专用、通用及交通运输设备,35,专用设备制造业
SZ002434,万里扬,C,制造业,CG,专用、通用及交通运输设备,36,汽车制造业
SZ002436,兴森科技,C,制造业,CH,电气、电子及通讯,39,计算机、通信和其他电子设备制造业
SZ002437,誉衡药业,C,制造业,CE,石油、化学、生物医药,27,医药制造业
SZ002438,江苏神通,C,制造业,CG,专用、通用及交通运输设备,34,通用设备制造业
SZ002439,启明星辰,I,信息传输、软件和信息技术服务业,,,65,软件和信息技术服务业
SZ002440,闰土股份,C,制造业,CE,石油、化学、生物医药,26,化学原料和化学制品制造业
SZ002441,众业达,F,批发和零售业,,,51,批发业
SZ002442,龙星科技,C,制造业,CE,石油、化学、生物医药,26,化学原料和化学制品制造业
SZ002443,金洲管道,C,制造业,CF,金属、非金属,33,金属制品业
SZ002444,巨星科技,C,制造业,CF,金属、非金属,33,金属制品业
SZ002445,中南文化,C,制造业,CF,金属、非金属,33,金属制品业
SZ002446,盛路通信,C,制造业,CH,电气、电子及通讯,39,计算机、通信和其他电子设备制造业
SZ002448,中原内配,C,制造业,CG,专用、通用及交通运输设备,36,汽车制造业
SZ002449,国星光电,C,制造业,CH,电气、电子及通讯,39,计算机、通信和其他电子设备制造业
SZ002451,摩恩电气,C,制造业,CH,电气、电子及通讯,38,电气机械和器材制造业
SZ002452,长高电新,C,制造业,CH,电气、电子及通讯,38,电气机械和器材制造业
SZ002453,华软科技,C,制造业,CE,石油、化学、生物医药,26,化学原料和化学制品制造业
SZ002454,松芝股份,C,制造业,CG,专用、通用及交通运输设备,36,汽车制造业
SZ002455,百川股份,C,制造业,CE,石油、化学、生物医药,26,化学原料和化学制品制造业
SZ002456,欧菲光,C,制造业,CH,电气、电子及通讯,39,计算机、通信和其他电子设备制造业
SZ002457,青龙管业,C,制造业,CF,金属、非金属,30,非金属矿物制品业
SZ002458,益生股份,A,农、林、牧、渔业,,,03,畜牧业
SZ002459,晶澳科技,C,制造业,CH,电气、电子及通讯,38,电气机械和器材制造业
SZ002460,赣锋锂业,C,制造业,CF,金属、非金属,32,有色金属冶炼和压延加工业
SZ002461,珠江啤酒,C,制造业,CA,食品、饮料、烟草,15,酒、饮料和精制茶制造业
SZ002462,嘉事堂,F,批发和零售业,,,51,批发业
SZ002463,沪电股份,C,制造业,CH,电气、电子及通讯,39,计算机、通信和其他电子设备制造业
SZ002465,海格通信,C,制造业,CH,电气、电子及通讯,39,计算机、通信和其他电子设备制造业
SZ002466,天齐锂业,C,制造业,CF,金属、非金属,32,有色金属冶炼和压延加工业
SZ002467,二六三,I,信息传输、软件和信息技术服务业,,,64,互联网和相关服务
SZ002468,申通快递,G,交通运输、仓储和邮政业,,,60,邮政业
SZ002469,三维化学,C,制造业,CE,石油、化学、生物医药,26,化学原料和化学制品制造业
SZ002470,金正大,C,制造业,CE,石油、化学、生物医药,26,化学原料和化学制品制造业
SZ002471,中超控股,C,制造业,CH,电气、电子及通讯,38,电气机械和器材制造业
SZ002472,双环传动,C,制造业,CG,专用、通用及交通运输设备,36,汽车制造业
SZ002474,榕基软件,I,信息传输、软件和信息技术服务业,,,65,软件和信息技术服务业
SZ002475,立讯精密,C,制造业,CH,电气、电子及通讯,39,计算机、通信和其他电子设备制造业
SZ002476,宝莫股份,C,制造业,CE,石油、化学、生物医药,26,化学原料和化学制品制造业
SZ002478,常宝股份,C,制造业,CF,金属、非金属,33,金属制品业
SZ002479,富春环保,D,电力、热力、燃气及水生产和供应业,,,44,电力、热力生产和供应业
SZ002480,新筑股份,C,制造业,CG,专用、通用及交通运输设备,34,通用设备制造业
SZ002481,双塔食品,C,制造业,CA,食品、饮料、烟草,14,食品制造业
SZ002482,广田集团,E,建筑业,,,50,建筑装饰、装修和其他建筑业
SZ002483,润邦股份,C,制造业,CG,专用、通用及交通运输设备,34,通用设备制造业
SZ002484,江海股份,C,制造业,CH,电气、电子及通讯,39,计算机、通信和其他电子设备制造业
SZ002485,ST雪发,L,租赁和商务服务业,,,72,商务服务业
SZ002486,嘉麟杰,C,制造业,CB,纺织、服装、鞋帽,18,纺织服装、服饰业
SZ002487,大金重工,C,制造业,CF,金属、非金属,33,金属制品业
SZ002488,金固股份,C,制造业,CG,专用、通用及交通运输设备,36,汽车制造业
SZ002489,浙江永强,C,制造业,CC,木材、家具,21,家具制造业
SZ002490,山东墨龙,C,制造业,CG,专用、通用及交通运输设备,35,专用设备制造业
SZ002491,通鼎互联,C,制造业,CH,电气、电子及通讯,38,电气机械和器材制造业
SZ002492,恒基达鑫,G,交通运输、仓储和邮政业,,,59,装卸搬运和仓储业
SZ002493,荣盛石化,C,制造业,CE,石油、化学、生物医药,26,化学原料和化学制品制造业
SZ002494,华斯股份,C,制造业,CB,纺织、服装、鞋帽,19,皮革、毛皮、羽毛及其制品和制鞋业
SZ002495,佳隆股份,C,制造业,CA,食品、饮料、烟草,14,食品制造业
SZ002496,*ST辉丰,C,制造业,CE,石油、化学、生物医药,26,化学原料和化学制品制造业
SZ002497,雅化集团,C,制造业,CF,金属、非金属,32,有色金属冶炼和压延加工业
SZ002498,汉缆股份,C,制造业,CH,电气、电子及通讯,38,电气机械和器材制造业
SZ002500,山西证券,J,金融业,,,67,资本市场服务
SZ002501,利源股份,C,制造业,CF,金属、非金属,32,有色金属冶炼和压延加工业
SZ002506,协鑫集成,C,制造业,CH,电气、电子及通讯,38,电气机械和器材制造业
SZ002507,涪陵榨菜,C,制造业,CA,食品、饮料、烟草,14,食品制造业
SZ002508,老板电器,C,制造业,CH,电气、电子及通讯,38,电气机械和器材制造业
SZ002510,天汽模,C,制造业,CG,专用、通用及交通运输设备,36,汽车制造业
SZ002511,中顺洁柔,C,制造业,CD,造纸、印刷、文教,22,造纸和纸制品业
SZ002512,达华智能,C,制造业,CH,电气、电子及通讯,39,计算机、通信和其他电子设备制造业
SZ002513,蓝丰生化,C,制造业,CH,电气、电子及通讯,38,电气机械和器材制造业
SZ002514,宝馨科技,C,制造业,CF,金属、非金属,33,金属制品业
SZ002515,金字火腿,C,制造业,CA,食品、饮料、烟草,13,农副食品加工业
SZ002516,旷达科技,C,制造业,CB,纺织、服装、鞋帽,17,纺织业
SZ002517,恺英网络,I,信息传输、软件和信息技术服务业,,,64,互联网和相关服务
SZ002518,科士达,C,制造业,CH,电气、电子及通讯,38,电气机械和器材制造业
SZ002519,银河电子,C,制造业,CH,电气、电子及通讯,39,计算机、通信和其他电子设备制造业
SZ002520,日发精机,C,制造业,CG,专用、通用及交通运输设备,34,通用设备制造业
SZ002521,齐峰新材,C,制造业,CD,造纸、印刷、文教,22,造纸和纸制品业
SZ002522,浙江众成,C,制造业,CE,石油、化学、生物医药,29,橡胶和塑料制品业
SZ002523,天桥起重,C,制造业,CG,专用、通用及交通运输设备,34,通用设备制造业
SZ002524,光正眼科,Q,卫生和社会工作,,,84,卫生
SZ002526,山东矿机,C,制造业,CG,专用、通用及交通运输设备,35,专用设备制造业
SZ002527,新时达,C,制造业,CG,专用、通用及交通运输设备,34,通用设备制造业
SZ002528,ST英飞拓,C,制造业,CH,电气、电子及通讯,39,计算机、通信和其他电子设备制造业
SZ002529,*ST海源,C,制造业,CG,专用、通用及交通运输设备,34,通用设备制造业
SZ002530,金财互联,C,制造业,CF,金属、非金属,33,金属制品业
SZ002531,天顺风能,C,制造业,CH,电气、电子及通讯,38,电气机械和器材制造业
SZ002532,天山铝业,C,制造业,CF,金属、非金属,32,有色金属冶炼和压延加工业
SZ002533,金杯电工,C,制造业,CH,电气、电子及通讯,38,电气机械和器材制造业
SZ002534,西子洁能,C,制造业,CG,专用、通用及交通运输设备,34,通用设备制造业
SZ002535,林州重机,C,制造业,CG,专用、通用及交通运输设备,35,专用设备制造业
SZ002536,飞龙股份,C,制造业,CG,专用、通用及交通运输设备,36,汽车制造业
SZ002537,海联金汇,C,制造业,CG,专用、通用及交通运输设备,36,汽车制造业
SZ002538,司尔特,C,制造业,CE,石油、化学、生物医药,26,化学原料和化学制品制造业
SZ002539,云图控股,C,制造业,CE,石油、化学、生物医药,26,化学原料和化学制品制造业
SZ002540,亚太科技,C,制造业,CF,金属、非金属,32,有色金属冶炼和压延加工业
SZ002541,鸿路钢构,C,制造业,CF,金属、非金属,33,金属制品业
SZ002542,中化岩土,E,建筑业,,,48,土木工程建筑业
SZ002543,万和电气,C,制造业,CH,电气、电子及通讯,38,电气机械和器材制造业
SZ002544,普天科技,I,信息传输、软件和信息技术服务业,,,65,软件和信息技术服务业
SZ002545,东方铁塔,C,制造业,CE,石油、化学、生物医药,26,化学原料和化学制品制造业
SZ002546,新联电子,C,制造业,CI,仪器、仪表,40,仪器仪表制造业
SZ002547,春兴精工,C,制造业,CF,金属、非金属,33,金属制品业
SZ002548,金新农,C,制造业,CA,食品、饮料、烟草,13,农副食品加工业
SZ002549,凯美特气,N,水利、环境和公共设施管理业,,,77,生态保护和环境治理业
SZ002550,千红制药,C,制造业,CE,石油、化学、生物医药,27,医药制造业
SZ002551,尚荣医疗,C,制造业,CG,专用、通用及交通运输设备,35,专用设备制造业
SZ002552,宝鼎科技,C,制造业,CH,电气、电子及通讯,39,计算机、通信和其他电子设备制造业
SZ002553,南方精工,C,制造业,CG,专用、通用及交通运输设备,36,汽车制造业
SZ002554,惠博普,B,采矿业,,,11,开采专业及辅助性活动
SZ002555,三七互娱,I,信息传输、软件和信息技术服务业,,,64,互联网和相关服务
SZ002556,辉隆股份,F,批发和零售业,,,52,零售业
SZ002557,洽洽食品,C,制造业,CA,食品、饮料、烟草,13,农副食品加工业
SZ002558,巨人网络,I,信息传输、软件和信息技术服务业,,,64,互联网和相关服务
SZ002559,亚威股份,C,制造业,CG,专用、通用及交通运输设备,34,通用设备制造业
SZ002560,通达股份,C,制造业,CH,电气、电子及通讯,38,电气机械和器材制造业
SZ002561,徐家汇,F,批发和零售业,,,52,零售业
SZ002562,兄弟科技,C,制造业,CE,石油、化学、生物医药,27,医药制造业
SZ002563,森马服饰,C,制造业,CB,纺织、服装、鞋帽,18,纺织服装、服饰业
SZ002564,天沃科技,C,制造业,CG,专用、通用及交通运输设备,35,专用设备制造业
SZ002565,顺灏股份,C,制造业,CD,造纸、印刷、文教,22,造纸和纸制品业
SZ002566,益盛药业,C,制造业,CE,石油、化学、生物医药,27,医药制造业
SZ002567,唐人神,C,制造业,CA,食品、饮料、烟草,13,农副食品加工业
SZ002568,百润股份,C,制造业,CA,食品、饮料、烟草,15,酒、饮料和精制茶制造业
SZ002569,*ST步森,C,制造业,CB,纺织、服装、鞋帽,18,纺织服装、服饰业
SZ002570,贝因美,C,制造业,CA,食品、饮料、烟草,14,食品制造业
SZ002571,德力股份,C,制造业,CF,金属、非金属,30,非金属矿物制品业
SZ002572,索菲亚,C,制造业,CC,木材、家具,21,家具制造业
SZ002573,清新环境,N,水利、环境和公共设施管理业,,,77,生态保护和环境治理业
SZ002574,明牌珠宝,C,制造业,CD,造纸、印刷、文教,24,文教、工美、体育和娱乐用品制造业
SZ002575,群兴玩具,F,批发和零售业,,,51,批发业
SZ002576,通达动力,C,制造业,CH,电气、电子及通讯,38,电气机械和器材制造业
SZ002577,雷柏科技,C,制造业,CH,电气、电子及通讯,39,计算机、通信和其他电子设备制造业
SZ002578,闽发铝业,C,制造业,CF,金属、非金属,32,有色金属冶炼和压延加工业
SZ002579,中京电子,C,制造业,CH,电气、电子及通讯,39,计算机、通信和其他电子设备制造业
SZ002580,圣阳股份,C,制造业,CH,电气、电子及通讯,38,电气机械和器材制造业
SZ002581,ST未名,C,制造业,CE,石油、化学、生物医药,27,医药制造业
SZ002582,好想你,C,制造业,CA,食品、饮料、烟草,13,农副食品加工业
SZ002583,海能达,C,制造业,CH,电气、电子及通讯,39,计算机、通信和其他电子设备制造业
SZ002584,西陇科学,C,制造业,CE,石油、化学、生物医药,26,化学原料和化学制品制造业
SZ002585,双星新材,C,制造业,CE,石油、化学、生物医药,29,橡胶和塑料制品业
SZ002586,*ST围海,E,建筑业,,,48,土木工程建筑业
SZ002587,奥拓电子,C,制造业,CH,电气、电子及通讯,39,计算机、通信和其他电子设备制造业
SZ002588,史丹利,C,制造业,CE,石油、化学、生物医药,26,化学原料和化学制品制造业
SZ002589,瑞康医药,F,批发和零售业,,,51,批发业
SZ002590,万安科技,C,制造业,CG,专用、通用及交通运输设备,36,汽车制造业
SZ002591,恒大高新,C,制造业,CE,石油、化学、生物医药,26,化学原料和化学制品制造业
SZ002592,ST八菱,C,制造业,CG,专用、通用及交通运输设备,36,汽车制造业
SZ002593,日上集团,C,制造业,CG,专用、通用及交通运输设备,36,汽车制造业
SZ002594,比亚迪,C,制造业,CG,专用、通用及交通运输设备,36,汽车制造业
SZ002595,豪迈科技,C,制造业,CG,专用、通用及交通运输设备,35,专用设备制造业
SZ002596,海南瑞泽,C,制造业,CF,金属、非金属,30,非金属矿物制品业
SZ002597,金禾实业,C,制造业,CA,食品、饮料、烟草,14,食品制造业
SZ002598,山东章鼓,C,制造业,CG,专用、通用及交通运输设备,34,通用设备制造业
SZ002599,盛通股份,C,制造业,CD,造纸、印刷、文教,23,印刷和记录媒介复制业
SZ002600,领益智造,C,制造业,CH,电气、电子及通讯,39,计算机、通信和其他电子设备制造业
SZ002601,龙佰集团,C,制造业,CE,石油、化学、生物医药,26,化学原料和化学制品制造业
SZ002602,ST华通,I,信息传输、软件和信息技术服务业,,,64,互联网和相关服务
SZ002603,以岭药业,C,制造业,CE,石油、化学、生物医药,27,医药制造业
SZ002605,姚记科技,I,信息传输、软件和信息技术服务业,,,64,互联网和相关服务
SZ002606,大连电瓷,C,制造业,CH,电气、电子及通讯,38,电气机械和器材制造业
SZ002607,中公教育,P,教育,,,83,教育
SZ002608,江苏国信,D,电力、热力、燃气及水生产和供应业,,,44,电力、热力生产和供应业
SZ002609,捷顺科技,I,信息传输、软件和信息技术服务业,,,65,软件和信息技术服务业
SZ002611,东方精工,C,制造业,CG,专用、通用及交通运输设备,35,专用设备制造业
SZ002612,朗姿股份,C,制造业,CB,纺织、服装、鞋帽,18,纺织服装、服饰业
SZ002613,北玻股份,C,制造业,CG,专用、通用及交通运输设备,35,专用设备制造业
SZ002614,奥佳华,C,制造业,CH,电气、电子及通讯,38,电气机械和器材制造业
SZ002615,哈尔斯,C,制造业,CF,金属、非金属,33,金属制品业
SZ002616,长青集团,N,水利、环境和公共设施管理业,,,77,生态保护和环境治理业
SZ002617,露笑科技,C,制造业,CH,电气、电子及通讯,38,电气机械和器材制造业
SZ002620,ST瑞和,E,建筑业,,,50,建筑装饰、装修和其他建筑业
SZ002622,皓宸医疗,Q,卫生和社会工作,,,84,卫生
SZ002623,亚玛顿,C,制造业,CF,金属、非金属,30,非金属矿物制品业
SZ002624,完美世界,I,信息传输、软件和信息技术服务业,,,64,互联网和相关服务
SZ002625,光启技术,C,制造业,CG,专用、通用及交通运输设备,37,铁路、船舶、航空航天和其他运输设备制造业
SZ002626,金达威,C,制造业,CA,食品、饮料、烟草,14,食品制造业
SZ002627,三峡旅游,N,水利、环境和公共设施管理业,,,78,公共设施管理业
SZ002628,成都路桥,E,建筑业,,,48,土木工程建筑业
SZ002629,仁智股份,B,采矿业,,,11,开采专业及辅助性活动
SZ002630,ST华西,C,制造业,CG,专用、通用及交通运输设备,34,通用设备制造业
SZ002631,德尔未来,C,制造业,CC,木材、家具,20,木材加工和木、竹、藤、棕、草制品业
SZ002632,道明光学,C,制造业,CE,石油、化学、生物医药,26,化学原料和化学制品制造业
SZ002633,申科股份,C,制造业,CG,专用、通用及交通运输设备,34,通用设备制造业
SZ002634,棒杰股份,C,制造业,CB,纺织、服装、鞋帽,18,纺织服装、服饰业
SZ002635,安洁科技,C,制造业,CH,电气、电子及通讯,39,计算机、通信和其他电子设备制造业
SZ002636,金安国纪,C,制造业,CH,电气、电子及通讯,39,计算机、通信和其他电子设备制造业
SZ002637,赞宇科技,C,制造业,CE,石油、化学、生物医药,26,化学原料和化学制品制造业
SZ002638,勤上股份,C,制造业,CH,电气、电子及通讯,38,电气机械和器材制造业
SZ002639,雪人集团,C,制造业,CG,专用、通用及交通运输设备,34,通用设备制造业
SZ002640,跨境通,F,批发和零售业,,,52,零售业
SZ002641,公元股份,C,制造业,CE,石油、化学、生物医药,29,橡胶和塑料制品业
SZ002642,荣联科技,I,信息传输、软件和信息技术服务业,,,65,软件和信息技术服务业
SZ002643,万润股份,C,制造业,CE,石油、化学、生物医药,26,化学原料和化学制品制造业
SZ002644,佛慈制药,C,制造业,CE,石油、化学、生物医药,27,医药制造业
SZ002645,华宏科技,C,制造业,CJ,其他制造业,42,废弃资源综合利用业
SZ002646,天佑德酒,C,制造业,CA,食品、饮料、烟草,15,酒、饮料和精制茶制造业
SZ002647,*ST仁东,J,金融业,,,69,其他金融业
SZ002648,卫星化学,C,制造业,CE,石油、化学、生物医药,26,化学原料和化学制品制造业
SZ002649,博彦科技,I,信息传输、软件和信息技术服务业,,,65,软件和信息技术服务业
SZ002650,ST加加,C,制造业,CA,食品、饮料、烟草,14,食品制造业
SZ002651,利君股份,C,制造业,CG,专用、通用及交通运输设备,35,专用设备制造业
SZ002652,扬子新材,C,制造业,CF,金属、非金属,33,金属制品业
SZ002653,海思科,C,制造业,CE,石油、化学、生物医药,27,医药制造业
SZ002654,万润科技,L,租赁和商务服务业,,,72,商务服务业
SZ002655,共达电声,C,制造业,CH,电气、电子及通讯,39,计算机、通信和其他电子设备制造业
SZ002656,*ST摩登,C,制造业,CB,纺织、服装、鞋帽,18,纺织服装、服饰业
SZ002657,中科金财,I,信息传输、软件和信息技术服务业,,,65,软件和信息技术服务业
SZ002658,雪迪龙,C,制造业,CI,仪器、仪表,40,仪器仪表制造业
SZ002659,凯文教育,P,教育,,,83,教育
SZ002660,茂硕电源,C,制造业,CH,电气、电子及通讯,39,计算机、通信和其他电子设备制造业
SZ002661,克明食品,C,制造业,CA,食品、饮料、烟草,14,食品制造业
SZ002662,峰璟股份,C,制造业,CG,专用、通用及交通运输设备,36,汽车制造业
SZ002663,普邦股份,E,建筑业,,,48,土木工程建筑业
SZ002664,信质集团,C,制造业,CG,专用、通用及交通运输设备,36,汽车制造业
SZ002666,德联集团,C,制造业,CE,石油、化学、生物医药,26,化学原料和化学制品制造业
SZ002667,威领股份,C,制造业,CF,金属、非金属,32,有色金属冶炼和压延加工业
SZ002668,TCL智家,C,制造业,CH,电气、电子及通讯,38,电气机械和器材制造业
SZ002669,康达新材,C,制造业,CE,石油、化学、生物医药,26,化学原料和化学制品制造业
SZ002670,国盛金控,J,金融业,,,67,资本市场服务
SZ002671,龙泉股份,C,制造业,CF,金属、非金属,30,非金属矿物制品业
SZ002672,东江环保,C,制造业,CJ,其他制造业,42,废弃资源综合利用业
SZ002673,西部证券,J,金融业,,,67,资本市场服务
SZ002674,兴业科技,C,制造业,CB,纺织、服装、鞋帽,19,皮革、毛皮、羽毛及其制品和制鞋业
SZ002675,东诚药业,C,制造业,CE,石油、化学、生物医药,27,医药制造业
SZ002676,顺威股份,C,制造业,CE,石油、化学、生物医药,29,橡胶和塑料制品业
SZ002677,浙江美大,C,制造业,CH,电气、电子及通讯,38,电气机械和器材制造业
SZ002678,珠江钢琴,C,制造业,CD,造纸、印刷、文教,24,文教、工美、体育和娱乐用品制造业
SZ002679,福建金森,A,农、林、牧、渔业,,,02,林业
SZ002681,奋达科技,C,制造业,CH,电气、电子及通讯,39,计算机、通信和其他电子设备制造业
SZ002682,龙洲股份,G,交通运输、仓储和邮政业,,,54,道路运输业
SZ002683,广东宏大,B,采矿业,,,11,开采专业及辅助性活动
SZ002685,华东重机,C,制造业,CG,专用、通用及交通运输设备,34,通用设备制造业
SZ002686,亿利达,C,制造业,CG,专用、通用及交通运输设备,34,通用设备制造业
SZ002687,乔治白,C,制造业,CB,纺织、服装、鞋帽,18,纺织服装、服饰业
SZ002688,金河生物,C,制造业,CE,石油、化学、生物医药,27,医药制造业
SZ002689,远大智能,C,制造业,CG,专用、通用及交通运输设备,34,通用设备制造业
SZ002690,美亚光电,C,制造业,CG,专用、通用及交通运输设备,35,专用设备制造业
SZ002691,冀凯股份,C,制造业,CG,专用、通用及交通运输设备,35,专用设备制造业
SZ002692,远程股份,C,制造业,CH,电气、电子及通讯,38,电气机械和器材制造业
SZ002693,*ST双成,C,制造业,CE,石油、化学、生物医药,27,医药制造业
SZ002694,顾地科技,C,制造业,CE,石油、化学、生物医药,29,橡胶和塑料制品业
SZ002695,煌上煌,C,制造业,CA,食品、饮料、烟草,13,农副食品加工业
SZ002696,百洋股份,C,制造业,CA,食品、饮料、烟草,13,农副食品加工业
SZ002697,红旗连锁,F,批发和零售业,,,52,零售业
SZ002698,博实股份,C,制造业,CG,专用、通用及交通运输设备,34,通用设备制造业
SZ002700,万憬能源,D,电力、热力、燃气及水生产和供应业,,,45,燃气生产和供应业
SZ002701,奥瑞金,C,制造业,CF,金属、非金属,33,金属制品业
SZ002702,海欣食品,C,制造业,CA,食品、饮料、烟草,13,农副食品加工业
SZ002703,浙江世宝,C,制造业,CG,专用、通用及交通运输设备,36,汽车制造业
SZ002705,新宝股份,C,制造业,CH,电气、电子及通讯,38,电气机械和器材制造业
SZ002706,良信股份,C,制造业,CH,电气、电子及通讯,38,电气机械和器材制造业
SZ002707,众信旅游,L,租赁和商务服务业,,,72,商务服务业
SZ002708,光洋股份,C,制造业,CG,专用、通用及交通运输设备,36,汽车制造业
SZ002709,天赐材料,C,制造业,CH,电气、电子及通讯,39,计算机、通信和其他电子设备制造业
SZ002712,思美传媒,L,租赁和商务服务业,,,72,商务服务业
SZ002713,*ST东易,E,建筑业,,,50,建筑装饰、装修和其他建筑业
SZ002714,牧原股份,A,农、林、牧、渔业,,,03,畜牧业
SZ002715,登云股份,C,制造业,CG,专用、通用及交通运输设备,36,汽车制造业
SZ002716,湖南白银,C,制造业,CF,金属、非金属,32,有色金属冶炼和压延加工业
SZ002717,ST岭南,N,水利、环境和公共设施管理业,,,77,生态保护和环境治理业
SZ002718,友邦吊顶,C,制造业,CJ,其他制造业,41,其他制造业
SZ002719,麦趣尔,C,制造业,CA,食品、饮料、烟草,14,食品制造业
SZ002721,金一文化,C,制造业,CD,造纸、印刷、文教,24,文教、工美、体育和娱乐用品制造业
SZ002722,物产金轮,C,制造业,CF,金属、非金属,33,金属制品业
SZ002723,小崧股份,C,制造业,CH,电气、电子及通讯,38,电气机械和器材制造业
SZ002724,海洋王,C,制造业,CH,电气、电子及通讯,38,电气机械和器材制造业
SZ002725,跃岭股份,C,制造业,CG,专用、通用及交通运输设备,36,汽车制造业
SZ002726,龙大美食,C,制造业,CA,食品、饮料、烟草,13,农副食品加工业
SZ002727,一心堂,F,批发和零售业,,,52,零售业
SZ002728,特一药业,C,制造业,CE,石油、化学、生物医药,27,医药制造业
SZ002729,好利科技,C,制造业,CH,电气、电子及通讯,39,计算机、通信和其他电子设备制造业
SZ002730,电光科技,C,制造业,CG,专用、通用及交通运输设备,35,专用设备制造业
SZ002731,萃华珠宝,C,制造业,CD,造纸、印刷、文教,24,文教、工美、体育和娱乐用品制造业
SZ002732,燕塘乳业,C,制造业,CA,食品、饮料、烟草,14,食品制造业
SZ002733,雄韬股份,C,制造业,CH,电气、电子及通讯,38,电气机械和器材制造业
SZ002734,利民股份,C,制造业,CE,石油、化学、生物医药,26,化学原料和化学制品制造业
SZ002735,王子新材,C,制造业,CE,石油、化学、生物医药,29,橡胶和塑料制品业
SZ002736,国信证券,J,金融业,,,67,资本市场服务
SZ002737,葵花药业,C,制造业,CE,石油、化学、生物医药,27,医药制造业
SZ002738,中矿资源,C,制造业,CF,金属、非金属,32,有色金属冶炼和压延加工业
SZ002739,万达电影,R,文化、体育和娱乐业,,,87,广播、电视、电影和录音制作业
SZ002741,光华科技,C,制造业,CH,电气、电子及通讯,39,计算机、通信和其他电子设备制造业
SZ002742,*ST三圣,C,制造业,CF,金属、非金属,30,非金属矿物制品业
SZ002743,富煌钢构,C,制造业,CF,金属、非金属,33,金属制品业
SZ002745,木林森,C,制造业,CH,电气、电子及通讯,38,电气机械和器材制造业
SZ002746,仙坛股份,C,制造业,CA,食品、饮料、烟草,13,农副食品加工业
SZ002747,埃斯顿,C,制造业,CG,专用、通用及交通运输设备,34,通用设备制造业
SZ002748,世龙实业,C,制造业,CE,石油、化学、生物医药,26,化学原料和化学制品制造业
SZ002749,国光股份,C,制造业,CE,石油、化学、生物医药,26,化学原料和化学制品制造业
SZ002752,昇兴股份,C,制造业,CF,金属、非金属,33,金属制品业
SZ002753,永东股份,C,制造业,CE,石油、化学、生物医药,26,化学原料和化学制品制造业
SZ002755,奥赛康,C,制造业,CE,石油、化学、生物医药,27,医药制造业
SZ002756,永兴材料,C,制造业,CF,金属、非金属,32,有色金属冶炼和压延加工业
SZ002757,南兴股份,C,制造业,CG,专用、通用及交通运输设备,35,专用设备制造业
SZ002758,浙农股份,F,批发和零售业,,,51,批发业
SZ002759,天际股份,C,制造业,CE,石油、化学、生物医药,26,化学原料和化学制品制造业
SZ002760,凤形股份,C,制造业,CF,金属、非金属,33,金属制品业
SZ002761,浙江建投,E,建筑业,,,48,土木工程建筑业
SZ002762,*ST金比,C,制造业,CB,纺织、服装、鞋帽,18,纺织服装、服饰业
SZ002763,汇洁股份,C,制造业,CB,纺织、服装、鞋帽,18,纺织服装、服饰业
SZ002765,蓝黛科技,C,制造业,CG,专用、通用及交通运输设备,36,汽车制造业
SZ002766,索菱股份,C,制造业,CH,电气、电子及通讯,39,计算机、通信和其他电子设备制造业
SZ002767,先锋电子,C,制造业,CI,仪器、仪表,40,仪器仪表制造业
SZ002768,国恩股份,C,制造业,CE,石油、化学、生物医药,29,橡胶和塑料制品业
SZ002769,普路通,L,租赁和商务服务业,,,72,商务服务业
SZ002771,真视通,I,信息传输、软件和信息技术服务业,,,65,软件和信息技术服务业
SZ002772,众兴菌业,A,农、林、牧、渔业,,,01,农业
SZ002773,康弘药业,C,制造业,CE,石油、化学、生物医药,27,医药制造业
SZ002774,快意电梯,C,制造业,CG,专用、通用及交通运输设备,34,通用设备制造业
SZ002775,文科股份,E,建筑业,,,48,土木工程建筑业
SZ002777,久远银海,I,信息传输、软件和信息技术服务业,,,65,软件和信息技术服务业
SZ002778,中晟高科,C,制造业,CE,石油、化学、生物医药,25,石油、煤炭及其他燃料加工业
SZ002779,中坚科技,C,制造业,CG,专用、通用及交通运输设备,35,专用设备制造业
SZ002780,三夫户外,F,批发和零售业,,,52,零售业
SZ002782,可立克,C,制造业,CH,电气、电子及通讯,39,计算机、通信和其他电子设备制造业
SZ002783,凯龙股份,C,制造业,CE,石油、化学、生物医药,26,化学原料和化学制品制造业
SZ002785,万里石,C,制造业,CF,金属、非金属,30,非金属矿物制品业
SZ002786,银宝山新,C,制造业,CG,专用、通用及交通运输设备,35,专用设备制造业
SZ002787,华源控股,C,制造业,CF,金属、非金属,33,金属制品业
SZ002788,鹭燕医药,F,批发和零售业,,,51,批发业
SZ002789,*ST建艺,E,建筑业,,,50,建筑装饰、装修和其他建筑业
SZ002790,瑞尔特,C,制造业,CE,石油、化学、生物医药,29,橡胶和塑料制品业
SZ002791,坚朗五金,C,制造业,CF,金属、非金属,33,金属制品业
SZ002792,通宇通讯,C,制造业,CH,电气、电子及通讯,39,计算机、通信和其他电子设备制造业
SZ002793,罗欣药业,C,制造业,CE,石油、化学、生物医药,27,医药制造业
SZ002795,永和智控,C,制造业,CG,专用、通用及交通运输设备,34,通用设备制造业
SZ002796,世嘉科技,C,制造业,CH,电气、电子及通讯,39,计算机、通信和其他电子设备制造业
SZ002797,第一创业,J,金融业,,,67,资本市场服务
SZ002798,帝欧水华,C,制造业,CF,金属、非金属,30,非金属矿物制品业
SZ002799,环球印务,C,制造业,CD,造纸、印刷、文教,22,造纸和纸制品业
SZ002800,天顺股份,G,交通运输、仓储和邮政业,,,54,道路运输业
SZ002801,微光股份,C,制造业,CH,电气、电子及通讯,38,电气机械和器材制造业
SZ002802,洪汇新材,C,制造业,CE,石油、化学、生物医药,26,化学原料和化学制品制造业
SZ002803,吉宏股份,F,批发和零售业,,,52,零售业
SZ002805,丰元股份,C,制造业,CH,电气、电子及通讯,39,计算机、通信和其他电子设备制造业
SZ002806,华锋股份,C,制造业,CH,电气、电子及通讯,39,计算机、通信和其他电子设备制造业
SZ002807,江阴银行,J,金融业,,,66,货币金融服务
SZ002808,*ST恒久,C,制造业,CG,专用、通用及交通运输设备,34,通用设备制造业
SZ002809,红墙股份,C,制造业,CE,石油、化学、生物医药,26,化学原料和化学制品制造业
SZ002810,山东赫达,C,制造业,CE,石油、化学、生物医药,26,化学原料和化学制品制造业
SZ002811,郑中设计,M,科学研究和技术服务业,,,74,专业技术服务业
SZ002812,恩捷股份,C,制造业,CE,石油、化学、生物医药,29,橡胶和塑料制品业
SZ002813,路畅科技,C,制造业,CH,电气、电子及通讯,39,计算机、通信和其他电子设备制造业
SZ002815,崇达技术,C,制造业,CH,电气、电子及通讯,39,计算机、通信和其他电子设备制造业
SZ002816,*ST和科,C,制造业,CG,专用、通用及交通运输设备,34,通用设备制造业
SZ002817,黄山胶囊,C,制造业,CE,石油、化学、生物医药,27,医药制造业
SZ002818,富森美,L,租赁和商务服务业,,,72,商务服务业
SZ002819,东方中科,F,批发和零售业,,,51,批发业
SZ002820,桂发祥,C,制造业,CA,食品、饮料、烟草,14,食品制造业
SZ002821,凯莱英,C,制造业,CE,石油、化学、生物医药,27,医药制造业
SZ002822,*ST中装,E,建筑业,,,50,建筑装饰、装修和其他建筑业
SZ002823,凯中精密,C,制造业,CH,电气、电子及通讯,38,电气机械和器材制造业
SZ002824,和胜股份,C,制造业,CG,专用、通用及交通运输设备,36,汽车制造业
SZ002825,纳尔股份,C,制造业,CE,石油、化学、生物医药,29,橡胶和塑料制品业
SZ002826,易明医药,C,制造业,CE,石油、化学、生物医药,27,医药制造业
SZ002827,高争民爆,C,制造业,CE,石油、化学、生物医药,26,化学原料和化学制品制造业
SZ002828,贝肯能源,B,采矿业,,,11,开采专业及辅助性活动
SZ002829,星网宇达,C,制造业,CG,专用、通用及交通运输设备,37,铁路、船舶、航空航天和其他运输设备制造业
SZ002830,名雕股份,E,建筑业,,,50,建筑装饰、装修和其他建筑业
SZ002831,裕同科技,C,制造业,CD,造纸、印刷、文教,22,造纸和纸制品业
SZ002832,比音勒芬,C,制造业,CB,纺织、服装、鞋帽,18,纺织服装、服饰业
SZ002833,弘亚数控,C,制造业,CG,专用、通用及交通运输设备,35,专用设备制造业
SZ002835,同为股份,C,制造业,CH,电气、电子及通讯,39,计算机、通信和其他电子设备制造业
SZ002836,新宏泽,C,制造业,CD,造纸、印刷、文教,23,印刷和记录媒介复制业
SZ002837,英维克,C,制造业,CG,专用、通用及交通运输设备,35,专用设备制造业
SZ002838,道恩股份,C,制造业,CE,石油、化学、生物医药,29,橡胶和塑料制品业
SZ002839,张家港行,J,金融业,,,66,货币金融服务
SZ002840,华统股份,C,制造业,CA,食品、饮料、烟草,13,农副食品加工业
SZ002841,视源股份,C,制造业,CH,电气、电子及通讯,39,计算机、通信和其他电子设备制造业
SZ002842,翔鹭钨业,C,制造业,CF,金属、非金属,32,有色金属冶炼和压延加工业
SZ002843,泰嘉股份,C,制造业,CG,专用、通用及交通运输设备,34,通用设备制造业
SZ002845,同兴达,C,制造业,CH,电气、电子及通讯,39,计算机、通信和其他电子设备制造业
SZ002846,英联股份,C,制造业,CF,金属、非金属,33,金属制品业
SZ002847,盐津铺子,C,制造业,CA,食品、饮料、烟草,14,食品制造业
SZ002848,*ST高斯,C,制造业,CH,电气、电子及通讯,39,计算机、通信和其他电子设备制造业
SZ002849,威星智能,C,制造业,CI,仪器、仪表,40,仪器仪表制造业
SZ002850,科达利,C,制造业,CF,金属、非金属,33,金属制品业
SZ002851,麦格米特,C,制造业,CH,电气、电子及通讯,38,电气机械和器材制造业
SZ002852,道道全,C,制造业,CA,食品、饮料、烟草,13,农副食品加工业
SZ002853,皮阿诺,C,制造业,CC,木材、家具,21,家具制造业
SZ002855,捷荣技术,C,制造业,CH,电气、电子及通讯,39,计算机、通信和其他电子设备制造业
SZ002856,美芝股份,E,建筑业,,,50,建筑装饰、装修和其他建筑业
SZ002857,三晖电气,C,制造业,CI,仪器、仪表,40,仪器仪表制造业
SZ002858,力盛体育,R,文化、体育和娱乐业,,,89,体育
SZ002859,洁美科技,C,制造业,CH,电气、电子及通讯,39,计算机、通信和其他电子设备制造业
SZ002860,星帅尔,C,制造业,CH,电气、电子及通讯,38,电气机械和器材制造业
SZ002861,瀛通通讯,C,制造业,CH,电气、电子及通讯,39,计算机、通信和其他电子设备制造业
SZ002862,实丰文化,C,制造业,CD,造纸、印刷、文教,24,文教、工美、体育和娱乐用品制造业
SZ002863,今飞凯达,C,制造业,CG,专用、通用及交通运输设备,36,汽车制造业
SZ002864,盘龙药业,C,制造业,CE,石油、化学、生物医药,27,医药制造业
SZ002865,钧达股份,C,制造业,CH,电气、电子及通讯,38,电气机械和器材制造业
SZ002866,传艺科技,C,制造业,CH,电气、电子及通讯,39,计算机、通信和其他电子设备制造业
SZ002867,周大生,F,批发和零售业,,,51,批发业
SZ002868,*ST绿康,C,制造业,CE,石油、化学、生物医药,27,医药制造业
SZ002869,金溢科技,C,制造业,CH,电气、电子及通讯,39,计算机、通信和其他电子设备制造业
SZ002870,香山股份,C,制造业,CG,专用、通用及交通运输设备,36,汽车制造业
SZ002871,伟隆股份,C,制造业,CG,专用、通用及交通运输设备,34,通用设备制造业
SZ002872,ST天圣,C,制造业,CE,石油、化学、生物医药,27,医药制造业
SZ002873,新天药业,C,制造业,CE,石油、化学、生物医药,27,医药制造业
SZ002875,安奈儿,C,制造业,CB,纺织、服装、鞋帽,18,纺织服装、服饰业
SZ002876,三利谱,C,制造业,CH,电气、电子及通讯,39,计算机、通信和其他电子设备制造业
SZ002877,智能自控,C,制造业,CG,专用、通用及交通运输设备,34,通用设备制造业
SZ002878,元隆雅图,L,租赁和商务服务业,,,72,商务服务业
SZ002879,长缆科技,C,制造业,CH,电气、电子及通讯,38,电气机械和器材制造业
SZ002880,卫光生物,C,制造业,CE,石油、化学、生物医药,27,医药制造业
SZ002881,美格智能,C,制造业,CH,电气、电子及通讯,39,计算机、通信和其他电子设备制造业
SZ002882,金龙羽,C,制造业,CH,电气、电子及通讯,38,电气机械和器材制造业
SZ002883,中设股份,M,科学研究和技术服务业,,,74,专业技术服务业
SZ002884,凌霄泵业,C,制造业,CG,专用、通用及交通运输设备,34,通用设备制造业
SZ002885,京泉华,C,制造业,CH,电气、电子及通讯,39,计算机、通信和其他电子设备制造业
SZ002886,沃特股份,C,制造业,CE,石油、化学、生物医药,29,橡胶和塑料制品业
SZ002887,绿茵生态,N,水利、环境和公共设施管理业,,,77,生态保护和环境治理业
SZ002888,惠威科技,C,制造业,CH,电气、电子及通讯,39,计算机、通信和其他电子设备制造业
SZ002889,东方嘉盛,L,租赁和商务服务业,,,72,商务服务业
SZ002890,弘宇股份,C,制造业,CG,专用、通用及交通运输设备,35,专用设备制造业
SZ002891,中宠股份,C,制造业,CA,食品、饮料、烟草,13,农副食品加工业
SZ002892,科力尔,C,制造业,CH,电气、电子及通讯,38,电气机械和器材制造业
SZ002893,京能热力,D,电力、热力、燃气及水生产和供应业,,,44,电力、热力生产和供应业
SZ002895,川恒股份,C,制造业,CE,石油、化学、生物医药,26,化学原料和化学制品制造业
SZ002896,中大力德,C,制造业,CG,专用、通用及交通运输设备,34,通用设备制造业
SZ002897,意华股份,C,制造业,CH,电气、电子及通讯,38,电气机械和器材制造业
SZ002898,*ST赛隆,C,制造业,CE,石油、化学、生物医药,27,医药制造业
SZ002899,英派斯,C,制造业,CD,造纸、印刷、文教,24,文教、工美、体育和娱乐用品制造业
SZ002900,哈三联,C,制造业,CE,石油、化学、生物医药,27,医药制造业
SZ002901,大博医疗,C,制造业,CG,专用、通用及交通运输设备,35,专用设备制造业
SZ002902,铭普光磁,C,制造业,CH,电气、电子及通讯,39,计算机、通信和其他电子设备制造业
SZ002903,宇环数控,C,制造业,CG,专用、通用及交通运输设备,34,通用设备制造业
SZ002905,金逸影视,R,文化、体育和娱乐业,,,87,广播、电视、电影和录音制作业
SZ002906,华阳集团,C,制造业,CH,电气、电子及通讯,39,计算机、通信和其他电子设备制造业
SZ002907,华森制药,C,制造业,CE,石油、化学、生物医药,27,医药制造业
SZ002908,德生科技,I,信息传输、软件和信息技术服务业,,,65,软件和信息技术服务业
SZ002909,集泰股份,C,制造业,CE,石油、化学、生物医药,26,化学原料和化学制品制造业
SZ002910,庄园牧场,C,制造业,CA,食品、饮料、烟草,14,食品制造业
SZ002911,佛燃能源,D,电力、热力、燃气及水生产和供应业,,,45,燃气生产和供应业
SZ002912,中新赛克,I,信息传输、软件和信息技术服务业,,,65,软件和信息技术服务业
SZ002913,奥士康,C,制造业,CH,电气、电子及通讯,39,计算机、通信和其他电子设备制造业
SZ002915,中欣氟材,C,制造业,CE,石油、化学、生物医药,26,化学原料和化学制品制造业
SZ002916,深南电路,C,制造业,CH,电气、电子及通讯,39,计算机、通信和其他电子设备制造业
SZ002917,金奥博,C,制造业,CE,石油、化学、生物医药,26,化学原料和化学制品制造业
SZ002918,蒙娜丽莎,C,制造业,CF,金属、非金属,30,非金属矿物制品业
SZ002919,名臣健康,I,信息传输、软件和信息技术服务业,,,64,互联网和相关服务
SZ002920,德赛西威,C,制造业,CH,电气、电子及通讯,39,计算机、通信和其他电子设备制造业
SZ002921,联诚精密,C,制造业,CG,专用、通用及交通运输设备,34,通用设备制造业
SZ002922,伊戈尔,C,制造业,CH,电气、电子及通讯,38,电气机械和器材制造业
SZ002923,润都股份,C,制造业,CE,石油、化学、生物医药,27,医药制造业
SZ002925,盈趣科技,C,制造业,CH,电气、电子及通讯,39,计算机、通信和其他电子设备制造业
SZ002926,华西证券,J,金融业,,,67,资本市场服务
SZ002927,泰永长征,C,制造业,CH,电气、电子及通讯,38,电气机械和器材制造业
SZ002928,华夏航空,G,交通运输、仓储和邮政业,,,56,航空运输业
SZ002929,润建股份,I,信息传输、软件和信息技术服务业,,,65,软件和信息技术服务业
SZ002930,宏川智慧,G,交通运输、仓储和邮政业,,,59,装卸搬运和仓储业
SZ002931,锋龙股份,C,制造业,CG,专用、通用及交通运输设备,35,专用设备制造业
SZ002932,明德生物,C,制造业,CE,石油、化学、生物医药,27,医药制造业
SZ002933,新兴装备,C,制造业,CG,专用、通用及交通运输设备,37,铁路、船舶、航空航天和其他运输设备制造业
SZ002935,天奥电子,C,制造业,CH,电气、电子及通讯,39,计算机、通信和其他电子设备制造业
SZ002936,郑州银行,J,金融业,,,66,货币金融服务
SZ002937,兴瑞科技,C,制造业,CH,电气、电子及通讯,39,计算机、通信和其他电子设备制造业
SZ002938,鹏鼎控股,C,制造业,CH,电气、电子及通讯,39,计算机、通信和其他电子设备制造业
SZ002939,长城证券,J,金融业,,,67,资本市场服务
SZ002940,昂利康,C,制造业,CE,石油、化学、生物医药,27,医药制造业
SZ002941,新疆交建,E,建筑业,,,48,土木工程建筑业
SZ002942,新农股份,C,制造业,CE,石油、化学、生物医药,26,化学原料和化学制品制造业
SZ002943,宇晶股份,C,制造业,CG,专用、通用及交通运输设备,34,通用设备制造业
SZ002945,华林证券,J,金融业,,,67,资本市场服务
SZ002946,新乳业,C,制造业,CA,食品、饮料、烟草,14,食品制造业
SZ002947,恒铭达,C,制造业,CH,电气、电子及通讯,39,计算机、通信和其他电子设备制造业
SZ002948,青岛银行,J,金融业,,,66,货币金融服务
SZ002949,华阳国际,M,科学研究和技术服务业,,,74,专业技术服务业
SZ002950,奥美医疗,C,制造业,CE,石油、化学、生物医药,27,医药制造业
SZ002951,金时科技,C,制造业,CD,造纸、印刷、文教,23,印刷和记录媒介复制业
SZ002952,亚世光电,C,制造业,CH,电气、电子及通讯,39,计算机、通信和其他电子设备制造业
SZ002953,日丰股份,C,制造业,CH,电气、电子及通讯,38,电气机械和器材制造业
SZ002955,鸿合科技,C,制造业,CH,电气、电子及通讯,39,计算机、通信和其他电子设备制造业
SZ002956,西麦食品,C,制造业,CA,食品、饮料、烟草,14,食品制造业
SZ002957,科瑞技术,C,制造业,CG,专用、通用及交通运输设备,35,专用设备制造业
SZ002958,青农商行,J,金融业,,,66,货币金融服务
SZ002959,小熊电器,C,制造业,CH,电气、电子及通讯,38,电气机械和器材制造业
SZ002960,青鸟消防,C,制造业,CH,电气、电子及通讯,39,计算机、通信和其他电子设备制造业
SZ002961,瑞达期货,J,金融业,,,67,资本市场服务
SZ002962,五方光电,C,制造业,CH,电气、电子及通讯,39,计算机、通信和其他电子设备制造业
SZ002963,豪尔赛,E,建筑业,,,50,建筑装饰、装修和其他建筑业
SZ002965,祥鑫科技,C,制造业,CG,专用、通用及交通运输设备,36,汽车制造业
SZ002966,苏州银行,J,金融业,,,66,货币金融服务
SZ002967,广电计量,M,科学研究和技术服务业,,,74,专业技术服务业
SZ002968,新大正,K,房地产业,,,70,房地产业
SZ002969,嘉美包装,C,制造业,CF,金属、非金属,33,金属制品业
SZ002970,锐明技术,I,信息传输、软件和信息技术服务业,,,65,软件和信息技术服务业
SZ002971,和远气体,C,制造业,CE,石油、化学、生物医药,26,化学原料和化学制品制造业
SZ002972,科安达,C,制造业,CH,电气、电子及通讯,39,计算机、通信和其他电子设备制造业
SZ002973,侨银股份,N,水利、环境和公共设施管理业,,,78,公共设施管理业
SZ002975,博杰股份,C,制造业,CG,专用、通用及交通运输设备,35,专用设备制造业
SZ002976,瑞玛精密,C,制造业,CF,金属、非金属,33,金属制品业
SZ002977,天箭科技,C,制造业,CH,电气、电子及通讯,39,计算机、通信和其他电子设备制造业
SZ002978,安宁股份,B,采矿业,,,09,有色金属矿采选业
SZ002979,雷赛智能,C,制造业,CI,仪器、仪表,40,仪器仪表制造业
SZ002980,华盛昌,C,制造业,CI,仪器、仪表,40,仪器仪表制造业
SZ002981,朝阳科技,C,制造业,CH,电气、电子及通讯,39,计算机、通信和其他电子设备制造业
SZ002982,湘佳股份,A,农、林、牧、渔业,,,03,畜牧业
SZ002983,芯瑞达,C,制造业,CH,电气、电子及通讯,39,计算机、通信和其他电子设备制造业
SZ002984,森麒麟,C,制造业,CE,石油、化学、生物医药,29,橡胶和塑料制品业
SZ002985,北摩高科,C,制造业,CG,专用、通用及交通运输设备,37,铁路、船舶、航空航天和其他运输设备制造业
SZ002986,宇新股份,C,制造业,CE,石油、化学、生物医药,26,化学原料和化学制品制造业
SZ002987,京北方,I,信息传输、软件和信息技术服务业,,,65,软件和信息技术服务业
SZ002988,豪美新材,C,制造业,CF,金属、非金属,32,有色金属冶炼和压延加工业
SZ002989,中天精装,E,建筑业,,,50,建筑装饰、装修和其他建筑业
SZ002990,盛视科技,I,信息传输、软件和信息技术服务业,,,65,软件和信息技术服务业
SZ002991,甘源食品,C,制造业,CA,食品、饮料、烟草,13,农副食品加工业
SZ002992,宝明科技,C,制造业,CH,电气、电子及通讯,39,计算机、通信和其他电子设备制造业
SZ002993,奥海科技,C,制造业,CH,电气、电子及通讯,39,计算机、通信和其他电子设备制造业
SZ002995,天地在线,L,租赁和商务服务业,,,72,商务服务业
SZ002996,顺博合金,C,制造业,CJ,其他制造业,42,废弃资源综合利用业
SZ002997,瑞鹄模具,C,制造业,CG,专用、通用及交通运输设备,35,专用设备制造业
SZ002998,优彩资源,C,制造业,CE,石油、化学、生物医药,28,化学纤维制造业
SZ002999,天禾股份,F,批发和零售业,,,52,零售业
SZ003000,劲仔食品,C,制造业,CA,食品、饮料、烟草,13,农副食品加工业
SZ003001,中岩大地,E,建筑业,,,48,土木工程建筑业
SZ003002,壶化股份,C,制造业,CE,石油、化学、生物医药,26,化学原料和化学制品制造业
SZ003003,天元股份,C,制造业,CD,造纸、印刷、文教,23,印刷和记录媒介复制业
SZ003004,*ST声迅,I,信息传输、软件和信息技术服务业,,,65,软件和信息技术服务业
SZ003005,竞业达,I,信息传输、软件和信息技术服务业,,,65,软件和信息技术服务业
SZ003006,百亚股份,C,制造业,CD,造纸、印刷、文教,22,造纸和纸制品业
SZ003007,直真科技,I,信息传输、软件和信息技术服务业,,,65,软件和信息技术服务业
SZ003008,开普检测,M,科学研究和技术服务业,,,74,专业技术服务业
SZ003009,中天火箭,C,制造业,CG,专用、通用及交通运输设备,37,铁路、船舶、航空航天和其他运输设备制造业
SZ003010,若羽臣,I,信息传输、软件和信息技术服务业,,,64,互联网和相关服务
SZ003011,海象新材,C,制造业,CE,石油、化学、生物医药,29,橡胶和塑料制品业
SZ003012,东鹏控股,C,制造业,CF,金属、非金属,30,非金属矿物制品业
SZ003013,地铁设计,M,科学研究和技术服务业,,,74,专业技术服务业
SZ003015,日久光电,C,制造业,CH,电气、电子及通讯,39,计算机、通信和其他电子设备制造业
SZ003016,欣贺股份,C,制造业,CB,纺织、服装、鞋帽,18,纺织服装、服饰业
SZ003017,大洋生物,C,制造业,CE,石油、化学、生物医药,26,化学原料和化学制品制造业
SZ003018,金富科技,C,制造业,CE,石油、化学、生物医药,29,橡胶和塑料制品业
SZ003019,宸展光电,C,制造业,CH,电气、电子及通讯,39,计算机、通信和其他电子设备制造业
SZ003020,立方制药,C,制造业,CE,石油、化学、生物医药,27,医药制造业
SZ003021,兆威机电,C,制造业,CH,电气、电子及通讯,38,电气机械和器材制造业
SZ003022,联泓新科,C,制造业,CE,石油、化学、生物医药,26,化学原料和化学制品制造业
SZ003023,彩虹集团,C,制造业,CH,电气、电子及通讯,38,电气机械和器材制造业
SZ003025,思进智能,C,制造业,CG,专用、通用及交通运输设备,34,通用设备制造业
SZ003026,中晶科技,C,制造业,CH,电气、电子及通讯,39,计算机、通信和其他电子设备制造业
SZ003027,同兴科技,N,水利、环境和公共设施管理业,,,77,生态保护和环境治理业
SZ003028,振邦智能,C,制造业,CH,电气、电子及通讯,39,计算机、通信和其他电子设备制造业
SZ003029,吉大正元,I,信息传输、软件和信息技术服务业,,,65,软件和信息技术服务业
SZ003030,祖名股份,C,制造业,CA,食品、饮料、烟草,13,农副食品加工业
SZ003031,中瓷电子,C,制造业,CH,电气、电子及通讯,39,计算机、通信和其他电子设备制造业
SZ003032,*ST传智,P,教育,,,83,教育
SZ003033,征和工业,C,制造业,CG,专用、通用及交通运输设备,37,铁路、船舶、航空航天和其他运输设备制造业
SZ003035,南网能源,M,科学研究和技术服务业,,,75,科技推广和应用服务业
SZ003036,泰坦股份,C,制造业,CG,专用、通用及交通运输设备,35,专用设备制造业
SZ003037,三和管桩,C,制造业,CF,金属、非金属,30,非金属矿物制品业
SZ003038,鑫铂股份,C,制造业,CF,金属、非金属,32,有色金属冶炼和压延加工业
SZ003039,顺控发展,D,电力、热力、燃气及水生产和供应业,,,46,水的生产和供应业
SZ003040,楚天龙,C,制造业,CH,电气、电子及通讯,39,计算机、通信和其他电子设备制造业
SZ003041,真爱美家,C,制造业,CB,纺织、服装、鞋帽,17,纺织业
SZ003042,中农联合,C,制造业,CE,石油、化学、生物医药,26,化学原料和化学制品制造业
SZ003043,华亚智能,C,制造业,CF,金属、非金属,33,金属制品业
SZ003816,中国广核,D,电力、热力、燃气及水生产和供应业,,,44,电力、热力生产和供应业
SZ200468,宁通信B,C,制造业,CH,电气、电子及通讯,39,计算机、通信和其他电子设备制造业
SZ200512,闽灿坤B,C,制造业,CH,电气、电子及通讯,38,电气机械和器材制造业
SZ200706,瓦轴B,C,制造业,CG,专用、通用及交通运输设备,34,通用设备制造业
SZ200771,杭汽轮B,C,制造业,CG,专用、通用及交通运输设备,34,通用设备制造业
SZ200992,中鲁B,A,农、林、牧、渔业,,,04,渔业
SZ300001,特锐德,C,制造业,CH,电气、电子及通讯,38,电气机械和器材制造业
SZ300002,神州泰岳,I,信息传输、软件和信息技术服务业,,,64,互联网和相关服务
SZ300003,乐普医疗,C,制造业,CG,专用、通用及交通运输设备,35,专用设备制造业
SZ300004,南风股份,C,制造业,CG,专用、通用及交通运输设备,34,通用设备制造业
SZ300005,探路者,C,制造业,CB,纺织、服装、鞋帽,18,纺织服装、服饰业
SZ300006,莱美药业,C,制造业,CE,石油、化学、生物医药,27,医药制造业
SZ300007,汉威科技,I,信息传输、软件和信息技术服务业,,,65,软件和信息技术服务业
SZ300008,天海防务,C,制造业,CG,专用、通用及交通运输设备,37,铁路、船舶、航空航天和其他运输设备制造业
SZ300009,安科生物,C,制造业,CE,石油、化学、生物医药,27,医药制造业
SZ300010,豆神教育,I,信息传输、软件和信息技术服务业,,,65,软件和信息技术服务业
SZ300011,鼎汉技术,C,制造业,CG,专用、通用及交通运输设备,37,铁路、船舶、航空航天和其他运输设备制造业
SZ300012,华测检测,M,科学研究和技术服务业,,,74,专业技术服务业
SZ300013,新宁物流,G,交通运输、仓储和邮政业,,,59,装卸搬运和仓储业
SZ300014,亿纬锂能,C,制造业,CH,电气、电子及通讯,38,电气机械和器材制造业
SZ300015,爱尔眼科,Q,卫生和社会工作,,,84,卫生
SZ300016,北陆药业,C,制造业,CE,石油、化学、生物医药,27,医药制造业
SZ300017,网宿科技,I,信息传输、软件和信息技术服务业,,,65,软件和信息技术服务业
SZ300018,中元股份,C,制造业,CH,电气、电子及通讯,38,电气机械和器材制造业
SZ300019,硅宝科技,C,制造业,CE,石油、化学、生物医药,26,化学原料和化学制品制造业
SZ300020,ST银江,I,信息传输、软件和信息技术服务业,,,65,软件和信息技术服务业
SZ300021,大禹节水,N,水利、环境和公共设施管理业,,,76,水利管理业
SZ300022,吉峰科技,F,批发和零售业,,,51,批发业
SZ300024,机器人,C,制造业,CG,专用、通用及交通运输设备,34,通用设备制造业
SZ300025,华星创业,I,信息传输、软件和信息技术服务业,,,65,软件和信息技术服务业
SZ300026,红日药业,C,制造业,CE,石油、化学、生物医药,27,医药制造业
SZ300027,华谊兄弟,R,文化、体育和娱乐业,,,87,广播、电视、电影和录音制作业
SZ300029,*ST天龙,E,建筑业,,,48,土木工程建筑业
SZ300030,阳普医疗,C,制造业,CG,专用、通用及交通运输设备,35,专用设备制造业
SZ300031,宝通科技,I,信息传输、软件和信息技术服务业,,,64,互联网和相关服务
SZ300032,金龙机电,C,制造业,CH,电气、电子及通讯,38,电气机械和器材制造业
SZ300033,同花顺,J,金融业,,,69,其他金融业
SZ300034,钢研高纳,C,制造业,CF,金属、非金属,32,有色金属冶炼和压延加工业
SZ300035,中科电气,C,制造业,CH,电气、电子及通讯,39,计算机、通信和其他电子设备制造业
SZ300036,超图软件,I,信息传输、软件和信息技术服务业,,,65,软件和信息技术服务业
SZ300037,新宙邦,C,制造业,CH,电气、电子及通讯,39,计算机、通信和其他电子设备制造业
SZ300039,上海凯宝,C,制造业,CE,石油、化学、生物医药,27,医药制造业
SZ300040,九洲集团,D,电力、热力、燃气及水生产和供应业,,,44,电力、热力生产和供应业
SZ300041,回天新材,C,制造业,CE,石油、化学、生物医药,26,化学原料和化学制品制造业
SZ300042,朗科科技,C,制造业,CH,电气、电子及通讯,39,计算机、通信和其他电子设备制造业
SZ300043,星辉娱乐,I,信息传输、软件和信息技术服务业,,,64,互联网和相关服务
SZ300044,ST赛为,I,信息传输、软件和信息技术服务业,,,65,软件和信息技术服务业
SZ300045,华力创通,C,制造业,CH,电气、电子及通讯,39,计算机、通信和其他电子设备制造业
SZ300046,台基股份,C,制造业,CH,电气、电子及通讯,39,计算机、通信和其他电子设备制造业
SZ300047,天源迪科,I,信息传输、软件和信息技术服务业,,,65,软件和信息技术服务业
SZ300048,合康新能,C,制造业,CH,电气、电子及通讯,38,电气机械和器材制造业
SZ300049,福瑞股份,C,制造业,CG,专用、通用及交通运输设备,35,专用设备制造业
SZ300050,世纪鼎利,I,信息传输、软件和信息技术服务业,,,65,软件和信息技术服务业
SZ300051,琏升科技,I,信息传输、软件和信息技术服务业,,,65,软件和信息技术服务业
SZ300052,ST中青宝,I,信息传输、软件和信息技术服务业,,,64,互联网和相关服务
SZ300053,航宇微,C,制造业,CH,电气、电子及通讯,39,计算机、通信和其他电子设备制造业
SZ300054,鼎龙股份,C,制造业,CH,电气、电子及通讯,39,计算机、通信和其他电子设备制造业
SZ300055,万邦达,C,制造业,CE,石油、化学、生物医药,26,化学原料和化学制品制造业
SZ300056,中创环保,C,制造业,CG,专用、通用及交通运输设备,35,专用设备制造业
SZ300057,万顺新材,C,制造业,CF,金属、非金属,32,有色金属冶炼和压延加工业
SZ300058,蓝色光标,L,租赁和商务服务业,,,72,商务服务业
SZ300059,东方财富,J,金融业,,,67,资本市场服务
SZ300061,旗天科技,L,租赁和商务服务业,,,72,商务服务业
SZ300062,中能电气,C,制造业,CH,电气、电子及通讯,38,电气机械和器材制造业
SZ300063,天龙集团,L,租赁和商务服务业,,,72,商务服务业
SZ300065,海兰信,C,制造业,CH,电气、电子及通讯,39,计算机、通信和其他电子设备制造业
SZ300066,三川智慧,C,制造业,CI,仪器、仪表,40,仪器仪表制造业
SZ300067,安诺其,C,制造业,CE,石油、化学、生物医药,26,化学原料和化学制品制造业
SZ300068,南都电源,C,制造业,CH,电气、电子及通讯,38,电气机械和器材制造业
SZ300069,金利华电,C,制造业,CH,电气、电子及通讯,38,电气机械和器材制造业
SZ300070,碧水源,N,水利、环境和公共设施管理业,,,77,生态保护和环境治理业
SZ300071,福石控股,L,租赁和商务服务业,,,72,商务服务业
SZ300072,海新能科,C,制造业,CE,石油、化学、生物医药,26,化学原料和化学制品制造业
SZ300073,当升科技,C,制造业,CH,电气、电子及通讯,39,计算机、通信和其他电子设备制造业
SZ300074,华平股份,I,信息传输、软件和信息技术服务业,,,65,软件和信息技术服务业
SZ300075,数字政通,I,信息传输、软件和信息技术服务业,,,65,软件和信息技术服务业
SZ300076,GQY视讯,C,制造业,CH,电气、电子及通讯,39,计算机、通信和其他电子设备制造业
SZ300077,国民技术,C,制造业,CH,电气、电子及通讯,39,计算机、通信和其他电子设备制造业
SZ300078,思创医惠,C,制造业,CH,电气、电子及通讯,39,计算机、通信和其他电子设备制造业
SZ300079,数码视讯,C,制造业,CH,电气、电子及通讯,39,计算机、通信和其他电子设备制造业
SZ300080,易成新能,C,制造业,CH,电气、电子及通讯,38,电气机械和器材制造业
SZ300081,恒信东方,I,信息传输、软件和信息技术服务业,,,65,软件和信息技术服务业
SZ300082,奥克股份,C,制造业,CE,石油、化学、生物医药,26,化学原料和化学制品制造业
SZ300083,创世纪,C,制造业,CG,专用、通用及交通运输设备,34,通用设备制造业
SZ300084,海默科技,B,采矿业,,,11,开采专业及辅助性活动
SZ300085,银之杰,I,信息传输、软件和信息技术服务业,,,65,软件和信息技术服务业
SZ300086,康芝药业,C,制造业,CE,石油、化学、生物医药,27,医药制造业
SZ300087,荃银高科,A,农、林、牧、渔业,,,05,农、林、牧、渔专业及辅助性活动
SZ300088,长信科技,C,制造业,CH,电气、电子及通讯,39,计算机、通信和其他电子设备制造业
SZ300091,金通灵,C,制造业,CG,专用、通用及交通运输设备,34,通用设备制造业
SZ300092,科新机电,C,制造业,CG,专用、通用及交通运输设备,35,专用设备制造业
SZ300093,*ST金刚,C,制造业,CH,电气、电子及通讯,38,电气机械和器材制造业
SZ300094,国联水产,C,制造业,CA,食品、饮料、烟草,13,农副食品加工业
SZ300095,华伍股份,C,制造业,CG,专用、通用及交通运输设备,34,通用设备制造业
SZ300096,ST易联众,I,信息传输、软件和信息技术服务业,,,65,软件和信息技术服务业
SZ300097,ST智云,C,制造业,CG,专用、通用及交通运输设备,35,专用设备制造业
SZ300098,高新兴,I,信息传输、软件和信息技术服务业,,,65,软件和信息技术服务业
SZ300099,尤洛卡,C,制造业,CG,专用、通用及交通运输设备,35,专用设备制造业
SZ300100,双林股份,C,制造业,CG,专用、通用及交通运输设备,36,汽车制造业
SZ300101,振芯科技,I,信息传输、软件和信息技术服务业,,,65,软件和信息技术服务业
SZ300102,乾照光电,C,制造业,CH,电气、电子及通讯,39,计算机、通信和其他电子设备制造业
SZ300103,达刚控股,C,制造业,CJ,其他制造业,42,废弃资源综合利用业
SZ300105,龙源技术,C,制造业,CH,电气、电子及通讯,38,电气机械和器材制造业
SZ300106,西部牧业,C,制造业,CA,食品、饮料、烟草,14,食品制造业
SZ300107,建新股份,C,制造业,CE,石油、化学、生物医药,26,化学原料和化学制品制造业
SZ300109,新开源,C,制造业,CE,石油、化学、生物医药,26,化学原料和化学制品制造业
SZ300110,华仁药业,C,制造业,CE,石油、化学、生物医药,27,医药制造业
SZ300111,向日葵,C,制造业,CE,石油、化学、生物医药,27,医药制造业
SZ300112,万讯自控,C,制造业,CI,仪器、仪表,40,仪器仪表制造业
SZ300113,顺网科技,I,信息传输、软件和信息技术服务业,,,64,互联网和相关服务
SZ300115,长盈精密,C,制造业,CH,电气、电子及通讯,39,计算机、通信和其他电子设备制造业
SZ300118,东方日升,C,制造业,CH,电气、电子及通讯,38,电气机械和器材制造业
SZ300119,瑞普生物,C,制造业,CE,石油、化学、生物医药,27,医药制造业
SZ300120,经纬辉开,C,制造业,CH,电气、电子及通讯,39,计算机、通信和其他电子设备制造业
SZ300121,阳谷华泰,C,制造业,CE,石油、化学、生物医药,26,化学原料和化学制品制造业
SZ300122,智飞生物,C,制造业,CE,石油、化学、生物医药,27,医药制造业
SZ300123,亚光科技,C,制造业,CH,电气、电子及通讯,39,计算机、通信和其他电子设备制造业
SZ300124,汇川技术,C,制造业,CH,电气、电子及通讯,38,电气机械和器材制造业
SZ300125,*ST聆达,C,制造业,CH,电气、电子及通讯,38,电气机械和器材制造业
SZ300126,锐奇股份,C,制造业,CG,专用、通用及交通运输设备,34,通用设备制造业
SZ300127,银河磁体,C,制造业,CH,电气、电子及通讯,39,计算机、通信和其他电子设备制造业
SZ300128,锦富技术,C,制造业,CH,电气、电子及通讯,39,计算机、通信和其他电子设备制造业
SZ300129,泰胜风能,C,制造业,CH,电气、电子及通讯,38,电气机械和器材制造业
SZ300130,新国都,C,制造业,CG,专用、通用及交通运输设备,35,专用设备制造业
SZ300131,英唐智控,F,批发和零售业,,,51,批发业
SZ300132,青松股份,C,制造业,CE,石油、化学、生物医药,26,化学原料和化学制品制造业
SZ300133,华策影视,R,文化、体育和娱乐业,,,87,广播、电视、电影和录音制作业
SZ300134,大富科技,C,制造业,CH,电气、电子及通讯,39,计算机、通信和其他电子设备制造业
SZ300135,宝利国际,C,制造业,CE,石油、化学、生物医药,25,石油、煤炭及其他燃料加工业
SZ300136,信维通信,C,制造业,CH,电气、电子及通讯,39,计算机、通信和其他电子设备制造业
SZ300137,ST先河,C,制造业,CI,仪器、仪表,40,仪器仪表制造业
SZ300138,晨光生物,C,制造业,CA,食品、饮料、烟草,13,农副食品加工业
SZ300139,晓程科技,B,采矿业,,,09,有色金属矿采选业
SZ300140,节能环境,N,水利、环境和公共设施管理业,,,77,生态保护和环境治理业
SZ300141,和顺电气,C,制造业,CH,电气、电子及通讯,38,电气机械和器材制造业
SZ300142,沃森生物,C,制造业,CE,石油、化学、生物医药,27,医药制造业
SZ300143,盈康生命,Q,卫生和社会工作,,,84,卫生
SZ300144,宋城演艺,R,文化、体育和娱乐业,,,88,文化艺术业
SZ300145,南方泵业,C,制造业,CG,专用、通用及交通运输设备,34,通用设备制造业
SZ300146,汤臣倍健,C,制造业,CA,食品、饮料、烟草,14,食品制造业
SZ300147,ST香雪,C,制造业,CE,石油、化学、生物医药,27,医药制造业
SZ300148,天舟文化,R,文化、体育和娱乐业,,,86,新闻和出版业
SZ300149,睿智医药,M,科学研究和技术服务业,,,73,研究和试验发展
SZ300150,世纪瑞尔,I,信息传输、软件和信息技术服务业,,,65,软件和信息技术服务业
SZ300151,昌红科技,C,制造业,CG,专用、通用及交通运输设备,35,专用设备制造业
SZ300152,ST新动力,C,制造业,CG,专用、通用及交通运输设备,34,通用设备制造业
SZ300153,科泰电源,C,制造业,CH,电气、电子及通讯,38,电气机械和器材制造业
SZ300154,瑞凌股份,C,制造业,CG,专用、通用及交通运输设备,34,通用设备制造业
SZ300155,安居宝,C,制造业,CH,电气、电子及通讯,39,计算机、通信和其他电子设备制造业
SZ300157,新锦动力,C,制造业,CG,专用、通用及交通运输设备,34,通用设备制造业
SZ300158,振东制药,C,制造业,CE,石油、化学、生物医药,27,医药制造业
SZ300159,*ST新研,C,制造业,CG,专用、通用及交通运输设备,35,专用设备制造业
SZ300160,秀强股份,C,制造业,CF,金属、非金属,30,非金属矿物制品业
SZ300161,华中数控,C,制造业,CG,专用、通用及交通运输设备,34,通用设备制造业
SZ300162,雷曼光电,C,制造业,CH,电气、电子及通讯,39,计算机、通信和其他电子设备制造业
SZ300163,先锋新材,C,制造业,CB,纺织、服装、鞋帽,17,纺织业
SZ300164,通源石油,B,采矿业,,,11,开采专业及辅助性活动
SZ300165,ST天瑞,C,制造业,CI,仪器、仪表,40,仪器仪表制造业
SZ300166,东方国信,I,信息传输、软件和信息技术服务业,,,65,软件和信息技术服务业
SZ300167,ST迪威迅,I,信息传输、软件和信息技术服务业,,,65,软件和信息技术服务业
SZ300168,万达信息,I,信息传输、软件和信息技术服务业,,,65,软件和信息技术服务业
SZ300169,天晟新材,C,制造业,CE,石油、化学、生物医药,29,橡胶和塑料制品业
SZ300170,汉得信息,I,信息传输、软件和信息技术服务业,,,65,软件和信息技术服务业
SZ300171,东富龙,C,制造业,CG,专用、通用及交通运输设备,35,专用设备制造业
SZ300172,中电环保,D,电力、热力、燃气及水生产和供应业,,,46,水的生产和供应业
SZ300173,福能东方,C,制造业,CG,专用、通用及交通运输设备,35,专用设备制造业
SZ300174,元力股份,C,制造业,CE,石油、化学、生物医药,26,化学原料和化学制品制造业
SZ300175,ST朗源,C,制造业,CA,食品、饮料、烟草,13,农副食品加工业
SZ300176,鸿特科技,C,制造业,CG,专用、通用及交通运输设备,36,汽车制造业
SZ300177,中海达,C,制造业,CH,电气、电子及通讯,39,计算机、通信和其他电子设备制造业
SZ300179,四方达,C,制造业,CF,金属、非金属,30,非金属矿物制品业
SZ300180,华峰超纤,C,制造业,CE,石油、化学、生物医药,29,橡胶和塑料制品业
SZ300181,佐力药业,C,制造业,CE,石油、化学、生物医药,27,医药制造业
SZ300182,捷成股份,R,文化、体育和娱乐业,,,87,广播、电视、电影和录音制作业
SZ300183,东软载波,C,制造业,CI,仪器、仪表,40,仪器仪表制造业
SZ300184,力源信息,F,批发和零售业,,,51,批发业
SZ300185,通裕重工,C,制造业,CF,金属、非金属,33,金属制品业
SZ300187,永清环保,N,水利、环境和公共设施管理业,,,77,生态保护和环境治理业
SZ300188,国投智能,I,信息传输、软件和信息技术服务业,,,65,软件和信息技术服务业
SZ300189,神农种业,A,农、林、牧、渔业,,,05,农、林、牧、渔专业及辅助性活动
SZ300190,维尔利,N,水利、环境和公共设施管理业,,,77,生态保护和环境治理业
SZ300191,潜能恒信,B,采矿业,,,07,石油和天然气开采业
SZ300192,科德教育,P,教育,,,83,教育
SZ300193,佳士科技,C,制造业,CG,专用、通用及交通运输设备,34,通用设备制造业
SZ300194,福安药业,C,制造业,CE,石油、化学、生物医药,27,医药制造业
SZ300195,长荣股份,C,制造业,CG,专用、通用及交通运输设备,35,专用设备制造业
SZ300196,长海股份,C,制造业,CF,金属、非金属,30,非金属矿物制品业
SZ300197,节能铁汉,N,水利、环境和公共设施管理业,,,77,生态保护和环境治理业
SZ300198,ST纳川,C,制造业,CE,石油、化学、生物医药,29,橡胶和塑料制品业
SZ300199,翰宇药业,C,制造业,CE,石油、化学、生物医药,27,医药制造业
SZ300200,高盟新材,C,制造业,CE,石油、化学、生物医药,26,化学原料和化学制品制造业
SZ300201,海伦哲,C,制造业,CG,专用、通用及交通运输设备,35,专用设备制造业
SZ300203,聚光科技,C,制造业,CI,仪器、仪表,40,仪器仪表制造业
SZ300204,舒泰神,C,制造业,CE,石油、化学、生物医药,27,医药制造业
SZ300205,*ST天喻,C,制造业,CH,电气、电子及通讯,39,计算机、通信和其他电子设备制造业
SZ300206,理邦仪器,C,制造业,CG,专用、通用及交通运输设备,35,专用设备制造业
SZ300207,欣旺达,C,制造业,CH,电气、电子及通讯,38,电气机械和器材制造业
SZ300209,有棵树,F,批发和零售业,,,52,零售业
SZ300210,森远股份,C,制造业,CG,专用、通用及交通运输设备,35,专用设备制造业
SZ300211,*ST亿通,C,制造业,CH,电气、电子及通讯,39,计算机、通信和其他电子设备制造业
SZ300212,易华录,I,信息传输、软件和信息技术服务业,,,65,软件和信息技术服务业
SZ300213,佳讯飞鸿,C,制造业,CH,电气、电子及通讯,39,计算机、通信和其他电子设备制造业
SZ300214,日科化学,C,制造业,CE,石油、化学、生物医药,26,化学原料和化学制品制造业
SZ300215,电科院,M,科学研究和技术服务业,,,74,专业技术服务业
SZ300217,东方电热,C,制造业,CG,专用、通用及交通运输设备,35,专用设备制造业
SZ300218,安利股份,C,制造业,CE,石油、化学、生物医药,29,橡胶和塑料制品业
SZ300219,鸿利智汇,C,制造业,CH,电气、电子及通讯,39,计算机、通信和其他电子设备制造业
SZ300220,金运激光,C,制造业,CH,电气、电子及通讯,39,计算机、通信和其他电子设备制造业
SZ300221,银禧科技,C,制造业,CE,石油、化学、生物医药,29,橡胶和塑料制品业
SZ300222,科大智能,C,制造业,CG,专用、通用及交通运输设备,34,通用设备制造业
SZ300223,北京君正,C,制造业,CH,电气、电子及通讯,39,计算机、通信和其他电子设备制造业
SZ300224,正海磁材,C,制造业,CF,金属、非金属,30,非金属矿物制品业
SZ300225,*ST金泰,C,制造业,CE,石油、化学、生物医药,26,化学原料和化学制品制造业
SZ300226,上海钢联,L,租赁和商务服务业,,,72,商务服务业
SZ300227,光韵达,C,制造业,CH,电气、电子及通讯,39,计算机、通信和其他电子设备制造业
SZ300228,富瑞特装,C,制造业,CG,专用、通用及交通运输设备,35,专用设备制造业
SZ300229,拓尔思,I,信息传输、软件和信息技术服务业,,,65,软件和信息技术服务业
SZ300230,永利股份,C,制造业,CE,石油、化学、生物医药,29,橡胶和塑料制品业
SZ300231,银信科技,I,信息传输、软件和信息技术服务业,,,65,软件和信息技术服务业
SZ300232,洲明科技,C,制造业,CH,电气、电子及通讯,39,计算机、通信和其他电子设备制造业
SZ300233,金城医药,C,制造业,CE,石油、化学、生物医药,27,医药制造业
SZ300234,开尔新材,C,制造业,CF,金属、非金属,30,非金属矿物制品业
SZ300235,方直科技,I,信息传输、软件和信息技术服务业,,,65,软件和信息技术服务业
SZ300236,上海新阳,C,制造业,CH,电气、电子及通讯,39,计算机、通信和其他电子设备制造业
SZ300237,美晨科技,C,制造业,CG,专用、通用及交通运输设备,36,汽车制造业
SZ300238,冠昊生物,C,制造业,CG,专用、通用及交通运输设备,35,专用设备制造业
SZ300239,东宝生物,C,制造业,CE,石油、化学、生物医药,27,医药制造业
SZ300240,飞力达,G,交通运输、仓储和邮政业,,,58,多式联运和运输代理业
SZ300241,瑞丰光电,C,制造业,CH,电气、电子及通讯,39,计算机、通信和其他电子设备制造业
SZ300242,佳云科技,L,租赁和商务服务业,,,72,商务服务业
SZ300243,瑞丰高材,C,制造业,CE,石油、化学、生物医药,26,化学原料和化学制品制造业
SZ300244,迪安诊断,Q,卫生和社会工作,,,84,卫生
SZ300245,天玑科技,I,信息传输、软件和信息技术服务业,,,65,软件和信息技术服务业
SZ300246,宝莱特,C,制造业,CG,专用、通用及交通运输设备,35,专用设备制造业
SZ300247,融捷健康,C,制造业,CH,电气、电子及通讯,38,电气机械和器材制造业
SZ300248,新开普,I,信息传输、软件和信息技术服务业,,,65,软件和信息技术服务业
SZ300249,依米康,I,信息传输、软件和信息技术服务业,,,65,软件和信息技术服务业
SZ300250,初灵信息,I,信息传输、软件和信息技术服务业,,,65,软件和信息技术服务业
SZ300251,光线传媒,R,文化、体育和娱乐业,,,87,广播、电视、电影和录音制作业
SZ300252,金信诺,C,制造业,CH,电气、电子及通讯,38,电气机械和器材制造业
SZ300253,卫宁健康,I,信息传输、软件和信息技术服务业,,,65,软件和信息技术服务业
SZ300254,仟源医药,C,制造业,CE,石油、化学、生物医药,27,医药制造业
SZ300255,常山药业,C,制造业,CE,石油、化学、生物医药,27,医药制造业
SZ300256,星星科技,C,制造业,CH,电气、电子及通讯,39,计算机、通信和其他电子设备制造业
SZ300257,开山股份,C,制造业,CG,专用、通用及交通运输设备,34,通用设备制造业
SZ300258,精锻科技,C,制造业,CG,专用、通用及交通运输设备,36,汽车制造业
SZ300259,新天科技,C,制造业,CI,仪器、仪表,40,仪器仪表制造业
SZ300260,新莱应材,C,制造业,CG,专用、通用及交通运输设备,34,通用设备制造业
SZ300261,雅本化学,C,制造业,CE,石油、化学、生物医药,26,化学原料和化学制品制造业
SZ300263,隆华科技,C,制造业,CG,专用、通用及交通运输设备,34,通用设备制造业
SZ300264,佳创视讯,I,信息传输、软件和信息技术服务业,,,65,软件和信息技术服务业
SZ300265,通光线缆,C,制造业,CH,电气、电子及通讯,38,电气机械和器材制造业
SZ300266,兴源环境,N,水利、环境和公共设施管理业,,,77,生态保护和环境治理业
SZ300267,尔康制药,C,制造业,CE,石油、化学、生物医药,27,医药制造业
SZ300268,*ST佳沃,C,制造业,CA,食品、饮料、烟草,13,农副食品加工业
SZ300269,联建光电,C,制造业,CH,电气、电子及通讯,39,计算机、通信和其他电子设备制造业
SZ300270,中威电子,C,制造业,CH,电气、电子及通讯,39,计算机、通信和其他电子设备制造业
SZ300271,华宇软件,I,信息传输、软件和信息技术服务业,,,65,软件和信息技术服务业
SZ300272,开能健康,C,制造业,CH,电气、电子及通讯,38,电气机械和器材制造业
SZ300274,阳光电源,C,制造业,CH,电气、电子及通讯,38,电气机械和器材制造业
SZ300275,梅安森,I,信息传输、软件和信息技术服务业,,,65,软件和信息技术服务业
SZ300276,三丰智能,C,制造业,CG,专用、通用及交通运输设备,35,专用设备制造业
SZ300277,海联讯,I,信息传输、软件和信息技术服务业,,,65,软件和信息技术服务业
SZ300278,华昌达,C,制造业,CG,专用、通用及交通运输设备,35,专用设备制造业
SZ300279,和晶科技,C,制造业,CH,电气、电子及通讯,39,计算机、通信和其他电子设备制造业
SZ300280,紫天退,L,租赁和商务服务业,,,72,商务服务业
SZ300281,金明精机,C,制造业,CG,专用、通用及交通运输设备,35,专用设备制造业
SZ300283,温州宏丰,C,制造业,CH,电气、电子及通讯,38,电气机械和器材制造业
SZ300284,苏交科,M,科学研究和技术服务业,,,74,专业技术服务业
SZ300285,国瓷材料,C,制造业,CE,石油、化学、生物医药,26,化学原料和化学制品制造业
SZ300286,安科瑞,C,制造业,CI,仪器、仪表,40,仪器仪表制造业
SZ300287,飞利信,I,信息传输、软件和信息技术服务业,,,65,软件和信息技术服务业
SZ300288,朗玛信息,I,信息传输、软件和信息技术服务业,,,63,电信、广播电视和卫星传输服务
SZ300289,利德曼,C,制造业,CE,石油、化学、生物医药,27,医药制造业
SZ300290,荣科科技,I,信息传输、软件和信息技术服务业,,,65,软件和信息技术服务业
SZ300291,百纳千成,R,文化、体育和娱乐业,,,87,广播、电视、电影和录音制作业
SZ300292,吴通控股,I,信息传输、软件和信息技术服务业,,,65,软件和信息技术服务业
SZ300293,蓝英装备,C,制造业,CG,专用、通用及交通运输设备,35,专用设备制造业
SZ300294,博雅生物,C,制造业,CE,石油、化学、生物医药,27,医药制造业
SZ300295,三六五网,I,信息传输、软件和信息技术服务业,,,64,互联网和相关服务
SZ300296,利亚德,C,制造业,CH,电气、电子及通讯,39,计算机、通信和其他电子设备制造业
SZ300298,三诺生物,C,制造业,CG,专用、通用及交通运输设备,35,专用设备制造业
SZ300299,富春股份,I,信息传输、软件和信息技术服务业,,,64,互联网和相关服务
SZ300300,海峡创新,I,信息传输、软件和信息技术服务业,,,65,软件和信息技术服务业
SZ300301,ST长方,C,制造业,CH,电气、电子及通讯,39,计算机、通信和其他电子设备制造业
SZ300302,同有科技,I,信息传输、软件和信息技术服务业,,,65,软件和信息技术服务业
SZ300303,聚飞光电,C,制造业,CH,电气、电子及通讯,39,计算机、通信和其他电子设备制造业
SZ300304,云意电气,C,制造业,CG,专用、通用及交通运输设备,36,汽车制造业
SZ300305,裕兴股份,C,制造业,CE,石油、化学、生物医药,29,橡胶和塑料制品业
SZ300306,远方信息,C,制造业,CI,仪器、仪表,40,仪器仪表制造业
SZ300307,慈星股份,C,制造业,CG,专用、通用及交通运输设备,35,专用设备制造业
SZ300308,中际旭创,C,制造业,CH,电气、电子及通讯,39,计算机、通信和其他电子设备制造业
SZ300310,宜通世纪,I,信息传输、软件和信息技术服务业,,,63,电信、广播电视和卫星传输服务
SZ300311,ST任子行,I,信息传输、软件和信息技术服务业,,,65,软件和信息技术服务业
SZ300313,*ST天山,A,农、林、牧、渔业,,,03,畜牧业
SZ300314,戴维医疗,C,制造业,CG,专用、通用及交通运输设备,35,专用设备制造业
SZ300315,掌趣科技,I,信息传输、软件和信息技术服务业,,,64,互联网和相关服务
SZ300316,晶盛机电,C,制造业,CG,专用、通用及交通运输设备,35,专用设备制造业
SZ300317,珈伟新能,C,制造业,CH,电气、电子及通讯,38,电气机械和器材制造业
SZ300318,博晖创新,C,制造业,CG,专用、通用及交通运输设备,35,专用设备制造业
SZ300319,麦捷科技,C,制造业,CH,电气、电子及通讯,39,计算机、通信和其他电子设备制造业
SZ300320,海达股份,C,制造业,CE,石油、化学、生物医药,29,橡胶和塑料制品业
SZ300321,同大股份,C,制造业,CE,石油、化学、生物医药,29,橡胶和塑料制品业
SZ300322,硕贝德,C,制造业,CH,电气、电子及通讯,39,计算机、通信和其他电子设备制造业
SZ300323,华灿光电,C,制造业,CH,电气、电子及通讯,39,计算机、通信和其他电子设备制造业
SZ300324,旋极信息,I,信息传输、软件和信息技术服务业,,,65,软件和信息技术服务业
SZ300326,ST凯利,C,制造业,CG,专用、通用及交通运输设备,35,专用设备制造业
SZ300327,中颖电子,C,制造业,CH,电气、电子及通讯,39,计算机、通信和其他电子设备制造业
SZ300328,宜安科技,C,制造业,CF,金属、非金属,33,金属制品业
SZ300329,海伦钢琴,C,制造业,CD,造纸、印刷、文教,24,文教、工美、体育和娱乐用品制造业
SZ300331,苏大维格,C,制造业,CH,电气、电子及通讯,39,计算机、通信和其他电子设备制造业
SZ300332,天壕能源,D,电力、热力、燃气及水生产和供应业,,,45,燃气生产和供应业
SZ300333,兆日科技,I,信息传输、软件和信息技术服务业,,,65,软件和信息技术服务业
SZ300334,津膜科技,C,制造业,CG,专用、通用及交通运输设备,35,专用设备制造业
SZ300335,迪森股份,D,电力、热力、燃气及水生产和供应业,,,44,电力、热力生产和供应业
SZ300337,银邦股份,C,制造业,CF,金属、非金属,32,有色金属冶炼和压延加工业
SZ300338,ST开元,P,教育,,,83,教育
SZ300339,润和软件,I,信息传输、软件和信息技术服务业,,,65,软件和信息技术服务业
SZ300340,科恒股份,C,制造业,CH,电气、电子及通讯,39,计算机、通信和其他电子设备制造业
SZ300341,麦克奥迪,C,制造业,CI,仪器、仪表,40,仪器仪表制造业
SZ300342,天银机电,C,制造业,CG,专用、通用及交通运输设备,34,通用设备制造业
SZ300343,ST联创,C,制造业,CE,石油、化学、生物医药,26,化学原料和化学制品制造业
SZ300344,ST立方,I,信息传输、软件和信息技术服务业,,,65,软件和信息技术服务业
SZ300345,华民股份,C,制造业,CH,电气、电子及通讯,38,电气机械和器材制造业
SZ300346,南大光电,C,制造业,CH,电气、电子及通讯,39,计算机、通信和其他电子设备制造业
SZ300347,泰格医药,M,科学研究和技术服务业,,,73,研究和试验发展
SZ300348,长亮科技,I,信息传输、软件和信息技术服务业,,,65,软件和信息技术服务业
SZ300349,金卡智能,I,信息传输、软件和信息技术服务业,,,65,软件和信息技术服务业
SZ300350,华鹏飞,G,交通运输、仓储和邮政业,,,58,多式联运和运输代理业
SZ300351,永贵电器,C,制造业,CH,电气、电子及通讯,39,计算机、通信和其他电子设备制造业
SZ300352,北信源,I,信息传输、软件和信息技术服务业,,,65,软件和信息技术服务业
SZ300353,东土科技,C,制造业,CH,电气、电子及通讯,39,计算机、通信和其他电子设备制造业
SZ300354,东华测试,C,制造业,CI,仪器、仪表,40,仪器仪表制造业
SZ300355,蒙草生态,N,水利、环境和公共设施管理业,,,77,生态保护和环境治理业
SZ300357,我武生物,C,制造业,CE,石油、化学、生物医药,27,医药制造业
SZ300358,楚天科技,C,制造业,CG,专用、通用及交通运输设备,35,专用设备制造业
SZ300359,全通教育,P,教育,,,83,教育
SZ300360,炬华科技,C,制造业,CI,仪器、仪表,40,仪器仪表制造业
SZ300363,博腾股份,C,制造业,CE,石油、化学、生物医药,27,医药制造业
SZ300364,中文在线,R,文化、体育和娱乐业,,,86,新闻和出版业
SZ300365,恒华科技,I,信息传输、软件和信息技术服务业,,,65,软件和信息技术服务业
SZ300366,ST创意,I,信息传输、软件和信息技术服务业,,,65,软件和信息技术服务业
SZ300368,汇金股份,I,信息传输、软件和信息技术服务业,,,65,软件和信息技术服务业
SZ300369,绿盟科技,I,信息传输、软件和信息技术服务业,,,65,软件和信息技术服务业
SZ300370,安控科技,C,制造业,CI,仪器、仪表,40,仪器仪表制造业
SZ300371,汇中股份,C,制造业,CI,仪器、仪表,40,仪器仪表制造业
SZ300373,扬杰科技,C,制造业,CH,电气、电子及通讯,39,计算机、通信和其他电子设备制造业
SZ300374,中铁装配,C,制造业,CF,金属、非金属,30,非金属矿物制品业
SZ300375,鹏翎股份,C,制造业,CE,石油、化学、生物医药,29,橡胶和塑料制品业
SZ300376,ST易事特,C,制造业,CH,电气、电子及通讯,38,电气机械和器材制造业
SZ300377,赢时胜,I,信息传输、软件和信息技术服务业,,,65,软件和信息技术服务业
SZ300378,鼎捷数智,I,信息传输、软件和信息技术服务业,,,65,软件和信息技术服务业
SZ300379,*ST东通,I,信息传输、软件和信息技术服务业,,,65,软件和信息技术服务业
SZ300380,安硕信息,I,信息传输、软件和信息技术服务业,,,65,软件和信息技术服务业
SZ300381,溢多利,C,制造业,CE,石油、化学、生物医药,27,医药制造业
SZ300382,斯莱克,C,制造业,CG,专用、通用及交通运输设备,35,专用设备制造业
SZ300383,光环新网,I,信息传输、软件和信息技术服务业,,,65,软件和信息技术服务业
SZ300384,三联虹普,M,科学研究和技术服务业,,,74,专业技术服务业
SZ300385,雪浪环境,C,制造业,CG,专用、通用及交通运输设备,35,专用设备制造业
SZ300386,飞天诚信,I,信息传输、软件和信息技术服务业,,,65,软件和信息技术服务业
SZ300387,富邦科技,C,制造业,CE,石油、化学、生物医药,26,化学原料和化学制品制造业
SZ300388,节能国祯,N,水利、环境和公共设施管理业,,,77,生态保护和环境治理业
SZ300389,艾比森,C,制造业,CH,电气、电子及通讯,39,计算机、通信和其他电子设备制造业
SZ300390,天华新能,C,制造业,CH,电气、电子及通讯,39,计算机、通信和其他电子设备制造业
SZ300391,*ST长药,C,制造业,CE,石油、化学、生物医药,27,医药制造业
SZ300393,中来股份,C,制造业,CH,电气、电子及通讯,38,电气机械和器材制造业
SZ300394,天孚通信,C,制造业,CH,电气、电子及通讯,39,计算机、通信和其他电子设备制造业
SZ300395,菲利华,C,制造业,CF,金属、非金属,30,非金属矿物制品业
SZ300396,迪瑞医疗,C,制造业,CG,专用、通用及交通运输设备,35,专用设备制造业
SZ300397,天和防务,C,制造业,CH,电气、电子及通讯,39,计算机、通信和其他电子设备制造业
SZ300398,飞凯材料,C,制造业,CE,石油、化学、生物医药,26,化学原料和化学制品制造业
SZ300399,天利科技,I,信息传输、软件和信息技术服务业,,,65,软件和信息技术服务业
SZ300400,劲拓股份,C,制造业,CG,专用、通用及交通运输设备,35,专用设备制造业
SZ300401,花园生物,C,制造业,CE,石油、化学、生物医药,27,医药制造业
SZ300402,宝色股份,C,制造业,CG,专用、通用及交通运输设备,35,专用设备制造业
SZ300403,汉宇集团,C,制造业,CH,电气、电子及通讯,38,电气机械和器材制造业
SZ300404,博济医药,M,科学研究和技术服务业,,,73,研究和试验发展
SZ300405,科隆股份,C,制造业,CE,石油、化学、生物医药,26,化学原料和化学制品制造业
SZ300406,九强生物,C,制造业,CE,石油、化学、生物医药,27,医药制造业
SZ300407,凯发电气,C,制造业,CG,专用、通用及交通运输设备,37,铁路、船舶、航空航天和其他运输设备制造业
SZ300408,三环集团,C,制造业,CH,电气、电子及通讯,39,计算机、通信和其他电子设备制造业
SZ300409,道氏技术,C,制造业,CH,电气、电子及通讯,39,计算机、通信和其他电子设备制造业
SZ300410,正业科技,C,制造业,CG,专用、通用及交通运输设备,35,专用设备制造业
SZ300411,金盾股份,C,制造业,CG,专用、通用及交通运输设备,34,通用设备制造业
SZ300412,迦南科技,C,制造业,CG,专用、通用及交通运输设备,35,专用设备制造业
SZ300413,芒果超媒,I,信息传输、软件和信息技术服务业,,,64,互联网和相关服务
SZ300414,中光防雷,C,制造业,CH,电气、电子及通讯,39,计算机、通信和其他电子设备制造业
SZ300415,伊之密,C,制造业,CG,专用、通用及交通运输设备,35,专用设备制造业
SZ300416,苏试试验,M,科学研究和技术服务业,,,74,专业技术服务业
SZ300417,南华仪器,C,制造业,CI,仪器、仪表,40,仪器仪表制造业
SZ300418,昆仑万维,I,信息传输、软件和信息技术服务业,,,64,互联网和相关服务
SZ300419,ST浩丰,I,信息传输、软件和信息技术服务业,,,65,软件和信息技术服务业
SZ300420,五洋自控,C,制造业,CG,专用、通用及交通运输设备,34,通用设备制造业
SZ300421,力星股份,C,制造业,CG,专用、通用及交通运输设备,34,通用设备制造业
SZ300422,博世科,N,水利、环境和公共设施管理业,,,77,生态保护和环境治理业
SZ300423,昇辉科技,C,制造业,CH,电气、电子及通讯,38,电气机械和器材制造业
SZ300424,航新科技,C,制造业,CJ,其他制造业,43,金属制品、机械和设备修理业
SZ300425,中建环能,C,制造业,CG,专用、通用及交通运输设备,35,专用设备制造业
SZ300426,华智数媒,R,文化、体育和娱乐业,,,87,广播、电视、电影和录音制作业
SZ300427,红相股份,C,制造业,CH,电气、电子及通讯,38,电气机械和器材制造业
SZ300428,立中集团,C,制造业,CF,金属、非金属,32,有色金属冶炼和压延加工业
SZ300429,强力新材,C,制造业,CE,石油、化学、生物医药,26,化学原料和化学制品制造业
SZ300430,诚益通,C,制造业,CG,专用、通用及交通运输设备,35,专用设备制造业
SZ300432,富临精工,C,制造业,CG,专用、通用及交通运输设备,36,汽车制造业
SZ300433,蓝思科技,C,制造业,CH,电气、电子及通讯,39,计算机、通信和其他电子设备制造业
SZ300434,金石亚药,C,制造业,CE,石油、化学、生物医药,27,医药制造业
SZ300435,中泰股份,D,电力、热力、燃气及水生产和供应业,,,45,燃气生产和供应业
SZ300436,广生堂,C,制造业,CE,石油、化学、生物医药,27,医药制造业
SZ300437,清水源,C,制造业,CE,石油、化学、生物医药,26,化学原料和化学制品制造业
SZ300438,鹏辉能源,C,制造业,CH,电气、电子及通讯,38,电气机械和器材制造业
SZ300439,美康生物,C,制造业,CE,石油、化学、生物医药,27,医药制造业
SZ300440,运达科技,I,信息传输、软件和信息技术服务业,,,65,软件和信息技术服务业
SZ300441,鲍斯股份,C,制造业,CG,专用、通用及交通运输设备,34,通用设备制造业
SZ300442,润泽科技,I,信息传输、软件和信息技术服务业,,,65,软件和信息技术服务业
SZ300443,金雷股份,C,制造业,CG,专用、通用及交通运输设备,35,专用设备制造业
SZ300444,双杰电气,C,制造业,CH,电气、电子及通讯,38,电气机械和器材制造业
SZ300445,康斯特,C,制造业,CI,仪器、仪表,40,仪器仪表制造业
SZ300446,航天智造,C,制造业,CE,石油、化学、生物医药,26,化学原料和化学制品制造业
SZ300447,全信股份,C,制造业,CH,电气、电子及通讯,38,电气机械和器材制造业
SZ300448,浩云科技,I,信息传输、软件和信息技术服务业,,,65,软件和信息技术服务业
SZ300449,汉邦高科,C,制造业,CH,电气、电子及通讯,39,计算机、通信和其他电子设备制造业
SZ300450,先导智能,C,制造业,CG,专用、通用及交通运输设备,35,专用设备制造业
SZ300451,创业慧康,I,信息传输、软件和信息技术服务业,,,65,软件和信息技术服务业
SZ300452,山河药辅,C,制造业,CE,石油、化学、生物医药,27,医药制造业
SZ300453,三鑫医疗,C,制造业,CG,专用、通用及交通运输设备,35,专用设备制造业
SZ300454,深信服,I,信息传输、软件和信息技术服务业,,,65,软件和信息技术服务业
SZ300455,航天智装,C,制造业,CH,电气、电子及通讯,39,计算机、通信和其他电子设备制造业
SZ300456,赛微电子,C,制造业,CH,电气、电子及通讯,39,计算机、通信和其他电子设备制造业
SZ300457,赢合科技,C,制造业,CG,专用、通用及交通运输设备,35,专用设备制造业
SZ300458,全志科技,C,制造业,CH,电气、电子及通讯,39,计算机、通信和其他电子设备制造业
SZ300459,汤姆猫,I,信息传输、软件和信息技术服务业,,,64,互联网和相关服务
SZ300460,惠伦晶体,C,制造业,CH,电气、电子及通讯,39,计算机、通信和其他电子设备制造业
SZ300461,田中精机,C,制造业,CG,专用、通用及交通运输设备,35,专用设备制造业
SZ300462,ST华铭,C,制造业,CG,专用、通用及交通运输设备,35,专用设备制造业
SZ300463,迈克生物,C,制造业,CE,石油、化学、生物医药,27,医药制造业
SZ300464,星徽股份,F,批发和零售业,,,52,零售业
SZ300465,高伟达,I,信息传输、软件和信息技术服务业,,,65,软件和信息技术服务业
SZ300466,赛摩智能,C,制造业,CI,仪器、仪表,40,仪器仪表制造业
SZ300467,迅游科技,I,信息传输、软件和信息技术服务业,,,64,互联网和相关服务
SZ300468,四方精创,I,信息传输、软件和信息技术服务业,,,65,软件和信息技术服务业
SZ300469,信息发展,I,信息传输、软件和信息技术服务业,,,65,软件和信息技术服务业
SZ300470,中密控股,C,制造业,CG,专用、通用及交通运输设备,34,通用设备制造业
SZ300471,厚普股份,C,制造业,CG,专用、通用及交通运输设备,35,专用设备制造业
SZ300472,*ST新元,C,制造业,CG,专用、通用及交通运输设备,35,专用设备制造业
SZ300473,德尔股份,C,制造业,CG,专用、通用及交通运输设备,36,汽车制造业
SZ300474,景嘉微,C,制造业,CH,电气、电子及通讯,39,计算机、通信和其他电子设备制造业
SZ300475,香农芯创,F,批发和零售业,,,51,批发业
SZ300476,胜宏科技,C,制造业,CH,电气、电子及通讯,39,计算机、通信和其他电子设备制造业
SZ300477,ST合纵,C,制造业,CH,电气、电子及通讯,38,电气机械和器材制造业
SZ300478,杭州高新,C,制造业,CE,石油、化学、生物医药,29,橡胶和塑料制品业
SZ300479,神思电子,I,信息传输、软件和信息技术服务业,,,65,软件和信息技术服务业
SZ300480,光力科技,C,制造业,CG,专用、通用及交通运输设备,35,专用设备制造业
SZ300481,濮阳惠成,C,制造业,CE,石油、化学、生物医药,26,化学原料和化学制品制造业
SZ300482,万孚生物,C,制造业,CE,石油、化学、生物医药,27,医药制造业
SZ300483,首华燃气,B,采矿业,,,07,石油和天然气开采业
SZ300484,蓝海华腾,C,制造业,CH,电气、电子及通讯,38,电气机械和器材制造业
SZ300485,赛升药业,C,制造业,CE,石油、化学、生物医药,27,医药制造业
SZ300486,东杰智能,C,制造业,CG,专用、通用及交通运输设备,34,通用设备制造业
SZ300487,蓝晓科技,C,制造业,CE,石油、化学、生物医药,26,化学原料和化学制品制造业
SZ300488,恒锋工具,C,制造业,CF,金属、非金属,33,金属制品业
SZ300489,光智科技,C,制造业,CH,电气、电子及通讯,39,计算机、通信和其他电子设备制造业
SZ300490,华自科技,C,制造业,CH,电气、电子及通讯,38,电气机械和器材制造业
SZ300491,通合科技,C,制造业,CH,电气、电子及通讯,38,电气机械和器材制造业
SZ300492,华图山鼎,P,教育,,,83,教育
SZ300493,润欣科技,F,批发和零售业,,,51,批发业
SZ300494,盛天网络,I,信息传输、软件和信息技术服务业,,,64,互联网和相关服务
SZ300496,中科创达,I,信息传输、软件和信息技术服务业,,,65,软件和信息技术服务业
SZ300497,富祥药业,C,制造业,CE,石油、化学、生物医药,27,医药制造业
SZ300498,温氏股份,A,农、林、牧、渔业,,,03,畜牧业
SZ300499,高澜股份,C,制造业,CH,电气、电子及通讯,38,电气机械和器材制造业
SZ300500,启迪设计,M,科学研究和技术服务业,,,74,专业技术服务业
SZ300501,海顺新材,C,制造业,CE,石油、化学、生物医药,27,医药制造业
SZ300502,新易盛,C,制造业,CH,电气、电子及通讯,39,计算机、通信和其他电子设备制造业
SZ300503,昊志机电,C,制造业,CG,专用、通用及交通运输设备,34,通用设备制造业
SZ300504,天邑股份,C,制造业,CH,电气、电子及通讯,39,计算机、通信和其他电子设备制造业
SZ300505,川金诺,C,制造业,CE,石油、化学、生物医药,26,化学原料和化学制品制造业
SZ300506,ST名家汇,E,建筑业,,,50,建筑装饰、装修和其他建筑业
SZ300507,苏奥传感,C,制造业,CG,专用、通用及交通运输设备,36,汽车制造业
SZ300508,维宏股份,C,制造业,CI,仪器、仪表,40,仪器仪表制造业
SZ300509,新美星,C,制造业,CG,专用、通用及交通运输设备,34,通用设备制造业
SZ300510,金冠股份,C,制造业,CH,电气、电子及通讯,38,电气机械和器材制造业
SZ300511,雪榕生物,A,农、林、牧、渔业,,,01,农业
SZ300512,中亚股份,C,制造业,CG,专用、通用及交通运输设备,34,通用设备制造业
SZ300513,恒实科技,I,信息传输、软件和信息技术服务业,,,65,软件和信息技术服务业
SZ300514,友讯达,C,制造业,CI,仪器、仪表,40,仪器仪表制造业
SZ300515,三德科技,C,制造业,CI,仪器、仪表,40,仪器仪表制造业
SZ300516,久之洋,C,制造业,CH,电气、电子及通讯,39,计算机、通信和其他电子设备制造业
SZ300517,海波重科,E,建筑业,,,48,土木工程建筑业
SZ300518,新迅达,I,信息传输、软件和信息技术服务业,,,64,互联网和相关服务
SZ300519,新光药业,C,制造业,CE,石油、化学、生物医药,27,医药制造业
SZ300520,科大国创,I,信息传输、软件和信息技术服务业,,,65,软件和信息技术服务业
SZ300521,爱司凯,C,制造业,CG,专用、通用及交通运输设备,35,专用设备制造业
SZ300522,世名科技,C,制造业,CE,石油、化学、生物医药,26,化学原料和化学制品制造业
SZ300523,辰安科技,I,信息传输、软件和信息技术服务业,,,65,软件和信息技术服务业
SZ300525,博思软件,I,信息传输、软件和信息技术服务业,,,65,软件和信息技术服务业
SZ300527,ST应急,C,制造业,CG,专用、通用及交通运输设备,35,专用设备制造业
SZ300528,幸福蓝海,R,文化、体育和娱乐业,,,87,广播、电视、电影和录音制作业
SZ300529,健帆生物,C,制造业,CG,专用、通用及交通运输设备,35,专用设备制造业
SZ300530,领湃科技,C,制造业,CH,电气、电子及通讯,38,电气机械和器材制造业
SZ300531,优博讯,C,制造业,CH,电气、电子及通讯,39,计算机、通信和其他电子设备制造业
SZ300532,今天国际,I,信息传输、软件和信息技术服务业,,,65,软件和信息技术服务业
SZ300533,冰川网络,I,信息传输、软件和信息技术服务业,,,64,互联网和相关服务
SZ300534,陇神戎发,C,制造业,CE,石油、化学、生物医药,27,医药制造业
SZ300535,达威股份,C,制造业,CE,石油、化学、生物医药,26,化学原料和化学制品制造业
SZ300536,农尚环境,E,建筑业,,,48,土木工程建筑业
SZ300537,广信材料,C,制造业,CE,石油、化学、生物医药,26,化学原料和化学制品制造业
SZ300538,同益股份,F,批发和零售业,,,51,批发业
SZ300539,横河精密,C,制造业,CE,石油、化学、生物医药,29,橡胶和塑料制品业
SZ300540,蜀道装备,C,制造业,CG,专用、通用及交通运输设备,34,通用设备制造业
SZ300541,先进数通,I,信息传输、软件和信息技术服务业,,,65,软件和信息技术服务业
SZ300542,新晨科技,I,信息传输、软件和信息技术服务业,,,65,软件和信息技术服务业
SZ300543,朗科智能,C,制造业,CH,电气、电子及通讯,39,计算机、通信和其他电子设备制造业
SZ300545,联得装备,C,制造业,CG,专用、通用及交通运输设备,35,专用设备制造业
SZ300546,雄帝科技,C,制造业,CH,电气、电子及通讯,39,计算机、通信和其他电子设备制造业
SZ300547,川环科技,C,制造业,CE,石油、化学、生物医药,29,橡胶和塑料制品业
SZ300548,长芯博创,C,制造业,CH,电气、电子及通讯,39,计算机、通信和其他电子设备制造业
SZ300549,优德精密,C,制造业,CG,专用、通用及交通运输设备,35,专用设备制造业
SZ300550,和仁科技,I,信息传输、软件和信息技术服务业,,,65,软件和信息技术服务业
SZ300551,古鳌科技,C,制造业,CG,专用、通用及交通运输设备,34,通用设备制造业
SZ300552,万集科技,C,制造业,CH,电气、电子及通讯,39,计算机、通信和其他电子设备制造业
SZ300553,集智股份,C,制造业,CI,仪器、仪表,40,仪器仪表制造业
SZ300554,三超新材,C,制造业,CF,金属、非金属,30,非金属矿物制品业
SZ300555,ST路通,C,制造业,CH,电气、电子及通讯,39,计算机、通信和其他电子设备制造业
SZ300556,丝路视觉,I,信息传输、软件和信息技术服务业,,,65,软件和信息技术服务业
SZ300557,理工光科,C,制造业,CG,专用、通用及交通运输设备,35,专用设备制造业
SZ300558,贝达药业,C,制造业,CE,石油、化学、生物医药,27,医药制造业
SZ300559,佳发教育,I,信息传输、软件和信息技术服务业,,,65,软件和信息技术服务业
SZ300560,中富通,I,信息传输、软件和信息技术服务业,,,65,软件和信息技术服务业
SZ300561,*ST汇科,I,信息传输、软件和信息技术服务业,,,65,软件和信息技术服务业
SZ300562,乐心医疗,C,制造业,CG,专用、通用及交通运输设备,35,专用设备制造业
SZ300563,神宇股份,C,制造业,CH,电气、电子及通讯,39,计算机、通信和其他电子设备制造业
SZ300564,筑博设计,M,科学研究和技术服务业,,,74,专业技术服务业
SZ300565,科信技术,C,制造业,CH,电气、电子及通讯,39,计算机、通信和其他电子设备制造业
SZ300566,激智科技,C,制造业,CH,电气、电子及通讯,39,计算机、通信和其他电子设备制造业
SZ300567,精测电子,C,制造业,CI,仪器、仪表,40,仪器仪表制造业
SZ300568,星源材质,C,制造业,CE,石油、化学、生物医药,26,化学原料和化学制品制造业
SZ300569,天能重工,C,制造业,CH,电气、电子及通讯,38,电气机械和器材制造业
SZ300570,太辰光,C,制造业,CH,电气、电子及通讯,39,计算机、通信和其他电子设备制造业
SZ300571,平治信息,C,制造业,CH,电气、电子及通讯,39,计算机、通信和其他电子设备制造业
SZ300572,安车检测,C,制造业,CI,仪器、仪表,40,仪器仪表制造业
SZ300573,兴齐眼药,C,制造业,CE,石油、化学、生物医药,27,医药制造业
SZ300575,中旗股份,C,制造业,CE,石油、化学、生物医药,26,化学原料和化学制品制造业
SZ300576,容大感光,C,制造业,CH,电气、电子及通讯,39,计算机、通信和其他电子设备制造业
SZ300577,开润股份,C,制造业,CB,纺织、服装、鞋帽,19,皮革、毛皮、羽毛及其制品和制鞋业
SZ300578,会畅通讯,I,信息传输、软件和信息技术服务业,,,65,软件和信息技术服务业
SZ300579,数字认证,I,信息传输、软件和信息技术服务业,,,65,软件和信息技术服务业
SZ300580,贝斯特,C,制造业,CG,专用、通用及交通运输设备,36,汽车制造业
SZ300581,晨曦航空,C,制造业,CH,电气、电子及通讯,39,计算机、通信和其他电子设备制造业
SZ300582,英飞特,C,制造业,CH,电气、电子及通讯,39,计算机、通信和其他电子设备制造业
SZ300583,赛托生物,C,制造业,CE,石油、化学、生物医药,27,医药制造业
SZ300584,海辰药业,C,制造业,CE,石油、化学、生物医药,27,医药制造业
SZ300585,奥联电子,C,制造业,CG,专用、通用及交通运输设备,36,汽车制造业
SZ300586,美联新材,C,制造业,CE,石油、化学、生物医药,26,化学原料和化学制品制造业
SZ300587,天铁科技,C,制造业,CE,石油、化学、生物医药,29,橡胶和塑料制品业
SZ300588,熙菱信息,I,信息传输、软件和信息技术服务业,,,65,软件和信息技术服务业
SZ300589,江龙船艇,C,制造业,CG,专用、通用及交通运输设备,37,铁路、船舶、航空航天和其他运输设备制造业
SZ300590,移为通信,C,制造业,CH,电气、电子及通讯,39,计算机、通信和其他电子设备制造业
SZ300591,万里马,C,制造业,CB,纺织、服装、鞋帽,19,皮革、毛皮、羽毛及其制品和制鞋业
SZ300592,华凯易佰,F,批发和零售业,,,52,零售业
SZ300593,新雷能,C,制造业,CH,电气、电子及通讯,38,电气机械和器材制造业
SZ300594,朗进科技,C,制造业,CG,专用、通用及交通运输设备,37,铁路、船舶、航空航天和其他运输设备制造业
SZ300595,欧普康视,C,制造业,CG,专用、通用及交通运输设备,35,专用设备制造业
SZ300596,利安隆,C,制造业,CE,石油、化学、生物医药,26,化学原料和化学制品制造业
SZ300597,吉大通信,I,信息传输、软件和信息技术服务业,,,65,软件和信息技术服务业
SZ300598,诚迈科技,I,信息传输、软件和信息技术服务业,,,65,软件和信息技术服务业
SZ300599,雄塑科技,C,制造业,CE,石油、化学、生物医药,29,橡胶和塑料制品业
SZ300600,国瑞科技,C,制造业,CG,专用、通用及交通运输设备,37,铁路、船舶、航空航天和其他运输设备制造业
SZ300601,康泰生物,C,制造业,CE,石油、化学、生物医药,27,医药制造业
SZ300602,飞荣达,C,制造业,CH,电气、电子及通讯,39,计算机、通信和其他电子设备制造业
SZ300603,立昂技术,I,信息传输、软件和信息技术服务业,,,65,软件和信息技术服务业
SZ300604,长川科技,C,制造业,CG,专用、通用及交通运输设备,35,专用设备制造业
SZ300605,恒锋信息,I,信息传输、软件和信息技术服务业,,,65,软件和信息技术服务业
SZ300606,金太阳,C,制造业,CF,金属、非金属,30,非金属矿物制品业
SZ300607,拓斯达,C,制造业,CG,专用、通用及交通运输设备,34,通用设备制造业
SZ300608,思特奇,I,信息传输、软件和信息技术服务业,,,65,软件和信息技术服务业
SZ300609,汇纳科技,I,信息传输、软件和信息技术服务业,,,65,软件和信息技术服务业
SZ300610,晨化股份,C,制造业,CE,石油、化学、生物医药,26,化学原料和化学制品制造业
SZ300611,美力科技,C,制造业,CG,专用、通用及交通运输设备,36,汽车制造业
SZ300612,宣亚国际,L,租赁和商务服务业,,,72,商务服务业
SZ300613,富瀚微,I,信息传输、软件和信息技术服务业,,,65,软件和信息技术服务业
SZ300614,百川畅银,N,水利、环境和公共设施管理业,,,77,生态保护和环境治理业
SZ300615,欣天科技,C,制造业,CH,电气、电子及通讯,39,计算机、通信和其他电子设备制造业
SZ300616,尚品宅配,C,制造业,CC,木材、家具,21,家具制造业
SZ300617,安靠智电,C,制造业,CH,电气、电子及通讯,38,电气机械和器材制造业
SZ300618,寒锐钴业,C,制造业,CF,金属、非金属,32,有色金属冶炼和压延加工业
SZ300619,金银河,C,制造业,CG,专用、通用及交通运输设备,35,专用设备制造业
SZ300620,光库科技,C,制造业,CH,电气、电子及通讯,39,计算机、通信和其他电子设备制造业
SZ300621,维业股份,E,建筑业,,,50,建筑装饰、装修和其他建筑业
SZ300622,博士眼镜,F,批发和零售业,,,52,零售业
SZ300623,捷捷微电,C,制造业,CH,电气、电子及通讯,39,计算机、通信和其他电子设备制造业
SZ300624,万兴科技,I,信息传输、软件和信息技术服务业,,,65,软件和信息技术服务业
SZ300625,三雄极光,C,制造业,CH,电气、电子及通讯,38,电气机械和器材制造业
SZ300626,华瑞股份,C,制造业,CH,电气、电子及通讯,38,电气机械和器材制造业
SZ300627,华测导航,C,制造业,CH,电气、电子及通讯,39,计算机、通信和其他电子设备制造业
SZ300628,亿联网络,C,制造业,CH,电气、电子及通讯,39,计算机、通信和其他电子设备制造业
SZ300629,新劲刚,C,制造业,CH,电气、电子及通讯,39,计算机、通信和其他电子设备制造业
SZ300631,久吾高科,C,制造业,CG,专用、通用及交通运输设备,35,专用设备制造业
SZ300632,光莆股份,C,制造业,CH,电气、电子及通讯,38,电气机械和器材制造业
SZ300633,开立医疗,C,制造业,CG,专用、通用及交通运输设备,35,专用设备制造业
SZ300634,彩讯股份,I,信息传输、软件和信息技术服务业,,,65,软件和信息技术服务业
SZ300635,中达安,M,科学研究和技术服务业,,,74,专业技术服务业
SZ300636,同和药业,C,制造业,CE,石油、化学、生物医药,27,医药制造业
SZ300637,扬帆新材,C,制造业,CE,石油、化学、生物医药,26,化学原料和化学制品制造业
SZ300638,广和通,C,制造业,CH,电气、电子及通讯,39,计算机、通信和其他电子设备制造业
SZ300639,凯普生物,C,制造业,CE,石油、化学、生物医药,27,医药制造业
SZ300640,德艺文创,C,制造业,CD,造纸、印刷、文教,24,文教、工美、体育和娱乐用品制造业
SZ300641,正丹股份,C,制造业,CE,石油、化学、生物医药,26,化学原料和化学制品制造业
SZ300642,透景生命,C,制造业,CE,石油、化学、生物医药,27,医药制造业
SZ300643,万通智控,C,制造业,CG,专用、通用及交通运输设备,36,汽车制造业
SZ300644,南京聚隆,C,制造业,CE,石油、化学、生物医药,29,橡胶和塑料制品业
SZ300645,正元智慧,I,信息传输、软件和信息技术服务业,,,65,软件和信息技术服务业
SZ300647,超频三,C,制造业,CH,电气、电子及通讯,39,计算机、通信和其他电子设备制造业
SZ300648,星云股份,C,制造业,CG,专用、通用及交通运输设备,35,专用设备制造业
SZ300649,杭州园林,M,科学研究和技术服务业,,,74,专业技术服务业
SZ300650,太龙股份,F,批发和零售业,,,51,批发业
SZ300651,金陵体育,C,制造业,CD,造纸、印刷、文教,24,文教、工美、体育和娱乐用品制造业
SZ300652,雷迪克,C,制造业,CG,专用、通用及交通运输设备,36,汽车制造业
SZ300653,正海生物,C,制造业,CG,专用、通用及交通运输设备,35,专用设备制造业
SZ300654,世纪天鸿,R,文化、体育和娱乐业,,,86,新闻和出版业
SZ300655,晶瑞电材,C,制造业,CE,石油、化学、生物医药,26,化学原料和化学制品制造业
SZ300656,民德电子,C,制造业,CH,电气、电子及通讯,39,计算机、通信和其他电子设备制造业
SZ300657,弘信电子,C,制造业,CH,电气、电子及通讯,39,计算机、通信和其他电子设备制造业
SZ300658,延江股份,C,制造业,CB,纺织、服装、鞋帽,17,纺织业
SZ300659,中孚信息,I,信息传输、软件和信息技术服务业,,,65,软件和信息技术服务业
SZ300660,江苏雷利,C,制造业,CH,电气、电子及通讯,38,电气机械和器材制造业
SZ300661,圣邦股份,C,制造业,CH,电气、电子及通讯,39,计算机、通信和其他电子设备制造业
SZ300662,科锐国际,L,租赁和商务服务业,,,72,商务服务业
SZ300663,科蓝软件,I,信息传输、软件和信息技术服务业,,,65,软件和信息技术服务业
SZ300664,鹏鹞环保,N,水利、环境和公共设施管理业,,,77,生态保护和环境治理业
SZ300665,飞鹿股份,C,制造业,CE,石油、化学、生物医药,26,化学原料和化学制品制造业
SZ300666,江丰电子,C,制造业,CH,电气、电子及通讯,39,计算机、通信和其他电子设备制造业
SZ300667,必创科技,C,制造业,CI,仪器、仪表,40,仪器仪表制造业
SZ300668,杰恩设计,L,租赁和商务服务业,,,72,商务服务业
SZ300669,沪宁股份,C,制造业,CG,专用、通用及交通运输设备,34,通用设备制造业
SZ300670,大烨智能,C,制造业,CH,电气、电子及通讯,38,电气机械和器材制造业
SZ300671,富满微,I,信息传输、软件和信息技术服务业,,,65,软件和信息技术服务业
SZ300672,国科微,C,制造业,CH,电气、电子及通讯,39,计算机、通信和其他电子设备制造业
SZ300673,佩蒂股份,C,制造业,CA,食品、饮料、烟草,13,农副食品加工业
SZ300674,宇信科技,I,信息传输、软件和信息技术服务业,,,65,软件和信息技术服务业
SZ300675,建科院,M,科学研究和技术服务业,,,74,专业技术服务业
SZ300676,华大基因,M,科学研究和技术服务业,,,74,专业技术服务业
SZ300677,英科医疗,C,制造业,CE,石油、化学、生物医药,29,橡胶和塑料制品业
SZ300678,中科信息,I,信息传输、软件和信息技术服务业,,,65,软件和信息技术服务业
SZ300679,电连技术,C,制造业,CH,电气、电子及通讯,39,计算机、通信和其他电子设备制造业
SZ300680,隆盛科技,C,制造业,CG,专用、通用及交通运输设备,36,汽车制造业
SZ300681,英搏尔,C,制造业,CG,专用、通用及交通运输设备,36,汽车制造业
SZ300682,朗新集团,I,信息传输、软件和信息技术服务业,,,65,软件和信息技术服务业
SZ300683,海特生物,C,制造业,CE,石油、化学、生物医药,27,医药制造业
SZ300684,中石科技,C,制造业,CH,电气、电子及通讯,39,计算机、通信和其他电子设备制造业
SZ300685,艾德生物,C,制造业,CE,石油、化学、生物医药,27,医药制造业
SZ300686,智动力,C,制造业,CH,电气、电子及通讯,39,计算机、通信和其他电子设备制造业
SZ300687,赛意信息,I,信息传输、软件和信息技术服务业,,,65,软件和信息技术服务业
SZ300688,创业黑马,L,租赁和商务服务业,,,72,商务服务业
SZ300689,澄天伟业,C,制造业,CH,电气、电子及通讯,39,计算机、通信和其他电子设备制造业
SZ300690,双一科技,C,制造业,CF,金属、非金属,30,非金属矿物制品业
SZ300691,联合光电,C,制造业,CH,电气、电子及通讯,39,计算机、通信和其他电子设备制造业
SZ300692,中环环保,N,水利、环境和公共设施管理业,,,77,生态保护和环境治理业
SZ300693,盛弘股份,C,制造业,CH,电气、电子及通讯,38,电气机械和器材制造业
SZ300694,蠡湖股份,C,制造业,CG,专用、通用及交通运输设备,36,汽车制造业
SZ300695,兆丰股份,C,制造业,CG,专用、通用及交通运输设备,36,汽车制造业
SZ300696,爱乐达,C,制造业,CG,专用、通用及交通运输设备,37,铁路、船舶、航空航天和其他运输设备制造业
SZ300697,电工合金,C,制造业,CF,金属、非金属,32,有色金属冶炼和压延加工业
SZ300698,万马科技,C,制造业,CH,电气、电子及通讯,39,计算机、通信和其他电子设备制造业
SZ300699,光威复材,C,制造业,CE,石油、化学、生物医药,28,化学纤维制造业
SZ300700,岱勒新材,C,制造业,CF,金属、非金属,30,非金属矿物制品业
SZ300701,森霸传感,C,制造业,CH,电气、电子及通讯,39,计算机、通信和其他电子设备制造业
SZ300702,天宇股份,C,制造业,CE,石油、化学、生物医药,27,医药制造业
SZ300703,创源股份,C,制造业,CD,造纸、印刷、文教,24,文教、工美、体育和娱乐用品制造业
SZ300705,九典制药,C,制造业,CE,石油、化学、生物医药,27,医药制造业
SZ300706,阿石创,C,制造业,CH,电气、电子及通讯,39,计算机、通信和其他电子设备制造业
SZ300707,威唐工业,C,制造业,CG,专用、通用及交通运输设备,35,专用设备制造业
SZ300708,聚灿光电,C,制造业,CH,电气、电子及通讯,39,计算机、通信和其他电子设备制造业
SZ300709,精研科技,C,制造业,CH,电气、电子及通讯,39,计算机、通信和其他电子设备制造业
SZ300710,万隆光电,C,制造业,CH,电气、电子及通讯,39,计算机、通信和其他电子设备制造业
SZ300711,广哈通信,C,制造业,CH,电气、电子及通讯,39,计算机、通信和其他电子设备制造业
SZ300712,永福股份,E,建筑业,,,48,土木工程建筑业
SZ300713,英可瑞,C,制造业,CH,电气、电子及通讯,38,电气机械和器材制造业
SZ300715,凯伦股份,C,制造业,CF,金属、非金属,30,非金属矿物制品业
SZ300716,ST泉为,C,制造业,CE,石油、化学、生物医药,29,橡胶和塑料制品业
SZ300717,华信新材,C,制造业,CE,石油、化学、生物医药,29,橡胶和塑料制品业
SZ300718,长盛轴承,C,制造业,CG,专用、通用及交通运输设备,34,通用设备制造业
SZ300719,安达维尔,C,制造业,CG,专用、通用及交通运输设备,37,铁路、船舶、航空航天和其他运输设备制造业
SZ300720,海川智能,C,制造业,CI,仪器、仪表,40,仪器仪表制造业
SZ300721,怡达股份,C,制造业,CE,石油、化学、生物医药,26,化学原料和化学制品制造业
SZ300722,新余国科,C,制造业,CJ,其他制造业,41,其他制造业
SZ300723,一品红,C,制造业,CE,石油、化学、生物医药,27,医药制造业
SZ300724,捷佳伟创,C,制造业,CG,专用、通用及交通运输设备,35,专用设备制造业
SZ300725,药石科技,M,科学研究和技术服务业,,,73,研究和试验发展
SZ300726,宏达电子,C,制造业,CH,电气、电子及通讯,39,计算机、通信和其他电子设备制造业
SZ300727,润禾材料,C,制造业,CE,石油、化学、生物医药,26,化学原料和化学制品制造业
SZ300729,乐歌股份,C,制造业,CC,木材、家具,21,家具制造业
SZ300730,科创信息,I,信息传输、软件和信息技术服务业,,,65,软件和信息技术服务业
SZ300731,科创新源,C,制造业,CE,石油、化学、生物医药,29,橡胶和塑料制品业
SZ300732,设研院,M,科学研究和技术服务业,,,74,专业技术服务业
SZ300733,西菱动力,C,制造业,CG,专用、通用及交通运输设备,36,汽车制造业
SZ300735,光弘科技,C,制造业,CH,电气、电子及通讯,39,计算机、通信和其他电子设备制造业
SZ300736,百邦科技,O,居民服务、修理和其他服务业,,,81,机动车、电子产品和日用产品修理业
SZ300737,科顺股份,C,制造业,CF,金属、非金属,30,非金属矿物制品业
SZ300738,奥飞数据,I,信息传输、软件和信息技术服务业,,,65,软件和信息技术服务业
SZ300739,明阳电路,C,制造业,CH,电气、电子及通讯,39,计算机、通信和其他电子设备制造业
SZ300740,水羊股份,C,制造业,CE,石油、化学、生物医药,26,化学原料和化学制品制造业
SZ300741,华宝股份,C,制造业,CE,石油、化学、生物医药,26,化学原料和化学制品制造业
SZ300743,天地数码,C,制造业,CH,电气、电子及通讯,39,计算机、通信和其他电子设备制造业
SZ300745,欣锐科技,C,制造业,CG,专用、通用及交通运输设备,36,汽车制造业
SZ300746,汉嘉设计,M,科学研究和技术服务业,,,74,专业技术服务业
SZ300747,锐科激光,C,制造业,CH,电气、电子及通讯,39,计算机、通信和其他电子设备制造业
SZ300748,金力永磁,C,制造业,CF,金属、非金属,30,非金属矿物制品业
SZ300749,顶固集创,C,制造业,CC,木材、家具,21,家具制造业
SZ300750,宁德时代,C,制造业,CH,电气、电子及通讯,38,电气机械和器材制造业
SZ300751,迈为股份,C,制造业,CG,专用、通用及交通运输设备,35,专用设备制造业
SZ300752,隆利科技,C,制造业,CH,电气、电子及通讯,39,计算机、通信和其他电子设备制造业
SZ300753,爱朋医疗,C,制造业,CG,专用、通用及交通运输设备,35,专用设备制造业
SZ300755,华致酒行,F,批发和零售业,,,51,批发业
SZ300756,金马游乐,C,制造业,CD,造纸、印刷、文教,24,文教、工美、体育和娱乐用品制造业
SZ300757,罗博特科,C,制造业,CG,专用、通用及交通运输设备,35,专用设备制造业
SZ300758,七彩化学,C,制造业,CE,石油、化学、生物医药,26,化学原料和化学制品制造业
SZ300759,康龙化成,M,科学研究和技术服务业,,,73,研究和试验发展
SZ300760,迈瑞医疗,C,制造业,CG,专用、通用及交通运输设备,35,专用设备制造业
SZ300761,立华股份,A,农、林、牧、渔业,,,03,畜牧业
SZ300762,上海瀚讯,C,制造业,CH,电气、电子及通讯,39,计算机、通信和其他电子设备制造业
SZ300763,锦浪科技,C,制造业,CH,电气、电子及通讯,38,电气机械和器材制造业
SZ300765,新诺威,C,制造业,CA,食品、饮料、烟草,14,食品制造业
SZ300766,每日互动,I,信息传输、软件和信息技术服务业,,,64,互联网和相关服务
SZ300767,震安科技,C,制造业,CE,石油、化学、生物医药,29,橡胶和塑料制品业
SZ300768,迪普科技,I,信息传输、软件和信息技术服务业,,,65,软件和信息技术服务业
SZ300769,德方纳米,C,制造业,CH,电气、电子及通讯,39,计算机、通信和其他电子设备制造业
SZ300770,新媒股份,I,信息传输、软件和信息技术服务业,,,63,电信、广播电视和卫星传输服务
SZ300771,智莱科技,C,制造业,CG,专用、通用及交通运输设备,35,专用设备制造业
SZ300772,运达股份,C,制造业,CG,专用、通用及交通运输设备,34,通用设备制造业
SZ300773,拉卡拉,I,信息传输、软件和信息技术服务业,,,65,软件和信息技术服务业
SZ300774,倍杰特,N,水利、环境和公共设施管理业,,,77,生态保护和环境治理业
SZ300775,三角防务,C,制造业,CG,专用、通用及交通运输设备,37,铁路、船舶、航空航天和其他运输设备制造业
SZ300776,帝尔激光,C,制造业,CG,专用、通用及交通运输设备,35,专用设备制造业
SZ300777,中简科技,C,制造业,CE,石油、化学、生物医药,28,化学纤维制造业
SZ300778,新城市,M,科学研究和技术服务业,,,74,专业技术服务业
SZ300779,惠城环保,C,制造业,CJ,其他制造业,42,废弃资源综合利用业
SZ300780,德恩精工,C,制造业,CG,专用、通用及交通运输设备,34,通用设备制造业
SZ300781,因赛集团,L,租赁和商务服务业,,,72,商务服务业
SZ300782,卓胜微,C,制造业,CH,电气、电子及通讯,39,计算机、通信和其他电子设备制造业
SZ300783,三只松鼠,F,批发和零售业,,,52,零售业
SZ300784,利安科技,C,制造业,CE,石油、化学、生物医药,29,橡胶和塑料制品业
SZ300785,值得买,I,信息传输、软件和信息技术服务业,,,64,互联网和相关服务
SZ300786,国林科技,C,制造业,CG,专用、通用及交通运输设备,35,专用设备制造业
SZ300787,海能实业,C,制造业,CH,电气、电子及通讯,39,计算机、通信和其他电子设备制造业
SZ300788,中信出版,R,文化、体育和娱乐业,,,86,新闻和出版业
SZ300789,唐源电气,I,信息传输、软件和信息技术服务业,,,65,软件和信息技术服务业
SZ300790,宇瞳光学,C,制造业,CH,电气、电子及通讯,39,计算机、通信和其他电子设备制造业
SZ300791,仙乐健康,C,制造业,CA,食品、饮料、烟草,14,食品制造业
SZ300792,壹网壹创,I,信息传输、软件和信息技术服务业,,,64,互联网和相关服务
SZ300793,佳禾智能,C,制造业,CH,电气、电子及通讯,39,计算机、通信和其他电子设备制造业
SZ300795,米奥会展,L,租赁和商务服务业,,,72,商务服务业
SZ300796,贝斯美,C,制造业,CE,石油、化学、生物医药,26,化学原料和化学制品制造业
SZ300797,钢研纳克,M,科学研究和技术服务业,,,74,专业技术服务业
SZ300798,锦鸡股份,C,制造业,CE,石油、化学、生物医药,26,化学原料和化学制品制造业
SZ300800,力合科技,C,制造业,CI,仪器、仪表,40,仪器仪表制造业
SZ300801,泰和科技,C,制造业,CE,石油、化学、生物医药,26,化学原料和化学制品制造业
SZ300802,矩子科技,C,制造业,CH,电气、电子及通讯,39,计算机、通信和其他电子设备制造业
SZ300803,指南针,J,金融业,,,69,其他金融业
SZ300804,广康生化,C,制造业,CE,石油、化学、生物医药,26,化学原料和化学制品制造业
SZ300805,电声股份,L,租赁和商务服务业,,,72,商务服务业
SZ300806,斯迪克,C,制造业,CE,石油、化学、生物医药,29,橡胶和塑料制品业
SZ300807,天迈科技,C,制造业,CH,电气、电子及通讯,39,计算机、通信和其他电子设备制造业
SZ300808,久量股份,C,制造业,CH,电气、电子及通讯,38,电气机械和器材制造业
SZ300809,华辰装备,C,制造业,CG,专用、通用及交通运输设备,34,通用设备制造业
SZ300810,中科海讯,I,信息传输、软件和信息技术服务业,,,65,软件和信息技术服务业
SZ300811,铂科新材,C,制造业,CH,电气、电子及通讯,39,计算机、通信和其他电子设备制造业
SZ300812,易天股份,C,制造业,CG,专用、通用及交通运输设备,35,专用设备制造业
SZ300813,泰林生物,C,制造业,CG,专用、通用及交通运输设备,35,专用设备制造业
SZ300814,中富电路,C,制造业,CH,电气、电子及通讯,39,计算机、通信和其他电子设备制造业
SZ300815,玉禾田,N,水利、环境和公共设施管理业,,,78,公共设施管理业
SZ300816,艾可蓝,N,水利、环境和公共设施管理业,,,77,生态保护和环境治理业
SZ300817,双飞集团,C,制造业,CG,专用、通用及交通运输设备,34,通用设备制造业
SZ300818,耐普矿机,C,制造业,CG,专用、通用及交通运输设备,35,专用设备制造业
SZ300819,聚杰微纤,C,制造业,CB,纺织、服装、鞋帽,17,纺织业
SZ300820,英杰电气,C,制造业,CH,电气、电子及通讯,38,电气机械和器材制造业
SZ300821,东岳硅材,C,制造业,CE,石油、化学、生物医药,26,化学原料和化学制品制造业
SZ300822,贝仕达克,C,制造业,CH,电气、电子及通讯,39,计算机、通信和其他电子设备制造业
SZ300823,建科智能,C,制造业,CG,专用、通用及交通运输设备,35,专用设备制造业
SZ300824,北鼎股份,C,制造业,CH,电气、电子及通讯,38,电气机械和器材制造业
SZ300825,阿尔特,M,科学研究和技术服务业,,,74,专业技术服务业
SZ300826,测绘股份,M,科学研究和技术服务业,,,74,专业技术服务业
SZ300827,上能电气,C,制造业,CH,电气、电子及通讯,38,电气机械和器材制造业
SZ300828,锐新科技,C,制造业,CH,电气、电子及通讯,39,计算机、通信和其他电子设备制造业
SZ300829,金丹科技,C,制造业,CA,食品、饮料、烟草,14,食品制造业
SZ300830,金现代,I,信息传输、软件和信息技术服务业,,,65,软件和信息技术服务业
SZ300831,派瑞股份,C,制造业,CH,电气、电子及通讯,39,计算机、通信和其他电子设备制造业
SZ300832,新产业,C,制造业,CE,石油、化学、生物医药,27,医药制造业
SZ300833,浩洋股份,C,制造业,CH,电气、电子及通讯,38,电气机械和器材制造业
SZ300834,星辉环材,C,制造业,CE,石油、化学、生物医药,26,化学原料和化学制品制造业
SZ300835,龙磁科技,C,制造业,CH,电气、电子及通讯,39,计算机、通信和其他电子设备制造业
SZ300836,佰奥智能,C,制造业,CG,专用、通用及交通运输设备,35,专用设备制造业
SZ300837,浙矿股份,C,制造业,CG,专用、通用及交通运输设备,35,专用设备制造业
SZ300838,浙江力诺,C,制造业,CG,专用、通用及交通运输设备,34,通用设备制造业
SZ300839,博汇股份,C,制造业,CE,石油、化学、生物医药,25,石油、煤炭及其他燃料加工业
SZ300840,酷特智能,C,制造业,CB,纺织、服装、鞋帽,18,纺织服装、服饰业
SZ300841,康华生物,C,制造业,CE,石油、化学、生物医药,27,医药制造业
SZ300842,帝科股份,C,制造业,CH,电气、电子及通讯,39,计算机、通信和其他电子设备制造业
SZ300843,胜蓝股份,C,制造业,CH,电气、电子及通讯,39,计算机、通信和其他电子设备制造业
SZ300844,山水比德,M,科学研究和技术服务业,,,74,专业技术服务业
SZ300845,捷安高科,I,信息传输、软件和信息技术服务业,,,65,软件和信息技术服务业
SZ300846,首都在线,I,信息传输、软件和信息技术服务业,,,65,软件和信息技术服务业
SZ300847,中船汉光,C,制造业,CH,电气、电子及通讯,39,计算机、通信和其他电子设备制造业
SZ300848,美瑞新材,C,制造业,CE,石油、化学、生物医药,26,化学原料和化学制品制造业
SZ300849,锦盛新材,C,制造业,CE,石油、化学、生物医药,29,橡胶和塑料制品业
SZ300850,新强联,C,制造业,CG,专用、通用及交通运输设备,34,通用设备制造业
SZ300851,交大思诺,I,信息传输、软件和信息技术服务业,,,65,软件和信息技术服务业
SZ300852,四会富仕,C,制造业,CH,电气、电子及通讯,39,计算机、通信和其他电子设备制造业
SZ300853,申昊科技,C,制造业,CG,专用、通用及交通运输设备,34,通用设备制造业
SZ300854,中兰环保,N,水利、环境和公共设施管理业,,,77,生态保护和环境治理业
SZ300855,图南股份,C,制造业,CF,金属、非金属,32,有色金属冶炼和压延加工业
SZ300856,科思股份,C,制造业,CE,石油、化学、生物医药,26,化学原料和化学制品制造业
SZ300857,协创数据,C,制造业,CH,电气、电子及通讯,39,计算机、通信和其他电子设备制造业
SZ300858,科拓生物,C,制造业,CA,食品、饮料、烟草,14,食品制造业
SZ300859,西域旅游,N,水利、环境和公共设施管理业,,,78,公共设施管理业
SZ300860,锋尚文化,R,文化、体育和娱乐业,,,88,文化艺术业
SZ300861,美畅股份,C,制造业,CF,金属、非金属,30,非金属矿物制品业
SZ300862,蓝盾光电,C,制造业,CI,仪器、仪表,40,仪器仪表制造业
SZ300863,卡倍亿,C,制造业,CG,专用、通用及交通运输设备,36,汽车制造业
SZ300864,南大环境,L,租赁和商务服务业,,,72,商务服务业
SZ300865,大宏立,C,制造业,CG,专用、通用及交通运输设备,35,专用设备制造业
SZ300866,安克创新,C,制造业,CH,电气、电子及通讯,39,计算机、通信和其他电子设备制造业
SZ300867,圣元环保,N,水利、环境和公共设施管理业,,,77,生态保护和环境治理业
SZ300868,杰美特,C,制造业,CE,石油、化学、生物医药,29,橡胶和塑料制品业
SZ300869,康泰医学,C,制造业,CG,专用、通用及交通运输设备,35,专用设备制造业
SZ300870,欧陆通,C,制造业,CH,电气、电子及通讯,39,计算机、通信和其他电子设备制造业
SZ300871,回盛生物,C,制造业,CE,石油、化学、生物医药,27,医药制造业
SZ300872,天阳科技,I,信息传输、软件和信息技术服务业,,,65,软件和信息技术服务业
SZ300873,海晨股份,G,交通运输、仓储和邮政业,,,58,多式联运和运输代理业
SZ300875,捷强装备,C,制造业,CG,专用、通用及交通运输设备,35,专用设备制造业
SZ300876,蒙泰高新,C,制造业,CE,石油、化学、生物医药,28,化学纤维制造业
SZ300877,金春股份,C,制造业,CB,纺织、服装、鞋帽,17,纺织业
SZ300878,维康药业,C,制造业,CE,石油、化学、生物医药,27,医药制造业
SZ300879,大叶股份,C,制造业,CG,专用、通用及交通运输设备,35,专用设备制造业
SZ300880,迦南智能,C,制造业,CI,仪器、仪表,40,仪器仪表制造业
SZ300881,盛德鑫泰,C,制造业,CF,金属、非金属,33,金属制品业
SZ300882,万胜智能,C,制造业,CI,仪器、仪表,40,仪器仪表制造业
SZ300883,龙利得,C,制造业,CD,造纸、印刷、文教,22,造纸和纸制品业
SZ300884,狄耐克,C,制造业,CH,电气、电子及通讯,39,计算机、通信和其他电子设备制造业
SZ300885,海昌新材,C,制造业,CF,金属、非金属,33,金属制品业
SZ300886,华业香料,C,制造业,CE,石油、化学、生物医药,26,化学原料和化学制品制造业
SZ300887,谱尼测试,M,科学研究和技术服务业,,,74,专业技术服务业
SZ300888,稳健医疗,C,制造业,CB,纺织、服装、鞋帽,17,纺织业
SZ300889,爱克股份,C,制造业,CH,电气、电子及通讯,38,电气机械和器材制造业
SZ300890,翔丰华,C,制造业,CF,金属、非金属,30,非金属矿物制品业
SZ300891,惠云钛业,C,制造业,CE,石油、化学、生物医药,26,化学原料和化学制品制造业
SZ300892,品渥食品,F,批发和零售业,,,52,零售业
SZ300893,松原安全,C,制造业,CG,专用、通用及交通运输设备,36,汽车制造业
SZ300894,火星人,C,制造业,CH,电气、电子及通讯,38,电气机械和器材制造业
SZ300895,铜牛信息,I,信息传输、软件和信息技术服务业,,,65,软件和信息技术服务业
SZ300896,爱美客,C,制造业,CG,专用、通用及交通运输设备,35,专用设备制造业
SZ300897,山科智能,C,制造业,CI,仪器、仪表,40,仪器仪表制造业
SZ300898,熊猫乳品,C,制造业,CA,食品、饮料、烟草,14,食品制造业
SZ300899,*ST凯鑫,N,水利、环境和公共设施管理业,,,77,生态保护和环境治理业
SZ300900,广联航空,C,制造业,CG,专用、通用及交通运输设备,37,铁路、船舶、航空航天和其他运输设备制造业
SZ300901,中胤时尚,M,科学研究和技术服务业,,,74,专业技术服务业
SZ300902,国安达,C,制造业,CG,专用、通用及交通运输设备,35,专用设备制造业
SZ300903,科翔股份,C,制造业,CH,电气、电子及通讯,39,计算机、通信和其他电子设备制造业
SZ300904,威力传动,C,制造业,CG,专用、通用及交通运输设备,34,通用设备制造业
SZ300905,宝丽迪,C,制造业,CE,石油、化学、生物医药,29,橡胶和塑料制品业
SZ300906,日月明,C,制造业,CG,专用、通用及交通运输设备,37,铁路、船舶、航空航天和其他运输设备制造业
SZ300907,康平科技,C,制造业,CH,电气、电子及通讯,38,电气机械和器材制造业
SZ300908,仲景食品,C,制造业,CA,食品、饮料、烟草,14,食品制造业
SZ300909,汇创达,C,制造业,CH,电气、电子及通讯,39,计算机、通信和其他电子设备制造业
SZ300910,瑞丰新材,C,制造业,CE,石油、化学、生物医药,26,化学原料和化学制品制造业
SZ300911,亿田智能,C,制造业,CH,电气、电子及通讯,38,电气机械和器材制造业
SZ300912,凯龙高科,N,水利、环境和公共设施管理业,,,77,生态保护和环境治理业
SZ300913,兆龙互连,C,制造业,CH,电气、电子及通讯,38,电气机械和器材制造业
SZ300915,海融科技,C,制造业,CA,食品、饮料、烟草,14,食品制造业
SZ300916,朗特智能,C,制造业,CH,电气、电子及通讯,39,计算机、通信和其他电子设备制造业
SZ300917,特发服务,K,房地产业,,,70,房地产业
SZ300918,南山智尚,C,制造业,CB,纺织、服装、鞋帽,17,纺织业
SZ300919,中伟股份,C,制造业,CH,电气、电子及通讯,39,计算机、通信和其他电子设备制造业
SZ300920,润阳科技,C,制造业,CE,石油、化学、生物医药,29,橡胶和塑料制品业
SZ300921,南凌科技,I,信息传输、软件和信息技术服务业,,,64,互联网和相关服务
SZ300922,天秦装备,C,制造业,CJ,其他制造业,41,其他制造业
SZ300923,研奥股份,C,制造业,CG,专用、通用及交通运输设备,37,铁路、船舶、航空航天和其他运输设备制造业
SZ300925,法本信息,I,信息传输、软件和信息技术服务业,,,65,软件和信息技术服务业
SZ300926,博俊科技,C,制造业,CG,专用、通用及交通运输设备,36,汽车制造业
SZ300927,江天化学,C,制造业,CE,石油、化学、生物医药,26,化学原料和化学制品制造业
SZ300928,华安鑫创,M,科学研究和技术服务业,,,74,专业技术服务业
SZ300929,华骐环保,N,水利、环境和公共设施管理业,,,77,生态保护和环境治理业
SZ300930,屹通新材,C,制造业,CJ,其他制造业,42,废弃资源综合利用业
SZ300931,通用电梯,C,制造业,CG,专用、通用及交通运输设备,34,通用设备制造业
SZ300932,三友联众,C,制造业,CH,电气、电子及通讯,38,电气机械和器材制造业
SZ300933,中辰股份,C,制造业,CH,电气、电子及通讯,38,电气机械和器材制造业
SZ300935,盈建科,I,信息传输、软件和信息技术服务业,,,65,软件和信息技术服务业
SZ300936,中英科技,C,制造业,CH,电气、电子及通讯,39,计算机、通信和其他电子设备制造业
SZ300937,药易购,F,批发和零售业,,,51,批发业
SZ300938,信测标准,M,科学研究和技术服务业,,,74,专业技术服务业
SZ300939,秋田微,C,制造业,CH,电气、电子及通讯,39,计算机、通信和其他电子设备制造业
SZ300940,南极光,C,制造业,CH,电气、电子及通讯,39,计算机、通信和其他电子设备制造业
SZ300941,创识科技,I,信息传输、软件和信息技术服务业,,,65,软件和信息技术服务业
SZ300942,易瑞生物,C,制造业,CE,石油、化学、生物医药,27,医药制造业
SZ300943,春晖智控,C,制造业,CG,专用、通用及交通运输设备,34,通用设备制造业
SZ300945,曼卡龙,F,批发和零售业,,,52,零售业
SZ300946,恒而达,C,制造业,CF,金属、非金属,33,金属制品业
SZ300947,德必集团,L,租赁和商务服务业,,,72,商务服务业
SZ300948,冠中生态,N,水利、环境和公共设施管理业,,,77,生态保护和环境治理业
SZ300949,奥雅股份,M,科学研究和技术服务业,,,74,专业技术服务业
SZ300950,德固特,C,制造业,CG,专用、通用及交通运输设备,35,专用设备制造业
SZ300951,博硕科技,C,制造业,CH,电气、电子及通讯,39,计算机、通信和其他电子设备制造业
SZ300952,恒辉安防,C,制造业,CB,纺织、服装、鞋帽,17,纺织业
SZ300953,震裕科技,C,制造业,CF,金属、非金属,33,金属制品业
SZ300955,嘉亨家化,C,制造业,CE,石油、化学、生物医药,26,化学原料和化学制品制造业
SZ300956,英力股份,C,制造业,CH,电气、电子及通讯,39,计算机、通信和其他电子设备制造业
SZ300957,贝泰妮,C,制造业,CE,石油、化学、生物医药,26,化学原料和化学制品制造业
SZ300958,建工修复,N,水利、环境和公共设施管理业,,,77,生态保护和环境治理业
SZ300959,线上线下,I,信息传输、软件和信息技术服务业,,,65,软件和信息技术服务业
SZ300960,通业科技,C,制造业,CG,专用、通用及交通运输设备,37,铁路、船舶、航空航天和其他运输设备制造业
SZ300961,深水海纳,N,水利、环境和公共设施管理业,,,77,生态保护和环境治理业
SZ300962,中金辐照,C,制造业,CJ,其他制造业,41,其他制造业
SZ300963,中洲特材,C,制造业,CF,金属、非金属,32,有色金属冶炼和压延加工业
SZ300964,本川智能,C,制造业,CH,电气、电子及通讯,39,计算机、通信和其他电子设备制造业
SZ300965,恒宇信通,C,制造业,CH,电气、电子及通讯,39,计算机、通信和其他电子设备制造业
SZ300966,共同药业,C,制造业,CE,石油、化学、生物医药,27,医药制造业
SZ300967,晓鸣股份,A,农、林、牧、渔业,,,03,畜牧业
SZ300968,格林精密,C,制造业,CH,电气、电子及通讯,39,计算机、通信和其他电子设备制造业
SZ300969,恒帅股份,C,制造业,CG,专用、通用及交通运输设备,36,汽车制造业
SZ300970,华绿生物,A,农、林、牧、渔业,,,01,农业
SZ300971,博亚精工,C,制造业,CG,专用、通用及交通运输设备,34,通用设备制造业
SZ300972,万辰集团,F,批发和零售业,,,52,零售业
SZ300973,立高食品,C,制造业,CA,食品、饮料、烟草,14,食品制造业
SZ300975,商络电子,F,批发和零售业,,,51,批发业
SZ300976,达瑞电子,C,制造业,CH,电气、电子及通讯,39,计算机、通信和其他电子设备制造业
SZ300977,深圳瑞捷,M,科学研究和技术服务业,,,74,专业技术服务业
SZ300978,东箭科技,C,制造业,CG,专用、通用及交通运输设备,36,汽车制造业
SZ300979,华利集团,C,制造业,CB,纺织、服装、鞋帽,19,皮革、毛皮、羽毛及其制品和制鞋业
SZ300980,祥源新材,C,制造业,CE,石油、化学、生物医药,29,橡胶和塑料制品业
SZ300981,中红医疗,C,制造业,CE,石油、化学、生物医药,29,橡胶和塑料制品业
SZ300982,苏文电能,E,建筑业,,,48,土木工程建筑业
SZ300983,尤安设计,M,科学研究和技术服务业,,,74,专业技术服务业
SZ300984,金沃股份,C,制造业,CG,专用、通用及交通运输设备,34,通用设备制造业
SZ300985,致远新能,C,制造业,CF,金属、非金属,33,金属制品业
SZ300986,志特新材,C,制造业,CF,金属、非金属,33,金属制品业
SZ300987,川网传媒,I,信息传输、软件和信息技术服务业,,,64,互联网和相关服务
SZ300988,津荣天宇,C,制造业,CF,金属、非金属,33,金属制品业
SZ300989,蕾奥规划,M,科学研究和技术服务业,,,74,专业技术服务业
SZ300990,同飞股份,C,制造业,CG,专用、通用及交通运输设备,34,通用设备制造业
SZ300991,创益通,C,制造业,CH,电气、电子及通讯,39,计算机、通信和其他电子设备制造业
SZ300992,泰福泵业,C,制造业,CG,专用、通用及交通运输设备,34,通用设备制造业
SZ300993,玉马科技,C,制造业,CB,纺织、服装、鞋帽,17,纺织业
SZ300994,久祺股份,C,制造业,CG,专用、通用及交通运输设备,37,铁路、船舶、航空航天和其他运输设备制造业
SZ300995,奇德新材,C,制造业,CE,石油、化学、生物医药,29,橡胶和塑料制品业
SZ300996,普联软件,I,信息传输、软件和信息技术服务业,,,65,软件和信息技术服务业
SZ300997,欢乐家,C,制造业,CA,食品、饮料、烟草,15,酒、饮料和精制茶制造业
SZ300998,宁波方正,C,制造业,CG,专用、通用及交通运输设备,35,专用设备制造业
SZ300999,金龙鱼,C,制造业,CA,食品、饮料、烟草,13,农副食品加工业
SZ301000,肇民科技,C,制造业,CE,石油、化学、生物医药,29,橡胶和塑料制品业
SZ301001,凯淳股份,F,批发和零售业,,,52,零售业
SZ301002,崧盛股份,C,制造业,CH,电气、电子及通讯,39,计算机、通信和其他电子设备制造业
SZ301003,江苏博云,C,制造业,CE,石油、化学、生物医药,29,橡胶和塑料制品业
SZ301004,嘉益股份,C,制造业,CF,金属、非金属,33,金属制品业
SZ301005,超捷股份,C,制造业,CG,专用、通用及交通运输设备,36,汽车制造业
SZ301006,迈拓股份,C,制造业,CI,仪器、仪表,40,仪器仪表制造业
SZ301007,德迈仕,C,制造业,CG,专用、通用及交通运输设备,36,汽车制造业
SZ301008,宏昌科技,C,制造业,CH,电气、电子及通讯,38,电气机械和器材制造业
SZ301009,可靠股份,C,制造业,CD,造纸、印刷、文教,22,造纸和纸制品业
SZ301010,晶雪节能,C,制造业,CF,金属、非金属,30,非金属矿物制品业
SZ301011,华立科技,C,制造业,CD,造纸、印刷、文教,24,文教、工美、体育和娱乐用品制造业
SZ301012,扬电科技,C,制造业,CH,电气、电子及通讯,38,电气机械和器材制造业
SZ301013,利和兴,C,制造业,CG,专用、通用及交通运输设备,35,专用设备制造业
SZ301015,百洋医药,F,批发和零售业,,,51,批发业
SZ301016,雷尔伟,C,制造业,CG,专用、通用及交通运输设备,37,铁路、船舶、航空航天和其他运输设备制造业
SZ301017,漱玉平民,F,批发和零售业,,,52,零售业
SZ301018,申菱环境,C,制造业,CG,专用、通用及交通运输设备,35,专用设备制造业
SZ301019,宁波色母,C,制造业,CE,石油、化学、生物医药,29,橡胶和塑料制品业
SZ301020,密封科技,C,制造业,CG,专用、通用及交通运输设备,34,通用设备制造业
SZ301021,英诺激光,C,制造业,CH,电气、电子及通讯,39,计算机、通信和其他电子设备制造业
SZ301022,海泰科,C,制造业,CG,专用、通用及交通运输设备,35,专用设备制造业
SZ301023,江南奕帆,C,制造业,CG,专用、通用及交通运输设备,34,通用设备制造业
SZ301024,霍普股份,M,科学研究和技术服务业,,,74,专业技术服务业
SZ301025,读客文化,R,文化、体育和娱乐业,,,86,新闻和出版业
SZ301026,浩通科技,C,制造业,CJ,其他制造业,42,废弃资源综合利用业
SZ301027,华蓝集团,M,科学研究和技术服务业,,,74,专业技术服务业
SZ301028,东亚机械,C,制造业,CG,专用、通用及交通运输设备,34,通用设备制造业
SZ301029,怡合达,C,制造业,CG,专用、通用及交通运输设备,34,通用设备制造业
SZ301030,仕净科技,C,制造业,CG,专用、通用及交通运输设备,35,专用设备制造业
SZ301031,中熔电气,C,制造业,CH,电气、电子及通讯,38,电气机械和器材制造业
SZ301032,新柴股份,C,制造业,CG,专用、通用及交通运输设备,34,通用设备制造业
SZ301033,迈普医学,C,制造业,CG,专用、通用及交通运输设备,35,专用设备制造业
SZ301035,润丰股份,C,制造业,CE,石油、化学、生物医药,26,化学原料和化学制品制造业
SZ301036,双乐股份,C,制造业,CE,石油、化学、生物医药,26,化学原料和化学制品制造业
SZ301037,保立佳,C,制造业,CE,石油、化学、生物医药,26,化学原料和化学制品制造业
SZ301038,深水规院,M,科学研究和技术服务业,,,74,专业技术服务业
SZ301039,中集车辆,C,制造业,CG,专用、通用及交通运输设备,36,汽车制造业
SZ301040,中环海陆,C,制造业,CF,金属、非金属,33,金属制品业
SZ301041,金百泽,C,制造业,CH,电气、电子及通讯,39,计算机、通信和其他电子设备制造业
SZ301042,安联锐视,C,制造业,CH,电气、电子及通讯,39,计算机、通信和其他电子设备制造业
SZ301043,绿岛风,C,制造业,CG,专用、通用及交通运输设备,34,通用设备制造业
SZ301045,天禄科技,C,制造业,CH,电气、电子及通讯,39,计算机、通信和其他电子设备制造业
SZ301046,能辉科技,E,建筑业,,,48,土木工程建筑业
SZ301047,义翘神州,M,科学研究和技术服务业,,,73,研究和试验发展
SZ301048,金鹰重工,C,制造业,CG,专用、通用及交通运输设备,37,铁路、船舶、航空航天和其他运输设备制造业
SZ301049,超越科技,N,水利、环境和公共设施管理业,,,77,生态保护和环境治理业
SZ301050,雷电微力,C,制造业,CH,电气、电子及通讯,39,计算机、通信和其他电子设备制造业
SZ301051,信濠光电,C,制造业,CH,电气、电子及通讯,39,计算机、通信和其他电子设备制造业
SZ301052,果麦文化,R,文化、体育和娱乐业,,,86,新闻和出版业
SZ301053,远信工业,C,制造业,CG,专用、通用及交通运输设备,35,专用设备制造业
SZ301055,张小泉,C,制造业,CF,金属、非金属,33,金属制品业
SZ301056,森赫股份,C,制造业,CG,专用、通用及交通运输设备,34,通用设备制造业
SZ301057,汇隆新材,C,制造业,CE,石油、化学、生物医药,28,化学纤维制造业
SZ301058,中粮科工,M,科学研究和技术服务业,,,74,专业技术服务业
SZ301059,金三江,C,制造业,CE,石油、化学、生物医药,26,化学原料和化学制品制造业
SZ301060,兰卫医学,F,批发和零售业,,,51,批发业
SZ301061,匠心家居,C,制造业,CC,木材、家具,21,家具制造业
SZ301062,上海艾录,C,制造业,CD,造纸、印刷、文教,22,造纸和纸制品业
SZ301063,海锅股份,C,制造业,CF,金属、非金属,33,金属制品业
SZ301065,本立科技,C,制造业,CE,石油、化学、生物医药,26,化学原料和化学制品制造业
SZ301066,万事利,C,制造业,CB,纺织、服装、鞋帽,18,纺织服装、服饰业
SZ301067,显盈科技,C,制造业,CH,电气、电子及通讯,39,计算机、通信和其他电子设备制造业
SZ301068,大地海洋,C,制造业,CJ,其他制造业,42,废弃资源综合利用业
SZ301069,凯盛新材,C,制造业,CE,石油、化学、生物医药,26,化学原料和化学制品制造业
SZ301070,开勒股份,C,制造业,CG,专用、通用及交通运输设备,34,通用设备制造业
SZ301071,力量钻石,C,制造业,CF,金属、非金属,30,非金属矿物制品业
SZ301072,中捷精工,C,制造业,CG,专用、通用及交通运输设备,36,汽车制造业
SZ301073,君亭酒店,H,住宿和餐饮业,,,61,住宿业
SZ301075,多瑞医药,C,制造业,CE,石油、化学、生物医药,27,医药制造业
SZ301076,新瀚新材,C,制造业,CE,石油、化学、生物医药,26,化学原料和化学制品制造业
SZ301077,星华新材,C,制造业,CE,石油、化学、生物医药,26,化学原料和化学制品制造业
SZ301078,孩子王,F,批发和零售业,,,52,零售业
SZ301079,邵阳液压,C,制造业,CG,专用、通用及交通运输设备,34,通用设备制造业
SZ301080,百普赛斯,M,科学研究和技术服务业,,,73,研究和试验发展
SZ301081,严牌股份,C,制造业,CG,专用、通用及交通运输设备,35,专用设备制造业
SZ301082,久盛电气,C,制造业,CH,电气、电子及通讯,38,电气机械和器材制造业
SZ301083,百胜智能,C,制造业,CG,专用、通用及交通运输设备,35,专用设备制造业
SZ301085,亚康股份,I,信息传输、软件和信息技术服务业,,,65,软件和信息技术服务业
SZ301086,鸿富瀚,C,制造业,CH,电气、电子及通讯,39,计算机、通信和其他电子设备制造业
SZ301087,可孚医疗,C,制造业,CG,专用、通用及交通运输设备,35,专用设备制造业
SZ301088,戎美股份,F,批发和零售业,,,52,零售业
SZ301089,拓新药业,C,制造业,CE,石油、化学、生物医药,27,医药制造业
SZ301090,华润材料,C,制造业,CE,石油、化学、生物医药,26,化学原料和化学制品制造业
SZ301091,深城交,M,科学研究和技术服务业,,,74,专业技术服务业
SZ301092,争光股份,C,制造业,CE,石油、化学、生物医药,26,化学原料和化学制品制造业
SZ301093,华兰股份,C,制造业,CE,石油、化学、生物医药,27,医药制造业
SZ301095,广立微,I,信息传输、软件和信息技术服务业,,,65,软件和信息技术服务业
SZ301096,百诚医药,M,科学研究和技术服务业,,,73,研究和试验发展
SZ301097,天益医疗,C,制造业,CG,专用、通用及交通运输设备,35,专用设备制造业
SZ301098,金埔园林,E,建筑业,,,48,土木工程建筑业
SZ301099,雅创电子,F,批发和零售业,,,51,批发业
SZ301100,风光股份,C,制造业,CE,石油、化学、生物医药,26,化学原料和化学制品制造业
SZ301101,明月镜片,C,制造业,CG,专用、通用及交通运输设备,35,专用设备制造业
SZ301102,兆讯传媒,L,租赁和商务服务业,,,72,商务服务业
SZ301103,何氏眼科,Q,卫生和社会工作,,,84,卫生
SZ301105,鸿铭股份,C,制造业,CG,专用、通用及交通运输设备,34,通用设备制造业
SZ301106,骏成科技,C,制造业,CH,电气、电子及通讯,39,计算机、通信和其他电子设备制造业
SZ301107,瑜欣电子,C,制造业,CG,专用、通用及交通运输设备,34,通用设备制造业
SZ301108,洁雅股份,C,制造业,CE,石油、化学、生物医药,26,化学原料和化学制品制造业
SZ301109,军信股份,N,水利、环境和公共设施管理业,,,77,生态保护和环境治理业
SZ301110,青木科技,I,信息传输、软件和信息技术服务业,,,64,互联网和相关服务
SZ301111,粤万年青,C,制造业,CE,石油、化学、生物医药,27,医药制造业
SZ301112,信邦智能,C,制造业,CG,专用、通用及交通运输设备,35,专用设备制造业
SZ301113,雅艺科技,C,制造业,CC,木材、家具,21,家具制造业
SZ301115,联检科技,M,科学研究和技术服务业,,,74,专业技术服务业
SZ301116,益客食品,C,制造业,CA,食品、饮料、烟草,13,农副食品加工业
SZ301117,佳缘科技,I,信息传输、软件和信息技术服务业,,,65,软件和信息技术服务业
SZ301118,恒光股份,C,制造业,CE,石油、化学、生物医药,26,化学原料和化学制品制造业
SZ301119,正强股份,C,制造业,CG,专用、通用及交通运输设备,36,汽车制造业
SZ301120,新特电气,C,制造业,CH,电气、电子及通讯,38,电气机械和器材制造业
SZ301121,紫建电子,C,制造业,CH,电气、电子及通讯,38,电气机械和器材制造业
SZ301122,采纳股份,C,制造业,CG,专用、通用及交通运输设备,35,专用设备制造业
SZ301123,奕东电子,C,制造业,CH,电气、电子及通讯,39,计算机、通信和其他电子设备制造业
SZ301125,腾亚精工,C,制造业,CG,专用、通用及交通运输设备,34,通用设备制造业
SZ301126,达嘉维康,F,批发和零售业,,,52,零售业
SZ301127,武汉天源,D,电力、热力、燃气及水生产和供应业,,,46,水的生产和供应业
SZ301128,强瑞技术,C,制造业,CG,专用、通用及交通运输设备,35,专用设备制造业
SZ301129,瑞纳智能,C,制造业,CI,仪器、仪表,40,仪器仪表制造业
SZ301130,西点药业,C,制造业,CE,石油、化学、生物医药,27,医药制造业
SZ301131,聚赛龙,C,制造业,CE,石油、化学、生物医药,29,橡胶和塑料制品业
SZ301132,满坤科技,C,制造业,CH,电气、电子及通讯,39,计算机、通信和其他电子设备制造业
SZ301133,金钟股份,C,制造业,CG,专用、通用及交通运输设备,36,汽车制造业
SZ301135,瑞德智能,C,制造业,CH,电气、电子及通讯,39,计算机、通信和其他电子设备制造业
SZ301136,招标股份,M,科学研究和技术服务业,,,74,专业技术服务业
SZ301137,哈焊华通,C,制造业,CF,金属、非金属,33,金属制品业
SZ301138,华研精机,C,制造业,CG,专用、通用及交通运输设备,35,专用设备制造业
SZ301139,元道通信,I,信息传输、软件和信息技术服务业,,,65,软件和信息技术服务业
SZ301141,中科磁业,C,制造业,CH,电气、电子及通讯,39,计算机、通信和其他电子设备制造业
SZ301148,嘉戎技术,N,水利、环境和公共设施管理业,,,77,生态保护和环境治理业
SZ301149,隆华新材,C,制造业,CE,石油、化学、生物医药,26,化学原料和化学制品制造业
SZ301150,中一科技,C,制造业,CH,电气、电子及通讯,39,计算机、通信和其他电子设备制造业
SZ301151,冠龙节能,C,制造业,CG,专用、通用及交通运输设备,34,通用设备制造业
SZ301152,天力锂能,C,制造业,CH,电气、电子及通讯,39,计算机、通信和其他电子设备制造业
SZ301153,中科江南,I,信息传输、软件和信息技术服务业,,,65,软件和信息技术服务业
SZ301155,海力风电,C,制造业,CH,电气、电子及通讯,38,电气机械和器材制造业
SZ301156,美农生物,C,制造业,CA,食品、饮料、烟草,14,食品制造业
SZ301157,华塑科技,C,制造业,CH,电气、电子及通讯,39,计算机、通信和其他电子设备制造业
SZ301158,德石股份,C,制造业,CG,专用、通用及交通运输设备,35,专用设备制造业
SZ301159,三维天地,I,信息传输、软件和信息技术服务业,,,65,软件和信息技术服务业
SZ301160,翔楼新材,C,制造业,CF,金属、非金属,33,金属制品业
SZ301161,唯万密封,C,制造业,CE,石油、化学、生物医药,29,橡胶和塑料制品业
SZ301162,国能日新,I,信息传输、软件和信息技术服务业,,,65,软件和信息技术服务业
SZ301163,宏德股份,C,制造业,CF,金属、非金属,33,金属制品业
SZ301165,锐捷网络,C,制造业,CH,电气、电子及通讯,39,计算机、通信和其他电子设备制造业
SZ301166,优宁维,F,批发和零售业,,,51,批发业
SZ301167,建研设计,M,科学研究和技术服务业,,,74,专业技术服务业
SZ301168,通灵股份,C,制造业,CH,电气、电子及通讯,38,电气机械和器材制造业
SZ301169,零点有数,L,租赁和商务服务业,,,72,商务服务业
SZ301170,锡南科技,C,制造业,CG,专用、通用及交通运输设备,36,汽车制造业
SZ301171,易点天下,I,信息传输、软件和信息技术服务业,,,64,互联网和相关服务
SZ301172,君逸数码,I,信息传输、软件和信息技术服务业,,,65,软件和信息技术服务业
SZ301173,毓恬冠佳,C,制造业,CG,专用、通用及交通运输设备,36,汽车制造业
SZ301175,中科环保,N,水利、环境和公共设施管理业,,,78,公共设施管理业
SZ301176,逸豪新材,C,制造业,CH,电气、电子及通讯,39,计算机、通信和其他电子设备制造业
SZ301177,迪阿股份,F,批发和零售业,,,52,零售业
SZ301178,天亿马,I,信息传输、软件和信息技术服务业,,,65,软件和信息技术服务业
SZ301179,泽宇智能,I,信息传输、软件和信息技术服务业,,,65,软件和信息技术服务业
SZ301180,万祥科技,C,制造业,CH,电气、电子及通讯,39,计算机、通信和其他电子设备制造业
SZ301181,标榜股份,C,制造业,CG,专用、通用及交通运输设备,36,汽车制造业
SZ301182,凯旺科技,C,制造业,CH,电气、电子及通讯,39,计算机、通信和其他电子设备制造业
SZ301183,东田微,C,制造业,CH,电气、电子及通讯,39,计算机、通信和其他电子设备制造业
SZ301185,鸥玛软件,I,信息传输、软件和信息技术服务业,,,65,软件和信息技术服务业
SZ301186,超达装备,C,制造业,CG,专用、通用及交通运输设备,35,专用设备制造业
SZ301187,欧圣电气,C,制造业,CH,电气、电子及通讯,38,电气机械和器材制造业
SZ301188,力诺药包,C,制造业,CF,金属、非金属,30,非金属矿物制品业
SZ301189,奥尼电子,C,制造业,CH,电气、电子及通讯,39,计算机、通信和其他电子设备制造业
SZ301190,善水科技,C,制造业,CE,石油、化学、生物医药,26,化学原料和化学制品制造业
SZ301191,菲菱科思,C,制造业,CH,电气、电子及通讯,39,计算机、通信和其他电子设备制造业
SZ301192,泰祥股份,C,制造业,CG,专用、通用及交通运输设备,36,汽车制造业
SZ301193,家联科技,C,制造业,CE,石油、化学、生物医药,29,橡胶和塑料制品业
SZ301195,北路智控,I,信息传输、软件和信息技术服务业,,,65,软件和信息技术服务业
SZ301196,唯科科技,C,制造业,CE,石油、化学、生物医药,29,橡胶和塑料制品业
SZ301197,工大科雅,I,信息传输、软件和信息技术服务业,,,65,软件和信息技术服务业
SZ301198,喜悦智行,C,制造业,CE,石油、化学、生物医药,29,橡胶和塑料制品业
SZ301199,迈赫股份,C,制造业,CG,专用、通用及交通运输设备,35,专用设备制造业
SZ301200,大族数控,C,制造业,CG,专用、通用及交通运输设备,35,专用设备制造业
SZ301201,诚达药业,C,制造业,CE,石油、化学、生物医药,27,医药制造业
SZ301202,朗威股份,C,制造业,CF,金属、非金属,33,金属制品业
SZ301203,国泰环保,N,水利、环境和公共设施管理业,,,77,生态保护和环境治理业
SZ301205,联特科技,C,制造业,CH,电气、电子及通讯,39,计算机、通信和其他电子设备制造业
SZ301206,三元生物,C,制造业,CA,食品、饮料、烟草,14,食品制造业
SZ301207,华兰疫苗,C,制造业,CE,石油、化学、生物医药,27,医药制造业
SZ301208,中亦科技,I,信息传输、软件和信息技术服务业,,,65,软件和信息技术服务业
SZ301209,联合化学,C,制造业,CE,石油、化学、生物医药,26,化学原料和化学制品制造业
SZ301210,金杨股份,C,制造业,CH,电气、电子及通讯,38,电气机械和器材制造业
SZ301211,亨迪药业,C,制造业,CE,石油、化学、生物医药,27,医药制造业
SZ301212,联盛化学,C,制造业,CE,石油、化学、生物医药,26,化学原料和化学制品制造业
SZ301213,观想科技,I,信息传输、软件和信息技术服务业,,,65,软件和信息技术服务业
SZ301215,中汽股份,M,科学研究和技术服务业,,,74,专业技术服务业
SZ301216,万凯新材,C,制造业,CE,石油、化学、生物医药,26,化学原料和化学制品制造业
SZ301217,铜冠铜箔,C,制造业,CH,电气、电子及通讯,39,计算机、通信和其他电子设备制造业
SZ301218,华是科技,I,信息传输、软件和信息技术服务业,,,65,软件和信息技术服务业
SZ301219,腾远钴业,C,制造业,CF,金属、非金属,32,有色金属冶炼和压延加工业
SZ301220,亚香股份,C,制造业,CE,石油、化学、生物医药,26,化学原料和化学制品制造业
SZ301221,光庭信息,I,信息传输、软件和信息技术服务业,,,65,软件和信息技术服务业
SZ301222,浙江恒威,C,制造业,CH,电气、电子及通讯,38,电气机械和器材制造业
SZ301223,中荣股份,C,制造业,CD,造纸、印刷、文教,23,印刷和记录媒介复制业
SZ301225,恒勃股份,C,制造业,CG,专用、通用及交通运输设备,36,汽车制造业
SZ301226,祥明智能,C,制造业,CH,电气、电子及通讯,38,电气机械和器材制造业
SZ301227,森鹰窗业,C,制造业,CC,木材、家具,20,木材加工和木、竹、藤、棕、草制品业
SZ301228,实朴检测,M,科学研究和技术服务业,,,74,专业技术服务业
SZ301229,纽泰格,C,制造业,CG,专用、通用及交通运输设备,36,汽车制造业
SZ301230,泓博医药,M,科学研究和技术服务业,,,73,研究和试验发展
SZ301231,荣信文化,R,文化、体育和娱乐业,,,86,新闻和出版业
SZ301232,飞沃科技,C,制造业,CG,专用、通用及交通运输设备,34,通用设备制造业
SZ301233,盛帮股份,C,制造业,CE,石油、化学、生物医药,29,橡胶和塑料制品业
SZ301234,五洲医疗,C,制造业,CG,专用、通用及交通运输设备,35,专用设备制造业
SZ301235,华康洁净,E,建筑业,,,49,建筑安装业
SZ301236,软通动力,I,信息传输、软件和信息技术服务业,,,65,软件和信息技术服务业
SZ301237,和顺科技,C,制造业,CE,石油、化学、生物医药,29,橡胶和塑料制品业
SZ301238,瑞泰新材,C,制造业,CE,石油、化学、生物医药,26,化学原料和化学制品制造业
SZ301239,普瑞眼科,Q,卫生和社会工作,,,84,卫生
SZ301246,宏源药业,C,制造业,CE,石油、化学、生物医药,27,医药制造业
SZ301248,杰创智能,I,信息传输、软件和信息技术服务业,,,65,软件和信息技术服务业
SZ301251,威尔高,C,制造业,CH,电气、电子及通讯,39,计算机、通信和其他电子设备制造业
SZ301252,同星科技,C,制造业,CG,专用、通用及交通运输设备,34,通用设备制造业
SZ301255,通力科技,C,制造业,CG,专用、通用及交通运输设备,34,通用设备制造业
SZ301256,华融化学,C,制造业,CE,石油、化学、生物医药,26,化学原料和化学制品制造业
SZ301257,普蕊斯,M,科学研究和技术服务业,,,73,研究和试验发展
SZ301258,富士莱,C,制造业,CE,石油、化学、生物医药,27,医药制造业
SZ301259,艾布鲁,N,水利、环境和公共设施管理业,,,77,生态保护和环境治理业
SZ301260,格力博,C,制造业,CG,专用、通用及交通运输设备,35,专用设备制造业
SZ301261,恒工精密,C,制造业,CG,专用、通用及交通运输设备,34,通用设备制造业
SZ301262,海看股份,I,信息传输、软件和信息技术服务业,,,63,电信、广播电视和卫星传输服务
SZ301263,泰恩康,F,批发和零售业,,,51,批发业
SZ301265,华新环保,C,制造业,CJ,其他制造业,42,废弃资源综合利用业
SZ301266,宇邦新材,C,制造业,CH,电气、电子及通讯,38,电气机械和器材制造业
SZ301267,华厦眼科,Q,卫生和社会工作,,,84,卫生
SZ301268,铭利达,C,制造业,CF,金属、非金属,33,金属制品业
SZ301269,华大九天,I,信息传输、软件和信息技术服务业,,,65,软件和信息技术服务业
SZ301270,汉仪股份,I,信息传输、软件和信息技术服务业,,,65,软件和信息技术服务业
SZ301272,英华特,C,制造业,CG,专用、通用及交通运输设备,34,通用设备制造业
SZ301273,瑞晨环保,C,制造业,CG,专用、通用及交通运输设备,34,通用设备制造业
SZ301275,汉朔科技,C,制造业,CH,电气、电子及通讯,39,计算机、通信和其他电子设备制造业
SZ301276,嘉曼服饰,C,制造业,CB,纺织、服装、鞋帽,18,纺织服装、服饰业
SZ301277,新天地,C,制造业,CE,石油、化学、生物医药,27,医药制造业
SZ301278,快可电子,C,制造业,CH,电气、电子及通讯,38,电气机械和器材制造业
SZ301279,金道科技,C,制造业,CG,专用、通用及交通运输设备,34,通用设备制造业
SZ301280,珠城科技,C,制造业,CH,电气、电子及通讯,39,计算机、通信和其他电子设备制造业
SZ301281,科源制药,C,制造业,CE,石油、化学、生物医药,27,医药制造业
SZ301282,金禄电子,C,制造业,CH,电气、电子及通讯,39,计算机、通信和其他电子设备制造业
SZ301283,聚胶股份,C,制造业,CE,石油、化学、生物医药,26,化学原料和化学制品制造业
SZ301285,鸿日达,C,制造业,CH,电气、电子及通讯,39,计算机、通信和其他电子设备制造业
SZ301286,侨源股份,C,制造业,CE,石油、化学、生物医药,26,化学原料和化学制品制造业
SZ301287,康力源,C,制造业,CD,造纸、印刷、文教,24,文教、工美、体育和娱乐用品制造业
SZ301288,*ST清研,C,制造业,CG,专用、通用及交通运输设备,35,专用设备制造业
SZ301289,国缆检测,M,科学研究和技术服务业,,,74,专业技术服务业
SZ301290,东星医疗,C,制造业,CG,专用、通用及交通运输设备,35,专用设备制造业
SZ301291,明阳电气,C,制造业,CH,电气、电子及通讯,38,电气机械和器材制造业
SZ301292,海科新源,C,制造业,CE,石油、化学、生物医药,26,化学原料和化学制品制造业
SZ301293,三博脑科,Q,卫生和社会工作,,,84,卫生
SZ301295,美硕科技,C,制造业,CH,电气、电子及通讯,38,电气机械和器材制造业
SZ301296,新巨丰,C,制造业,CD,造纸、印刷、文教,22,造纸和纸制品业
SZ301297,富乐德,M,科学研究和技术服务业,,,74,专业技术服务业
SZ301298,东利机械,C,制造业,CG,专用、通用及交通运输设备,36,汽车制造业
SZ301299,卓创资讯,I,信息传输、软件和信息技术服务业,,,64,互联网和相关服务
SZ301300,远翔新材,C,制造业,CE,石油、化学、生物医药,26,化学原料和化学制品制造业
SZ301301,川宁生物,C,制造业,CE,石油、化学、生物医药,27,医药制造业
SZ301302,华如科技,I,信息传输、软件和信息技术服务业,,,65,软件和信息技术服务业
SZ301303,真兰仪表,C,制造业,CI,仪器、仪表,40,仪器仪表制造业
SZ301305,朗坤科技,N,水利、环境和公共设施管理业,,,77,生态保护和环境治理业
SZ301306,西测测试,M,科学研究和技术服务业,,,74,专业技术服务业
SZ301307,美利信,C,制造业,CF,金属、非金属,33,金属制品业
SZ301308,江波龙,C,制造业,CH,电气、电子及通讯,39,计算机、通信和其他电子设备制造业
SZ301309,万得凯,C,制造业,CG,专用、通用及交通运输设备,34,通用设备制造业
SZ301310,鑫宏业,C,制造业,CG,专用、通用及交通运输设备,36,汽车制造业
SZ301311,昆船智能,C,制造业,CG,专用、通用及交通运输设备,34,通用设备制造业
SZ301312,智立方,C,制造业,CG,专用、通用及交通运输设备,35,专用设备制造业
SZ301313,凡拓数创,I,信息传输、软件和信息技术服务业,,,65,软件和信息技术服务业
SZ301314,科瑞思,C,制造业,CH,电气、电子及通讯,39,计算机、通信和其他电子设备制造业
SZ301315,威士顿,I,信息传输、软件和信息技术服务业,,,65,软件和信息技术服务业
SZ301316,慧博云通,I,信息传输、软件和信息技术服务业,,,65,软件和信息技术服务业
SZ301317,鑫磊股份,C,制造业,CG,专用、通用及交通运输设备,34,通用设备制造业
SZ301318,维海德,C,制造业,CH,电气、电子及通讯,39,计算机、通信和其他电子设备制造业
SZ301319,唯特偶,C,制造业,CH,电气、电子及通讯,39,计算机、通信和其他电子设备制造业
SZ301320,豪江智能,C,制造业,CH,电气、电子及通讯,38,电气机械和器材制造业
SZ301321,翰博高新,C,制造业,CH,电气、电子及通讯,39,计算机、通信和其他电子设备制造业
SZ301322,绿通科技,C,制造业,CG,专用、通用及交通运输设备,37,铁路、船舶、航空航天和其他运输设备制造业
SZ301323,新莱福,C,制造业,CE,石油、化学、生物医药,29,橡胶和塑料制品业
SZ301325,曼恩斯特,C,制造业,CG,专用、通用及交通运输设备,35,专用设备制造业
SZ301326,捷邦科技,C,制造业,CH,电气、电子及通讯,39,计算机、通信和其他电子设备制造业
SZ301327,华宝新能,C,制造业,CH,电气、电子及通讯,38,电气机械和器材制造业
SZ301328,维峰电子,C,制造业,CH,电气、电子及通讯,39,计算机、通信和其他电子设备制造业
SZ301329,信音电子,C,制造业,CH,电气、电子及通讯,39,计算机、通信和其他电子设备制造业
SZ301330,熵基科技,C,制造业,CH,电气、电子及通讯,39,计算机、通信和其他电子设备制造业
SZ301331,恩威医药,C,制造业,CE,石油、化学、生物医药,27,医药制造业
SZ301332,德尔玛,C,制造业,CH,电气、电子及通讯,38,电气机械和器材制造业
SZ301333,诺思格,M,科学研究和技术服务业,,,73,研究和试验发展
SZ301335,天元宠物,C,制造业,CJ,其他制造业,41,其他制造业
SZ301336,趣睡科技,C,制造业,CC,木材、家具,21,家具制造业
SZ301337,亚华电子,I,信息传输、软件和信息技术服务业,,,65,软件和信息技术服务业
SZ301338,凯格精机,C,制造业,CG,专用、通用及交通运输设备,35,专用设备制造业
SZ301339,通行宝,I,信息传输、软件和信息技术服务业,,,65,软件和信息技术服务业
SZ301345,涛涛车业,C,制造业,CG,专用、通用及交通运输设备,37,铁路、船舶、航空航天和其他运输设备制造业
SZ301348,蓝箭电子,C,制造业,CH,电气、电子及通讯,39,计算机、通信和其他电子设备制造业
SZ301349,信德新材,C,制造业,CE,石油、化学、生物医药,26,化学原料和化学制品制造业
SZ301353,普莱得,C,制造业,CG,专用、通用及交通运输设备,34,通用设备制造业
SZ301355,南王科技,C,制造业,CD,造纸、印刷、文教,22,造纸和纸制品业
SZ301356,天振股份,C,制造业,CE,石油、化学、生物医药,29,橡胶和塑料制品业
SZ301357,北方长龙,C,制造业,CJ,其他制造业,41,其他制造业
SZ301358,湖南裕能,C,制造业,CH,电气、电子及通讯,39,计算机、通信和其他电子设备制造业
SZ301359,东南电子,C,制造业,CH,电气、电子及通讯,38,电气机械和器材制造业
SZ301360,荣旗科技,C,制造业,CG,专用、通用及交通运输设备,35,专用设备制造业
SZ301361,众智科技,C,制造业,CH,电气、电子及通讯,38,电气机械和器材制造业
SZ301362,民爆光电,C,制造业,CH,电气、电子及通讯,38,电气机械和器材制造业
SZ301363,美好医疗,C,制造业,CG,专用、通用及交通运输设备,35,专用设备制造业
SZ301365,矩阵股份,M,科学研究和技术服务业,,,74,专业技术服务业
SZ301366,一博科技,C,制造业,CH,电气、电子及通讯,39,计算机、通信和其他电子设备制造业
SZ301367,瑞迈特,C,制造业,CG,专用、通用及交通运输设备,35,专用设备制造业
SZ301368,丰立智能,C,制造业,CG,专用、通用及交通运输设备,34,通用设备制造业
SZ301369,联动科技,C,制造业,CG,专用、通用及交通运输设备,35,专用设备制造业
SZ301370,国科恒泰,F,批发和零售业,,,51,批发业
SZ301371,敷尔佳,C,制造业,CE,石油、化学、生物医药,26,化学原料和化学制品制造业
SZ301372,科净源,N,水利、环境和公共设施管理业,,,77,生态保护和环境治理业
SZ301373,凌玮科技,C,制造业,CE,石油、化学、生物医药,26,化学原料和化学制品制造业
SZ301376,致欧科技,F,批发和零售业,,,52,零售业
SZ301377,鼎泰高科,C,制造业,CF,金属、非金属,33,金属制品业
SZ301378,通达海,I,信息传输、软件和信息技术服务业,,,65,软件和信息技术服务业
SZ301379,天山电子,C,制造业,CH,电气、电子及通讯,39,计算机、通信和其他电子设备制造业
SZ301380,挖金客,I,信息传输、软件和信息技术服务业,,,65,软件和信息技术服务业
SZ301381,赛维时代,F,批发和零售业,,,52,零售业
SZ301382,蜂助手,I,信息传输、软件和信息技术服务业,,,64,互联网和相关服务
SZ301383,天键股份,C,制造业,CH,电气、电子及通讯,39,计算机、通信和其他电子设备制造业
SZ301386,未来电器,C,制造业,CH,电气、电子及通讯,38,电气机械和器材制造业
SZ301387,光大同创,C,制造业,CH,电气、电子及通讯,39,计算机、通信和其他电子设备制造业
SZ301388,欣灵电气,C,制造业,CH,电气、电子及通讯,38,电气机械和器材制造业
SZ301389,隆扬电子,C,制造业,CH,电气、电子及通讯,39,计算机、通信和其他电子设备制造业
SZ301390,经纬股份,M,科学研究和技术服务业,,,74,专业技术服务业
SZ301391,卡莱特,C,制造业,CH,电气、电子及通讯,39,计算机、通信和其他电子设备制造业
SZ301392,汇成真空,C,制造业,CG,专用、通用及交通运输设备,34,通用设备制造业
SZ301393,昊帆生物,C,制造业,CE,石油、化学、生物医药,26,化学原料和化学制品制造业
SZ301395,仁信新材,C,制造业,CE,石油、化学、生物医药,26,化学原料和化学制品制造业
SZ301396,宏景科技,I,信息传输、软件和信息技术服务业,,,65,软件和信息技术服务业
SZ301397,溯联股份,C,制造业,CG,专用、通用及交通运输设备,36,汽车制造业
SZ301398,星源卓镁,C,制造业,CF,金属、非金属,33,金属制品业
SZ301399,英特科技,C,制造业,CG,专用、通用及交通运输设备,34,通用设备制造业
SZ301408,华人健康,F,批发和零售业,,,52,零售业
SZ301413,安培龙,C,制造业,CH,电气、电子及通讯,39,计算机、通信和其他电子设备制造业
SZ301418,协昌科技,C,制造业,CH,电气、电子及通讯,38,电气机械和器材制造业
SZ301419,阿莱德,C,制造业,CH,电气、电子及通讯,39,计算机、通信和其他电子设备制造业
SZ301421,波长光电,C,制造业,CI,仪器、仪表,40,仪器仪表制造业
SZ301428,世纪恒通,I,信息传输、软件和信息技术服务业,,,64,互联网和相关服务
SZ301429,森泰股份,C,制造业,CE,石油、化学、生物医药,26,化学原料和化学制品制造业
SZ301439,泓淋电力,C,制造业,CH,电气、电子及通讯,38,电气机械和器材制造业
SZ301446,福事特,C,制造业,CG,专用、通用及交通运输设备,34,通用设备制造业
SZ301448,开创电气,C,制造业,CG,专用、通用及交通运输设备,34,通用设备制造业
SZ301456,盘古智能,C,制造业,CG,专用、通用及交通运输设备,35,专用设备制造业
SZ301458,钧崴电子,C,制造业,CH,电气、电子及通讯,39,计算机、通信和其他电子设备制造业
SZ301459,丰茂股份,C,制造业,CE,石油、化学、生物医药,29,橡胶和塑料制品业
SZ301468,博盈特焊,C,制造业,CG,专用、通用及交通运输设备,35,专用设备制造业
SZ301469,恒达新材,C,制造业,CD,造纸、印刷、文教,22,造纸和纸制品业
SZ301479,弘景光电,C,制造业,CH,电气、电子及通讯,39,计算机、通信和其他电子设备制造业
SZ301486,致尚科技,C,制造业,CH,电气、电子及通讯,39,计算机、通信和其他电子设备制造业
SZ301487,盟固利,C,制造业,CE,石油、化学、生物医药,26,化学原料和化学制品制造业
SZ301488,豪恩汽电,C,制造业,CH,电气、电子及通讯,39,计算机、通信和其他电子设备制造业
SZ301489,思泉新材,C,制造业,CH,电气、电子及通讯,39,计算机、通信和其他电子设备制造业
SZ301498,乖宝宠物,C,制造业,CA,食品、饮料、烟草,13,农副食品加工业
SZ301499,维科精密,C,制造业,CG,专用、通用及交通运输设备,36,汽车制造业
SZ301500,飞南资源,C,制造业,CJ,其他制造业,42,废弃资源综合利用业
SZ301501,恒鑫生活,C,制造业,CD,造纸、印刷、文教,22,造纸和纸制品业
SZ301502,华阳智能,C,制造业,CH,电气、电子及通讯,38,电气机械和器材制造业
SZ301503,智迪科技,C,制造业,CH,电气、电子及通讯,39,计算机、通信和其他电子设备制造业
SZ301505,苏州规划,M,科学研究和技术服务业,,,74,专业技术服务业
SZ301507,民生健康,C,制造业,CE,石油、化学、生物医药,27,医药制造业
SZ301508,中机认检,M,科学研究和技术服务业,,,74,专业技术服务业
SZ301509,金凯生科,C,制造业,CE,石油、化学、生物医药,27,医药制造业
SZ301510,固高科技,C,制造业,CI,仪器、仪表,40,仪器仪表制造业
SZ301511,德福科技,C,制造业,CH,电气、电子及通讯,39,计算机、通信和其他电子设备制造业
SZ301512,智信精密,C,制造业,CG,专用、通用及交通运输设备,35,专用设备制造业
SZ301515,港通医疗,C,制造业,CG,专用、通用及交通运输设备,35,专用设备制造业
SZ301516,中远通,C,制造业,CH,电气、电子及通讯,39,计算机、通信和其他电子设备制造业
SZ301517,陕西华达,C,制造业,CH,电气、电子及通讯,39,计算机、通信和其他电子设备制造业
SZ301518,长华化学,C,制造业,CE,石油、化学、生物医药,26,化学原料和化学制品制造业
SZ301519,舜禹股份,N,水利、环境和公共设施管理业,,,77,生态保护和环境治理业
SZ301520,万邦医药,M,科学研究和技术服务业,,,73,研究和试验发展
SZ301522,上大股份,C,制造业,CF,金属、非金属,33,金属制品业
SZ301525,儒竞科技,C,制造业,CH,电气、电子及通讯,38,电气机械和器材制造业
SZ301526,国际复材,C,制造业,CF,金属、非金属,30,非金属矿物制品业
SZ301528,多浦乐,C,制造业,CI,仪器、仪表,40,仪器仪表制造业
SZ301529,福赛科技,C,制造业,CG,专用、通用及交通运输设备,36,汽车制造业
SZ301533,威马农机,C,制造业,CG,专用、通用及交通运输设备,35,专用设备制造业
SZ301535,浙江华远,C,制造业,CG,专用、通用及交通运输设备,36,汽车制造业
SZ301536,星宸科技,C,制造业,CH,电气、电子及通讯,39,计算机、通信和其他电子设备制造业
SZ301538,骏鼎达,C,制造业,CE,石油、化学、生物医药,29,橡胶和塑料制品业
SZ301539,宏鑫科技,C,制造业,CG,专用、通用及交通运输设备,36,汽车制造业
SZ301548,崇德科技,C,制造业,CG,专用、通用及交通运输设备,34,通用设备制造业
SZ301550,斯菱股份,C,制造业,CG,专用、通用及交通运输设备,36,汽车制造业
SZ301551,无线传媒,I,信息传输、软件和信息技术服务业,,,63,电信、广播电视和卫星传输服务
SZ301552,科力装备,C,制造业,CG,专用、通用及交通运输设备,36,汽车制造业
SZ301555,惠柏新材,C,制造业,CE,石油、化学、生物医药,26,化学原料和化学制品制造业
SZ301556,托普云农,I,信息传输、软件和信息技术服务业,,,65,软件和信息技术服务业
SZ301557,常友科技,C,制造业,CF,金属、非金属,30,非金属矿物制品业
SZ301558,三态股份,F,批发和零售业,,,52,零售业
SZ301559,中集环科,C,制造业,CG,专用、通用及交通运输设备,34,通用设备制造业
SZ301560,众捷汽车,C,制造业,CG,专用、通用及交通运输设备,36,汽车制造业
SZ301565,中仑新材,C,制造业,CE,石油、化学、生物医药,29,橡胶和塑料制品业
SZ301566,达利凯普,C,制造业,CH,电气、电子及通讯,39,计算机、通信和其他电子设备制造业
SZ301567,贝隆精密,C,制造业,CH,电气、电子及通讯,39,计算机、通信和其他电子设备制造业
SZ301568,思泰克,C,制造业,CG,专用、通用及交通运输设备,35,专用设备制造业
SZ301571,国科天成,C,制造业,CH,电气、电子及通讯,39,计算机、通信和其他电子设备制造业
SZ301577,美信科技,C,制造业,CH,电气、电子及通讯,39,计算机、通信和其他电子设备制造业
SZ301578,辰奕智能,C,制造业,CH,电气、电子及通讯,39,计算机、通信和其他电子设备制造业
SZ301580,爱迪特,C,制造业,CG,专用、通用及交通运输设备,35,专用设备制造业
SZ301581,黄山谷捷,C,制造业,CG,专用、通用及交通运输设备,36,汽车制造业
SZ301585,蓝宇股份,C,制造业,CE,石油、化学、生物医药,26,化学原料和化学制品制造业
SZ301586,佳力奇,C,制造业,CG,专用、通用及交通运输设备,37,铁路、船舶、航空航天和其他运输设备制造业
SZ301587,中瑞股份,C,制造业,CF,金属、非金属,33,金属制品业
SZ301588,美新科技,C,制造业,CE,石油、化学、生物医药,29,橡胶和塑料制品业
SZ301589,诺瓦星云,C,制造业,CH,电气、电子及通讯,39,计算机、通信和其他电子设备制造业
SZ301590,优优绿能,C,制造业,CH,电气、电子及通讯,38,电气机械和器材制造业
SZ301591,肯特股份,C,制造业,CE,石油、化学、生物医药,29,橡胶和塑料制品业
SZ301592,六九一二,I,信息传输、软件和信息技术服务业,,,65,软件和信息技术服务业
SZ301595,太力科技,C,制造业,CE,石油、化学、生物医药,29,橡胶和塑料制品业
SZ301596,瑞迪智驱,C,制造业,CG,专用、通用及交通运输设备,34,通用设备制造业
SZ301598,博科测试,C,制造业,CG,专用、通用及交通运输设备,35,专用设备制造业
SZ301600,慧翰股份,C,制造业,CH,电气、电子及通讯,39,计算机、通信和其他电子设备制造业
SZ301601,惠通科技,M,科学研究和技术服务业,,,74,专业技术服务业
SZ301602,超研股份,C,制造业,CG,专用、通用及交通运输设备,35,专用设备制造业
SZ301603,乔锋智能,C,制造业,CG,专用、通用及交通运输设备,34,通用设备制造业
SZ301606,绿联科技,C,制造业,CH,电气、电子及通讯,39,计算机、通信和其他电子设备制造业
SZ301607,富特科技,C,制造业,CG,专用、通用及交通运输设备,36,汽车制造业
SZ301608,博实结,C,制造业,CH,电气、电子及通讯,39,计算机、通信和其他电子设备制造业
SZ301611,珂玛科技,C,制造业,CH,电气、电子及通讯,39,计算机、通信和其他电子设备制造业
SZ301613,新铝时代,C,制造业,CG,专用、通用及交通运输设备,36,汽车制造业
SZ301616,浙江华业,C,制造业,CG,专用、通用及交通运输设备,34,通用设备制造业
SZ301617,博苑股份,C,制造业,CE,石油、化学、生物医药,26,化学原料和化学制品制造业
SZ301618,长联科技,C,制造业,CE,石油、化学、生物医药,26,化学原料和化学制品制造业
SZ301622,英思特,C,制造业,CH,电气、电子及通讯,39,计算机、通信和其他电子设备制造业
SZ301626,苏州天脉,C,制造业,CH,电气、电子及通讯,39,计算机、通信和其他电子设备制造业
SZ301628,强达电路,C,制造业,CH,电气、电子及通讯,39,计算机、通信和其他电子设备制造业
SZ301629,矽电股份,C,制造业,CG,专用、通用及交通运输设备,35,专用设备制造业
SZ301631,壹连科技,C,制造业,CH,电气、电子及通讯,39,计算机、通信和其他电子设备制造业
SZ301633,港迪技术,I,信息传输、软件和信息技术服务业,,,65,软件和信息技术服务业
SZ301636,泽润新能,C,制造业,CH,电气、电子及通讯,38,电气机械和器材制造业
SZ301658,首航新能,C,制造业,CH,电气、电子及通讯,38,电气机械和器材制造业
SZ301662,宏工科技,C,制造业,CG,专用、通用及交通运输设备,35,专用设备制造业
SZ301665,泰禾股份,C,制造业,CE,石油、化学、生物医药,26,化学原料和化学制品制造业
SZ302132,中航成飞,C,制造业,CH,电气、电子及通讯,39,计算机、通信和其他电子设备制造业
BJ430017,星昊医药,C,制造业,CE,石油、化学、生物医药,27,医药制造业
BJ430047,诺思兰德,C,制造业,CE,石油、化学、生物医药,27,医药制造业
BJ430090,同辉信息,I,信息传输、软件和信息技术服务业,,,65,软件和信息技术服务业
BJ430139,华岭股份,C,制造业,CH,电气、电子及通讯,39,计算机、通信和其他电子设备制造业
BJ430198,微创光电,C,制造业,CH,电气、电子及通讯,39,计算机、通信和其他电子设备制造业
BJ430300,辰光医疗,C,制造业,CG,专用、通用及交通运输设备,35,专用设备制造业
BJ430418,苏轴股份,C,制造业,CG,专用、通用及交通运输设备,34,通用设备制造业
BJ430425,乐创技术,I,信息传输、软件和信息技术服务业,,,65,软件和信息技术服务业
BJ430476,海能技术,C,制造业,CI,仪器、仪表,40,仪器仪表制造业
BJ430478,峆一药业,C,制造业,CE,石油、化学、生物医药,27,医药制造业
BJ430510,丰光精密,C,制造业,CG,专用、通用及交通运输设备,34,通用设备制造业
BJ430556,雅达股份,C,制造业,CI,仪器、仪表,40,仪器仪表制造业
BJ430564,天润科技,I,信息传输、软件和信息技术服务业,,,65,软件和信息技术服务业
BJ430685,新芝生物,C,制造业,CI,仪器、仪表,40,仪器仪表制造业
BJ430718,合肥高科,C,制造业,CH,电气、电子及通讯,38,电气机械和器材制造业
SH600000,浦发银行,J,金融业,,,66,货币金融服务
SH600004,白云机场,G,交通运输、仓储和邮政业,,,56,航空运输业
SH600006,东风股份,C,制造业,CG,专用、通用及交通运输设备,36,汽车制造业
SH600007,中国国贸,K,房地产业,,,70,房地产业
SH600008,首创环保,D,电力、热力、燃气及水生产和供应业,,,46,水的生产和供应业
SH600009,上海机场,G,交通运输、仓储和邮政业,,,56,航空运输业
SH600010,包钢股份,C,制造业,CF,金属、非金属,31,黑色金属冶炼和压延加工业
SH600011,华能国际,D,电力、热力、燃气及水生产和供应业,,,44,电力、热力生产和供应业
SH600012,皖通高速,G,交通运输、仓储和邮政业,,,54,道路运输业
SH600015,华夏银行,J,金融业,,,66,货币金融服务
SH600016,民生银行,J,金融业,,,66,货币金融服务
SH600017,日照港,G,交通运输、仓储和邮政业,,,55,水上运输业
SH600018,上港集团,G,交通运输、仓储和邮政业,,,55,水上运输业
SH600019,宝钢股份,C,制造业,CF,金属、非金属,31,黑色金属冶炼和压延加工业
SH600020,中原高速,G,交通运输、仓储和邮政业,,,54,道路运输业
SH600021,上海电力,D,电力、热力、燃气及水生产和供应业,,,44,电力、热力生产和供应业
SH600022,山东钢铁,C,制造业,CF,金属、非金属,31,黑色金属冶炼和压延加工业
SH600023,浙能电力,D,电力、热力、燃气及水生产和供应业,,,44,电力、热力生产和供应业
SH600025,华能水电,D,电力、热力、燃气及水生产和供应业,,,44,电力、热力生产和供应业
SH600026,中远海能,G,交通运输、仓储和邮政业,,,55,水上运输业
SH600027,华电国际,D,电力、热力、燃气及水生产和供应业,,,44,电力、热力生产和供应业
SH600028,中国石化,B,采矿业,,,07,石油和天然气开采业
SH600029,南方航空,G,交通运输、仓储和邮政业,,,56,航空运输业
SH600030,中信证券,J,金融业,,,67,资本市场服务
SH600031,三一重工,C,制造业,CG,专用、通用及交通运输设备,35,专用设备制造业
SH600032,浙江新能,D,电力、热力、燃气及水生产和供应业,,,44,电力、热力生产和供应业
SH600033,福建高速,G,交通运输、仓储和邮政业,,,54,道路运输业
SH600035,楚天高速,G,交通运输、仓储和邮政业,,,54,道路运输业
SH600036,招商银行,J,金融业,,,66,货币金融服务
SH600037,歌华有线,I,信息传输、软件和信息技术服务业,,,63,电信、广播电视和卫星传输服务
SH600038,中直股份,C,制造业,CG,专用、通用及交通运输设备,37,铁路、船舶、航空航天和其他运输设备制造业
SH600039,四川路桥,E,建筑业,,,48,土木工程建筑业
SH600048,保利发展,K,房地产业,,,70,房地产业
SH600050,中国联通,I,信息传输、软件和信息技术服务业,,,63,电信、广播电视和卫星传输服务
SH600051,宁波联合,F,批发和零售业,,,51,批发业
SH600052,东望时代,R,文化、体育和娱乐业,,,87,广播、电视、电影和录音制作业
SH600053,九鼎投资,J,金融业,,,67,资本市场服务
SH600054,黄山旅游,N,水利、环境和公共设施管理业,,,78,公共设施管理业
SH600055,万东医疗,C,制造业,CG,专用、通用及交通运输设备,35,专用设备制造业
SH600056,中国医药,F,批发和零售业,,,51,批发业
SH600057,厦门象屿,L,租赁和商务服务业,,,72,商务服务业
SH600058,五矿发展,F,批发和零售业,,,51,批发业
SH600059,古越龙山,C,制造业,CA,食品、饮料、烟草,15,酒、饮料和精制茶制造业
SH600060,海信视像,C,制造业,CH,电气、电子及通讯,39,计算机、通信和其他电子设备制造业
SH600061,国投资本,J,金融业,,,67,资本市场服务
SH600062,华润双鹤,C,制造业,CE,石油、化学、生物医药,27,医药制造业
SH600063,皖维高新,C,制造业,CE,石油、化学、生物医药,26,化学原料和化学制品制造业
SH600064,南京高科,K,房地产业,,,70,房地产业
SH600066,宇通客车,C,制造业,CG,专用、通用及交通运输设备,36,汽车制造业
SH600067,冠城新材,C,制造业,CH,电气、电子及通讯,38,电气机械和器材制造业
SH600071,凤凰光学,C,制造业,CI,仪器、仪表,40,仪器仪表制造业
SH600072,中船科技,E,建筑业,,,48,土木工程建筑业
SH600073,光明肉业,C,制造业,CA,食品、饮料、烟草,13,农副食品加工业
SH600075,新疆天业,C,制造业,CE,石油、化学、生物医药,26,化学原料和化学制品制造业
SH600076,康欣新材,C,制造业,CC,木材、家具,20,木材加工和木、竹、藤、棕、草制品业
SH600078,澄星股份,C,制造业,CE,石油、化学、生物医药,26,化学原料和化学制品制造业
SH600079,人福医药,C,制造业,CE,石油、化学、生物医药,27,医药制造业
SH600080,金花股份,C,制造业,CE,石油、化学、生物医药,27,医药制造业
SH600081,东风科技,C,制造业,CG,专用、通用及交通运输设备,36,汽车制造业
SH600082,海泰发展,F,批发和零售业,,,51,批发业
SH600084,中信尼雅,C,制造业,CA,食品、饮料、烟草,15,酒、饮料和精制茶制造业
SH600085,同仁堂,C,制造业,CE,石油、化学、生物医药,27,医药制造业
SH600088,中视传媒,R,文化、体育和娱乐业,,,87,广播、电视、电影和录音制作业
SH600089,特变电工,C,制造业,CH,电气、电子及通讯,38,电气机械和器材制造业
SH600094,大名城,K,房地产业,,,70,房地产业
SH600095,湘财股份,J,金融业,,,67,资本市场服务
SH600096,云天化,C,制造业,CE,石油、化学、生物医药,26,化学原料和化学制品制造业
SH600097,开创国际,A,农、林、牧、渔业,,,04,渔业
SH600098,广州发展,D,电力、热力、燃气及水生产和供应业,,,44,电力、热力生产和供应业
SH600099,林海股份,C,制造业,CG,专用、通用及交通运输设备,37,铁路、船舶、航空航天和其他运输设备制造业
SH600100,同方股份,C,制造业,CH,电气、电子及通讯,39,计算机、通信和其他电子设备制造业
SH600101,明星电力,D,电力、热力、燃气及水生产和供应业,,,44,电力、热力生产和供应业
SH600103,青山纸业,C,制造业,CD,造纸、印刷、文教,22,造纸和纸制品业
SH600104,上汽集团,C,制造业,CG,专用、通用及交通运输设备,36,汽车制造业
SH600105,永鼎股份,C,制造业,CH,电气、电子及通讯,38,电气机械和器材制造业
SH600106,重庆路桥,G,交通运输、仓储和邮政业,,,54,道路运输业
SH600107,ST尔雅,C,制造业,CB,纺织、服装、鞋帽,18,纺织服装、服饰业
SH600108,亚盛集团,A,农、林、牧、渔业,,,01,农业
SH600109,国金证券,J,金融业,,,67,资本市场服务
SH600110,诺德股份,C,制造业,CH,电气、电子及通讯,39,计算机、通信和其他电子设备制造业
SH600111,北方稀土,C,制造业,CF,金属、非金属,32,有色金属冶炼和压延加工业
SH600113,浙江东日,L,租赁和商务服务业,,,72,商务服务业
SH600114,东睦股份,C,制造业,CF,金属、非金属,33,金属制品业
SH600115,中国东航,G,交通运输、仓储和邮政业,,,56,航空运输业
SH600116,三峡水利,D,电力、热力、燃气及水生产和供应业,,,44,电力、热力生产和供应业
SH600117,西宁特钢,C,制造业,CF,金属、非金属,31,黑色金属冶炼和压延加工业
SH600118,中国卫星,C,制造业,CH,电气、电子及通讯,39,计算机、通信和其他电子设备制造业
SH600119,长江投资,G,交通运输、仓储和邮政业,,,54,道路运输业
SH600120,浙江东方,J,金融业,,,69,其他金融业
SH600121,郑州煤电,B,采矿业,,,06,煤炭开采和洗选业
SH600123,兰花科创,B,采矿业,,,06,煤炭开采和洗选业
SH600125,铁龙物流,G,交通运输、仓储和邮政业,,,53,铁路运输业
SH600126,杭钢股份,C,制造业,CF,金属、非金属,31,黑色金属冶炼和压延加工业
SH600127,金健米业,C,制造业,CA,食品、饮料、烟草,13,农副食品加工业
SH600128,苏豪弘业,F,批发和零售业,,,51,批发业
SH600129,太极集团,C,制造业,CE,石油、化学、生物医药,27,医药制造业
SH600130,*ST波导,C,制造业,CH,电气、电子及通讯,39,计算机、通信和其他电子设备制造业
SH600131,国网信通,I,信息传输、软件和信息技术服务业,,,65,软件和信息技术服务业
SH600132,重庆啤酒,C,制造业,CA,食品、饮料、烟草,15,酒、饮料和精制茶制造业
SH600133,东湖高新,N,水利、环境和公共设施管理业,,,77,生态保护和环境治理业
SH600135,乐凯胶片,C,制造业,CE,石油、化学、生物医药,26,化学原料和化学制品制造业
SH600136,ST明诚,R,文化、体育和娱乐业,,,87,广播、电视、电影和录音制作业
SH600137,浪莎股份,C,制造业,CB,纺织、服装、鞋帽,18,纺织服装、服饰业
SH600138,中青旅,L,租赁和商务服务业,,,72,商务服务业
SH600141,兴发集团,C,制造业,CE,石油、化学、生物医药,26,化学原料和化学制品制造业
SH600143,金发科技,C,制造业,CE,石油、化学、生物医药,29,橡胶和塑料制品业
SH600148,长春一东,C,制造业,CG,专用、通用及交通运输设备,36,汽车制造业
SH600149,廊坊发展,D,电力、热力、燃气及水生产和供应业,,,44,电力、热力生产和供应业
SH600150,中国船舶,C,制造业,CG,专用、通用及交通运输设备,37,铁路、船舶、航空航天和其他运输设备制造业
SH600151,航天机电,C,制造业,CH,电气、电子及通讯,38,电气机械和器材制造业
SH600152,维科技术,C,制造业,CH,电气、电子及通讯,38,电气机械和器材制造业
SH600153,建发股份,L,租赁和商务服务业,,,72,商务服务业
SH600155,华创云信,J,金融业,,,67,资本市场服务
SH600156,华升股份,C,制造业,CB,纺织、服装、鞋帽,17,纺织业
SH600157,永泰能源,D,电力、热力、燃气及水生产和供应业,,,44,电力、热力生产和供应业
SH600158,中体产业,R,文化、体育和娱乐业,,,89,体育
SH600159,大龙地产,E,建筑业,,,47,房屋建筑业
SH600160,巨化股份,C,制造业,CE,石油、化学、生物医药,26,化学原料和化学制品制造业
SH600161,天坛生物,C,制造业,CE,石油、化学、生物医药,27,医药制造业
SH600162,香江控股,K,房地产业,,,70,房地产业
SH600163,中闽能源,D,电力、热力、燃气及水生产和供应业,,,44,电力、热力生产和供应业
SH600165,*ST宁科,C,制造业,CE,石油、化学、生物医药,26,化学原料和化学制品制造业
SH600166,福田汽车,C,制造业,CG,专用、通用及交通运输设备,36,汽车制造业
SH600167,联美控股,D,电力、热力、燃气及水生产和供应业,,,44,电力、热力生产和供应业
SH600168,武汉控股,D,电力、热力、燃气及水生产和供应业,,,46,水的生产和供应业
SH600169,太原重工,C,制造业,CG,专用、通用及交通运输设备,35,专用设备制造业
SH600170,上海建工,E,建筑业,,,48,土木工程建筑业
SH600171,上海贝岭,C,制造业,CH,电气、电子及通讯,39,计算机、通信和其他电子设备制造业
SH600172,黄河旋风,C,制造业,CF,金属、非金属,30,非金属矿物制品业
SH600173,卧龙新能,K,房地产业,,,70,房地产业
SH600176,中国巨石,C,制造业,CF,金属、非金属,30,非金属矿物制品业
SH600177,雅戈尔,C,制造业,CB,纺织、服装、鞋帽,18,纺织服装、服饰业
SH600178,东安动力,C,制造业,CG,专用、通用及交通运输设备,36,汽车制造业
SH600179,安通控股,G,交通运输、仓储和邮政业,,,58,多式联运和运输代理业
SH600180,瑞茂通,F,批发和零售业,,,51,批发业
SH600182,S佳通,C,制造业,CE,石油、化学、生物医药,29,橡胶和塑料制品业
SH600183,生益科技,C,制造业,CH,电气、电子及通讯,39,计算机、通信和其他电子设备制造业
SH600184,光电股份,C,制造业,CG,专用、通用及交通运输设备,35,专用设备制造业
SH600185,珠免集团,L,租赁和商务服务业,,,72,商务服务业
SH600186,莲花控股,C,制造业,CA,食品、饮料、烟草,14,食品制造业
SH600187,国中水务,D,电力、热力、燃气及水生产和供应业,,,46,水的生产和供应业
SH600188,兖矿能源,B,采矿业,,,06,煤炭开采和洗选业
SH600189,泉阳泉,C,制造业,CA,食品、饮料、烟草,15,酒、饮料和精制茶制造业
SH600191,华资实业,C,制造业,CA,食品、饮料、烟草,13,农副食品加工业
SH600192,长城电工,C,制造业,CH,电气、电子及通讯,38,电气机械和器材制造业
SH600193,*ST创兴,E,建筑业,,,50,建筑装饰、装修和其他建筑业
SH600195,中牧股份,C,制造业,CE,石油、化学、生物医药,27,医药制造业
SH600196,复星医药,C,制造业,CE,石油、化学、生物医药,27,医药制造业
SH600197,伊力特,C,制造业,CA,食品、饮料、烟草,15,酒、饮料和精制茶制造业
SH600198,大唐电信,C,制造业,CH,电气、电子及通讯,39,计算机、通信和其他电子设备制造业
SH600199,金种子酒,C,制造业,CA,食品、饮料、烟草,15,酒、饮料和精制茶制造业
SH600200,*ST苏吴,C,制造业,CE,石油、化学、生物医药,27,医药制造业
SH600201,生物股份,C,制造业,CE,石油、化学、生物医药,27,医药制造业
SH600202,哈空调,C,制造业,CG,专用、通用及交通运输设备,34,通用设备制造业
SH600203,福日电子,C,制造业,CH,电气、电子及通讯,39,计算机、通信和其他电子设备制造业
SH600206,有研新材,C,制造业,CF,金属、非金属,32,有色金属冶炼和压延加工业
SH600207,安彩高科,C,制造业,CF,金属、非金属,30,非金属矿物制品业
SH600208,衢州发展,K,房地产业,,,70,房地产业
SH600210,紫江企业,C,制造业,CE,石油、化学、生物医药,29,橡胶和塑料制品业
SH600211,西藏药业,C,制造业,CE,石油、化学、生物医药,27,医药制造业
SH600212,绿能慧充,C,制造业,CH,电气、电子及通讯,38,电气机械和器材制造业
SH600215,派斯林,C,制造业,CG,专用、通用及交通运输设备,34,通用设备制造业
SH600216,浙江医药,C,制造业,CE,石油、化学、生物医药,27,医药制造业
SH600217,中再资环,C,制造业,CJ,其他制造业,42,废弃资源综合利用业
SH600218,全柴动力,C,制造业,CG,专用、通用及交通运输设备,34,通用设备制造业
SH600219,南山铝业,C,制造业,CF,金属、非金属,32,有色金属冶炼和压延加工业
SH600221,海航控股,G,交通运输、仓储和邮政业,,,56,航空运输业
SH600222,太龙药业,C,制造业,CE,石油、化学、生物医药,27,医药制造业
SH600223,福瑞达,C,制造业,CE,石油、化学、生物医药,26,化学原料和化学制品制造业
SH600226,亨通股份,D,电力、热力、燃气及水生产和供应业,,,44,电力、热力生产和供应业
SH600227,赤天化,C,制造业,CE,石油、化学、生物医药,26,化学原料和化学制品制造业
SH600228,*ST返利,I,信息传输、软件和信息技术服务业,,,64,互联网和相关服务
SH600229,城市传媒,R,文化、体育和娱乐业,,,86,新闻和出版业
SH600230,沧州大化,C,制造业,CE,石油、化学、生物医药,26,化学原料和化学制品制造业
SH600231,凌钢股份,C,制造业,CF,金属、非金属,31,黑色金属冶炼和压延加工业
SH600232,金鹰股份,C,制造业,CB,纺织、服装、鞋帽,17,纺织业
SH600233,圆通速递,G,交通运输、仓储和邮政业,,,60,邮政业
SH600234,科新发展,E,建筑业,,,50,建筑装饰、装修和其他建筑业
SH600235,民丰特纸,C,制造业,CD,造纸、印刷、文教,22,造纸和纸制品业
SH600236,桂冠电力,D,电力、热力、燃气及水生产和供应业,,,44,电力、热力生产和供应业
SH600237,铜峰电子,C,制造业,CH,电气、电子及通讯,39,计算机、通信和其他电子设备制造业
SH600238,*ST椰岛,C,制造业,CA,食品、饮料、烟草,15,酒、饮料和精制茶制造业
SH600239,云南城投,K,房地产业,,,70,房地产业
SH600241,时代万恒,C,制造业,CH,电气、电子及通讯,38,电气机械和器材制造业
SH600243,*ST海华,C,制造业,CG,专用、通用及交通运输设备,34,通用设备制造业
SH600246,万通发展,K,房地产业,,,70,房地产业
SH600248,陕建股份,E,建筑业,,,48,土木工程建筑业
SH600249,两面针,C,制造业,CE,石油、化学、生物医药,26,化学原料和化学制品制造业
SH600250,南京商旅,N,水利、环境和公共设施管理业,,,78,公共设施管理业
SH600251,冠农股份,C,制造业,CA,食品、饮料、烟草,13,农副食品加工业
SH600252,中恒集团,C,制造业,CE,石油、化学、生物医药,27,医药制造业
SH600255,鑫科材料,C,制造业,CF,金属、非金属,32,有色金属冶炼和压延加工业
SH600256,广汇能源,B,采矿业,,,07,石油和天然气开采业
SH600257,大湖股份,A,农、林、牧、渔业,,,04,渔业
SH600258,首旅酒店,H,住宿和餐饮业,,,61,住宿业
SH600259,广晟有色,B,采矿业,,,09,有色金属矿采选业
SH600261,阳光照明,C,制造业,CH,电气、电子及通讯,38,电气机械和器材制造业
SH600262,北方股份,C,制造业,CG,专用、通用及交通运输设备,35,专用设备制造业
SH600265,ST景谷,C,制造业,CC,木材、家具,20,木材加工和木、竹、藤、棕、草制品业
SH600266,城建发展,K,房地产业,,,70,房地产业
SH600267,海正药业,C,制造业,CE,石油、化学、生物医药,27,医药制造业
SH600268,国电南自,C,制造业,CH,电气、电子及通讯,38,电气机械和器材制造业
SH600269,赣粤高速,G,交通运输、仓储和邮政业,,,54,道路运输业
SH600271,航天信息,I,信息传输、软件和信息技术服务业,,,65,软件和信息技术服务业
SH600272,开开实业,F,批发和零售业,,,51,批发业
SH600273,嘉化能源,C,制造业,CE,石油、化学、生物医药,26,化学原料和化学制品制造业
SH600276,恒瑞医药,C,制造业,CE,石油、化学、生物医药,27,医药制造业
SH600278,东方创业,F,批发和零售业,,,51,批发业
SH600279,重庆港,G,交通运输、仓储和邮政业,,,55,水上运输业
SH600280,中央商场,F,批发和零售业,,,52,零售业
SH600281,华阳新材,C,制造业,CF,金属、非金属,32,有色金属冶炼和压延加工业
SH600282,南钢股份,C,制造业,CF,金属、非金属,31,黑色金属冶炼和压延加工业
SH600283,钱江水利,D,电力、热力、燃气及水生产和供应业,,,46,水的生产和供应业
SH600284,浦东建设,E,建筑业,,,48,土木工程建筑业
SH600285,羚锐制药,C,制造业,CE,石油、化学、生物医药,27,医药制造业
SH600287,苏豪时尚,F,批发和零售业,,,51,批发业
SH600288,大恒科技,C,制造业,CH,电气、电子及通讯,39,计算机、通信和其他电子设备制造业
SH600289,ST信通,I,信息传输、软件和信息技术服务业,,,65,软件和信息技术服务业
SH600292,远达环保,N,水利、环境和公共设施管理业,,,77,生态保护和环境治理业
SH600293,三峡新材,C,制造业,CF,金属、非金属,30,非金属矿物制品业
SH600295,鄂尔多斯,C,制造业,CF,金属、非金属,31,黑色金属冶炼和压延加工业
SH600298,安琪酵母,C,制造业,CA,食品、饮料、烟草,14,食品制造业
SH600299,安迪苏,C,制造业,CA,食品、饮料、烟草,14,食品制造业
SH600300,维维股份,C,制造业,CA,食品、饮料、烟草,15,酒、饮料和精制茶制造业
SH600301,华锡有色,B,采矿业,,,09,有色金属矿采选业
SH600302,标准股份,C,制造业,CG,专用、通用及交通运输设备,35,专用设备制造业
SH600303,曙光股份,C,制造业,CG,专用、通用及交通运输设备,36,汽车制造业
SH600305,恒顺醋业,C,制造业,CA,食品、饮料、烟草,14,食品制造业
SH600307,酒钢宏兴,C,制造业,CF,金属、非金属,31,黑色金属冶炼和压延加工业
SH600308,华泰股份,C,制造业,CD,造纸、印刷、文教,22,造纸和纸制品业
SH600309,万华化学,C,制造业,CE,石油、化学、生物医药,26,化学原料和化学制品制造业
SH600310,广西能源,D,电力、热力、燃气及水生产和供应业,,,44,电力、热力生产和供应业
SH600312,平高电气,C,制造业,CH,电气、电子及通讯,38,电气机械和器材制造业
SH600313,农发种业,F,批发和零售业,,,51,批发业
SH600315,上海家化,C,制造业,CE,石油、化学、生物医药,26,化学原料和化学制品制造业
SH600316,洪都航空,C,制造业,CG,专用、通用及交通运输设备,37,铁路、船舶、航空航天和其他运输设备制造业
SH600318,新力金融,J,金融业,,,66,货币金融服务
SH600319,亚星化学,C,制造业,CE,石油、化学、生物医药,26,化学原料和化学制品制造业
SH600320,振华重工,C,制造业,CG,专用、通用及交通运输设备,34,通用设备制造业
SH600322,津投城开,K,房地产业,,,70,房地产业
SH600323,瀚蓝环境,N,水利、环境和公共设施管理业,,,77,生态保护和环境治理业
SH600325,华发股份,K,房地产业,,,70,房地产业
SH600326,西藏天路,C,制造业,CF,金属、非金属,30,非金属矿物制品业
SH600327,大东方,Q,卫生和社会工作,,,84,卫生
SH600328,中盐化工,C,制造业,CE,石油、化学、生物医药,26,化学原料和化学制品制造业
SH600329,达仁堂,C,制造业,CE,石油、化学、生物医药,27,医药制造业
SH600330,天通股份,C,制造业,CH,电气、电子及通讯,39,计算机、通信和其他电子设备制造业
SH600331,宏达股份,C,制造业,CE,石油、化学、生物医药,26,化学原料和化学制品制造业
SH600332,白云山,C,制造业,CE,石油、化学、生物医药,27,医药制造业
SH600333,长春燃气,D,电力、热力、燃气及水生产和供应业,,,45,燃气生产和供应业
SH600335,国机汽车,F,批发和零售业,,,51,批发业
SH600336,澳柯玛,C,制造业,CH,电气、电子及通讯,38,电气机械和器材制造业
SH600337,美克家居,F,批发和零售业,,,52,零售业
SH600338,西藏珠峰,B,采矿业,,,09,有色金属矿采选业
SH600339,中油工程,B,采矿业,,,11,开采专业及辅助性活动
SH600340,华夏幸福,K,房地产业,,,70,房地产业
SH600343,航天动力,C,制造业,CG,专用、通用及交通运输设备,34,通用设备制造业
SH600345,长江通信,C,制造业,CH,电气、电子及通讯,39,计算机、通信和其他电子设备制造业
SH600346,恒力石化,C,制造业,CE,石油、化学、生物医药,26,化学原料和化学制品制造业
SH600348,华阳股份,B,采矿业,,,06,煤炭开采和洗选业
SH600350,山东高速,G,交通运输、仓储和邮政业,,,54,道路运输业
SH600351,亚宝药业,C,制造业,CE,石油、化学、生物医药,27,医药制造业
SH600352,浙江龙盛,C,制造业,CE,石油、化学、生物医药,26,化学原料和化学制品制造业
SH600353,旭光电子,C,制造业,CH,电气、电子及通讯,39,计算机、通信和其他电子设备制造业
SH600354,敦煌种业,A,农、林、牧、渔业,,,05,农、林、牧、渔专业及辅助性活动
SH600355,*ST精伦,C,制造业,CH,电气、电子及通讯,39,计算机、通信和其他电子设备制造业
SH600356,恒丰纸业,C,制造业,CD,造纸、印刷、文教,22,造纸和纸制品业
SH600358,ST联合,L,租赁和商务服务业,,,72,商务服务业
SH600359,新农开发,A,农、林、牧、渔业,,,01,农业
SH600360,*ST华微,C,制造业,CH,电气、电子及通讯,39,计算机、通信和其他电子设备制造业
SH600361,创新新材,C,制造业,CF,金属、非金属,32,有色金属冶炼和压延加工业
SH600362,江西铜业,C,制造业,CF,金属、非金属,32,有色金属冶炼和压延加工业
SH600363,联创光电,C,制造业,CH,电气、电子及通讯,39,计算机、通信和其他电子设备制造业
SH600365,ST通葡,F,批发和零售业,,,52,零售业
SH600366,宁波韵升,C,制造业,CF,金属、非金属,30,非金属矿物制品业
SH600367,红星发展,C,制造业,CE,石油、化学、生物医药,26,化学原料和化学制品制造业
SH600368,五洲交通,G,交通运输、仓储和邮政业,,,54,道路运输业
SH600369,西南证券,J,金融业,,,67,资本市场服务
SH600370,三房巷,C,制造业,CE,石油、化学、生物医药,26,化学原料和化学制品制造业
SH600371,万向德农,A,农、林、牧、渔业,,,05,农、林、牧、渔专业及辅助性活动
SH600372,中航机载,C,制造业,CG,专用、通用及交通运输设备,37,铁路、船舶、航空航天和其他运输设备制造业
SH600373,中文传媒,R,文化、体育和娱乐业,,,86,新闻和出版业
SH600375,汉马科技,C,制造业,CG,专用、通用及交通运输设备,36,汽车制造业
SH600376,首开股份,K,房地产业,,,70,房地产业
SH600377,宁沪高速,G,交通运输、仓储和邮政业,,,54,道路运输业
SH600378,昊华科技,C,制造业,CE,石油、化学、生物医药,26,化学原料和化学制品制造业
SH600379,宝光股份,C,制造业,CH,电气、电子及通讯,38,电气机械和器材制造业
SH600380,健康元,C,制造业,CE,石油、化学、生物医药,27,医药制造业
SH600381,*ST春天,C,制造业,CA,食品、饮料、烟草,14,食品制造业
SH600382,广东明珠,B,采矿业,,,08,黑色金属矿采选业
SH600383,金地集团,K,房地产业,,,70,房地产业
SH600386,北巴传媒,F,批发和零售业,,,52,零售业
SH600388,龙净环保,C,制造业,CG,专用、通用及交通运输设备,35,专用设备制造业
SH600389,江山股份,C,制造业,CE,石油、化学、生物医药,26,化学原料和化学制品制造业
SH600390,五矿资本,J,金融业,,,69,其他金融业
SH600391,航发科技,C,制造业,CG,专用、通用及交通运输设备,37,铁路、船舶、航空航天和其他运输设备制造业
SH600392,盛和资源,C,制造业,CF,金属、非金属,32,有色金属冶炼和压延加工业
SH600395,盘江股份,B,采矿业,,,06,煤炭开采和洗选业
SH600396,华电辽能,D,电力、热力、燃气及水生产和供应业,,,44,电力、热力生产和供应业
SH600397,江钨装备,F,批发和零售业,,,51,批发业
SH600398,海澜之家,C,制造业,CB,纺织、服装、鞋帽,18,纺织服装、服饰业
SH600399,抚顺特钢,C,制造业,CF,金属、非金属,31,黑色金属冶炼和压延加工业
SH600400,红豆股份,C,制造业,CB,纺织、服装、鞋帽,18,纺织服装、服饰业
SH600403,大有能源,B,采矿业,,,06,煤炭开采和洗选业
SH600405,动力源,C,制造业,CH,电气、电子及通讯,39,计算机、通信和其他电子设备制造业
SH600406,国电南瑞,I,信息传输、软件和信息技术服务业,,,65,软件和信息技术服务业
SH600408,安泰集团,C,制造业,CF,金属、非金属,31,黑色金属冶炼和压延加工业
SH600409,三友化工,C,制造业,CE,石油、化学、生物医药,26,化学原料和化学制品制造业
SH600410,华胜天成,I,信息传输、软件和信息技术服务业,,,65,软件和信息技术服务业
SH600415,小商品城,L,租赁和商务服务业,,,72,商务服务业
SH600416,湘电股份,C,制造业,CH,电气、电子及通讯,38,电气机械和器材制造业
SH600418,江淮汽车,C,制造业,CG,专用、通用及交通运输设备,36,汽车制造业
SH600419,天润乳业,C,制造业,CA,食品、饮料、烟草,14,食品制造业
SH600420,国药现代,C,制造业,CE,石油、化学、生物医药,27,医药制造业
SH600421,*ST华嵘,C,制造业,CG,专用、通用及交通运输设备,34,通用设备制造业
SH600422,昆药集团,C,制造业,CE,石油、化学、生物医药,27,医药制造业
SH600423,柳化股份,C,制造业,CE,石油、化学、生物医药,26,化学原料和化学制品制造业
SH600425,青松建化,C,制造业,CF,金属、非金属,30,非金属矿物制品业
SH600426,华鲁恒升,C,制造业,CE,石油、化学、生物医药,26,化学原料和化学制品制造业
SH600428,中远海特,G,交通运输、仓储和邮政业,,,55,水上运输业
SH600429,三元股份,C,制造业,CA,食品、饮料、烟草,14,食品制造业
SH600433,冠豪高新,C,制造业,CD,造纸、印刷、文教,22,造纸和纸制品业
SH600435,北方导航,C,制造业,CH,电气、电子及通讯,39,计算机、通信和其他电子设备制造业
SH600436,片仔癀,C,制造业,CE,石油、化学、生物医药,27,医药制造业
SH600438,通威股份,C,制造业,CH,电气、电子及通讯,38,电气机械和器材制造业
SH600439,瑞贝卡,C,制造业,CB,纺织、服装、鞋帽,19,皮革、毛皮、羽毛及其制品和制鞋业
SH600444,国机通用,C,制造业,CG,专用、通用及交通运输设备,35,专用设备制造业
SH600446,金证股份,I,信息传输、软件和信息技术服务业,,,65,软件和信息技术服务业
SH600448,华纺股份,C,制造业,CB,纺织、服装、鞋帽,17,纺织业
SH600449,宁夏建材,C,制造业,CF,金属、非金属,30,非金属矿物制品业
SH600452,涪陵电力,D,电力、热力、燃气及水生产和供应业,,,44,电力、热力生产和供应业
SH600455,博通股份,P,教育,,,83,教育
SH600456,宝钛股份,C,制造业,CF,金属、非金属,32,有色金属冶炼和压延加工业
SH600458,时代新材,C,制造业,CE,石油、化学、生物医药,29,橡胶和塑料制品业
SH600459,贵研铂业,C,制造业,CF,金属、非金属,32,有色金属冶炼和压延加工业
SH600460,士兰微,C,制造业,CH,电气、电子及通讯,39,计算机、通信和其他电子设备制造业
SH600461,洪城环境,D,电力、热力、燃气及水生产和供应业,,,46,水的生产和供应业
SH600463,空港股份,E,建筑业,,,48,土木工程建筑业
SH600467,好当家,A,农、林、牧、渔业,,,04,渔业
SH600468,百利电气,C,制造业,CH,电气、电子及通讯,38,电气机械和器材制造业
SH600469,风神股份,C,制造业,CE,石油、化学、生物医药,29,橡胶和塑料制品业
SH600470,六国化工,C,制造业,CE,石油、化学、生物医药,26,化学原料和化学制品制造业
SH600475,华光环能,N,水利、环境和公共设施管理业,,,77,生态保护和环境治理业
SH600476,湘邮科技,I,信息传输、软件和信息技术服务业,,,65,软件和信息技术服务业
SH600477,杭萧钢构,C,制造业,CF,金属、非金属,33,金属制品业
SH600478,科力远,C,制造业,CH,电气、电子及通讯,38,电气机械和器材制造业
SH600479,千金药业,C,制造业,CE,石油、化学、生物医药,27,医药制造业
SH600480,凌云股份,C,制造业,CG,专用、通用及交通运输设备,36,汽车制造业
SH600481,双良节能,C,制造业,CG,专用、通用及交通运输设备,34,通用设备制造业
SH600482,中国动力,C,制造业,CG,专用、通用及交通运输设备,37,铁路、船舶、航空航天和其他运输设备制造业
SH600483,福能股份,D,电力、热力、燃气及水生产和供应业,,,44,电力、热力生产和供应业
SH600486,扬农化工,C,制造业,CE,石油、化学、生物医药,26,化学原料和化学制品制造业
SH600487,亨通光电,C,制造业,CH,电气、电子及通讯,38,电气机械和器材制造业
SH600488,津药药业,C,制造业,CE,石油、化学、生物医药,27,医药制造业
SH600489,中金黄金,B,采矿业,,,09,有色金属矿采选业
SH600490,鹏欣资源,C,制造业,CF,金属、非金属,32,有色金属冶炼和压延加工业
SH600491,龙元建设,E,建筑业,,,48,土木工程建筑业
SH600493,凤竹纺织,C,制造业,CB,纺织、服装、鞋帽,17,纺织业
SH600495,晋西车轴,C,制造业,CG,专用、通用及交通运输设备,37,铁路、船舶、航空航天和其他运输设备制造业
SH600496,精工钢构,C,制造业,CF,金属、非金属,33,金属制品业
SH600497,驰宏锌锗,C,制造业,CF,金属、非金属,32,有色金属冶炼和压延加工业
SH600498,烽火通信,C,制造业,CH,电气、电子及通讯,39,计算机、通信和其他电子设备制造业
SH600499,科达制造,C,制造业,CG,专用、通用及交通运输设备,35,专用设备制造业
SH600500,中化国际,C,制造业,CE,石油、化学、生物医药,26,化学原料和化学制品制造业
SH600501,航天晨光,C,制造业,CG,专用、通用及交通运输设备,35,专用设备制造业
SH600502,安徽建工,E,建筑业,,,48,土木工程建筑业
SH600503,华丽家族,K,房地产业,,,70,房地产业
SH600505,西昌电力,D,电力、热力、燃气及水生产和供应业,,,44,电力、热力生产和供应业
SH600506,统一股份,C,制造业,CE,石油、化学、生物医药,25,石油、煤炭及其他燃料加工业
SH600507,方大特钢,C,制造业,CF,金属、非金属,31,黑色金属冶炼和压延加工业
SH600508,上海能源,B,采矿业,,,06,煤炭开采和洗选业
SH600509,天富能源,D,电力、热力、燃气及水生产和供应业,,,44,电力、热力生产和供应业
SH600510,黑牡丹,K,房地产业,,,70,房地产业
SH600511,国药股份,F,批发和零售业,,,51,批发业
SH600512,腾达建设,E,建筑业,,,48,土木工程建筑业
SH600513,联环药业,C,制造业,CE,石油、化学、生物医药,27,医药制造业
SH600515,海南机场,K,房地产业,,,70,房地产业
SH600516,方大炭素,C,制造业,CF,金属、非金属,30,非金属矿物制品业
SH600517,国网英大,J,金融业,,,69,其他金融业
SH600518,康美药业,C,制造业,CE,石油、化学、生物医药,27,医药制造业
SH600519,贵州茅台,C,制造业,CA,食品、饮料、烟草,15,酒、饮料和精制茶制造业
SH600520,三佳科技,C,制造业,CG,专用、通用及交通运输设备,35,专用设备制造业
SH600521,华海药业,C,制造业,CE,石油、化学、生物医药,27,医药制造业
SH600522,中天科技,C,制造业,CH,电气、电子及通讯,38,电气机械和器材制造业
SH600523,贵航股份,C,制造业,CG,专用、通用及交通运输设备,36,汽车制造业
SH600525,ST长园,C,制造业,CH,电气、电子及通讯,38,电气机械和器材制造业
SH600526,菲达环保,C,制造业,CG,专用、通用及交通运输设备,35,专用设备制造业
SH600527,江南高纤,C,制造业,CE,石油、化学、生物医药,28,化学纤维制造业
SH600528,中铁工业,C,制造业,CG,专用、通用及交通运输设备,35,专用设备制造业
SH600529,山东药玻,C,制造业,CF,金属、非金属,30,非金属矿物制品业
SH600530,交大昂立,C,制造业,CA,食品、饮料、烟草,14,食品制造业
SH600531,豫光金铅,C,制造业,CF,金属、非金属,32,有色金属冶炼和压延加工业
SH600533,栖霞建设,K,房地产业,,,70,房地产业
SH600535,天士力,C,制造业,CE,石油、化学、生物医药,27,医药制造业
SH600536,中国软件,I,信息传输、软件和信息技术服务业,,,65,软件和信息技术服务业
SH600537,亿晶光电,C,制造业,CH,电气、电子及通讯,38,电气机械和器材制造业
SH600538,国发股份,F,批发和零售业,,,51,批发业
SH600539,狮头股份,F,批发和零售业,,,52,零售业
SH600540,新赛股份,A,农、林、牧、渔业,,,01,农业
SH600543,莫高股份,C,制造业,CA,食品、饮料、烟草,15,酒、饮料和精制茶制造业
SH600545,卓郎智能,C,制造业,CG,专用、通用及交通运输设备,35,专用设备制造业
SH600546,山煤国际,B,采矿业,,,06,煤炭开采和洗选业
SH600547,山东黄金,B,采矿业,,,09,有色金属矿采选业
SH600548,深高速,G,交通运输、仓储和邮政业,,,54,道路运输业
SH600549,厦门钨业,C,制造业,CF,金属、非金属,32,有色金属冶炼和压延加工业
SH600550,保变电气,C,制造业,CH,电气、电子及通讯,38,电气机械和器材制造业
SH600551,时代出版,R,文化、体育和娱乐业,,,86,新闻和出版业
SH600552,凯盛科技,C,制造业,CH,电气、电子及通讯,39,计算机、通信和其他电子设备制造业
SH600556,天下秀,I,信息传输、软件和信息技术服务业,,,64,互联网和相关服务
SH600557,康缘药业,C,制造业,CE,石油、化学、生物医药,27,医药制造业
SH600558,大西洋,C,制造业,CF,金属、非金属,33,金属制品业
SH600559,老白干酒,C,制造业,CA,食品、饮料、烟草,15,酒、饮料和精制茶制造业
SH600560,金自天正,C,制造业,CG,专用、通用及交通运输设备,35,专用设备制造业
SH600561,江西长运,G,交通运输、仓储和邮政业,,,54,道路运输业
SH600562,国睿科技,C,制造业,CH,电气、电子及通讯,39,计算机、通信和其他电子设备制造业
SH600563,法拉电子,C,制造业,CH,电气、电子及通讯,39,计算机、通信和其他电子设备制造业
SH600566,济川药业,C,制造业,CE,石油、化学、生物医药,27,医药制造业
SH600567,山鹰国际,C,制造业,CD,造纸、印刷、文教,22,造纸和纸制品业
SH600568,ST中珠,Q,卫生和社会工作,,,84,卫生
SH600569,安阳钢铁,C,制造业,CF,金属、非金属,31,黑色金属冶炼和压延加工业
SH600570,恒生电子,I,信息传输、软件和信息技术服务业,,,65,软件和信息技术服务业
SH600571,信雅达,I,信息传输、软件和信息技术服务业,,,65,软件和信息技术服务业
SH600572,康恩贝,C,制造业,CE,石油、化学、生物医药,27,医药制造业
SH600573,惠泉啤酒,C,制造业,CA,食品、饮料、烟草,15,酒、饮料和精制茶制造业
SH600575,淮河能源,G,交通运输、仓储和邮政业,,,55,水上运输业
SH600576,祥源文旅,N,水利、环境和公共设施管理业,,,78,公共设施管理业
SH600577,精达股份,C,制造业,CH,电气、电子及通讯,38,电气机械和器材制造业
SH600578,京能电力,D,电力、热力、燃气及水生产和供应业,,,44,电力、热力生产和供应业
SH600579,中化装备,C,制造业,CG,专用、通用及交通运输设备,35,专用设备制造业
SH600580,卧龙电驱,C,制造业,CH,电气、电子及通讯,38,电气机械和器材制造业
SH600581,八一钢铁,C,制造业,CF,金属、非金属,31,黑色金属冶炼和压延加工业
SH600582,天地科技,C,制造业,CG,专用、通用及交通运输设备,35,专用设备制造业
SH600583,海油工程,B,采矿业,,,11,开采专业及辅助性活动
SH600584,长电科技,C,制造业,CH,电气、电子及通讯,39,计算机、通信和其他电子设备制造业
SH600585,海螺水泥,C,制造业,CF,金属、非金属,30,非金属矿物制品业
SH600586,金晶科技,C,制造业,CF,金属、非金属,30,非金属矿物制品业
SH600587,新华医疗,C,制造业,CG,专用、通用及交通运输设备,35,专用设备制造业
SH600588,用友网络,I,信息传输、软件和信息技术服务业,,,65,软件和信息技术服务业
SH600589,大位科技,I,信息传输、软件和信息技术服务业,,,65,软件和信息技术服务业
SH600590,泰豪科技,C,制造业,CH,电气、电子及通讯,38,电气机械和器材制造业
SH600592,龙溪股份,C,制造业,CG,专用、通用及交通运输设备,34,通用设备制造业
SH600593,大连圣亚,N,水利、环境和公共设施管理业,,,78,公共设施管理业
SH600594,益佰制药,C,制造业,CE,石油、化学、生物医药,27,医药制造业
SH600595,中孚实业,C,制造业,CF,金属、非金属,32,有色金属冶炼和压延加工业
SH600596,新安股份,C,制造业,CE,石油、化学、生物医药,26,化学原料和化学制品制造业
SH600597,光明乳业,C,制造业,CA,食品、饮料、烟草,14,食品制造业
SH600598,北大荒,A,农、林、牧、渔业,,,01,农业
SH600599,*ST熊猫,F,批发和零售业,,,51,批发业
SH600600,青岛啤酒,C,制造业,CA,食品、饮料、烟草,15,酒、饮料和精制茶制造业
SH600601,方正科技,C,制造业,CH,电气、电子及通讯,39,计算机、通信和其他电子设备制造业
SH600602,云赛智联,I,信息传输、软件和信息技术服务业,,,65,软件和信息技术服务业
SH600603,ST广物,G,交通运输、仓储和邮政业,,,53,铁路运输业
SH600604,市北高新,K,房地产业,,,70,房地产业
SH600605,汇通能源,K,房地产业,,,70,房地产业
SH600606,绿地控股,E,建筑业,,,48,土木工程建筑业
SH600608,*ST沪科,F,批发和零售业,,,51,批发业
SH600609,金杯汽车,C,制造业,CG,专用、通用及交通运输设备,36,汽车制造业
SH600610,中毅达,C,制造业,CE,石油、化学、生物医药,26,化学原料和化学制品制造业
SH600611,大众交通,G,交通运输、仓储和邮政业,,,54,道路运输业
SH600612,老凤祥,C,制造业,CD,造纸、印刷、文教,24,文教、工美、体育和娱乐用品制造业
SH600613,神奇制药,C,制造业,CE,石油、化学、生物医药,27,医药制造业
SH600615,鑫源智造,C,制造业,CF,金属、非金属,33,金属制品业
SH600616,金枫酒业,C,制造业,CA,食品、饮料、烟草,15,酒、饮料和精制茶制造业
SH600617,国新能源,D,电力、热力、燃气及水生产和供应业,,,45,燃气生产和供应业
SH600618,氯碱化工,C,制造业,CE,石油、化学、生物医药,26,化学原料和化学制品制造业
SH600619,海立股份,C,制造业,CG,专用、通用及交通运输设备,34,通用设备制造业
SH600620,天宸股份,S,综合,,,91,综合
SH600621,华鑫股份,J,金融业,,,67,资本市场服务
SH600622,光大嘉宝,K,房地产业,,,70,房地产业
SH600623,华谊集团,C,制造业,CE,石油、化学、生物医药,26,化学原料和化学制品制造业
SH600624,ST复华,C,制造业,CE,石油、化学、生物医药,27,医药制造业
SH600626,申达股份,C,制造业,CB,纺织、服装、鞋帽,17,纺织业
SH600628,新世界,F,批发和零售业,,,52,零售业
SH600629,华建集团,M,科学研究和技术服务业,,,74,专业技术服务业
SH600630,龙头股份,C,制造业,CB,纺织、服装、鞋帽,18,纺织服装、服饰业
SH600633,浙数文化,I,信息传输、软件和信息技术服务业,,,64,互联网和相关服务
SH600635,大众公用,D,电力、热力、燃气及水生产和供应业,,,45,燃气生产和供应业
SH600636,*ST国化,I,信息传输、软件和信息技术服务业,,,65,软件和信息技术服务业
SH600637,东方明珠,I,信息传输、软件和信息技术服务业,,,63,电信、广播电视和卫星传输服务
SH600638,新黄浦,K,房地产业,,,70,房地产业
SH600639,浦东金桥,K,房地产业,,,70,房地产业
SH600640,国脉文化,I,信息传输、软件和信息技术服务业,,,64,互联网和相关服务
SH600641,万业企业,K,房地产业,,,70,房地产业
SH600642,申能股份,D,电力、热力、燃气及水生产和供应业,,,44,电力、热力生产和供应业
SH600643,爱建集团,J,金融业,,,69,其他金融业
SH600644,乐山电力,D,电力、热力、燃气及水生产和供应业,,,44,电力、热力生产和供应业
SH600645,中源协和,C,制造业,CE,石油、化学、生物医药,27,医药制造业
SH600648,外高桥,F,批发和零售业,,,51,批发业
SH600649,城投控股,K,房地产业,,,70,房地产业
SH600650,锦江在线,G,交通运输、仓储和邮政业,,,54,道路运输业
SH600651,飞乐音响,C,制造业,CH,电气、电子及通讯,38,电气机械和器材制造业
SH600653,申华控股,F,批发和零售业,,,52,零售业
SH600654,中安科,L,租赁和商务服务业,,,72,商务服务业
SH600655,豫园股份,F,批发和零售业,,,52,零售业
SH600657,信达地产,K,房地产业,,,70,房地产业
SH600658,电子城,K,房地产业,,,70,房地产业
SH600660,福耀玻璃,C,制造业,CF,金属、非金属,30,非金属矿物制品业
SH600661,昂立教育,P,教育,,,83,教育
SH600662,外服控股,L,租赁和商务服务业,,,72,商务服务业
SH600663,陆家嘴,K,房地产业,,,70,房地产业
SH600664,哈药股份,C,制造业,CE,石油、化学、生物医药,27,医药制造业
SH600665,天地源,K,房地产业,,,70,房地产业
SH600666,奥瑞德,C,制造业,CF,金属、非金属,30,非金属矿物制品业
SH600667,太极实业,E,建筑业,,,48,土木工程建筑业
SH600668,尖峰集团,C,制造业,CF,金属、非金属,30,非金属矿物制品业
SH600671,天目药业,C,制造业,CE,石油、化学、生物医药,27,医药制造业
SH600673,东阳光,S,综合,,,91,综合
SH600674,川投能源,D,电力、热力、燃气及水生产和供应业,,,44,电力、热力生产和供应业
SH600675,中华企业,K,房地产业,,,70,房地产业
SH600676,交运股份,G,交通运输、仓储和邮政业,,,54,道路运输业
SH600678,四川金顶,C,制造业,CF,金属、非金属,30,非金属矿物制品业
SH600679,上海凤凰,C,制造业,CG,专用、通用及交通运输设备,37,铁路、船舶、航空航天和其他运输设备制造业
SH600681,百川能源,D,电力、热力、燃气及水生产和供应业,,,45,燃气生产和供应业
SH600682,南京新百,C,制造业,CE,石油、化学、生物医药,27,医药制造业
SH600683,京投发展,K,房地产业,,,70,房地产业
SH600684,珠江股份,K,房地产业,,,70,房地产业
SH600685,中船防务,C,制造业,CG,专用、通用及交通运输设备,37,铁路、船舶、航空航天和其他运输设备制造业
SH600686,金龙汽车,C,制造业,CG,专用、通用及交通运输设备,36,汽车制造业
SH600688,上海石化,C,制造业,CE,石油、化学、生物医药,25,石油、煤炭及其他燃料加工业
SH600689,上海三毛,F,批发和零售业,,,51,批发业
SH600690,海尔智家,C,制造业,CH,电气、电子及通讯,38,电气机械和器材制造业
SH600691,潞化科技,C,制造业,CE,石油、化学、生物医药,26,化学原料和化学制品制造业
SH600692,亚通股份,K,房地产业,,,70,房地产业
SH600693,东百集团,F,批发和零售业,,,52,零售业
SH600694,大商股份,F,批发和零售业,,,52,零售业
SH600696,*ST岩石,C,制造业,CA,食品、饮料、烟草,15,酒、饮料和精制茶制造业
SH600697,欧亚集团,F,批发和零售业,,,52,零售业
SH600698,湖南天雁,C,制造业,CG,专用、通用及交通运输设备,36,汽车制造业
SH600699,均胜电子,C,制造业,CH,电气、电子及通讯,39,计算机、通信和其他电子设备制造业
SH600702,舍得酒业,C,制造业,CA,食品、饮料、烟草,15,酒、饮料和精制茶制造业
SH600703,三安光电,C,制造业,CH,电气、电子及通讯,39,计算机、通信和其他电子设备制造业
SH600704,物产中大,F,批发和零售业,,,51,批发业
SH600706,曲江文旅,N,水利、环境和公共设施管理业,,,78,公共设施管理业
SH600707,彩虹股份,C,制造业,CH,电气、电子及通讯,39,计算机、通信和其他电子设备制造业
SH600708,光明地产,K,房地产业,,,70,房地产业
SH600710,苏美达,F,批发和零售业,,,51,批发业
SH600711,盛屯矿业,B,采矿业,,,09,有色金属矿采选业
SH600712,南宁百货,F,批发和零售业,,,52,零售业
SH600713,南京医药,F,批发和零售业,,,51,批发业
SH600714,金瑞矿业,C,制造业,CE,石油、化学、生物医药,26,化学原料和化学制品制造业
SH600715,文投控股,R,文化、体育和娱乐业,,,87,广播、电视、电影和录音制作业
SH600716,凤凰股份,K,房地产业,,,70,房地产业
SH600717,天津港,G,交通运输、仓储和邮政业,,,55,水上运输业
SH600718,东软集团,I,信息传输、软件和信息技术服务业,,,65,软件和信息技术服务业
SH600719,大连热电,D,电力、热力、燃气及水生产和供应业,,,44,电力、热力生产和供应业
SH600720,中交设计,M,科学研究和技术服务业,,,74,专业技术服务业
SH600721,百花医药,M,科学研究和技术服务业,,,73,研究和试验发展
SH600722,金牛化工,C,制造业,CE,石油、化学、生物医药,26,化学原料和化学制品制造业
SH600724,宁波富达,C,制造业,CF,金属、非金属,30,非金属矿物制品业
SH600725,云维股份,F,批发和零售业,,,51,批发业
SH600726,华电能源,D,电力、热力、燃气及水生产和供应业,,,44,电力、热力生产和供应业
SH600727,鲁北化工,C,制造业,CE,石油、化学、生物医药,26,化学原料和化学制品制造业
SH600728,佳都科技,I,信息传输、软件和信息技术服务业,,,65,软件和信息技术服务业
SH600729,重庆百货,F,批发和零售业,,,52,零售业
SH600730,中国高科,P,教育,,,83,教育
SH600731,湖南海利,C,制造业,CE,石油、化学、生物医药,26,化学原料和化学制品制造业
SH600732,爱旭股份,C,制造业,CH,电气、电子及通讯,38,电气机械和器材制造业
SH600733,北汽蓝谷,C,制造业,CG,专用、通用及交通运输设备,36,汽车制造业
SH600734,实达集团,I,信息传输、软件和信息技术服务业,,,65,软件和信息技术服务业
SH600735,新华锦,C,制造业,CJ,其他制造业,41,其他制造业
SH600736,苏州高新,K,房地产业,,,70,房地产业
SH600737,中粮糖业,C,制造业,CA,食品、饮料、烟草,13,农副食品加工业
SH600738,丽尚国潮,F,批发和零售业,,,52,零售业
SH600739,辽宁成大,F,批发和零售业,,,51,批发业
SH600740,山西焦化,C,制造业,CE,石油、化学、生物医药,25,石油、煤炭及其他燃料加工业
SH600741,华域汽车,C,制造业,CG,专用、通用及交通运输设备,36,汽车制造业
SH600742,富维股份,C,制造业,CG,专用、通用及交通运输设备,36,汽车制造业
SH600743,华远控股,K,房地产业,,,70,房地产业
SH600744,华银电力,D,电力、热力、燃气及水生产和供应业,,,44,电力、热力生产和供应业
SH600745,闻泰科技,C,制造业,CH,电气、电子及通讯,39,计算机、通信和其他电子设备制造业
SH600746,江苏索普,C,制造业,CE,石油、化学、生物医药,26,化学原料和化学制品制造业
SH600748,上实发展,K,房地产业,,,70,房地产业
SH600749,西藏旅游,N,水利、环境和公共设施管理业,,,78,公共设施管理业
SH600750,江中药业,C,制造业,CE,石油、化学、生物医药,27,医药制造业
SH600751,海航科技,G,交通运输、仓储和邮政业,,,55,水上运输业
SH600753,*ST海钦,F,批发和零售业,,,51,批发业
SH600754,锦江酒店,H,住宿和餐饮业,,,61,住宿业
SH600755,厦门国贸,L,租赁和商务服务业,,,72,商务服务业
SH600756,浪潮软件,I,信息传输、软件和信息技术服务业,,,65,软件和信息技术服务业
SH600757,长江传媒,R,文化、体育和娱乐业,,,86,新闻和出版业
SH600758,辽宁能源,B,采矿业,,,06,煤炭开采和洗选业
SH600759,洲际油气,B,采矿业,,,07,石油和天然气开采业
SH600760,中航沈飞,C,制造业,CG,专用、通用及交通运输设备,37,铁路、船舶、航空航天和其他运输设备制造业
SH600761,安徽合力,C,制造业,CG,专用、通用及交通运输设备,34,通用设备制造业
SH600763,通策医疗,Q,卫生和社会工作,,,84,卫生
SH600764,中国海防,C,制造业,CH,电气、电子及通讯,39,计算机、通信和其他电子设备制造业
SH600765,中航重机,C,制造业,CG,专用、通用及交通运输设备,37,铁路、船舶、航空航天和其他运输设备制造业
SH600768,宁波富邦,C,制造业,CF,金属、非金属,32,有色金属冶炼和压延加工业
SH600769,祥龙电业,D,电力、热力、燃气及水生产和供应业,,,46,水的生产和供应业
SH600770,综艺股份,D,电力、热力、燃气及水生产和供应业,,,44,电力、热力生产和供应业
SH600771,广誉远,C,制造业,CE,石油、化学、生物医药,27,医药制造业
SH600773,西藏城投,K,房地产业,,,70,房地产业
SH600774,汉商集团,C,制造业,CE,石油、化学、生物医药,27,医药制造业
SH600775,南京熊猫,C,制造业,CH,电气、电子及通讯,39,计算机、通信和其他电子设备制造业
SH600776,东方通信,C,制造业,CH,电气、电子及通讯,39,计算机、通信和其他电子设备制造业
SH600777,*ST新潮,B,采矿业,,,07,石油和天然气开采业
SH600778,友好集团,F,批发和零售业,,,52,零售业
SH600779,水井坊,C,制造业,CA,食品、饮料、烟草,15,酒、饮料和精制茶制造业
SH600780,通宝能源,D,电力、热力、燃气及水生产和供应业,,,44,电力、热力生产和供应业
SH600782,新钢股份,C,制造业,CF,金属、非金属,31,黑色金属冶炼和压延加工业
SH600783,鲁信创投,J,金融业,,,67,资本市场服务
SH600784,鲁银投资,C,制造业,CA,食品、饮料、烟草,14,食品制造业
SH600785,新华百货,F,批发和零售业,,,52,零售业
SH600787,中储股份,G,交通运输、仓储和邮政业,,,59,装卸搬运和仓储业
SH600789,鲁抗医药,C,制造业,CE,石油、化学、生物医药,27,医药制造业
SH600790,轻纺城,L,租赁和商务服务业,,,72,商务服务业
SH600791,京能置业,K,房地产业,,,70,房地产业
SH600792,云煤能源,C,制造业,CE,石油、化学、生物医药,25,石油、煤炭及其他燃料加工业
SH600793,宜宾纸业,C,制造业,CD,造纸、印刷、文教,22,造纸和纸制品业
SH600794,保税科技,G,交通运输、仓储和邮政业,,,59,装卸搬运和仓储业
SH600795,国电电力,D,电力、热力、燃气及水生产和供应业,,,44,电力、热力生产和供应业
SH600796,钱江生化,D,电力、热力、燃气及水生产和供应业,,,46,水的生产和供应业
SH600797,浙大网新,I,信息传输、软件和信息技术服务业,,,65,软件和信息技术服务业
SH600798,宁波海运,G,交通运输、仓储和邮政业,,,55,水上运输业
SH600800,渤海化学,C,制造业,CE,石油、化学、生物医药,26,化学原料和化学制品制造业
SH600801,华新水泥,C,制造业,CF,金属、非金属,30,非金属矿物制品业
SH600802,福建水泥,C,制造业,CF,金属、非金属,30,非金属矿物制品业
SH600803,新奥股份,D,电力、热力、燃气及水生产和供应业,,,45,燃气生产和供应业
SH600805,悦达投资,S,综合,,,91,综合
SH600807,济高发展,C,制造业,CE,石油、化学、生物医药,27,医药制造业
SH600808,马钢股份,C,制造业,CF,金属、非金属,31,黑色金属冶炼和压延加工业
SH600809,山西汾酒,C,制造业,CA,食品、饮料、烟草,15,酒、饮料和精制茶制造业
SH600810,神马股份,C,制造业,CE,石油、化学、生物医药,28,化学纤维制造业
SH600812,华北制药,C,制造业,CE,石油、化学、生物医药,27,医药制造业
SH600814,杭州解百,F,批发和零售业,,,52,零售业
SH600815,厦工股份,C,制造业,CG,专用、通用及交通运输设备,35,专用设备制造业
SH600816,建元信托,J,金融业,,,69,其他金融业
SH600817,宇通重工,C,制造业,CG,专用、通用及交通运输设备,35,专用设备制造业
SH600818,中路股份,C,制造业,CG,专用、通用及交通运输设备,37,铁路、船舶、航空航天和其他运输设备制造业
SH600819,耀皮玻璃,C,制造业,CF,金属、非金属,30,非金属矿物制品业
SH600820,隧道股份,E,建筑业,,,48,土木工程建筑业
SH600821,金开新能,D,电力、热力、燃气及水生产和供应业,,,44,电力、热力生产和供应业
SH600822,上海物贸,F,批发和零售业,,,51,批发业
SH600824,益民集团,F,批发和零售业,,,52,零售业
SH600825,新华传媒,R,文化、体育和娱乐业,,,86,新闻和出版业
SH600826,兰生股份,L,租赁和商务服务业,,,72,商务服务业
SH600827,百联股份,F,批发和零售业,,,52,零售业
SH600828,茂业商业,F,批发和零售业,,,52,零售业
SH600829,人民同泰,F,批发和零售业,,,51,批发业
SH600830,香溢融通,J,金融业,,,69,其他金融业
SH600831,ST广网,I,信息传输、软件和信息技术服务业,,,63,电信、广播电视和卫星传输服务
SH600833,第一医药,F,批发和零售业,,,52,零售业
SH600834,申通地铁,S,综合,,,91,综合
SH600835,上海机电,C,制造业,CG,专用、通用及交通运输设备,34,通用设备制造业
SH600838,上海九百,F,批发和零售业,,,52,零售业
SH600839,四川长虹,C,制造业,CH,电气、电子及通讯,39,计算机、通信和其他电子设备制造业
SH600841,动力新科,C,制造业,CG,专用、通用及交通运输设备,34,通用设备制造业
SH600843,上工申贝,C,制造业,CG,专用、通用及交通运输设备,35,专用设备制造业
SH600844,金煤科技,C,制造业,CE,石油、化学、生物医药,26,化学原料和化学制品制造业
SH600845,宝信软件,I,信息传输、软件和信息技术服务业,,,65,软件和信息技术服务业
SH600846,同济科技,E,建筑业,,,48,土木工程建筑业
SH600847,万里股份,C,制造业,CH,电气、电子及通讯,38,电气机械和器材制造业
SH600848,上海临港,K,房地产业,,,70,房地产业
SH600850,电科数字,I,信息传输、软件和信息技术服务业,,,65,软件和信息技术服务业
SH600851,海欣股份,C,制造业,CE,石油、化学、生物医药,27,医药制造业
SH600853,龙建股份,E,建筑业,,,48,土木工程建筑业
SH600854,春兰股份,C,制造业,CH,电气、电子及通讯,38,电气机械和器材制造业
SH600855,航天长峰,C,制造业,CG,专用、通用及交通运输设备,35,专用设备制造业
SH600857,宁波中百,F,批发和零售业,,,52,零售业
SH600858,银座股份,F,批发和零售业,,,52,零售业
SH600859,王府井,F,批发和零售业,,,52,零售业
SH600860,京城股份,C,制造业,CG,专用、通用及交通运输设备,35,专用设备制造业
SH600861,北京人力,L,租赁和商务服务业,,,72,商务服务业
SH600862,中航高科,C,制造业,CG,专用、通用及交通运输设备,37,铁路、船舶、航空航天和其他运输设备制造业
SH600863,内蒙华电,D,电力、热力、燃气及水生产和供应业,,,44,电力、热力生产和供应业
SH600864,哈投股份,J,金融业,,,67,资本市场服务
SH600865,百大集团,F,批发和零售业,,,52,零售业
SH600866,星湖科技,C,制造业,CA,食品、饮料、烟草,14,食品制造业
SH600867,通化东宝,C,制造业,CE,石油、化学、生物医药,27,医药制造业
SH600868,梅雁吉祥,D,电力、热力、燃气及水生产和供应业,,,44,电力、热力生产和供应业
SH600869,远东股份,C,制造业,CH,电气、电子及通讯,38,电气机械和器材制造业
SH600871,石化油服,B,采矿业,,,11,开采专业及辅助性活动
SH600872,中炬高新,C,制造业,CA,食品、饮料、烟草,14,食品制造业
SH600873,梅花生物,C,制造业,CA,食品、饮料、烟草,14,食品制造业
SH600874,创业环保,D,电力、热力、燃气及水生产和供应业,,,46,水的生产和供应业
SH600875,东方电气,C,制造业,CG,专用、通用及交通运输设备,34,通用设备制造业
SH600876,凯盛新能,C,制造业,CF,金属、非金属,30,非金属矿物制品业
SH600877,电科芯片,C,制造业,CH,电气、电子及通讯,39,计算机、通信和其他电子设备制造业
SH600879,航天电子,C,制造业,CG,专用、通用及交通运输设备,37,铁路、船舶、航空航天和其他运输设备制造业
SH600880,博瑞传播,R,文化、体育和娱乐业,,,86,新闻和出版业
SH600881,亚泰集团,C,制造业,CF,金属、非金属,30,非金属矿物制品业
SH600882,妙可蓝多,C,制造业,CA,食品、饮料、烟草,14,食品制造业
SH600883,博闻科技,C,制造业,CA,食品、饮料、烟草,13,农副食品加工业
SH600884,杉杉股份,C,制造业,CH,电气、电子及通讯,39,计算机、通信和其他电子设备制造业
SH600885,宏发股份,C,制造业,CH,电气、电子及通讯,38,电气机械和器材制造业
SH600886,国投电力,D,电力、热力、燃气及水生产和供应业,,,44,电力、热力生产和供应业
SH600887,伊利股份,C,制造业,CA,食品、饮料、烟草,14,食品制造业
SH600888,新疆众和,C,制造业,CH,电气、电子及通讯,39,计算机、通信和其他电子设备制造业
SH600889,南京化纤,C,制造业,CE,石油、化学、生物医药,28,化学纤维制造业
SH600892,*ST大晟,I,信息传输、软件和信息技术服务业,,,64,互联网和相关服务
SH600893,航发动力,C,制造业,CG,专用、通用及交通运输设备,37,铁路、船舶、航空航天和其他运输设备制造业
SH600894,广日股份,C,制造业,CG,专用、通用及交通运输设备,34,通用设备制造业
SH600895,张江高科,K,房地产业,,,70,房地产业
SH600897,厦门空港,G,交通运输、仓储和邮政业,,,56,航空运输业
SH600900,长江电力,D,电力、热力、燃气及水生产和供应业,,,44,电力、热力生产和供应业
SH600901,江苏金租,J,金融业,,,66,货币金融服务
SH600903,贵州燃气,D,电力、热力、燃气及水生产和供应业,,,45,燃气生产和供应业
SH600905,三峡能源,D,电力、热力、燃气及水生产和供应业,,,44,电力、热力生产和供应业
SH600906,财达证券,J,金融业,,,67,资本市场服务
SH600908,无锡银行,J,金融业,,,66,货币金融服务
SH600909,华安证券,J,金融业,,,67,资本市场服务
SH600916,中国黄金,F,批发和零售业,,,52,零售业
SH600917,重庆燃气,D,电力、热力、燃气及水生产和供应业,,,45,燃气生产和供应业
SH600918,中泰证券,J,金融业,,,67,资本市场服务
SH600919,江苏银行,J,金融业,,,66,货币金融服务
SH600925,苏能股份,B,采矿业,,,06,煤炭开采和洗选业
SH600926,杭州银行,J,金融业,,,66,货币金融服务
SH600927,永安期货,J,金融业,,,67,资本市场服务
SH600928,西安银行,J,金融业,,,66,货币金融服务
SH600929,雪天盐业,C,制造业,CA,食品、饮料、烟草,14,食品制造业
SH600933,爱柯迪,C,制造业,CG,专用、通用及交通运输设备,36,汽车制造业
SH600935,华塑股份,C,制造业,CE,石油、化学、生物医药,26,化学原料和化学制品制造业
SH600936,广西广电,I,信息传输、软件和信息技术服务业,,,63,电信、广播电视和卫星传输服务
SH600938,中国海油,B,采矿业,,,07,石油和天然气开采业
SH600939,重庆建工,E,建筑业,,,47,房屋建筑业
SH600941,中国移动,I,信息传输、软件和信息技术服务业,,,63,电信、广播电视和卫星传输服务
SH600955,维远股份,C,制造业,CE,石油、化学、生物医药,26,化学原料和化学制品制造业
SH600956,新天绿能,D,电力、热力、燃气及水生产和供应业,,,45,燃气生产和供应业
SH600958,东方证券,J,金融业,,,67,资本市场服务
SH600959,江苏有线,I,信息传输、软件和信息技术服务业,,,63,电信、广播电视和卫星传输服务
SH600960,渤海汽车,C,制造业,CG,专用、通用及交通运输设备,36,汽车制造业
SH600961,株冶集团,C,制造业,CF,金属、非金属,32,有色金属冶炼和压延加工业
SH600962,国投中鲁,C,制造业,CA,食品、饮料、烟草,15,酒、饮料和精制茶制造业
SH600963,岳阳林纸,C,制造业,CD,造纸、印刷、文教,22,造纸和纸制品业
SH600965,福成股份,C,制造业,CA,食品、饮料、烟草,13,农副食品加工业
SH600966,博汇纸业,C,制造业,CD,造纸、印刷、文教,22,造纸和纸制品业
SH600967,内蒙一机,C,制造业,CG,专用、通用及交通运输设备,37,铁路、船舶、航空航天和其他运输设备制造业
SH600968,海油发展,B,采矿业,,,11,开采专业及辅助性活动
SH600969,郴电国际,D,电力、热力、燃气及水生产和供应业,,,44,电力、热力生产和供应业
SH600970,中材国际,E,建筑业,,,48,土木工程建筑业
SH600971,恒源煤电,B,采矿业,,,06,煤炭开采和洗选业
SH600973,宝胜股份,C,制造业,CH,电气、电子及通讯,38,电气机械和器材制造业
SH600975,新五丰,A,农、林、牧、渔业,,,03,畜牧业
SH600976,健民集团,F,批发和零售业,,,51,批发业
SH600977,中国电影,R,文化、体育和娱乐业,,,87,广播、电视、电影和录音制作业
SH600979,广安爱众,D,电力、热力、燃气及水生产和供应业,,,44,电力、热力生产和供应业
SH600980,北矿科技,C,制造业,CG,专用、通用及交通运输设备,35,专用设备制造业
SH600981,苏豪汇鸿,F,批发和零售业,,,51,批发业
SH600982,宁波能源,D,电力、热力、燃气及水生产和供应业,,,44,电力、热力生产和供应业
SH600983,惠而浦,C,制造业,CH,电气、电子及通讯,38,电气机械和器材制造业
SH600984,建设机械,L,租赁和商务服务业,,,71,租赁业
SH600985,淮北矿业,B,采矿业,,,06,煤炭开采和洗选业
SH600986,浙文互联,I,信息传输、软件和信息技术服务业,,,64,互联网和相关服务
SH600987,航民股份,C,制造业,CB,纺织、服装、鞋帽,17,纺织业
SH600988,赤峰黄金,B,采矿业,,,09,有色金属矿采选业
SH600989,宝丰能源,C,制造业,CE,石油、化学、生物医药,26,化学原料和化学制品制造业
SH600990,四创电子,C,制造业,CH,电气、电子及通讯,39,计算机、通信和其他电子设备制造业
SH600992,贵绳股份,C,制造业,CF,金属、非金属,33,金属制品业
SH600993,马应龙,C,制造业,CE,石油、化学、生物医药,27,医药制造业
SH600995,南网储能,D,电力、热力、燃气及水生产和供应业,,,44,电力、热力生产和供应业
SH600996,贵广网络,I,信息传输、软件和信息技术服务业,,,63,电信、广播电视和卫星传输服务
SH600997,开滦股份,C,制造业,CE,石油、化学、生物医药,25,石油、煤炭及其他燃料加工业
SH600998,九州通,F,批发和零售业,,,51,批发业
SH600999,招商证券,J,金融业,,,67,资本市场服务
SH601000,唐山港,G,交通运输、仓储和邮政业,,,55,水上运输业
SH601001,晋控煤业,B,采矿业,,,06,煤炭开采和洗选业
SH601002,晋亿实业,C,制造业,CG,专用、通用及交通运输设备,34,通用设备制造业
SH601003,柳钢股份,C,制造业,CF,金属、非金属,31,黑色金属冶炼和压延加工业
SH601005,重庆钢铁,C,制造业,CF,金属、非金属,31,黑色金属冶炼和压延加工业
SH601006,大秦铁路,G,交通运输、仓储和邮政业,,,53,铁路运输业
SH601007,金陵饭店,H,住宿和餐饮业,,,61,住宿业
SH601008,连云港,G,交通运输、仓储和邮政业,,,55,水上运输业
SH601009,南京银行,J,金融业,,,66,货币金融服务
SH601010,文峰股份,F,批发和零售业,,,52,零售业
SH601011,宝泰隆,C,制造业,CE,石油、化学、生物医药,25,石油、煤炭及其他燃料加工业
SH601012,隆基绿能,C,制造业,CH,电气、电子及通讯,38,电气机械和器材制造业
SH601015,陕西黑猫,C,制造业,CE,石油、化学、生物医药,25,石油、煤炭及其他燃料加工业
SH601016,节能风电,D,电力、热力、燃气及水生产和供应业,,,44,电力、热力生产和供应业
SH601018,宁波港,G,交通运输、仓储和邮政业,,,55,水上运输业
SH601019,山东出版,R,文化、体育和娱乐业,,,86,新闻和出版业
SH601020,华钰矿业,B,采矿业,,,09,有色金属矿采选业
SH601021,春秋航空,G,交通运输、仓储和邮政业,,,56,航空运输业
SH601022,宁波远洋,G,交通运输、仓储和邮政业,,,55,水上运输业
SH601033,永兴股份,N,水利、环境和公共设施管理业,,,77,生态保护和环境治理业
SH601038,一拖股份,C,制造业,CG,专用、通用及交通运输设备,35,专用设备制造业
SH601058,赛轮轮胎,C,制造业,CE,石油、化学、生物医药,29,橡胶和塑料制品业
SH601059,信达证券,J,金融业,,,67,资本市场服务
SH601061,中信金属,F,批发和零售业,,,51,批发业
SH601065,江盐集团,C,制造业,CE,石油、化学、生物医药,26,化学原料和化学制品制造业
SH601066,中信建投,J,金融业,,,67,资本市场服务
SH601068,中铝国际,E,建筑业,,,48,土木工程建筑业
SH601069,西部黄金,B,采矿业,,,09,有色金属矿采选业
SH601077,渝农商行,J,金融业,,,66,货币金融服务
SH601083,锦江航运,G,交通运输、仓储和邮政业,,,55,水上运输业
SH601086,国芳集团,F,批发和零售业,,,52,零售业
SH601088,中国神华,B,采矿业,,,06,煤炭开采和洗选业
SH601089,福元医药,C,制造业,CE,石油、化学、生物医药,27,医药制造业
SH601096,宏盛华源,C,制造业,CF,金属、非金属,33,金属制品业
SH601098,中南传媒,R,文化、体育和娱乐业,,,86,新闻和出版业
SH601099,太平洋,J,金融业,,,67,资本市场服务
SH601100,恒立液压,C,制造业,CG,专用、通用及交通运输设备,34,通用设备制造业
SH601101,昊华能源,B,采矿业,,,06,煤炭开采和洗选业
SH601106,中国一重,C,制造业,CG,专用、通用及交通运输设备,35,专用设备制造业
SH601107,四川成渝,G,交通运输、仓储和邮政业,,,54,道路运输业
SH601108,财通证券,J,金融业,,,67,资本市场服务
SH601111,中国国航,G,交通运输、仓储和邮政业,,,56,航空运输业
SH601113,华鼎股份,F,批发和零售业,,,52,零售业
SH601116,三江购物,F,批发和零售业,,,52,零售业
SH601117,中国化学,E,建筑业,,,48,土木工程建筑业
SH601118,海南橡胶,A,农、林、牧、渔业,,,01,农业
SH601121,宝地矿业,B,采矿业,,,08,黑色金属矿采选业
SH601126,四方股份,C,制造业,CH,电气、电子及通讯,38,电气机械和器材制造业
SH601127,赛力斯,C,制造业,CG,专用、通用及交通运输设备,36,汽车制造业
SH601128,常熟银行,J,金融业,,,66,货币金融服务
SH601133,柏诚股份,E,建筑业,,,49,建筑安装业
SH601136,首创证券,J,金融业,,,67,资本市场服务
SH601137,博威合金,C,制造业,CF,金属、非金属,32,有色金属冶炼和压延加工业
SH601138,工业富联,C,制造业,CH,电气、电子及通讯,39,计算机、通信和其他电子设备制造业
SH601139,深圳燃气,D,电力、热力、燃气及水生产和供应业,,,45,燃气生产和供应业
SH601155,新城控股,K,房地产业,,,70,房地产业
SH601156,东航物流,G,交通运输、仓储和邮政业,,,56,航空运输业
SH601158,重庆水务,D,电力、热力、燃气及水生产和供应业,,,46,水的生产和供应业
SH601162,天风证券,J,金融业,,,67,资本市场服务
SH601163,三角轮胎,C,制造业,CE,石油、化学、生物医药,29,橡胶和塑料制品业
SH601166,兴业银行,J,金融业,,,66,货币金融服务
SH601168,西部矿业,B,采矿业,,,09,有色金属矿采选业
SH601169,北京银行,J,金融业,,,66,货币金融服务
SH601177,杭齿前进,C,制造业,CG,专用、通用及交通运输设备,34,通用设备制造业
SH601179,中国西电,C,制造业,CH,电气、电子及通讯,38,电气机械和器材制造业
SH601186,中国铁建,E,建筑业,,,48,土木工程建筑业
SH601187,厦门银行,J,金融业,,,66,货币金融服务
SH601188,龙江交通,G,交通运输、仓储和邮政业,,,54,道路运输业
SH601198,东兴证券,J,金融业,,,67,资本市场服务
SH601199,江南水务,D,电力、热力、燃气及水生产和供应业,,,46,水的生产和供应业
SH601200,上海环境,N,水利、环境和公共设施管理业,,,77,生态保护和环境治理业
SH601208,东材科技,C,制造业,CE,石油、化学、生物医药,26,化学原料和化学制品制造业
SH601211,国泰海通,J,金融业,,,67,资本市场服务
SH601212,白银有色,C,制造业,CF,金属、非金属,32,有色金属冶炼和压延加工业
SH601216,君正集团,C,制造业,CE,石油、化学、生物医药,26,化学原料和化学制品制造业
SH601218,吉鑫科技,C,制造业,CF,金属、非金属,33,金属制品业
SH601222,林洋能源,C,制造业,CH,电气、电子及通讯,38,电气机械和器材制造业
SH601225,陕西煤业,B,采矿业,,,06,煤炭开采和洗选业
SH601226,华电科工,M,科学研究和技术服务业,,,74,专业技术服务业
SH601228,广州港,G,交通运输、仓储和邮政业,,,55,水上运输业
SH601229,上海银行,J,金融业,,,66,货币金融服务
SH601231,环旭电子,C,制造业,CH,电气、电子及通讯,39,计算机、通信和其他电子设备制造业
SH601233,桐昆股份,C,制造业,CE,石油、化学、生物医药,28,化学纤维制造业
SH601236,红塔证券,J,金融业,,,67,资本市场服务
SH601238,广汽集团,C,制造业,CG,专用、通用及交通运输设备,36,汽车制造业
SH601279,英利汽车,C,制造业,CG,专用、通用及交通运输设备,36,汽车制造业
SH601288,农业银行,J,金融业,,,66,货币金融服务
SH601298,青岛港,G,交通运输、仓储和邮政业,,,55,水上运输业
SH601311,骆驼股份,C,制造业,CH,电气、电子及通讯,38,电气机械和器材制造业
SH601318,中国平安,J,金融业,,,68,保险业
SH601319,中国人保,J,金融业,,,68,保险业
SH601326,秦港股份,G,交通运输、仓储和邮政业,,,55,水上运输业
SH601328,交通银行,J,金融业,,,66,货币金融服务
SH601330,绿色动力,N,水利、环境和公共设施管理业,,,77,生态保护和环境治理业
SH601333,广深铁路,G,交通运输、仓储和邮政业,,,53,铁路运输业
SH601336,新华保险,J,金融业,,,68,保险业
SH601339,百隆东方,C,制造业,CB,纺织、服装、鞋帽,17,纺织业
SH601360,三六零,I,信息传输、软件和信息技术服务业,,,64,互联网和相关服务
SH601366,利群股份,F,批发和零售业,,,52,零售业
SH601368,绿城水务,D,电力、热力、燃气及水生产和供应业,,,46,水的生产和供应业
SH601369,陕鼓动力,C,制造业,CG,专用、通用及交通运输设备,34,通用设备制造业
SH601375,中原证券,J,金融业,,,67,资本市场服务
SH601377,兴业证券,J,金融业,,,67,资本市场服务
SH601388,怡球资源,C,制造业,CJ,其他制造业,42,废弃资源综合利用业
SH601390,中国中铁,E,建筑业,,,48,土木工程建筑业
SH601398,工商银行,J,金融业,,,66,货币金融服务
SH601399,国机重装,C,制造业,CG,专用、通用及交通运输设备,35,专用设备制造业
SH601456,国联民生,J,金融业,,,67,资本市场服务
SH601500,通用股份,C,制造业,CE,石油、化学、生物医药,29,橡胶和塑料制品业
SH601512,中新集团,K,房地产业,,,70,房地产业
SH601515,东峰集团,C,制造业,CD,造纸、印刷、文教,23,印刷和记录媒介复制业
SH601518,吉林高速,G,交通运输、仓储和邮政业,,,54,道路运输业
SH601519,大智慧,J,金融业,,,69,其他金融业
SH601528,瑞丰银行,J,金融业,,,66,货币金融服务
SH601555,东吴证券,J,金融业,,,67,资本市场服务
SH601566,九牧王,C,制造业,CB,纺织、服装、鞋帽,18,纺织服装、服饰业
SH601567,三星医疗,C,制造业,CI,仪器、仪表,40,仪器仪表制造业
SH601568,北元集团,C,制造业,CE,石油、化学、生物医药,26,化学原料和化学制品制造业
SH601577,长沙银行,J,金融业,,,66,货币金融服务
SH601579,会稽山,C,制造业,CA,食品、饮料、烟草,15,酒、饮料和精制茶制造业
SH601588,北辰实业,K,房地产业,,,70,房地产业
SH601595,上海电影,R,文化、体育和娱乐业,,,87,广播、电视、电影和录音制作业
SH601598,中国外运,G,交通运输、仓储和邮政业,,,58,多式联运和运输代理业
SH601599,浙文影业,C,制造业,CB,纺织、服装、鞋帽,17,纺织业
SH601600,中国铝业,C,制造业,CF,金属、非金属,32,有色金属冶炼和压延加工业
SH601601,中国太保,J,金融业,,,68,保险业
SH601606,长城军工,C,制造业,CF,金属、非金属,33,金属制品业
SH601607,上海医药,F,批发和零售业,,,52,零售业
SH601608,中信重工,C,制造业,CG,专用、通用及交通运输设备,35,专用设备制造业
SH601609,金田股份,C,制造业,CF,金属、非金属,32,有色金属冶炼和压延加工业
SH601611,中国核建,E,建筑业,,,48,土木工程建筑业
SH601615,明阳智能,C,制造业,CG,专用、通用及交通运输设备,34,通用设备制造业
SH601616,广电电气,C,制造业,CH,电气、电子及通讯,38,电气机械和器材制造业
SH601618,中国中冶,E,建筑业,,,48,土木工程建筑业
SH601619,嘉泽新能,D,电力、热力、燃气及水生产和供应业,,,44,电力、热力生产和供应业
SH601628,中国人寿,J,金融业,,,68,保险业
SH601633,长城汽车,C,制造业,CG,专用、通用及交通运输设备,36,汽车制造业
SH601636,旗滨集团,C,制造业,CF,金属、非金属,30,非金属矿物制品业
SH601658,邮储银行,J,金融业,,,66,货币金融服务
SH601665,齐鲁银行,J,金融业,,,66,货币金融服务
SH601666,平煤股份,B,采矿业,,,06,煤炭开采和洗选业
SH601668,中国建筑,E,建筑业,,,48,土木工程建筑业
SH601669,中国电建,E,建筑业,,,48,土木工程建筑业
SH601677,明泰铝业,C,制造业,CF,金属、非金属,32,有色金属冶炼和压延加工业
SH601678,滨化股份,C,制造业,CE,石油、化学、生物医药,26,化学原料和化学制品制造业
SH601686,友发集团,C,制造业,CF,金属、非金属,33,金属制品业
SH601688,华泰证券,J,金融业,,,67,资本市场服务
SH601689,拓普集团,C,制造业,CG,专用、通用及交通运输设备,36,汽车制造业
SH601696,中银证券,J,金融业,,,67,资本市场服务
SH601698,中国卫通,I,信息传输、软件和信息技术服务业,,,63,电信、广播电视和卫星传输服务
SH601699,潞安环能,B,采矿业,,,06,煤炭开采和洗选业
SH601700,风范股份,C,制造业,CF,金属、非金属,33,金属制品业
SH601702,华峰铝业,C,制造业,CF,金属、非金属,32,有色金属冶炼和压延加工业
SH601717,中创智领,C,制造业,CG,专用、通用及交通运输设备,35,专用设备制造业
SH601718,际华集团,C,制造业,CB,纺织、服装、鞋帽,18,纺织服装、服饰业
SH601727,上海电气,C,制造业,CG,专用、通用及交通运输设备,34,通用设备制造业
SH601728,中国电信,I,信息传输、软件和信息技术服务业,,,63,电信、广播电视和卫星传输服务
SH601766,中国中车,C,制造业,CG,专用、通用及交通运输设备,37,铁路、船舶、航空航天和其他运输设备制造业
SH601777,千里科技,C,制造业,CG,专用、通用及交通运输设备,36,汽车制造业
SH601778,晶科科技,D,电力、热力、燃气及水生产和供应业,,,44,电力、热力生产和供应业
SH601788,光大证券,J,金融业,,,67,资本市场服务
SH601789,宁波建工,E,建筑业,,,48,土木工程建筑业
SH601798,蓝科高新,C,制造业,CG,专用、通用及交通运输设备,35,专用设备制造业
SH601799,星宇股份,C,制造业,CG,专用、通用及交通运输设备,36,汽车制造业
SH601800,中国交建,E,建筑业,,,48,土木工程建筑业
SH601801,皖新传媒,R,文化、体育和娱乐业,,,86,新闻和出版业
SH601808,中海油服,B,采矿业,,,11,开采专业及辅助性活动
SH601811,新华文轩,R,文化、体育和娱乐业,,,86,新闻和出版业
SH601816,京沪高铁,G,交通运输、仓储和邮政业,,,53,铁路运输业
SH601818,光大银行,J,金融业,,,66,货币金融服务
SH601825,沪农商行,J,金融业,,,66,货币金融服务
SH601827,三峰环境,N,水利、环境和公共设施管理业,,,77,生态保护和环境治理业
SH601828,美凯龙,L,租赁和商务服务业,,,72,商务服务业
SH601838,成都银行,J,金融业,,,66,货币金融服务
SH601857,中国石油,B,采矿业,,,07,石油和天然气开采业
SH601858,中国科传,R,文化、体育和娱乐业,,,86,新闻和出版业
SH601860,紫金银行,J,金融业,,,66,货币金融服务
SH601865,福莱特,C,制造业,CF,金属、非金属,30,非金属矿物制品业
SH601866,中远海发,G,交通运输、仓储和邮政业,,,55,水上运输业
SH601868,中国能建,E,建筑业,,,48,土木工程建筑业
SH601869,长飞光纤,C,制造业,CH,电气、电子及通讯,39,计算机、通信和其他电子设备制造业
SH601872,招商轮船,G,交通运输、仓储和邮政业,,,55,水上运输业
SH601877,正泰电器,C,制造业,CH,电气、电子及通讯,38,电气机械和器材制造业
SH601878,浙商证券,J,金融业,,,67,资本市场服务
SH601880,辽港股份,G,交通运输、仓储和邮政业,,,55,水上运输业
SH601881,中国银河,J,金融业,,,67,资本市场服务
SH601882,海天精工,C,制造业,CG,专用、通用及交通运输设备,34,通用设备制造业
SH601886,江河集团,E,建筑业,,,50,建筑装饰、装修和其他建筑业
SH601888,中国中免,L,租赁和商务服务业,,,72,商务服务业
SH601890,亚星锚链,C,制造业,CG,专用、通用及交通运输设备,37,铁路、船舶、航空航天和其他运输设备制造业
SH601898,中煤能源,B,采矿业,,,06,煤炭开采和洗选业
SH601899,紫金矿业,B,采矿业,,,09,有色金属矿采选业
SH601900,南方传媒,R,文化、体育和娱乐业,,,86,新闻和出版业
SH601901,方正证券,J,金融业,,,67,资本市场服务
SH601908,京运通,C,制造业,CH,电气、电子及通讯,38,电气机械和器材制造业
SH601916,浙商银行,J,金融业,,,66,货币金融服务
SH601918,新集能源,B,采矿业,,,06,煤炭开采和洗选业
SH601919,中远海控,G,交通运输、仓储和邮政业,,,55,水上运输业
SH601921,浙版传媒,R,文化、体育和娱乐业,,,86,新闻和出版业
SH601928,凤凰传媒,R,文化、体育和娱乐业,,,86,新闻和出版业
SH601929,吉视传媒,I,信息传输、软件和信息技术服务业,,,63,电信、广播电视和卫星传输服务
SH601933,永辉超市,F,批发和零售业,,,52,零售业
SH601939,建设银行,J,金融业,,,66,货币金融服务
SH601949,中国出版,R,文化、体育和娱乐业,,,86,新闻和出版业
SH601952,苏垦农发,C,制造业,CA,食品、饮料、烟草,13,农副食品加工业
SH601956,东贝集团,C,制造业,CG,专用、通用及交通运输设备,34,通用设备制造业
SH601958,金钼股份,B,采矿业,,,09,有色金属矿采选业
SH601963,重庆银行,J,金融业,,,66,货币金融服务
SH601965,中国汽研,M,科学研究和技术服务业,,,74,专业技术服务业
SH601966,玲珑轮胎,C,制造业,CE,石油、化学、生物医药,29,橡胶和塑料制品业
SH601968,宝钢包装,C,制造业,CF,金属、非金属,33,金属制品业
SH601969,海南矿业,B,采矿业,,,08,黑色金属矿采选业
SH601975,招商南油,G,交通运输、仓储和邮政业,,,55,水上运输业
SH601985,中国核电,D,电力、热力、燃气及水生产和供应业,,,44,电力、热力生产和供应业
SH601988,中国银行,J,金融业,,,66,货币金融服务
SH601990,南京证券,J,金融业,,,67,资本市场服务
SH601991,大唐发电,D,电力、热力、燃气及水生产和供应业,,,44,电力、热力生产和供应业
SH601992,金隅集团,C,制造业,CF,金属、非金属,30,非金属矿物制品业
SH601995,中金公司,J,金融业,,,67,资本市场服务
SH601996,丰林集团,C,制造业,CC,木材、家具,20,木材加工和木、竹、藤、棕、草制品业
SH601997,贵阳银行,J,金融业,,,66,货币金融服务
SH601998,中信银行,J,金融业,,,66,货币金融服务
SH601999,出版传媒,R,文化、体育和娱乐业,,,86,新闻和出版业
SH603000,人民网,I,信息传输、软件和信息技术服务业,,,64,互联网和相关服务
SH603001,奥康国际,C,制造业,CB,纺织、服装、鞋帽,19,皮革、毛皮、羽毛及其制品和制鞋业
SH603002,宏昌电子,C,制造业,CH,电气、电子及通讯,39,计算机、通信和其他电子设备制造业
SH603004,鼎龙科技,C,制造业,CE,石油、化学、生物医药,26,化学原料和化学制品制造业
SH603005,晶方科技,C,制造业,CH,电气、电子及通讯,39,计算机、通信和其他电子设备制造业
SH603006,联明股份,C,制造业,CG,专用、通用及交通运输设备,36,汽车制造业
SH603007,*ST花王,E,建筑业,,,48,土木工程建筑业
SH603008,喜临门,C,制造业,CC,木材、家具,21,家具制造业
SH603009,北特科技,C,制造业,CG,专用、通用及交通运输设备,36,汽车制造业
SH603010,万盛股份,C,制造业,CE,石油、化学、生物医药,26,化学原料和化学制品制造业
SH603011,合锻智能,C,制造业,CG,专用、通用及交通运输设备,34,通用设备制造业
SH603012,创力集团,C,制造业,CG,专用、通用及交通运输设备,35,专用设备制造业
SH603013,亚普股份,C,制造业,CG,专用、通用及交通运输设备,36,汽车制造业
SH603014,威高血净,C,制造业,CG,专用、通用及交通运输设备,35,专用设备制造业
SH603015,弘讯科技,C,制造业,CI,仪器、仪表,40,仪器仪表制造业
SH603016,新宏泰,C,制造业,CH,电气、电子及通讯,38,电气机械和器材制造业
SH603017,中衡设计,M,科学研究和技术服务业,,,74,专业技术服务业
SH603018,华设集团,M,科学研究和技术服务业,,,74,专业技术服务业
SH603019,中科曙光,C,制造业,CH,电气、电子及通讯,39,计算机、通信和其他电子设备制造业
SH603020,爱普股份,C,制造业,CA,食品、饮料、烟草,14,食品制造业
SH603021,ST华鹏,C,制造业,CF,金属、非金属,30,非金属矿物制品业
SH603022,新通联,C,制造业,CC,木材、家具,20,木材加工和木、竹、藤、棕、草制品业
SH603023,威帝股份,C,制造业,CH,电气、电子及通讯,39,计算机、通信和其他电子设备制造业
SH603025,大豪科技,C,制造业,CH,电气、电子及通讯,39,计算机、通信和其他电子设备制造业
SH603026,石大胜华,C,制造业,CE,石油、化学、生物医药,26,化学原料和化学制品制造业
SH603027,千禾味业,C,制造业,CA,食品、饮料、烟草,14,食品制造业
SH603028,赛福天,C,制造业,CF,金属、非金属,33,金属制品业
SH603029,天鹅股份,C,制造业,CG,专用、通用及交通运输设备,35,专用设备制造业
SH603030,全筑股份,E,建筑业,,,50,建筑装饰、装修和其他建筑业
SH603031,安孚科技,C,制造业,CH,电气、电子及通讯,38,电气机械和器材制造业
SH603032,德新科技,C,制造业,CG,专用、通用及交通运输设备,35,专用设备制造业
SH603033,三维股份,C,制造业,CE,石油、化学、生物医药,29,橡胶和塑料制品业
SH603035,常熟汽饰,C,制造业,CG,专用、通用及交通运输设备,36,汽车制造业
SH603036,如通股份,C,制造业,CG,专用、通用及交通运输设备,35,专用设备制造业
SH603037,凯众股份,C,制造业,CG,专用、通用及交通运输设备,36,汽车制造业
SH603038,华立股份,C,制造业,CJ,其他制造业,41,其他制造业
SH603039,泛微网络,I,信息传输、软件和信息技术服务业,,,65,软件和信息技术服务业
SH603040,新坐标,C,制造业,CG,专用、通用及交通运输设备,36,汽车制造业
SH603041,美思德,C,制造业,CE,石油、化学、生物医药,26,化学原料和化学制品制造业
SH603042,华脉科技,C,制造业,CH,电气、电子及通讯,39,计算机、通信和其他电子设备制造业
SH603043,广州酒家,C,制造业,CA,食品、饮料、烟草,14,食品制造业
SH603045,福达合金,C,制造业,CH,电气、电子及通讯,38,电气机械和器材制造业
SH603048,浙江黎明,C,制造业,CG,专用、通用及交通运输设备,36,汽车制造业
SH603049,中策橡胶,C,制造业,CE,石油、化学、生物医药,29,橡胶和塑料制品业
SH603050,科林电气,C,制造业,CH,电气、电子及通讯,38,电气机械和器材制造业
SH603051,鹿山新材,C,制造业,CE,石油、化学、生物医药,29,橡胶和塑料制品业
SH603052,可川科技,C,制造业,CH,电气、电子及通讯,39,计算机、通信和其他电子设备制造业
SH603053,成都燃气,D,电力、热力、燃气及水生产和供应业,,,45,燃气生产和供应业
SH603055,台华新材,C,制造业,CB,纺织、服装、鞋帽,17,纺织业
SH603056,德邦股份,G,交通运输、仓储和邮政业,,,54,道路运输业
SH603057,紫燕食品,C,制造业,CA,食品、饮料、烟草,13,农副食品加工业
SH603058,永吉股份,C,制造业,CD,造纸、印刷、文教,23,印刷和记录媒介复制业
SH603059,倍加洁,C,制造业,CJ,其他制造业,41,其他制造业
SH603060,国检集团,M,科学研究和技术服务业,,,74,专业技术服务业
SH603061,金海通,C,制造业,CG,专用、通用及交通运输设备,35,专用设备制造业
SH603062,麦加芯彩,C,制造业,CE,石油、化学、生物医药,26,化学原料和化学制品制造业
SH603063,禾望电气,C,制造业,CH,电气、电子及通讯,38,电气机械和器材制造业
SH603065,宿迁联盛,C,制造业,CE,石油、化学、生物医药,26,化学原料和化学制品制造业
SH603066,音飞储存,G,交通运输、仓储和邮政业,,,59,装卸搬运和仓储业
SH603067,振华股份,C,制造业,CE,石油、化学、生物医药,26,化学原料和化学制品制造业
SH603068,博通集成,C,制造业,CH,电气、电子及通讯,39,计算机、通信和其他电子设备制造业
SH603069,海汽集团,G,交通运输、仓储和邮政业,,,54,道路运输业
SH603070,万控智造,C,制造业,CH,电气、电子及通讯,38,电气机械和器材制造业
SH603071,物产环能,F,批发和零售业,,,51,批发业
SH603072,天和磁材,C,制造业,CH,电气、电子及通讯,39,计算机、通信和其他电子设备制造业
SH603073,彩蝶实业,C,制造业,CB,纺织、服装、鞋帽,17,纺织业
SH603075,热威股份,C,制造业,CH,电气、电子及通讯,38,电气机械和器材制造业
SH603076,乐惠国际,C,制造业,CG,专用、通用及交通运输设备,35,专用设备制造业
SH603077,和邦生物,C,制造业,CE,石油、化学、生物医药,26,化学原料和化学制品制造业
SH603078,江化微,C,制造业,CE,石油、化学、生物医药,26,化学原料和化学制品制造业
SH603079,圣达生物,C,制造业,CA,食品、饮料、烟草,14,食品制造业
SH603080,新疆火炬,D,电力、热力、燃气及水生产和供应业,,,45,燃气生产和供应业
SH603081,大丰实业,C,制造业,CG,专用、通用及交通运输设备,35,专用设备制造业
SH603082,北自科技,C,制造业,CG,专用、通用及交通运输设备,34,通用设备制造业
SH603083,剑桥科技,C,制造业,CH,电气、电子及通讯,39,计算机、通信和其他电子设备制造业
SH603085,天成自控,C,制造业,CG,专用、通用及交通运输设备,36,汽车制造业
SH603086,先达股份,C,制造业,CE,石油、化学、生物医药,26,化学原料和化学制品制造业
SH603087,甘李药业,C,制造业,CE,石油、化学、生物医药,27,医药制造业
SH603088,宁波精达,C,制造业,CG,专用、通用及交通运输设备,34,通用设备制造业
SH603089,正裕工业,C,制造业,CG,专用、通用及交通运输设备,36,汽车制造业
SH603090,宏盛股份,C,制造业,CG,专用、通用及交通运输设备,34,通用设备制造业
SH603091,众鑫股份,C,制造业,CD,造纸、印刷、文教,22,造纸和纸制品业
SH603093,南华期货,J,金融业,,,67,资本市场服务
SH603095,越剑智能,C,制造业,CG,专用、通用及交通运输设备,35,专用设备制造业
SH603096,新经典,R,文化、体育和娱乐业,,,86,新闻和出版业
SH603097,江苏华辰,C,制造业,CH,电气、电子及通讯,38,电气机械和器材制造业
SH603098,森特股份,E,建筑业,,,50,建筑装饰、装修和其他建筑业
SH603099,长白山,N,水利、环境和公共设施管理业,,,78,公共设施管理业
SH603100,川仪股份,C,制造业,CI,仪器、仪表,40,仪器仪表制造业
SH603101,汇嘉时代,F,批发和零售业,,,52,零售业
SH603102,百合股份,C,制造业,CA,食品、饮料、烟草,14,食品制造业
SH603103,横店影视,R,文化、体育和娱乐业,,,87,广播、电视、电影和录音制作业
SH603105,芯能科技,D,电力、热力、燃气及水生产和供应业,,,44,电力、热力生产和供应业
SH603106,恒银科技,C,制造业,CH,电气、电子及通讯,39,计算机、通信和其他电子设备制造业
SH603107,上海汽配,C,制造业,CG,专用、通用及交通运输设备,36,汽车制造业
SH603108,润达医疗,F,批发和零售业,,,51,批发业
SH603109,神驰机电,C,制造业,CH,电气、电子及通讯,38,电气机械和器材制造业
SH603110,东方材料,C,制造业,CE,石油、化学、生物医药,26,化学原料和化学制品制造业
SH603111,康尼机电,C,制造业,CG,专用、通用及交通运输设备,37,铁路、船舶、航空航天和其他运输设备制造业
SH603112,华翔股份,C,制造业,CF,金属、非金属,33,金属制品业
SH603113,金能科技,C,制造业,CE,石油、化学、生物医药,26,化学原料和化学制品制造业
SH603115,海星股份,C,制造业,CH,电气、电子及通讯,39,计算机、通信和其他电子设备制造业
SH603116,红蜻蜓,C,制造业,CB,纺织、服装、鞋帽,19,皮革、毛皮、羽毛及其制品和制鞋业
SH603117,万林物流,G,交通运输、仓储和邮政业,,,55,水上运输业
SH603118,共进股份,C,制造业,CH,电气、电子及通讯,39,计算机、通信和其他电子设备制造业
SH603119,浙江荣泰,C,制造业,CF,金属、非金属,30,非金属矿物制品业
SH603120,肯特催化,C,制造业,CE,石油、化学、生物医药,26,化学原料和化学制品制造业
SH603121,华培动力,C,制造业,CG,专用、通用及交通运输设备,36,汽车制造业
SH603122,合富中国,F,批发和零售业,,,51,批发业
SH603123,翠微股份,F,批发和零售业,,,52,零售业
SH603124,江南新材,C,制造业,CH,电气、电子及通讯,39,计算机、通信和其他电子设备制造业
SH603125,常青科技,C,制造业,CE,石油、化学、生物医药,26,化学原料和化学制品制造业
SH603126,中材节能,M,科学研究和技术服务业,,,74,专业技术服务业
SH603127,昭衍新药,M,科学研究和技术服务业,,,73,研究和试验发展
SH603128,华贸物流,G,交通运输、仓储和邮政业,,,58,多式联运和运输代理业
SH603129,春风动力,C,制造业,CG,专用、通用及交通运输设备,37,铁路、船舶、航空航天和其他运输设备制造业
SH603130,云中马,C,制造业,CB,纺织、服装、鞋帽,17,纺织业
SH603131,上海沪工,C,制造业,CG,专用、通用及交通运输设备,34,通用设备制造业
SH603132,金徽股份,B,采矿业,,,09,有色金属矿采选业
SH603135,中重科技,C,制造业,CG,专用、通用及交通运输设备,35,专用设备制造业
SH603136,天目湖,N,水利、环境和公共设施管理业,,,78,公共设施管理业
SH603137,恒尚节能,E,建筑业,,,50,建筑装饰、装修和其他建筑业
SH603138,海量数据,I,信息传输、软件和信息技术服务业,,,65,软件和信息技术服务业
SH603139,康惠股份,C,制造业,CE,石油、化学、生物医药,27,医药制造业
SH603150,万朗磁塑,C,制造业,CH,电气、电子及通讯,38,电气机械和器材制造业
SH603151,邦基科技,C,制造业,CA,食品、饮料、烟草,13,农副食品加工业
SH603153,上海建科,M,科学研究和技术服务业,,,74,专业技术服务业
SH603155,新亚强,C,制造业,CE,石油、化学、生物医药,26,化学原料和化学制品制造业
SH603156,养元饮品,C,制造业,CA,食品、饮料、烟草,15,酒、饮料和精制茶制造业
SH603158,腾龙股份,C,制造业,CG,专用、通用及交通运输设备,36,汽车制造业
SH603159,上海亚虹,C,制造业,CE,石油、化学、生物医药,29,橡胶和塑料制品业
SH603160,汇顶科技,C,制造业,CH,电气、电子及通讯,39,计算机、通信和其他电子设备制造业
SH603161,科华控股,C,制造业,CG,专用、通用及交通运输设备,36,汽车制造业
SH603162,海通发展,G,交通运输、仓储和邮政业,,,55,水上运输业
SH603163,圣晖集成,E,建筑业,,,49,建筑安装业
SH603165,荣晟环保,C,制造业,CD,造纸、印刷、文教,22,造纸和纸制品业
SH603166,福达股份,C,制造业,CG,专用、通用及交通运输设备,36,汽车制造业
SH603167,渤海轮渡,G,交通运输、仓储和邮政业,,,55,水上运输业
SH603168,莎普爱思,C,制造业,CE,石油、化学、生物医药,27,医药制造业
SH603169,兰石重装,C,制造业,CG,专用、通用及交通运输设备,35,专用设备制造业
SH603170,宝立食品,C,制造业,CA,食品、饮料、烟草,14,食品制造业
SH603171,税友股份,I,信息传输、软件和信息技术服务业,,,64,互联网和相关服务
SH603172,万丰股份,C,制造业,CE,石油、化学、生物医药,26,化学原料和化学制品制造业
SH603173,福斯达,C,制造业,CG,专用、通用及交通运输设备,34,通用设备制造业
SH603176,汇通集团,E,建筑业,,,48,土木工程建筑业
SH603177,德创环保,N,水利、环境和公共设施管理业,,,77,生态保护和环境治理业
SH603178,圣龙股份,C,制造业,CG,专用、通用及交通运输设备,36,汽车制造业
SH603179,新泉股份,C,制造业,CG,专用、通用及交通运输设备,36,汽车制造业
SH603180,金牌家居,C,制造业,CC,木材、家具,21,家具制造业
SH603181,皇马科技,C,制造业,CE,石油、化学、生物医药,26,化学原料和化学制品制造业
SH603182,嘉华股份,C,制造业,CA,食品、饮料、烟草,13,农副食品加工业
SH603183,建研院,M,科学研究和技术服务业,,,74,专业技术服务业
SH603185,弘元绿能,C,制造业,CH,电气、电子及通讯,38,电气机械和器材制造业
SH603186,华正新材,C,制造业,CH,电气、电子及通讯,39,计算机、通信和其他电子设备制造业
SH603187,海容冷链,C,制造业,CG,专用、通用及交通运输设备,34,通用设备制造业
SH603188,亚邦股份,C,制造业,CE,石油、化学、生物医药,26,化学原料和化学制品制造业
SH603189,网达软件,I,信息传输、软件和信息技术服务业,,,65,软件和信息技术服务业
SH603190,亚通精工,C,制造业,CG,专用、通用及交通运输设备,36,汽车制造业
SH603191,望变电气,C,制造业,CH,电气、电子及通讯,38,电气机械和器材制造业
SH603192,汇得科技,C,制造业,CE,石油、化学、生物医药,26,化学原料和化学制品制造业
SH603193,润本股份,C,制造业,CE,石油、化学、生物医药,26,化学原料和化学制品制造业
SH603194,中力股份,C,制造业,CG,专用、通用及交通运输设备,34,通用设备制造业
SH603195,公牛集团,C,制造业,CH,电气、电子及通讯,38,电气机械和器材制造业
SH603196,日播时尚,C,制造业,CB,纺织、服装、鞋帽,18,纺织服装、服饰业
SH603197,保隆科技,C,制造业,CG,专用、通用及交通运输设备,36,汽车制造业
SH603198,迎驾贡酒,C,制造业,CA,食品、饮料、烟草,15,酒、饮料和精制茶制造业
SH603199,九华旅游,N,水利、环境和公共设施管理业,,,78,公共设施管理业
SH603200,上海洗霸,N,水利、环境和公共设施管理业,,,77,生态保护和环境治理业
SH603201,常润股份,C,制造业,CG,专用、通用及交通运输设备,34,通用设备制造业
SH603202,天有为,C,制造业,CG,专用、通用及交通运输设备,36,汽车制造业
SH603203,快克智能,C,制造业,CG,专用、通用及交通运输设备,35,专用设备制造业
SH603205,健尔康,C,制造业,CG,专用、通用及交通运输设备,35,专用设备制造业
SH603206,嘉环科技,I,信息传输、软件和信息技术服务业,,,65,软件和信息技术服务业
SH603207,小方制药,C,制造业,CE,石油、化学、生物医药,27,医药制造业
SH603208,江山欧派,C,制造业,CC,木材、家具,20,木材加工和木、竹、藤、棕、草制品业
SH603209,兴通股份,G,交通运输、仓储和邮政业,,,55,水上运输业
SH603210,泰鸿万立,C,制造业,CG,专用、通用及交通运输设备,36,汽车制造业
SH603211,晋拓股份,C,制造业,CG,专用、通用及交通运输设备,36,汽车制造业
SH603212,赛伍技术,C,制造业,CE,石油、化学、生物医药,29,橡胶和塑料制品业
SH603213,镇洋发展,C,制造业,CE,石油、化学、生物医药,26,化学原料和化学制品制造业
SH603214,爱婴室,F,批发和零售业,,,52,零售业
SH603215,比依股份,C,制造业,CH,电气、电子及通讯,38,电气机械和器材制造业
SH603216,梦天家居,C,制造业,CC,木材、家具,20,木材加工和木、竹、藤、棕、草制品业
SH603217,元利科技,C,制造业,CE,石油、化学、生物医药,26,化学原料和化学制品制造业
SH603218,日月股份,C,制造业,CG,专用、通用及交通运输设备,34,通用设备制造业
SH603219,富佳股份,C,制造业,CH,电气、电子及通讯,38,电气机械和器材制造业
SH603220,中贝通信,I,信息传输、软件和信息技术服务业,,,65,软件和信息技术服务业
SH603221,爱丽家居,C,制造业,CE,石油、化学、生物医药,29,橡胶和塑料制品业
SH603222,济民健康,C,制造业,CG,专用、通用及交通运输设备,35,专用设备制造业
SH603223,恒通股份,D,电力、热力、燃气及水生产和供应业,,,45,燃气生产和供应业
SH603225,新凤鸣,C,制造业,CE,石油、化学、生物医药,28,化学纤维制造业
SH603226,菲林格尔,C,制造业,CC,木材、家具,20,木材加工和木、竹、藤、棕、草制品业
SH603227,雪峰科技,C,制造业,CE,石油、化学、生物医药,26,化学原料和化学制品制造业
SH603228,景旺电子,C,制造业,CH,电气、电子及通讯,39,计算机、通信和其他电子设备制造业
SH603229,奥翔药业,C,制造业,CE,石油、化学、生物医药,27,医药制造业
SH603230,内蒙新华,R,文化、体育和娱乐业,,,86,新闻和出版业
SH603231,索宝蛋白,C,制造业,CA,食品、饮料、烟草,13,农副食品加工业
SH603232,格尔软件,I,信息传输、软件和信息技术服务业,,,65,软件和信息技术服务业
SH603233,大参林,F,批发和零售业,,,52,零售业
SH603235,天新药业,C,制造业,CA,食品、饮料、烟草,14,食品制造业
SH603236,移远通信,C,制造业,CH,电气、电子及通讯,39,计算机、通信和其他电子设备制造业
SH603237,五芳斋,C,制造业,CA,食品、饮料、烟草,14,食品制造业
SH603238,诺邦股份,C,制造业,CB,纺织、服装、鞋帽,17,纺织业
SH603239,浙江仙通,C,制造业,CG,专用、通用及交通运输设备,36,汽车制造业
SH603255,鼎际得,C,制造业,CE,石油、化学、生物医药,26,化学原料和化学制品制造业
SH603256,宏和科技,C,制造业,CF,金属、非金属,30,非金属矿物制品业
SH603257,中国瑞林,M,科学研究和技术服务业,,,74,专业技术服务业
SH603258,电魂网络,I,信息传输、软件和信息技术服务业,,,64,互联网和相关服务
SH603259,药明康德,M,科学研究和技术服务业,,,73,研究和试验发展
SH603260,合盛硅业,C,制造业,CE,石油、化学、生物医药,26,化学原料和化学制品制造业
SH603261,*ST立航,C,制造业,CG,专用、通用及交通运输设备,37,铁路、船舶、航空航天和其他运输设备制造业
SH603266,天龙股份,C,制造业,CE,石油、化学、生物医药,29,橡胶和塑料制品业
SH603267,鸿远电子,C,制造业,CH,电气、电子及通讯,39,计算机、通信和其他电子设备制造业
SH603268,*ST松发,C,制造业,CF,金属、非金属,30,非金属矿物制品业
SH603269,海鸥股份,C,制造业,CG,专用、通用及交通运输设备,34,通用设备制造业
SH603270,金帝股份,C,制造业,CG,专用、通用及交通运输设备,34,通用设备制造业
SH603271,永杰新材,C,制造业,CF,金属、非金属,32,有色金属冶炼和压延加工业
SH603272,联翔股份,C,制造业,CD,造纸、印刷、文教,24,文教、工美、体育和娱乐用品制造业
SH603273,天元智能,C,制造业,CG,专用、通用及交通运输设备,35,专用设备制造业
SH603275,众辰科技,C,制造业,CI,仪器、仪表,40,仪器仪表制造业
SH603276,恒兴新材,C,制造业,CE,石油、化学、生物医药,26,化学原料和化学制品制造业
SH603277,银都股份,C,制造业,CG,专用、通用及交通运输设备,34,通用设备制造业
SH603278,大业股份,C,制造业,CF,金属、非金属,33,金属制品业
SH603279,景津装备,C,制造业,CG,专用、通用及交通运输设备,34,通用设备制造业
SH603280,南方路机,C,制造业,CG,专用、通用及交通运输设备,35,专用设备制造业
SH603281,江瀚新材,C,制造业,CE,石油、化学、生物医药,26,化学原料和化学制品制造业
SH603282,亚光股份,C,制造业,CG,专用、通用及交通运输设备,35,专用设备制造业
SH603283,赛腾股份,C,制造业,CG,专用、通用及交通运输设备,35,专用设备制造业
SH603285,键邦股份,C,制造业,CE,石油、化学、生物医药,26,化学原料和化学制品制造业
SH603286,日盈电子,C,制造业,CG,专用、通用及交通运输设备,36,汽车制造业
SH603288,海天味业,C,制造业,CA,食品、饮料、烟草,14,食品制造业
SH603289,泰瑞机器,C,制造业,CG,专用、通用及交通运输设备,35,专用设备制造业
SH603290,斯达半导,C,制造业,CH,电气、电子及通讯,39,计算机、通信和其他电子设备制造业
SH603291,联合水务,D,电力、热力、燃气及水生产和供应业,,,46,水的生产和供应业
SH603296,华勤技术,C,制造业,CH,电气、电子及通讯,39,计算机、通信和其他电子设备制造业
SH603297,永新光学,C,制造业,CI,仪器、仪表,40,仪器仪表制造业
SH603298,杭叉集团,C,制造业,CG,专用、通用及交通运输设备,34,通用设备制造业
SH603299,苏盐井神,C,制造业,CE,石油、化学、生物医药,26,化学原料和化学制品制造业
SH603300,海南华铁,L,租赁和商务服务业,,,71,租赁业
SH603301,振德医疗,C,制造业,CE,石油、化学、生物医药,27,医药制造业
SH603303,得邦照明,C,制造业,CH,电气、电子及通讯,38,电气机械和器材制造业
SH603305,旭升集团,C,制造业,CG,专用、通用及交通运输设备,36,汽车制造业
SH603306,华懋科技,C,制造业,CG,专用、通用及交通运输设备,36,汽车制造业
SH603307,扬州金泉,C,制造业,CB,纺织、服装、鞋帽,17,纺织业
SH603308,应流股份,C,制造业,CG,专用、通用及交通运输设备,34,通用设备制造业
SH603309,维力医疗,C,制造业,CG,专用、通用及交通运输设备,35,专用设备制造业
SH603310,巍华新材,C,制造业,CE,石油、化学、生物医药,26,化学原料和化学制品制造业
SH603311,金海高科,C,制造业,CG,专用、通用及交通运输设备,35,专用设备制造业
SH603312,西典新能,C,制造业,CH,电气、电子及通讯,38,电气机械和器材制造业
SH603313,梦百合,C,制造业,CC,木材、家具,21,家具制造业
SH603315,福鞍股份,N,水利、环境和公共设施管理业,,,77,生态保护和环境治理业
SH603316,诚邦股份,E,建筑业,,,48,土木工程建筑业
SH603317,天味食品,C,制造业,CA,食品、饮料、烟草,14,食品制造业
SH603318,水发燃气,D,电力、热力、燃气及水生产和供应业,,,45,燃气生产和供应业
SH603319,美湖股份,C,制造业,CG,专用、通用及交通运输设备,36,汽车制造业
SH603320,迪贝电气,C,制造业,CG,专用、通用及交通运输设备,34,通用设备制造业
SH603321,梅轮电梯,C,制造业,CG,专用、通用及交通运输设备,34,通用设备制造业
SH603322,超讯通信,I,信息传输、软件和信息技术服务业,,,65,软件和信息技术服务业
SH603323,苏农银行,J,金融业,,,66,货币金融服务
SH603324,盛剑科技,C,制造业,CG,专用、通用及交通运输设备,35,专用设备制造业
SH603325,博隆技术,C,制造业,CG,专用、通用及交通运输设备,34,通用设备制造业
SH603326,我乐家居,C,制造业,CC,木材、家具,21,家具制造业
SH603327,福蓉科技,C,制造业,CH,电气、电子及通讯,39,计算机、通信和其他电子设备制造业
SH603328,依顿电子,C,制造业,CH,电气、电子及通讯,39,计算机、通信和其他电子设备制造业
SH603329,上海雅仕,L,租赁和商务服务业,,,72,商务服务业
SH603330,天洋新材,C,制造业,CE,石油、化学、生物医药,29,橡胶和塑料制品业
SH603331,百达精工,C,制造业,CG,专用、通用及交通运输设备,34,通用设备制造业
SH603332,苏州龙杰,C,制造业,CE,石油、化学、生物医药,28,化学纤维制造业
SH603333,尚纬股份,C,制造业,CH,电气、电子及通讯,38,电气机械和器材制造业
SH603335,迪生力,C,制造业,CG,专用、通用及交通运输设备,36,汽车制造业
SH603336,宏辉果蔬,C,制造业,CA,食品、饮料、烟草,13,农副食品加工业
SH603337,杰克科技,C,制造业,CG,专用、通用及交通运输设备,35,专用设备制造业
SH603338,浙江鼎力,C,制造业,CG,专用、通用及交通运输设备,35,专用设备制造业
SH603339,四方科技,C,制造业,CF,金属、非金属,33,金属制品业
SH603341,龙旗科技,C,制造业,CH,电气、电子及通讯,39,计算机、通信和其他电子设备制造业
SH603344,星德胜,C,制造业,CH,电气、电子及通讯,38,电气机械和器材制造业
SH603345,安井食品,C,制造业,CA,食品、饮料、烟草,13,农副食品加工业
SH603348,文灿股份,C,制造业,CG,专用、通用及交通运输设备,36,汽车制造业
SH603350,安乃达,C,制造业,CH,电气、电子及通讯,38,电气机械和器材制造业
SH603351,威尔药业,C,制造业,CE,石油、化学、生物医药,25,石油、煤炭及其他燃料加工业
SH603353,和顺石油,F,批发和零售业,,,52,零售业
SH603355,莱克电气,C,制造业,CH,电气、电子及通讯,38,电气机械和器材制造业
SH603356,华菱精工,C,制造业,CG,专用、通用及交通运输设备,34,通用设备制造业
SH603357,设计总院,M,科学研究和技术服务业,,,74,专业技术服务业
SH603358,华达科技,C,制造业,CG,专用、通用及交通运输设备,36,汽车制造业
SH603359,东珠生态,E,建筑业,,,48,土木工程建筑业
SH603360,百傲化学,C,制造业,CE,石油、化学、生物医药,26,化学原料和化学制品制造业
SH603363,傲农生物,C,制造业,CA,食品、饮料、烟草,13,农副食品加工业
SH603365,水星家纺,C,制造业,CB,纺织、服装、鞋帽,17,纺织业
SH603366,日出东方,C,制造业,CH,电气、电子及通讯,38,电气机械和器材制造业
SH603367,辰欣药业,C,制造业,CE,石油、化学、生物医药,27,医药制造业
SH603368,柳药集团,F,批发和零售业,,,51,批发业
SH603369,今世缘,C,制造业,CA,食品、饮料、烟草,15,酒、饮料和精制茶制造业
SH603373,安邦护卫,L,租赁和商务服务业,,,72,商务服务业
SH603375,盛景微,C,制造业,CH,电气、电子及通讯,39,计算机、通信和其他电子设备制造业
SH603377,ST东时,P,教育,,,83,教育
SH603378,亚士创能,C,制造业,CE,石油、化学、生物医药,26,化学原料和化学制品制造业
SH603379,三美股份,C,制造业,CE,石油、化学、生物医药,26,化学原料和化学制品制造业
SH603380,易德龙,C,制造业,CH,电气、电子及通讯,39,计算机、通信和其他电子设备制造业
SH603381,永臻股份,C,制造业,CH,电气、电子及通讯,38,电气机械和器材制造业
SH603383,顶点软件,I,信息传输、软件和信息技术服务业,,,65,软件和信息技术服务业
SH603385,惠达卫浴,C,制造业,CF,金属、非金属,30,非金属矿物制品业
SH603386,骏亚科技,C,制造业,CH,电气、电子及通讯,39,计算机、通信和其他电子设备制造业
SH603387,基蛋生物,C,制造业,CE,石油、化学、生物医药,27,医药制造业
SH603388,*ST元成,E,建筑业,,,48,土木工程建筑业
SH603389,*ST亚振,C,制造业,CC,木材、家具,21,家具制造业
SH603390,通达电气,C,制造业,CH,电气、电子及通讯,39,计算机、通信和其他电子设备制造业
SH603391,力聚热能,C,制造业,CG,专用、通用及交通运输设备,34,通用设备制造业
SH603392,万泰生物,C,制造业,CE,石油、化学、生物医药,27,医药制造业
SH603393,新天然气,D,电力、热力、燃气及水生产和供应业,,,45,燃气生产和供应业
SH603395,红四方,C,制造业,CE,石油、化学、生物医药,26,化学原料和化学制品制造业
SH603396,金辰股份,C,制造业,CG,专用、通用及交通运输设备,35,专用设备制造业
SH603398,*ST沐邦,C,制造业,CH,电气、电子及通讯,38,电气机械和器材制造业
SH603399,永杉锂业,C,制造业,CF,金属、非金属,32,有色金属冶炼和压延加工业
SH603408,建霖家居,C,制造业,CE,石油、化学、生物医药,29,橡胶和塑料制品业
SH603409,汇通控股,C,制造业,CG,专用、通用及交通运输设备,36,汽车制造业
SH603416,信捷电气,C,制造业,CI,仪器、仪表,40,仪器仪表制造业
SH603421,鼎信通讯,C,制造业,CI,仪器、仪表,40,仪器仪表制造业
SH603429,集友股份,C,制造业,CD,造纸、印刷、文教,23,印刷和记录媒介复制业
SH603439,贵州三力,C,制造业,CE,石油、化学、生物医药,27,医药制造业
SH603444,吉比特,I,信息传输、软件和信息技术服务业,,,64,互联网和相关服务
SH603456,九洲药业,C,制造业,CE,石油、化学、生物医药,27,医药制造业
SH603458,勘设股份,M,科学研究和技术服务业,,,74,专业技术服务业
SH603466,风语筑,R,文化、体育和娱乐业,,,88,文化艺术业
SH603477,巨星农牧,A,农、林、牧、渔业,,,03,畜牧业
SH603486,科沃斯,C,制造业,CH,电气、电子及通讯,39,计算机、通信和其他电子设备制造业
SH603488,展鹏科技,C,制造业,CG,专用、通用及交通运输设备,34,通用设备制造业
SH603489,八方股份,C,制造业,CH,电气、电子及通讯,38,电气机械和器材制造业
SH603496,恒为科技,C,制造业,CH,电气、电子及通讯,39,计算机、通信和其他电子设备制造业
SH603499,翔港科技,C,制造业,CD,造纸、印刷、文教,23,印刷和记录媒介复制业
SH603500,祥和实业,C,制造业,CG,专用、通用及交通运输设备,37,铁路、船舶、航空航天和其他运输设备制造业
SH603501,豪威集团,C,制造业,CH,电气、电子及通讯,39,计算机、通信和其他电子设备制造业
SH603505,金石资源,B,采矿业,,,10,非金属矿采选业
SH603506,南都物业,K,房地产业,,,70,房地产业
SH603507,振江股份,C,制造业,CH,电气、电子及通讯,38,电气机械和器材制造业
SH603508,思维列控,C,制造业,CG,专用、通用及交通运输设备,37,铁路、船舶、航空航天和其他运输设备制造业
SH603511,爱慕股份,C,制造业,CB,纺织、服装、鞋帽,18,纺织服装、服饰业
SH603515,欧普照明,C,制造业,CH,电气、电子及通讯,38,电气机械和器材制造业
SH603516,淳中科技,C,制造业,CH,电气、电子及通讯,39,计算机、通信和其他电子设备制造业
SH603517,ST绝味,C,制造业,CA,食品、饮料、烟草,13,农副食品加工业
SH603518,锦泓集团,C,制造业,CB,纺织、服装、鞋帽,18,纺织服装、服饰业
SH603519,立霸股份,C,制造业,CH,电气、电子及通讯,38,电气机械和器材制造业
SH603520,司太立,C,制造业,CE,石油、化学、生物医药,27,医药制造业
SH603527,众源新材,C,制造业,CF,金属、非金属,32,有色金属冶炼和压延加工业
SH603528,多伦科技,I,信息传输、软件和信息技术服务业,,,65,软件和信息技术服务业
SH603529,爱玛科技,C,制造业,CG,专用、通用及交通运输设备,37,铁路、船舶、航空航天和其他运输设备制造业
SH603530,神马电力,C,制造业,CH,电气、电子及通讯,38,电气机械和器材制造业
SH603533,掌阅科技,I,信息传输、软件和信息技术服务业,,,64,互联网和相关服务
SH603535,嘉诚国际,G,交通运输、仓储和邮政业,,,59,装卸搬运和仓储业
SH603536,惠发食品,C,制造业,CA,食品、饮料、烟草,13,农副食品加工业
SH603538,美诺华,C,制造业,CE,石油、化学、生物医药,27,医药制造业
SH603551,奥普科技,C,制造业,CH,电气、电子及通讯,38,电气机械和器材制造业
SH603556,海兴电力,C,制造业,CI,仪器、仪表,40,仪器仪表制造业
SH603557,ST起步,C,制造业,CB,纺织、服装、鞋帽,19,皮革、毛皮、羽毛及其制品和制鞋业
SH603558,健盛集团,C,制造业,CB,纺织、服装、鞋帽,18,纺织服装、服饰业
SH603559,ST通脉,I,信息传输、软件和信息技术服务业,,,63,电信、广播电视和卫星传输服务
SH603565,中谷物流,G,交通运输、仓储和邮政业,,,55,水上运输业
SH603566,普莱柯,C,制造业,CE,石油、化学、生物医药,27,医药制造业
SH603567,珍宝岛,C,制造业,CE,石油、化学、生物医药,27,医药制造业
SH603568,伟明环保,N,水利、环境和公共设施管理业,,,77,生态保护和环境治理业
SH603569,长久物流,G,交通运输、仓储和邮政业,,,54,道路运输业
SH603577,汇金通,C,制造业,CF,金属、非金属,33,金属制品业
SH603578,三星新材,C,制造业,CF,金属、非金属,30,非金属矿物制品业
SH603579,荣泰健康,C,制造业,CH,电气、电子及通讯,38,电气机械和器材制造业
SH603580,*ST艾艾,C,制造业,CE,石油、化学、生物医药,29,橡胶和塑料制品业
SH603583,捷昌驱动,C,制造业,CH,电气、电子及通讯,38,电气机械和器材制造业
SH603585,苏利股份,C,制造业,CE,石油、化学、生物医药,26,化学原料和化学制品制造业
SH603586,金麒麟,C,制造业,CG,专用、通用及交通运输设备,36,汽车制造业
SH603587,地素时尚,C,制造业,CB,纺织、服装、鞋帽,18,纺织服装、服饰业
SH603588,高能环境,N,水利、环境和公共设施管理业,,,77,生态保护和环境治理业
SH603589,口子窖,C,制造业,CA,食品、饮料、烟草,15,酒、饮料和精制茶制造业
SH603590,康辰药业,C,制造业,CE,石油、化学、生物医药,27,医药制造业
SH603595,东尼电子,C,制造业,CH,电气、电子及通讯,39,计算机、通信和其他电子设备制造业
SH603596,伯特利,C,制造业,CG,专用、通用及交通运输设备,36,汽车制造业
SH603598,引力传媒,L,租赁和商务服务业,,,72,商务服务业
SH603599,广信股份,C,制造业,CE,石油、化学、生物医药,26,化学原料和化学制品制造业
SH603600,永艺股份,C,制造业,CC,木材、家具,21,家具制造业
SH603601,再升科技,C,制造业,CF,金属、非金属,30,非金属矿物制品业
SH603602,纵横通信,I,信息传输、软件和信息技术服务业,,,65,软件和信息技术服务业
SH603605,珀莱雅,C,制造业,CE,石油、化学、生物医药,26,化学原料和化学制品制造业
SH603606,东方电缆,C,制造业,CH,电气、电子及通讯,38,电气机械和器材制造业
SH603607,京华激光,C,制造业,CD,造纸、印刷、文教,22,造纸和纸制品业
SH603608,天创时尚,C,制造业,CB,纺织、服装、鞋帽,19,皮革、毛皮、羽毛及其制品和制鞋业
SH603609,禾丰股份,C,制造业,CA,食品、饮料、烟草,13,农副食品加工业
SH603610,麒盛科技,C,制造业,CC,木材、家具,21,家具制造业
SH603611,诺力股份,C,制造业,CG,专用、通用及交通运输设备,34,通用设备制造业
SH603612,索通发展,C,制造业,CF,金属、非金属,30,非金属矿物制品业
SH603613,国联股份,I,信息传输、软件和信息技术服务业,,,64,互联网和相关服务
SH603615,茶花股份,C,制造业,CE,石油、化学、生物医药,29,橡胶和塑料制品业
SH603616,韩建河山,C,制造业,CF,金属、非金属,30,非金属矿物制品业
SH603617,君禾股份,C,制造业,CG,专用、通用及交通运输设备,34,通用设备制造业
SH603618,杭电股份,C,制造业,CH,电气、电子及通讯,38,电气机械和器材制造业
SH603619,中曼石油,B,采矿业,,,07,石油和天然气开采业
SH603626,科森科技,C,制造业,CF,金属、非金属,33,金属制品业
SH603628,清源股份,C,制造业,CH,电气、电子及通讯,38,电气机械和器材制造业
SH603629,利通电子,C,制造业,CF,金属、非金属,33,金属制品业
SH603630,拉芳家化,C,制造业,CE,石油、化学、生物医药,26,化学原料和化学制品制造业
SH603633,徕木股份,C,制造业,CH,电气、电子及通讯,39,计算机、通信和其他电子设备制造业
SH603636,南威软件,I,信息传输、软件和信息技术服务业,,,65,软件和信息技术服务业
SH603637,镇海股份,E,建筑业,,,48,土木工程建筑业
SH603638,艾迪精密,C,制造业,CG,专用、通用及交通运输设备,35,专用设备制造业
SH603639,海利尔,C,制造业,CE,石油、化学、生物医药,26,化学原料和化学制品制造业
SH603648,畅联股份,L,租赁和商务服务业,,,72,商务服务业
SH603650,彤程新材,C,制造业,CE,石油、化学、生物医药,26,化学原料和化学制品制造业
SH603655,朗博科技,C,制造业,CE,石油、化学、生物医药,29,橡胶和塑料制品业
SH603656,泰禾智能,C,制造业,CG,专用、通用及交通运输设备,35,专用设备制造业
SH603657,春光科技,C,制造业,CE,石油、化学、生物医药,29,橡胶和塑料制品业
SH603658,安图生物,C,制造业,CE,石油、化学、生物医药,27,医药制造业
SH603659,璞泰来,C,制造业,CH,电气、电子及通讯,39,计算机、通信和其他电子设备制造业
SH603660,苏州科达,C,制造业,CH,电气、电子及通讯,39,计算机、通信和其他电子设备制造业
SH603661,恒林股份,C,制造业,CC,木材、家具,21,家具制造业
SH603662,柯力传感,C,制造业,CH,电气、电子及通讯,39,计算机、通信和其他电子设备制造业
SH603663,三祥新材,C,制造业,CF,金属、非金属,30,非金属矿物制品业
SH603665,康隆达,C,制造业,CB,纺织、服装、鞋帽,17,纺织业
SH603666,亿嘉和,C,制造业,CG,专用、通用及交通运输设备,34,通用设备制造业
SH603667,五洲新春,C,制造业,CG,专用、通用及交通运输设备,34,通用设备制造业
SH603668,天马科技,C,制造业,CA,食品、饮料、烟草,13,农副食品加工业
SH603669,灵康药业,C,制造业,CE,石油、化学、生物医药,27,医药制造业
SH603676,卫信康,C,制造业,CE,石油、化学、生物医药,27,医药制造业
SH603677,奇精机械,C,制造业,CH,电气、电子及通讯,38,电气机械和器材制造业
SH603678,火炬电子,C,制造业,CH,电气、电子及通讯,39,计算机、通信和其他电子设备制造业
SH603679,华体科技,C,制造业,CH,电气、电子及通讯,38,电气机械和器材制造业
SH603680,今创集团,C,制造业,CG,专用、通用及交通运输设备,37,铁路、船舶、航空航天和其他运输设备制造业
SH603681,永冠新材,C,制造业,CE,石油、化学、生物医药,26,化学原料和化学制品制造业
SH603682,锦和商管,L,租赁和商务服务业,,,72,商务服务业
SH603683,晶华新材,C,制造业,CE,石油、化学、生物医药,26,化学原料和化学制品制造业
SH603685,晨丰科技,C,制造业,CH,电气、电子及通讯,38,电气机械和器材制造业
SH603686,福龙马,N,水利、环境和公共设施管理业,,,78,公共设施管理业
SH603687,大胜达,C,制造业,CD,造纸、印刷、文教,22,造纸和纸制品业
SH603688,石英股份,C,制造业,CF,金属、非金属,30,非金属矿物制品业
SH603689,皖天然气,D,电力、热力、燃气及水生产和供应业,,,45,燃气生产和供应业
SH603690,至纯科技,C,制造业,CG,专用、通用及交通运输设备,35,专用设备制造业
SH603693,江苏新能,D,电力、热力、燃气及水生产和供应业,,,44,电力、热力生产和供应业
SH603696,安记食品,C,制造业,CA,食品、饮料、烟草,14,食品制造业
SH603697,有友食品,C,制造业,CA,食品、饮料、烟草,13,农副食品加工业
SH603698,航天工程,C,制造业,CG,专用、通用及交通运输设备,35,专用设备制造业
SH603699,纽威股份,C,制造业,CG,专用、通用及交通运输设备,34,通用设备制造业
SH603700,宁水集团,C,制造业,CI,仪器、仪表,40,仪器仪表制造业
SH603701,德宏股份,C,制造业,CH,电气、电子及通讯,38,电气机械和器材制造业
SH603703,盛洋科技,C,制造业,CH,电气、电子及通讯,38,电气机械和器材制造业
SH603706,东方环宇,D,电力、热力、燃气及水生产和供应业,,,45,燃气生产和供应业
SH603707,健友股份,C,制造业,CE,石油、化学、生物医药,27,医药制造业
SH603708,家家悦,F,批发和零售业,,,52,零售业
SH603709,中源家居,C,制造业,CC,木材、家具,21,家具制造业
SH603711,香飘飘,C,制造业,CA,食品、饮料、烟草,15,酒、饮料和精制茶制造业
SH603712,七一二,C,制造业,CH,电气、电子及通讯,39,计算机、通信和其他电子设备制造业
SH603713,密尔克卫,G,交通运输、仓储和邮政业,,,58,多式联运和运输代理业
SH603716,塞力医疗,F,批发和零售业,,,51,批发业
SH603717,天域生物,A,农、林、牧、渔业,,,03,畜牧业
SH603718,海利生物,C,制造业,CE,石油、化学、生物医药,27,医药制造业
SH603719,良品铺子,F,批发和零售业,,,52,零售业
SH603721,*ST天择,R,文化、体育和娱乐业,,,87,广播、电视、电影和录音制作业
SH603722,阿科力,C,制造业,CE,石油、化学、生物医药,26,化学原料和化学制品制造业
SH603725,天安新材,C,制造业,CF,金属、非金属,30,非金属矿物制品业
SH603726,朗迪集团,C,制造业,CE,石油、化学、生物医药,29,橡胶和塑料制品业
SH603727,博迈科,B,采矿业,,,11,开采专业及辅助性活动
SH603728,鸣志电器,C,制造业,CH,电气、电子及通讯,38,电气机械和器材制造业
SH603729,龙韵股份,L,租赁和商务服务业,,,72,商务服务业
SH603730,岱美股份,C,制造业,CG,专用、通用及交通运输设备,36,汽车制造业
SH603733,仙鹤股份,C,制造业,CD,造纸、印刷、文教,22,造纸和纸制品业
SH603737,三棵树,C,制造业,CE,石油、化学、生物医药,26,化学原料和化学制品制造业
SH603738,泰晶科技,C,制造业,CH,电气、电子及通讯,39,计算机、通信和其他电子设备制造业
SH603739,蔚蓝生物,C,制造业,CA,食品、饮料、烟草,14,食品制造业
SH603755,日辰股份,C,制造业,CA,食品、饮料、烟草,14,食品制造业
SH603757,大元泵业,C,制造业,CG,专用、通用及交通运输设备,34,通用设备制造业
SH603758,秦安股份,C,制造业,CG,专用、通用及交通运输设备,36,汽车制造业
SH603759,海天股份,D,电力、热力、燃气及水生产和供应业,,,46,水的生产和供应业
SH603766,隆鑫通用,C,制造业,CG,专用、通用及交通运输设备,37,铁路、船舶、航空航天和其他运输设备制造业
SH603767,中马传动,C,制造业,CG,专用、通用及交通运输设备,36,汽车制造业
SH603768,常青股份,C,制造业,CG,专用、通用及交通运输设备,36,汽车制造业
SH603773,沃格光电,C,制造业,CH,电气、电子及通讯,39,计算机、通信和其他电子设备制造业
SH603776,永安行,I,信息传输、软件和信息技术服务业,,,65,软件和信息技术服务业
SH603777,来伊份,F,批发和零售业,,,52,零售业
SH603778,国晟科技,C,制造业,CH,电气、电子及通讯,38,电气机械和器材制造业
SH603779,威龙股份,C,制造业,CA,食品、饮料、烟草,15,酒、饮料和精制茶制造业
SH603786,科博达,C,制造业,CG,专用、通用及交通运输设备,36,汽车制造业
SH603787,新日股份,C,制造业,CG,专用、通用及交通运输设备,37,铁路、船舶、航空航天和其他运输设备制造业
SH603788,宁波高发,C,制造业,CG,专用、通用及交通运输设备,36,汽车制造业
SH603789,*ST星农,C,制造业,CG,专用、通用及交通运输设备,35,专用设备制造业
SH603790,雅运股份,C,制造业,CE,石油、化学、生物医药,26,化学原料和化学制品制造业
SH603797,联泰环保,N,水利、环境和公共设施管理业,,,77,生态保护和环境治理业
SH603798,康普顿,C,制造业,CE,石油、化学、生物医药,25,石油、煤炭及其他燃料加工业
SH603799,华友钴业,C,制造业,CF,金属、非金属,32,有色金属冶炼和压延加工业
SH603800,洪田股份,C,制造业,CG,专用、通用及交通运输设备,35,专用设备制造业
SH603801,志邦家居,C,制造业,CC,木材、家具,21,家具制造业
SH603803,瑞斯康达,C,制造业,CH,电气、电子及通讯,39,计算机、通信和其他电子设备制造业
SH603806,福斯特,C,制造业,CE,石油、化学、生物医药,29,橡胶和塑料制品业
SH603808,歌力思,C,制造业,CB,纺织、服装、鞋帽,18,纺织服装、服饰业
SH603809,豪能股份,C,制造业,CG,专用、通用及交通运输设备,36,汽车制造业
SH603810,丰山集团,C,制造业,CE,石油、化学、生物医药,26,化学原料和化学制品制造业
SH603811,诚意药业,C,制造业,CE,石油、化学、生物医药,27,医药制造业
SH603813,*ST原尚,G,交通运输、仓储和邮政业,,,54,道路运输业
SH603815,交建股份,E,建筑业,,,48,土木工程建筑业
SH603816,顾家家居,C,制造业,CC,木材、家具,21,家具制造业
SH603817,海峡环保,D,电力、热力、燃气及水生产和供应业,,,46,水的生产和供应业
SH603818,曲美家居,C,制造业,CC,木材、家具,21,家具制造业
SH603819,神力股份,C,制造业,CH,电气、电子及通讯,38,电气机械和器材制造业
SH603822,嘉澳环保,C,制造业,CE,石油、化学、生物医药,25,石油、煤炭及其他燃料加工业
SH603823,百合花,C,制造业,CE,石油、化学、生物医药,26,化学原料和化学制品制造业
SH603825,ST华扬,L,租赁和商务服务业,,,72,商务服务业
SH603826,坤彩科技,C,制造业,CE,石油、化学、生物医药,26,化学原料和化学制品制造业
SH603828,ST柯利达,E,建筑业,,,50,建筑装饰、装修和其他建筑业
SH603829,洛凯股份,C,制造业,CH,电气、电子及通讯,38,电气机械和器材制造业
SH603833,欧派家居,C,制造业,CC,木材、家具,21,家具制造业
SH603836,海程邦达,L,租赁和商务服务业,,,72,商务服务业
SH603838,*ST四通,C,制造业,CF,金属、非金属,30,非金属矿物制品业
SH603839,安正时尚,C,制造业,CB,纺织、服装、鞋帽,18,纺织服装、服饰业
SH603843,*ST正平,E,建筑业,,,48,土木工程建筑业
SH603848,好太太,C,制造业,CF,金属、非金属,33,金属制品业
SH603855,华荣股份,C,制造业,CG,专用、通用及交通运输设备,35,专用设备制造业
SH603856,东宏股份,C,制造业,CE,石油、化学、生物医药,29,橡胶和塑料制品业
SH603858,步长制药,C,制造业,CE,石油、化学、生物医药,27,医药制造业
SH603859,能科科技,I,信息传输、软件和信息技术服务业,,,65,软件和信息技术服务业
SH603860,中公高科,M,科学研究和技术服务业,,,74,专业技术服务业
SH603861,白云电器,C,制造业,CH,电气、电子及通讯,38,电气机械和器材制造业
SH603863,松炀资源,C,制造业,CD,造纸、印刷、文教,22,造纸和纸制品业
SH603866,桃李面包,C,制造业,CA,食品、饮料、烟草,14,食品制造业
SH603867,新化股份,C,制造业,CE,石油、化学、生物医药,26,化学原料和化学制品制造业
SH603868,飞科电器,C,制造业,CH,电气、电子及通讯,38,电气机械和器材制造业
SH603869,ST智知,I,信息传输、软件和信息技术服务业,,,65,软件和信息技术服务业
SH603871,嘉友国际,G,交通运输、仓储和邮政业,,,58,多式联运和运输代理业
SH603876,鼎胜新材,C,制造业,CF,金属、非金属,32,有色金属冶炼和压延加工业
SH603877,太平鸟,C,制造业,CB,纺织、服装、鞋帽,18,纺织服装、服饰业
SH603878,武进不锈,C,制造业,CF,金属、非金属,31,黑色金属冶炼和压延加工业
SH603879,永悦科技,C,制造业,CE,石油、化学、生物医药,26,化学原料和化学制品制造业
SH603880,南卫股份,C,制造业,CE,石油、化学、生物医药,27,医药制造业
SH603881,数据港,I,信息传输、软件和信息技术服务业,,,65,软件和信息技术服务业
SH603882,金域医学,Q,卫生和社会工作,,,84,卫生
SH603883,老百姓,F,批发和零售业,,,52,零售业
SH603885,吉祥航空,G,交通运输、仓储和邮政业,,,56,航空运输业
SH603886,元祖股份,C,制造业,CA,食品、饮料、烟草,14,食品制造业
SH603887,城地香江,I,信息传输、软件和信息技术服务业,,,65,软件和信息技术服务业
SH603888,新华网,I,信息传输、软件和信息技术服务业,,,64,互联网和相关服务
SH603889,新澳股份,C,制造业,CB,纺织、服装、鞋帽,17,纺织业
SH603890,春秋电子,C,制造业,CH,电气、电子及通讯,39,计算机、通信和其他电子设备制造业
SH603893,瑞芯微,C,制造业,CH,电气、电子及通讯,39,计算机、通信和其他电子设备制造业
SH603895,天永智能,C,制造业,CG,专用、通用及交通运输设备,35,专用设备制造业
SH603896,寿仙谷,C,制造业,CE,石油、化学、生物医药,27,医药制造业
SH603897,长城科技,C,制造业,CH,电气、电子及通讯,38,电气机械和器材制造业
SH603898,好莱客,C,制造业,CC,木材、家具,21,家具制造业
SH603899,晨光股份,C,制造业,CD,造纸、印刷、文教,24,文教、工美、体育和娱乐用品制造业
SH603900,莱绅通灵,F,批发和零售业,,,52,零售业
SH603901,永创智能,C,制造业,CG,专用、通用及交通运输设备,34,通用设备制造业
SH603903,中持股份,N,水利、环境和公共设施管理业,,,77,生态保护和环境治理业
SH603906,龙蟠科技,C,制造业,CH,电气、电子及通讯,39,计算机、通信和其他电子设备制造业
SH603908,牧高笛,C,制造业,CB,纺织、服装、鞋帽,17,纺织业
SH603909,建发合诚,E,建筑业,,,48,土木工程建筑业
SH603912,佳力图,C,制造业,CG,专用、通用及交通运输设备,34,通用设备制造业
SH603915,国茂股份,C,制造业,CG,专用、通用及交通运输设备,34,通用设备制造业
SH603916,苏博特,C,制造业,CE,石油、化学、生物医药,26,化学原料和化学制品制造业
SH603917,合力科技,C,制造业,CG,专用、通用及交通运输设备,35,专用设备制造业
SH603918,金桥信息,I,信息传输、软件和信息技术服务业,,,65,软件和信息技术服务业
SH603919,金徽酒,C,制造业,CA,食品、饮料、烟草,15,酒、饮料和精制茶制造业
SH603920,世运电路,C,制造业,CH,电气、电子及通讯,39,计算机、通信和其他电子设备制造业
SH603922,金鸿顺,C,制造业,CG,专用、通用及交通运输设备,36,汽车制造业
SH603926,铁流股份,C,制造业,CG,专用、通用及交通运输设备,36,汽车制造业
SH603927,中科软,I,信息传输、软件和信息技术服务业,,,65,软件和信息技术服务业
SH603928,兴业股份,C,制造业,CE,石油、化学、生物医药,26,化学原料和化学制品制造业
SH603929,亚翔集成,E,建筑业,,,49,建筑安装业
SH603931,格林达,C,制造业,CE,石油、化学、生物医药,26,化学原料和化学制品制造业
SH603933,睿能科技,C,制造业,CH,电气、电子及通讯,39,计算机、通信和其他电子设备制造业
SH603936,博敏电子,C,制造业,CH,电气、电子及通讯,39,计算机、通信和其他电子设备制造业
SH603937,丽岛新材,C,制造业,CF,金属、非金属,33,金属制品业
SH603938,三孚股份,C,制造业,CE,石油、化学、生物医药,26,化学原料和化学制品制造业
SH603939,益丰药房,F,批发和零售业,,,52,零售业
SH603948,建业股份,C,制造业,CE,石油、化学、生物医药,26,化学原料和化学制品制造业
SH603949,雪龙集团,C,制造业,CG,专用、通用及交通运输设备,36,汽车制造业
SH603950,长源东谷,C,制造业,CG,专用、通用及交通运输设备,36,汽车制造业
SH603955,大千生态,E,建筑业,,,48,土木工程建筑业
SH603956,威派格,C,制造业,CG,专用、通用及交通运输设备,35,专用设备制造业
SH603958,哈森股份,C,制造业,CB,纺织、服装、鞋帽,19,皮革、毛皮、羽毛及其制品和制鞋业
SH603959,百利科技,E,建筑业,,,48,土木工程建筑业
SH603960,克来机电,C,制造业,CG,专用、通用及交通运输设备,35,专用设备制造业
SH603966,法兰泰克,C,制造业,CG,专用、通用及交通运输设备,34,通用设备制造业
SH603967,中创物流,G,交通运输、仓储和邮政业,,,58,多式联运和运输代理业
SH603968,醋化股份,C,制造业,CE,石油、化学、生物医药,26,化学原料和化学制品制造业
SH603969,银龙股份,C,制造业,CF,金属、非金属,33,金属制品业
SH603970,中农立华,F,批发和零售业,,,51,批发业
SH603976,正川股份,C,制造业,CE,石油、化学、生物医药,27,医药制造业
SH603977,国泰集团,C,制造业,CE,石油、化学、生物医药,26,化学原料和化学制品制造业
SH603978,深圳新星,C,制造业,CF,金属、非金属,32,有色金属冶炼和压延加工业
SH603979,金诚信,B,采矿业,,,11,开采专业及辅助性活动
SH603980,吉华集团,C,制造业,CE,石油、化学、生物医药,26,化学原料和化学制品制造业
SH603982,泉峰汽车,C,制造业,CG,专用、通用及交通运输设备,36,汽车制造业
SH603983,丸美生物,C,制造业,CE,石油、化学、生物医药,26,化学原料和化学制品制造业
SH603985,恒润股份,C,制造业,CF,金属、非金属,33,金属制品业
SH603986,兆易创新,C,制造业,CH,电气、电子及通讯,39,计算机、通信和其他电子设备制造业
SH603987,康德莱,C,制造业,CG,专用、通用及交通运输设备,35,专用设备制造业
SH603988,中电电机,C,制造业,CH,电气、电子及通讯,38,电气机械和器材制造业
SH603989,艾华集团,C,制造业,CH,电气、电子及通讯,39,计算机、通信和其他电子设备制造业
SH603990,麦迪科技,I,信息传输、软件和信息技术服务业,,,65,软件和信息技术服务业
SH603991,至正股份,C,制造业,CE,石油、化学、生物医药,29,橡胶和塑料制品业
SH603992,松霖科技,C,制造业,CE,石油、化学、生物医药,29,橡胶和塑料制品业
SH603993,洛阳钼业,B,采矿业,,,09,有色金属矿采选业
SH603995,甬金股份,C,制造业,CF,金属、非金属,31,黑色金属冶炼和压延加工业
SH603997,继峰股份,C,制造业,CG,专用、通用及交通运输设备,36,汽车制造业
SH603998,方盛制药,C,制造业,CE,石油、化学、生物医药,27,医药制造业
SH603999,读者传媒,R,文化、体育和娱乐业,,,86,新闻和出版业
SH605001,威奥股份,C,制造业,CG,专用、通用及交通运输设备,37,铁路、船舶、航空航天和其他运输设备制造业
SH605003,众望布艺,C,制造业,CB,纺织、服装、鞋帽,17,纺织业
SH605005,合兴股份,C,制造业,CG,专用、通用及交通运输设备,36,汽车制造业
SH605006,山东玻纤,C,制造业,CF,金属、非金属,30,非金属矿物制品业
SH605007,五洲特纸,C,制造业,CD,造纸、印刷、文教,22,造纸和纸制品业
SH605008,长鸿高科,C,制造业,CE,石油、化学、生物医药,26,化学原料和化学制品制造业
SH605009,豪悦护理,C,制造业,CD,造纸、印刷、文教,22,造纸和纸制品业
SH605011,杭州热电,D,电力、热力、燃气及水生产和供应业,,,44,电力、热力生产和供应业
SH605016,百龙创园,C,制造业,CA,食品、饮料、烟草,14,食品制造业
SH605018,长华集团,C,制造业,CG,专用、通用及交通运输设备,36,汽车制造业
SH605020,永和股份,C,制造业,CE,石油、化学、生物医药,26,化学原料和化学制品制造业
SH605028,世茂能源,D,电力、热力、燃气及水生产和供应业,,,44,电力、热力生产和供应业
SH605033,美邦股份,C,制造业,CE,石油、化学、生物医药,26,化学原料和化学制品制造业
SH605050,福然德,G,交通运输、仓储和邮政业,,,58,多式联运和运输代理业
SH605055,迎丰股份,C,制造业,CB,纺织、服装、鞋帽,17,纺织业
SH605056,咸亨国际,F,批发和零售业,,,51,批发业
SH605058,澳弘电子,C,制造业,CH,电气、电子及通讯,39,计算机、通信和其他电子设备制造业
SH605060,联德股份,C,制造业,CG,专用、通用及交通运输设备,34,通用设备制造业
SH605066,天正电气,C,制造业,CH,电气、电子及通讯,38,电气机械和器材制造业
SH605068,明新旭腾,C,制造业,CB,纺织、服装、鞋帽,19,皮革、毛皮、羽毛及其制品和制鞋业
SH605069,正和生态,N,水利、环境和公共设施管理业,,,77,生态保护和环境治理业
SH605077,华康股份,C,制造业,CA,食品、饮料、烟草,14,食品制造业
SH605080,浙江自然,C,制造业,CB,纺织、服装、鞋帽,17,纺织业
SH605081,*ST太和,N,水利、环境和公共设施管理业,,,77,生态保护和环境治理业
SH605086,龙高股份,B,采矿业,,,10,非金属矿采选业
SH605088,冠盛股份,C,制造业,CG,专用、通用及交通运输设备,36,汽车制造业
SH605089,味知香,C,制造业,CA,食品、饮料、烟草,13,农副食品加工业
SH605090,九丰能源,D,电力、热力、燃气及水生产和供应业,,,45,燃气生产和供应业
SH605098,行动教育,P,教育,,,83,教育
SH605099,共创草坪,C,制造业,CE,石油、化学、生物医药,29,橡胶和塑料制品业
SH605100,华丰股份,C,制造业,CG,专用、通用及交通运输设备,34,通用设备制造业
SH605108,同庆楼,H,住宿和餐饮业,,,62,餐饮业
SH605111,新洁能,C,制造业,CH,电气、电子及通讯,39,计算机、通信和其他电子设备制造业
SH605116,奥锐特,C,制造业,CE,石油、化学、生物医药,27,医药制造业
SH605117,德业股份,C,制造业,CH,电气、电子及通讯,38,电气机械和器材制造业
SH605118,力鼎光电,C,制造业,CH,电气、电子及通讯,39,计算机、通信和其他电子设备制造业
SH605122,四方新材,C,制造业,CF,金属、非金属,30,非金属矿物制品业
SH605123,派克新材,C,制造业,CF,金属、非金属,33,金属制品业
SH605128,上海沿浦,C,制造业,CG,专用、通用及交通运输设备,36,汽车制造业
SH605133,嵘泰股份,C,制造业,CG,专用、通用及交通运输设备,36,汽车制造业
SH605136,丽人丽妆,F,批发和零售业,,,52,零售业
SH605138,盛泰集团,C,制造业,CB,纺织、服装、鞋帽,18,纺织服装、服饰业
SH605151,西上海,C,制造业,CG,专用、通用及交通运输设备,36,汽车制造业
SH605155,西大门,C,制造业,CB,纺织、服装、鞋帽,17,纺织业
SH605158,华达新材,C,制造业,CF,金属、非金属,33,金属制品业
SH605162,新中港,D,电力、热力、燃气及水生产和供应业,,,44,电力、热力生产和供应业
SH605166,聚合顺,C,制造业,CE,石油、化学、生物医药,26,化学原料和化学制品制造业
SH605167,利柏特,E,建筑业,,,48,土木工程建筑业
SH605168,三人行,L,租赁和商务服务业,,,72,商务服务业
SH605169,洪通燃气,D,电力、热力、燃气及水生产和供应业,,,45,燃气生产和供应业
SH605177,东亚药业,C,制造业,CE,石油、化学、生物医药,27,医药制造业
SH605178,时空科技,E,建筑业,,,50,建筑装饰、装修和其他建筑业
SH605179,一鸣食品,C,制造业,CA,食品、饮料、烟草,14,食品制造业
SH605180,华生科技,C,制造业,CB,纺织、服装、鞋帽,17,纺织业
SH605183,确成股份,C,制造业,CE,石油、化学、生物医药,26,化学原料和化学制品制造业
SH605186,健麾信息,C,制造业,CG,专用、通用及交通运输设备,35,专用设备制造业
SH605188,国光连锁,F,批发和零售业,,,52,零售业
SH605189,富春染织,C,制造业,CB,纺织、服装、鞋帽,17,纺织业
SH605196,华通线缆,C,制造业,CH,电气、电子及通讯,38,电气机械和器材制造业
SH605198,安德利,C,制造业,CA,食品、饮料、烟草,15,酒、饮料和精制茶制造业
SH605199,ST葫芦娃,C,制造业,CE,石油、化学、生物医药,27,医药制造业
SH605208,永茂泰,C,制造业,CF,金属、非金属,32,有色金属冶炼和压延加工业
SH605218,伟时电子,C,制造业,CH,电气、电子及通讯,39,计算机、通信和其他电子设备制造业
SH605222,起帆电缆,C,制造业,CH,电气、电子及通讯,38,电气机械和器材制造业
SH605228,神通科技,C,制造业,CG,专用、通用及交通运输设备,36,汽车制造业
SH605255,天普股份,C,制造业,CE,石油、化学、生物医药,29,橡胶和塑料制品业
SH605258,协和电子,C,制造业,CH,电气、电子及通讯,39,计算机、通信和其他电子设备制造业
SH605259,绿田机械,C,制造业,CG,专用、通用及交通运输设备,34,通用设备制造业
SH605266,健之佳,F,批发和零售业,,,52,零售业
SH605268,王力安防,C,制造业,CF,金属、非金属,33,金属制品业
SH605277,新亚电子,C,制造业,CH,电气、电子及通讯,38,电气机械和器材制造业
SH605286,同力日升,C,制造业,CG,专用、通用及交通运输设备,34,通用设备制造业
SH605287,德才股份,E,建筑业,,,50,建筑装饰、装修和其他建筑业
SH605288,凯迪股份,C,制造业,CH,电气、电子及通讯,38,电气机械和器材制造业
SH605289,罗曼股份,E,建筑业,,,50,建筑装饰、装修和其他建筑业
SH605296,神农集团,A,农、林、牧、渔业,,,03,畜牧业
SH605298,必得科技,C,制造业,CG,专用、通用及交通运输设备,37,铁路、船舶、航空航天和其他运输设备制造业
SH605299,舒华体育,C,制造业,CD,造纸、印刷、文教,24,文教、工美、体育和娱乐用品制造业
SH605300,佳禾食品,C,制造业,CA,食品、饮料、烟草,14,食品制造业
SH605303,园林股份,E,建筑业,,,48,土木工程建筑业
SH605305,中际联合,C,制造业,CG,专用、通用及交通运输设备,35,专用设备制造业
SH605318,法狮龙,C,制造业,CJ,其他制造业,41,其他制造业
SH605319,无锡振华,C,制造业,CG,专用、通用及交通运输设备,36,汽车制造业
SH605333,沪光股份,C,制造业,CG,专用、通用及交通运输设备,36,汽车制造业
SH605336,帅丰电器,C,制造业,CH,电气、电子及通讯,38,电气机械和器材制造业
SH605337,李子园,C,制造业,CA,食品、饮料、烟草,15,酒、饮料和精制茶制造业
SH605338,巴比食品,C,制造业,CA,食品、饮料、烟草,14,食品制造业
SH605339,南侨食品,C,制造业,CA,食品、饮料、烟草,14,食品制造业
SH605358,立昂微,C,制造业,CH,电气、电子及通讯,39,计算机、通信和其他电子设备制造业
SH605365,立达信,C,制造业,CH,电气、电子及通讯,38,电气机械和器材制造业
SH605366,宏柏新材,C,制造业,CE,石油、化学、生物医药,26,化学原料和化学制品制造业
SH605368,蓝天燃气,D,电力、热力、燃气及水生产和供应业,,,45,燃气生产和供应业
SH605369,拱东医疗,C,制造业,CG,专用、通用及交通运输设备,35,专用设备制造业
SH605376,博迁新材,C,制造业,CH,电气、电子及通讯,39,计算机、通信和其他电子设备制造业
SH605377,华旺科技,C,制造业,CD,造纸、印刷、文教,22,造纸和纸制品业
SH605378,野马电池,C,制造业,CH,电气、电子及通讯,38,电气机械和器材制造业
SH605388,均瑶健康,C,制造业,CA,食品、饮料、烟草,15,酒、饮料和精制茶制造业
SH605389,长龄液压,C,制造业,CG,专用、通用及交通运输设备,34,通用设备制造业
SH605398,新炬网络,I,信息传输、软件和信息技术服务业,,,65,软件和信息技术服务业
SH605399,晨光新材,C,制造业,CE,石油、化学、生物医药,26,化学原料和化学制品制造业
SH605488,福莱新材,C,制造业,CE,石油、化学、生物医药,29,橡胶和塑料制品业
SH605499,东鹏饮料,C,制造业,CA,食品、饮料、烟草,15,酒、饮料和精制茶制造业
SH605500,森林包装,C,制造业,CD,造纸、印刷、文教,22,造纸和纸制品业
SH605507,国邦医药,C,制造业,CE,石油、化学、生物医药,27,医药制造业
SH605555,德昌股份,C,制造业,CH,电气、电子及通讯,38,电气机械和器材制造业
SH605566,福莱蒽特,C,制造业,CE,石油、化学、生物医药,26,化学原料和化学制品制造业
SH605567,春雪食品,C,制造业,CA,食品、饮料、烟草,13,农副食品加工业
SH605577,龙版传媒,R,文化、体育和娱乐业,,,86,新闻和出版业
SH605580,恒盛能源,D,电力、热力、燃气及水生产和供应业,,,44,电力、热力生产和供应业
SH605588,冠石科技,C,制造业,CH,电气、电子及通讯,39,计算机、通信和其他电子设备制造业
SH605589,圣泉集团,C,制造业,CE,石油、化学、生物医药,26,化学原料和化学制品制造业
SH605598,上海港湾,E,建筑业,,,48,土木工程建筑业
SH605599,菜百股份,F,批发和零售业,,,52,零售业
SH688001,华兴源创,C,制造业,CG,专用、通用及交通运输设备,35,专用设备制造业
SH688002,睿创微纳,C,制造业,CH,电气、电子及通讯,39,计算机、通信和其他电子设备制造业
SH688003,天准科技,C,制造业,CG,专用、通用及交通运输设备,35,专用设备制造业
SH688004,博汇科技,I,信息传输、软件和信息技术服务业,,,65,软件和信息技术服务业
SH688005,容百科技,C,制造业,CH,电气、电子及通讯,39,计算机、通信和其他电子设备制造业
SH688006,杭可科技,C,制造业,CG,专用、通用及交通运输设备,35,专用设备制造业
SH688007,光峰科技,C,制造业,CH,电气、电子及通讯,39,计算机、通信和其他电子设备制造业
SH688008,澜起科技,C,制造业,CH,电气、电子及通讯,39,计算机、通信和其他电子设备制造业
SH688009,中国通号,C,制造业,CG,专用、通用及交通运输设备,37,铁路、船舶、航空航天和其他运输设备制造业
SH688010,福光股份,C,制造业,CI,仪器、仪表,40,仪器仪表制造业
SH688011,新光光电,C,制造业,CH,电气、电子及通讯,39,计算机、通信和其他电子设备制造业
SH688012,中微公司,C,制造业,CG,专用、通用及交通运输设备,35,专用设备制造业
SH688013,天臣医疗,C,制造业,CG,专用、通用及交通运输设备,35,专用设备制造业
SH688015,交控科技,C,制造业,CG,专用、通用及交通运输设备,37,铁路、船舶、航空航天和其他运输设备制造业
SH688016,心脉医疗,C,制造业,CG,专用、通用及交通运输设备,35,专用设备制造业
SH688017,绿的谐波,C,制造业,CG,专用、通用及交通运输设备,34,通用设备制造业
SH688018,乐鑫科技,I,信息传输、软件和信息技术服务业,,,65,软件和信息技术服务业
SH688019,安集科技,C,制造业,CH,电气、电子及通讯,39,计算机、通信和其他电子设备制造业
SH688020,方邦股份,C,制造业,CH,电气、电子及通讯,39,计算机、通信和其他电子设备制造业
SH688021,奥福科技,C,制造业,CG,专用、通用及交通运输设备,35,专用设备制造业
SH688022,瀚川智能,C,制造业,CG,专用、通用及交通运输设备,35,专用设备制造业
SH688023,安恒信息,I,信息传输、软件和信息技术服务业,,,65,软件和信息技术服务业
SH688025,杰普特,C,制造业,CH,电气、电子及通讯,39,计算机、通信和其他电子设备制造业
SH688026,洁特生物,C,制造业,CE,石油、化学、生物医药,29,橡胶和塑料制品业
SH688027,国盾量子,C,制造业,CH,电气、电子及通讯,39,计算机、通信和其他电子设备制造业
SH688028,沃尔德,C,制造业,CG,专用、通用及交通运输设备,34,通用设备制造业
SH688029,南微医学,C,制造业,CG,专用、通用及交通运输设备,35,专用设备制造业
SH688030,山石网科,I,信息传输、软件和信息技术服务业,,,65,软件和信息技术服务业
SH688031,星环科技-U,I,信息传输、软件和信息技术服务业,,,65,软件和信息技术服务业
SH688032,禾迈股份,C,制造业,CH,电气、电子及通讯,38,电气机械和器材制造业
SH688033,天宜新材,C,制造业,CF,金属、非金属,30,非金属矿物制品业
SH688035,德邦科技,C,制造业,CH,电气、电子及通讯,39,计算机、通信和其他电子设备制造业
SH688036,传音控股,C,制造业,CH,电气、电子及通讯,39,计算机、通信和其他电子设备制造业
SH688037,芯源微,C,制造业,CG,专用、通用及交通运输设备,35,专用设备制造业
SH688038,中科通达,I,信息传输、软件和信息技术服务业,,,65,软件和信息技术服务业
SH688039,当虹科技,I,信息传输、软件和信息技术服务业,,,65,软件和信息技术服务业
SH688041,海光信息,C,制造业,CH,电气、电子及通讯,39,计算机、通信和其他电子设备制造业
SH688045,必易微,I,信息传输、软件和信息技术服务业,,,65,软件和信息技术服务业
SH688046,药康生物,M,科学研究和技术服务业,,,73,研究和试验发展
SH688047,龙芯中科,C,制造业,CH,电气、电子及通讯,39,计算机、通信和其他电子设备制造业
SH688048,长光华芯,C,制造业,CH,电气、电子及通讯,39,计算机、通信和其他电子设备制造业
SH688049,炬芯科技,C,制造业,CH,电气、电子及通讯,39,计算机、通信和其他电子设备制造业
SH688050,爱博医疗,C,制造业,CG,专用、通用及交通运输设备,35,专用设备制造业
SH688051,佳华科技,I,信息传输、软件和信息技术服务业,,,65,软件和信息技术服务业
SH688052,纳芯微,I,信息传输、软件和信息技术服务业,,,65,软件和信息技术服务业
SH688053,ST思科瑞,M,科学研究和技术服务业,,,74,专业技术服务业
SH688055,龙腾光电,C,制造业,CH,电气、电子及通讯,39,计算机、通信和其他电子设备制造业
SH688056,莱伯泰科,C,制造业,CI,仪器、仪表,40,仪器仪表制造业
SH688057,金达莱,N,水利、环境和公共设施管理业,,,77,生态保护和环境治理业
SH688058,宝兰德,I,信息传输、软件和信息技术服务业,,,65,软件和信息技术服务业
SH688059,华锐精密,C,制造业,CF,金属、非金属,33,金属制品业
SH688060,云涌科技,I,信息传输、软件和信息技术服务业,,,65,软件和信息技术服务业
SH688061,灿瑞科技,I,信息传输、软件和信息技术服务业,,,65,软件和信息技术服务业
SH688062,迈威生物-U,C,制造业,CE,石油、化学、生物医药,27,医药制造业
SH688063,派能科技,C,制造业,CH,电气、电子及通讯,38,电气机械和器材制造业
SH688065,凯赛生物,C,制造业,CE,石油、化学、生物医药,28,化学纤维制造业
SH688066,航天宏图,I,信息传输、软件和信息技术服务业,,,65,软件和信息技术服务业
SH688067,爱威科技,C,制造业,CE,石油、化学、生物医药,27,医药制造业
SH688068,热景生物,C,制造业,CE,石油、化学、生物医药,27,医药制造业
SH688069,德林海,N,水利、环境和公共设施管理业,,,77,生态保护和环境治理业
SH688070,纵横股份,C,制造业,CG,专用、通用及交通运输设备,37,铁路、船舶、航空航天和其他运输设备制造业
SH688071,华依科技,C,制造业,CG,专用、通用及交通运输设备,35,专用设备制造业
SH688072,拓荆科技,C,制造业,CG,专用、通用及交通运输设备,35,专用设备制造业
SH688073,毕得医药,M,科学研究和技术服务业,,,73,研究和试验发展
SH688075,安旭生物,C,制造业,CE,石油、化学、生物医药,27,医药制造业
SH688076,ST诺泰,C,制造业,CE,石油、化学、生物医药,27,医药制造业
SH688077,大地熊,C,制造业,CF,金属、非金属,30,非金属矿物制品业
SH688078,龙软科技,I,信息传输、软件和信息技术服务业,,,65,软件和信息技术服务业
SH688079,美迪凯,C,制造业,CH,电气、电子及通讯,39,计算机、通信和其他电子设备制造业
SH688080,映翰通,C,制造业,CH,电气、电子及通讯,39,计算机、通信和其他电子设备制造业
SH688081,兴图新科,C,制造业,CH,电气、电子及通讯,39,计算机、通信和其他电子设备制造业
SH688082,盛美上海,C,制造业,CG,专用、通用及交通运输设备,35,专用设备制造业
SH688083,中望软件,I,信息传输、软件和信息技术服务业,,,65,软件和信息技术服务业
SH688084,晶品特装,C,制造业,CG,专用、通用及交通运输设备,35,专用设备制造业
SH688085,三友医疗,C,制造业,CG,专用、通用及交通运输设备,35,专用设备制造业
SH688087,英科再生,C,制造业,CJ,其他制造业,42,废弃资源综合利用业
SH688088,虹软科技,I,信息传输、软件和信息技术服务业,,,65,软件和信息技术服务业
SH688089,嘉必优,C,制造业,CA,食品、饮料、烟草,14,食品制造业
SH688090,瑞松科技,C,制造业,CG,专用、通用及交通运输设备,34,通用设备制造业
SH688091,上海谊众,C,制造业,CE,石油、化学、生物医药,27,医药制造业
SH688092,爱科科技,C,制造业,CG,专用、通用及交通运输设备,34,通用设备制造业
SH688093,世华科技,C,制造业,CH,电气、电子及通讯,39,计算机、通信和其他电子设备制造业
SH688095,福昕软件,I,信息传输、软件和信息技术服务业,,,65,软件和信息技术服务业
SH688096,京源环保,C,制造业,CG,专用、通用及交通运输设备,35,专用设备制造业
SH688097,博众精工,C,制造业,CG,专用、通用及交通运输设备,35,专用设备制造业
SH688098,申联生物,C,制造业,CE,石油、化学、生物医药,27,医药制造业
SH688099,晶晨股份,I,信息传输、软件和信息技术服务业,,,65,软件和信息技术服务业
SH688100,威胜信息,C,制造业,CH,电气、电子及通讯,39,计算机、通信和其他电子设备制造业
SH688101,三达膜,C,制造业,CG,专用、通用及交通运输设备,35,专用设备制造业
SH688102,斯瑞新材,C,制造业,CF,金属、非金属,32,有色金属冶炼和压延加工业
SH688103,国力电子,C,制造业,CH,电气、电子及通讯,39,计算机、通信和其他电子设备制造业
SH688105,诺唯赞,M,科学研究和技术服务业,,,73,研究和试验发展
SH688106,金宏气体,C,制造业,CE,石油、化学、生物医药,26,化学原料和化学制品制造业
SH688107,安路科技,C,制造业,CH,电气、电子及通讯,39,计算机、通信和其他电子设备制造业
SH688108,赛诺医疗,C,制造业,CG,专用、通用及交通运输设备,35,专用设备制造业
SH688109,品茗科技,I,信息传输、软件和信息技术服务业,,,65,软件和信息技术服务业
SH688110,东芯股份,C,制造业,CH,电气、电子及通讯,39,计算机、通信和其他电子设备制造业
SH688111,金山办公,I,信息传输、软件和信息技术服务业,,,65,软件和信息技术服务业
SH688112,鼎阳科技,C,制造业,CI,仪器、仪表,40,仪器仪表制造业
SH688113,联测科技,C,制造业,CG,专用、通用及交通运输设备,35,专用设备制造业
SH688114,华大智造,C,制造业,CG,专用、通用及交通运输设备,35,专用设备制造业
SH688115,思林杰,C,制造业,CI,仪器、仪表,40,仪器仪表制造业
SH688116,天奈科技,C,制造业,CE,石油、化学、生物医药,26,化学原料和化学制品制造业
SH688117,圣诺生物,C,制造业,CE,石油、化学、生物医药,27,医药制造业
SH688118,普元信息,I,信息传输、软件和信息技术服务业,,,65,软件和信息技术服务业
SH688119,中钢洛耐,C,制造业,CF,金属、非金属,30,非金属矿物制品业
SH688120,华海清科,C,制造业,CG,专用、通用及交通运输设备,35,专用设备制造业
SH688121,卓然股份,C,制造业,CG,专用、通用及交通运输设备,35,专用设备制造业
SH688122,西部超导,C,制造业,CF,金属、非金属,32,有色金属冶炼和压延加工业
SH688123,聚辰股份,C,制造业,CH,电气、电子及通讯,39,计算机、通信和其他电子设备制造业
SH688125,安达智能,C,制造业,CG,专用、通用及交通运输设备,35,专用设备制造业
SH688126,沪硅产业,C,制造业,CH,电气、电子及通讯,39,计算机、通信和其他电子设备制造业
SH688127,蓝特光学,C,制造业,CI,仪器、仪表,40,仪器仪表制造业
SH688128,中国电研,C,制造业,CG,专用、通用及交通运输设备,35,专用设备制造业
SH688129,东来技术,C,制造业,CE,石油、化学、生物医药,26,化学原料和化学制品制造业
SH688130,晶华微,I,信息传输、软件和信息技术服务业,,,65,软件和信息技术服务业
SH688131,皓元医药,M,科学研究和技术服务业,,,73,研究和试验发展
SH688132,邦彦技术,C,制造业,CH,电气、电子及通讯,39,计算机、通信和其他电子设备制造业
SH688133,泰坦科技,M,科学研究和技术服务业,,,73,研究和试验发展
SH688135,利扬芯片,C,制造业,CH,电气、电子及通讯,39,计算机、通信和其他电子设备制造业
SH688136,科兴制药,C,制造业,CE,石油、化学、生物医药,27,医药制造业
SH688137,近岸蛋白,M,科学研究和技术服务业,,,73,研究和试验发展
SH688138,清溢光电,C,制造业,CH,电气、电子及通讯,39,计算机、通信和其他电子设备制造业
SH688139,海尔生物,C,制造业,CG,专用、通用及交通运输设备,35,专用设备制造业
SH688141,杰华特,I,信息传输、软件和信息技术服务业,,,65,软件和信息技术服务业
SH688143,长盈通,C,制造业,CH,电气、电子及通讯,39,计算机、通信和其他电子设备制造业
SH688146,中船特气,C,制造业,CH,电气、电子及通讯,39,计算机、通信和其他电子设备制造业
SH688147,微导纳米,C,制造业,CG,专用、通用及交通运输设备,35,专用设备制造业
SH688148,芳源股份,C,制造业,CH,电气、电子及通讯,39,计算机、通信和其他电子设备制造业
SH688150,莱特光电,C,制造业,CH,电气、电子及通讯,39,计算机、通信和其他电子设备制造业
SH688151,华强科技,C,制造业,CE,石油、化学、生物医药,27,医药制造业
SH688152,麒麟信安,I,信息传输、软件和信息技术服务业,,,65,软件和信息技术服务业
SH688153,唯捷创芯,C,制造业,CH,电气、电子及通讯,39,计算机、通信和其他电子设备制造业
SH688155,先惠技术,C,制造业,CG,专用、通用及交通运输设备,35,专用设备制造业
SH688156,路德环境,N,水利、环境和公共设施管理业,,,77,生态保护和环境治理业
SH688157,松井股份,C,制造业,CE,石油、化学、生物医药,26,化学原料和化学制品制造业
SH688158,优刻得-W,I,信息传输、软件和信息技术服务业,,,64,互联网和相关服务
SH688159,有方科技,C,制造业,CH,电气、电子及通讯,39,计算机、通信和其他电子设备制造业
SH688160,步科股份,C,制造业,CI,仪器、仪表,40,仪器仪表制造业
SH688161,威高骨科,C,制造业,CG,专用、通用及交通运输设备,35,专用设备制造业
SH688162,巨一科技,C,制造业,CG,专用、通用及交通运输设备,35,专用设备制造业
SH688163,赛伦生物,C,制造业,CE,石油、化学、生物医药,27,医药制造业
SH688165,埃夫特-U,C,制造业,CG,专用、通用及交通运输设备,34,通用设备制造业
SH688166,博瑞医药,C,制造业,CE,石油、化学、生物医药,27,医药制造业
SH688167,炬光科技,C,制造业,CH,电气、电子及通讯,39,计算机、通信和其他电子设备制造业
SH688168,安博通,I,信息传输、软件和信息技术服务业,,,65,软件和信息技术服务业
SH688169,石头科技,C,制造业,CH,电气、电子及通讯,39,计算机、通信和其他电子设备制造业
SH688170,德龙激光,C,制造业,CG,专用、通用及交通运输设备,35,专用设备制造业
SH688171,纬德信息,I,信息传输、软件和信息技术服务业,,,65,软件和信息技术服务业
SH688172,燕东微,C,制造业,CH,电气、电子及通讯,39,计算机、通信和其他电子设备制造业
SH688173,希荻微,I,信息传输、软件和信息技术服务业,,,65,软件和信息技术服务业
SH688175,高凌信息,C,制造业,CH,电气、电子及通讯,39,计算机、通信和其他电子设备制造业
SH688176,亚虹医药-U,C,制造业,CE,石油、化学、生物医药,27,医药制造业
SH688177,百奥泰,C,制造业,CE,石油、化学、生物医药,27,医药制造业
SH688178,万德斯,N,水利、环境和公共设施管理业,,,77,生态保护和环境治理业
SH688179,阿拉丁,M,科学研究和技术服务业,,,73,研究和试验发展
SH688180,君实生物-U,C,制造业,CE,石油、化学、生物医药,27,医药制造业
SH688181,八亿时空,C,制造业,CH,电气、电子及通讯,39,计算机、通信和其他电子设备制造业
SH688182,灿勤科技,C,制造业,CH,电气、电子及通讯,39,计算机、通信和其他电子设备制造业
SH688183,生益电子,C,制造业,CH,电气、电子及通讯,39,计算机、通信和其他电子设备制造业
SH688184,ST帕瓦,C,制造业,CH,电气、电子及通讯,39,计算机、通信和其他电子设备制造业
SH688185,康希诺,C,制造业,CE,石油、化学、生物医药,27,医药制造业
SH688186,广大特材,C,制造业,CG,专用、通用及交通运输设备,34,通用设备制造业
SH688187,时代电气,C,制造业,CG,专用、通用及交通运输设备,37,铁路、船舶、航空航天和其他运输设备制造业
SH688188,柏楚电子,I,信息传输、软件和信息技术服务业,,,65,软件和信息技术服务业
SH688189,南新制药,C,制造业,CE,石油、化学、生物医药,27,医药制造业
SH688190,云路股份,C,制造业,CF,金属、非金属,31,黑色金属冶炼和压延加工业
SH688191,智洋创新,I,信息传输、软件和信息技术服务业,,,65,软件和信息技术服务业
SH688192,迪哲医药-U,C,制造业,CE,石油、化学、生物医药,27,医药制造业
SH688193,仁度生物,C,制造业,CE,石油、化学、生物医药,27,医药制造业
SH688195,腾景科技,C,制造业,CH,电气、电子及通讯,39,计算机、通信和其他电子设备制造业
SH688196,卓越新能,C,制造业,CJ,其他制造业,42,废弃资源综合利用业
SH688197,首药控股-U,C,制造业,CE,石油、化学、生物医药,27,医药制造业
SH688198,佰仁医疗,C,制造业,CG,专用、通用及交通运输设备,35,专用设备制造业
SH688199,久日新材,C,制造业,CE,石油、化学、生物医药,26,化学原料和化学制品制造业
SH688200,华峰测控,C,制造业,CG,专用、通用及交通运输设备,35,专用设备制造业
SH688201,信安世纪,I,信息传输、软件和信息技术服务业,,,65,软件和信息技术服务业
SH688202,美迪西,M,科学研究和技术服务业,,,73,研究和试验发展
SH688203,海正生材,C,制造业,CE,石油、化学、生物医药,28,化学纤维制造业
SH688205,德科立,C,制造业,CH,电气、电子及通讯,39,计算机、通信和其他电子设备制造业
SH688206,概伦电子,I,信息传输、软件和信息技术服务业,,,65,软件和信息技术服务业
SH688207,格灵深瞳,I,信息传输、软件和信息技术服务业,,,65,软件和信息技术服务业
SH688208,道通科技,C,制造业,CH,电气、电子及通讯,39,计算机、通信和其他电子设备制造业
SH688209,英集芯,C,制造业,CH,电气、电子及通讯,39,计算机、通信和其他电子设备制造业
SH688210,统联精密,C,制造业,CH,电气、电子及通讯,39,计算机、通信和其他电子设备制造业
SH688211,中科微至,C,制造业,CG,专用、通用及交通运输设备,34,通用设备制造业
SH688212,澳华内镜,C,制造业,CG,专用、通用及交通运输设备,35,专用设备制造业
SH688213,思特威-W,I,信息传输、软件和信息技术服务业,,,65,软件和信息技术服务业
SH688215,瑞晟智能,C,制造业,CG,专用、通用及交通运输设备,35,专用设备制造业
SH688216,气派科技,C,制造业,CH,电气、电子及通讯,39,计算机、通信和其他电子设备制造业
SH688217,睿昂基因,C,制造业,CE,石油、化学、生物医药,27,医药制造业
SH688218,江苏北人,C,制造业,CG,专用、通用及交通运输设备,34,通用设备制造业
SH688219,会通股份,C,制造业,CE,石油、化学、生物医药,29,橡胶和塑料制品业
SH688220,翱捷科技-U,C,制造业,CH,电气、电子及通讯,39,计算机、通信和其他电子设备制造业
SH688221,前沿生物-U,C,制造业,CE,石油、化学、生物医药,27,医药制造业
SH688222,成都先导,M,科学研究和技术服务业,,,73,研究和试验发展
SH688223,晶科能源,C,制造业,CH,电气、电子及通讯,38,电气机械和器材制造业
SH688225,亚信安全,I,信息传输、软件和信息技术服务业,,,65,软件和信息技术服务业
SH688226,威腾电气,C,制造业,CH,电气、电子及通讯,38,电气机械和器材制造业
SH688227,品高股份,I,信息传输、软件和信息技术服务业,,,65,软件和信息技术服务业
SH688228,开普云,I,信息传输、软件和信息技术服务业,,,65,软件和信息技术服务业
SH688229,博睿数据,I,信息传输、软件和信息技术服务业,,,65,软件和信息技术服务业
SH688230,芯导科技,C,制造业,CH,电气、电子及通讯,39,计算机、通信和其他电子设备制造业
SH688231,隆达股份,C,制造业,CF,金属、非金属,32,有色金属冶炼和压延加工业
SH688232,新点软件,I,信息传输、软件和信息技术服务业,,,65,软件和信息技术服务业
SH688233,神工股份,C,制造业,CH,电气、电子及通讯,39,计算机、通信和其他电子设备制造业
SH688234,天岳先进,C,制造业,CH,电气、电子及通讯,39,计算机、通信和其他电子设备制造业
SH688235,百济神州-U,C,制造业,CE,石油、化学、生物医药,27,医药制造业
SH688236,春立医疗,C,制造业,CG,专用、通用及交通运输设备,35,专用设备制造业
SH688237,超卓航科,C,制造业,CG,专用、通用及交通运输设备,37,铁路、船舶、航空航天和其他运输设备制造业
SH688238,和元生物,M,科学研究和技术服务业,,,73,研究和试验发展
SH688239,航宇科技,C,制造业,CG,专用、通用及交通运输设备,37,铁路、船舶、航空航天和其他运输设备制造业
SH688244,永信至诚,I,信息传输、软件和信息技术服务业,,,65,软件和信息技术服务业
SH688246,嘉和美康,I,信息传输、软件和信息技术服务业,,,65,软件和信息技术服务业
SH688247,宣泰医药,C,制造业,CE,石油、化学、生物医药,27,医药制造业
SH688248,南网科技,M,科学研究和技术服务业,,,74,专业技术服务业
SH688249,晶合集成,C,制造业,CH,电气、电子及通讯,39,计算机、通信和其他电子设备制造业
SH688251,井松智能,C,制造业,CG,专用、通用及交通运输设备,34,通用设备制造业
SH688252,天德钰,I,信息传输、软件和信息技术服务业,,,65,软件和信息技术服务业
SH688253,英诺特,C,制造业,CE,石油、化学、生物医药,27,医药制造业
SH688255,凯尔达,C,制造业,CG,专用、通用及交通运输设备,34,通用设备制造业
SH688256,寒武纪-U,I,信息传输、软件和信息技术服务业,,,65,软件和信息技术服务业
SH688257,新锐股份,C,制造业,CF,金属、非金属,32,有色金属冶炼和压延加工业
SH688258,卓易信息,I,信息传输、软件和信息技术服务业,,,65,软件和信息技术服务业
SH688259,创耀科技,I,信息传输、软件和信息技术服务业,,,65,软件和信息技术服务业
SH688260,昀冢科技,C,制造业,CH,电气、电子及通讯,39,计算机、通信和其他电子设备制造业
SH688261,东微半导,C,制造业,CH,电气、电子及通讯,39,计算机、通信和其他电子设备制造业
SH688262,国芯科技,I,信息传输、软件和信息技术服务业,,,65,软件和信息技术服务业
SH688265,南模生物,M,科学研究和技术服务业,,,73,研究和试验发展
SH688266,泽璟制药-U,C,制造业,CE,石油、化学、生物医药,27,医药制造业
SH688267,中触媒,C,制造业,CE,石油、化学、生物医药,26,化学原料和化学制品制造业
SH688268,华特气体,C,制造业,CH,电气、电子及通讯,39,计算机、通信和其他电子设备制造业
SH688269,凯立新材,C,制造业,CE,石油、化学、生物医药,26,化学原料和化学制品制造业
SH688270,臻镭科技,C,制造业,CH,电气、电子及通讯,39,计算机、通信和其他电子设备制造业
SH688271,联影医疗,C,制造业,CG,专用、通用及交通运输设备,35,专用设备制造业
SH688272,富吉瑞,C,制造业,CH,电气、电子及通讯,39,计算机、通信和其他电子设备制造业
SH688273,麦澜德,C,制造业,CG,专用、通用及交通运输设备,35,专用设备制造业
SH688275,万润新能,C,制造业,CH,电气、电子及通讯,39,计算机、通信和其他电子设备制造业
SH688276,百克生物,C,制造业,CE,石油、化学、生物医药,27,医药制造业
SH688277,天智航-U,C,制造业,CG,专用、通用及交通运输设备,35,专用设备制造业
SH688278,特宝生物,C,制造业,CE,石油、化学、生物医药,27,医药制造业
SH688279,峰岹科技,I,信息传输、软件和信息技术服务业,,,65,软件和信息技术服务业
SH688280,精进电动-UW,C,制造业,CG,专用、通用及交通运输设备,36,汽车制造业
SH688281,华秦科技,C,制造业,CJ,其他制造业,41,其他制造业
SH688282,理工导航,C,制造业,CH,电气、电子及通讯,39,计算机、通信和其他电子设备制造业
SH688283,坤恒顺维,C,制造业,CI,仪器、仪表,40,仪器仪表制造业
SH688285,高铁电气,C,制造业,CG,专用、通用及交通运输设备,37,铁路、船舶、航空航天和其他运输设备制造业
SH688286,敏芯股份,C,制造业,CH,电气、电子及通讯,39,计算机、通信和其他电子设备制造业
SH688287,*ST观典,C,制造业,CG,专用、通用及交通运输设备,37,铁路、船舶、航空航天和其他运输设备制造业
SH688288,鸿泉物联,C,制造业,CH,电气、电子及通讯,39,计算机、通信和其他电子设备制造业
SH688289,圣湘生物,C,制造业,CE,石油、化学、生物医药,27,医药制造业
SH688290,景业智能,C,制造业,CG,专用、通用及交通运输设备,35,专用设备制造业
SH688291,金橙子,I,信息传输、软件和信息技术服务业,,,65,软件和信息技术服务业
SH688292,浩瀚深度,I,信息传输、软件和信息技术服务业,,,65,软件和信息技术服务业
SH688293,奥浦迈,M,科学研究和技术服务业,,,73,研究和试验发展
SH688295,中复神鹰,C,制造业,CE,石油、化学、生物医药,28,化学纤维制造业
SH688296,和达科技,I,信息传输、软件和信息技术服务业,,,65,软件和信息技术服务业
SH688297,中无人机,C,制造业,CG,专用、通用及交通运输设备,37,铁路、船舶、航空航天和其他运输设备制造业
SH688298,东方生物,C,制造业,CE,石油、化学、生物医药,27,医药制造业
SH688299,长阳科技,C,制造业,CE,石油、化学、生物医药,29,橡胶和塑料制品业
SH688300,联瑞新材,C,制造业,CH,电气、电子及通讯,39,计算机、通信和其他电子设备制造业
SH688301,奕瑞科技,C,制造业,CG,专用、通用及交通运输设备,35,专用设备制造业
SH688302,海创药业-U,C,制造业,CE,石油、化学、生物医药,27,医药制造业
SH688303,大全能源,C,制造业,CH,电气、电子及通讯,38,电气机械和器材制造业
SH688305,科德数控,C,制造业,CG,专用、通用及交通运输设备,34,通用设备制造业
SH688306,均普智能,C,制造业,CG,专用、通用及交通运输设备,35,专用设备制造业
SH688307,中润光学,C,制造业,CH,电气、电子及通讯,39,计算机、通信和其他电子设备制造业
SH688308,欧科亿,C,制造业,CF,金属、非金属,33,金属制品业
SH688309,恒誉环保,C,制造业,CG,专用、通用及交通运输设备,35,专用设备制造业
SH688310,迈得医疗,C,制造业,CG,专用、通用及交通运输设备,35,专用设备制造业
SH688311,盟升电子,C,制造业,CH,电气、电子及通讯,39,计算机、通信和其他电子设备制造业
SH688312,燕麦科技,C,制造业,CG,专用、通用及交通运输设备,35,专用设备制造业
SH688313,仕佳光子,C,制造业,CH,电气、电子及通讯,39,计算机、通信和其他电子设备制造业
SH688314,康拓医疗,C,制造业,CG,专用、通用及交通运输设备,35,专用设备制造业
SH688315,诺禾致源,M,科学研究和技术服务业,,,73,研究和试验发展
SH688316,青云科技-U,I,信息传输、软件和信息技术服务业,,,64,互联网和相关服务
SH688317,之江生物,C,制造业,CE,石油、化学、生物医药,27,医药制造业
SH688318,财富趋势,I,信息传输、软件和信息技术服务业,,,65,软件和信息技术服务业
SH688319,欧林生物,C,制造业,CE,石油、化学、生物医药,27,医药制造业
SH688320,禾川科技,C,制造业,CI,仪器、仪表,40,仪器仪表制造业
SH688321,微芯生物,C,制造业,CE,石油、化学、生物医药,27,医药制造业
SH688322,奥比中光-UW,C,制造业,CH,电气、电子及通讯,39,计算机、通信和其他电子设备制造业
SH688323,瑞华泰,C,制造业,CE,石油、化学、生物医药,29,橡胶和塑料制品业
SH688325,赛微微电,I,信息传输、软件和信息技术服务业,,,65,软件和信息技术服务业
SH688326,经纬恒润-W,C,制造业,CH,电气、电子及通讯,39,计算机、通信和其他电子设备制造业
SH688327,云从科技-UW,I,信息传输、软件和信息技术服务业,,,65,软件和信息技术服务业
SH688328,深科达,C,制造业,CG,专用、通用及交通运输设备,35,专用设备制造业
SH688329,艾隆科技,C,制造业,CG,专用、通用及交通运输设备,35,专用设备制造业
SH688330,宏力达,C,制造业,CH,电气、电子及通讯,38,电气机械和器材制造业
SH688331,荣昌生物,C,制造业,CE,石油、化学、生物医药,27,医药制造业
SH688332,中科蓝讯,C,制造业,CH,电气、电子及通讯,39,计算机、通信和其他电子设备制造业
SH688333,铂力特,C,制造业,CG,专用、通用及交通运输设备,34,通用设备制造业
SH688334,西高院,M,科学研究和技术服务业,,,74,专业技术服务业
SH688335,复洁环保,C,制造业,CG,专用、通用及交通运输设备,35,专用设备制造业
SH688336,三生国健,C,制造业,CE,石油、化学、生物医药,27,医药制造业
SH688337,普源精电,C,制造业,CI,仪器、仪表,40,仪器仪表制造业
SH688338,赛科希德,C,制造业,CE,石油、化学、生物医药,27,医药制造业
SH688339,亿华通-U,C,制造业,CH,电气、电子及通讯,38,电气机械和器材制造业
SH688343,云天励飞-U,I,信息传输、软件和信息技术服务业,,,65,软件和信息技术服务业
SH688345,博力威,C,制造业,CH,电气、电子及通讯,38,电气机械和器材制造业
SH688347,华虹公司,C,制造业,CH,电气、电子及通讯,39,计算机、通信和其他电子设备制造业
SH688348,昱能科技,C,制造业,CH,电气、电子及通讯,38,电气机械和器材制造业
SH688349,三一重能,C,制造业,CH,电气、电子及通讯,38,电气机械和器材制造业
SH688350,富淼科技,C,制造业,CE,石油、化学、生物医药,26,化学原料和化学制品制造业
SH688351,微电生理,C,制造业,CG,专用、通用及交通运输设备,35,专用设备制造业
SH688352,颀中科技,C,制造业,CH,电气、电子及通讯,39,计算机、通信和其他电子设备制造业
SH688353,华盛锂电,C,制造业,CE,石油、化学、生物医药,26,化学原料和化学制品制造业
SH688355,明志科技,C,制造业,CF,金属、非金属,33,金属制品业
SH688356,键凯科技,C,制造业,CE,石油、化学、生物医药,26,化学原料和化学制品制造业
SH688357,建龙微纳,C,制造业,CE,石油、化学、生物医药,26,化学原料和化学制品制造业
SH688358,祥生医疗,C,制造业,CG,专用、通用及交通运输设备,35,专用设备制造业
SH688359,三孚新科,C,制造业,CE,石油、化学、生物医药,26,化学原料和化学制品制造业
SH688360,德马科技,C,制造业,CG,专用、通用及交通运输设备,34,通用设备制造业
SH688361,中科飞测,C,制造业,CG,专用、通用及交通运输设备,35,专用设备制造业
SH688362,甬矽电子,C,制造业,CH,电气、电子及通讯,39,计算机、通信和其他电子设备制造业
SH688363,华熙生物,C,制造业,CE,石油、化学、生物医药,26,化学原料和化学制品制造业
SH688365,光云科技,I,信息传输、软件和信息技术服务业,,,65,软件和信息技术服务业
SH688366,昊海生科,C,制造业,CG,专用、通用及交通运输设备,35,专用设备制造业
SH688367,工大高科,C,制造业,CG,专用、通用及交通运输设备,37,铁路、船舶、航空航天和其他运输设备制造业
SH688368,晶丰明源,I,信息传输、软件和信息技术服务业,,,65,软件和信息技术服务业
SH688369,致远互联,I,信息传输、软件和信息技术服务业,,,65,软件和信息技术服务业
SH688370,丛麟科技,N,水利、环境和公共设施管理业,,,77,生态保护和环境治理业
SH688371,菲沃泰,C,制造业,CH,电气、电子及通讯,39,计算机、通信和其他电子设备制造业
SH688372,伟测科技,M,科学研究和技术服务业,,,74,专业技术服务业
SH688373,盟科药业-U,C,制造业,CE,石油、化学、生物医药,27,医药制造业
SH688375,国博电子,C,制造业,CH,电气、电子及通讯,39,计算机、通信和其他电子设备制造业
SH688376,美埃科技,C,制造业,CG,专用、通用及交通运输设备,35,专用设备制造业
SH688377,迪威尔,C,制造业,CG,专用、通用及交通运输设备,35,专用设备制造业
SH688378,奥来德,C,制造业,CH,电气、电子及通讯,39,计算机、通信和其他电子设备制造业
SH688379,华光新材,C,制造业,CF,金属、非金属,33,金属制品业
SH688380,中微半导,C,制造业,CH,电气、电子及通讯,39,计算机、通信和其他电子设备制造业
SH688381,帝奥微,C,制造业,CH,电气、电子及通讯,39,计算机、通信和其他电子设备制造业
SH688382,益方生物-U,C,制造业,CE,石油、化学、生物医药,27,医药制造业
SH688383,新益昌,C,制造业,CG,专用、通用及交通运输设备,35,专用设备制造业
SH688385,复旦微电,C,制造业,CH,电气、电子及通讯,39,计算机、通信和其他电子设备制造业
SH688386,泛亚微透,C,制造业,CE,石油、化学、生物医药,29,橡胶和塑料制品业
SH688387,信科移动-U,C,制造业,CH,电气、电子及通讯,39,计算机、通信和其他电子设备制造业
SH688388,嘉元科技,C,制造业,CH,电气、电子及通讯,39,计算机、通信和其他电子设备制造业
SH688389,普门科技,C,制造业,CG,专用、通用及交通运输设备,35,专用设备制造业
SH688390,固德威,C,制造业,CH,电气、电子及通讯,38,电气机械和器材制造业
SH688391,钜泉科技,I,信息传输、软件和信息技术服务业,,,65,软件和信息技术服务业
SH688392,骄成超声,C,制造业,CG,专用、通用及交通运输设备,35,专用设备制造业
SH688393,安必平,C,制造业,CE,石油、化学、生物医药,27,医药制造业
SH688395,正弦电气,C,制造业,CH,电气、电子及通讯,38,电气机械和器材制造业
SH688396,华润微,C,制造业,CH,电气、电子及通讯,39,计算机、通信和其他电子设备制造业
SH688398,赛特新材,C,制造业,CF,金属、非金属,30,非金属矿物制品业
SH688399,硕世生物,C,制造业,CE,石油、化学、生物医药,27,医药制造业
SH688400,凌云光,C,制造业,CH,电气、电子及通讯,39,计算机、通信和其他电子设备制造业
SH688401,路维光电,C,制造业,CH,电气、电子及通讯,39,计算机、通信和其他电子设备制造业
SH688403,汇成股份,C,制造业,CH,电气、电子及通讯,39,计算机、通信和其他电子设备制造业
SH688408,中信博,C,制造业,CH,电气、电子及通讯,38,电气机械和器材制造业
SH688409,富创精密,C,制造业,CG,专用、通用及交通运输设备,34,通用设备制造业
SH688410,山外山,C,制造业,CG,专用、通用及交通运输设备,35,专用设备制造业
SH688411,海博思创,C,制造业,CH,电气、电子及通讯,38,电气机械和器材制造业
SH688416,恒烁股份,C,制造业,CH,电气、电子及通讯,39,计算机、通信和其他电子设备制造业
SH688418,震有科技,C,制造业,CH,电气、电子及通讯,39,计算机、通信和其他电子设备制造业
SH688419,耐科装备,C,制造业,CG,专用、通用及交通运输设备,35,专用设备制造业
SH688420,美腾科技,C,制造业,CG,专用、通用及交通运输设备,35,专用设备制造业
SH688425,铁建重工,C,制造业,CG,专用、通用及交通运输设备,35,专用设备制造业
SH688426,康为世纪,C,制造业,CE,石油、化学、生物医药,27,医药制造业
SH688428,诺诚健华-U,C,制造业,CE,石油、化学、生物医药,27,医药制造业
SH688429,时创能源,C,制造业,CH,电气、电子及通讯,38,电气机械和器材制造业
SH688432,有研硅,C,制造业,CH,电气、电子及通讯,39,计算机、通信和其他电子设备制造业
SH688433,华曙高科,C,制造业,CG,专用、通用及交通运输设备,34,通用设备制造业
SH688435,英方软件,I,信息传输、软件和信息技术服务业,,,65,软件和信息技术服务业
SH688439,振华风光,C,制造业,CH,电气、电子及通讯,39,计算机、通信和其他电子设备制造业
SH688443,智翔金泰-U,C,制造业,CE,石油、化学、生物医药,27,医药制造业
SH688448,磁谷科技,C,制造业,CG,专用、通用及交通运输设备,34,通用设备制造业
SH688449,联芸科技,I,信息传输、软件和信息技术服务业,,,65,软件和信息技术服务业
SH688450,光格科技,C,制造业,CH,电气、电子及通讯,39,计算机、通信和其他电子设备制造业
SH688455,科捷智能,C,制造业,CG,专用、通用及交通运输设备,34,通用设备制造业
SH688456,有研粉材,C,制造业,CF,金属、非金属,33,金属制品业
SH688458,美芯晟,C,制造业,CH,电气、电子及通讯,39,计算机、通信和其他电子设备制造业
SH688459,哈铁科技,C,制造业,CG,专用、通用及交通运输设备,37,铁路、船舶、航空航天和其他运输设备制造业
SH688466,金科环境,N,水利、环境和公共设施管理业,,,77,生态保护和环境治理业
SH688468,科美诊断,C,制造业,CE,石油、化学、生物医药,27,医药制造业
SH688469,芯联集成-U,C,制造业,CH,电气、电子及通讯,39,计算机、通信和其他电子设备制造业
SH688472,阿特斯,C,制造业,CH,电气、电子及通讯,38,电气机械和器材制造业
SH688475,萤石网络,C,制造业,CH,电气、电子及通讯,39,计算机、通信和其他电子设备制造业
SH688478,晶升股份,C,制造业,CG,专用、通用及交通运输设备,35,专用设备制造业
SH688479,友车科技,I,信息传输、软件和信息技术服务业,,,65,软件和信息技术服务业
SH688480,赛恩斯,N,水利、环境和公共设施管理业,,,77,生态保护和环境治理业
SH688484,南芯科技,I,信息传输、软件和信息技术服务业,,,65,软件和信息技术服务业
SH688485,九州一轨,N,水利、环境和公共设施管理业,,,77,生态保护和环境治理业
SH688486,龙迅股份,I,信息传输、软件和信息技术服务业,,,65,软件和信息技术服务业
SH688488,艾迪药业,C,制造业,CE,石油、化学、生物医药,27,医药制造业
SH688489,三未信安,C,制造业,CH,电气、电子及通讯,39,计算机、通信和其他电子设备制造业
SH688496,清越科技,C,制造业,CH,电气、电子及通讯,39,计算机、通信和其他电子设备制造业
SH688498,源杰科技,C,制造业,CH,电气、电子及通讯,39,计算机、通信和其他电子设备制造业
SH688499,利元亨,C,制造业,CG,专用、通用及交通运输设备,35,专用设备制造业
SH688500,慧辰股份,I,信息传输、软件和信息技术服务业,,,65,软件和信息技术服务业
SH688501,青达环保,C,制造业,CG,专用、通用及交通运输设备,35,专用设备制造业
SH688502,茂莱光学,C,制造业,CI,仪器、仪表,40,仪器仪表制造业
SH688503,聚和材料,C,制造业,CH,电气、电子及通讯,38,电气机械和器材制造业
SH688505,复旦张江,C,制造业,CE,石油、化学、生物医药,27,医药制造业
SH688506,百利天恒,C,制造业,CE,石油、化学、生物医药,27,医药制造业
SH688507,索辰科技,I,信息传输、软件和信息技术服务业,,,65,软件和信息技术服务业
SH688508,芯朋微,I,信息传输、软件和信息技术服务业,,,65,软件和信息技术服务业
SH688509,正元地信,M,科学研究和技术服务业,,,74,专业技术服务业
SH688510,航亚科技,C,制造业,CG,专用、通用及交通运输设备,37,铁路、船舶、航空航天和其他运输设备制造业
SH688511,*ST天微,C,制造业,CH,电气、电子及通讯,39,计算机、通信和其他电子设备制造业
SH688512,慧智微-U,C,制造业,CH,电气、电子及通讯,39,计算机、通信和其他电子设备制造业
SH688513,苑东生物,C,制造业,CE,石油、化学、生物医药,27,医药制造业
SH688515,裕太微-U,I,信息传输、软件和信息技术服务业,,,65,软件和信息技术服务业
SH688516,奥特维,C,制造业,CG,专用、通用及交通运输设备,35,专用设备制造业
SH688517,金冠电气,C,制造业,CH,电气、电子及通讯,38,电气机械和器材制造业
SH688518,联赢激光,C,制造业,CG,专用、通用及交通运输设备,35,专用设备制造业
SH688519,南亚新材,C,制造业,CH,电气、电子及通讯,39,计算机、通信和其他电子设备制造业
SH688520,神州细胞,C,制造业,CE,石油、化学、生物医药,27,医药制造业
SH688521,芯原股份,I,信息传输、软件和信息技术服务业,,,65,软件和信息技术服务业
SH688522,纳睿雷达,C,制造业,CH,电气、电子及通讯,39,计算机、通信和其他电子设备制造业
SH688523,航天环宇,C,制造业,CG,专用、通用及交通运输设备,37,铁路、船舶、航空航天和其他运输设备制造业
SH688525,佰维存储,C,制造业,CH,电气、电子及通讯,39,计算机、通信和其他电子设备制造业
SH688526,科前生物,C,制造业,CE,石油、化学、生物医药,27,医药制造业
SH688528,秦川物联,C,制造业,CI,仪器、仪表,40,仪器仪表制造业
SH688529,豪森智能,C,制造业,CG,专用、通用及交通运输设备,35,专用设备制造业
SH688530,欧莱新材,C,制造业,CH,电气、电子及通讯,39,计算机、通信和其他电子设备制造业
SH688531,日联科技,C,制造业,CG,专用、通用及交通运输设备,35,专用设备制造业
SH688533,上声电子,C,制造业,CH,电气、电子及通讯,39,计算机、通信和其他电子设备制造业
SH688535,华海诚科,C,制造业,CH,电气、电子及通讯,39,计算机、通信和其他电子设备制造业
SH688536,思瑞浦,I,信息传输、软件和信息技术服务业,,,65,软件和信息技术服务业
SH688538,和辉光电-U,C,制造业,CH,电气、电子及通讯,39,计算机、通信和其他电子设备制造业
SH688539,高华科技,C,制造业,CH,电气、电子及通讯,39,计算机、通信和其他电子设备制造业
SH688543,国科军工,C,制造业,CG,专用、通用及交通运输设备,37,铁路、船舶、航空航天和其他运输设备制造业
SH688545,兴福电子,C,制造业,CH,电气、电子及通讯,39,计算机、通信和其他电子设备制造业
SH688548,广钢气体,C,制造业,CH,电气、电子及通讯,39,计算机、通信和其他电子设备制造业
SH688549,中巨芯-U,C,制造业,CH,电气、电子及通讯,39,计算机、通信和其他电子设备制造业
SH688550,瑞联新材,C,制造业,CE,石油、化学、生物医药,26,化学原料和化学制品制造业
SH688551,科威尔,C,制造业,CG,专用、通用及交通运输设备,35,专用设备制造业
SH688552,航天南湖,C,制造业,CH,电气、电子及通讯,39,计算机、通信和其他电子设备制造业
SH688553,汇宇制药-W,C,制造业,CE,石油、化学、生物医药,27,医药制造业
SH688556,高测股份,C,制造业,CG,专用、通用及交通运输设备,35,专用设备制造业
SH688557,兰剑智能,C,制造业,CG,专用、通用及交通运输设备,34,通用设备制造业
SH688558,国盛智科,C,制造业,CG,专用、通用及交通运输设备,34,通用设备制造业
SH688559,海目星,C,制造业,CG,专用、通用及交通运输设备,35,专用设备制造业
SH688560,明冠新材,C,制造业,CE,石油、化学、生物医药,29,橡胶和塑料制品业
SH688561,奇安信-U,I,信息传输、软件和信息技术服务业,,,65,软件和信息技术服务业
SH688562,航天软件,I,信息传输、软件和信息技术服务业,,,65,软件和信息技术服务业
SH688563,航材股份,C,制造业,CG,专用、通用及交通运输设备,37,铁路、船舶、航空航天和其他运输设备制造业
SH688565,力源科技,C,制造业,CG,专用、通用及交通运输设备,35,专用设备制造业
SH688566,吉贝尔,C,制造业,CE,石油、化学、生物医药,27,医药制造业
SH688567,孚能科技,C,制造业,CH,电气、电子及通讯,38,电气机械和器材制造业
SH688568,中科星图,I,信息传输、软件和信息技术服务业,,,65,软件和信息技术服务业
SH688569,铁科轨道,C,制造业,CG,专用、通用及交通运输设备,37,铁路、船舶、航空航天和其他运输设备制造业
SH688570,天玛智控,C,制造业,CI,仪器、仪表,40,仪器仪表制造业
SH688571,杭华股份,C,制造业,CE,石油、化学、生物医药,26,化学原料和化学制品制造业
SH688573,信宇人,C,制造业,CG,专用、通用及交通运输设备,35,专用设备制造业
SH688575,亚辉龙,C,制造业,CE,石油、化学、生物医药,27,医药制造业
SH688576,西山科技,C,制造业,CG,专用、通用及交通运输设备,35,专用设备制造业
SH688577,浙海德曼,C,制造业,CG,专用、通用及交通运输设备,34,通用设备制造业
SH688578,艾力斯,C,制造业,CE,石油、化学、生物医药,27,医药制造业
SH688579,山大地纬,I,信息传输、软件和信息技术服务业,,,65,软件和信息技术服务业
SH688580,伟思医疗,C,制造业,CG,专用、通用及交通运输设备,35,专用设备制造业
SH688581,安杰思,C,制造业,CG,专用、通用及交通运输设备,35,专用设备制造业
SH688582,芯动联科,C,制造业,CH,电气、电子及通讯,39,计算机、通信和其他电子设备制造业
SH688583,思看科技,C,制造业,CI,仪器、仪表,40,仪器仪表制造业
SH688584,上海合晶,C,制造业,CH,电气、电子及通讯,39,计算机、通信和其他电子设备制造业
SH688585,上纬新材,C,制造业,CE,石油、化学、生物医药,26,化学原料和化学制品制造业
SH688586,江航装备,C,制造业,CG,专用、通用及交通运输设备,37,铁路、船舶、航空航天和其他运输设备制造业
SH688588,凌志软件,I,信息传输、软件和信息技术服务业,,,65,软件和信息技术服务业
SH688589,力合微,I,信息传输、软件和信息技术服务业,,,65,软件和信息技术服务业
SH688590,新致软件,I,信息传输、软件和信息技术服务业,,,65,软件和信息技术服务业
SH688591,泰凌微,C,制造业,CH,电气、电子及通讯,39,计算机、通信和其他电子设备制造业
SH688592,司南导航,C,制造业,CH,电气、电子及通讯,39,计算机、通信和其他电子设备制造业
SH688593,新相微,I,信息传输、软件和信息技术服务业,,,65,软件和信息技术服务业
SH688595,芯海科技,C,制造业,CH,电气、电子及通讯,39,计算机、通信和其他电子设备制造业
SH688596,正帆科技,C,制造业,CG,专用、通用及交通运输设备,35,专用设备制造业
SH688597,煜邦电力,C,制造业,CI,仪器、仪表,40,仪器仪表制造业
SH688598,金博股份,C,制造业,CF,金属、非金属,30,非金属矿物制品业
SH688599,天合光能,C,制造业,CH,电气、电子及通讯,38,电气机械和器材制造业
SH688600,皖仪科技,C,制造业,CI,仪器、仪表,40,仪器仪表制造业
SH688601,力芯微,C,制造业,CH,电气、电子及通讯,39,计算机、通信和其他电子设备制造业
SH688602,康鹏科技,C,制造业,CE,石油、化学、生物医药,26,化学原料和化学制品制造业
SH688603,天承科技,C,制造业,CH,电气、电子及通讯,39,计算机、通信和其他电子设备制造业
SH688605,先锋精科,C,制造业,CG,专用、通用及交通运输设备,34,通用设备制造业
SH688606,奥泰生物,C,制造业,CE,石油、化学、生物医药,27,医药制造业
SH688607,康众医疗,C,制造业,CG,专用、通用及交通运输设备,35,专用设备制造业
SH688608,恒玄科技,C,制造业,CH,电气、电子及通讯,39,计算机、通信和其他电子设备制造业
SH688609,九联科技,C,制造业,CH,电气、电子及通讯,39,计算机、通信和其他电子设备制造业
SH688610,埃科光电,C,制造业,CI,仪器、仪表,40,仪器仪表制造业
SH688611,杭州柯林,C,制造业,CH,电气、电子及通讯,38,电气机械和器材制造业
SH688612,威迈斯,C,制造业,CG,专用、通用及交通运输设备,36,汽车制造业
SH688613,奥精医疗,C,制造业,CG,专用、通用及交通运输设备,35,专用设备制造业
SH688615,合合信息,I,信息传输、软件和信息技术服务业,,,65,软件和信息技术服务业
SH688616,西力科技,C,制造业,CI,仪器、仪表,40,仪器仪表制造业
SH688617,惠泰医疗,C,制造业,CG,专用、通用及交通运输设备,35,专用设备制造业
SH688618,三旺通信,C,制造业,CH,电气、电子及通讯,39,计算机、通信和其他电子设备制造业
SH688619,罗普特,I,信息传输、软件和信息技术服务业,,,65,软件和信息技术服务业
SH688620,安凯微,C,制造业,CH,电气、电子及通讯,39,计算机、通信和其他电子设备制造业
SH688621,阳光诺和,M,科学研究和技术服务业,,,73,研究和试验发展
SH688622,禾信仪器,C,制造业,CI,仪器、仪表,40,仪器仪表制造业
SH688623,双元科技,C,制造业,CG,专用、通用及交通运输设备,35,专用设备制造业
SH688625,呈和科技,C,制造业,CE,石油、化学、生物医药,26,化学原料和化学制品制造业
SH688626,翔宇医疗,C,制造业,CG,专用、通用及交通运输设备,35,专用设备制造业
SH688627,精智达,C,制造业,CG,专用、通用及交通运输设备,35,专用设备制造业
SH688628,优利德,C,制造业,CI,仪器、仪表,40,仪器仪表制造业
SH688629,华丰科技,C,制造业,CH,电气、电子及通讯,39,计算机、通信和其他电子设备制造业
SH688630,芯碁微装,C,制造业,CG,专用、通用及交通运输设备,35,专用设备制造业
SH688631,莱斯信息,I,信息传输、软件和信息技术服务业,,,65,软件和信息技术服务业
SH688633,星球石墨,C,制造业,CG,专用、通用及交通运输设备,35,专用设备制造业
SH688636,智明达,C,制造业,CH,电气、电子及通讯,39,计算机、通信和其他电子设备制造业
SH688638,誉辰智能,C,制造业,CG,专用、通用及交通运输设备,35,专用设备制造业
SH688639,华恒生物,C,制造业,CE,石油、化学、生物医药,26,化学原料和化学制品制造业
SH688646,ST逸飞,C,制造业,CG,专用、通用及交通运输设备,35,专用设备制造业
SH688648,中邮科技,C,制造业,CG,专用、通用及交通运输设备,34,通用设备制造业
SH688651,盛邦安全,I,信息传输、软件和信息技术服务业,,,65,软件和信息技术服务业
SH688652,京仪装备,C,制造业,CG,专用、通用及交通运输设备,35,专用设备制造业
SH688653,康希通信,C,制造业,CH,电气、电子及通讯,39,计算机、通信和其他电子设备制造业
SH688655,迅捷兴,C,制造业,CH,电气、电子及通讯,39,计算机、通信和其他电子设备制造业
SH688656,浩欧博,C,制造业,CE,石油、化学、生物医药,27,医药制造业
SH688657,浩辰软件,I,信息传输、软件和信息技术服务业,,,65,软件和信息技术服务业
SH688658,悦康药业,C,制造业,CE,石油、化学、生物医药,27,医药制造业
SH688659,元琛科技,C,制造业,CE,石油、化学、生物医药,26,化学原料和化学制品制造业
SH688660,电气风电,C,制造业,CG,专用、通用及交通运输设备,34,通用设备制造业
SH688661,和林微纳,C,制造业,CH,电气、电子及通讯,39,计算机、通信和其他电子设备制造业
SH688662,富信科技,C,制造业,CH,电气、电子及通讯,39,计算机、通信和其他电子设备制造业
SH688663,新风光,C,制造业,CH,电气、电子及通讯,38,电气机械和器材制造业
SH688665,四方光电,C,制造业,CH,电气、电子及通讯,39,计算机、通信和其他电子设备制造业
SH688667,菱电电控,C,制造业,CH,电气、电子及通讯,39,计算机、通信和其他电子设备制造业
SH688668,鼎通科技,C,制造业,CH,电气、电子及通讯,39,计算机、通信和其他电子设备制造业
SH688669,聚石化学,C,制造业,CE,石油、化学、生物医药,29,橡胶和塑料制品业
SH688670,金迪克,C,制造业,CE,石油、化学、生物医药,27,医药制造业
SH688671,碧兴物联,C,制造业,CI,仪器、仪表,40,仪器仪表制造业
SH688676,金盘科技,C,制造业,CH,电气、电子及通讯,38,电气机械和器材制造业
SH688677,海泰新光,C,制造业,CG,专用、通用及交通运输设备,35,专用设备制造业
SH688678,福立旺,C,制造业,CG,专用、通用及交通运输设备,34,通用设备制造业
SH688679,通源环境,N,水利、环境和公共设施管理业,,,77,生态保护和环境治理业
SH688680,海优新材,C,制造业,CE,石油、化学、生物医药,29,橡胶和塑料制品业
SH688681,科汇股份,C,制造业,CH,电气、电子及通讯,38,电气机械和器材制造业
SH688682,霍莱沃,I,信息传输、软件和信息技术服务业,,,65,软件和信息技术服务业
SH688683,莱尔科技,C,制造业,CH,电气、电子及通讯,39,计算机、通信和其他电子设备制造业
SH688685,迈信林,C,制造业,CG,专用、通用及交通运输设备,37,铁路、船舶、航空航天和其他运输设备制造业
SH688686,奥普特,C,制造业,CI,仪器、仪表,40,仪器仪表制造业
SH688687,凯因科技,C,制造业,CE,石油、化学、生物医药,27,医药制造业
SH688689,银河微电,C,制造业,CH,电气、电子及通讯,39,计算机、通信和其他电子设备制造业
SH688690,纳微科技,C,制造业,CE,石油、化学、生物医药,26,化学原料和化学制品制造业
SH688691,灿芯股份,I,信息传输、软件和信息技术服务业,,,65,软件和信息技术服务业
SH688692,达梦数据,I,信息传输、软件和信息技术服务业,,,65,软件和信息技术服务业
SH688693,锴威特,C,制造业,CH,电气、电子及通讯,39,计算机、通信和其他电子设备制造业
SH688695,中创股份,I,信息传输、软件和信息技术服务业,,,65,软件和信息技术服务业
SH688696,极米科技,C,制造业,CH,电气、电子及通讯,39,计算机、通信和其他电子设备制造业
SH688697,纽威数控,C,制造业,CG,专用、通用及交通运输设备,34,通用设备制造业
SH688698,伟创电气,C,制造业,CI,仪器、仪表,40,仪器仪表制造业
SH688699,明微电子,I,信息传输、软件和信息技术服务业,,,65,软件和信息技术服务业
SH688700,东威科技,C,制造业,CG,专用、通用及交通运输设备,35,专用设备制造业
SH688701,卓锦股份,N,水利、环境和公共设施管理业,,,77,生态保护和环境治理业
SH688702,盛科通信-U,I,信息传输、软件和信息技术服务业,,,65,软件和信息技术服务业
SH688707,振华新材,C,制造业,CH,电气、电子及通讯,39,计算机、通信和其他电子设备制造业
SH688708,佳驰科技,C,制造业,CJ,其他制造业,41,其他制造业
SH688709,成都华微,C,制造业,CH,电气、电子及通讯,39,计算机、通信和其他电子设备制造业
SH688710,益诺思,M,科学研究和技术服务业,,,73,研究和试验发展
SH688711,宏微科技,C,制造业,CH,电气、电子及通讯,39,计算机、通信和其他电子设备制造业
SH688716,中研股份,C,制造业,CE,石油、化学、生物医药,26,化学原料和化学制品制造业
SH688717,艾罗能源,C,制造业,CH,电气、电子及通讯,38,电气机械和器材制造业
SH688718,唯赛勃,C,制造业,CG,专用、通用及交通运输设备,35,专用设备制造业
SH688719,爱科赛博,C,制造业,CH,电气、电子及通讯,38,电气机械和器材制造业
SH688720,艾森股份,C,制造业,CH,电气、电子及通讯,39,计算机、通信和其他电子设备制造业
SH688721,龙图光罩,C,制造业,CH,电气、电子及通讯,39,计算机、通信和其他电子设备制造业
SH688722,同益中,C,制造业,CE,石油、化学、生物医药,28,化学纤维制造业
SH688726,拉普拉斯,C,制造业,CH,电气、电子及通讯,38,电气机械和器材制造业
SH688728,格科微,C,制造业,CH,电气、电子及通讯,39,计算机、通信和其他电子设备制造业
SH688733,壹石通,C,制造业,CH,电气、电子及通讯,39,计算机、通信和其他电子设备制造业
SH688737,中自科技,C,制造业,CE,石油、化学、生物医药,26,化学原料和化学制品制造业
SH688739,成大生物,C,制造业,CE,石油、化学、生物医药,27,医药制造业
SH688750,金天钛业,C,制造业,CF,金属、非金属,32,有色金属冶炼和压延加工业
SH688755,汉邦科技,C,制造业,CG,专用、通用及交通运输设备,35,专用设备制造业
SH688757,胜科纳米,M,科学研究和技术服务业,,,74,专业技术服务业
SH688758,赛分科技,C,制造业,CE,石油、化学、生物医药,26,化学原料和化学制品制造业
SH688766,普冉股份,C,制造业,CH,电气、电子及通讯,39,计算机、通信和其他电子设备制造业
SH688767,博拓生物,C,制造业,CE,石油、化学、生物医药,27,医药制造业
SH688768,容知日新,C,制造业,CI,仪器、仪表,40,仪器仪表制造业
SH688772,珠海冠宇,C,制造业,CH,电气、电子及通讯,38,电气机械和器材制造业
SH688776,国光电气,C,制造业,CH,电气、电子及通讯,39,计算机、通信和其他电子设备制造业
SH688777,中控技术,I,信息传输、软件和信息技术服务业,,,65,软件和信息技术服务业
SH688778,厦钨新能,C,制造业,CH,电气、电子及通讯,39,计算机、通信和其他电子设备制造业
SH688779,五矿新能,C,制造业,CH,电气、电子及通讯,39,计算机、通信和其他电子设备制造业
SH688786,悦安新材,C,制造业,CF,金属、非金属,33,金属制品业
SH688787,海天瑞声,I,信息传输、软件和信息技术服务业,,,65,软件和信息技术服务业
SH688788,科思科技,C,制造业,CH,电气、电子及通讯,39,计算机、通信和其他电子设备制造业
SH688789,宏华数科,C,制造业,CG,专用、通用及交通运输设备,35,专用设备制造业
SH688793,倍轻松,C,制造业,CH,电气、电子及通讯,38,电气机械和器材制造业
SH688798,艾为电子,C,制造业,CH,电气、电子及通讯,39,计算机、通信和其他电子设备制造业
SH688799,华纳药厂,C,制造业,CE,石油、化学、生物医药,27,医药制造业
SH688800,瑞可达,C,制造业,CH,电气、电子及通讯,39,计算机、通信和其他电子设备制造业
SH688819,天能股份,C,制造业,CH,电气、电子及通讯,38,电气机械和器材制造业
SH688981,中芯国际,C,制造业,CH,电气、电子及通讯,39,计算机、通信和其他电子设备制造业
SH689009,九号公司-WD,C,制造业,CH,电气、电子及通讯,39,计算机、通信和其他电子设备制造业
BJ830779,武汉蓝电,C,制造业,CI,仪器、仪表,40,仪器仪表制造业
BJ830809,安达科技,C,制造业,CH,电气、电子及通讯,39,计算机、通信和其他电子设备制造业
BJ830832,齐鲁华信,C,制造业,CE,石油、化学、生物医药,26,化学原料和化学制品制造业
BJ830839,万通液压,C,制造业,CG,专用、通用及交通运输设备,34,通用设备制造业
BJ830879,基康技术,C,制造业,CI,仪器、仪表,40,仪器仪表制造业
BJ830896,旺成科技,C,制造业,CG,专用、通用及交通运输设备,34,通用设备制造业
BJ830946,森萱医药,C,制造业,CE,石油、化学、生物医药,27,医药制造业
BJ830964,润农节水,E,建筑业,,,48,土木工程建筑业
BJ830974,凯大催化,C,制造业,CE,石油、化学、生物医药,26,化学原料和化学制品制造业
BJ831010,凯添燃气,D,电力、热力、燃气及水生产和供应业,,,45,燃气生产和供应业
BJ831039,国义招标,M,科学研究和技术服务业,,,74,专业技术服务业
BJ831087,秋乐种业,A,农、林、牧、渔业,,,05,农、林、牧、渔专业及辅助性活动
BJ831152,昆工科技,C,制造业,CG,专用、通用及交通运输设备,35,专用设备制造业
BJ831167,鑫汇科,C,制造业,CH,电气、电子及通讯,39,计算机、通信和其他电子设备制造业
BJ831175,派诺科技,I,信息传输、软件和信息技术服务业,,,65,软件和信息技术服务业
BJ831195,三祥科技,C,制造业,CE,石油、化学、生物医药,29,橡胶和塑料制品业
BJ831278,泰德股份,C,制造业,CG,专用、通用及交通运输设备,36,汽车制造业
BJ831304,迪尔化工,C,制造业,CE,石油、化学、生物医药,26,化学原料和化学制品制造业
BJ831305,海希通讯,C,制造业,CI,仪器、仪表,40,仪器仪表制造业
BJ831370,新安洁,N,水利、环境和公共设施管理业,,,78,公共设施管理业
BJ831396,许昌智能,C,制造业,CH,电气、电子及通讯,38,电气机械和器材制造业
BJ831526,凯华材料,C,制造业,CH,电气、电子及通讯,39,计算机、通信和其他电子设备制造业
BJ831627,力王股份,C,制造业,CH,电气、电子及通讯,38,电气机械和器材制造业
BJ831641,格利尔,C,制造业,CH,电气、电子及通讯,39,计算机、通信和其他电子设备制造业
BJ831689,克莱特,C,制造业,CG,专用、通用及交通运输设备,34,通用设备制造业
BJ831726,朱老六,C,制造业,CA,食品、饮料、烟草,14,食品制造业
BJ831768,拾比佰,C,制造业,CH,电气、电子及通讯,38,电气机械和器材制造业
BJ831832,科达自控,I,信息传输、软件和信息技术服务业,,,65,软件和信息技术服务业
BJ831834,三维装备,C,制造业,CG,专用、通用及交通运输设备,34,通用设备制造业
BJ831855,浙江大农,C,制造业,CG,专用、通用及交通运输设备,34,通用设备制造业
BJ831856,浩淼科技,C,制造业,CG,专用、通用及交通运输设备,35,专用设备制造业
BJ831906,舜宇精工,C,制造业,CG,专用、通用及交通运输设备,36,汽车制造业
BJ831961,创远信科,C,制造业,CI,仪器、仪表,40,仪器仪表制造业
BJ832000,安徽凤凰,C,制造业,CG,专用、通用及交通运输设备,36,汽车制造业
BJ832023,田野股份,C,制造业,CA,食品、饮料、烟草,15,酒、饮料和精制茶制造业
BJ832089,禾昌聚合,C,制造业,CE,石油、化学、生物医药,29,橡胶和塑料制品业
BJ832110,雷特科技,C,制造业,CH,电气、电子及通讯,39,计算机、通信和其他电子设备制造业
BJ832145,恒合股份,C,制造业,CI,仪器、仪表,40,仪器仪表制造业
BJ832149,利尔达,F,批发和零售业,,,51,批发业
BJ832171,志晟信息,I,信息传输、软件和信息技术服务业,,,65,软件和信息技术服务业
BJ832175,东方碳素,C,制造业,CF,金属、非金属,30,非金属矿物制品业
BJ832225,利通科技,C,制造业,CE,石油、化学、生物医药,29,橡胶和塑料制品业
BJ832278,鹿得医疗,C,制造业,CG,专用、通用及交通运输设备,35,专用设备制造业
BJ832419,路斯股份,C,制造业,CA,食品、饮料、烟草,13,农副食品加工业
BJ832469,富恒新材,C,制造业,CE,石油、化学、生物医药,29,橡胶和塑料制品业
BJ832471,美邦科技,C,制造业,CE,石油、化学、生物医药,26,化学原料和化学制品制造业
BJ832491,奥迪威,C,制造业,CH,电气、电子及通讯,39,计算机、通信和其他电子设备制造业
BJ832522,纳科诺尔,C,制造业,CG,专用、通用及交通运输设备,35,专用设备制造业
BJ832566,梓橦宫,C,制造业,CE,石油、化学、生物医药,27,医药制造业
BJ832651,天罡股份,C,制造业,CI,仪器、仪表,40,仪器仪表制造业
BJ832662,方盛股份,C,制造业,CG,专用、通用及交通运输设备,34,通用设备制造业
BJ832735,德源药业,C,制造业,CE,石油、化学、生物医药,27,医药制造业
BJ832786,骑士乳业,A,农、林、牧、渔业,,,03,畜牧业
BJ832802,保丽洁,C,制造业,CG,专用、通用及交通运输设备,35,专用设备制造业
BJ832876,慧为智能,C,制造业,CH,电气、电子及通讯,39,计算机、通信和其他电子设备制造业
BJ832885,星辰科技,C,制造业,CI,仪器、仪表,40,仪器仪表制造业
BJ832978,开特股份,C,制造业,CG,专用、通用及交通运输设备,36,汽车制造业
BJ832982,锦波生物,C,制造业,CE,石油、化学、生物医药,27,医药制造业
BJ833030,立方控股,I,信息传输、软件和信息技术服务业,,,65,软件和信息技术服务业
BJ833075,柏星龙,C,制造业,CD,造纸、印刷、文教,23,印刷和记录媒介复制业
BJ833171,国航远洋,G,交通运输、仓储和邮政业,,,55,水上运输业
BJ833230,欧康医药,C,制造业,CE,石油、化学、生物医药,27,医药制造业
BJ833266,生物谷,C,制造业,CE,石油、化学、生物医药,27,医药制造业
BJ833284,灵鸽科技,C,制造业,CG,专用、通用及交通运输设备,35,专用设备制造业
BJ833346,威贸电子,C,制造业,CH,电气、电子及通讯,39,计算机、通信和其他电子设备制造业
BJ833394,民士达,C,制造业,CB,纺织、服装、鞋帽,17,纺织业
BJ833427,华维设计,M,科学研究和技术服务业,,,74,专业技术服务业
BJ833429,康比特,C,制造业,CA,食品、饮料、烟草,14,食品制造业
BJ833454,同心传动,C,制造业,CG,专用、通用及交通运输设备,36,汽车制造业
BJ833455,汇隆活塞,C,制造业,CG,专用、通用及交通运输设备,34,通用设备制造业
BJ833509,同惠电子,C,制造业,CI,仪器、仪表,40,仪器仪表制造业
BJ833523,德瑞锂电,C,制造业,CH,电气、电子及通讯,38,电气机械和器材制造业
BJ833533,骏创科技,C,制造业,CG,专用、通用及交通运输设备,36,汽车制造业
BJ833575,康乐卫士,C,制造业,CE,石油、化学、生物医药,27,医药制造业
BJ833580,科创新材,C,制造业,CF,金属、非金属,30,非金属矿物制品业
BJ833751,惠同新材,C,制造业,CF,金属、非金属,33,金属制品业
BJ833781,瑞奇智造,C,制造业,CG,专用、通用及交通运输设备,35,专用设备制造业
BJ833873,中设咨询,M,科学研究和技术服务业,,,74,专业技术服务业
BJ833914,远航精密,C,制造业,CH,电气、电子及通讯,39,计算机、通信和其他电子设备制造业
BJ833943,优机股份,C,制造业,CG,专用、通用及交通运输设备,34,通用设备制造业
BJ834014,特瑞斯,C,制造业,CG,专用、通用及交通运输设备,35,专用设备制造业
BJ834021,流金科技,I,信息传输、软件和信息技术服务业,,,63,电信、广播电视和卫星传输服务
BJ834033,康普化学,C,制造业,CE,石油、化学、生物医药,26,化学原料和化学制品制造业
BJ834058,华洋赛车,C,制造业,CG,专用、通用及交通运输设备,37,铁路、船舶、航空航天和其他运输设备制造业
BJ834062,科润智控,C,制造业,CH,电气、电子及通讯,38,电气机械和器材制造业
BJ834261,一诺威,C,制造业,CE,石油、化学、生物医药,26,化学原料和化学制品制造业
BJ834407,驰诚股份,C,制造业,CI,仪器、仪表,40,仪器仪表制造业
BJ834415,恒拓开源,I,信息传输、软件和信息技术服务业,,,65,软件和信息技术服务业
BJ834475,三友科技,C,制造业,CG,专用、通用及交通运输设备,35,专用设备制造业
BJ834599,同力股份,C,制造业,CG,专用、通用及交通运输设备,35,专用设备制造业
BJ834639,晨光电缆,C,制造业,CH,电气、电子及通讯,38,电气机械和器材制造业
BJ834765,美之高,C,制造业,CC,木材、家具,21,家具制造业
BJ834770,艾能聚,C,制造业,CH,电气、电子及通讯,38,电气机械和器材制造业
BJ834950,迅安科技,C,制造业,CG,专用、通用及交通运输设备,35,专用设备制造业
BJ835174,五新隧装,C,制造业,CG,专用、通用及交通运输设备,35,专用设备制造业
BJ835179,凯德石英,C,制造业,CF,金属、非金属,30,非金属矿物制品业
BJ835184,国源科技,I,信息传输、软件和信息技术服务业,,,65,软件和信息技术服务业
BJ835185,贝特瑞,C,制造业,CH,电气、电子及通讯,39,计算机、通信和其他电子设备制造业
BJ835207,众诚科技,I,信息传输、软件和信息技术服务业,,,65,软件和信息技术服务业
BJ835237,力佳科技,C,制造业,CH,电气、电子及通讯,38,电气机械和器材制造业
BJ835305,*ST云创,I,信息传输、软件和信息技术服务业,,,65,软件和信息技术服务业
BJ835368,连城数控,C,制造业,CG,专用、通用及交通运输设备,35,专用设备制造业
BJ835438,戈碧迦,C,制造业,CF,金属、非金属,30,非金属矿物制品业
BJ835508,殷图网联,I,信息传输、软件和信息技术服务业,,,65,软件和信息技术服务业
BJ835579,机科股份,C,制造业,CG,专用、通用及交通运输设备,34,通用设备制造业
BJ835640,富士达,C,制造业,CH,电气、电子及通讯,39,计算机、通信和其他电子设备制造业
BJ835670,数字人,I,信息传输、软件和信息技术服务业,,,65,软件和信息技术服务业
BJ835857,百甲科技,C,制造业,CF,金属、非金属,33,金属制品业
BJ835892,中科美菱,C,制造业,CG,专用、通用及交通运输设备,35,专用设备制造业
BJ835985,海泰新能,C,制造业,CH,电气、电子及通讯,38,电气机械和器材制造业
BJ836077,吉林碳谷,C,制造业,CE,石油、化学、生物医药,28,化学纤维制造业
BJ836149,旭杰科技,M,科学研究和技术服务业,,,74,专业技术服务业
BJ836208,青矩技术,M,科学研究和技术服务业,,,74,专业技术服务业
BJ836221,易实精密,C,制造业,CG,专用、通用及交通运输设备,36,汽车制造业
BJ836239,长虹能源,C,制造业,CH,电气、电子及通讯,38,电气机械和器材制造业
BJ836247,华密新材,C,制造业,CE,石油、化学、生物医药,29,橡胶和塑料制品业
BJ836260,中寰股份,C,制造业,CI,仪器、仪表,40,仪器仪表制造业
BJ836263,中航泰达,N,水利、环境和公共设施管理业,,,77,生态保护和环境治理业
BJ836270,天铭科技,C,制造业,CG,专用、通用及交通运输设备,34,通用设备制造业
BJ836395,朗鸿科技,C,制造业,CH,电气、电子及通讯,39,计算机、通信和其他电子设备制造业
BJ836414,欧普泰,C,制造业,CG,专用、通用及交通运输设备,35,专用设备制造业
BJ836419,万德股份,C,制造业,CE,石油、化学、生物医药,26,化学原料和化学制品制造业
BJ836422,润普食品,C,制造业,CA,食品、饮料、烟草,14,食品制造业
BJ836433,大唐药业,C,制造业,CE,石油、化学、生物医药,27,医药制造业
BJ836504,博迅生物,C,制造业,CI,仪器、仪表,40,仪器仪表制造业
BJ836547,无锡晶海,C,制造业,CE,石油、化学、生物医药,27,医药制造业
BJ836675,秉扬科技,C,制造业,CF,金属、非金属,30,非金属矿物制品业
BJ836699,海达尔,C,制造业,CF,金属、非金属,33,金属制品业
BJ836717,瑞星股份,C,制造业,CG,专用、通用及交通运输设备,35,专用设备制造业
BJ836720,吉冈精密,C,制造业,CG,专用、通用及交通运输设备,36,汽车制造业
BJ836807,奔朗新材,C,制造业,CF,金属、非金属,30,非金属矿物制品业
BJ836826,盖世食品,C,制造业,CA,食品、饮料、烟草,13,农副食品加工业
BJ836871,派特尔,C,制造业,CE,石油、化学、生物医药,29,橡胶和塑料制品业
BJ836892,广咨国际,M,科学研究和技术服务业,,,74,专业技术服务业
BJ836942,恒立钻具,C,制造业,CG,专用、通用及交通运输设备,35,专用设备制造业
BJ836957,汉维科技,C,制造业,CE,石油、化学、生物医药,26,化学原料和化学制品制造业
BJ836961,西磁科技,C,制造业,CG,专用、通用及交通运输设备,35,专用设备制造业
BJ837006,晟楠科技,C,制造业,CG,专用、通用及交通运输设备,37,铁路、船舶、航空航天和其他运输设备制造业
BJ837023,芭薇股份,C,制造业,CE,石油、化学、生物医药,26,化学原料和化学制品制造业
BJ837046,亿能电力,C,制造业,CH,电气、电子及通讯,38,电气机械和器材制造业
BJ837092,汉鑫科技,I,信息传输、软件和信息技术服务业,,,65,软件和信息技术服务业
BJ837174,宏裕包材,C,制造业,CE,石油、化学、生物医药,29,橡胶和塑料制品业
BJ837212,智新电子,C,制造业,CH,电气、电子及通讯,39,计算机、通信和其他电子设备制造业
BJ837242,建邦科技,L,租赁和商务服务业,,,72,商务服务业
BJ837344,三元基因,C,制造业,CE,石油、化学、生物医药,27,医药制造业
BJ837403,康农种业,A,农、林、牧、渔业,,,01,农业
BJ837592,华信永道,I,信息传输、软件和信息技术服务业,,,65,软件和信息技术服务业
BJ837663,明阳科技,C,制造业,CG,专用、通用及交通运输设备,36,汽车制造业
BJ837748,路桥信息,I,信息传输、软件和信息技术服务业,,,65,软件和信息技术服务业
BJ837821,则成电子,C,制造业,CH,电气、电子及通讯,39,计算机、通信和其他电子设备制造业
BJ838030,德众汽车,F,批发和零售业,,,52,零售业
BJ838163,方大新材,C,制造业,CE,石油、化学、生物医药,29,橡胶和塑料制品业
BJ838171,邦德股份,C,制造业,CG,专用、通用及交通运输设备,36,汽车制造业
BJ838227,美登科技,I,信息传输、软件和信息技术服务业,,,65,软件和信息技术服务业
BJ838262,太湖雪,C,制造业,CB,纺织、服装、鞋帽,17,纺织业
BJ838275,驱动力,C,制造业,CA,食品、饮料、烟草,13,农副食品加工业
BJ838402,硅烷科技,C,制造业,CE,石油、化学、生物医药,26,化学原料和化学制品制造业
BJ838670,恒进感应,C,制造业,CG,专用、通用及交通运输设备,34,通用设备制造业
BJ838701,豪声电子,C,制造业,CH,电气、电子及通讯,39,计算机、通信和其他电子设备制造业
BJ838810,春光智能,C,制造业,CG,专用、通用及交通运输设备,34,通用设备制造业
BJ838837,华原股份,C,制造业,CG,专用、通用及交通运输设备,36,汽车制造业
BJ838924,广脉科技,I,信息传输、软件和信息技术服务业,,,65,软件和信息技术服务业
BJ838971,天马新材,C,制造业,CH,电气、电子及通讯,39,计算机、通信和其他电子设备制造业
BJ839273,一致魔芋,C,制造业,CA,食品、饮料、烟草,14,食品制造业
BJ839371,欧福蛋业,C,制造业,CA,食品、饮料、烟草,13,农副食品加工业
BJ839493,并行科技,I,信息传输、软件和信息技术服务业,,,65,软件和信息技术服务业
BJ839680,*ST广道,I,信息传输、软件和信息技术服务业,,,65,软件和信息技术服务业
BJ839719,宁新新材,C,制造业,CF,金属、非金属,30,非金属矿物制品业
BJ839725,惠丰钻石,C,制造业,CF,金属、非金属,30,非金属矿物制品业
BJ839729,永顺生物,C,制造业,CE,石油、化学、生物医药,27,医药制造业
BJ839790,联迪信息,I,信息传输、软件和信息技术服务业,,,65,软件和信息技术服务业
BJ839792,东和新材,C,制造业,CF,金属、非金属,30,非金属矿物制品业
BJ839946,华阳变速,C,制造业,CG,专用、通用及交通运输设备,36,汽车制造业
BJ870199,倍益康,C,制造业,CH,电气、电子及通讯,39,计算机、通信和其他电子设备制造业
BJ870204,沪江材料,C,制造业,CE,石油、化学、生物医药,29,橡胶和塑料制品业
BJ870299,灿能电力,C,制造业,CI,仪器、仪表,40,仪器仪表制造业
BJ870357,雅葆轩,C,制造业,CH,电气、电子及通讯,39,计算机、通信和其他电子设备制造业
BJ870436,大地电气,C,制造业,CG,专用、通用及交通运输设备,36,汽车制造业
BJ870508,丰安股份,C,制造业,CG,专用、通用及交通运输设备,34,通用设备制造业
BJ870656,海昇药业,C,制造业,CE,石油、化学、生物医药,27,医药制造业
BJ870726,鸿智科技,C,制造业,CH,电气、电子及通讯,38,电气机械和器材制造业
BJ870866,绿亨科技,C,制造业,CE,石油、化学、生物医药,26,化学原料和化学制品制造业
BJ870976,视声智能,C,制造业,CH,电气、电子及通讯,39,计算机、通信和其他电子设备制造业
BJ871245,威博液压,C,制造业,CG,专用、通用及交通运输设备,34,通用设备制造业
BJ871263,莱赛激光,C,制造业,CI,仪器、仪表,40,仪器仪表制造业
BJ871396,常辅股份,C,制造业,CI,仪器、仪表,40,仪器仪表制造业
BJ871478,巨能股份,C,制造业,CG,专用、通用及交通运输设备,34,通用设备制造业
BJ871553,凯腾精工,C,制造业,CG,专用、通用及交通运输设备,35,专用设备制造业
BJ871634,新威凌,C,制造业,CF,金属、非金属,33,金属制品业
BJ871642,通易航天,C,制造业,CE,石油、化学、生物医药,29,橡胶和塑料制品业
BJ871694,中裕科技,C,制造业,CE,石油、化学、生物医药,29,橡胶和塑料制品业
BJ871753,天纺标,M,科学研究和技术服务业,,,74,专业技术服务业
BJ871857,泓禧科技,C,制造业,CH,电气、电子及通讯,39,计算机、通信和其他电子设备制造业
BJ871970,大禹生物,C,制造业,CA,食品、饮料、烟草,14,食品制造业
BJ871981,晶赛科技,C,制造业,CH,电气、电子及通讯,39,计算机、通信和其他电子设备制造业
BJ872190,雷神科技,C,制造业,CH,电气、电子及通讯,39,计算机、通信和其他电子设备制造业
BJ872351,华光源海,G,交通运输、仓储和邮政业,,,58,多式联运和运输代理业
BJ872374,云里物里,C,制造业,CH,电气、电子及通讯,39,计算机、通信和其他电子设备制造业
BJ872392,佳合科技,C,制造业,CD,造纸、印刷、文教,22,造纸和纸制品业
BJ872541,铁大科技,C,制造业,CG,专用、通用及交通运输设备,37,铁路、船舶、航空航天和其他运输设备制造业
BJ872808,曙光数创,C,制造业,CG,专用、通用及交通运输设备,34,通用设备制造业
BJ872895,花溪科技,C,制造业,CG,专用、通用及交通运输设备,35,专用设备制造业
BJ872925,锦好医疗,C,制造业,CG,专用、通用及交通运输设备,35,专用设备制造业
BJ872931,无锡鼎邦,C,制造业,CG,专用、通用及交通运输设备,35,专用设备制造业
BJ872953,国子软件,I,信息传输、软件和信息技术服务业,,,65,软件和信息技术服务业
BJ873001,纬达光电,C,制造业,CH,电气、电子及通讯,39,计算机、通信和其他电子设备制造业
BJ873122,中纺标,M,科学研究和技术服务业,,,74,专业技术服务业
BJ873132,泰鹏智能,C,制造业,CC,木材、家具,21,家具制造业
BJ873152,天宏锂电,C,制造业,CH,电气、电子及通讯,38,电气机械和器材制造业
BJ873167,新赣江,C,制造业,CE,石油、化学、生物医药,27,医药制造业
BJ873169,七丰精工,C,制造业,CG,专用、通用及交通运输设备,34,通用设备制造业
BJ873223,荣亿精密,C,制造业,CG,专用、通用及交通运输设备,34,通用设备制造业
BJ873305,九菱科技,C,制造业,CF,金属、非金属,33,金属制品业
BJ873339,恒太照明,C,制造业,CH,电气、电子及通讯,38,电气机械和器材制造业
BJ873527,夜光明,C,制造业,CE,石油、化学、生物医药,26,化学原料和化学制品制造业
BJ873570,坤博精工,C,制造业,CG,专用、通用及交通运输设备,34,通用设备制造业
BJ873576,天力复合,C,制造业,CF,金属、非金属,32,有色金属冶炼和压延加工业
BJ873593,鼎智科技,C,制造业,CH,电气、电子及通讯,38,电气机械和器材制造业
BJ873665,科强股份,C,制造业,CE,石油、化学、生物医药,29,橡胶和塑料制品业
BJ873679,前进科技,C,制造业,CG,专用、通用及交通运输设备,34,通用设备制造业
BJ873690,捷众科技,C,制造业,CG,专用、通用及交通运输设备,36,汽车制造业
BJ873693,阿为特,C,制造业,CF,金属、非金属,33,金属制品业
BJ873703,广厦环能,C,制造业,CG,专用、通用及交通运输设备,35,专用设备制造业
BJ873706,铁拓机械,C,制造业,CG,专用、通用及交通运输设备,35,专用设备制造业
BJ873726,卓兆点胶,C,制造业,CG,专用、通用及交通运输设备,35,专用设备制造业
BJ873806,云星宇,I,信息传输、软件和信息技术服务业,,,65,软件和信息技术服务业
BJ873833,美心翼申,C,制造业,CG,专用、通用及交通运输设备,34,通用设备制造业
SH900929,锦旅B股,L,租赁和商务服务业,,,72,商务服务业
SH900939,汇丽B,K,房地产业,,,70,房地产业
SH900948,伊泰B股,B,采矿业,,,06,煤炭开采和洗选业
BJ920002,万达轴承,C,制造业,CG,专用、通用及交通运输设备,34,通用设备制造业
BJ920008,成电光信,C,制造业,CH,电气、电子及通讯,39,计算机、通信和其他电子设备制造业
BJ920016,中草香料,C,制造业,CE,石油、化学、生物医药,26,化学原料和化学制品制造业
BJ920019,铜冠矿建,B,采矿业,,,11,开采专业及辅助性活动
BJ920027,交大铁发,C,制造业,CG,专用、通用及交通运输设备,37,铁路、船舶、航空航天和其他运输设备制造业
BJ920029,开发科技,C,制造业,CI,仪器、仪表,40,仪器仪表制造业
BJ920060,万源通,C,制造业,CH,电气、电子及通讯,39,计算机、通信和其他电子设备制造业
BJ920066,科拜尔,C,制造业,CE,石油、化学、生物医药,29,橡胶和塑料制品业
BJ920068,天工股份,C,制造业,CF,金属、非金属,32,有色金属冶炼和压延加工业
BJ920082,方正阀门,C,制造业,CG,专用、通用及交通运输设备,34,通用设备制造业
BJ920088,科力股份,B,采矿业,,,11,开采专业及辅助性活动
BJ920098,科隆新材,C,制造业,CE,石油、化学、生物医药,29,橡胶和塑料制品业
BJ920099,瑞华技术,M,科学研究和技术服务业,,,74,专业技术服务业
BJ920106,林泰新材,C,制造业,CG,专用、通用及交通运输设备,36,汽车制造业
BJ920108,宏海科技,C,制造业,CH,电气、电子及通讯,38,电气机械和器材制造业
BJ920111,聚星科技,C,制造业,CH,电气、电子及通讯,38,电气机械和器材制造业
BJ920116,星图测控,I,信息传输、软件和信息技术服务业,,,65,软件和信息技术服务业
BJ920118,太湖远大,C,制造业,CE,石油、化学、生物医药,29,橡胶和塑料制品业
BJ920128,胜业电气,C,制造业,CH,电气、电子及通讯,38,电气机械和器材制造业
BJ920167,同享科技,C,制造业,CH,电气、电子及通讯,38,电气机械和器材制造业
BJ920445,龙竹科技,C,制造业,CC,木材、家具,21,家具制造业
BJ920489,佳先股份,C,制造业,CE,石油、化学、生物医药,26,化学原料和化学制品制造业
BJ920682,球冠电缆,C,制造业,CH,电气、电子及通讯,38,电气机械和器材制造业
BJ920799,艾融软件,I,信息传输、软件和信息技术服务业,,,65,软件和信息技术服务业
BJ920819,颖泰生物,C,制造业,CE,石油、化学、生物医药,26,化学原料和化学制品制造业
