Date,Close,High,Low,Open,Volume
2014-01-02,79.14330291748047,79.4244400257961,78.91658323728736,79.39723477120262,29177500
2014-01-03,78.57195281982422,79.21583572564484,78.55381829412434,79.14328378497758,35723700
2014-01-06,78.28178405761719,78.68081297588367,77.99158309495158,78.59012647235129,32073100
2014-01-07,79.00726318359375,79.12515490639147,78.49940648161144,78.64451037330193,25860600
2014-01-08,79.17959594726562,79.39725186875505,78.85311898396854,79.02542819208007,27197400
2014-01-09,78.91656494140625,79.47883210874691,78.64450553960963,79.46976138634017,23674700
2014-01-10,79.17051696777344,79.26120345821333,78.51756316630909,79.10703573257194,38008900
2014-01-13,78.00067138671875,79.3337847375652,77.70139963062296,79.06171824676206,48842300
2014-01-14,79.48789978027344,79.55138099681619,78.26361522184389,78.26361522184389,37178900
2014-01-15,80.14086151123047,80.2950292071813,79.7509034503973,79.83251920039443,39835600
2014-01-16,80.14994812011719,80.26784679557093,79.95044059038075,80.07740307245683,31630100
2014-01-17,79.69647979736328,80.14085524236852,79.5060361433327,79.90506489593042,36895800
2014-01-21,80.3041000366211,80.34036909071165,79.63300491406123,80.2043428405361,26412700
2014-01-22,80.51266479492188,80.71217915379204,80.2768744690814,80.51266479492188,29376900
2014-01-23,80.24063873291016,80.27690779600432,79.67837138984498,80.26784398969885,35011900
2014-01-24,78.66263580322266,79.96854300167563,78.63543055641048,79.85065129251167,63974600
2014-01-27,77.90089416503906,78.79870228423788,77.3114215320339,78.662669073708,63519300
2014-01-28,77.85552215576172,77.93714482313064,77.36580690835092,77.53811604695868,44378800
2014-01-29,77.02120971679688,77.75577926355739,76.86704199544094,77.18444816262539,51939300
2014-01-30,78.44499206542969,78.71705838929958,77.88272489160111,77.9643475563357,65833600
2014-01-31,78.2364273071289,78.60825091851714,77.49278700328824,77.5744096892493,45187000
2014-02-03,76.4407958984375,78.4449967184281,76.2412815049565,78.09131462777884,65596900
2014-02-04,77.00306701660156,77.31140242659842,76.59496748586275,76.83075786458285,37675500
2014-02-05,76.80355834960938,77.07561780482116,75.94201944410044,76.74914092341876,41721800
2014-02-06,77.78297424316406,77.88273144237809,77.01212881927498,77.03027026582369,32308600
2014-02-07,79.17051696777344,79.22492747825024,77.99157183524774,78.21829152081531,38359400
2014-02-10,79.62395477294922,79.66022383326329,79.08889272768619,79.14330323709288,30205400
2014-02-11,80.53083801269531,80.68500574394876,79.70557500609861,79.79626149983972,38635500
2014-02-12,80.68501281738281,80.86638582076547,80.44015165198599,80.69408354323292,32507200
2014-02-13,81.28352355957031,81.34700478257336,80.07738032251234,80.09551484954133,40454500
2014-02-14,81.44676208496094,81.62814195015973,81.01146424635265,81.256318415703,33212400
2014-02-18,81.8458023071289,81.99997002489148,81.38329223490584,81.58280665503875,29546600
2014-02-19,81.28352355957031,81.88206673554285,81.12028514057184,81.6916230665337,41749900
2014-02-20,81.6644287109375,81.81859642752097,80.993333499453,81.33795182938702,41814800
2014-02-21,81.55559539794922,82.0453106879728,81.45583819522581,81.92741203806249,31192200
2014-02-24,81.99089813232422,82.36271476313217,81.65535055711268,81.74603703397305,31500400
2014-02-25,81.90022277832031,82.27204640997192,81.63722709423566,82.10880794808959,26771700
2014-02-26,81.82764434814453,82.38083382884493,81.50116755757597,82.11784517099066,42953700
2014-02-27,82.3585433959961,82.4404979194322,81.71198779193647,81.83947723793956,28742400
2014-02-28,82.26749420166016,82.83209542400996,81.53898389129365,82.34034731699344,48609800
2014-03-03,81.6573715209961,81.87593088446852,80.92886115238946,81.4934554722198,38885700
2014-03-04,82.69551086425781,82.85032549614378,82.46785005298288,82.54981155782329,33189000
2014-03-05,82.92314147949219,83.06884768052514,82.65905420086051,82.83207857767363,27203300
2014-03-06,82.85029602050781,83.17812108026939,82.54978218910108,83.11437635369712,24063900
2014-03-07,82.44052124023438,83.19635670367354,82.02162623520508,83.11439520939841,31167800
2014-03-10,82.51338195800781,82.55891689764987,81.98520722784792,82.39500084165736,18131700
2014-03-11,82.1582260131836,82.92316292345741,81.91234847226997,82.71371888987781,27484300
2014-03-12,82.46784973144531,82.5133846725854,81.48436031079117,81.78486730028342,27977200
2014-03-13,81.30223083496094,82.80479363479547,80.92887070336414,82.77747544805143,48542000
2014-03-14,80.74671936035156,81.39327510642012,80.71029280382801,81.03812486488465,38732300
2014-03-17,81.45701599121094,81.87591789759362,81.22025380648759,81.2657817892475,28467200
2014-03-18,82.44052124023438,82.54069254009526,81.52987811252136,81.55719629472785,31250200
2014-03-19,81.99430084228516,82.55890203297132,81.45701783140306,82.4678321700843,40869400
2014-03-20,82.22196960449219,82.46784019430744,81.57541381148312,81.73932985391188,31634500
2014-03-21,81.23258209228516,82.73858079344643,81.07742040448304,82.69294172595451,62754000
2014-03-24,80.5206527709961,81.58854004146507,79.78134727044736,81.5246495286219,77735300
2014-03-25,80.78533172607422,81.46074661092753,80.10990987767835,80.94049338170196,41723300
2014-03-26,79.74484252929688,81.3694930717615,79.73571332300659,81.18694376367642,40930400
2014-03-27,79.29759216308594,79.99126552113277,78.85948780482505,79.63530311871709,64784500
2014-03-28,79.45277404785156,80.32898987405204,79.23371486864316,79.55317443076932,39895100
2014-03-31,80.01866149902344,80.55717329014145,79.97302939155061,80.0734297769532,33924300
2014-04-01,81.4242172241211,81.47897850978403,80.05512937422064,80.41109165811149,38683800
2014-04-02,81.63418579101562,81.85323800105155,81.26909413192628,81.77108907007296,34631600
2014-04-03,80.98616027832031,81.85324697057213,80.52066818788393,81.7163367129679,30319100
2014-04-04,78.83210754394531,81.60679402635401,78.6221776053941,81.52464510655805,131213200
2014-04-07,78.08366394042969,79.06940212034564,77.53602310725782,78.33922594868726,83995800
2014-04-08,78.80472564697266,78.91425522680112,77.90112924490506,78.17494971270435,51495700
2014-04-09,80.15555572509766,80.2011947869916,78.88686779612942,79.09679773188114,45685200
2014-04-10,77.67296600341797,80.21034267257895,77.45391375608881,80.21034267257895,73659600
2014-04-11,76.76935577392578,77.98328257225283,76.58681342745224,76.97927877601593,93657400
2014-04-14,77.37174224853516,77.78247292649156,76.65981742966274,77.44476196419986,46500700
2014-04-15,77.62730407714844,78.07453760804958,76.01177609424454,77.65468472710567,84631500
2014-04-16,78.65867614746094,78.65867614746094,77.66380182907479,78.30271379448538,46970900
2014-04-17,78.67695617675781,79.06942852436846,78.15670278234786,78.35750355975956,53719500
2014-04-21,79.2610855102539,79.2610855102539,78.494399370531,78.85949099287006,25947900
2014-04-22,79.89088439941406,80.09168518012972,79.39801165498788,79.53492191125264,38593400
2014-04-23,79.18805694580078,79.91823308114725,79.14241789079196,79.89085243355879,34376700
2014-04-24,79.94564056396484,80.51153300373282,79.08768314285496,80.49328155372812,48926300
2014-04-25,78.66780853271484,79.56227557150315,78.47613702440306,79.47100441947981,44334000
2014-04-28,78.92335510253906,79.5074987174525,77.68204817996269,79.04200688060108,58623800
2014-04-29,79.55316925048828,79.69920173024028,78.77734689418057,79.1606969510604,36742700
2014-04-30,79.7630844116211,79.84523333129252,78.98726909505638,79.18806982809404,38689400
2014-05-01,80.00039672851562,80.45675950852593,79.69006641706605,79.89086715443753,37127200
2014-05-02,79.85436248779297,80.42025487867038,79.66269094335316,80.27421543707214,40074200
2014-05-05,80.2741928100586,80.29245121688378,79.18805436438457,79.37972585479764,27924400
2014-05-06,79.23371124267578,80.19207595810792,79.19720138114518,80.14643689030865,33698500
2014-05-07,79.00552368164062,79.48014488105387,78.06541745191579,79.39799595811778,67489100
2014-05-08,78.9325180053711,79.89087576860078,78.54004569370251,78.72258803997174,46556900
2014-05-09,79.22456359863281,79.27932489159888,78.35747033326629,78.88685271041109,35081500
2014-05-12,80.5297622680664,80.55714291493476,79.62615914015927,79.69917884083617,38951100
2014-05-13,80.58454132080078,80.87661322433239,80.42937964532474,80.60279276822125,30311900
2014-05-14,80.16468048095703,80.6392946660139,79.97300896601813,80.33809358673444,26483600
2014-05-15,79.53492736816406,80.28336226174416,79.0238031374885,80.14645199608596,59680300
2014-05-16,80.05516052246094,80.10079958729811,79.07854442142052,79.62617838174852,66804100
2014-05-19,80.61193084716797,80.73971188380725,79.68095372828975,79.81785700787167,32017000
2014-05-20,80.31985473632812,80.86748871682158,79.99127295532327,80.57541679632214,33716000
2014-05-21,81.0865478515625,81.1321869219837,80.42026199009757,80.46590106051877,36837700
2014-05-22,81.44251251220703,81.670693923863,81.05004020561701,81.17782123906082,30617100
2014-05-23,82.0357666015625,82.05402501140661,81.34210022543351,81.52464254261629,22687300
2014-05-27,83.0580062866211,83.07625772953891,82.32782322615718,82.40084292491193,29725200
2014-05-28,82.80245208740234,83.14928524377476,82.73856158587209,83.03063344480213,30468100
2014-05-29,83.33185577392578,83.34097801679923,82.93025425408077,83.09454515187699,33036100
2014-05-30,83.34095001220703,83.46873100493943,82.90284574099361,83.35007921555702,29906400
2014-06-02,83.25881958007812,83.45962030027984,82.72943712928138,83.44136189105633,30409900
2014-06-03,83.22234344482422,83.35925371530196,82.87551012802015,82.98503277356585,21774500
2014-06-04,83.5326156616211,83.66952584813221,82.88458153991256,83.01236252371191,20118300
2014-06-05,84.23546600341797,84.39062772016715,83.32274019165295,83.60568296496561,35583100
2014-06-06,84.71916961669922,84.71916961669922,84.38145871873122,84.54574956591267,22680600
2014-06-09,84.6552963256836,84.86522627001908,84.42711493397016,84.73743828419958,23399500
2014-06-10,84.80135345458984,84.84698556432862,84.48189386869385,84.58229425908203,20626000
2014-06-11,84.7830810546875,84.90173287669032,84.4271186251353,84.50926058724254,22878200
2014-06-12,84.01637268066406,84.69178750135015,83.72430084224236,84.60051635750747,35275900
2014-06-13,84.26283264160156,84.47276260733345,83.89774098494064,84.38148447051009,39447100
2014-06-16,84.3358383178711,84.58227114103116,83.93423686608418,84.1167861457796,25212300
2014-06-17,84.38146209716797,84.60964345163683,84.13502929830021,84.27193950368999,19977900
2014-06-18,84.85610961914062,84.97476145351068,83.95251312405921,84.46363728878495,34514000
2014-06-19,84.80135345458984,85.03865713773928,84.41800334422364,84.98389582063477,38422200
2014-06-20,84.90107727050781,84.9926006749418,84.68143646082825,84.8370150767573,25897500
2014-06-23,84.91937255859375,84.94682678308216,84.6631238203627,84.89191833410534,20837900
2014-06-24,84.83700561523438,85.6332130621263,84.58991060468429,84.91022153771391,31945800
2014-06-25,85.37696075439453,85.52338561099114,84.63566877141092,84.64481552464832,32818600
2014-06-26,85.42272186279297,85.44102933514718,84.76379948539429,85.43187559897008,22563900
2014-06-27,85.7979507446289,85.81625123526219,85.28545321983596,85.31290744691343,22877800
2014-06-30,85.94437408447266,86.15486112605099,85.72472632510255,85.77964175607228,19751900
2014-07-01,86.88703918457031,87.11583378365987,86.20980214404015,86.24641011776534,31862500
2014-07-02,87.0334701538086,87.16159457963425,86.8595909943352,86.94195370425562,18777300
2014-07-03,87.58255004882812,87.58255004882812,87.0792062333439,87.31715451793498,15291700
2014-07-07,87.31716918945312,87.59171850341525,87.15243680817318,87.48189458847641,23266400
2014-07-08,86.26470184326172,87.21648803954275,85.9077828924383,87.15242584278614,40612400
2014-07-09,86.90534973144531,87.0060199252684,86.246420092697,86.49352219835654,29919000
2014-07-10,86.63075256347656,86.98767142379205,85.68811336129937,85.78878349956825,44245300
2014-07-11,87.18901062011719,87.18901062011719,86.58499673187069,86.85039920688587,19566300
2014-07-14,87.710693359375,87.91203372190745,87.43614403231373,87.58256894362835,19579000
2014-07-15,87.4086685180664,87.97607451187807,86.78634708640614,87.84795012732349,39467500
2014-07-16,87.7564468383789,88.13167329375968,87.66493040461121,88.04014987773564,22052600
2014-07-17,86.59416961669922,87.8296588732724,86.31961334534694,87.51849463358943,43111500
2014-07-18,87.96694946289062,88.01270419308972,86.94194715128401,87.04261733288185,36682200
2014-07-21,87.85712432861328,88.0035562206443,87.44529685122568,87.78390838259779,29750700
2014-07-22,88.41536712646484,88.55264525394985,88.17741883764123,88.26893526187936,25770400
2014-07-23,88.9827880859375,89.08345127402266,88.56179992873373,88.72653229999635,28947500
2014-07-24,88.88211822509766,89.23903720036682,88.75399382280905,89.13836702967487,24707200
2014-07-25,88.53435516357422,88.65333282247524,88.06761921363892,88.42453822582802,29898900
2014-07-28,88.56179809570312,88.79059266315144,87.87541439335816,88.62586029529841,25603400
2014-07-29,88.4062271118164,88.9553327247332,88.33301116815906,88.75399935306051,27022200
2014-07-30,88.75401306152344,89.06517039674183,88.40624076656432,88.90043798919746,35348500
2014-07-31,86.96023559570312,88.16827062520706,86.83211119729029,88.02184573370211,50047900
2014-08-01,86.63993835449219,87.25310621313578,86.06337847010067,86.77721651237316,60708000
2014-08-04,87.23479461669922,87.57341309874954,86.50264918933604,86.8229671777176,33230500
2014-08-05,86.56669616699219,87.13410912252655,86.16402253678703,86.88701409904282,50331100
2014-08-06,86.50262451171875,87.04258318136642,85.95351908897423,86.02673500727464,34431900
2014-08-07,86.22811126708984,87.07007373206065,85.92610071478819,86.90534133828314,33274700
2014-08-08,86.85041809082031,86.95108825779259,85.99930203149042,86.36537473118449,40236900
2014-08-11,87.36292266845703,87.637478960751,87.12497434728601,87.18903655118707,28277500
2014-08-12,87.32630157470703,87.55509612315193,86.87786621478656,87.27139311740201,28152300
2014-08-13,88.25064086914062,88.28724883781706,87.63747310388655,87.68322782804003,27996500
2014-08-14,88.70821380615234,88.72651429602087,88.2506247546365,88.36959539441888,25006600
2014-08-15,89.13835144042969,89.34883850069659,88.296389234852,89.22071412081543,55205500
2014-08-18,89.8247299194336,89.90709259512477,89.47695778050297,89.60508913533585,38938300
2014-08-19,90.32807159423828,90.38298702568935,89.98030644556911,90.0352148947657,21363400
2014-08-20,90.32807159423828,90.5111113953177,90.17249300001164,90.254862656061,23435600
2014-08-21,90.5111312866211,90.55688601025544,90.23657501579098,90.37385315120603,19339500
2014-08-22,90.64840698242188,90.83143983654533,90.34639648908794,90.54773681797722,24692000
2014-08-25,90.96870422363281,91.22495297359087,90.74906343541944,91.0785211266121,24124700
2014-08-26,91.0602035522461,91.16087368259268,90.84970955727049,91.10596524140489,20100400
2014-08-27,91.07853698730469,91.18836089166382,90.88635039136818,91.08769072489861,15589100
2014-08-28,90.97785949707031,91.08767640190541,90.67584904426401,90.7673654590449,23563900
2014-08-29,91.31649017333984,91.43546782165684,90.8497472826681,91.17921203111212,17906300
2014-09-02,91.58189392089844,91.60934815325281,91.20667444162805,91.53613221213686,18326800
2014-09-03,91.04193115234375,91.82897798710174,90.87719879570705,91.82897798710174,25950700
2014-09-04,90.95954895019531,91.71914843348532,90.73075442984926,91.25240565694807,24663500
2014-09-05,91.41714477539062,91.4720532300272,90.63009100840881,91.09683381958527,30798200
2014-09-08,91.59102630615234,91.81982083210761,91.17004521626524,91.44459445805866,25571300
2014-09-09,90.83145141601562,91.93881638382119,90.65756529485174,91.60019788004327,36449200
2014-09-10,91.58189392089844,91.6185018914564,90.69416983607294,90.95041864772227,31080100
2014-09-11,91.50867462158203,91.55443632866424,90.82229090888616,91.1883636187752,28691900
2014-09-12,91.04193115234375,91.45375855280768,90.758221160091,91.42630432374418,30444400
2014-09-15,90.16336822509766,91.15176252163782,89.88881890867431,91.14260878308002,32972200
2014-09-16,90.95042419433594,91.12431031952663,89.73324226477176,89.82475870561959,38166900
2014-09-17,91.08768463134766,91.51781950015929,90.53857911079781,90.93210601393871,37196500
2014-09-18,91.77406311035156,91.78321684681774,91.27071932079427,91.37138249290163,30196700
2014-09-19,91.71720123291016,92.24926207629376,91.35025765208698,92.15752793080463,46918000
2014-09-22,90.86405944824219,91.50620545893368,90.46959632771267,91.49702994481906,48658000
2014-09-23,90.6163558959961,91.01999446977923,90.43288763456678,90.4971022259536,33989600
2014-09-24,91.58875274658203,91.6346233126077,90.39619501743744,90.7080924700417,35959000
2014-09-25,89.66230773925781,91.41445977402516,89.6256126862984,91.29519910219062,68642500
2014-09-26,90.6163558959961,90.7814801308287,89.79991023456422,89.9558589566657,56106200
2014-09-29,90.49710845947266,90.7447913293494,89.67148722844016,89.71735779638986,33342700
2014-09-30,90.62554168701172,91.09339490524319,90.19438352500099,90.74479537057937,41834300
2014-10-01,89.17610931396484,90.46040815448852,88.89173140600708,90.36867402277946,58164900
2014-10-02,89.17610931396484,89.45131870795764,88.03859068326817,89.1394142615081,54501300
2014-10-03,90.05677032470703,90.4237138534582,89.3871048586869,89.69900230886269,41627800
2014-10-06,89.86414337158203,90.5613355068538,89.5889409226434,90.3411721479295,36038700
2014-10-07,88.58903503417969,89.6990345332417,88.57985951797654,89.44217607049919,45154000
2014-10-08,90.31363677978516,90.59802171442911,88.12115792278635,88.63488170857133,64931600
2014-10-09,88.85503387451172,90.42371057922738,88.71742918135448,90.19437175692043,62497100
2014-10-10,86.63506317138672,88.8275424465777,86.61671214043004,88.33216959376203,77579400
2014-10-13,85.27735900878906,87.13958939168951,85.20396889545643,86.47909236942866,80835900
2014-10-14,85.28653717041016,86.38736090910928,85.04802279410758,85.80942949612223,71814500
2014-10-15,84.7361068725586,85.09387485977136,82.7821357128495,84.00221987378798,108847800
2014-10-16,84.20404052734375,84.92875202580993,82.91974175789566,82.94726129599884,93165800
2014-10-17,85.31407165527344,86.13051758754888,84.81869878644319,85.31407165527344,69546700
2014-10-20,86.58920288085938,86.66259301567057,85.13061069554644,85.30490351713742,41479300
2014-10-21,88.8642349243164,88.8642349243164,87.44233101784963,87.6624943908511,53609800
2014-10-22,88.40554809570312,89.2586889524533,88.35050200893856,89.13942826351902,39178000
2014-10-23,89.73567199707031,90.23104457103325,89.13938980625211,89.2953384872598,48123800
2014-10-24,90.46959686279297,90.53381146424191,89.5705854436411,89.92835350869474,43157600
2014-10-27,90.5337905883789,90.69891481101031,89.91915726038894,90.29527626705243,29545700
2014-10-28,91.90069580078125,91.91903983557746,90.89160591414144,90.9558205342312,34495100
2014-10-29,91.5612564086914,91.84564139215718,90.90993479949915,91.59795147103755,40552800
2014-10-30,91.75387573242188,91.97404604769854,90.94660557300439,91.14842486257517,35935800
2014-10-31,93.01985168457031,93.34092471871875,92.71712268143011,93.27671011188906,54254100
2014-11-03,93.29503631591797,93.5427261798372,93.04735345086463,93.184958153168,33481000
2014-11-04,92.9831314086914,93.22164574032203,92.35015402811469,93.00147543472515,22773300
2014-11-05,92.99234008789062,93.59779114705957,92.67126002742806,93.59779114705957,25818600
2014-11-06,93.28588104248047,93.31340058707406,92.5795134031997,92.98315205421729,24671900
2014-11-07,93.20329284667969,93.4876777359907,92.71709567958257,93.45098268579363,20931700
2014-11-10,93.5335693359375,93.65282303567496,93.00150144689232,93.24919136025042,20360000
2014-11-11,93.82711029052734,93.82711029052734,93.29504247257101,93.55190786662557,15454000
2014-11-12,93.99224090576172,94.09315056768179,93.45100453625118,93.45100453625118,22050300
2014-11-13,94.39588928222656,94.74448187823513,93.95555553038686,94.16655039038386,28027800
2014-11-14,94.6894302368164,94.6894302368164,94.05645273956691,94.36835723055457,19251300
2014-11-17,94.40502166748047,94.68022401264157,93.95551260564794,94.4692362479045,23361600
2014-11-18,95.11138916015625,95.23981833060228,94.47841182091167,94.48758733276206,26336800
2014-11-19,94.68024444580078,95.01049293035727,94.23991779896937,95.01049293035727,23760200
2014-11-20,95.10223388671875,95.1847995132131,94.20322950228226,94.27661261610723,22874000
2014-11-21,95.28569030761719,96.03792131664093,94.98296140183733,95.94618019450282,34049100
2014-11-24,96.02874755859375,96.07461812050063,95.459984785728,95.54255039738734,17928300
2014-11-25,96.17554473876953,96.45992969554239,95.9278618397654,96.17554473876953,17526000
2014-11-26,96.7993392944336,96.85438537798449,96.166368823962,96.26727847846128,18973800
2014-11-28,97.24887084960938,97.46903423785186,96.9920123968485,97.05622701003871,17360400
2014-12-01,96.14802551269531,97.1662906542771,95.79025743580083,96.98282235802702,35969500
2014-12-02,96.53334045410156,96.70763327256921,96.0471360688416,96.24895543652151,26031300
2014-12-03,96.70760345458984,96.84520816275,96.10215253709788,96.68008391273106,32974300
2014-12-04,96.66171264648438,97.03782461068157,96.2580741493188,96.6158420904013,31008800
2014-12-05,96.67090606689453,96.96445950441641,96.45991825182325,96.81768628508848,25622200
2014-12-08,95.9828872680664,96.84520353236562,95.47834602742404,96.4232209133523,32685800
2014-12-09,96.28560638427734,96.35899648414534,94.52428598063655,94.86370994337712,46035100
2014-12-10,94.77198791503906,96.34984038580188,94.59769514131519,96.11132601260444,39330100
2014-12-11,95.22150421142578,96.35902307785794,95.02885339638716,95.04720442585136,47576000
2014-12-12,94.18487548828125,95.39578431382745,94.17570697363531,94.31330468198568,46889400
2014-12-15,93.21248626708984,95.01967759302153,92.94645235119907,94.67107804860838,52968400
2014-12-16,91.71720123291016,94.00141435026278,91.69885020449233,92.62538117132586,65348600
2014-12-17,93.38679504394531,93.65282198662071,91.66216218137492,91.78142287864377,79715300
2014-12-18,95.63428497314453,95.64346048534219,94.46924688318818,94.72610523380123,49840900
2014-12-19,96.05508422851562,96.44180738430438,95.49341187251319,95.732814932025,51419900
2014-12-22,96.29448699951172,96.3221090784219,95.85251266211753,95.89855414359701,33869200
2014-12-23,95.95379638671875,96.65358614656911,95.84330104833913,96.64437644546824,30156900
2014-12-24,96.03669738769531,96.40500123879427,96.0090682764118,96.07352215284868,14291300
2014-12-26,96.71806335449219,96.92063467795535,96.2852986225382,96.31292070756585,13924300
2014-12-29,96.69962310791016,96.9114040890563,96.5707153889321,96.62596657202542,17073800
2014-12-30,96.05508422851562,96.644378663511,95.92617650991937,96.42339500662368,18604000
2014-12-31,95.06986999511719,96.59835747548674,94.93175255623702,96.22083694421062,24367100
2015-01-02,94.78443145751953,95.94460107222321,94.32404468265293,95.53946548730298,31314600
2015-01-05,93.39407348632812,94.48058669626502,93.12704827944285,94.37009132705352,36521300
2015-01-06,92.14179992675781,93.68869962165613,91.72745467944061,93.53216981933133,66205500
2015-01-07,93.3296127319336,93.55059642912404,92.52853717031874,92.74952789245427,37577400
2015-01-08,95.11589813232422,95.3000500083532,94.02017550260366,94.12146114190273,40212600
2015-01-09,94.48976135253906,95.43815675542663,93.9372917363448,95.41053467960552,41410100
2015-01-12,93.50456237792969,94.7752274235804,93.26515927369574,94.67394176505624,34129800
2015-01-13,93.4769287109375,95.4105588067012,92.7218946728103,94.41612167601326,56162300
2015-01-14,92.96129608154297,93.44010225799175,92.14180819006353,92.53774109465036,51354200
2015-01-15,91.75509643554688,93.54139255531531,91.64460106759341,93.39407242298954,51005400
2015-01-16,92.83238220214844,92.95208022586452,91.48805376101762,91.63537386521094,35362200
2015-01-20,93.56900787353516,93.80840393139471,92.34437740277916,93.39405865630017,30964100
2015-01-21,94.04780578613281,94.48978016208095,92.96129276291072,93.29277178863572,40128800
2015-01-22,95.78807067871094,95.88935633056806,93.58742247007825,94.41612006484351,40887200
2015-01-23,95.99983978271484,96.29448699932915,95.50262128750123,95.77884910154629,34783000
2015-01-26,95.88936614990234,96.06431538919713,95.40135724549619,95.88936614990234,19960900
2015-01-27,93.40326690673828,94.43452873981379,93.09020026102296,94.3792845773117,45253200
2015-01-28,92.9244613647461,95.00541147377032,92.90604898543809,94.9041258252153,43591700
2015-01-29,93.81761169433594,93.99256090795463,92.04051855187267,92.85079670584071,46539700
2015-01-30,93.09022521972656,94.45297346801824,92.96131745603027,93.73477106315427,42927600
2015-02-02,93.90048217773438,93.98334841860498,91.84715423518539,93.30197801331828,43624700
2015-02-03,94.80282592773438,94.86727978304152,93.62423713072171,94.24115360651062,30750400
2015-02-04,94.7199935913086,95.34611999189798,94.20435553938765,94.41613658257863,34073200
2015-02-05,95.53947448730469,95.60392836085991,94.71998651284036,94.9593826003624,23605500
2015-02-06,94.95939636230469,95.91700192600936,94.618714563402,95.68680848353074,34169300
2015-02-09,94.65552520751953,95.10670228698241,94.42533181647492,94.59107133902484,22604700
2015-02-10,96.1287612915039,96.25766902820672,95.03303850458525,95.18036564649977,23686500
2015-02-11,96.47864532470703,96.699628995704,96.05509036156938,96.2392422499095,20303600
2015-02-12,97.60200500488281,97.6388367931611,96.95746627237587,97.10478640054374,22520300
2015-02-13,98.43991088867188,98.45832327005904,97.6940794810055,97.87823841960315,29030200
2015-02-17,98.531982421875,98.59643629125421,98.19129366947358,98.43990646918256,17675300
2015-02-18,98.67011260986328,98.72535678362637,98.2833823186843,98.41229007409537,15149600
2015-02-19,99.15813446044922,99.22258834655017,98.57804246059388,98.60566455107333,19828100
2015-02-20,99.82110595703125,99.87635014530946,98.78062691147419,99.09369370326183,28336700
2015-02-23,99.92236328125,99.94999239443446,99.54484970041612,99.76583343126879,17868000
2015-02-24,99.99602508544922,100.11573016561134,99.48960375189252,99.79345374204813,19745000
2015-02-25,99.74739837646484,100.23540722428166,99.52640767089363,99.84868402694885,19472300
2015-02-26,100.25382995605469,100.30908115062495,99.57245943921382,99.8486943372293,22255500
2015-02-27,99.81184387207031,100.28144030084624,99.655314070793,100.2169794150855,27757600
2015-03-02,100.71419525146484,100.75102703166067,99.9867833987207,100.00520280129051,22988600
2015-03-03,100.2446060180664,100.51163115619914,99.60927010233874,100.41034551673694,20788900
2015-03-04,99.85790252685547,100.06047385992103,99.31464942903932,99.91315372447512,21007400
2015-03-05,100.03285217285156,100.33670917366271,99.61850682625139,100.115725457139,15381000
2015-03-06,98.9002685546875,100.09726969059703,98.65165581707598,99.90390813075649,30990400
2015-03-09,99.18572998046875,99.43433575313254,98.69772111287125,99.10285670628427,26237100
2015-03-10,97.34416198730469,98.50433840271651,97.34416198730469,98.47670930061108,34234500
2015-03-11,96.78253173828125,97.61122953808221,96.74569994440716,97.49152445175484,25459700
2015-03-12,97.4178237915039,97.5283120981658,96.64437052015458,96.70882437402176,21473200
2015-03-13,96.99427032470703,97.71247950535806,96.38656351024086,97.32574932348633,42021100
2015-03-16,98.24655151367188,98.28338330486544,97.25212125122921,97.35340692077504,25674100
2015-03-17,98.40303039550781,98.55956014713114,97.74928229319124,97.9794755837932,19603800
2015-03-18,99.36988067626953,99.82106477757209,97.62961921394465,98.13604748073537,40622200
2015-03-19,99.51721954345703,99.79344742839015,99.32385791652018,99.47117805016207,31314000
2015-03-20,100.161376953125,100.65973902686976,100.14292222792,100.33672852752615,31761400
2015-03-23,99.96757507324219,100.38287329917341,99.93065858009923,100.10601016225297,17268500
2015-03-24,99.6076431274414,100.41978481301298,99.58918840233557,99.95833923325851,22445300
2015-03-25,97.3281021118164,99.8568219504873,97.29118562002039,99.76453424154765,41581400
2015-03-26,96.9958724975586,97.54960585949493,96.20218543037922,96.52519597141693,47846300
2015-03-27,97.38346862792969,97.61419140969147,96.8297353599215,96.9774013199773,33878400
2015-03-30,98.50016784667969,98.58322466396628,97.97412021389758,97.97412021389758,30570200
2015-03-31,97.45730590820312,98.42634445080107,97.42962029974618,98.22330726731572,30488100
2015-04-01,96.94970703125,97.4757546449172,96.32214083941018,97.45729288101315,32970500
2015-04-02,97.01435089111328,97.32813060157744,96.7005641395462,97.04203650778918,19164200
2015-04-06,97.80802154541016,98.0756538220631,96.29447335922129,96.44213934464526,24451100
2015-04-07,97.64187622070312,98.47247253549648,97.64187622070312,97.7526186407556,19379400
2015-04-08,98.41712188720703,98.55555698229504,97.66958223127376,97.67880607413859,25866900
2015-04-09,99.03543853759766,99.0723550253554,98.03872153253879,98.37095584015835,23114700
2015-04-10,99.44152069091797,99.45075157385918,98.77703794116357,98.99852984404816,17164300
2015-04-13,99.19235229492188,100.02294876733627,99.08160281275268,99.51536281653873,17783500
2015-04-14,98.90623474121094,99.3769111606041,98.34327062260935,99.09081718072792,23755700
2015-04-15,99.52458953857422,99.7368576252643,99.04468918415964,99.16466251248791,21128600
2015-04-16,99.38617706298828,99.56152164093943,99.11853771220721,99.25697283034951,16195300
2015-04-17,97.83570861816406,98.70322165162654,97.41117946538417,98.43558937097764,46514000
2015-04-20,99.30308532714844,99.47843689702665,98.28790648063895,98.32482297119756,28945900
2015-04-21,99.72764587402344,100.05066350805795,99.6076725226782,99.87531188285097,22759800
2015-04-22,100.27214050292969,100.43826121749643,99.34001832446623,99.98603941383588,21429200
2015-04-23,100.6505126953125,101.10273445594463,99.91220395501102,99.93065868105059,29473200
2015-04-24,102.01641082763672,102.15484593856574,101.54573426691894,101.71185499181333,32508100
2015-04-27,101.75798034667969,102.58858379133784,101.53648140070372,102.39477045333368,31121300
2015-04-28,101.55494689941406,102.0256233755369,100.6966578152376,101.8318100304091,36849200
2015-04-29,100.91813659667969,101.58261929036614,100.36440336564098,100.9919695717782,34043900
2015-04-30,99.33076477050781,100.75201788386099,98.80471713461932,100.34595059511736,44080500
2015-05-01,100.64131164550781,100.70591376292866,99.69995845897219,99.71842023029399,32874300
2015-05-04,100.80741119384766,101.43497750593315,100.75203293262457,100.96430101159372,23507300
2015-05-05,99.1646728515625,100.59515726209743,99.1185325086724,100.41058180833264,47843300
2015-05-06,98.4817123413086,99.62609537918041,97.82646047925697,99.34000137998761,42687200
2015-05-07,99.07238006591797,99.34925027353003,98.38021158798966,98.45404458216646,29335800
2015-05-08,100.30904388427734,100.52130491113076,99.94911688995994,100.09677581632307,33023300
2015-05-11,99.92141723632812,100.57667611964371,99.84759129887176,100.37363894916287,19679300
2015-05-12,99.4692153930664,99.97680838473241,98.56478593295407,99.33078030069373,33665000
2015-05-13,99.67224884033203,100.41978845348218,99.52458286972897,99.90297163857353,20738400
2015-05-14,101.13043212890625,101.21348896764339,100.1152530892078,100.48440398284217,23904200
2015-05-15,101.13043212890625,101.52727567655496,100.88124753049088,101.38884057089109,23937400
2015-05-18,101.57337188720703,101.77640901515373,100.89043458137631,100.96426754446583,17631100
2015-05-19,101.462646484375,101.8410281616859,101.29652581013849,101.68413836965699,14212900
2015-05-20,101.52728271484375,102.13638736444767,100.99200402442345,101.53650655905267,21131900
2015-05-21,102.05330657958984,102.19174166237556,101.20424839878531,101.35190732361616,16771800
2015-05-22,101.95178985595703,102.32094773644799,101.86872598832363,101.93332808932698,13543800
2015-05-26,100.77970123291016,101.8687129685673,100.37363395326007,101.73028494203886,25488400
2015-05-27,102.40399169921875,102.51474116178422,100.86276531095793,101.08425719498882,30572700
2015-05-28,102.17327880859375,102.45014897121828,101.85949919597995,102.21019529968373,17302400
2015-05-29,101.56420135498047,102.24713901926019,101.32424761954606,102.10870390108255,30383000
2015-06-01,101.90565490722656,102.18252511163257,101.07505133511035,102.10869211831073,24570200
2015-06-02,101.58262634277344,102.08098839763724,101.02889307329163,101.52725512815542,19449600
2015-06-03,101.88720703125,102.26558882554205,101.63802242230685,102.04409687178324,20507200
2015-06-04,101.11198425292969,101.96104973182031,100.78897365606512,101.31502149698825,31374600
2015-06-05,100.87201690673828,101.23194393261042,100.25367441514892,100.99199023499517,22641700
2015-06-08,99.84761047363281,100.8997059762597,99.64457326416064,100.82587298352405,24549200
2015-06-09,99.68148040771484,100.04140741215308,98.93393374833451,99.60764742190672,27554600
2015-06-10,101.04736328125,101.34268820629954,99.91221096103835,100.02295340724343,30297900
2015-06-11,101.19503784179688,101.6564835163686,101.01968623230692,101.38884418018473,17593500
2015-06-12,100.3644027709961,100.87199567041584,100.2259677037816,100.65972762854031,27201800
2015-06-15,99.86603546142578,100.02292524344136,99.03543214325555,99.61685798652452,31238800
2015-06-16,100.41057586669922,100.5766965816985,99.71840739438586,99.76454773454566,16456900
2015-06-17,100.68743133544922,101.01044185628749,100.06909590397294,100.57668889464826,23296700
2015-06-18,102.15481567382812,102.33016019069463,101.00120182636363,101.05657303788988,43032400
2015-06-19,101.64974975585938,102.28801143471497,101.57574696987442,102.20475653615837,27877600
2015-06-22,102.39905548095703,102.70431182005869,102.16780196175225,102.39905548095703,19120900
2015-06-23,102.48228454589844,102.57478451876916,102.05677902485667,102.51003383203009,18127900
2015-06-24,101.9550552368164,102.79681439806834,101.92730594298247,102.36206369917416,15815900
2015-06-25,101.75151062011719,102.45452303317143,101.58500786590156,102.35277095796772,18326700
2015-06-26,101.07624816894531,101.96426756892441,100.69699620569746,101.73301413414323,32311700
2015-06-29,98.6897201538086,100.51199838724126,98.64346664296511,99.95698448629909,50874900
2015-06-30,99.0412368774414,99.64249731714217,98.73598060012158,99.42974101732341,34809900
2015-07-01,99.82748413085938,100.22524033331966,99.36497724694254,100.02173617522905,21293000
2015-07-02,99.85523986816406,100.19749752500812,99.54999066859551,100.11424966802454,20499400
2015-07-06,99.62401580810547,100.19752709108387,99.0135101715262,99.22625946256993,24311000
2015-07-07,99.87378692626953,99.9662869372393,97.89425705086269,99.73503338116562,44230800
2015-07-08,98.13471984863281,99.28174214934864,97.94971989421846,99.16148582741302,39691500
2015-07-09,98.07919311523438,99.53146421805731,98.06994100298118,99.43896426740687,28381000
2015-07-10,99.57776641845703,99.94777345929688,99.0227593858459,99.383514309908,26415800
2015-07-13,101.32601165771484,101.40925951152205,100.42874714999627,100.43799926396213,25780700
2015-07-14,101.99202728271484,102.26952719845546,101.4092640507981,101.46476967978262,21977200
2015-07-15,102.10304260253906,102.50079890414204,101.81629052137065,102.18629753218919,28631500
2015-07-16,103.54605865478516,103.56455582765182,102.74129401781312,102.94479820582646,29838900
2015-07-17,105.07230377197266,105.07230377197266,104.20279568485225,104.37854349052529,35926800
2015-07-20,105.43309020996094,105.81234224917682,104.97058324775375,105.29433670983954,26539000
2015-07-21,105.36833190917969,105.63657971746976,105.0630756424136,105.47007694080605,35468900
2015-07-22,104.17504119873047,104.68379447866721,103.75878081627948,103.75878081627948,35575000
2015-07-23,103.78655242919922,104.61906631594273,103.51830461980559,104.27681570388395,25698300
2015-07-24,102.76901245117188,104.52653975227061,102.61176182848095,104.34153984996291,30844700
2015-07-27,101.91799926757812,102.63025663812374,101.69599797845002,102.18625405986754,35994800
2015-07-28,102.7967758178711,103.00027997267374,101.55726077650206,102.37127033841777,33553500
2015-07-29,103.18529510498047,103.40729644716002,102.62103610658187,103.01879233402194,26714100
2015-07-30,103.6755599975586,103.8513078402615,102.32504054533027,102.9447981669214,25438100
2015-07-31,103.55529022216797,104.05479851204781,103.34254100408467,103.99929994338176,22081700
2015-08-03,103.2315673828125,103.8605772240659,102.54705895645642,103.57382512463914,25001800
2015-08-04,103.03729248046875,103.37029803200113,102.61178695513196,103.18529808439231,22132300
2015-08-05,103.83280181884766,104.52656218734775,103.4905441630946,103.61080047697034,28989900
2015-08-06,102.16781616210938,104.06409810607269,101.70530905941571,103.92534456380493,42125400
2015-08-07,102.03826141357422,102.27876695733221,101.1965025963632,101.91801217034255,30006800
2015-08-10,103.20378875732422,103.42579009193415,102.67653117681616,102.68578329080268,21500800
2015-08-11,101.88099670410156,103.05576792086033,101.3167378470367,102.65801179304894,36123300
2015-08-12,102.23252868652344,102.43603286485995,100.10500104322271,101.17801345086663,41889000
2015-08-13,102.06603240966797,102.82455059806432,101.8440310452059,102.33428729298704,22510500
2015-08-14,102.2232894897461,102.37128804601485,101.62202903490703,101.82553322491066,17924900
2015-08-17,103.07430267333984,103.10205196211852,101.71453106481464,101.9735338364773,21224900
2015-08-18,102.54702758789062,103.01878658884651,102.40827411028064,102.93553167936251,13984400
2015-08-19,101.87177276611328,102.77828944437887,101.27976446666067,102.23252760305174,42511400
2015-08-20,99.05048370361328,101.2520141026906,99.04123158916842,100.92826067007563,57747300
2015-08-21,94.72142791748047,98.48623433323067,94.72142791748047,97.65372038412086,97763400
2015-08-24,91.07686614990234,94.84167237458679,78.3856745353014,87.16406137360725,150829900
2015-08-25,90.73462677001953,95.03594360845909,90.66063100794001,94.41618587509718,75088300
2015-08-26,95.30416870117188,95.48917569169826,91.51161361156916,93.38939045731787,104103800
2015-08-27,97.71846771240234,97.78321840303164,95.53543434647744,96.68244960503759,69377700
2015-08-28,97.69995880126953,98.05146149998285,96.98769423262777,97.20045050901685,49919600
2015-08-31,96.48819732666016,97.69071821554051,96.24769879472086,97.15420846159107,39549400
2015-09-01,93.47265625,95.54468538406762,93.0841450533094,94.08316174657797,73155500
2015-09-02,96.10892486572266,96.12742203451775,94.07389049083221,95.16540693939955,43963600
2015-09-03,95.63717651367188,97.14494647171622,95.36892166396548,96.4881875185572,45131800
2015-09-04,94.49942016601562,95.13767493613413,93.97215548611985,94.32366527271702,49379600
2015-09-08,97.16343688964844,97.28368612630317,95.9146698447312,96.31242600572054,37343500
2015-09-09,96.07193756103516,98.33821863606907,95.822179873257,98.31046935015938,47146700
2015-09-10,97.1172103881836,97.75547225725575,95.84994582266448,95.9609429774275,47686700
2015-09-11,97.65370178222656,97.65370178222656,96.39568251149781,96.67318946077131,29106100
2015-09-14,97.35768127441406,98.03294430675224,96.98767442343261,98.01444008269164,19718800
2015-09-15,98.50472259521484,98.80997885848889,97.22820602692647,97.58896086268831,30020200
2015-09-16,99.05972290039062,99.1522299247755,98.18096262709523,98.52322026835198,31329100
2015-09-17,99.09672546386719,100.57675318388603,98.6434706796914,98.95797904024873,56139800
2015-09-18,97.68730163574219,98.84638211807055,97.52039376330826,97.5760344370968,48384000
2015-09-21,97.9933090209961,98.8000316529864,97.11241060834213,98.22512513742781,35772600
2015-09-22,96.5281982421875,96.82492249225663,95.62875086947238,96.49110682662084,47359700
2015-09-23,96.60237884521484,97.04746874728475,96.1016553583102,96.78782884430665,21775100
2015-09-24,96.25006866455078,96.6117012939263,94.83134787876891,95.66588743673839,38284300
2015-09-25,95.43403625488281,97.37202224337192,94.84058769249019,97.27929723196024,44700000
2015-09-28,92.71715545654297,95.09095687723756,92.43898041098088,95.02604865915988,44077500
2015-09-29,92.2350082397461,93.89481267491941,91.56737661504317,92.9489988484345,49315500
2015-09-30,94.35844421386719,94.46044388208117,93.1900888798953,93.55172149466587,41411400
2015-10-01,94.78497314453125,94.79424776987533,93.27352756443135,94.52534023062769,39339100
2015-10-02,96.44474029541016,96.44474029541016,93.171499178979,93.46822340576547,59370900
2015-10-05,97.82638549804688,98.0860183750372,96.94548722619182,97.15875405752016,32853500
2015-10-06,97.36272430419922,97.919081313902,96.602368073564,97.59454031444731,33051500
2015-10-07,97.9469223022461,98.16019619713018,96.7043915760757,97.9747461728992,37389300
2015-10-08,98.33638763427734,98.50329550108255,96.63021754310579,97.57603114649046,50188900
2015-10-09,98.7814712524414,98.96692836933398,98.11383978055942,98.38274729420442,23916200
2015-10-12,99.02252960205078,99.20797958386413,98.61453115270542,98.96689602239944,16162000
2015-10-13,98.38275146484375,99.45838156502185,98.29002643969949,98.45693431474554,26999600
2015-10-14,98.22509765625,98.87417977087364,97.81709914164973,98.38273087344939,30902600
2015-10-15,99.83854675292969,99.8478213768979,98.45692490920771,98.58674134690158,38393800
2015-10-16,100.25581359863281,100.31144718999377,99.5696329576786,100.05181433102291,27091100
2015-10-19,100.83070373535156,100.89561194418957,99.90343956654338,100.12598806067156,23776300
2015-10-20,100.31147003173828,100.86782729542935,99.96837963313668,100.65456043033988,23404700
2015-10-21,99.69945526123047,100.92344386453975,99.66237091444813,100.82145129919044,30195200
2015-10-22,101.73019409179688,101.8136515809716,100.30220581957462,100.58966264399069,42778700
2015-10-23,104.5768814086914,105.00342219806615,103.91852451153912,104.46561420461654,53170900
2015-10-26,104.64179229736328,104.84579160931065,104.10397721576864,104.50270121426585,25918000
2015-10-27,104.85505676269531,105.00341538332202,104.33578390433752,104.36360777801664,31390500
2015-10-28,105.72669219970703,105.72669219970703,104.16888760060003,105.01270166758015,42221900
2015-10-29,105.55975341796875,105.73593588027423,105.13321273374999,105.24448698485836,24913300
2015-10-30,105.08686828613281,105.78231653409183,105.05905148812892,105.60613404744662,27199200
2015-11-02,106.27377319335938,106.40358964308867,105.14250949617626,105.36505097078847,22176900
2015-11-03,106.6446762084961,107.02485091803007,105.90286188942963,106.06049513302992,20418400
2015-11-04,106.65394592285156,107.0712191387189,106.20886298195202,106.9970362904137,28633000
2015-11-05,106.36650085449219,107.006315568634,105.81014361693961,106.74668266274054,25004100
2015-11-06,106.44065856933594,106.56120036875795,105.48557757343413,106.1624764790212,29924900
2015-11-09,105.30938720703125,106.18101775509506,104.66030514430112,106.04192672037749,33479800
2015-11-10,105.04051208496094,105.14251173684563,104.43778879867853,104.75306237935831,35452100
2015-11-11,104.91069793701172,105.83796237490256,104.73451542998328,105.3279641042761,22748800
2015-11-12,103.89069366455078,104.99414045221562,103.81651082221957,104.48414225427005,31196900
2015-11-13,101.8507080078125,103.56615263403233,101.7950744132636,103.45487837046933,52836000
2015-11-16,103.3157958984375,103.33434514780598,101.51690780531514,101.74872390116039,33980600
2015-11-17,103.38069152832031,104.12250577444262,103.121058664517,103.49196578757814,30579500
2015-11-18,105.36503601074219,105.46703564597097,103.69596457643152,103.7979642116603,32966500
2015-11-19,105.4392318725586,105.92141331218731,105.23523257690536,105.42068969771094,26188100
2015-11-20,106.15318298339844,106.23663334541627,105.8379095531403,105.93990915635946,22727600
2015-11-23,105.84719848632812,106.57973797465434,105.3928410579357,106.19028167585431,20696200
2015-11-24,105.7545166015625,106.0048748979895,104.63252035705914,105.16106790128627,26374400
2015-11-25,105.84719848632812,106.04192309849631,105.62465708305929,105.91210669038419,14159900
2015-11-27,105.99555969238281,106.20883355354974,105.63392725017859,106.07901714221816,8828000
2015-11-30,105.72669219970703,106.31087334591373,105.3836088720278,106.31087334591373,25041600
2015-12-01,106.78374481201172,106.78374481201172,106.02338140398096,106.15320489580058,28639400
2015-12-02,106.12539672851562,107.33084315310985,105.96776349475851,106.86721100126057,22395500
2015-12-03,104.32649993896484,106.59829446050227,103.70522753160171,106.41284444528213,42754300
2015-12-04,106.76521301269531,106.94139549695103,104.4285100440096,104.64177687545728,40037300
2015-12-07,106.28302001953125,106.90428530566551,105.77302190436787,106.83937709777781,25892100
2015-12-08,106.29231262207031,106.63540298718458,105.1332321548183,105.17032357870626,30792600
2015-12-09,104.67884826660156,106.4128347563343,104.03903374575772,105.82865382009813,48509200
2015-12-10,105.15176391601562,105.85648670375154,104.60467434773796,104.91994786111897,30154600
2015-12-11,102.73159790039062,104.21521915254651,102.66668969168582,103.93703707268922,56022200
2015-12-14,103.51052856445312,103.5568946169895,101.42418354071097,102.87072090114266,53098500
2015-12-15,104.14105987548828,105.04050745273392,104.01124342871734,104.4656080668814,48428000
2015-12-16,105.68959045410156,105.8657658645114,103.7516043438706,104.84577652597869,44944100
2015-12-17,104.15032958984375,106.1532239446799,104.13178741595027,106.1532239446799,45668800
2015-12-18,102.15248107910156,104.05917428773263,102.15248107910156,103.82665020647968,53746100
2015-12-21,103.28719329833984,103.30579210141016,102.35709703125374,103.11977568642149,26432800
2015-12-22,103.96617889404297,104.1149977305095,103.28721246686432,103.8359659601711,26540300
2015-12-23,104.73812103271484,104.81253042280835,104.31958063156144,104.50559701072517,25656900
2015-12-24,104.71954345703125,105.00787814760197,104.67304289769993,104.73814935762132,11468600
2015-12-28,104.66374969482422,104.68235559714707,103.71505446246361,104.46843029686976,19183600
2015-12-29,106.3100357055664,106.54255983694685,105.2218173776902,105.2869238506338,27725700
2015-12-30,105.35202026367188,106.2542149426505,105.33342145720968,106.21701023365345,19520100
2015-12-31,104.04057312011719,105.17529174622678,104.02196722023939,104.97997237393979,29886800
2016-01-04,101.8455581665039,101.93856638945059,100.5620276592656,101.79905050699429,50807600
2016-01-05,101.6688232421875,102.47800956949533,101.1944792432116,102.34779665651314,38795200
2016-01-06,100.69223022460938,101.27818835531593,99.90164976684191,99.90164976684191,41891100
2016-01-07,97.53919219970703,99.7900233272135,97.48338160172018,98.54369071454789,61386300
2016-01-08,96.73930358886719,98.85992169830395,96.63699244358115,98.24605482658775,69344000
2016-01-11,97.03694152832031,97.71590780346558,95.5487889772439,97.42758024246453,50024100
2016-01-12,98.1623764038086,98.66462931899308,96.80443649063834,97.96705700836004,46734200
2016-01-13,94.77679443359375,98.8041122676836,94.62797565081375,98.56228529370115,69870700
2016-01-14,96.79512023925781,97.64151126597388,93.63279144636674,95.14885293464461,78445700
2016-01-15,93.79090881347656,94.81402043481579,92.55388610998119,93.58629358528043,91443900
2016-01-19,93.99553680419922,95.21396787322682,92.89802280465841,95.06514904803451,56563800
2016-01-20,93.70720672607422,94.71171248138121,90.45186951970935,92.51668454026087,86675000
2016-01-21,93.80022430419922,95.19536896047211,92.84222610893013,94.1071578316367,61660100
2016-01-22,96.5160903930664,96.553295096774,95.36277296241786,95.68830524976967,42229800
2016-01-25,95.08373260498047,96.72069672098402,95.00002026146376,96.17194339820419,38881500
2016-01-26,95.93944549560547,96.3486830880524,94.64661206168019,95.48370024452774,36143900
2016-01-27,93.5490951538086,95.79062372887701,93.14915342848805,95.38138614897315,54524700
2016-01-28,94.86983489990234,95.13956371340136,93.2514691149808,95.10235900504917,47641500
2016-01-29,96.85092163085938,96.88812633303058,94.81401563350353,94.84191738611409,54245100
2016-02-01,97.11135864257812,97.47409563395973,96.01384471848023,96.38587756374325,32750300
2016-02-02,95.00932312011719,96.70209782888958,94.7209884883548,96.66489313136958,44928100
2016-02-03,94.55360412597656,95.64181521892782,92.89802656109163,95.64181521892782,61572900
2016-02-04,94.54428100585938,95.29765666394287,93.41886544519073,94.30245400476839,49321600
2016-02-05,91.26107025146484,94.24667913604472,90.8890302358504,94.20947442487596,70749900
2016-02-08,89.86589813232422,90.2658397854325,88.2103209221072,89.55896468076115,91673100
2016-02-09,89.58688354492188,90.9448234158807,88.52657423340509,88.66609011040936,73778400
2016-02-10,89.93099975585938,91.79119207119948,89.86589330866529,90.61926892563547,59421700
2016-02-11,89.80079650878906,90.51696750486235,88.53586503078031,88.78698789805837,76839200
2016-02-12,91.16803741455078,91.26105272264344,89.96821941615877,90.81460337044253,49186500
2016-02-16,93.22357177734375,93.22357177734375,91.94003411459602,92.51669647728505,40565900
2016-02-17,95.33487701416016,95.46508993703031,93.66070072572656,93.90252776651631,41766500
2016-02-18,94.24666595458984,95.65110635039983,94.12574888618474,95.63250754545324,38991500
2016-02-19,94.52566528320312,94.8139999031753,93.58627331949984,93.79088850338727,28257900
2016-02-22,96.06036376953125,96.15337199875283,95.31629083968551,95.40929906890709,23979100
2016-02-23,94.47917175292969,95.76270192790541,94.41406530411362,95.50227613264111,29869700
2016-02-24,95.38139343261719,95.50230341608311,92.79571935049391,93.37238170194404,40739100
2016-02-25,96.3207778930664,96.3207778930664,94.72101099985639,95.57670505404064,29389300
2016-02-26,96.1998519897461,97.07414470430153,95.96732793554058,97.05553880616533,30925000
2016-02-29,95.33487701416016,96.82302977272775,95.33487701416016,96.10685869694187,27553900
2016-03-01,98.3948974609375,98.3948974609375,95.94874652197267,96.24637708145154,37699800
2016-03-02,98.43207550048828,98.45067430088527,97.66939695494534,98.27396086086763,29209800
2016-03-03,98.24605560302734,98.35766969769526,97.53918762500908,98.32976794804594,25474600
2016-03-04,98.28328704833984,98.91575289810449,97.63222239243765,98.3576964650351,31655400
2016-03-07,97.6787109375,98.3483814132165,96.98113870797393,97.78102209884956,25861200
2016-03-08,96.86952209472656,97.85542181069574,96.70210449238549,97.00903794602263,28898500
2016-03-09,97.49268341064453,97.51128221237536,96.69280011087282,97.23225760998785,31047400
2016-03-10,97.3438949584961,98.46000782676359,96.08825911160446,97.90195139262984,44236100
2016-03-11,99.04595947265625,99.04595947265625,98.08796135642346,98.39489485853846,31454000
2016-03-14,99.21337127685547,99.44589535339975,98.6460119624017,98.67391371621554,25374900
2016-03-15,99.1761703491211,99.28778446469775,98.54370455299723,98.85994099909513,26524600
2016-03-16,100.05976104736328,100.32018687440497,98.90643653321926,98.93434538274937,31693100
2016-03-17,100.00395202636719,100.23647610362872,99.39939510234457,99.77142794910566,29623700
2016-03-18,100.16067504882812,100.41254284559326,99.62894781821633,100.24462860870949,37682300
2016-03-21,100.55247497558594,100.64575908339977,99.92746362439986,99.98343266566391,17288600
2016-03-22,100.8603286743164,101.09354252492719,99.96478834202561,99.98344231854084,18840300
2016-03-23,100.03006744384766,100.73903228014164,99.8061770687986,100.66440927224575,20912900
2016-03-24,100.05805969238281,100.08604421214604,99.37707220395325,99.54498643965361,19017300
2016-03-28,99.91814422607422,100.3565874105485,99.74089941946835,100.33792631663104,13892300
2016-03-29,101.52264404296875,101.58794362930698,99.56364933570103,99.73156357444518,29963900
2016-03-30,102.01707458496094,102.65141658810415,101.80251469571324,102.12901980332353,23807200
2016-03-31,101.86778259277344,102.32488675432904,101.70919892061913,101.94241271512377,21447200
2016-04-01,102.94991302490234,102.98722809151779,101.11218691753845,101.25211663806608,26389000
2016-04-04,102.55809783935547,103.02452541604218,102.31555350668476,102.94989529566351,17163000
2016-04-05,101.56929016113281,102.14766305291127,101.43869097865408,101.76518893485093,20107900
2016-04-06,103.23907470703125,103.27638976598854,101.67187781642403,101.67187781642403,25056000
2016-04-07,101.755859375,102.82864440969053,101.31741623861265,102.64206907658887,28567200
2016-04-08,101.6812515258789,102.63276102330263,101.32676899098041,102.39022371279867,22898000
2016-04-11,101.30809783935547,102.63275083615544,101.29876729230136,102.11968462213285,25772100
2016-04-12,102.15699768066406,102.35289646220849,100.76703799899057,101.38272598423471,28564100
2016-04-13,103.46299743652344,103.62158114887626,102.80999437611217,102.94059356477003,25356700
2016-04-14,103.47232055664062,103.85479469165243,102.61409528599431,103.48165110355168,17199700
2016-04-15,103.21109771728516,103.60289518922323,102.94989940265977,103.38834248097537,21353300
2016-04-18,103.76150512695312,103.79881307839494,102.84730373995338,102.91260333065895,17126100
2016-04-19,103.12715148925781,103.95739209846566,102.5021330581708,103.95739209846566,42481400
2016-04-20,103.21109771728516,103.6868558572787,102.77265463896956,103.12714416634998,18078300
2016-04-21,103.22046661376953,103.5936102520711,102.7540388451733,103.15516701085097,20216000
2016-04-22,101.66258239746094,102.3528933855513,100.86032620165794,101.87713514917469,39074000
2016-04-25,101.66258239746094,101.67190582692903,101.1681630679047,101.35473841409245,14351900
2016-04-26,101.16815185546875,102.04503809256182,100.86031502333945,101.87712385816359,19118300
2016-04-27,100.35658264160156,100.58979648463348,99.52634192977769,100.13269222796332,33059800
2016-04-28,99.14385986328125,101.05621606969068,98.94796110489294,100.46851267740468,29818200
2016-04-29,98.62146759033203,99.34909361610492,97.83786540456947,99.14386430275945,67502800
2016-05-02,99.55430603027344,99.69423573081265,98.46286717688403,98.8733186167801,24813800
2016-05-03,98.63079833984375,99.2931247779286,98.36959286597015,98.84535108269527,38569400
2016-05-04,97.99645233154297,98.39758039612708,97.75390796020531,98.03376028056002,27474500
2016-05-05,97.96846771240234,98.5655016962628,97.77256893898382,98.35094182987777,20788100
2016-05-06,98.49088287353516,98.50953685152304,97.3901131270658,97.48339725125015,30758500
2016-05-09,98.77072143554688,99.22782567924418,98.45355403424325,98.500192531253,19289600
2016-05-10,100.12335205078125,100.16999054131334,98.94795248571725,99.12519725425244,21178900
2016-05-11,99.2184829711914,100.27260682040499,99.19049845299149,99.97409343107155,20966300
2016-05-12,98.78003692626953,99.57296242579656,98.0803955236656,99.45169381150856,29196300
2016-05-13,98.41622924804688,99.30243889205775,98.2203304988588,98.69608867095597,21059300
2016-05-16,99.6476058959961,100.01141890470602,98.4722061894064,98.5654974159444,18311900
2016-05-17,98.39759826660156,99.85285052468083,98.1363927561954,99.56366760599134,29932700
2016-05-18,98.7520523071289,99.28377948787507,97.98711132575512,98.17367951940908,27524400
2016-05-19,98.23898315429688,98.61212667412886,97.52068775024487,98.36958231866997,27334600
2016-05-20,99.32109832763672,99.72222636465766,98.57481129039569,98.63078744431719,29549600
2016-05-23,99.19049835205078,99.7875251301101,99.09721425243912,99.43303558761697,15729800
2016-05-24,101.17747497558594,101.29874359042658,99.71289258414559,99.740877101638,29931300
2016-05-25,101.90510559082031,102.21294953165167,101.38270892792158,101.55995370302826,37951700
2016-05-26,102.20364379882812,102.33424299625901,101.76520058582909,102.00774500268179,21885900
2016-05-27,102.73535919189453,102.74468973837551,102.25027753170818,102.2689315075485,19870000
2016-05-31,102.93126678466797,103.08985761994653,102.4088700109191,102.87529773522981,24366100
2016-06-01,102.94058990478516,103.17380375011413,102.53013837664895,102.61409194474895,19571500
2016-06-02,103.15513610839844,103.1644595366488,102.17563524092881,102.7353469721454,15696600
2016-06-03,102.67002868652344,103.0058570875034,101.99837188456351,102.95921860338477,20269900
2016-06-06,103.04319763183594,103.31372652826698,102.67938462697516,102.85662941497651,12502400
2016-06-07,102.78199005126953,103.20177206006625,102.73534444268294,103.09915741487227,12184300
2016-06-08,102.9592514038086,103.17380415676872,102.57677727974314,102.9592514038086,14568700
2016-06-09,102.79134368896484,102.90328178732705,102.34356994414934,102.53946873340543,17571600
2016-06-10,101.62525177001953,102.05436432487426,101.27076222509385,101.85846557920931,32965000
2016-06-13,100.7763442993164,101.61591538759512,100.64574514304196,101.04687315649068,25154700
2016-06-14,100.7763442993164,101.14015725138381,100.03938785055621,100.50581544214214,24588500
2016-06-15,100.4871826171875,101.15883962915834,100.31926836419478,101.01890989881079,24605700
2016-06-16,100.78567504882812,100.8789591439109,99.3490772097686,99.99274956494416,32079900
2016-06-17,99.60431671142578,100.71737317155296,99.37048180037891,100.57707079770981,29208800
2016-06-20,100.23101806640625,101.24117964385017,100.15618916849886,100.7641614758626,20562800
2016-06-21,100.54906463623047,100.75484060795631,100.1749271545543,100.36199946343184,22804100
2016-06-22,100.30583953857422,101.19441664248643,100.22166238072884,100.60514799326297,22724200
2016-06-23,101.7369384765625,101.75564927457148,100.66130308163844,101.08220326781928,18714200
2016-06-24,97.54661560058594,99.61371627445892,97.331484247161,98.11717360741042,68012700
2016-06-27,95.61042785644531,96.90119410829787,95.17081704380743,96.90119410829787,48222600
2016-06-28,97.70562744140625,97.75239730153262,96.62063662004607,96.6673993440937,28260600
2016-06-29,99.43598937988281,99.64176531392269,98.42582764126152,98.47259035785756,31356700
2016-06-30,100.5864486694336,100.65192217371451,99.26761605110507,99.60433896914313,36300800
2016-07-01,101.0915298461914,101.46566720284244,100.50226119024116,100.5396756395139,19902800
2016-07-05,100.4742202758789,100.69870701204195,99.93172136760161,100.55840458595951,21167900
2016-07-06,101.29733276367188,101.34409548567635,99.679191297454,99.99721063304527,24579300
2016-07-07,101.59664916992188,101.82112880673252,101.11962369763015,101.39087319614588,19161700
2016-07-08,103.16800689697266,103.22412501453877,101.970765678964,102.13912716774038,29457900
2016-07-11,103.75724792480469,104.14073354544428,103.50470930985439,103.51405757020605,20218500
2016-07-12,104.28104400634766,104.56164883226775,104.1407415933876,104.39328736393112,21906100
2016-07-13,104.02849578857422,104.5896982526382,104.01914039228481,104.52422475076534,21107800
2016-07-14,104.73938751220703,104.93580807682946,104.47748628996516,104.72067671400758,20871000
2016-07-15,104.57099151611328,105.03866141173798,104.33715656830093,104.98253617173114,17999300
2016-07-18,105.26315307617188,105.45021820151683,104.61776626240069,104.63647705658146,20713900
2016-07-19,104.87965393066406,105.20702858427595,104.69258881666585,104.89836472370989,18936700
2016-07-20,106.10496520996094,106.30138574127751,105.31927594861719,105.45022296949492,24997900
2016-07-21,105.86177062988281,106.38555869262622,105.57181754316089,106.17978277195499,18885400
2016-07-22,106.3013916015625,106.42298323163004,105.6092420050403,105.93660957528202,20003400
2016-07-25,106.31076049804688,106.33881955961918,105.95532668858769,106.2172207780342,12968100
2016-07-26,106.43230438232422,106.8157899451888,105.89916104346092,106.27329834738222,21223800
2016-07-27,107.17123413085938,107.4518317843285,106.72226789480207,107.33024018143284,27646100
2016-07-28,107.54541015625,107.66700180288287,107.00291117389638,107.33963418804147,16939700
2016-07-29,107.77922821044922,108.06918131848535,107.4425052493399,107.78857647220171,22385300
2016-08-01,108.34978485107422,108.62103431410381,107.72310874825314,107.85405578060148,13990100
2016-08-02,107.52670288085938,108.28432611947068,106.83455316736165,108.19079353160542,21278400
2016-08-03,107.88211059570312,107.89146599366799,107.37703328284404,107.44250679644264,15011300
2016-08-04,108.19078826904297,108.29367625151384,107.59217117252814,107.84471699716705,12835300
2016-08-05,109.22898864746094,109.4721790112518,108.62101630602223,108.7426150559561,23196600
2016-08-08,109.10740661621094,109.31318254702389,108.76132826565485,109.28511635421326,12358200
2016-08-09,109.35994720458984,109.7060255612906,109.126112212892,109.19158572512428,13276500
2016-08-10,109.079345703125,109.45347596796961,108.78938547096982,109.42541691171401,14688400
2016-08-11,109.54702758789062,109.78086259689614,109.2290082648825,109.45348787542589,12969800
2016-08-12,109.6218490600586,109.63120445849447,109.23836335712518,109.35995499247906,19379000
2016-08-15,110.08950805664062,110.34205383658221,109.72472605101605,109.76214050493618,11777800
2016-08-16,109.48153686523438,109.8930815638746,109.46282607125067,109.88373330295978,14161400
2016-08-17,109.6779556274414,109.71537007873204,108.90162181933393,109.50959416467204,15980300
2016-08-18,109.70602416992188,109.86503024960115,109.38800487448577,109.57507714711805,10036300
2016-08-19,109.6779556274414,109.92113885671512,109.21028569042392,109.50959416467204,18743000
2016-08-22,109.76213073730469,109.949202990258,109.31317160237033,109.51894037650378,14500600
2016-08-23,109.95855712890625,110.37946436849406,109.91179441522573,110.19239210554042,11997900
2016-08-24,109.24771881103516,110.03340101417268,108.88293676871014,109.88375031951331,17728700
2016-08-25,109.06997680664062,109.40669971218819,108.83614185201462,108.96708885571906,24266300
2016-08-26,109.22898864746094,109.93984894526976,108.57425359426655,109.10739703360395,23896000
2016-08-29,109.378662109375,109.66861522642874,109.23835968186975,109.2570633420341,11184900
2016-08-30,109.02322387695312,109.51895291590364,108.64909360036395,109.20094075358732,19843300
2016-08-31,108.91096496582031,109.0232011709909,108.45264334112002,108.8548397271589,16169800
2016-09-01,109.19155883789062,109.32250583011094,108.41523228003474,108.94837564438198,20944700
2016-09-02,109.54702758789062,109.95857235120718,109.13547568849592,109.73409274066377,18088200
2016-09-06,110.22980499267578,110.22980499267578,109.4908856206765,109.7340759910239,18525200
2016-09-07,110.29528045654297,110.48235272015876,109.87438035154253,110.33269490926612,17546900
2016-09-08,109.64988708496094,109.99595824131902,109.35992689656813,109.96789918929824,20125300
2016-09-09,106.8906478881836,108.97645910765868,106.8719442291375,108.73326872359453,50813300
2016-09-12,108.80811309814453,108.95776380001742,106.28269060330385,106.29204600219542,39646000
2016-09-13,107.83533477783203,108.58360239433145,107.31154673267474,108.2655902629365,45863900
2016-09-14,108.34978485107422,108.93905363271983,107.91952929677565,107.94759549177435,28221800
2016-09-15,110.03337097167969,110.20173241725246,108.36846730772452,108.37782270361083,38521400
2016-09-16,109.98088836669922,110.09341295168102,109.4370302702222,109.915250813949,27596500
2016-09-19,109.5026626586914,110.59975048318638,109.2869994900931,110.26218389811771,16222900
2016-09-20,109.70896911621094,110.15906034237764,109.52143527844993,109.89650295397195,18078600
2016-09-21,110.78729248046875,110.9466969376914,109.5307930345835,110.17779685431317,31546800
2016-09-22,111.66868591308594,111.79058930440662,111.3217477167545,111.43426511925988,22614400
2016-09-23,110.95606994628906,111.58431605925306,110.79666549743958,111.58431605925306,22213400
2016-09-26,110.02776336669922,110.45910401302689,109.86835891051,110.32782891334678,16403900
2016-09-27,111.115478515625,111.17173722813904,109.84960740636484,109.95275314861146,20238400
2016-09-28,111.30302429199219,111.3686618483002,110.73103680675497,111.25614441117622,14794300
2016-09-29,110.49661254882812,111.32177855017791,110.018399147817,111.11548704984045,27207500
2016-09-30,111.32174682617188,111.64993450411185,110.67474315112246,110.78726770668251,25543200
2016-10-03,111.1623764038086,111.30302319883222,110.73103571921277,111.1811269251594,19216400
2016-10-04,110.99359893798828,111.73436976458368,110.57163706883634,111.49057005044861,21239700
2016-10-05,111.38740539550781,111.74372249113395,111.27488081869926,111.3217678475252,14481300
2016-10-06,111.33116912841797,111.5655900118945,110.78731096180258,111.24677389030845,11987100
2016-10-07,111.08737182617188,111.5937218039853,110.5435136477103,111.4343101627412,19984200
2016-10-10,111.79059600830078,112.03439565160751,111.61243390504332,111.65932092820222,19687300
2016-10-11,110.1965560913086,111.71560585842185,109.70896384418661,111.69685533712973,27774400
2016-10-12,110.10279846191406,110.47787330499945,109.76523181853298,110.29971114489342,14267800
2016-10-13,109.70896911621094,110.00902754900297,108.71502689895435,109.35265196288208,22821000
2016-10-14,109.84024047851562,110.69353586525997,109.77460292214737,110.2528234922344,21313300
2016-10-17,109.54016876220703,109.99025991836427,109.39951482878563,109.74646024403091,14182700
2016-10-18,110.51536560058594,111.03109432985521,110.45910688610441,110.8435533583225,19276700
2016-10-19,110.50597381591797,110.66537825757649,110.30906118434761,110.43095743609429,13702900
2016-10-20,110.37471008300781,110.61850976553781,109.7370850968223,110.39346775687129,18132200
2016-10-21,110.78729248046875,110.85293003073434,110.09340878423875,110.4591047291408,15707800
2016-10-24,112.11882019042969,112.19383659031108,111.48119509935309,111.49995277630227,19143000
2016-10-25,111.76248168945312,112.20319401218906,111.59369839891502,112.18443633882022,20341800
2016-10-26,111.0029525756836,111.6124481849528,110.67476483344825,111.04046076821852,20463700
2016-10-27,110.49661254882812,111.57494992989221,110.33720808182441,111.4811830171816,19099800
2016-10-28,109.80272674560547,110.74978900027749,109.46516014302844,110.17780154335291,35369300
2016-10-31,109.69959259033203,110.20594254770818,109.6433338686094,110.20594254770818,18749400
2016-11-01,108.8743896484375,109.90583966871655,107.92732767662052,109.88708915370984,23498700
2016-11-02,108.00237274169922,109.05258070998869,107.73044370114329,108.79940218942164,26960100
2016-11-03,106.94280242919922,108.18054432128955,106.82089899977854,107.82422002477632,36205200
2016-11-04,106.56771087646484,107.40224845994818,106.38016991986656,106.6802282964678,26997500
2016-11-07,109.0994644165039,109.21198900225644,108.114901118507,108.29305610350258,26591200
2016-11-08,109.81208801269531,110.30905899976254,108.73375082444167,108.98692931284366,20777900
2016-11-09,110.31842041015625,110.49657533812407,108.39616715411888,108.52744221849706,70234400
2016-11-10,108.536865234375,111.0029702664355,107.08345294632741,110.85294462634214,72825400
2016-11-11,108.58374786376953,108.81816872949099,107.68356544391683,108.06801909759945,41115200
2016-11-14,107.48664855957031,108.7150187124651,106.92403993469564,108.61187296327645,35906000
2016-11-15,108.9775619506836,109.35263672790767,108.14302432718712,108.30242878247154,31796600
2016-11-16,109.62456512451172,109.69957435635489,108.46183260648877,108.46183260648877,16538100
2016-11-17,110.42160034179688,110.44035086225205,109.34326298972928,109.56830500497472,20598600
2016-11-18,110.0090103149414,110.74040218316946,109.90586457414452,110.55286837478758,16428700
2016-11-21,111.1529769897461,111.25612272297397,110.24342306253065,110.28093125224585,20268500
2016-11-22,111.49056243896484,111.76249149502058,111.2186333829091,111.59370818967416,18850600
2016-11-23,111.04047393798828,111.24676544441914,110.5528816851166,111.1248691696905,22926000
2016-11-25,111.39679718017578,111.44367706049458,111.04047288917641,111.17174800040029,7162800
2016-11-28,111.14359283447266,111.65932147592916,111.03107542466786,111.25611739823282,13479000
2016-11-29,111.52808380126953,112.06256313897066,110.92796690118257,111.24677587449726,18553000
2016-11-30,110.17778778076172,111.70620898476436,110.14027959027655,111.66870079427919,30405300
2016-12-01,108.27430725097656,110.14967411867109,108.10552394672578,110.1402952812247,39796600
2016-12-02,108.48998260498047,108.92132332842016,108.03989851245906,108.33995695879256,32876800
2016-12-05,109.33391571044922,109.76524934498421,108.55563653872014,109.05261489868748,21419700
2016-12-06,109.596435546875,109.78397652323656,109.1369726742135,109.64332257945458,27293300
2016-12-07,110.98422241210938,111.12487637142377,109.04321780465183,109.37140560708039,26622400
2016-12-08,111.18112182617188,111.4624297112318,110.81542586796796,111.0310962003748,18578400
2016-12-09,112.05314636230469,112.09065455010561,111.584304745726,111.59368358116507,21863100
2016-12-12,111.54681396484375,111.78123480971455,111.08735111200481,111.55619280174639,23259300
2016-12-13,112.9533462524414,113.56284191884706,111.88438770383446,111.88438770383446,54477900
2016-12-14,112.71893310546875,113.45970393176258,112.39074531001133,113.09400793768754,28746000
2016-12-15,112.89705657958984,113.56281078054754,112.59699824741237,112.86892722875366,22762300
2016-12-16,112.47854614257812,113.400196261383,112.25283869158713,113.17448163528151,26283900
2016-12-19,112.93938446044922,113.63532723206983,112.43154441374774,112.59142024975048,21138700
2016-12-20,113.37200164794922,113.57889599191425,113.16510012887255,113.29676342735559,11461800
2016-12-21,113.28740692138672,113.49430853189993,113.03348678355721,113.41907027805607,7079300
2016-12-22,112.96761322021484,113.32498403079857,112.52559761166184,113.2967714898462,16645000
2016-12-23,113.04283905029297,113.08986473311654,112.67606168462694,112.77951244674935,9007500
2016-12-27,113.62594604492188,114.28426267853783,113.24036263812202,113.2873811547442,16110600
2016-12-28,112.74191284179688,113.9739156288362,112.66668178141944,113.87046484881503,17975200
2016-12-29,112.58204650878906,112.97703651590152,112.22467562260832,112.71370984449321,13267500
2016-12-30,111.42527770996094,112.80774259435138,111.10551880209609,112.79834319640898,41749000
2017-01-03,112.42216491699219,112.84536744953337,111.81086678934459,112.16823765737684,22307600
2017-01-04,113.033447265625,113.24034880380279,112.53500656462157,112.5444059617298,19749100
2017-01-05,113.67296600341797,113.74819706124173,112.94881056785094,112.94881056785094,20644300
2017-01-06,114.66983795166016,114.97078368329497,113.50367413846429,113.7952132979852,24074300
2017-01-09,115.04602813720703,115.2529296842387,114.68865012865685,114.7638883594161,18909200
2017-01-10,115.29994201660156,115.64791343387607,114.82971386223116,115.09304048066063,16176600
2017-01-11,115.61027526855469,115.61027526855469,114.75445672458102,115.34694869352003,20686000
2017-01-12,115.43160247802734,115.50684070289736,114.35948288652183,115.1964884066426,19622500
2017-01-13,115.82660675048828,116.02410172167964,115.48804189269951,115.48804189269951,16930800
2017-01-17,115.47863006591797,115.70433756913656,115.140065223534,115.52564857590275,14538500
2017-01-18,115.71376037597656,115.82661773097598,115.35638951448149,115.64792871267187,12499700
2017-01-19,115.65733337402344,116.28743745168221,115.41281269645695,115.88304090517778,12710700
2017-01-20,115.91121673583984,116.45668300721157,115.60086449435828,116.16513673107247,22091000
2017-01-23,116.0052719116211,116.17455431619666,115.27171721683081,115.83598950704553,17434200
2017-01-24,116.78585052490234,116.96453949790046,116.03348269922633,116.23097763906623,17640900
2017-01-25,117.96141815185547,117.98963068904813,117.4159518490936,117.51940260220745,15036200
2017-01-26,118.08370971679688,118.32823040314094,117.87680814951446,118.12132883585852,16052200
2017-01-27,118.30941009521484,118.42226026361205,117.92381955289125,118.33762263731414,15053000
2017-01-30,117.38775634765625,117.91440958531213,116.73883919760723,117.91440958531213,25006700
2017-01-31,117.15264129638672,117.18085383743919,116.47551161067878,116.97395230290485,19091100
2017-02-01,117.96141815185547,118.19653219527581,117.42535841986155,117.98022411828018,22861900
2017-02-02,117.85797882080078,118.21534961839382,117.42536979999495,117.75452805766115,15101400
2017-02-03,118.19654846191406,118.31880519827801,117.86739019084787,117.98024035514932,16957200
2017-02-06,118.33763122558594,118.35643719664616,117.88620899389817,117.99906634559835,11630100
2017-02-07,118.77021026611328,119.01473087871813,118.46926457948852,118.58211472752834,17541100
2017-02-08,118.96772003173828,119.13700245001321,118.3846345520997,118.61034922654098,12569100
2017-02-09,119.40033721923828,119.663663848965,119.02415324458045,119.08998490201213,17542700
2017-02-10,119.79534149169922,119.96462394178629,119.45677659152508,119.66367816108854,13915700
2017-02-13,120.47248077392578,120.62294290448557,120.1151027196138,120.16212123852455,19120200
2017-02-14,120.87686920166016,120.88626860029873,120.13390772774491,120.51949115021714,16333500
2017-02-15,121.59162139892578,121.64806084628614,120.7264030923664,120.79224193917273,17891400
2017-02-16,121.55400848388672,121.91138656318505,121.24365610190048,121.66685867725333,15098300
2017-02-17,122.08062744140625,122.09004118835198,121.35647208756177,121.37528523122921,15563700
2017-02-21,122.6825180053711,122.75775622927632,122.24991615569584,122.31574063272299,18479600
2017-02-22,122.72954559326172,122.81418321513432,122.36276821492301,122.56966974631655,12110900
2017-02-23,122.26871490478516,122.91763202928723,121.77968797491383,122.91763202928723,17489000
2017-02-24,122.50382232666016,122.50382232666016,121.6762306093504,121.71384254413685,18624500
2017-02-27,122.654296875,122.6636962709959,122.0712186183506,122.27812013204353,12008700
2017-02-28,122.27813720703125,122.68252654466747,121.93957235100389,122.62610146036705,16598600
2017-03-01,123.61358642578125,123.83928676834996,122.82360652634028,123.05872061666618,25813800
2017-03-02,122.99287414550781,123.60416500230438,122.84239769298965,123.58536620840788,19951400
2017-03-03,123.21862030029297,123.25623224791825,122.57910238883906,122.90826791902934,13722700
2017-03-06,122.94586181640625,123.15276337353917,122.45683481793382,122.81419849370585,12026200
2017-03-07,122.73893737792969,123.27500431699144,122.52263646315086,122.70132544283811,15500900
2017-03-08,122.95525360107422,123.34082975210463,122.6919270027115,122.81417655537919,15776000
2017-03-09,123.04930114746094,123.21859074674121,122.39098459520334,122.9270515843289,20855300
2017-03-10,123.56655883789062,123.76406098482698,123.03050618230627,123.61358452527786,21922600
2017-03-13,123.7734375,123.80165003717163,123.45368584523993,123.51951031523295,10731600
2017-03-14,123.47254943847656,123.53838829324607,122.9741085532185,123.49136258987212,14019700
2017-03-15,124.23429107666016,124.52583025264786,123.3314466556488,123.72643660539589,22709100
2017-03-16,124.1496353149414,124.4694013742336,123.86750989530832,124.4694013742336,18457300
2017-03-17,124.10627746582031,124.43611314112496,124.04030170271713,124.30417599498902,21234500
2017-03-20,124.2193603515625,124.50208691163475,123.88952468153671,124.06857093551461,10105200
2017-03-21,122.33455657958984,124.80367257165469,122.25916185875401,124.69058768043726,35841900
2017-03-22,123.16387176513672,123.28638997170526,122.21202609269712,122.372248845935,29177900
2017-03-23,122.85286712646484,123.34292554538729,122.64553527153883,123.00365654460566,20311700
2017-03-24,123.10734558105469,123.72932688251701,122.63613934596539,123.24870169955224,22967600
2017-03-27,123.30525207519531,123.52201731092651,121.94817573006954,122.23090236531641,18472400
2017-03-28,124.0591812133789,124.42672151403092,123.03195503720706,123.30524833561043,23721900
2017-03-29,124.63404846191406,124.68117196116569,124.0120527839679,124.14398995382862,13710000
2017-03-30,124.84136962890625,124.9733067874317,124.47382937443737,124.58691425886725,16092400
2017-03-31,124.75656127929688,125.09583032710864,124.52095817331849,124.66231428487657,19841400
2017-04-03,124.68115997314453,125.161785107124,123.98376963946404,124.8602206250403,23700300
2017-04-04,124.87908935546875,124.8979416340266,124.27594586229452,124.32306936865152,13400000
2017-04-05,124.37019348144531,125.79323134788464,124.13459032858664,125.05815066137158,32011200
2017-04-06,124.43614959716797,124.7659997491792,124.11573277411827,124.49270643071318,18832200
2017-04-07,124.37019348144531,124.7471527739891,123.92725840366498,124.39846470938234,16743100
2017-04-10,124.41725158691406,124.93558112675332,124.07798264993451,124.49264628180592,15619300
2017-04-11,123.8801498413086,124.49272674068426,122.98486062845782,124.30423269159822,33778400
2017-04-12,123.38062286376953,123.96491391785568,123.24868571026391,123.86124798438189,15955200
2017-04-13,122.89054870605469,123.93662685371507,122.87171081515586,123.21097979223678,23683000
2017-04-17,123.90838623046875,123.92723850609163,123.19215793760202,123.23928143662272,13325500
2017-04-18,123.71991729736328,124.07803866475601,123.40891943306026,123.49373311057722,12841100
2017-04-19,123.91780853271484,124.67172692967442,123.74816682734878,124.25707756337532,17764800
2017-04-20,124.95443725585938,125.22774486224739,124.22879017422454,124.41726974893399,21977900
2017-04-21,124.92617797851562,125.11465757123906,124.60576123287868,125.06754845811157,22454900
2017-04-24,126.43404388427734,126.55654771089971,126.09477486426306,126.31152567758376,22469900
2017-04-25,127.3481216430664,127.57429129048735,126.73554529448525,126.84864449825977,19384400
2017-04-26,127.16914367675781,127.7063113183155,127.09374895196362,127.395313471067,25398500
2017-04-27,127.93245697021484,127.93245697021484,127.40470843564232,127.48010313773398,16136500
2017-04-28,128.15867614746094,128.48851188179466,127.95134425498921,128.44138838258328,22771900
2017-05-01,129.29891967773438,129.46856131032234,128.52614933835625,128.58269175586372,24815500
2017-05-02,129.51571655273438,129.57227337045916,129.1293384354073,129.4591741150802,18345100
2017-05-03,129.10108947753906,129.2707168197505,128.75238708509372,129.22359332022296,23827600
2017-05-04,129.148193359375,129.51573363266726,128.69583941841665,129.08223196677,14630100
2017-05-05,129.619384765625,129.619384765625,128.99740356039942,129.47802866899892,19330700
2017-05-08,129.90216064453125,129.90216064453125,129.4215353535059,129.68540975407782,13279900
2017-05-09,130.35447692871094,130.6466224424467,129.9869223248969,130.10002157994376,28426100
2017-05-10,130.42990112304688,130.47702463015844,129.96812814154956,130.42990112304688,20499400
2017-05-11,130.3262481689453,130.3639527304285,129.46866352624016,130.0718070892796,27232100
2017-05-12,130.61834716796875,130.64661838583498,130.2696448475016,130.38274409903667,19738600
2017-05-15,131.0330047607422,131.10839947316774,130.5523796466093,130.67489785180967,20481300
2017-05-16,131.57965087890625,131.59850315851196,130.98594068204827,131.3723189434714,21786000
2017-05-17,128.2340087890625,130.77851833381732,128.2151565224902,130.53348200857516,55642200
2017-05-18,129.3555145263672,129.78903053641562,128.04556192957938,128.1869324107147,41319900
2017-05-19,129.90216064453125,130.44876172573774,129.7325332641963,129.81734695436379,36730100
2017-05-22,130.99534606933594,131.06132185108717,130.14718051588082,130.19428963990373,19509700
2017-05-23,131.12728881835938,131.39116319641533,130.7880197065624,131.38174424722587,19687500
2017-05-24,131.7303924560547,131.79636822064668,131.1555203677603,131.52306059600943,15891900
2017-05-25,132.8518524169922,133.19112139296087,131.9471303543859,132.2298568977047,23928600
2017-05-26,133.08743286132812,133.14397528437138,132.70104046377674,132.8801010567916,13851600
2017-05-30,133.20059204101562,133.36080045573266,132.93671766617877,133.02153134807455,20306400
2017-05-31,133.15345764160156,133.6717873997938,132.4749338618734,133.6717873997938,33229400
2017-06-01,133.6718292236328,133.72837169129528,132.86135363362166,133.42680707040273,20120700
2017-06-02,135.19847106933594,135.22674228713237,133.92620874821657,134.14295954467917,37222900
2017-06-05,135.17022705078125,135.40583019160468,134.9817474141374,135.18907932846798,15727500
2017-06-06,134.6330108642578,135.45290489732326,134.43509797003372,135.00997000174164,22393000
2017-06-07,135.16079711914062,135.27388201592302,134.38802635767198,135.0100076700485,18842400
2017-06-08,135.30218505859375,135.5189359320537,134.56708999454548,135.46239347637504,25417400
2017-06-09,131.9188995361328,135.6131548612827,130.15659273854243,135.46237978806698,109783700
2017-06-12,131.2120819091797,131.44768502261715,129.55344116740605,130.8068514565022,104454000
2017-06-13,132.2770233154297,132.46550294545682,131.25921605719438,131.9471731778267,51193000
2017-06-14,131.7021484375,132.81418829825782,130.63721769824224,132.81418829825782,60093800
2017-06-15,131.11785888671875,131.25921501309617,129.57230292467196,130.3733449409339,55145200
2017-06-16,130.54893493652344,131.14427673956115,130.0670004983591,131.04977300537422,48087400
2017-06-19,132.73190307617188,132.85474067657108,131.61681912832927,131.81527128166817,39626500
2017-06-20,131.6923828125,132.76965918570667,131.6451309396165,132.59956974642267,40935100
2017-06-21,132.99644470214844,133.0625857814165,131.90970942392852,131.99475413409266,35743400
2017-06-22,132.95864868164062,133.4500421917664,132.6184553929761,133.2043526463269,24099100
2017-06-23,133.4689483642578,133.6390378022036,132.43890945279145,132.80745098758766,21654300
2017-06-26,132.84523010253906,134.4611370975911,132.55228874198835,134.23435122838742,34411100
2017-06-27,130.43557739257812,132.50508572744906,130.4261327842942,132.34444087112678,65957800
2017-06-28,132.31607055664062,132.42946351413076,130.16151784884704,130.9174901244437,57427200
2017-06-29,130.019775390625,131.7679938981659,128.75350583968367,131.7679938981659,88769400
2017-06-30,130.06703186035156,131.04035999633675,129.64179379246707,130.38832156326438,68898300
2017-07-03,128.69679260253906,130.81353798367743,128.6117478868854,130.66235218448648,32797000
2017-07-05,129.9630584716797,130.31269635051396,128.66844088205343,129.10312347423994,42116600
2017-07-06,128.79129028320312,129.51892876481654,128.32825941065155,128.9708387518445,48430500
2017-07-07,130.18038940429688,130.5300416745419,129.21652055787848,129.22596516330594,36970400
2017-07-10,131.03094482421875,131.34278998918924,129.9347644417623,130.26551324622397,24853500
2017-07-11,131.39942932128906,131.56007413894335,130.3505012842851,130.84189476250432,31517700
2017-07-12,132.95864868164062,133.1098489031019,132.259372891064,132.52396606899788,36045800
2017-07-13,133.25161743164062,133.57292157296436,132.86418661113944,133.11932081553664,31073600
2017-07-14,134.300537109375,134.47064098727625,133.4217127345063,133.84695080038625,34544800
2017-07-17,134.36666870117188,134.8391585611975,134.11152013936908,134.4422688090855,25343200
2017-07-18,135.26437377929688,135.2927220125862,133.84690443785422,134.27214235643825,25748500
2017-07-19,136.05821228027344,136.25666441878923,135.60462593127315,135.66132242249193,33752300
2017-07-20,136.2377166748047,136.49286522193452,135.62348565979266,136.40782051263972,36139400
2017-07-21,136.18104553222656,136.18104553222656,135.46286604363226,135.73690385319185,39697100
2017-07-24,136.80474853515625,136.8992378766285,136.00150982677056,136.16215468459782,26712700
2017-07-25,136.45506286621094,136.7763669227293,136.08652136010525,136.3511145224762,28120900
2017-07-26,136.89918518066406,136.9747852762911,136.57789558868205,136.79523685158236,18610600
2017-07-27,136.03933715820312,137.9292972973214,134.4706667821146,137.79700066435316,80665900
2017-07-28,135.9259033203125,136.15270368384648,135.0092716774963,135.22662743310133,38013200
2017-07-31,135.34947204589844,136.48344508399188,135.056530573143,136.31335561694016,33848600
2017-08-01,135.6613006591797,135.85029373933997,135.24550723127842,135.812500891007,20149400
2017-08-02,136.02987670898438,136.56852226425016,134.76360688961583,136.54017401599947,41769700
2017-08-03,135.50067138671875,136.23775457749514,135.25498179620973,136.16215445289635,27112800
2017-08-04,135.746337890625,136.0487383375904,135.18880328818537,135.80304878886622,29472900
2017-08-07,136.6062774658203,136.6062774658203,135.80305328804556,135.9920463640368,17933900
2017-08-08,136.37001037597656,137.46619022570457,135.9825652605864,136.34166214014266,30810400
2017-08-09,136.19049072265625,136.256646233082,134.9336657978005,135.24551087713297,36169500
2017-08-10,133.27047729492188,135.51007442452618,133.1381807222711,135.4155851122013,63331700
2017-08-11,134.2816619873047,134.5746034763406,133.14767446693946,133.45007498417027,45862500
2017-08-14,136.01087951660156,136.21877614027443,135.31160398173955,135.34939681366123,34161000
2017-08-15,136.10545349121094,136.3606021009403,135.7369119079347,136.35114307364546,25509200
2017-08-16,136.34169006347656,136.9842838522228,135.88810377799265,136.44563842257162,31913000
2017-08-17,133.5540008544922,136.02039878295045,133.5540008544922,135.81250206719935,70191000
2017-08-18,133.4595184326172,134.37615016603334,132.91142831434,133.62962232689296,60751900
2017-08-21,133.2893829345703,133.7429691306049,132.46724083140398,133.45002774526495,37111500
2017-08-22,135.3211212158203,135.4628768549044,133.96034782840857,134.00759970810327,36294200
2017-08-23,134.83917236328125,135.14155840664176,134.54623092715937,134.64072025728868,25702300
2017-08-24,134.44229125976562,135.29276738213534,133.68630447363222,135.1415671410589,38160800
2017-08-25,134.15879821777344,135.30221582762962,133.97924972880864,134.96203690443195,26380400
2017-08-28,134.57456970214844,134.88641475006006,134.13987267253768,134.56511067632746,15362100
2017-08-29,135.10379028320312,135.33059067166502,133.29887504222594,133.42172705504908,24498300
2017-08-30,136.69131469726562,136.9181150275763,135.13210388171373,135.21714859836277,33642700
2017-08-31,138.15603637695312,138.16549540275804,137.0031599299922,137.07876004019826,38480700
2017-09-01,137.96701049804688,138.52454495656443,137.5984690604725,138.33555193562123,22293600
2017-09-05,136.7291259765625,137.85365421609544,135.69910148224548,137.56071279287198,44794300
2017-09-06,137.1449432373047,137.4567883476576,136.1527114169544,137.0787877202982,30722700
2017-09-07,137.46621704101562,137.8158549640005,136.96537888459216,137.40006153166826,22721100
2017-09-08,136.2755126953125,137.35278884858894,136.133757105602,137.28663335620854,27890100
2017-09-11,137.84420776367188,138.080452729014,137.30557674070096,137.34336959068642,27126300
2017-09-12,138.17491149902344,138.35445992130994,137.52287329987507,138.23160796516788,30256700
2017-09-13,138.36395263671875,138.3828562717545,137.71191421084885,137.93871457353146,28450900
2017-09-14,137.5513153076172,138.2411468147352,137.46627055042185,137.82536763980684,35296400
2017-09-15,138.02374267578125,138.52458079953107,137.2961042166695,137.52290455203143,46422400
2017-09-18,137.84288024902344,138.6194523253564,137.42617669307455,138.18381820836254,24858200
2017-09-19,138.07962036132812,138.2784923763446,137.6155615749436,138.0890856403454,20871200
2017-09-20,137.65345764160156,138.18380230602756,136.59275386194128,138.03227113024633,34236200
2017-09-21,136.81056213378906,137.56818898253346,136.32755839928777,137.5587237047062,28841800
2017-09-22,136.6780242919922,136.87689635228665,136.23291041310904,136.37496188474793,21702400
2017-09-25,135.23849487304688,136.21395342806312,134.57556397897898,136.13818783291114,54947700
2017-09-26,135.58895874023438,136.1856040371143,135.11543439688614,135.92989684547774,29628800
2017-09-27,136.81056213378906,137.32196170177212,135.96768998137594,136.3086133928274,33249400
2017-09-28,136.76324462890625,136.9052960895913,136.1665995924094,136.47912725672631,24149400
2017-09-29,137.74813842773438,137.85231429311602,136.67798393878465,137.03785237762492,43102400
2017-10-02,137.87130737304688,138.43006245909703,137.25571724449338,137.95653826058435,27351300
2017-10-03,138.1648712158203,138.3258676872544,137.74816766584516,138.05123004793973,19715200
2017-10-04,138.29745483398438,138.5910374794452,137.76711012595072,137.89969630295914,26381100
2017-10-05,139.6517333984375,139.7274845374373,138.65732990206334,138.79938135119878,31562400
2017-10-06,139.84112548828125,139.84112548828125,139.17819471046175,139.17819471046175,23561100
2017-10-09,139.68016052246094,140.1726152393534,139.50021903133046,140.0210984922844,13704800
2017-10-10,139.78428649902344,140.29568604573757,139.1686966465135,140.1536346302073,19223100
2017-10-11,140.20101928710938,140.22944402990464,139.53808838943138,139.71802987254608,12439100
2017-10-12,139.94529724121094,140.49458685548026,139.80323136033746,139.99265253483543,14513500
2017-10-13,140.485107421875,140.64610385989164,139.9547628141009,140.51351770794813,18409900
2017-10-16,140.9681396484375,141.0060152205799,140.53249108934673,140.8355534697246,21809400
2017-10-17,141.14804077148438,141.16698577948299,140.7029414645694,140.92075847872897,13138200
2017-10-18,140.9775848388672,141.30905746381802,140.76923309475083,141.29011245504174,17218200
2017-10-19,140.45669555664062,140.47564056407862,139.47177193196322,140.1536476916655,27680300
2017-10-20,140.8355712890625,141.1480845385049,140.6650950658279,141.0249780753587,30173300
2017-10-23,139.91690063476562,141.13858640520314,139.71801416242047,141.1291211258755,29297100
2017-10-24,140.1536407470703,140.44722331918277,139.6327614493841,140.191516309263,20289500
2017-10-25,139.62330627441406,140.33359240958399,138.58156194664988,139.87901332930159,36179100
2017-10-26,139.17822265625,139.88850887170602,139.1403326323054,139.53809117886357,28230200
2017-10-27,143.23158264160156,143.49675499573917,141.29959611767381,141.51741316911338,60165100
2017-10-30,143.55357360839844,144.13127361144282,142.99481861633512,143.1274047915842,31733400
2017-10-31,144.0934295654297,144.30178140027274,143.6009747292678,144.01767839895393,26319300
2017-11-01,144.04603576660156,144.73737690045394,143.47780107114488,144.67107659063362,29481600
2017-11-02,143.77139282226562,143.94186902204453,142.78646899855363,143.88503398824523,31017400
2017-11-03,145.15408325195312,145.17301381157844,143.7997967966818,144.29226591230855,26199200
2017-11-06,145.6466064453125,145.70344150335666,144.9931550113692,145.04049588351583,28693900
2017-11-07,145.7317657470703,145.92117247625228,145.22035168239114,145.5328792884046,21333100
2017-11-08,146.3189239501953,146.35679951389878,145.4855170406546,145.6559932043363,17373500
2017-11-09,145.5518798828125,145.6276454935816,144.05554158445136,145.11623123359337,40594500
2017-11-10,145.54237365722656,145.65602927809826,144.95520834416118,145.21091542761,20150800
2017-11-13,145.72230529785156,145.91172650290267,144.9930885714792,144.9930885714792,12522400
2017-11-14,145.19192504882812,145.3718664790744,144.4911187846758,145.2108700548555,25173800
2017-11-15,144.51007080078125,144.89836400257676,143.7429641270145,144.5668913764962,24808000
2017-11-16,146.35684204101562,146.68831473566485,145.21092165823185,145.23933195196628,34790600
2017-11-17,145.7980499267578,146.49887071257882,145.6559984942028,146.3946948451028,28725800
2017-11-20,145.68446350097656,146.0348668000979,145.47611168776592,145.90228059631045,21143900
2017-11-21,147.26600646972656,147.3323067852335,146.30949291616972,146.37577878086682,20147800
2017-11-22,147.4459228515625,147.58797428802237,147.11445023207966,147.39856755580675,17299000
2017-11-24,147.98580932617188,148.03316464642842,147.51228502523605,147.5975303820238,8280600
2017-11-27,147.9194793701172,148.2698826241564,147.57854139698344,147.93842438273865,22653400
2017-11-28,148.29827880859375,148.3929894118798,147.45540646226095,148.25092350695073,25227300
2017-11-29,145.71286010742188,148.16571187243352,145.01203912421383,148.1278362966868,71986300
2017-11-30,146.93453979492188,147.21865717862295,145.98749148312524,146.32842945340445,56595500
2017-12-01,146.3094940185547,147.01978022874434,144.19756594900767,146.0348419248278,59015800
2017-12-04,144.62376403808594,147.3891435653651,144.48169811102153,147.2281470753412,51319100
2017-12-05,144.7183837890625,146.3662522975234,144.04598788876447,144.59526294078097,40604200
2017-12-06,145.37188720703125,145.59918395935253,144.00813559471882,144.17861177166165,28647800
2017-12-07,145.86436462402344,146.28106813505053,145.2108990681681,145.3624302450522,32666200
2017-12-08,146.5083465576172,147.2943982596628,146.2810642491371,146.93451533682534,28081700
2017-12-11,147.64480590820312,147.6921612075016,146.56517155791656,146.57465128826132,20821500
2017-12-12,147.4459228515625,147.88155689057763,147.13339524054345,147.57850900919416,20310300
2017-12-13,147.73008728027344,148.20361148720332,147.51225574050108,148.0426149909446,24418500
2017-12-14,147.6258544921875,148.364550814292,147.4648580579654,147.9857229242343,24594700
2017-12-15,149.30213928222656,149.46315018898315,147.95733260535735,148.20357437982628,49816200
2017-12-18,150.55389404296875,150.67727239286364,150.01295528001995,150.28816719783129,26844500
2017-12-19,149.66184997558594,150.42107596816146,149.2442749556178,150.2692278734401,31415000
2017-12-20,149.50045776367188,150.21222913542084,148.9120647302876,150.18375943903294,38972600
2017-12-21,149.51943969726562,150.18375673607002,149.34860704098713,149.70924249677753,18638700
2017-12-22,149.34861755371094,149.40555694946997,148.95002730237132,149.2916781579519,23330400
2017-12-26,148.5419921875,148.73179505174988,148.00103881930605,148.51352248191404,21918700
2017-12-27,148.56094360351562,148.95954839351526,148.41859509353608,148.55145852985981,22388200
2017-12-28,148.74124145507812,149.06392216954185,148.5609237125613,149.03543799033125,25393800
2017-12-29,147.8206787109375,148.90257065656473,147.7637393160665,148.87410095912924,33186000
2018-01-02,150.4115753173828,150.44953009661722,148.20982161501033,148.57994225692278,32573300
2018-01-03,151.87306213378906,152.0059255729252,150.5254431136857,150.55391281628425,29383600
2018-01-04,152.13876342773438,152.594293073736,151.92049091750826,152.3950051890593,24776100
2018-01-05,153.66673278808594,153.7711265293691,152.575355522786,152.86006704274277,26992300
2018-01-08,154.26461791992188,154.34054195356595,153.6097858006419,153.66672520561778,23159100
2018-01-09,154.27410888671875,154.72963862495482,153.80909407430065,154.56830547768433,24782400
2018-01-10,153.91346740722656,153.94195159073453,152.90749930354986,153.59080112510927,34004000
2018-01-11,154.96694946289062,154.97644902139098,153.94201081725288,154.17926808321303,20473500
2018-01-12,156.1057586669922,156.26709183161606,154.63476107291123,154.83404901937507,37762700
2018-01-16,155.65969848632812,157.9373616771863,155.19466918907327,157.14018100848887,41231800
2018-01-17,157.3394317626953,157.57668889239906,155.6406770856678,156.39990279692503,33849900
2018-01-18,157.367919921875,157.72854092104998,156.72257298262136,157.09269353508145,26432200
2018-01-19,157.86143493652344,158.1176767474412,157.10220905889656,157.8329652332025,38937600
2018-01-22,159.55067443847656,159.55067443847656,157.6241476495581,157.80446539017066,26081400
2018-01-23,160.869873046875,161.01223606113214,159.96829854736973,160.0442225921007,37989700
2018-01-24,159.82595825195312,161.56268285198323,158.9053990735596,161.21153231687447,54287400
2018-01-25,159.7689971923828,160.9837528440695,159.25651355371613,160.92681343555756,28925000
2018-01-26,162.2174835205078,162.23646815092565,160.3479101337086,160.6610768899374,32038200
2018-01-29,161.4297637939453,162.19847461032168,161.08811293321952,161.87580837547694,37277800
2018-01-30,160.10116577148438,160.7844677091058,159.26603022186023,159.95881723490956,44987700
2018-01-31,160.76548767089844,161.32542571983166,159.75951936760902,161.00274489265658,42449200
2018-02-01,159.3988494873047,161.0786196772708,158.8863659356667,159.5317129116132,38037900
2018-02-02,156.21963500976562,159.15213059506988,156.08677155389188,158.77252485858222,68478100
2018-02-05,150.06039428710938,157.3014869792692,149.94651549155074,154.75809733828012,105372200
2018-02-06,154.03684997558594,154.22665282430347,147.1943609804752,147.8681632655768,118537900
2018-02-07,152.0438690185547,155.21362087199333,152.03436946528203,153.5433213709516,91028300
2018-02-08,145.62843322753906,152.60379910798844,145.62843322753906,152.43296643284123,94184800
2018-02-09,148.14340209960938,149.22529435694858,142.47769898113998,147.68785784733893,113836600
2018-02-12,150.77220153808594,151.79715438467704,148.4850531248073,149.66183957453646,63050600
2018-02-13,151.55044555664062,151.8541273109712,149.68085724065176,149.90862941717484,31785600
2018-02-14,154.38796997070312,154.62522712727062,149.946522950653,150.65829442035545,52107400
2018-02-15,157.25405883789062,157.25405883789062,154.16023036818154,155.77357632501108,51633900
2018-02-16,156.5517578125,158.25999763767825,156.28601649284445,156.74156062851685,62256300
2018-02-20,156.8649444580078,158.1840937465943,155.93490040444323,156.0013393630692,36785600
2018-02-21,156.41896057128906,159.17113877049798,156.32405188261313,157.63371648497065,41161800
2018-02-22,156.39993286132812,157.9373547234153,156.0013425445288,157.10220483239075,37074400
2018-02-23,159.59817504882812,159.59817504882812,157.01681549788913,157.66216262613915,50096900
2018-02-26,161.7145233154297,161.7145233154297,160.21507035456906,160.34793382506427,39266700
2018-02-27,159.71202087402344,162.02765303518208,159.63611132735414,161.76192617875677,42209900
2018-02-28,158.6870880126953,161.14506875739272,158.58269428124729,160.6231001001526,42936300
2018-03-01,156.0962677001953,159.50329241930095,154.69170899833486,158.77253611965065,76809900
2018-03-02,157.52928161621094,157.80449357190852,153.70469705323865,154.2171661876865,57445100
2018-03-05,159.2755126953125,159.6835881475146,156.20065402624795,156.78906175688417,38540200
2018-03-06,159.94932556152344,160.49027898923086,158.94335723739937,160.0537193205004,29480900
2018-03-07,160.31939697265625,160.45227488053564,158.44982392374948,158.725035850433,34609400
2018-03-08,161.20199584960938,161.3158746457552,160.33837636276508,160.98372332998758,25828400
2018-03-09,164.3338165283203,164.3338165283203,162.11309280035007,162.35034998020234,38310500
2018-03-12,165.2069091796875,165.58651484739113,164.4476833632523,164.8178039576231,37635000
2018-03-13,162.95773315429688,166.2793337817458,162.5401581870243,165.58653236739377,55638900
2018-03-14,162.92919921875,163.9351815513795,162.21742787306482,163.81180321753268,40536400
2018-03-15,162.7869110107422,163.7359398230154,162.1890182250803,163.0431528447445,28810400
2018-03-16,162.3028564453125,163.42270311283292,162.22693242837502,163.06208213366182,31176700
2018-03-19,158.83998107910156,160.8551813903047,157.45214487122996,160.74111782688485,71395100
2018-03-20,159.36279296875,159.7335140797144,158.37420817435265,158.90652417937608,34075700
2018-03-21,158.66885375976562,160.41789589406866,157.9749429844916,158.94452668037468,43863500
2018-03-22,154.75253295898438,157.57572216770302,154.55290722004008,156.47305938153553,66607300
2018-03-23,150.67454528808594,155.22777463919178,150.5984980990498,154.5718803252085,80110400
2018-03-26,156.27346801757812,156.46359333630718,151.29249796462526,153.7259511972931,57481500
2018-03-27,151.2163848876953,157.43309428256373,149.88558075874542,157.43309428256373,78889100
2018-03-28,149.4768829345703,151.88181985894275,148.3266887729247,150.35140413393094,89369700
2018-03-29,152.2145233154297,153.71642313568822,148.88753389833772,150.28487061387816,68692600
2018-04-02,147.8228759765625,151.8437904611553,146.27345945964205,151.13086421269125,85549400
2018-04-03,149.4863739013672,150.11375249513958,146.80577868951,149.11565282405112,64090000
2018-04-04,151.84381103515625,152.30958029770142,146.42555920906892,146.596669074236,65768700
2018-04-05,152.7087860107422,153.59282203977622,151.59662288094117,153.35517997346352,43054900
2018-04-06,148.88748168945312,152.5281591440594,148.1745556357852,151.02625985045685,59870900
2018-04-09,149.93310546875,152.92740374871045,149.6764625196676,150.17074749869042,41810400
2018-04-10,153.2410888671875,153.7353738329805,151.20687372552513,152.2905207728683,48296800
2018-04-11,152.35711669921875,153.99209566541097,152.1860213328732,152.28106947933492,41622100
2018-04-12,154.19171142578125,154.7240274259041,153.19361167328927,153.27915935091121,30467900
2018-04-13,153.3931884765625,155.18976182581738,152.72779362582364,154.9616347367183,44604900
2018-04-16,154.56246948242188,155.12330150915565,153.49782272314275,154.46740681487898,28180800
2018-04-17,157.88941955566406,158.23162476529342,155.80767240579564,156.1213617233328,35536100
2018-04-18,158.2126007080078,158.74491667073102,157.13845381603423,157.88941094557188,29573900
2018-04-19,156.75827026367188,157.7848860853816,156.21643920310603,157.41416491403024,34705700
2018-04-20,154.27723693847656,156.4730473757741,153.7354060490026,156.35898382199898,49197100
2018-04-23,153.88754272460938,155.63658538399415,153.06055272355218,155.0282220892288,33040600
2018-04-24,150.62704467773438,154.8570703040049,149.6099297326263,154.61942825191645,70256800
2018-04-25,150.80764770507812,151.43502623384376,148.7354158733935,150.89320987137924,52089300
2018-04-26,153.98260498046875,154.4959056166256,152.26206371732025,152.7563634256926,43005500
2018-04-27,154.07763671875,156.28296248691558,153.20311548450198,156.24493162634806,51043400
2018-04-30,152.98448181152344,155.39891918439005,152.6042457458402,154.43885031452015,35615300
2018-05-01,154.73353576660156,154.75255119743784,152.2240355635955,152.5852562268655,36513500
2018-05-02,153.8209991455078,155.48449399361584,153.6403888127037,154.99969478355757,38646800
2018-05-03,153.80198669433594,154.37231909345115,151.34951821592495,153.04152899099137,60337100
2018-05-04,156.72018432617188,157.08140490628344,153.02247437633488,153.13655243056624,41543200
2018-05-07,158.02247619628906,158.53577668584893,157.32855090816213,157.45212942609285,32500200
2018-05-08,157.86087036132812,158.20306099424621,156.71067643966947,157.6897605403492,26040200
2018-05-09,159.58145141601562,159.69551499956737,157.5852516767111,158.14608363520694,29122700
2018-05-10,161.2354278564453,161.34950594201786,159.97116998323995,160.09474853239166,27067600
2018-05-11,161.0833282470703,161.4635498071521,160.37990240594394,161.04529738834847,24688800
2018-05-14,161.35899353027344,162.37610872854123,161.0928355260493,161.4540561765778,21821700
2018-05-15,159.57191467285156,160.17077741382832,158.72590936639563,160.08522973783818,49361600
2018-05-16,160.6269989013672,160.9977198927063,159.70494665286657,159.78099384397697,22941200
2018-05-17,160.00918579101562,161.22591222279186,159.22971271513103,160.0662175761734,27480200
2018-05-18,159.1822052001953,159.9426483861053,158.9445630784674,159.39131692315374,26217900
2018-05-21,160.0757293701172,161.1213605204371,159.3913188907304,160.4179346098106,22954600
2018-05-22,159.8665771484375,161.07380300670965,159.58141824882523,160.8076450307236,19477700
2018-05-23,161.21641540527344,161.23541633107354,158.63086805315788,158.64986897895798,26557800
2018-05-24,161.16885375976562,161.4540271428736,159.54337562921467,161.16885375976562,27696500
2018-05-25,161.33047485351562,161.9103221751108,160.84569017658453,161.14986453136783,27460500
2018-05-29,160.61753845214844,161.52057550169198,159.65746962119488,160.59852302350436,41220500
2018-05-30,161.76771545410156,162.05288886108707,160.85517795717436,161.19738314465255,22665800
2018-05-31,161.6631622314453,162.7372945771922,161.24490984710994,161.76771082300758,35670900
2018-06-01,164.20118713378906,164.29623526904726,162.4236144006447,162.471145720535,45543300
2018-06-04,165.68409729003906,165.72211364915876,164.51490206215718,164.61945067586745,20459600
2018-06-05,166.19737243652344,166.47304538985048,165.46544522560114,166.0738084099322,24779300
2018-06-06,167.16696166992188,167.19547756194655,165.53198283939994,166.368487684185,25036600
2018-06-07,165.80760192871094,167.23345420949016,164.97111178706035,167.1954378639913,39600300
2018-06-08,165.81712341308594,166.23537575261585,164.6193981672467,165.02815004615817,31780300
2018-06-11,166.26390075683594,166.6726381536424,165.6650381010749,165.69355398901394,22319700
2018-06-12,167.13845825195312,167.30005315366094,166.31146831247077,166.49206414059788,22511800
2018-06-13,167.1289520263672,168.38369483940536,166.75821640611383,167.39511003230024,37858600
2018-06-14,168.82095336914062,169.0966118227054,167.77532232902038,167.89890086226805,35916000
2018-06-15,168.23159790039062,168.56430265511315,167.40460800173952,168.18406657764123,49615700
2018-06-18,168.13441467285156,168.27729929602378,166.64835644959243,167.17229096050224,31633200
2018-06-19,167.65811157226562,167.69620929288266,165.47665731166225,166.0101126137015,38236000
2018-06-20,168.84889221191406,169.54428837504187,168.27732456227233,168.42974454025267,33038000
2018-06-21,167.38182067871094,169.4489667176899,167.05792472555217,169.27749067948076,43469400
2018-06-22,167.0103759765625,168.0105975642232,166.41023139551075,167.94392290831144,30073200
2018-06-25,163.24758911132812,165.74341912540007,161.76153059632472,165.49573301585295,77799700
2018-06-26,163.9143829345703,164.85745047377875,163.24754929664297,163.84769375655108,39008100
2018-06-27,161.685302734375,165.3528300898542,161.5709950260295,164.609800914472,52843500
2018-06-28,163.07608032226562,163.62859170633732,161.1518185412664,161.48523534502942,46407700
2018-06-29,163.51426696777344,164.7240766097279,163.2761162646246,163.8572045617304,36408500
2018-07-02,164.6098175048828,164.6574505666836,161.62816517010341,161.98062366340386,31770000
2018-07-03,162.70457458496094,165.22896639922558,162.542633839854,165.22896639922558,25512700
2018-07-05,164.72412109375,164.85748494210586,162.92370187316112,163.76199722600904,31626200
2018-07-06,167.28660583496094,167.4104488707339,164.80031153614325,165.1051514594097,37005600
2018-07-09,168.79171752929688,168.82981525130708,167.48665615082945,168.1534753027629,27362100
2018-07-10,168.9155731201172,169.29660851081434,168.33448470118452,169.10609081546576,23902500
2018-07-11,168.05819702148438,168.67739760994658,167.46758789191804,167.59141638115744,30280600
2018-07-12,170.95413208007812,170.95413208007812,168.68693240401728,168.80124010682118,27930100
2018-07-13,171.09698486328125,171.37323327216333,170.46826354374505,170.94456493086673,28049800
2018-07-16,170.68740844726562,171.42091686970147,170.4016391591716,171.13513304603836,21405300
2018-07-17,171.72569274902344,172.0876718907349,168.87740544404875,168.87740544404875,31034100
2018-07-18,171.40187072753906,171.8877076167505,170.87795064512113,171.74480842880658,23220800
2018-07-19,170.54449462890625,171.3542129015085,170.34445616146016,170.7826453519579,31094100
2018-07-20,170.50640869140625,171.63047320481456,170.31587647134526,171.0589201513344,35897300
2018-07-23,171.04937744140625,171.1255874190301,169.3156476910566,170.00152295410416,22184700
2018-07-24,171.7543182373047,173.42137343324387,171.0493868073603,172.8117081144374,36900300
2018-07-25,174.1548614501953,174.25963381041598,171.74476284710036,171.83050815133757,35026600
2018-07-26,171.51614379882812,172.34490361607132,171.28751388502468,171.79239222605395,40873500
2018-07-27,169.20132446289062,172.71643153146874,168.22967995892014,172.60212383348795,59456100
2018-07-30,166.8102569580078,169.3060713444132,166.01007419015374,169.2108197971335,60193000
2018-07-31,168.08680725097656,168.73458489112457,166.53407414532123,167.4676210753898,47285100
2018-08-01,168.72499084472656,169.22986912865727,167.75334652597166,168.47731936779056,37101900
2018-08-02,171.02078247070312,171.22083545780208,167.45804270445407,167.53425267403625,47178200
2018-08-03,171.5447235107422,171.55424430646835,170.592120657752,171.34467051596522,28934400
2018-08-06,172.55453491210938,172.60216797697262,171.2208963093621,171.4304701663039,24808800
2018-08-07,173.18319702148438,173.50707849443864,172.66878335449525,173.04029787595823,29895700
2018-08-08,173.39276123046875,173.70712189058625,172.4782561705301,172.9450367632315,22680700
2018-08-09,173.28794860839844,173.97382366760044,173.03074182730703,173.28794860839844,18852900
2018-08-10,171.96392822265625,172.63074753417098,171.31615050891992,172.1163336827376,33818500
2018-08-13,171.77337646484375,173.38326329242418,171.69716648211607,172.2782548817927,26089200
2018-08-14,172.849853515625,173.0499065899692,171.50667947015162,172.4307057679109,20913000
2018-08-15,170.73497009277344,172.02098949356164,169.6775805623991,171.47799900216478,58528000
2018-08-16,171.297119140625,172.4116631711943,170.9637021971713,172.04966929379563,27711800
2018-08-17,171.3351287841797,171.76379710853155,169.82049392153982,170.84930662132282,36092600
2018-08-20,171.1827392578125,171.78288373982215,170.51592013089441,171.71619455934695,24939000
2018-08-21,171.8114776611328,172.84029064539928,171.5923830410923,171.69716995251486,26258700
2018-08-22,172.478271484375,172.67832448059912,171.23036406362138,171.44945865143552,18042400
2018-08-23,172.23065185546875,173.42140578901655,171.94486800430317,172.17349799234972,25776200
2018-08-24,173.8310089111328,173.97390809689355,172.7640980948539,172.80219582304827,23136100
2018-08-27,175.60284423828125,175.60284423828125,174.43114654679988,174.7073950379932,29343600
2018-08-28,175.86004638671875,176.25061711852578,175.48853178551832,176.06962021668502,20277000
2018-08-29,177.88909912109375,177.98435070492974,176.09820073237643,176.1648753875047,29175600
2018-08-30,177.57470703125,178.6320968135332,176.98408335919677,177.54613010758558,29315500
2018-08-31,177.80332946777344,178.3082078532777,177.16508725469384,177.3556049318633,28653200
2018-09-04,177.04127502441406,177.5651950508725,176.08867201548114,177.2603696465095,29063500
2018-09-05,174.7550048828125,176.75547685326094,174.15487492013173,176.7268999281603,42623300
2018-09-06,173.19271850585938,175.04077032504975,172.0210210928256,174.83119653923026,46091400
2018-09-07,172.52589416503906,174.01195221144536,171.8876520315474,171.94480587401452,46629500
2018-09-10,173.10696411132812,173.6118423803711,172.1638822038664,173.51657629597804,26132000
2018-09-11,174.44064331054688,174.72642709571065,171.96388442211753,172.41160896057508,30116500
2018-09-12,173.9261932373047,174.30722848232597,172.43060010269224,174.18340002225364,36204000
2018-09-13,175.7838134765625,176.11723030863885,174.93599746973896,175.01220744665832,31133200
2018-09-14,175.26942443847656,176.1839151432646,174.57401380970603,175.90766667957612,31224100
2018-09-17,172.74505615234375,175.09798715589181,172.58311535696876,174.9741440918406,33071200
2018-09-18,174.17391967773438,175.02173572078104,172.8021691057111,172.88791441813814,31877300
2018-09-19,174.04051208496094,174.6120795247762,172.90691253518443,174.20245280127705,31843400
2018-09-20,175.96481323242188,176.2029639633519,174.82169263107116,175.24084024319873,33295800
2018-09-21,175.0027313232422,176.68882843545424,174.78362213282955,176.44115684891844,38605400
2018-09-24,175.4893798828125,175.55618907284557,173.0177019626223,173.73343982410995,34945600
2018-09-25,175.7279510498047,175.86155486197308,174.81180022227613,175.4130246578956,25277500
2018-09-26,175.85198974609375,177.49341607709403,175.50843505910015,175.88061808986643,36210600
2018-09-27,177.34078979492188,177.97064272261235,176.47235753659652,176.56779509354115,33113300
2018-09-28,177.3025360107422,177.7701565486437,176.52000370026698,176.84446796164156,28076800
2018-10-01,177.6652374267578,178.9631094454242,177.2167071625457,178.3332565771614,27371300
2018-10-02,177.26441955566406,178.62908615938528,176.85407015008911,177.51253678496116,25618600
2018-10-03,177.4552764892578,178.42868408893722,177.17853091455876,178.00878220038044,29128700
2018-10-04,174.04837036132812,176.85406517482411,172.78866470558526,176.7395372122956,80557300
2018-10-05,171.92019653320312,174.6113773815541,170.2787701778376,174.02924344666607,83325600
2018-10-08,170.8704833984375,172.3878441257567,168.84732120028826,171.31901361016938,66864500
2018-10-09,171.42401123046875,172.75051161739958,170.58420739584471,170.99455682121067,49097900
2018-10-10,163.88487243652344,170.46011671039946,163.66538357955935,170.3551412463343,114471100
2018-10-11,161.85220336914062,165.4785970892708,160.14396742209493,163.20733204928743,143084500
2018-10-12,166.35658264160156,166.87190752661826,163.12143332813156,166.21342632340668,102078400
2018-10-15,164.3429718017578,166.08935946750563,163.72265688327877,165.77444760509036,64885300
2018-10-16,169.12408447265625,169.53443385263895,165.7648840674017,166.07027254139027,71979700
2018-10-17,169.19090270996094,170.11659162854338,167.45405284738553,169.94482150924813,66987600
2018-10-18,165.2686309814453,168.6087408838518,164.56244563586816,168.55148418682919,82486200
2018-10-19,165.11598205566406,168.02665271066368,164.5147575015273,166.60471470235862,82923700
2018-10-22,165.9652862548828,167.24406764247107,164.7055807243824,166.1084279916565,52909300
2018-10-23,165.35455322265625,166.17526663634257,161.10784439207467,162.84469420697212,77567000
2018-10-24,157.78680419921875,165.44043231004562,157.50050612352422,165.16368672596676,102997400
2018-10-25,163.24546813964844,164.21887558346236,159.52363756289253,160.23937533240115,83481100
2018-10-26,159.04653930664062,162.19578959795547,156.7275404827557,157.6532295136334,130970900
2018-10-29,155.77320861816406,162.10033696946104,152.77665288216406,161.48003654988253,111871900
2018-10-30,158.34034729003906,158.45486072264669,154.60896261913686,155.31516276425032,92584000
2018-10-31,162.06214904785156,163.4268156134191,160.84060967158962,160.91695679271376,73828600
2018-11-01,164.19979858398438,164.37158323480014,161.06963964780948,162.30071686653173,52706800
2018-11-02,161.64227294921875,164.66745711796224,160.5352613589044,163.69404937049777,75966800
2018-11-05,161.24143981933594,161.90945894409163,159.44731883137086,161.8522022422161,39573500
2018-11-06,162.4629669189453,163.36956535524274,161.01240068383441,161.25097998610875,34410400
2018-11-07,167.5590362548828,167.5590362548828,164.01851260189366,164.40978619665145,51169600
2018-11-08,166.49017333984375,167.29179623631433,165.69808837247743,166.7764568302091,40296500
2018-11-09,163.68447875976562,165.3354433228788,162.38660687617624,164.9346318743514,50602700
2018-11-12,158.73159790039062,162.84470312428917,158.58844156867588,162.5393291610718,62578400
2018-11-13,158.86517333984375,161.7376626506746,158.41664312509383,159.47593571882095,64128100
2018-11-14,157.6531982421875,160.99330843613944,156.74659981617407,160.4398027137347,75270700
2018-11-15,160.41116333007812,160.84060312741985,155.9926849079427,157.36688934709144,73254300
2018-11-16,159.84815979003906,160.62115453138614,158.20673274546584,158.84612363721868,65390700
2018-11-19,154.65664672851562,159.2755385900055,154.1603976955966,159.08467805787518,67280500
2018-11-20,151.8891143798828,154.00769952424298,149.95185181588948,151.13519571011787,102652800
2018-11-21,153.04380798339844,154.5707209617257,151.95588721889973,153.97904909944154,42965800
2018-11-23,151.9368438720703,153.49237096568717,151.82231590907267,151.82231590907267,23503700
2018-11-26,155.44874572753906,155.5250928595911,153.41604520161727,154.06498854319634,42012600
2018-11-27,155.97366333007812,156.36493702196927,153.81689633888416,154.59944372266648,36608100
2018-11-28,160.9932403564453,160.9932403564453,156.00216759735568,157.09962608659296,70141000
2018-11-29,160.46844482421875,161.5277375875994,159.19921565600396,160.31576512631446,44885700
2018-11-30,161.63270568847656,161.72814323681803,159.88630339825048,160.6879409438328,36722800
2018-12-03,164.4574737548828,165.39270047065605,161.76629244238015,165.20183995584654,50771700
2018-12-04,158.14944458007812,164.05667026706072,157.95858405600603,163.5985875352182,70594700
2018-12-06,159.26597595214844,159.2850663709174,154.3798771913399,154.96201118914894,71715500
2018-12-07,154.00772094726562,159.48549258878703,153.51147190487214,158.56935619238033,80432200
2018-12-10,155.6204833984375,156.2980403278877,152.12767961138007,153.72138728693727,73960800
2018-12-11,156.13583374023438,158.19716233510798,154.8188713776666,158.15898149350411,59058300
2018-12-12,157.51007080078125,159.9435827898639,157.42418573994598,158.41666930918134,53780000
2018-12-13,157.55780029296875,159.1992272997327,156.5366737389481,158.54074599842625,46378500
2018-12-14,153.72140502929688,156.3266867166005,153.35875986018894,155.75410517570373,56547400
2018-12-17,150.23817443847656,154.28448527210514,149.0357398115539,153.06296022076958,74834100
2018-12-18,151.18292236328125,152.643026449507,149.8659600260093,151.40241123225184,63642100
2018-12-19,147.47061157226562,153.37783640161246,146.3349719605854,150.95386295647324,81856500
2018-12-20,145.33299255371094,148.74945064283423,143.51979529201662,147.10802352601013,99002100
2018-12-21,140.8285675048828,147.05070389690488,140.0173922254406,146.0582206182465,141129400
2018-12-24,137.33633422851562,141.62390350084752,137.29805874899483,139.8055188541596,56163300
2018-12-26,145.9114532470703,145.9880041882062,137.90095656682377,138.84843875145503,98982100
2018-12-27,146.47616577148438,146.60057205268248,140.76258935186186,143.91127012518857,85824300
2018-12-28,146.39956665039062,148.90702658842767,145.20325719852,147.5288757633308,77856600
2018-12-31,147.63414001464844,148.32321537321974,146.15072809323803,147.8351264123091,53015300
2019-01-02,148.2274932861328,149.060119779717,144.39930401410155,144.50457980321775,58576700
2019-01-03,143.38491821289062,146.67715060322521,143.06909066488174,146.04551011059894,74820200
2019-01-04,149.51953125,150.2564619357029,145.2223971943118,145.79661694923175,74709300
2019-01-07,151.29965209960938,152.03658284309267,149.40470193403985,149.89279095449925,52059300
2019-01-08,152.668212890625,153.23286737975056,150.44785580314223,152.68734332513475,49388700
2019-01-09,153.91238403320312,154.58231435414086,152.62036408302015,153.26158414758808,46491700
2019-01-10,154.3526153564453,154.43874612424702,151.88343112243086,152.74478261060457,38943400
2019-01-11,153.78797912597656,153.9506754633965,152.9266275354515,153.443441410444,30176600
2019-01-14,152.42897033691406,153.08933549577716,151.77817039651745,152.48639085448704,30710200
2019-01-15,155.40541076660156,155.6159624296416,153.0415017706978,153.127632559199,40874200
2019-01-16,155.37664794921875,156.74521869268492,155.3192128395891,155.66375048044657,33812200
2019-01-17,156.60169982910156,157.30034047194985,154.63018415536789,154.8790112683775,39329000
2019-01-18,158.15211486816406,158.88904560430458,156.78354381871904,157.7023013308278,57183200
2019-01-22,154.98426818847656,157.08976968223854,153.85494459060797,157.0132041329436,56711700
2019-01-23,155.1852569580078,156.48684223167234,153.4338727635191,155.77863637912563,38106100
2019-01-24,156.1901397705078,156.419836414037,155.09910626966803,155.69247101122045,32417800
2019-01-25,158.05641174316406,158.53493556267517,156.90795749701502,157.44390183832536,36515900
2019-01-28,156.10403442382812,156.11359964259663,154.80244910532943,156.01790364474942,33491200
2019-01-29,154.6301727294922,156.2284403139193,154.07508342297606,156.19015023573968,30784200
2019-01-30,158.56362915039062,159.13786351477765,155.89347294377998,156.38156193113838,41346500
2019-01-31,160.9370880126953,161.73143907612388,159.31967563322857,159.53979243769697,37258400
2019-02-01,160.25759887695312,161.35821224971778,159.81736521055586,160.14275785152526,32143700
2019-02-04,162.24826049804688,162.24826049804688,160.14275893181377,160.28631021456695,26718800
2019-02-05,163.68385314941406,163.87525975258342,162.4014128444528,162.4683985840376,28156400
2019-02-06,163.1957550048828,164.00923667375932,162.45882429028782,163.7221340867364,27970000
2019-02-07,161.00408935546875,162.17168841949055,159.77906978065656,161.76973024057267,42036200
2019-02-08,161.31991577148438,161.3486260267022,159.41540069290616,159.5972274414905,29020700
2019-02-11,161.1668243408203,162.2961482030799,160.7648660654567,161.903755147348,21434100
2019-02-12,163.54986572265625,163.78912762549842,162.05687378546315,162.34399098955126,29722100
2019-02-13,163.66465759277344,164.76527077722014,163.48283086808564,164.27716729589613,26094100
2019-02-14,163.86570739746094,164.4495070751592,162.53541168642903,163.0809212784549,30326800
2019-02-15,164.5547637939453,165.14812862245262,163.7891228066986,165.1098531446145,32521700
2019-02-19,164.8801727294922,165.3778416107955,164.01883566100327,164.0475459230603,19487700
2019-02-20,164.85145568847656,165.64580698063023,163.9614083945308,164.99500699285878,32593000
2019-02-21,164.24851989746094,164.86102983497292,163.37761759806887,164.4112162523669,25207400
2019-02-22,165.4639434814453,165.5787845096046,164.51646118897312,164.60260656347867,27735400
2019-02-25,166.06686401367188,167.15789743319135,165.95200839877555,166.72722903663598,32608800
2019-02-26,166.23912048339844,166.7654994424876,165.3873489326482,165.6649008398877,21939700
2019-02-27,166.1338348388672,166.33482119437556,164.3824365534298,165.4734698751174,25162000
2019-02-28,165.7510223388672,166.3443869850378,165.28206390998164,165.617036302526,25085500
2019-03-01,166.89950561523438,167.14833269709382,165.74147176557352,166.94736090881108,31431200
2019-03-04,166.92823791503906,168.23938843255485,165.0619980461768,168.00012653646002,38063500
2019-03-05,167.05262756347656,167.5694267369969,166.22956621054823,167.05262756347656,22319900
2019-03-06,166.10516357421875,167.24405244817586,165.8371914395684,167.21534219113374,27194600
2019-03-07,164.066650390625,165.74148356130948,163.45414055805298,165.68406304628496,39407400
2019-03-08,163.81787109375,163.90400189142008,162.06647185750563,162.22916823201263,39303200
2019-03-11,167.22488403320312,167.33973964870233,164.46859751875067,164.49730777177948,30518400
2019-03-12,168.14366149902344,168.57432991207708,167.26317963580271,167.6651377948784,33953500
2019-03-13,169.40695190429688,170.28743374371382,168.77531173047404,169.01457357607813,42426100
2019-03-14,169.11988830566406,169.72281836508674,169.07203300484957,169.52184654640834,23751500
2019-03-15,170.689453125,171.19668720797836,169.66540513643622,169.78024618061602,38192000
2019-03-18,171.09593200683594,171.61368637425048,170.2713726990696,170.61653740069184,32935100
2019-03-19,171.67120361328125,172.58205039772133,170.94251448175984,171.79583625686124,36893300
2019-03-20,172.3519287109375,173.4066026057318,170.89457976717227,171.68077924605075,50105000
2019-03-21,175.046142578125,175.29542249096585,171.8150131861249,171.83419306556235,42428500
2019-03-22,171.20143127441406,174.7585463513412,171.0192589493741,174.28873428307836,70794500
2019-03-25,170.87545776367188,171.46990254391548,169.638611174497,170.5782353735501,46336500
2019-03-26,171.67120361328125,173.2436172650398,170.7987019584131,172.19854058215552,33248100
2019-03-27,170.56863403320312,172.31363782113496,169.32221947606973,171.93012790047325,37096700
2019-03-28,170.96173095703125,171.6041180820902,169.93583393431362,171.0096733517298,30368200
2019-03-29,172.2561492919922,172.41914177430496,171.23023736041503,172.28491181063745,35205500
2019-04-01,174.53799438476562,174.74892919711408,173.32034253071086,174.0298372359162,30969500
2019-04-02,175.1995849609375,175.372174662485,174.288737946557,174.72978751276477,22645200
2019-04-03,176.206298828125,177.29931806009,175.65979652712446,176.18711894546908,31633500
2019-04-04,176.1392364501953,176.8966737651748,175.12290722773747,176.25428651577002,28530800
2019-04-05,177.05001831054688,177.15548570841693,176.43639380383814,176.64732859957823,25674700
2019-04-08,177.5006866455078,177.64449920379874,176.06250254273743,176.76241470969543,22697500
2019-04-09,176.87741088867188,177.4814527094646,176.50348372102894,176.8965907672579,25631900
2019-04-10,177.82662963867188,177.88415464843655,176.915782847487,177.10753775668985,24563000
2019-04-11,177.40478515625,178.12387713995525,177.07880030149494,178.12387713995525,20654100
2019-04-12,178.1717987060547,178.28684872841157,177.43352692601974,178.19097858643488,24989100
2019-04-15,178.20054626464844,178.40189841684622,177.011642490155,178.181366385877,21073000
2019-04-16,178.81419372558594,179.20730082620057,178.26767683498082,178.85253885810218,27195700
2019-04-17,179.4374542236328,180.1853088847021,178.9101316874698,180.01273379213248,29651600
2019-04-18,179.6675262451172,180.05103611292535,178.61285216369927,179.73464851846364,28580900
2019-04-22,180.17568969726562,180.24281197295676,178.7470883243442,178.88133287572646,17936000
2019-04-23,182.46719360351562,182.68771105127573,180.3770399030851,180.63590248655666,33665600
2019-04-24,181.89195251464844,182.85074196210752,181.8344128586295,182.6206272279296,24977100
2019-04-25,182.63018798828125,183.33969736123518,181.6426361460408,183.2534098324874,29517500
2019-04-26,182.79318237304688,182.83154213954316,180.81807866745478,182.3425502114839,26359500
2019-04-29,183.14794921875,183.43558895521676,182.49596484076102,182.79318720412294,21716200
2019-04-30,181.7289276123047,182.02616460103877,180.45375064660897,181.6714025918931,31495300
2019-05-01,181.14407348632812,183.4355941865534,181.01944081327778,182.91783972015463,34797100
2019-05-02,180.3578643798828,182.02616310795727,179.16896032459206,181.08653901572688,44110100
2019-05-03,183.23422241210938,183.36845232796136,181.52757864057824,181.85356348908115,30386200
2019-05-06,182.11244201660156,182.36172196786092,179.06348443445444,179.34154152428573,38371800
2019-05-07,178.56491088867188,180.8947616877094,176.9061949925244,180.1277273801796,58818100
2019-05-08,178.1143035888672,179.456602841524,177.33768654768969,177.9800736636015,37165300
2019-05-09,177.15550231933594,177.76912688358095,174.58593939845997,176.12959075022746,55351700
2019-05-10,177.3760223388672,178.22934423951506,173.56962760800897,176.5227004382193,58526400
2019-05-13,171.2206268310547,173.7901756111248,170.72205220582975,172.8601486465557,67185800
2019-05-14,173.09983825683594,174.14492986035833,171.48907902749713,172.12188356615127,43360600
2019-05-15,175.5447235107422,175.98577301106482,171.92050124925925,171.95886101274638,40944500
2019-05-16,177.3089141845703,178.40194812970944,175.41051529610263,175.62145013148404,39281200
2019-05-17,175.4967803955078,177.93211331815516,175.3433852320834,175.5543200405005,44702300
2019-05-20,172.53411865234375,173.71342530639242,171.94925663806615,173.051873028242,38608300
2019-05-21,174.33665466308594,174.81604929793028,173.46415291647807,174.0202524484931,31613800
2019-05-22,173.5600128173828,174.5667443322439,173.30113565528455,173.36825791692382,24332600
2019-05-23,170.90423583984375,171.64250788348107,169.8399788631599,171.5658029645347,45351300
2019-05-24,170.81790161132812,172.4382578350883,170.60696679936152,171.82463328117547,25903300
2019-05-28,170.17550659179688,172.25607747621078,170.15632671070676,171.2972882411834,24763800
2019-05-29,168.77566528320312,169.7056919973142,167.87440107530475,169.1208299877182,42178800
2019-05-30,169.4851837158203,169.9645783518429,168.5263944437751,169.2263065159784,30354800
2019-05-31,166.7813720703125,168.06614603825392,166.7046671816346,167.49088131811197,45446200
2019-06-03,163.1092071533203,166.78137139026825,162.29424514561848,166.33073931484896,75842300
2019-06-04,167.70184326171875,167.75936828005223,164.3077208804027,164.94052534199912,47797800
2019-06-05,168.94825744628906,169.33176728809914,167.19367139158075,169.3030047814615,34412700
2019-06-06,170.29054260253906,170.70281491728642,168.48801430745777,169.2358686788295,29913200
2019-06-07,173.57919311523438,174.27911977603478,170.98088253433318,171.20139995748113,45888300
2019-06-10,175.6022491455078,177.2322026103069,174.7009995198659,174.73934465352508,41385300
2019-06-11,175.84194946289062,177.75952803775297,175.24750478627163,177.4335431912176,41260300
2019-06-12,174.8256072998047,175.72687142716387,174.4996225052164,175.36252687441157,27758100
2019-06-13,175.8611602783203,176.29261260756243,175.20919047057066,175.55435525995756,23715800
2019-06-14,175.11329650878906,175.56392869996034,174.44214685065054,174.95988669265304,22844100
2019-06-17,176.16790771484375,176.65688487022265,175.30498878010678,175.49674366672832,20379500
2019-06-18,178.72792053222656,179.98393219978786,177.78829646568423,178.24852587254887,48177300
2019-06-19,179.39906311035156,179.8017528531289,177.9225340535013,178.96761085951607,31672900
2019-06-20,181.06736755371094,181.93985470948735,179.44701127446865,181.9015095741638,40922000
2019-06-21,180.79891967773438,181.94946400308797,180.41539514930662,180.85644469950734,39980400
2019-06-24,180.80467224121094,181.34277902834324,180.70857545966146,181.16020394078544,19375200
2019-06-25,177.70094299316406,180.78546817923623,177.43188957247193,180.67976757379918,33921100
2019-06-26,178.5272979736328,180.00710622120505,178.23903696906243,178.8828443164521,22595700
2019-06-27,179.2095489501953,179.6323513044119,178.7194905827039,179.17111903722534,19709200
2019-06-28,179.44017028808594,179.83413187501878,178.79636295172676,179.641952987828,21179200
2019-07-01,181.86166381835938,183.12046714451085,181.0160737210712,182.88023985256223,31025600
2019-07-02,182.5823516845703,182.60157397400374,181.28513306287329,181.80401757908993,18035800
2019-07-03,183.95645141601562,183.95645141601562,182.85139708775534,183.04359064905984,15792100
2019-07-05,183.58172607421875,183.9180355343535,181.9866131053014,182.69769127106647,21415600
2019-07-08,182.2941131591797,182.44784750669365,181.54459040185327,182.39019529358686,17598800
2019-07-09,183.20697021484375,183.43757906240737,181.27553314262477,181.4292821492087,19193500
2019-07-10,185.0326690673828,185.5419497590068,183.98528158176444,184.32160565916615,28374500
2019-07-11,184.89813232421875,185.78216696094262,184.31197717068002,185.3113308729311,23736100
2019-07-12,185.96470642089844,185.97431023189048,184.92692300379028,185.09989423779507,20211900
2019-07-15,186.5605010986328,186.59894567459727,185.87826382951528,186.39714830655805,15606100
2019-07-16,185.599609375,186.5028663848348,185.0326764559968,186.3299097637061,20190900
2019-07-17,184.68675231933594,185.9263334452918,184.66753002915914,185.59961316153135,16765100
2019-07-18,184.89813232421875,185.25366400901268,183.235763641157,183.81230031955448,28877000
2019-07-19,183.5432586669922,186.25302961425731,183.3510797619113,186.1665513063175,29387900
2019-07-22,185.00384521484375,185.39782150177737,183.9564577164881,183.9564577164881,18954900
2019-07-23,186.21456909179688,186.23379137935228,184.77320543363692,186.01278639054772,23786700
2019-07-24,187.52137756347656,187.5309960369472,185.48425526147065,185.5034775461048,20422900
2019-07-25,185.74374389648438,186.91605424678997,185.38819753627024,186.88722814492263,23434700
2019-07-26,187.65589904785156,187.90574475427283,186.82951677909512,186.92561353730434,20431200
2019-07-29,187.01211547851562,187.55022220301925,185.83020144703028,187.4829661936106,20451700
2019-07-30,186.20498657226562,186.93527229747897,185.4458747435775,185.58040144723023,18705000
2019-07-31,183.6297607421875,186.82957559310177,181.91934347623192,186.70466736287668,41627500
2019-08-01,182.71685791015625,187.35805058224778,181.83282330532583,183.94682037446893,63251600
2019-08-02,180.02630615234375,181.6021963183007,178.93087048408475,181.34274678409767,55214000
2019-08-05,173.66513061523438,176.33645724905236,172.1949405851947,176.2595827469331,75040000
2019-08-06,176.09620666503906,176.61510582021666,173.99182792956137,175.26982420431668,41897200
2019-08-07,177.04747009277344,177.29730113577654,172.85790657762723,174.18396559102004,49990600
2019-08-08,180.90077209472656,180.95843896669567,177.3550292399914,177.84508768439096,38418100
2019-08-09,179.199951171875,180.65091869787852,177.79701737312405,180.03593743348452,33608900
2019-08-12,177.14356994628906,178.63296708178729,176.3267914777907,178.09486041834188,24642900
2019-08-13,181.0256805419922,182.26524693762553,176.8265121009018,176.98986490266367,40241900
2019-08-14,175.61572265625,178.68102469641727,175.28901711688806,178.11409190829372,51000500
2019-08-15,175.4140167236328,176.41335606428703,174.07835322264398,175.8464230281244,36685000
2019-08-16,178.2294464111328,178.6810749387802,176.90340159547463,177.0091022011434,32781400
2019-08-19,181.0640869140625,181.44845933497254,180.17044852727537,180.80465202504544,22494100
2019-08-20,179.6611785888672,181.26589505308647,179.61313020060598,180.61248389212463,19902900
2019-08-21,181.2563018798828,181.83283858593066,180.6124944938587,181.23707959098812,20418500
2019-08-22,180.670166015625,182.0538777177839,179.24800973156616,181.59263070885632,24243700
2019-08-23,174.9527587890625,181.08334999500914,174.46268567478748,179.44020334516634,55372400
2019-08-26,177.5952606201172,177.64329435439,175.92327319022377,176.94183468364966,27598900
2019-08-27,177.220458984375,179.13267337945953,176.5286179189306,178.8347939032368,28012800
2019-08-28,177.85464477539062,178.15252422190744,175.7598701758157,176.6439047037168,21792400
2019-08-29,180.5740509033203,181.09295007014174,179.38251824461042,180.064770212154,25358900
2019-08-30,180.14163208007812,181.58299574552134,179.12307076913442,181.54455117021624,26319800
2019-09-03,178.39280700683594,179.86299707378518,177.79704792834502,178.94053234981945,27964200
2019-09-04,180.96800231933594,181.12175128558766,179.5938947597123,180.11279385523477,21592100
2019-09-05,184.28309631347656,184.81159910837144,182.89938523677196,182.96665589353373,33932600
2019-09-06,184.10061645507812,184.65794563031298,183.6970362928004,184.5906896010898,19487800
2019-09-09,183.71621704101562,184.75400065033142,182.78413402141652,184.6771261612366,24407600
2019-09-10,183.1876983642578,183.28379513295303,181.52532983445028,182.726466131599,23744700
2019-09-11,184.90773010253906,185.00382687695733,183.1108347869291,183.53363713467476,25063600
2019-09-12,185.6764678955078,187.09862397098294,185.42663679904803,186.04161805844194,28689900
2019-09-13,185.01344299316406,185.8398254562657,184.77321570345208,185.40741926724615,27669800
2019-09-16,184.1870574951172,184.57142994970894,183.63934690800005,183.8219219911424,20319000
2019-09-17,185.07115173339844,185.07115173339844,183.8123481341491,184.2063244973726,20953400
2019-09-18,184.99423217773438,185.07110666859418,182.67843762587842,184.68673421429511,29781300
2019-09-19,185.3017120361328,186.4548000529869,184.9461803520328,185.3209343240681,26039400
2019-09-20,183.34146118164062,185.75333777011406,182.72647993752778,185.5611588805118,29086100
2019-09-23,183.4223175048828,183.97114723928155,182.6712981676145,183.287519539011,22485900
2019-09-24,180.98631286621094,184.66437997591183,180.19677144380395,184.25998608585314,40820700
2019-09-25,183.01795959472656,183.49938309491517,179.29174640466812,180.80340855548312,34704900
2019-09-26,182.34393310546875,182.9408934247174,180.99593875984502,182.7772112304678,26826000
2019-09-27,180.08123779296875,182.7772118007516,178.84879505087542,182.68092124295075,40773500
2019-09-30,181.79513549804688,182.08399252971552,180.4375177335195,180.81302746712507,26307700
2019-10-01,180.31234741210938,183.50899155719225,180.01386721663323,182.459491937009,32367600
2019-10-02,177.2119598388672,179.11839242529376,176.22022879141096,179.08950819609612,48544300
2019-10-03,179.1569061279297,179.2917040884925,175.06480734213793,177.19269048329917,39392500
2019-10-04,181.79513549804688,182.05510829573655,179.93684788329807,180.12941434045084,31887600
2019-10-07,181.24632263183594,182.69059311639893,180.9285813622066,181.27520686617686,21216000
2019-10-08,178.5310821533203,180.88043109422628,178.38666098559196,180.1101505852914,32379300
2019-10-09,180.27383422851562,181.09226003044424,179.5035537135026,180.0427603583269,20147400
2019-10-10,181.66993713378906,182.3920722733874,180.16789839412482,180.32195741662295,25177700
2019-10-11,184.00962829589844,185.47315935283135,183.63411868103975,183.7400324027627,40976700
2019-10-14,183.99041748046875,184.57775469912391,183.56676247791376,183.74970574646053,14975000
2019-10-15,186.3301544189453,186.7634326279307,184.4429678460117,184.5585047839067,23234200
2019-10-16,185.8679656982422,186.33976598503753,185.2806284807534,185.69466030220204,20457100
2019-10-17,186.3590545654297,187.2737563495837,185.6465424398556,186.98489928830335,19045200
2019-10-18,184.568115234375,186.47454788578938,183.6245294340414,186.02200869043125,27700800
2019-10-21,186.20498657226562,186.33016138758612,185.0014277845831,185.55025764386858,15801200
2019-10-22,184.72218322753906,187.19669211521392,184.66440007249133,186.93671933907112,22392300
2019-10-23,185.0784454345703,185.11695284887827,184.0481921263174,184.3466870276889,14828400
2019-10-24,186.8789520263672,186.9945036452963,185.5791175214065,186.39752857448298,18998500
2019-10-25,188.371337890625,188.4676284425328,185.87756833009365,185.91607573573148,21507100
2019-10-28,190.2296905517578,190.48002548493113,189.2475824892051,189.2475824892051,18818700
2019-10-29,188.75648498535156,190.20075522190874,188.72760075597054,189.91191292809856,18569700
2019-10-30,189.6712188720703,189.98896011670584,188.03436736481856,189.12238907900584,21764300
2019-10-31,189.75787353515625,190.30668864203133,188.660228629528,190.22003594492654,26801800
2019-11-01,191.48133850097656,191.4909763717817,190.28741787123877,190.5762601578681,22131900
2019-11-04,192.66561889648438,193.0796359003494,191.48130694894854,192.75227156819466,19015900
2019-11-05,192.7715606689453,193.09892504874162,192.13607826684003,192.9063586307365,15048900
2019-11-06,192.33827209472656,192.56936061654187,191.40430952038622,192.55009956675485,19725500
2019-11-07,192.98341369628906,194.22549453146183,192.42497537515973,193.30115496361515,17832400
2019-11-08,193.7537078857422,193.77296894048132,192.12649401946666,192.63681647283335,15258800
2019-11-11,193.4936981201172,193.5707129347597,192.51159027684963,192.77156302486554,10147600
2019-11-12,194.05215454101562,194.6972748821614,193.35891830104833,193.6573984843942,14778300
2019-11-13,194.10031127929688,194.28325454875835,193.2530159618288,193.37817607366162,15774600
2019-11-14,193.94625854492188,194.07143335270058,192.78122193609147,193.36855917676857,16945400
2019-11-15,195.3712615966797,195.3712615966797,194.49506742036905,195.12091200808965,18427900
2019-11-18,195.52532958984375,195.833432962093,194.2736256651134,195.06315249365295,18365900
2019-11-19,195.8141326904297,196.26667182405356,195.06311342438897,196.26667182405356,16923300
2019-11-20,194.63951110839844,195.89121512063372,193.16635640451412,195.3038778752245,36629000
2019-11-21,194.20623779296875,194.56250117497174,193.59965417085004,194.42768849019055,17883600
2019-11-22,194.3314208984375,194.80322123966883,193.28192114520613,194.68766960376485,17189600
2019-11-25,196.63258361816406,196.67109102749063,195.14016807188366,195.1690523018478,17752800
2019-11-26,197.00807189941406,197.25840676253605,196.46888007615107,196.75773703629204,14780600
2019-11-27,198.3849639892578,198.39460186082528,197.27769595792424,197.51840767707304,16963100
2019-11-29,197.47988891601562,198.18276298180587,197.3835983571396,197.88428281791727,9854600
2019-12-02,195.45791625976562,197.55691540198117,194.28324189310058,197.48952376028853,28007000
2019-12-03,193.92701721191406,194.00404673470757,191.82800311845938,192.7716037537702,31104100
2019-12-04,194.90908813476562,195.37126521832522,194.62986900217453,194.9187260064299,15300100
2019-12-05,195.29421997070312,195.60232330970993,194.34099634101923,195.60232330970993,14962300
2019-12-06,197.3835906982422,197.52801183907587,196.565165055182,196.71922406665527,16555300
2019-12-09,196.48817443847656,197.95169115207392,196.40150705142744,197.02736635315748,13984100
2019-12-10,196.32449340820312,197.26809402705857,195.88159202471334,196.5844662066126,21799800
2019-12-11,197.3643035888672,197.5665078512113,196.45922538081328,196.7673433630759,18780800
2019-12-12,198.83755493164062,199.61747344578478,196.89261431302086,197.16221033326283,32612000
2019-12-13,199.4922637939453,200.18551477980353,198.30796614805362,198.73160646885262,32519400
2019-12-16,201.49496459960938,201.74529949176522,200.73430735995467,200.80171369161798,21296600
2019-12-17,201.61048889160156,201.91860691668725,201.27348663814857,201.75491003343794,15996100
2019-12-18,201.7645721435547,202.32302511220638,201.55274464882893,201.78383319540552,15443300
2019-12-19,203.02586364746094,203.09325527930767,201.8319284039415,201.8511894524157,17865900
2019-12-20,203.84432983398438,204.62423349589235,203.4206748344595,203.98875099660503,27672600
2019-12-23,204.38272094726562,204.71079505826677,204.20903984981612,204.5660608103922,23774700
2019-12-24,204.4888916015625,204.652928678961,204.02572722280624,204.56608811864356,7089000
2019-12-26,206.29330444335938,206.31260725265145,204.78800924062665,204.81695609270002,17067500
2019-12-27,206.11964416503906,207.0363289287208,205.56962447259147,207.01702611747766,18134100
2019-12-30,204.76873779296875,206.1389428894481,203.75555371688924,206.01349670445111,21815500
2019-12-31,205.1546630859375,205.2993973280233,203.79410231542076,204.11253237173707,18170900
2020-01-02,208.5802001953125,208.5802001953125,206.4766357813758,206.88190641736827,30969400
2020-01-03,206.66966247558594,207.91443621583537,205.80122732208363,205.8205301345729,27518900
2020-01-06,208.00125122070312,208.03019807401319,204.7976767566402,205.04855439323734,21655300
2020-01-07,207.97230529785156,208.56091585733947,207.31615698824805,208.0784486683733,22139300
2020-01-08,209.5354766845703,210.49076693905388,207.6152668569054,207.94334098415996,26397300
2020-01-09,211.3109893798828,211.71626006069636,210.07587452681383,211.26273971517705,23547000
2020-01-10,210.77059936523438,212.1601071610484,210.39427556417888,212.1408190754667,21898500
2020-01-13,213.2022705078125,213.23121736432708,211.30134840345303,211.63908136109868,22756900
2020-01-14,212.36276245117188,213.45314302414909,212.03468829206147,213.09610728748868,24418100
2020-01-15,212.44961547851562,213.44349678125812,211.75486149861567,212.47856233403385,25742100
2020-01-16,214.48561096191406,214.52421658207058,213.05751221445357,213.51103254704745,18805000
2020-01-17,215.5470733642578,215.72075450690085,214.3312464708287,215.45057402474592,24325200
2020-01-21,215.45054626464844,215.99090715933454,214.8522916632074,214.94877626655557,21146300
2020-01-22,216.0198516845703,217.25496649446433,215.74967124013912,216.540924487209,20736400
2020-01-23,216.71461486816406,216.8111141983268,214.890889428441,215.89442945670322,26496100
2020-01-24,214.89088439941406,217.95938339726447,213.89700316166594,217.7277938445321,37436500
2020-01-27,210.45217895507812,211.59079437378347,209.56442643276625,210.03724954533135,42264400
2020-01-28,213.6846923828125,214.17681828654543,211.37850005312148,211.93816369980627,26731900
2020-01-29,214.0321044921875,215.1128263468879,213.08647286932467,214.87159273834007,28924500
2020-01-30,214.79441833496094,214.89090294746305,211.98645550110226,212.6522626394122,39568100
2020-01-31,211.38818359375,215.72072957569955,210.635521224754,215.6917827219378,52015800
2020-02-03,214.58213806152344,215.0742493542368,212.27594520364147,212.420679488636,25408600
2020-02-04,219.49366760253906,219.86999149552412,216.77254505039105,217.5155487912144,30691200
2020-02-05,220.21737670898438,222.17619277903987,218.8954210118613,222.1376018732865,38534800
2020-02-06,222.1182403564453,222.17613406164182,219.98572896475244,220.76732343236472,22467100
2020-02-07,221.1629638671875,222.35948783634657,220.52610362277716,221.124372969222,25884900
2020-02-10,223.83580017089844,223.84544421290025,220.3716897312998,220.42958343076725,21478900
2020-02-11,223.87445068359375,225.8139784746463,223.28584004270567,225.07097477824246,30198000
2020-02-12,226.05519104003906,226.1613344153498,224.63673626258208,225.19639999388144,24471300
2020-02-13,225.76573181152344,226.69206070949218,224.21218663856706,224.4823671274523,22773200
2020-02-14,226.41217041015625,226.62445712172223,225.3603956179516,226.12268719222732,23438500
2020-02-18,226.49908447265625,226.92365803359104,225.07098545074794,225.31221909003062,24394500
2020-02-19,228.67018127441406,229.14300449564539,227.5798152653745,227.84999575644028,22230500
2020-02-20,226.5473175048828,228.6412235732068,223.74901338423808,228.16841509813054,42604000
2020-02-21,222.19541931152344,225.80426407171498,221.2787346963202,225.4182962517542,66017200
2020-02-24,213.62686157226562,216.38657500181782,212.53648080826505,213.90668611612205,84522600
2020-02-25,207.8179473876953,216.13569314341837,207.21004863899142,215.42163628252047,97743000
2020-02-26,208.88900756835938,212.555761457423,207.36440935624285,209.11095309502306,79537700
2020-02-27,198.4291229248047,208.83111528648146,198.29403268856464,203.5046729135161,121822600
2020-02-28,198.58343505859375,199.90539002628233,191.2209833740732,191.67450356603106,148173700
2020-03-02,208.83111572265625,208.97586472704313,198.7186066242956,201.55551631499304,112933900
2020-03-03,202.13446044921875,211.90925094519767,200.33968181891154,209.49691486810363,131953500
2020-03-04,210.56796264648438,210.67410600768878,203.95815684836936,205.83979049915035,73086200
2020-03-05,204.17044067382812,208.77318130987015,202.73269802050228,205.23187427081177,78705500
2020-03-06,200.72564697265625,201.81601277255984,195.79483187085464,197.49311102092258,89828400
2020-03-09,186.78237915039062,194.10622850769025,185.3735682950245,186.69552385492742,116424000
2020-03-10,196.9527587890625,197.13609867882644,186.88848545231914,194.05795562116117,100599200
2020-03-11,188.37451171875,193.7105982536417,185.97181954572054,192.35969586141536,89168800
2020-03-12,171.10215759277344,184.090165059597,170.73547784621712,175.70488361477723,137820700
2020-03-13,185.5955047607422,187.6604640748297,171.88379327605443,180.51031036696796,134882000
2020-03-16,163.3634033203125,178.20408496662907,163.2283130879234,168.04332651100887,92054400
2020-03-17,175.75318908691406,177.92429195707268,163.82659673122666,169.31707701200298,121257100
2020-03-18,170.4073944091797,172.93551743213698,160.9510358161161,165.59236720199402,114156300
2020-03-19,171.4302520751953,177.05582149372006,165.61169871799729,169.52933009561525,120896500
2020-03-20,164.71429443359375,176.45754397954283,164.13534264435782,175.3671781508033,118983900
2020-03-23,164.83322143554688,168.45943612542942,159.4857499315032,165.27802884131347,124639800
2020-03-24,177.59750366210938,177.76189029953622,172.07598064100364,173.9712887788832,94881800
2020-03-25,176.2824249267578,183.2544202977152,174.03899919930456,178.33244069107238,88754900
2020-03-26,185.56553649902344,186.35847607115215,177.54918891881272,177.8006012256512,79887600
2020-03-27,179.1833953857422,184.22140911200665,178.56452187363556,180.7595803315917,58845000
2020-03-30,185.70089721679688,186.1360548585684,180.1890528904723,180.8852874111773,49356900
2020-03-31,184.1150360107422,188.80494712957645,182.9546500421454,185.3914709047743,62659300
2020-04-01,176.29212951660156,181.4655373469234,174.88999549640866,178.67093390484362,53715400
2020-04-02,179.86990356445312,183.8249060546297,174.9962777749051,175.2573693500019,56465300
2020-04-03,177.31707763671875,180.89495498438234,175.3057352362026,179.42512500802303,47487600
2020-04-06,189.99432373046875,191.12570104983163,182.94496820055957,184.19237967931144,64763500
2020-04-07,189.9169464111328,195.9703169617347,189.5301560762846,195.68988142713013,69904500
2020-04-08,193.9493408203125,194.52952641428732,189.694572688958,191.60921023275824,45940400
2020-04-09,194.22975158691406,196.51185021730672,192.46015684446024,195.67057303429524,68252600
2020-04-13,196.32814025878906,196.70526607926928,192.1894208296338,193.39815932541765,42853900
2020-04-14,204.86663818359375,205.48551160481105,199.6062067256936,200.389466785582,63959600
2020-04-15,202.516845703125,204.83763212714518,200.28309965189658,201.5982075323094,47036000
2020-04-16,206.21080017089844,207.29382520866037,202.7683150822041,204.70229679541302,64657400
2020-04-17,208.1834259033203,209.36315576375395,205.07939395070474,209.03438245972686,62863200
2020-04-20,205.71763610839844,208.75398674833977,205.55324943661512,206.31716570609163,38249100
2020-04-21,198.1267547607422,204.18979152456308,196.90835160100076,203.64827900912243,72932800
2020-04-22,204.00604248046875,205.34049445523922,201.45318745597828,202.19777447502784,40089100
2020-04-23,203.57089233398438,207.36149421981273,203.16475799855002,204.7989599357356,43278500
2020-04-24,206.7812957763672,207.22611800788738,202.58455951662805,204.0060370812345,34231900
2020-04-27,208.4445343017578,209.47922153928954,207.419526415487,209.05374322685066,36451700
2020-04-28,204.51852416992188,210.1464168820134,204.23810337134472,210.1464168820134,46862800
2020-04-29,211.77096557617188,212.70894774566213,208.03838084384876,209.05372404078335,48716400
2020-04-30,211.68392944335938,212.77661885837904,210.17542637085984,212.6895932399902,43359500
2020-05-01,205.71763610839844,209.51790301781625,204.69261342622312,207.4195346707809,48795000
2020-05-04,208.11569213867188,208.33809581748537,204.15102527143716,204.47981324828328,32841000
2020-05-05,210.47518920898438,212.87332189854163,209.6919291403661,210.26245008477864,37783100
2020-05-06,211.77096557617188,213.74362013312737,210.91034443412596,212.15775595828634,36455200
2020-05-07,214.4978790283203,215.3778293304014,213.14408322762208,214.4978790283203,38624800
2020-05-08,217.43748474121094,217.57286282120663,215.13604262617997,216.17072954515746,31852300
2020-05-11,219.3811492919922,220.40615695125044,215.88064809601084,216.11273114824314,35714100
2020-05-12,214.7879638671875,220.57057872353656,214.75895532736524,219.98071382197273,41054100
2020-05-13,212.0997314453125,217.19577644197017,209.5565559995538,215.31014757378958,65521200
2020-05-14,214.50755310058594,214.54622623712288,208.86033083931864,210.7749683327064,51549300
2020-05-15,215.90003967285156,215.95805675993353,211.12310276832198,211.5582456765453,55747200
2020-05-18,219.9226837158203,221.1314220682709,218.0273902420376,218.8106503336085,42398100
2020-05-19,219.37152099609375,222.26282863541914,219.22647828639006,220.18378968065005,36237300
2020-05-20,223.75196838378906,224.10975020660538,221.90501268067092,221.9243566253143,37417000
2020-05-21,221.3151397705078,224.47720324780767,220.80263591932265,223.800312760875,43642900
2020-05-22,222.07907104492188,222.28213081383024,219.99036774837126,220.90900589344216,28762400
2020-05-26,221.4795684814453,225.86005042250426,221.23782077910764,225.65697586029273,33055300
2020-05-27,222.68833923339844,222.80438818079577,216.54795555809702,221.14116256750614,55665600
2020-05-28,222.39822387695312,225.76334779720574,221.48925014585348,221.547267234203,42784300
2020-05-29,225.65695190429688,225.88903498574203,221.20878875146198,222.77532372977902,50691800
2020-06-01,226.3338623046875,226.71098812317985,224.3418636349531,224.78668589130464,25776000
2020-06-02,227.8520050048828,227.91002208139133,224.3514889194422,226.75930088028636,33383400
2020-06-03,228.8769989013672,229.63125036070542,227.58123508713024,228.46118528628816,37228700
2020-06-04,227.27182006835938,229.9407090536174,225.96637673838893,228.52891091294072,38716100
2020-06-05,231.77801513671875,232.36788008418995,227.85203505408757,228.4225560551362,47365600
2020-06-08,233.57659912109375,233.7022978746306,230.0567536750361,231.63293843252703,32937300
2020-06-09,235.26885986328125,236.11980171670766,232.53227418366006,232.71600479278536,35046300
2020-06-10,238.09243774414062,239.63962867787012,236.4388772492784,236.96106046033228,58084400
2020-06-11,226.29515075683594,235.54924338845026,226.23713368000858,234.16645387371145,72919400
2020-06-12,228.09378051757812,232.46456803955795,224.09043944339714,231.1978125307267,72034800
2020-06-15,230.8690185546875,231.54590906120876,223.8293277766536,224.76730989108535,45307400
2020-06-16,234.8336944580078,236.32285362512326,231.2074793783913,235.73298871530136,48890100
2020-06-17,235.57826232910156,237.3962095105312,234.71764122291327,236.33251387137415,34749300
2020-06-18,236.21649169921875,236.45823937901204,234.485584804146,235.2591655753986,30578600
2020-06-19,236.1778106689453,238.8466996528226,234.44688907661762,238.5856080359422,49422100
2020-06-22,239.01023864746094,239.13615601135754,235.75549871937096,236.04608862126173,24068700
2020-06-23,241.04441833496094,243.28204904570222,240.05638320344318,240.608518743907,32767400
2020-06-24,236.0751190185547,241.5190522983704,234.57367408464822,240.28883441024203,46032400
2020-06-25,238.32247924804688,238.62276533954574,233.5856716073336,236.16234384530514,36940800
2020-06-26,232.69447326660156,238.2546578806715,232.1713819199963,238.08028917154738,52824600
2020-06-29,235.23240661621094,235.2421028000898,229.91440449709287,232.45232150431107,34377800
2020-06-30,239.84327697753906,240.3857311222954,234.98053769858723,235.1645878078653,38909200
2020-07-01,242.64273071289062,243.64046200339658,239.33955460937236,239.8820087346067,34689200
2020-07-02,244.2894744873047,246.3043146844653,243.8245159128112,245.0934742857462,31956500
2020-07-06,250.29522705078125,250.81828876096506,247.4279360189303,247.44731360178469,34589000
2020-07-07,248.57098388671875,252.7072335133425,248.27069783964012,250.0433846972024,36578200
2020-07-08,251.84515380859375,251.87421280113145,248.46449624337626,249.898142185492,30426300
2020-07-09,253.966552734375,254.634939134244,249.5591046184055,253.76313978357894,40312900
2020-07-10,255.70040893554688,255.9522731742486,251.13797102374997,253.821182450304,32885300
2020-07-13,250.44056701660156,261.33813136183994,249.61718957598762,258.5483501596133,64108100
2020-07-14,252.21316528320312,252.620020597014,244.8415695627361,247.91225853276052,72230500
2020-07-15,252.72659301757812,254.46052468340233,249.42341698130616,253.62745114705262,54523900
2020-07-16,251.00233459472656,251.64166179120787,247.6119819101171,249.9367892672577,47594100
2020-07-17,251.29302978515625,252.15513292727434,249.11351668766693,251.4576875536162,35137900
2020-07-20,258.42236328125,259.0519942866345,250.68268201425417,251.93224784352324,40610100
2020-07-21,255.72950744628906,260.0013561748783,254.88676720841394,259.99165999142025,43243800
2020-07-22,256.63031005859375,257.5602566230333,254.3248655717379,256.2234843029889,29865500
2020-07-23,249.92715454101562,256.9306364895774,248.51287167065408,256.2235246159298,51363500
2020-07-24,247.55389404296875,248.88097038245672,243.44673289391983,246.08150798801356,54054500
2020-07-27,251.97100830078125,252.35847126903911,248.41599787606515,249.20061999428444,36445700
2020-07-28,248.7646942138672,251.70946584766034,248.474104391449,251.1863746057794,31302400
2020-07-29,251.6320037841797,252.4941363585927,249.83028741655778,250.30492740472042,27556900
2020-07-30,252.94944763183594,253.51126465916033,248.51291115055238,249.66563375847073,41774500
2020-07-31,257.4633483886719,257.618339461612,252.67810617217336,257.57958430299584,53686300
2020-08-03,260.9409484863281,261.686815513983,259.4782438559781,259.6041759846218,32081600
2020-08-04,261.90960693359375,262.0064800706221,259.69133921022785,260.43720619843725,24911300
2020-08-05,262.55859375,263.013870876457,261.50274457620185,262.3939360268414,21612100
2020-08-06,266.03619384765625,266.3655389060242,261.72558997716914,262.3649172886603,28048200
2020-08-07,262.9654541015625,266.2686299864204,260.81500054690395,265.4936744577192,44969400
2020-08-10,261.8417663574219,263.4594618541036,258.3158151053577,263.2560194184154,35088400
2020-08-11,256.8822021484375,261.9677315758799,256.33974804109954,260.6793808998034,43104300
2020-08-12,263.34320068359375,264.29251004779087,258.9938721208436,259.0423234660284,38773400
2020-08-13,263.9438781738281,266.2202347679171,263.0042647207203,264.118232118973,31895700
2020-08-14,263.6338806152344,264.83502491643424,262.2389900118573,264.5637978303073,30799500
2020-08-17,266.6947937011719,267.19849252086857,263.6725416599422,265.348325373245,24803000
2020-08-18,269.2618713378906,269.7365113597121,266.29773612438555,267.760440925066,23529500
2020-08-19,267.4504089355469,270.2789152960766,266.93701383549336,269.22306611149605,31999400
2020-08-20,271.1603698730469,271.6447059159287,266.24919530345903,266.6560505865512,27723400
2020-08-21,273.0396728515625,273.49495004233717,270.7051689211252,271.35419240813627,34748900
2020-08-24,274.7444763183594,277.04022449781513,272.4583947582016,276.3137204125936,36418500
2020-08-25,276.9046325683594,277.09837884113364,273.52397590762297,273.96955686116684,34866600
2020-08-26,282.8135681152344,283.0654323833306,276.87560194106163,278.15425652465717,42216700
2020-08-27,281.93206787109375,284.6443681132464,279.66537818196184,283.7919317388994,49482700
2020-08-28,283.3656921386719,283.99532318892926,281.81581062620904,283.17194586403986,28021000
2020-08-31,285.6421203613281,287.45353300882533,283.4529112905165,283.8888256925662,36321000
2020-09-01,290.5242919921875,290.6405279714574,286.52366952358227,288.29632733053046,36216200
2020-09-02,293.2752380371094,293.9920460868233,287.58913630721935,293.77893699616067,50836800
2020-09-03,278.4062194824219,289.2650319860661,275.50020143223185,288.76133283285577,110083300
2020-09-04,274.6960754394531,279.8784781117177,263.28511702709073,276.61405721893505,123959000
2020-09-08,261.49310302734375,269.50401242314916,261.2121797790132,263.691978538295,99568600
2020-09-09,269.17462158203125,271.2766235915933,264.4474967635202,267.0048054272503,64837900
2020-09-10,263.8081970214844,273.3593207786206,262.0839615989203,272.13878428391274,69667500
2020-09-11,261.9773864746094,266.59794184126156,258.5385827143709,265.5614555789022,71809000
2020-09-14,266.53985595703125,268.5353183979086,264.40876521360366,265.76490043145276,38525200
2020-09-15,270.3176574707031,271.6641259968368,266.5107828799759,270.28859848762613,41849900
2020-09-16,266.0070495605469,271.5769145201731,265.6583417699996,271.11197079944344,42321000
2020-09-17,261.85150146484375,265.803671415116,258.3255201270873,259.1682602925586,81570800
2020-09-18,258.50958251953125,263.56605331431973,254.40242125963064,263.27546343707536,86251100
2020-09-21,259.1295166015625,259.2651153411882,251.96131848091713,254.2474003059607,57168600
2020-09-22,263.9438781738281,264.52505799097776,258.1899614917511,261.5318636865093,41128900
2020-09-23,255.88453674316406,263.808270871674,255.00304120150253,263.624220727726,48837300
2020-09-24,257.0759582519531,260.2822612295325,253.0365817167115,253.20126901630118,70631700
2020-09-25,263.052734375,263.866415828578,256.0201616926969,257.57973998321154,55242400
2020-09-28,268.5158996582031,268.5158996582031,263.15914449246867,267.9152981654229,58438300
2020-09-29,267.3051452636719,269.00998848798474,266.7432987494569,267.9541391799654,27050000
2020-09-30,269.1359558105469,272.28414134147573,267.2276698601069,267.49889696954085,49380800
2020-10-01,273.40777587890625,274.01804420061615,271.073271924549,272.9621948668382,50020200
2020-10-02,265.7164306640625,273.3979930123348,264.87369070091245,267.3728516109963,75497400
2020-10-05,271.3832702636719,271.702919156997,267.576394726391,267.68293450365394,28184600
2020-10-06,266.53985595703125,272.3809483565957,265.6583606750467,270.69546812594973,49704200
2020-10-07,271.15081787109375,271.9451068504108,268.59350829415524,269.1844138882439,27539700
2020-10-08,272.59405517578125,273.62084537233886,271.52850981288265,273.5530312216248,25443300
2020-10-09,276.7593688964844,276.83687923895894,273.8533518459046,274.2408148736751,30201100
2020-10-12,285.30303955078125,288.1412421777684,280.4015602801821,281.44771331389154,79370700
2020-10-13,285.2933654785156,287.74410530374576,283.92753393870277,287.10480757675845,64240000
2020-10-14,282.9104309082031,287.0660433720436,281.16683258458767,286.09737106747224,36949100
2020-10-15,281.0118713378906,281.6027473169491,277.5633999319928,278.20272726834946,42514200
2020-10-16,279.4717102050781,284.08257116644654,279.12297273586023,282.65862142034524,40570700
2020-10-19,274.9091491699219,282.3485738792417,273.9308103830915,281.38956833207254,36756800
2020-10-20,275.5000305175781,278.609459625022,274.08577755442536,275.6453254176407,32195400
2020-10-21,275.28692626953125,278.3188746702345,274.80259021987325,275.75189951935243,29306100
2020-10-22,275.2773132324219,277.0209412747444,272.02258818520977,276.12005348352017,32196200
2020-10-23,275.81976318359375,275.98445049476885,272.952501224734,275.84882217244405,24658500
2020-10-26,271.6835021972656,276.36217607257356,268.08973649237515,273.5336697084895,38421100
2020-10-27,273.8049011230469,274.6282784460207,271.4219756705786,272.6812377681638,30559100
2020-10-28,263.13018798828125,269.9108948672063,262.87832370165825,269.3006265182573,53413500
2020-10-29,267.7313537597656,270.73421426940075,263.98256709104777,264.4475404416685,43246300
2020-10-30,260.9409484863281,266.61735396571,258.70331784183105,265.74555480941143,65838300
2020-11-02,261.52215576171875,264.951234387495,258.60644270616984,263.3335682160116,39987400
2020-11-03,266.04583740234375,268.1478692697594,262.3551983580953,263.44010658842643,43604100
2020-11-04,277.9217834472656,279.7234998025476,273.0396665969805,274.70578419723074,75728200
2020-11-05,285.1674499511719,286.1361222422199,282.8523089860315,284.3343764088737,52054200
2020-11-06,285.38055419921875,286.1070584804433,280.7503014293423,284.5087549740563,40959800
2020-11-09,279.5491943359375,289.7687069883778,279.09391707667095,288.3253648558091,86537100
2020-11-10,274.5411376953125,277.679626732516,271.82883730675417,276.23631435258585,69024900
2020-11-11,280.6824951171875,281.15713508451313,274.5023611131332,277.0693367959135,36102900
2020-11-12,279.3651123046875,282.9201529950376,278.25114496474237,281.65119452478615,34414600
2020-11-13,281.8157958984375,282.43576029563553,278.85166133296696,281.07962512867675,24806900
2020-11-16,284.0148010253906,284.3150871483673,280.9053408825058,281.51560931356806,30168400
2020-11-17,283.11383056640625,284.53777996995274,282.474503327923,284.2084349491943,21843500
2020-11-18,281.0214538574219,284.1793344205991,280.934276914218,282.5616685386046,28069600
2020-11-19,283.2204284667969,283.53041071580213,279.801016229081,280.4694025203273,22718400
2020-11-20,281.282958984375,283.8886888337815,281.19578205829896,283.1427925303732,25907300
2020-11-23,281.2928161621094,283.5788690294782,279.04548890970267,282.28085145133076,26875600
2020-11-24,285.2449035644531,285.7389358455329,280.55653366962235,282.35824976986476,24516800
2020-11-25,286.9982604980469,287.63758783613304,285.3612017599633,286.3105113640674,23326800
2020-11-27,289.6427001953125,290.7663635575965,288.5674586211273,288.964617792743,17163100
2020-11-30,290.23358154296875,290.5726227506342,285.54521129167284,289.9623544891428,27836200
2020-12-01,293.9533386230469,295.5807308347324,291.4057253044322,292.5100261065924,27521300
2020-12-02,294.3309631347656,294.6700042125391,290.94061148007216,292.78108218031593,23620000
2020-12-03,294.74749755859375,296.29737857930377,294.0209936015286,294.6409578344213,22828700
2020-12-04,295.94873046875,296.09405495316247,294.1179553173772,294.7960081446695,19332100
2020-12-07,297.6245422363281,297.99264241303973,295.94872863870495,296.1327787270607,20851000
2020-12-08,298.6320495605469,298.9323356668614,295.3966869984687,297.14998183657787,18341500
2020-12-09,291.87066650390625,298.69979481909945,290.8051209953174,298.4189011189299,48839300
2020-12-10,293.042724609375,294.1663879904616,288.75151354612245,289.8364217591628,27519500
2020-12-11,292.3937683105469,292.51970045172857,289.1196508859652,291.38634074262893,26760400
2020-12-14,294.5151062011719,296.4621172361134,293.51737501005834,293.5851595978105,28804800
2020-12-15,297.663330078125,297.663330078125,294.58292958627936,296.77213852291385,25709000
2020-12-16,299.3004150390625,300.0850373345108,297.0143327553648,298.0605155236534,25461900
2020-12-17,301.257080078125,301.489551966405,299.69753189169325,300.8986760631826,23730500
2020-12-18,300.34649658203125,302.2063601921427,297.97323789416714,301.89637799686926,41173400
2020-12-21,299.78472900390625,300.31845273271597,294.62204324491836,297.397454018924,37095500
2020-12-22,300.599853515625,301.5217425512956,297.775903854654,300.68718850120734,26176300
2020-12-23,299.0859680175781,301.00739680309744,298.9306959595868,300.6483431256061,21201300
2020-12-24,300.40576171875,300.85215041411334,299.2703772695468,299.34799849760674,16785000
2020-12-28,303.4334411621094,303.9089710536562,301.1820409369631,303.01616420054154,22497700
2020-12-29,303.7052001953125,305.3840516373131,302.8027090798663,304.76296337606954,25871900
2020-12-30,303.7148132324219,305.18985294102686,303.09372517715127,304.869624772915,18138100
2020-12-31,304.4621276855469,304.94734177549776,302.54069884301674,303.61785990745113,21611400
2021-01-04,300.1630554199219,305.96622500147066,296.1551834005593,305.7915254696362,45305900
2021-01-05,302.6376647949219,302.90941306806076,299.17325930886443,299.17325930886443,29323400
2021-01-06,298.4455261230469,302.65718136934197,296.931660352125,297.9214865515366,52809600
2021-01-07,305.6654357910156,306.49998969313816,301.07530048400076,301.10441214070005,30394800
2021-01-08,309.59564208984375,309.94501156793547,305.7624396631824,307.955616408928,33955800
2021-01-11,305.12200927734375,307.8100843916271,304.4718094345144,306.6358747096257,32746400
2021-01-12,304.6368103027344,306.2476949303709,301.9972446157722,305.1608201678188,29266800
2021-01-13,306.6941223144531,307.48985089384627,304.2971635876548,304.8988243051713,22898400
2021-01-14,305.0541076660156,308.14006220477734,304.57857771429786,307.1405223529727,23500100
2021-01-15,302.6376647949219,305.8012695823882,301.39551812749977,304.8405553299224,35118700
2021-01-19,307.0531005859375,307.5577124410326,303.86038444870917,304.956972732673,24537000
2021-01-20,314.1955261230469,315.1368426570693,307.150237563624,310.6728966508946,30728100
2021-01-21,316.708984375,317.45623316356824,314.1567826727956,315.5347743552655,25130600
2021-01-22,315.7967834472656,316.8060075341054,315.1077580465844,315.67062303263043,21609400
2021-01-25,318.4071960449219,320.5518637811298,311.9053445971359,319.1835564070513,39080600
2021-01-26,318.87298583984375,320.0083998187609,317.5435039978148,319.12530663851805,25498100
2021-01-27,309.9838562011719,316.6215811795314,307.97506282722816,316.611897036331,55264000
2021-01-28,311.8179626464844,316.76715185485585,310.5661021114875,311.18719030764925,42836300
2021-01-29,305.25787353515625,311.235714435012,303.51111472813875,310.1294121394821,55259000
2021-02-01,312.8854675292969,313.9723423549202,306.6747034712472,308.7028948181904,35646000
2021-02-02,317.98980712890625,319.14461869898616,315.68989774458026,315.85488351820993,33930800
2021-02-03,316.72833251953125,320.43537502186416,316.6701092019127,320.0666076002027,24824500
2021-02-04,320.4742126464844,320.5615476343097,316.80599508222116,318.1257928890835,22350900
2021-02-05,321.56103515625,322.5702886541387,319.78516479617787,321.42519062457905,22732000
2021-02-08,323.7154235839844,323.87069564867556,321.6096109896816,323.2496370050291,20462800
2021-02-09,323.6474609375,324.90900552724037,322.7740520206348,322.7837657777463,17597500
2021-02-10,322.90997314453125,325.5398251895536,319.7560815961624,325.0837227656463,28068700
2021-02-11,324.68585205078125,325.09344492282906,322.2986069862676,324.44324500233137,22046100
2021-02-12,326.5005187988281,326.66547497757483,322.79347665907255,323.8415258888152,20346800
2021-02-16,325.6174621582031,328.18909077277544,324.45293655928316,327.29628386492135,27080800
2021-02-17,324.0550537109375,325.7339050132803,320.40626413257564,322.63823695362333,31360300
2021-02-18,322.6382751464844,323.996868746866,318.6497997171961,320.46452538587374,32236200
2021-02-19,321.2310791015625,324.11325156462794,320.2121415057278,323.9870911810246,39157700
2021-02-22,312.90484619140625,318.10632671280536,312.7010645779116,316.84478199958846,47256900
2021-02-23,311.97314453125,313.6422815571386,301.8030503717538,307.6256172599548,97241900
2021-02-24,314.5448303222656,314.8553743878626,306.6164205834435,309.31420922120384,58206300
2021-02-25,303.5789489746094,314.4477533739853,302.035972157012,311.8858391005568,110182600
2021-02-26,304.85028076171875,309.67327972261444,301.68667585309566,306.50970442910506,104739800
2021-03-01,314.0208740234375,314.36052983413424,308.53796033117214,309.82861687367597,49164500
2021-03-02,308.9842834472656,314.7389146435511,308.7319922939717,314.6612934306407,48370000
2021-03-03,300.017578125,308.82905292300126,299.9593548037117,307.8877364086836,86301100
2021-03-04,295.1072082519531,302.8124101821349,291.23517977006145,299.6488049157798,139131600
2021-03-05,299.55169677734375,300.45418767610886,288.65380969684287,297.7272874668651,121523700
2021-03-08,291.0703125,300.89104370384695,290.6530353729292,299.00841013621806,88409800
2021-03-09,302.5504150390625,304.4524757960612,297.84386156001557,298.3775852694577,80391100
2021-03-10,301.6866455078125,307.1113341886265,300.9976499562894,306.810503893661,76798100
2021-03-11,308.6349792480469,310.40113598574584,305.5393110589751,306.43208837867047,53484800
2021-03-12,306.1312255859375,308.8193302488684,302.1816059141172,304.57853477670074,69315600
2021-03-15,309.4015808105469,309.5665666196471,304.8114748108951,306.4515006835125,42955700
2021-03-16,311.0997619628906,314.61273582416214,309.66354763004716,311.5946896668349,54925900
2021-03-17,312.38079833984375,314.27314497406195,306.34473439501846,308.0624110794946,78258700
2021-03-18,302.81243896484375,308.47973638246907,302.3563365034279,307.49959437461115,82718100
2021-03-19,303.8798828125,305.42286000553923,300.5027822145491,302.6474201176281,78446200
2021-03-22,309.57861328125,311.6482406884883,306.27499618187716,306.27499618187716,56194800
2021-03-23,308.22802734375,311.9883228995486,307.41184168960564,310.66688793165434,53455400
2021-03-24,303.0296630859375,309.63692665692946,302.88392094777663,309.5980522025797,64803700
2021-03-25,302.5049743652344,304.02078162295214,298.6766855487933,301.18353938738005,78729000
2021-03-26,307.04266357421875,307.3632963466623,300.8921068098596,302.2912612875947,63519600
2021-03-29,306.9551086425781,308.004481539224,303.6126177087931,306.508156265536,54608000
2021-03-30,305.4101867675781,305.9834588710033,302.70899076791363,304.99238280868605,44635700
2021-03-31,310.0838623046875,311.648210590427,306.85796477633806,307.1980495153089,55032500
2021-04-01,315.36968994140625,315.50570605795934,313.65956971601975,313.9122092000032,55685600
2021-04-05,321.666015625,322.43363051799207,317.6142354184013,317.85714889633965,42172500
2021-04-06,321.4425354003906,323.39553948505943,320.6651945249432,321.35509011175077,33537200
2021-04-07,322.2198181152344,323.0554557758428,320.0335971350939,320.9663764505816,32046400
2021-04-08,325.58172607421875,325.76634265924423,324.2797136052363,325.07647679823907,29940800
2021-04-09,327.55426025390625,327.7583289403284,323.48305734200534,324.22149420599413,36664900
2021-04-12,327.1266784667969,327.54448245938073,325.241667834536,326.51453186474566,25833000
2021-04-13,330.9452819824219,331.41165681721344,328.4383986353373,328.6521636521234,30374000
2021-04-14,326.9712219238281,331.31451549227876,326.1550363096084,331.18819575689,42564300
2021-04-15,331.9266357421875,332.3153209787676,326.6894372527501,329.84731205858145,36342800
2021-04-16,332.3153076171875,332.52907262770344,330.4399933489032,332.4513237225054,40860100
2021-04-19,329.2740173339844,331.8974645861227,327.350132293735,330.74122393979405,34533100
2021-04-20,326.87408447265625,329.89591379832757,324.9016282875252,328.6133532160057,38081800
2021-04-21,329.67236328125,329.8569798402705,324.5031589337057,325.59140623792234,36598100
2021-04-22,325.6983642578125,330.2651193071861,324.54209386845037,329.2837691370076,45936100
2021-04-23,329.7987365722656,331.1104454433761,326.32992548717107,326.32992548717107,36381900
2021-04-26,331.94610595703125,332.22789387321296,329.29348030009464,330.0416727341783,30812000
2021-04-27,330.508056640625,332.4513643729262,329.55585482941194,332.2375993362722,33187200
2021-04-28,329.3906555175781,331.18822107258853,328.7396343902418,330.1776927647546,33615700
2021-04-29,330.5760498046875,333.08290350684666,327.350152142513,332.66509949857345,37708900
2021-04-30,328.40924072265625,330.6149137077244,327.4958838275435,328.12748248561445,38263400
2021-05-03,326.66021728515625,330.3622150284207,326.2132649439981,329.61405245164366,29729700
2021-05-04,320.78179931640625,324.42550106130835,316.9631773518331,324.1048387023454,65147000
2021-05-05,319.70318603515625,323.69669779060166,318.9258750083495,322.83191184470286,46219300
2021-05-06,322.1130065917969,322.26847478023615,317.196440035939,319.44095826132957,46814300
2021-05-07,324.7266845703125,327.10721838902833,322.2878242481722,324.89184909704045,53324500
2021-05-10,316.52593994140625,323.5218292571474,316.32187130096383,323.34693869607077,60700500
2021-05-11,316.0887145996094,316.88547788084816,309.97700352184944,310.6377506820967,71963600
2021-05-12,307.9073791503906,313.4749363063745,307.0425930569889,311.1526992022475,91164900
2021-05-13,310.28790283203125,313.2611609143748,307.9170653261402,310.85147860856483,69877800
2021-05-14,317.1380310058594,318.05135810455977,312.9501767324086,313.4554555792595,44370000
2021-05-17,315.21417236328125,317.11860526417,312.3380857870897,315.42793735794857,39395000
2021-05-18,313.08636474609375,317.39078501006793,312.8143028020453,316.1665210881138,36528500
2021-05-19,313.44580078125,313.7470110918508,307.3340899790996,307.68390077198774,66319100
2021-05-20,319.50897216796875,320.36403243343034,314.70902868235817,314.9324901250173,46466100
2021-05-21,317.7405090332031,321.4813523282385,317.38100188246113,321.0635483234583,50330400
2021-05-24,323.0845947265625,324.2117166237893,317.63360182331587,320.03358774833356,32475800
2021-05-25,323.53155517578125,325.31939454429215,322.35586242335415,324.6003802473149,31280300
2021-05-26,324.6586608886719,325.1250356947649,323.5121166203355,324.20198245602694,25444900
2021-05-27,323.444091796875,325.05704051411465,323.24005282043737,324.21170653064064,27931700
2021-05-28,324.46435546875,326.0578819789046,324.14372275281585,324.6489720681587,29927400
2021-06-01,323.38580322265625,326.2716160019154,322.0351902976997,325.79548550801826,31145400
2021-06-02,324.0174255371094,324.8627596813174,322.2976088179456,323.8036604941181,22047900
2021-06-03,320.64569091796875,322.4529523972083,318.97444552465936,321.1800885418261,37057800
2021-06-04,326.08697509765625,326.53392747974567,322.3752509899363,322.44327386292196,38736500
2021-06-07,327.05865478515625,327.11695163734953,324.8627078441473,325.5525736967801,32611900
2021-06-08,327.214111328125,329.67239401675255,325.5331397428313,328.80760798571464,27282800
2021-06-09,327.2918395996094,329.36146679362156,327.1072230182878,328.5841556688603,21485300
2021-06-10,330.7023620605469,330.80922974058655,327.18498020530035,327.6319326307272,33702100
2021-06-11,331.567138671875,331.57686469884146,330.0610871181342,330.7120785694204,21222800
2021-06-14,334.74444580078125,334.75414217465215,330.8092302876838,331.99464905905245,27827700
2021-06-15,332.5582275390625,334.7055740598569,331.8391835882948,334.3946377380395,35963800
2021-06-16,331.3436584472656,334.09342554312184,327.8845734311439,333.0246004757765,55399500
2021-06-17,335.5509033203125,336.5614315255886,330.2845565873261,330.33312741394195,59722700
2021-06-18,332.917724609375,335.0359226391547,332.1695322543703,333.8893783462485,55414900
2021-06-21,334.9868469238281,335.30788127468304,330.89144727490236,333.10938674103136,32992600
2021-06-22,338.1094970703125,338.5569680150308,334.4810132768944,334.7825730099567,28941600
2021-06-23,338.2747802734375,339.4226841604255,337.4382030490518,338.0510596927785,27188500
2021-06-24,340.3663635253906,341.89360715659967,339.6659600072428,340.21071500058883,32581600
2021-06-25,339.9480285644531,341.1737420832244,339.3449091145559,340.9305468413678,28682800
2021-06-28,344.08221435546875,344.21841788785525,341.1736098896669,341.23197435014464,39130300
2021-06-29,345.3274841308594,345.35666637054663,343.07065499224,343.90723232121877,29426000
2021-06-30,344.7826843261719,345.5609267614072,344.1990099214737,345.1717907003328,32724000
2021-07-01,344.9188537597656,345.4246890274378,343.08028401990566,344.432463418458,29290000
2021-07-02,348.878173828125,349.19917847907755,346.5823953510962,346.8158532790617,32727200
2021-07-06,350.3860168457031,350.66813166903984,346.78671500302346,349.4813375732248,38842400
2021-07-07,351.1253356933594,352.88606703806664,349.17003626176603,352.58450728423867,35265200
2021-07-08,349.0046691894531,349.86072131871686,344.77309509785744,346.05714360482943,50890000
2021-07-09,351.1836853027344,351.66033850241126,347.83731622114647,348.42099077015286,35184500
2021-07-12,352.5553283691406,353.0125366594105,351.00858034371095,352.5845106137569,25717700
2021-07-13,352.5553283691406,355.5222987571774,351.6992762778334,352.1759295022067,39723000
2021-07-14,353.1875915527344,355.54170485979586,352.3607217963523,354.89966586143754,35336400
2021-07-15,350.70697021484375,353.30430836032497,348.7030438738913,353.1000326773512,53391600
2021-07-16,347.8664245605469,352.5454978947028,347.5162080307777,351.56297977405853,47262000
2021-07-19,345.0162048339844,345.5123028914568,342.457786391463,344.4130557565104,64404600
2021-07-20,349.02410888671875,350.47354310009524,344.16991143194593,345.95011731510454,42183700
2021-07-21,351.7186279296875,351.7186279296875,348.3722595622353,348.59600983623227,30259900
2021-07-22,354.0436096191406,354.05331724074057,351.92292475983817,351.92292475983817,30252200
2021-07-23,358.1779479980469,358.4600330913524,354.01444683189067,355.36659687870036,31960800
2021-07-26,358.4599914550781,358.84912752891137,356.62145115994775,357.4872106443237,28438100
2021-07-27,354.510498046875,358.1973455727797,350.3567347389295,358.1973455727797,57933100
2021-07-28,355.8724060058594,357.4483359230241,353.35290716174416,355.64868540953734,42066200
2021-07-29,356.5047302246094,357.67204941160026,355.30819911320157,355.30819911320157,25672500
2021-07-30,354.6466979980469,355.2303724065707,352.54548793950926,352.5746701755898,36484600
2021-08-02,354.6759033203125,356.8938424675399,353.9657626135782,356.31016802102414,27334100
2021-08-03,356.8258056640625,356.9425346372398,352.14673130537295,355.33745188221,35558500
2021-08-04,357.34136962890625,358.29470569793517,355.6779224282119,356.78687733303474,29602200
2021-08-05,359.6078796386719,359.84133752322504,357.44830514581577,358.15841610696936,21443900
2021-08-06,358.0320129394531,359.3160909045656,356.92305810552386,358.34330996498073,33332100
2021-08-09,358.6934814453125,359.21876171206867,357.38995871257845,358.4891760991038,25960200
2021-08-10,356.8550109863281,359.500976734847,355.6682168707368,359.2091542830306,35130800
2021-08-11,356.2420959472656,358.6156837906482,354.90939082350536,358.1195857036136,34249800
2021-08-12,357.52618408203125,357.8861082863585,354.3840909023711,355.7362706828641,25969200
2021-08-13,358.78106689453125,359.11180884568955,357.38025999143855,357.87638776163493,19336200
2021-08-16,358.93670654296875,358.9755964043206,353.8004245874079,357.66236594114577,34856900
2021-08-17,355.775146484375,357.1564786493338,353.3431943899537,356.18369781156525,44793900
2021-08-18,352.35089111328125,356.64085758801826,352.02014923575945,355.24005099680164,38541900
2021-08-19,354.0533447265625,355.72652914084136,350.1622209433017,350.4151534890276,48499400
2021-08-20,357.7207336425781,358.11957737690517,354.81209854334776,355.123395558469,39486000
2021-08-23,363.07098388671875,363.7616499332812,358.75183481668364,358.7615424374541,34034700
2021-08-24,364.1799621582031,364.78308153545163,363.1974439996376,363.6643894950472,21732900
2021-08-25,364.59820556640625,365.1721723213324,363.6837893056617,364.4328494670508,20441900
2021-08-26,362.2830505371094,364.4231505554869,361.8452872879175,363.7422217851957,29133300
2021-08-27,365.8045654296875,366.3104008483986,362.4290142656199,362.9154047521604,27104700
2021-08-30,369.9096374511719,370.3960278524123,366.57297673660787,366.5924513522826,27295700
2021-08-31,369.608154296875,370.22098139230286,368.06140637622474,370.1529092840911,29628200
2021-09-01,370.2209777832031,372.29300605116384,370.0167020867185,370.6684784152055,28138300
2021-09-02,370.04583740234375,371.90385242844053,368.82986131355653,371.57311049472037,25453400
2021-09-03,371.1839904785156,371.58283418344877,368.87850464858565,368.8979495780037,24605400
2021-09-07,371.70928955078125,372.361065805682,370.1333892676953,371.291000895279,23970200
2021-09-08,370.41546630859375,371.534158274516,368.1489001406612,371.534158274516,32949200
2021-09-09,369.14117431640625,371.74822003890034,368.8979790881083,370.6392652350587,29399000
2021-09-10,366.33953857421875,371.57310432334236,366.00879664599177,370.8532559905493,40249400
2021-09-13,366.0866394042969,369.1022662665238,364.0340858632373,368.6742402764313,48741800
2021-09-14,365.04583740234375,368.3046302692142,364.0925012571172,367.5750444595705,41826600
2021-09-15,367.7597351074219,368.1099515998031,363.2071285148447,365.5029064249336,34097900
2021-09-16,368.0127258300781,368.5866629766989,364.5010011650978,366.4270882738112,35193100
2021-09-17,363.6546630859375,367.58470615107257,362.6138101070301,367.5360789818689,60912300
2021-09-20,356.140380859375,359.5975697093395,351.4950526781873,357.8543531283974,76203200
2021-09-21,356.5785827636719,359.16905211173173,355.4489023902439,357.9711944533956,41927500
2021-09-22,359.9091796875,361.3699686011892,356.3935322475782,357.49399798439634,46972900
2021-09-23,363.2301025390625,364.2623911619326,360.42538261283744,361.0681334059166,44652000
2021-09-24,363.57086181640625,363.9896438822301,360.590854880053,360.96092615133523,36056800
2021-09-27,360.6688232421875,361.54529073029505,358.1173164506575,360.52275028080777,43338100
2021-09-28,350.4628601074219,360.6202089101845,349.95646379923136,356.11126379033453,97701600
2021-09-29,349.8882141113281,353.87129560556264,349.2649595317056,351.72882269581066,58076600
2021-09-30,348.60272216796875,353.1993399840683,347.76521730224164,351.53404863767764,61384600
2021-10-01,350.7646179199219,351.8066544513317,345.11624615160935,349.2259333799446,56375500
2021-10-04,343.40228271484375,349.47915560995733,341.1624180751223,349.1480469939881,76766000
2021-10-05,348.0378723144531,350.28748511975874,344.2398266509391,344.46379528915065,47232900
2021-10-06,350.26800537109375,350.5406848002071,343.91842339058104,344.8241054530115,56806500
2021-10-07,353.48175048828125,356.1306492666676,352.78057052577225,353.31618131220625,39411200
2021-10-08,351.7191162109375,354.79651593402605,351.18347563024247,354.56276943415554,41822300
2021-10-11,349.0214538574219,353.70571478081246,348.9337803657016,350.1803190989979,34847200
2021-10-12,347.8041076660156,350.9106913389173,347.16135699305556,350.47247250723484,43905100
2021-10-13,350.58941650390625,351.26138192979204,348.08659048110457,350.11223486401144,40120800
2021-10-14,357.04608154296875,357.26033180274175,353.5207152211108,354.18293248956167,43433900
2021-10-15,359.29571533203125,359.41257371328817,357.23113801027205,358.26342667115165,40419900
2021-10-18,362.9087219238281,363.1229721938797,357.39667381234773,358.00046192253893,34513500
2021-10-19,365.6548767089844,365.7035577759551,362.9572977067033,363.9798378716584,29091000
2021-10-20,365.1778259277344,366.7262588812049,363.69754054844304,366.11272267477034,31390300
2021-10-21,367.40802001953125,367.602803837765,364.0774366545353,364.379330768911,25469300
2021-10-22,364.3207702636719,367.11574170095486,362.6554791813564,366.1516305037976,36275800
2021-10-25,368.0505676269531,368.96599757121555,363.79480805619136,365.7425262831631,32597800
2021-10-26,369.2096252441406,372.70577743767166,368.0312635184819,370.290624791352,47191300
2021-10-27,370.0665283203125,373.13417912426553,369.3945630360395,369.6574943438663,45760500
2021-10-28,374.17626953125,374.42948249214265,371.1962620677873,371.9656193352318,38007000
2021-10-29,376.0168151855469,376.18238434993214,370.7482623140283,371.09883741061566,37310100
2021-11-01,377.3023681640625,377.42897465061577,374.3710713623635,376.4551151784613,30765300
2021-11-02,378.8800354003906,379.35724677597796,376.6401703862213,376.68885147442035,25135300
2021-11-03,382.9020080566406,383.32076043995954,378.32488699187417,379.36689389830025,33748900
2021-11-04,387.81024169921875,388.7646344879053,383.6226587044342,384.1680175208761,40265300
2021-11-05,388.1803283691406,390.5078366744794,386.7779685798829,389.5826881583983,43383800
2021-11-08,387.6545104980469,389.17372894165794,387.0117596611601,388.15118835378513,29256300
2021-11-09,384.986083984375,389.12498620692725,383.62268684326466,388.7257003084898,50490700
2021-11-10,379.3280334472656,385.0250878979675,377.399780886825,382.21064932240347,54937400
2021-11-11,380.3797302246094,382.48327004380786,380.0388734989367,382.307982488832,32243000
2021-11-12,384.3822937011719,384.91790445067977,379.931749380963,381.5288632455621,34730600
2021-11-15,384.2946472167969,385.8820428090397,381.8502803090758,385.5606822807142,33716900
2021-11-16,387.03125,387.52789812836994,383.3695288223204,383.5642828876192,27872900
2021-11-17,387.23565673828125,389.27101899602184,386.27154559509506,387.352515092628,28703300
2021-11-18,391.24798583984375,391.7543819923216,387.0604026086429,389.2808006923199,45721500
2021-11-19,393.4294128417969,394.7051661593549,392.05626764934635,392.88405400619166,45191700
2021-11-22,388.8620300292969,398.0260501607681,388.754919765361,394.968147228853,61715400
2021-11-23,387.0896301269531,389.7677433739756,382.64883381129494,387.7031365607054,70098700
2021-11-24,388.33624267578125,388.61864054627836,382.2788351014703,384.60634396570714,46954400
2021-11-26,380.9738464355469,387.1481120691461,379.5812047702449,385.75547040384413,51533300
2021-11-29,389.2418518066406,390.25467386735625,384.8108035857325,385.5411981091676,54447100
2021-11-30,383.52532958984375,390.70266886623006,381.5094334278674,388.35566406293606,81332700
2021-12-01,377.0004577636719,390.01123520199883,376.53302425799205,387.86873256819564,77766500
2021-12-02,379.717529296875,381.4996789553622,374.2931252050254,375.7149516339704,84416600
2021-12-03,373.11480712890625,382.0840450941537,368.99537061074653,381.0809709653135,105349100
2021-12-06,376.1046142578125,377.46801184392723,369.3849587979642,373.60178778768574,67588800
2021-12-07,387.43048095703125,388.0440171483485,382.7170049187472,382.75596761719794,56005300
2021-12-08,389.1639404296875,389.3684723018924,385.8625725191767,387.7616102364316,39204000
2021-12-09,383.4376525878906,389.7385237714015,383.2428688299524,387.9368780298735,49973700
2021-12-10,387.605712890625,387.86864417765105,383.07724379751636,386.2520343259746,52545800
2021-12-13,382.00604248046875,387.91734559606925,381.6359712068429,387.5959851172934,50166400
2021-12-14,378.05224609375,379.89282497907953,373.60170132492505,377.17574882281724,75199200
2021-12-15,386.6708679199219,387.0312208672743,373.84515609792334,377.79902293585104,73858000
2021-12-16,376.72772216796875,388.0634585086273,375.1403267785627,387.63495804572653,82591400
2021-12-17,374.8482971191406,379.0164149618242,371.7903637510871,373.3095823288984,80492500
2021-12-20,371.2120666503906,372.00189791934713,368.07223292718174,370.11995574802063,65336800
2021-12-21,379.5199279785156,379.8319681606961,370.73426792255754,374.48839163256685,48899500
2021-12-22,384.141845703125,384.3466090046507,378.56425525190224,379.2273181620309,37042200
2021-12-23,387.0379943847656,388.5103800543108,384.32720854497063,384.49295943280924,29595500
2021-12-27,393.43463134765625,393.43463134765625,388.30557923435623,388.33483113866913,32820700
2021-12-28,391.6112060546875,394.5072639278634,390.7336190720442,394.33175248289274,33113700
2021-12-29,391.5526428222656,393.0152974906458,389.1733888477443,391.74767534783047,32248500
2021-12-30,390.3825378417969,393.52237106079957,389.79747002153954,391.33811984902457,23850100
2021-12-31,387.9447937011719,391.07486647663586,387.44748157279275,389.70972801987483,34752900
2022-01-03,391.679443359375,391.93297971200633,386.99895993684294,389.1149172009514,40575900
2022-01-04,386.5990905761719,392.26443666915856,383.4982701541709,392.2254242166793,58027200
2022-01-05,374.72235107421875,386.0335521539537,374.4688147643725,384.91215986519245,75739800
2022-01-06,374.4591369628906,377.706247429034,370.666000818644,372.8989955790771,70814300
2022-01-07,370.4027404785156,376.15587399121324,368.62807501549474,374.468934500072,72652300
2022-01-10,370.6463928222656,371.16322598779044,360.11529216126604,365.4881192974842,91770500
2022-01-11,376.21435546875,376.38010636235623,367.82846129052876,369.9151668403217,68295700
2022-01-12,377.7062683105469,380.4853186605125,375.42453016489463,378.78861868723953,54576400
2022-01-13,368.2574768066406,379.77344317810594,367.32138607006556,379.0908590373564,77994000
2022-01-14,370.5489807128906,370.8805122336766,365.5271753703041,365.7319684702098,80121200
2022-01-18,361.32452392578125,366.8533728528349,360.5639445252238,364.727654753558,75450900
2022-01-19,357.3558654785156,365.36145518067843,357.09256854445846,362.88468448464386,81791500
2022-01-20,352.7143249511719,364.56182268670506,352.1780301030194,360.583414788911,88610700
2022-01-21,342.93408203125,353.16290612795297,342.6512937420078,350.5203845165671,143388900
2022-01-24,344.5039367675781,345.1670295366128,325.8307170835743,337.2979398423168,198685800
2022-01-25,336.5178527832031,342.290476850048,333.17325593202776,338.03904116012035,124398400
2022-01-26,335.9913024902344,347.9948199916046,332.29565318707483,344.12365926177137,146559500
2022-01-27,332.6077575683594,342.5245419416468,331.58388119947205,340.7011034442498,95255700
2022-01-28,343.0413513183594,343.2558752486049,329.53619354239527,334.4897055347114,108167900
2022-01-31,354.0111999511719,354.5962678146219,342.7682614012825,344.4064573705001,94326400
2022-02-01,356.41973876953125,357.0730710579502,350.1986048645177,355.3568797695104,74433000
2022-02-02,359.3157653808594,360.8856969926452,355.2203498327421,360.554165478592,78777100
2022-02-03,344.74774169921875,352.9191116851506,343.68488272899515,349.6037665908934,95384800
2022-02-04,349.09674072265625,352.40232542393113,343.207108479274,345.2645621512683,86318300
2022-02-07,346.288330078125,352.06092312253844,345.03043888710914,349.6914299954341,58198100
2022-02-08,350.17913818359375,351.2712492613369,344.0164773788487,345.1476009258813,64720900
2022-02-09,357.5996398925781,357.67763506227124,353.1043982561765,354.7035819338976,55766400
2022-02-10,349.5062561035156,357.36558603815007,347.66332640686704,350.5691150913439,112468500
2022-02-11,338.4193420410156,351.10544523873915,337.19070238548727,349.50626157549334,101569100
2022-02-14,338.83856201171875,342.2416920189608,335.32821470648094,337.8634589252005,80254400
2022-02-15,347.2635498046875,347.49756507878647,343.0608568798403,344.1237159267621,55128800
2022-02-16,347.1758117675781,348.199658401724,341.9784941473925,345.0110810984815,58947100
2022-02-17,336.84942626953125,344.6599829891484,336.4301092602764,343.9579074658108,61801400
2022-02-18,333.0075378417969,338.1755734338996,330.6965477797096,337.7855380650639,80001500
2022-02-22,329.66290283203125,335.4745397892179,326.0257866533956,330.0626987465813,85967100
2022-02-23,321.21856689453125,333.6608657245649,320.9065266726525,332.82229110578334,86215400
2022-02-24,332.0129089355469,332.5492335985033,310.33638189306424,310.9019287065518,130614100
2022-02-25,337.16143798828125,337.36623109514375,328.99009779954196,332.812485851923,78842100
2022-02-28,338.1658020019531,339.8625019263935,332.8222551294078,333.9826304008817,77515500
2022-03-01,332.9880676269531,339.4139957916903,330.46255326232074,337.1420178465594,67407000
2022-03-02,338.57525634765625,339.91114266286297,331.7690268657799,334.5383157453008,70609000
2022-03-03,333.7388000488281,341.3251010565384,331.8763495372485,341.2178242403586,71089400
2022-03-04,328.9023132324219,332.8124867744624,326.5815925016523,331.37908381139886,76936300
2022-03-07,316.77203369140625,330.0529652120573,316.56727033709245,328.89258994129545,89933800
2022-03-08,315.2996520996094,324.9141561737477,311.97454633796826,315.9822065421474,116153900
2022-03-09,326.64984130859375,328.00524916424655,320.8967378541893,323.4905161742531,64723400
2022-03-10,323.0224304199219,324.23157863844796,318.57596215253807,322.58365182906795,69362700
2022-03-11,316.323486328125,326.3085637796485,315.83593470623896,325.996523599772,66228400
2022-03-14,310.24859619140625,318.4589484168995,309.5465207017248,315.08509969932993,79802600
2022-03-15,319.9800720214844,320.76017234569173,311.28216915051075,312.891083292373,76471000
2022-03-16,331.8471374511719,331.9641450771997,320.22389388851906,323.90005210036475,105243000
2022-03-17,335.8645324707031,335.92303627927254,328.6487750885402,329.9456491888773,67810000
2022-03-18,342.739013671875,343.03156248605825,333.0464854994741,334.20686068615504,85446300
2022-03-21,341.7861633300781,344.12932822908505,337.39277383630923,341.903345410692,73799100
2022-03-22,348.5032043457031,349.3721335375454,341.9033766741158,342.28412163854296,63345900
2022-03-23,343.4947204589844,349.1866175882123,343.4361443131073,345.6230963393139,70615500
2022-03-24,351.12945556640625,351.17828888337755,343.2604089859963,345.4180431013783,53555300
2022-03-25,350.8365173339844,352.1252518953269,346.53099263670947,351.0708218743829,57584200
2022-03-28,356.2648010253906,356.3624378514923,349.5868532851872,350.8267545724076,56833900
2022-03-29,362.3960266113281,363.02084868248386,357.3875582425675,360.16027135895797,68073000
2022-03-30,358.39324951171875,362.19110563531206,356.90927063115413,360.53136849955337,68757700
2022-03-31,353.9508972167969,358.8910159169848,353.1112564010846,358.5395293585604,67011400
2022-04-01,353.2773132324219,354.9955963044331,350.0945372985119,354.2145612530259,54527800
2022-04-04,360.55078125,360.5605538710006,353.853318050364,354.116910666194,45950200
2022-04-05,352.5450439453125,359.80878236493163,351.4027497655141,359.0960663557775,62738700
2022-04-06,344.89080810546875,348.3274038759697,342.25476279539964,347.22417031875244,90077100
2022-04-07,345.7109069824219,347.90760149612674,340.4290734874535,343.8949573579129,63777400
2022-04-08,340.8782043457031,344.72486331984715,340.24360959805165,343.97311628580826,61956100
2022-04-11,332.8138732910156,337.55871907554007,332.4721593012214,336.6409865518988,66107400
2022-04-12,331.4079895019531,339.4527633976289,330.0313907037623,337.5684948177708,72790200
2022-04-13,338.14453125,339.1989315583572,331.02723233621174,331.7496912550013,61367800
2022-04-14,330.4121398925781,338.7498243741417,330.197350790889,338.23238196478735,73519400
2022-04-18,330.666015625,332.960347165177,327.8347261857636,329.35776546465155,58560600
2022-04-19,338.056640625,338.6326591496438,328.9964975999459,330.02160975837427,56515700
2022-04-20,333.1263122558594,339.32587900079994,331.9059262743585,338.8670126799724,65500000
2022-04-21,326.2335510253906,339.6285077815151,325.3060756232651,337.01200757707994,75801000
2022-04-22,317.6908874511719,327.6101887433209,317.2613091822322,326.38980270532886,82562100
2022-04-25,321.7718200683594,322.0842460145462,314.79121856558885,316.06043779900597,101755900
2022-04-26,309.6265563964844,319.89731322684804,309.3531613568277,319.7118121896965,105819600
2022-04-27,309.25555419921875,315.230558692566,307.5372413482148,309.7241633079819,111204200
2022-04-28,320.239013671875,322.0744787230799,309.99751554990206,314.22494874020236,99450000
2022-04-29,305.8287353515625,319.47754326903953,305.194140582694,316.0311743545466,91977900
2022-05-02,310.934814453125,311.16911901360544,302.3139916989888,305.418646303666,115511800
2022-05-03,311.2667236328125,313.56105486533943,308.4940107072857,310.9542977214525,78185500
2022-05-04,321.79132080078125,322.4649761189373,306.45352102382714,311.74509695550074,116083400
2022-05-05,305.58465576171875,317.54443861501284,302.28472723588106,317.4663470202801,154607400
2022-05-06,301.92352294921875,307.6251632672348,297.88158986039866,303.58325997299744,139572800
2022-05-09,290.110107421875,302.0210847889585,288.7139932125377,296.2901578194416,113387300
2022-05-10,293.6346130371094,298.5161565186702,289.5438772159953,297.29577064828,124124600
2022-05-11,284.9259338378906,296.8857156817509,284.0570345685375,291.3695773616615,140326100
2022-05-12,284.25225830078125,288.7432840625286,278.1893899094389,280.639934162205,120910900
2022-05-13,294.78668212890625,295.8215670757037,287.11287945019643,288.7140401872521,83684900
2022-05-16,291.36962890625,295.0991360345556,290.0906666378105,293.0391087736374,59190400
2022-05-17,298.91644287109375,299.29718776465,293.42956303991457,297.2371907429363,62715300
2022-05-18,284.2425537109375,295.0893300011447,282.9831070369367,294.3961591068997,79477100
2022-05-19,282.7194519042969,287.4155240239087,280.76683456184287,282.43634384173583,79920700
2022-05-20,281.8408203125,286.8395166559795,273.5714834943717,286.185406437798,91764200
2022-05-23,286.527099609375,286.90784452461907,280.4837461279902,282.8854572848029,63648400
2022-05-24,280.4349060058594,282.01652135840044,275.5631350480436,281.3038350643611,73491100
2022-05-25,284.3596496582031,286.4391917235015,278.73610264157367,278.9411191031376,67144500
2022-05-26,292.238525390625,293.7908827367591,283.2760169784604,283.5591548975482,59462200
2022-05-27,301.7769775390625,301.9234178620536,295.2552436022303,295.3723958606232,66985600
2022-05-31,300.9764404296875,303.9541700031813,297.12000920342035,301.74773263385623,60968300
2022-06-01,298.7505187988281,305.2429669249188,296.53430835601074,303.1146207063982,65341700
2022-06-02,306.93194580078125,307.1076742229117,296.2120651321494,297.627724719994,59291300
2022-06-03,298.9457702636719,303.11459816641695,297.69609617562924,301.7087110930465,60914700
2022-06-06,299.9415283203125,304.94999618935617,298.3794286064155,303.3878964754592,51785000
2022-06-07,302.5288391113281,303.3099041210785,295.5189482433515,296.6124094624184,44900300
2022-06-08,300.3516540527344,304.3349808540067,299.5022403678184,301.72822324388414,38342100
2022-06-09,292.30682373046875,301.72819688478825,292.1408679336446,298.6626030084807,55900500
2022-06-10,281.9970397949219,287.8841808671005,281.54794607415045,286.6930828988606,85963500
2022-06-13,268.88519287109375,275.65100526877563,268.026036415278,273.12236921493223,94442000
2022-06-14,269.3733215332031,272.0581703041215,266.8642011675013,271.0818616601512,64697500
2022-06-15,276.1001281738281,280.0346516092351,270.0567740676047,272.80022932040725,86051400
2022-06-16,264.9604797363281,269.5198254950081,262.9004525180718,269.06095913223686,81910300
2022-06-17,268.18218994140625,270.62296124321773,264.10122747547456,265.7316460201246,82703400
2022-06-21,274.94830322265625,277.2666273937209,272.5615586217738,272.6691446728486,51633700
2022-06-22,274.5473327636719,278.9589289945945,271.847531276866,272.44421009285753,67472900
2022-06-23,278.6361083984375,279.4871248933807,274.1951384635695,277.03187006399634,57457800
2022-06-24,288.1831970214844,288.60383944644434,281.228312899196,281.4630678512849,58422300
2022-06-27,286.0703125,290.11019284865665,284.9356139318021,289.54285849048136,54151500
2022-06-28,277.3547058105469,289.2005170658587,277.1688481902768,286.6083316408423,61609800
2022-06-29,277.6090087890625,279.1154226864243,274.71358831967274,277.217740593499,57302700
2022-06-30,274.165771484375,277.7459332227373,269.7639376858413,274.6255197640735,79313600
2022-07-01,275.97552490234375,276.3667931957883,270.9867720683178,272.864901669452,56675100
2022-07-05,280.7000732421875,280.817450713564,270.7128086945748,272.23877552616864,61829300
2022-07-06,282.49993896484375,284.6030615113066,279.35997210727135,281.0815880088725,63194700
2022-07-07,288.545166015625,289.2494607611048,283.3118676841151,283.3118676841151,56620100
2022-07-08,288.90704345703125,290.27649694994716,284.76930876058265,285.7083583197468,59895500
2022-07-11,282.7347106933594,286.7159025039574,281.85434982141885,286.4909389716613,55273900
2022-07-12,279.9958190917969,285.90406810505357,278.4013718871522,283.9868328073994,55797100
2022-07-13,279.4186096191406,281.7662482397565,273.9114219064935,274.4787860663479,73939400
2022-07-14,280.4164733886719,281.2870430320168,273.6963133776689,276.8167277664096,63741800
2022-07-15,285.5029602050781,285.6105761191311,281.79562928076274,283.4096590286179,63818100
2022-07-18,283.0868835449219,289.69942721335235,281.91307883192053,288.2908376762683,59519600
2022-07-19,291.7926940917969,292.086167624126,285.1117009168479,286.7159094565525,55172600
2022-07-20,296.4195556640625,297.6031517796827,291.43080356302335,292.213369886789,67769400
2022-07-21,300.67462158203125,300.7333103156491,294.2185922174334,296.87925759821957,55049400
2022-07-22,295.4021911621094,301.8190848191565,293.57298929137545,299.7453366052368,57127700
2022-07-25,293.7196960449219,295.9010600607953,291.71442807450484,295.43152035932314,40582400
2022-07-26,287.9485168457031,292.2721107311721,287.13663585766085,292.0177728991274,50074100
2022-07-27,300.1170959472656,301.80936763757944,291.94924091362884,292.51660523027056,69304400
2022-07-28,303.0516052246094,303.62873100713216,296.1456189431014,299.90184715853945,55139900
2022-07-29,308.57843017578125,309.48816549819145,303.1690648413109,304.59723735303356,57501000
2022-08-01,308.3924865722656,311.85527109251433,305.7122682482628,306.8078310711589,46358800
2022-08-02,307.4730529785156,311.6009972228817,305.0373804943253,306.09383761286017,48676500
2022-08-03,315.8463134765625,316.6679856702518,309.0968100072378,309.1554987459406,53735700
2022-08-04,317.3233337402344,317.63636022868366,313.77251600725083,315.9245358005284,38973700
2022-08-05,314.7311096191406,316.76572183944234,311.4444214513043,312.22695772407144,53894000
2022-08-08,313.7138366699219,319.3481942233988,312.2465585446914,315.65065454189204,43878500
2022-08-09,310.1630859375,312.07055985374086,308.53932406388884,311.8162220377471,39764200
2022-08-10,318.8199157714844,319.1133892616446,315.0343435779946,317.50915110060197,51459600
2022-08-11,317.0103454589844,323.1533492388953,316.30605070101393,321.1480808935425,45897700
2022-08-12,323.18267822265625,323.37829738524425,318.0080692648529,319.06449632800343,40928400
2022-08-15,325.7944641113281,326.29334827484615,322.2143015565841,322.2338843720022,38266600
2022-08-16,325.0314636230469,327.12479483741953,321.9795297625626,324.8162616276614,41186900
2022-08-17,321.32415771484375,324.2000255837259,319.2406177433216,321.8915220437272,47842200
2022-08-18,322.0968933105469,323.2804893080499,319.66122117182294,321.27522114148155,41937200
2022-08-19,315.8169250488281,319.71011370146965,315.05394162816316,319.05474619815266,51770600
2022-08-22,307.5024108886719,311.7868685929905,306.6905299754842,311.5521136015831,51098900
2022-08-23,307.2480773925781,310.08480942642404,306.4948554379968,307.267630356285,39497100
2022-08-24,308.1382141113281,309.9576247545967,306.1622603589617,306.7687305733845,38057100
2022-08-25,313.586669921875,313.60625273552847,308.87183886814546,309.91847458385456,38098300
2022-08-26,300.73333740234375,314.49641386047045,300.6453042939879,313.2932350092391,69047700
2022-08-29,297.76947021484375,300.5181692531849,296.6641157545851,297.9748808241405,48321900
2022-08-30,294.453369140625,300.038829472428,291.92966385105143,299.4225678715721,51184500
2022-08-31,292.7415771484375,298.25855794816766,292.63399106743503,297.3586141124348,50044000
2022-09-01,292.8687744140625,293.24048973326563,286.55949495216515,290.24724406538087,57990700
2022-09-02,288.73095703125,297.12377344765076,287.1169274668483,295.7445286454748,64666800
2022-09-06,286.6572265625,290.12980272881055,284.5247895026237,289.2103060421024,57005400
2022-09-07,292.44805908203125,293.4457973370916,286.8723909551826,287.1365200902325,49260400
2022-09-08,293.9643249511719,295.28488147788556,289.0049466603175,290.3744005261536,55649800
2022-09-09,300.3910217285156,300.88990595273197,293.96433497081875,296.22394138942985,56125200
2022-09-12,303.9613037109375,304.29388314509475,301.45715162282016,301.7701780967967,45905700
2022-09-13,287.29302978515625,296.4096939425269,286.40287759470044,295.2163067022488,79562200
2022-09-14,289.5722351074219,290.4525960345667,286.66702315154856,288.43753641284724,54907200
2022-09-15,284.7497863769531,290.0613261297462,283.1455479330982,287.65499831581434,65299400
2022-09-16,283.0085754394531,283.399843585322,279.3892779235124,281.44347300413153,79920400
2022-09-19,285.21246337890625,285.36925788340324,280.3029681624726,280.3617623634722,52613800
2022-09-20,282.9390563964844,285.2321202645329,280.6361835251008,282.7038496549295,51271100
2022-09-21,277.87274169921875,288.0543677449017,277.7355651772439,283.7817990686382,82931000
2022-09-22,274.45269775390625,277.3533212370708,273.2277687603663,276.3439809426136,62757100
2022-09-23,269.9842224121094,272.27728643642564,266.56419952539187,271.983285465821,74815200
2022-09-26,268.8670349121094,273.8843397574687,268.0732832419527,269.51380107029183,71176700
2022-09-27,268.97491455078125,274.5899719147816,266.65242323236606,272.23811339178906,69780100
2022-09-28,274.3253479003906,275.60907131567893,267.4755533510511,268.95524749597604,79652100
2022-09-29,266.4172058105469,270.70936266225266,263.44797852218176,270.32717038385465,81216000
2022-09-30,261.8996276855469,269.6705700392403,261.7428331857954,265.59400276218156,78482400
2022-10-03,268.04388427734375,269.64119660919016,262.1642245952563,263.6733456205309,61267400
2022-10-04,276.4714660644531,277.17702658481915,273.394429101731,273.394429101731,66696900
2022-10-05,276.32440185546875,278.11768480207223,269.89597668018337,272.69859995415806,55766300
2022-10-06,274.1489562988281,278.4802890818558,273.8255582519906,275.3248703546536,53489400
2022-10-07,263.70281982421875,269.63146644154455,262.37008102242135,269.5040689929715,71354700
2022-10-10,261.0666809082031,264.2907025259189,258.352248912366,263.8987013073986,60393000
2022-10-11,257.4801330566406,262.26226172093607,255.79462918161028,259.3910346837709,66522500
2022-10-12,257.3919677734375,260.037797326134,256.69621624988247,258.1171164062835,50580200
2022-10-13,263.4283142089844,264.7512433895942,249.1603299561664,250.04228772748806,112894100
2022-10-14,255.51040649414062,266.35838600338946,254.9224644384872,265.7606349449764,77244300
2022-10-17,263.94775390625,264.8198879587076,261.3900861479112,261.48808646646216,64576500
2022-10-18,266.0350036621094,271.65005933213615,263.3499388275687,270.9837051009925,69781000
2022-10-19,265.0648193359375,268.1908404507295,262.6933736039871,264.51605355141214,53115400
2022-10-20,263.7124938964844,269.3275790643008,262.5463890293998,264.1730683856996,60605500
2022-10-21,269.89593505859375,270.4348917880148,261.4684186267605,262.60515618319283,77897700
2022-10-24,272.8652038574219,273.79613198092545,266.5151609726397,270.1605509778027,63963600
2022-10-25,278.5097351074219,278.89192742891004,272.32629398497915,273.80601824689097,59014500
2022-10-26,272.3556213378906,278.2842959663853,271.8656497110148,272.8749900661592,63492400
2022-10-27,267.3970947265625,272.6985909980263,266.8777260296424,271.2384852078249,57760300
2022-10-28,275.57965087890625,276.0500344201058,266.60336682977663,266.7699703460856,62651300
2022-10-31,272.3752746582031,274.14896978502844,270.45456409985746,273.3258209338083,47742000
2022-11-01,269.5921325683594,276.4125580935661,269.2295584053206,275.85398334783537,45895900
2022-11-02,260.351318359375,272.63000622132586,260.2827151537983,269.56277903005605,79803100
2022-11-03,255.26539611816406,259.1949779433197,254.88323381874503,257.7348721363837,70038900
2022-11-04,259.3713684082031,261.26265167549707,253.88368030802116,260.20432613951994,78313200
2022-11-07,262.2230224609375,262.7620092159519,258.28366118491385,260.41993038858107,47333800
2022-11-08,264.1339111328125,267.37752088748726,260.1945201409094,263.7419398151665,63213800
2022-11-09,258.0386657714844,263.17355887160835,257.75447385323855,262.3896162277174,64862100
2022-11-10,277.0789489746094,277.372919982146,268.357460186923,270.47414115766946,99256700
2022-11-11,282.1845397949219,282.85092414539486,275.5503326448717,276.8928505401924,66961800
2022-11-14,279.71502685546875,283.40940244818376,278.7350835242502,280.1265863075021,55290700
2022-11-15,283.5858154296875,287.3781913426912,280.23439607313935,286.3492328999672,73985400
2022-11-16,279.71502685546875,283.67400628713096,278.89187804590483,281.62592831354385,48859800
2022-11-17,279.09765625,280.5773802418302,275.0896916358312,275.2464861566308,55462100
2022-11-18,279.1074523925781,282.2138558453895,276.65759419077295,282.11588544171383,53588600
2022-11-21,276.2362365722656,278.87225658755443,275.4032787699417,277.7159306483502,40083500
2022-11-22,280.21478271484375,280.3715473171218,274.8348739670353,276.9711729681287,41873400
2022-11-23,283.0271911621094,283.6543392347916,280.05796457814097,280.23434716994296,46390000
2022-11-25,281.1653747558594,282.1355091564797,280.6754030536472,281.42994870907415,15498800
2022-11-28,277.03973388671875,281.20449248954884,276.1088057893821,279.1858118886165,38714200
2022-11-29,274.9427490234375,277.66699069827354,273.57083413422185,277.2652102833065,35618900
2022-11-30,287.4761962890625,287.5840056194798,274.35476903749867,275.2073150545684,74718100
2022-12-01,287.82891845703125,289.81820196065985,285.0458833523066,287.7995213571941,51547300
2022-12-02,286.682373046875,287.5643458569582,282.5764086199525,282.75282112526514,53583200
2022-12-05,281.8708801269531,285.82982917530705,280.41074440392526,284.5559149606723,41482100
2022-12-06,276.0303955078125,281.85126055272883,274.6388929002563,281.71408405453707,53937600
2022-12-07,274.9034729003906,276.90256546156337,273.18857224923363,274.8446786990762,45614300
2022-12-08,278.15692138671875,279.12705571779304,274.1783538424074,276.25582892597913,42594900
2022-12-09,276.3832092285156,279.9110109941769,275.9422227932472,277.1377547831242,47860500
2022-12-12,279.8521728515625,279.91099695807793,275.52084054701044,276.55957797238233,35732500
2022-12-13,282.8606262207031,290.9255703073844,280.17559116121214,290.7001725834761,80667700
2022-12-14,280.76361083984375,285.56532782207256,277.51019136900254,282.2727022392149,64984400
2022-12-15,271.3365478515625,277.33379679560437,270.1410156832372,276.6674125419887,60554100
2022-12-16,268.74945068359375,272.19884034206814,267.14232931301717,270.66035208547504,68300400
2022-12-19,264.9725036621094,269.10793267507745,263.7348097149866,269.01953024700964,44167900
2022-12-20,264.7662658691406,266.5147396211088,262.22214018368135,263.8036115650113,51064200
2022-12-21,268.6070861816406,269.9135180773778,264.96277041181514,265.80755500266366,46394700
2022-12-22,262.0355224609375,265.7191076058468,257.8116601751859,265.5914051911551,60278400
2022-12-23,262.62493896484375,263.29291869044044,258.8627829022796,260.76842716724326,39373600
2022-12-27,258.9118347167969,262.12394033758375,258.3715875212446,262.0158729122166,38009000
2022-12-28,255.49349975585938,260.76838946738087,255.13005744457703,258.50913565410923,47139000
2022-12-29,261.72119140625,262.6641808412472,257.60539640207793,258.3028134858815,45893600
2022-12-30,261.5639953613281,261.6916977675201,257.64467062067865,258.9511022085316,37858300
2023-01-03,259.7959289550781,265.3654934443189,257.48754271282064,263.8920592442093,42335300
2023-01-04,261.0335693359375,262.7133057533719,257.8804288307471,261.91765375652096,47754900
2023-01-05,256.9471740722656,259.53059924668446,256.6328643373645,259.36362688393774,45396700
2023-01-06,264.03936767578125,265.1591919339073,255.72920809325254,258.6859086561472,54659700
2023-01-09,265.7486267089844,270.4145021322051,265.1396119763945,266.03346909868065,45568700
2023-01-10,267.99798583984375,268.10605325468526,264.2063633991189,264.71714306111187,35247800
2023-01-11,272.6344299316406,272.74249736124165,268.28289478164135,269.06874434252666,44077000
2023-01-12,274.1078796386719,275.1393016249696,268.891924665212,273.1943575759975,60600000
2023-01-13,275.993896484375,276.2394688722503,271.2690861398221,271.60306099008073,44802900
2023-01-17,276.5537109375,277.8405073968045,274.6284025138106,275.7973290649479,36269700
2023-01-18,272.95855712890625,279.6479449041405,272.7522847682458,278.09591101359615,47754500
2023-01-19,270.27691650390625,272.4674326097556,269.03925227139626,271.3279733334232,44150400
2023-01-20,277.6736145019531,278.0075893657766,270.82705485082334,271.8879443967091,60613600
2023-01-23,283.8423156738281,285.0701773331729,277.72267234899215,278.5183243060803,52799900
2023-01-24,283.2627868652344,284.42188115202566,281.7009503309119,282.2215625090194,44875100
2023-01-25,282.6341552734375,283.2529724484398,276.2001413661606,278.74426745370937,50872000
2023-01-26,288.1447448730469,288.321549755741,283.4101031669652,286.0622963157405,51596300
2023-01-27,291.0130310058594,292.97760956127144,286.71059917317257,286.8284690901629,56441900
2023-01-30,285.129150390625,289.16637565404983,284.7559055770718,287.7420439480691,49405800
2023-01-31,289.402099609375,289.50033454526135,285.0603972278785,285.16843467338794,46705100
2023-02-01,295.5904846191406,298.0560101714726,287.12312638069733,289.19577221840314,67562200
2023-02-02,306.19921875,308.1244973652682,301.29760478441443,302.1227241909579,83070600
2023-02-03,300.7573547363281,306.8573933607601,299.14641574356017,299.53932549956994,76170800
2023-02-06,298.2132263183594,300.4921448518524,296.8674946774453,298.13465635865975,40802300
2023-02-07,304.3918151855469,305.5214418929414,296.96571042435426,298.0855046460118,67584000
2023-02-08,298.97943115234375,304.01858076064036,298.29184653267987,303.07559129467853,56720900
2023-02-09,296.3370666503906,303.51759995166015,294.8832974861869,303.37026253327383,49137800
2023-02-10,294.3921813964844,296.22905800418135,291.98556007950657,294.1760765028084,50050100
2023-02-13,299.1070556640625,299.6964351681775,294.61798691164785,295.7967459198779,39636700
2023-02-14,301.3172302246094,302.2700520050063,295.5806645487982,297.52560807354047,64079100
2023-02-15,303.6256408691406,303.79261326970317,298.8124291004657,299.5000136519383,43100600
2023-02-16,297.9283447265625,302.96749383532796,297.7810073210326,298.9892340005614,59498600
2023-02-17,295.8263244628906,296.5826766246037,292.82052083818405,295.7379220006461,58230700
2023-02-21,288.8225402832031,293.43931228140923,288.68503536043335,291.9953457183186,46526700
2023-02-22,289.03863525390625,291.11125135049537,287.3785638886052,289.40207750954767,51389200
2023-02-23,291.5631103515625,292.84990690607964,287.3687159540404,292.69273702453154,69294400
2023-02-24,286.68115234375,287.7813116176916,284.9130135302651,286.59274989963956,74332000
2023-02-27,288.7341003417969,291.2389259020136,288.1447208049551,289.8440919744796,48995000
2023-02-28,288.36083984375,290.8754980128921,287.7714602778689,288.10543503721385,48243100
2023-03-01,286.0426330566406,288.7242634437962,285.0603438359476,288.06614645310117,58287000
2023-03-02,288.40997314453125,289.2154576380953,283.26278633831913,283.5476586547441,53565900
2023-03-03,294.37255859375,294.608328496963,289.64774771962266,290.15855752899955,60511500
2023-03-06,294.7064514160156,298.6159739722746,294.5100115246582,295.610170842958,56736300
2023-03-07,291.0916442871094,295.67894908673577,290.4826296406142,294.75559463008375,65955800
2023-03-08,292.5454406738281,293.14462282777646,289.65750739650804,291.51401880216014,50876300
2023-03-09,287.4768371582031,295.6494926655165,286.66152011867,293.0464016130532,71456700
2023-03-10,283.4395446777344,289.1368401849636,282.290283068431,287.64374137344026,98593600
2023-03-13,285.54168701171875,289.25473947061863,280.13909571042,281.6518296683692,97123600
2023-03-14,292.1034240722656,292.6535037945755,288.2528660160967,289.0976205978238,73602500
2023-03-15,293.6357421875,293.96971696240934,288.04651350229693,289.490480016309,83631500
2023-03-16,301.376220703125,301.7396629996078,291.92660108619316,292.72225313446495,98198100
2023-03-17,299.9518737792969,303.6747589614534,297.9971274856197,301.28780293795415,89923700
2023-03-20,301.016357421875,301.34100152288244,297.12047809228824,299.33405066965565,56359500
2023-03-21,305.3155822753906,305.76812645469766,301.43936859439714,302.9544443537265,49757000
2023-03-22,301.1639404296875,310.1461313695426,300.9967095272802,305.24674630503034,75791900
2023-03-23,304.7351379394531,309.063895798946,302.03950823154344,304.90239884454496,74576000
2023-03-24,305.8567199707031,305.9550769566184,301.98050598303996,304.3121309910328,57195200
2023-03-27,303.7611999511719,307.6374139411915,302.90529001338837,306.5552168839652,50287400
2023-03-28,302.1476745605469,303.21020600548724,299.83571542187406,303.18069291109964,48585900
2023-03-29,307.6571350097656,308.27694025577375,305.03034849656586,305.846927797134,53274300
2023-03-30,310.56915283203125,311.1988056823133,307.7456227608923,310.1362740033374,58354800
2023-03-31,315.73419189453125,315.9703267522427,310.49049687814465,310.7954756301641,62138100
2023-04-03,314.9667663574219,315.23241427318806,312.28098426510945,313.6091037499459,47126800
2023-04-04,313.904296875,316.42284833764353,312.6843519308902,315.40952513215416,45875400
2023-04-05,310.8052673339844,313.8944151110671,308.98521283558773,312.9499659209174,62795700
2023-04-06,312.9007568359375,313.39266183333626,307.75544977818566,309.15244315763897,46916500
2023-04-10,312.7237243652344,312.7729328863309,308.17852632267164,309.96906798292446,45134700
2023-04-11,310.71673583984375,312.74341230116863,310.20516538779697,312.68435607256504,40113600
2023-04-12,307.971923828125,313.2648269994035,307.5095318776062,312.6745349314112,62813300
2023-04-13,314.002685546875,314.4748951839237,308.5523691390901,309.7329232552138,54613800
2023-04-14,313.412353515625,315.1733517684207,310.50025434878785,312.44820892374673,56278300
2023-04-17,313.677978515625,314.0321657297846,310.92332250993337,312.9991472100262,43007000
2023-04-18,313.6976318359375,316.21621297443687,312.49741249810626,315.79315187054,46746900
2023-04-19,313.5501403808594,314.6126722098371,311.1594888009165,311.28738893065497,38960100
2023-04-20,311.1594543457031,314.1010369099434,309.8706655285175,310.5790099948983,62462100
2023-04-21,311.484130859375,312.26134931858826,309.0147876904133,310.7954817382341,59002300
2023-04-24,310.8348083496094,312.5958067847505,308.6605664449473,311.2578394804979,44043100
2023-04-25,304.9712829589844,309.87066806010336,304.87292596789285,309.2016843984731,57121600
2023-04-26,306.82080078125,309.8411044987242,306.2993827146744,308.3653895906615,55400500
2023-04-27,315.16363525390625,315.66535809035463,309.94942265568807,310.58892336877227,65430400
2023-04-28,317.3377685546875,317.42630785671025,313.7960463562758,314.9274219134559,59712600
2023-05-01,316.9737854003906,318.39047437701817,315.8915882622026,316.8753983835549,41013400
2023-05-02,314.209228515625,317.2295322858439,312.4678656786631,316.9048581872421,56519400
2023-05-03,312.1531066894531,317.2492356655561,312.04487196912623,314.5732710641641,59882100
2023-05-04,311.0512390136719,313.07788532974376,310.01822043945054,311.92681435241155,50224500
2023-05-05,317.6624755859375,318.5183856176378,311.0906009279849,313.3140214873927,51806100
2023-05-08,318.4494934082031,318.7938329476194,316.11786827688667,317.2000653906943,36465800
2023-05-09,316.4327392578125,317.6526543450105,316.11791277611434,316.7868965320935,31768800
2023-05-10,319.87603759765625,320.7319476003551,316.39334135789676,318.8725320578006,60446600
2023-05-11,320.9188232421875,321.4599067146341,318.87248169768554,320.4269182586915,44278500
2023-05-12,319.767822265625,321.8731904664601,317.7116625879941,321.4501292703223,48432800
2023-05-15,321.49932861328125,321.73543344270627,318.7151290644636,320.24005281717564,33375600
2023-05-16,321.8633117675781,323.5751317119794,320.74175385676267,320.7811146668355,40019200
2023-05-17,325.75921630859375,326.339660701836,321.7452840546371,322.92583823591684,47486100
2023-05-18,331.8096008300781,332.02604023945787,326.1330277171861,326.15269310949344,64213500
2023-05-19,331.0619201660156,332.7343791895953,329.99938852891864,332.0260347726971,61554900
2023-05-22,332.1736755371094,333.1869987970139,330.79631729968287,330.80616500876556,43015900
2023-05-23,327.96295166015625,331.60306138513374,327.6087944018148,330.4520202720196,48216700
2023-05-24,326.28057861328125,327.5201888136506,324.22441932796124,326.00511301581014,62891200
2023-05-25,334.2200012207031,335.4891247810154,331.21939213019834,333.6494045169645,66862800
2023-05-26,342.7593688964844,343.5956133301905,335.1446897504578,335.2430767468049,63007000
2023-05-30,344.3138122558594,348.19984348948196,342.8872758390697,346.99959416646135,72652200
2023-05-31,342.35601806640625,344.9237776719262,340.8999985419479,342.72987065463116,65105400
2023-06-01,346.31103515625,347.6391548961203,341.0476446264342,342.1003287370982,50488600
2023-06-02,348.9083251953125,350.06921417130314,346.3110815537147,348.07208041570595,53372100
2023-06-05,349.1541748046875,351.71208689590304,348.1211862791483,348.69178288810815,47266200
2023-06-06,349.0951843261719,350.05932906589874,347.2161033675169,348.54425305304295,41390400
2023-06-07,343.1726379394531,351.33824956141177,342.5429850794896,349.38047711755803,69225900
2023-06-08,347.4324645996094,347.89485645943074,343.24145478827705,343.4677118531179,47153900
2023-06-09,348.7606506347656,351.86949388781363,347.31444871046006,348.8885507405918,53196900
2023-06-12,354.6537170410156,354.7521040622906,349.44938288116003,350.423345337724,44606500
2023-06-13,357.37884521484375,358.2150597311599,354.2011279729432,357.4083583151432,57097800
2023-06-14,359.9760437011719,360.2613569845332,354.58478455494077,357.38861880797157,69525600
2023-06-15,364.26556396484375,365.75109690887723,358.0872372843925,358.7070124731328,71138800
2023-06-16,361.9732971191406,366.8136567466766,361.53060052191563,366.685756610754,80932000
2023-06-20,361.455078125,362.85401808956453,358.48976795232016,360.51919447416657,49204700
2023-06-21,356.52923583984375,360.74571751962696,355.6031834558307,360.31224491159173,53378300
2023-06-22,360.73590087890625,360.89349995663713,354.87418928310535,355.27810832341714,47603000
2023-06-23,357.1596984863281,359.46496788226176,355.4652231100847,356.83457904702266,48922900
2023-06-26,352.371826171875,359.4255714678881,352.2831654288067,356.6277222272372,52685500
2023-06-27,358.4306335449219,359.1596721529209,353.18960689065034,353.91861543396186,49428100
2023-06-28,359.130126953125,361.0807239258555,356.5292909032333,356.6081205157872,46498000
2023-06-29,358.4109191894531,359.47490841599677,356.7657194591643,358.8345306108151,46151000
2023-06-30,363.9377136230469,364.991811664529,361.7802114510369,362.0954397093564,58712500
2023-07-03,364.79473876953125,365.42522524890154,363.49432094593277,364.57800246559816,19432900
2023-07-05,364.784912109375,366.4892491183316,363.1889582949939,363.2283730989019,34460900
2023-07-06,362.0067138671875,362.45004768326476,359.11034243267966,361.07083034889985,49374700
2023-07-07,360.8048400878906,364.9819372104598,360.57827262266767,361.7801685299418,47133700
2023-07-10,360.92303466796875,361.60279715578974,358.01683206358047,360.52897686487853,48498800
2023-07-11,362.7062683105469,363.15943336484554,359.2089332563836,361.346743082962,38214100
2023-07-12,367.28717041015625,368.6368341089447,364.8045492395434,366.8142830289248,61975400
2023-07-13,373.5232849121094,374.35081543167655,369.88804330473624,370.4692839054553,46960000
2023-07-14,373.4444580078125,377.17819125743983,372.56765152989857,373.9567301781998,55148500
2023-07-17,376.9318542480469,377.8086606163784,373.6808399896064,374.16355851415483,40868900
2023-07-18,380.01544189453125,381.3848281242164,374.36063559855717,376.2915399324803,55262000
2023-07-19,379.92681884765625,382.22225770365327,378.5968472867821,381.07946888433037,54093000
2023-07-20,371.1687316894531,378.3997993737195,370.14415731170806,376.9318911606439,71941700
2023-07-21,370.0555114746094,374.28185464657395,369.62203883827016,373.5528160865386,60499600
2023-07-24,370.6466064453125,371.976547851103,368.7846403737097,371.0308030549652,40380100
2023-07-25,373.15875244140625,374.8236745721694,371.3362011667305,371.3559236001478,38894400
2023-07-26,371.9174499511719,373.61192570486145,369.61218004173713,372.11449390159294,47075700
2023-07-27,371.03076171875,379.0006983723137,369.7402051940931,377.3850524449378,63940200
2023-07-28,377.78900146484375,378.8135457676486,374.5773716566736,375.089643808076,56902900
2023-07-31,377.98602294921875,379.168226478944,376.66591271101356,378.0944061373745,44019900
2023-08-01,377.1093444824219,377.86790673776454,375.0405028004872,376.6364569347906,41060600
2023-08-02,368.83392333984375,373.6316458629854,367.5926126020604,373.6316458629854,72687100
2023-08-03,368.2427673339844,370.3707154005553,366.2527259598132,366.4202162984569,47666400
2023-08-04,366.5187683105469,372.4888327932019,366.0163273181001,370.1737018320144,61702800
2023-08-07,369.6220397949219,369.72056176974223,365.99665961314304,368.33148309942624,37230400
2023-08-08,366.47930908203125,367.1295179155835,363.34650930056284,367.109825550208,44726500
2023-08-09,362.4500427246094,366.92267536492295,361.69148071725726,366.76504623391156,51150900
2023-08-10,363.11993408203125,368.8042935359375,361.59294889306045,365.46461848678524,72035300
2023-08-11,360.8048400878906,362.5387305940395,359.27785474305597,360.5585501893892,48707200
2023-08-14,364.8538513183594,364.972065655942,359.2877057828268,360.0068530246826,42130800
2023-08-15,360.9822082519531,364.67655689923794,360.31227684808397,363.878549931913,45539900
2023-08-16,357.1596984863281,361.9771123347759,357.0611765330635,360.4402660708201,53190500
2023-08-17,353.2585754394531,358.9035517183363,352.84482517422236,358.55873978751725,62604300
2023-08-18,352.815185546875,354.0761885364602,349.4459267424536,349.98778252008736,61191400
2023-08-21,358.4996032714844,359.17936585914424,353.820094768871,354.283121023296,50696500
2023-08-22,357.9872741699219,361.12007425409377,357.2976504743044,361.11021303811316,44530200
2023-08-23,363.63226318359375,364.7258060263344,358.95275485634835,359.16949118146084,51770600
2023-08-24,355.859375,367.2084035049508,355.65249988869135,367.1099115903095,66842500
2023-08-25,358.6177978515625,360.31227361851654,353.25852705676294,356.69675461100496,69960500
2023-08-28,361.3171081542969,362.25299164129996,358.84434818645246,361.543675598097,40910000
2023-08-29,369.2082824707031,369.5629555891602,360.79504044961345,361.12012991556895,58492400
2023-08-30,371.26727294921875,371.848543633588,368.31179382662464,369.3166759697072,41731500
2023-08-31,372.3804016113281,374.08473824066965,371.2770278651546,371.34599624046035,35730700
2023-09-01,371.9864196777344,375.17832724616864,370.4988190213584,374.75471582239464,39801200
2023-09-05,372.45928955078125,373.6808778090351,370.25251164804223,371.17856405822965,32344200
2023-09-06,369.1786804199219,372.0258059525802,367.1689765830045,371.6809940968879,42998700
2023-09-07,366.5384826660156,367.3167671772476,363.6716645886593,364.7159313717215,52060700
2023-09-08,367.05078125,369.2871129705082,366.0853440026221,366.48926308017946,35800100
2023-09-11,371.3756408691406,371.8879130726899,368.114764776567,370.085084110554,39936600
2023-09-12,367.2576599121094,371.3559275028514,366.97195520672244,369.7008365067179,41391000
2023-09-13,368.6565856933594,370.26240073967756,366.36117692807545,367.4941045172016,46300700
2023-09-14,371.6711730957031,372.6563327530281,368.3413587082817,370.41016993691466,48039400
2023-09-15,365.3070373535156,370.73527649626243,364.371123685909,370.33135744312096,69811200
2023-09-18,365.68780517578125,366.8026516694707,364.0796659049338,364.36578414598193,36903500
2023-09-19,364.9084167480469,365.70754868785883,361.8795916828219,364.36580670286224,37621700
2023-09-20,359.64990234375,366.3290756321747,359.57095863970227,365.973919288564,45514200
2023-09-21,353.05950927734375,356.74935990446664,352.8918065855037,355.96007335750306,69734800
2023-09-22,353.10888671875,356.9466893835174,352.7931720730554,354.80581530410115,51589700
2023-09-25,354.78607177734375,354.87489098622916,351.1554436001717,352.1420293075471,39168000
2023-09-26,349.45855712890625,352.74390479132245,348.4719713025343,352.20126452189186,53657700
2023-09-27,350.2773742675781,352.1913528189911,346.64671622794873,350.6128097723963,56066000
2023-09-28,353.2075500488281,355.3385787373545,348.50151707108864,349.3598417980911,56453300
2023-09-29,353.46405029296875,358.08129428246383,352.23081815961984,356.6902048230615,64829600
2023-10-02,356.4139404296875,357.8148751876751,353.1187479820633,353.7304262658217,51625100
2023-10-03,350.15899658203125,356.1672996536703,348.5409816435932,353.967202787342,60478500
2023-10-04,354.9241943359375,355.77264355913144,350.5338760666792,350.997572535324,54786700
2023-10-05,353.8783874511719,355.31879398132025,350.3760206522747,354.91429027670404,45897400
2023-10-06,359.8077697753906,361.00152988596557,350.08989587971325,350.8791522932069,75049100
2023-10-09,361.642822265625,362.18543231305404,355.9403585893951,357.43995789204183,45304800
2023-10-10,363.6455993652344,366.29951715958055,361.4751290106338,361.978267216126,46968800
2023-10-11,366.2403259277344,366.42777960975275,363.25097261476304,364.9774975009921,38215100
2023-10-12,364.9676513671875,368.72654058462217,362.5702552725793,366.7435237436509,49587900
2023-10-13,360.3799743652344,366.1811023109661,358.9790096138235,365.59902043997624,52469900
2023-10-16,364.4546203613281,365.5102742669237,361.5540560479042,361.7020378785472,44201100
2023-10-17,363.2608642578125,364.9577928543433,358.7817567806545,360.90290999926657,50999100
2023-10-18,358.4956359863281,362.974743432088,357.163739288283,360.7648011295695,54280500
2023-10-19,355.1412658691406,361.11009748289064,354.34213383776466,359.91633718178207,72274200
2023-10-20,349.8432922363281,355.2103208068794,349.6163666883233,354.6380842451997,72559700
2023-10-23,350.8989562988281,354.44079542083324,346.4099732076633,348.5212811005158,60665200
2023-10-24,354.3125305175781,355.08206616632873,351.01733786225094,352.71426648618893,47082100
2023-10-25,345.64044189453125,352.0927210150706,345.05835992536896,351.9151428091988,71190500
2023-10-26,339.050048828125,345.3740668443835,337.7576239562373,344.4367983762788,78621400
2023-10-27,340.6778564453125,344.16050225889444,339.4643453706575,341.7828274523796,63476700
2023-10-30,344.5157470703125,345.837768328279,341.8026363276884,343.1640993367296,55298500
2023-10-31,346.16326904296875,346.5381763713732,341.97028043206956,344.5452843882043,47671900
2023-11-01,352.171630859375,352.73399194682804,346.90326671741013,347.00193131124155,58992700
2023-11-02,358.56475830078125,358.80152926656694,355.4668643267699,356.6902512358202,58162400
2023-11-03,362.77740478515625,364.0698295917299,359.6301941195656,359.85711966043,53280500
2023-11-06,364.2572937011719,364.8196547697104,361.9881586604035,363.5469508009669,38848700
2023-11-07,367.7005310058594,368.5687011984283,364.0994688344699,365.30310468632797,50777400
2023-11-08,367.937255859375,368.77585968611356,365.64836991831584,368.0753621945364,35663400
2023-11-09,365.1058044433594,369.7723358829942,364.61251155658476,368.6279228809004,53859400
2023-11-10,373.314208984375,373.46219083022413,366.29956840903986,366.8323331623054,58309800
2023-11-13,372.1500244140625,373.20567845518474,370.2064491668843,371.73567523506745,40733500
2023-11-14,380.16107177734375,381.07861940220005,378.03991844777033,378.56280768816015,67792600
2023-11-15,380.4471435546875,382.54857575136936,379.0856505760934,382.0552829393108,54141400
2023-11-16,380.772705078125,381.00947597550817,378.4147511616118,379.6775794613247,45343500
2023-11-17,380.8615417480469,381.8777237872097,379.1350168197854,380.0426587786193,46571900
2023-11-20,385.4985046386719,386.1595303358996,380.8714150827005,380.8714150827005,44429600
2023-11-21,383.2589111328125,384.0087258271478,381.51266545112463,383.7916757897456,43337000
2023-11-22,384.82763671875,387.7972694723159,383.82133008882835,385.3308050878148,44121000
2023-11-24,384.2850036621094,385.0150674417227,383.28854247561634,384.4231100031308,15718800
2023-11-27,383.94952392578125,385.90294410752415,383.07144830647866,383.7916666197874,34139700
2023-11-28,384.9559020996094,385.53798408804334,382.84459411031935,383.1997806420297,35491100
2023-11-29,384.58099365234375,388.85292686435287,384.2356826138443,387.4223654655157,38811700
2023-11-30,383.6141357421875,385.31106448878995,380.6445330167896,384.8473679676774,52834400
2023-12-01,384.709228515625,385.3011859545719,380.89114669131624,382.5486034338027,40490100
2023-12-04,381.1377868652344,381.41402965111894,377.5268796658972,380.9108613200342,51186900
2023-12-05,382.0947570800781,383.28851726210314,379.0560564790276,379.23366477466595,42933000
2023-12-06,379.884765625,385.1334081378021,379.53948475848085,385.0347435581385,41994100
2023-12-07,385.19268798828125,386.02141645013666,381.76923404621897,382.8643599442413,49593500
2023-12-08,386.9092712402344,387.3532166760825,383.2687681252703,383.45622178980676,46687500
2023-12-11,390.21435546875,390.48075287034135,386.2778882587971,386.4850628203195,41198000
2023-12-12,393.3221435546875,393.44052902417013,389.1192787388133,390.2538462989642,39221200
2023-12-13,398.3241271972656,398.935805554361,393.4898629695481,394.2593986620565,55408100
2023-12-14,397.9787902832031,400.8497279607916,394.96968605777766,399.5474578161859,55447800
2023-12-15,399.90264892578125,401.0865638235725,398.1564030543354,398.75820588677146,62896600
2023-12-18,402.4214782714844,403.32106810890696,399.9698779982255,400.2960882974324,46610000
2023-12-19,404.4776916503906,404.5963135772039,402.6884071948224,402.8762353017246,35711900
2023-12-20,398.46722412109375,405.77266899871773,398.28929124357586,403.6769346590409,54042400
2023-12-21,403.10357666015625,403.46936781901707,399.84135305832086,402.4017101602885,45568900
2023-12-22,403.70660400390625,405.2784048126473,401.82835317280114,404.3195040486344,34314000
2023-12-26,406.1780090332031,406.85022006300187,404.46779580870526,404.56665747034475,22722500
2023-12-27,407.0048828125,407.2917233807638,405.60038123595757,406.46090294074895,31980500
2023-12-28,406.8070373535156,408.4093661852089,406.45098440261324,408.1620971301231,27029200
2023-12-29,405.04644775390625,407.1433145138835,403.12763763814587,406.78723140965786,42662100
2024-01-02,398.19219970703125,401.65396654587965,395.8678645069622,401.4066974859619,58026900
2024-01-03,393.9787292480469,396.61957611570585,393.543563467669,395.56125728435336,47002800
2024-01-04,391.951171875,395.2250121545766,391.733573872239,392.10942771193663,39432800
2024-01-05,392.416015625,395.1953175679347,391.02141444263924,392.1193048135244,44922800
2024-01-08,400.5264587402344,400.81326913387153,393.4941105693252,393.6424659771053,42473800
2024-01-09,401.31768798828125,402.2474220769775,397.3218114911748,397.51963881463803,39132900
2024-01-10,404.03765869140625,405.04650562647345,400.7440479738248,401.634210585262,33962800
2024-01-11,404.8783874511719,406.708184634018,399.82419188723105,405.3135834357692,54536200
2024-01-12,405.0860290527344,406.75757017530395,403.69142804717114,405.91684940375336,39595000
2024-01-16,405.04644775390625,406.62897560602516,402.38583053723465,403.8496740826811,43903000
2024-01-17,402.7617492675781,403.137603088809,398.5186336985363,401.73313165435087,54386000
2024-01-18,408.47857666015625,409.06212800530994,404.6904280351043,406.03555720002583,59562500
2024-01-19,416.5791015625,416.7373573746642,410.10066460564127,410.68421593437887,70325100
2024-01-22,417.1231689453125,420.0903979170171,416.5198166919413,418.78480992525573,44880600
2024-01-23,418.85406494140625,419.0716629464903,415.9758491313376,417.8155166599629,33003800
2024-01-24,421.1783447265625,425.1544507438239,420.6838065798753,422.77077325468605,46948000
2024-01-25,421.692626953125,424.35324423889443,419.348521282841,423.6806495099356,44367200
2024-01-26,419.1803894042969,421.5541662899098,418.52759547851645,419.80351225091505,37137000
2024-01-29,423.47296142578125,423.6707887359302,418.98254710644517,419.6353410088851,38694700
2024-01-30,420.654052734375,423.00805867892734,419.74411962666005,422.4344078226903,36739000
2024-01-31,412.41510009765625,418.25064358105004,412.23707362768994,416.25272054382725,64010600
2024-02-01,417.271484375,417.7660224895652,413.2459368782287,414.21524244909244,51008600
2024-02-02,424.3236083984375,425.54015285865825,418.1715529635228,419.1704994430535,59602400
2024-02-05,423.76971435546875,424.917016197254,420.3573893564207,424.38293677635033,39889200
2024-02-06,422.91912841796875,425.52040389751744,420.5750224334973,424.9170516631162,35846100
2024-02-07,427.2710266113281,428.10184701400823,424.4027116102208,425.7082994648084,37712700
2024-02-08,428.0622863769531,428.82386416564947,426.70725684621095,427.3896916377228,29889900
2024-02-09,432.2757263183594,433.0670053617613,428.40846507103,429.19971393022274,36943900
2024-02-12,430.5844421386719,434.34294992138797,429.90197712556375,432.1669701427517,33203300
2024-02-13,423.8686218261719,426.5589104777303,420.68379504149027,422.61250583435543,64491700
2024-02-14,428.4876403808594,428.9129359501023,424.1950528160093,426.5490592641366,45092700
2024-02-15,429.7635192871094,430.228386319258,426.61823395817083,429.1799679376821,38796100
2024-02-16,425.8665771484375,430.23827736206954,425.1544410261166,430.1393938823627,53716500
2024-02-20,422.6521301269531,425.3819604374916,418.87385107376423,423.8686747684899,53999500
2024-02-21,420.9607238769531,421.04976730062936,417.0242197609672,419.91230547764127,49779000
2024-02-22,433.28466796875,434.32318602440637,428.97227954540625,429.7437578626916,53887800
2024-02-23,432.00872802734375,435.7771061666254,431.0295521880033,434.847372066645,39853900
2024-02-26,431.7812194824219,433.80884388017813,431.5932925825271,432.81976764250527,33043200
2024-02-27,432.81976318359375,433.20548721652256,430.2778300347507,432.8890057637283,33713200
2024-02-28,430.5152282714844,431.8999592325404,429.55582305749084,430.6734841008683,32938800
2024-02-29,434.2044982910156,435.2825878423433,430.2679637272085,433.4429204017879,42495200
2024-03-01,440.74224853515625,441.701653694709,435.0352895003345,435.0946316599595,43853000
2024-03-04,439.1696472167969,441.1676006577686,438.92237814215883,440.74227490938915,34325700
2024-03-05,431.2867126464844,436.13321070998603,428.9129355407324,436.1233102879435,57917100
2024-03-06,433.99676513671875,437.1617909455897,432.11752634641863,435.5100505533122,46234500
2024-03-07,440.5840148925781,441.84013082742956,436.04412847428506,437.58711514912994,44526700
2024-03-08,434.2242431640625,443.7391820165276,433.5516785602011,440.94007933389213,72096000
2024-03-11,432.6120910644531,433.86820708089914,430.6833802337702,432.7307753892559,45860000
2024-03-12,438.81365966796875,439.1697127001152,431.69229718286255,434.9265964792814,55300900
2024-03-13,435.4408264160156,437.8344042624904,434.32316540516723,437.8146034192605,37928700
2024-03-14,434.34295654296875,437.2013711940787,431.6229968703131,436.6771619918081,52195200
2024-03-15,429.17999267578125,434.07590215099276,428.01285972544184,431.3065006408254,73069800
2024-03-18,433.2732238769531,436.7989886672768,433.03551115320687,434.5112039360309,47323800
2024-03-19,434.3527526855469,434.75881378474264,429.1631195603212,431.2627591956044,43004100
2024-03-20,439.502685546875,439.83941247135937,433.8476015144142,435.5510631597658,43653500
2024-03-21,441.58251953125,445.0191533002747,441.38446086110866,444.5635851124157,39345700
2024-03-22,442.087646484375,443.1869582956942,440.2158060824554,441.06755210012795,28253900
2024-03-25,440.48321533203125,441.9687913921321,438.28456155411703,439.2848288821818,27789200
2024-03-26,439.05706787109375,442.9294731649867,438.8292686570567,442.0083930206614,34142000
2024-03-27,440.5525817871094,442.2461604974196,437.68047370800286,442.1471160345277,41359200
2024-03-28,439.7404479980469,441.35477889519336,439.3838940102981,440.50303286410514,36839600
2024-04-01,440.6714172363281,443.2265949148535,438.75995295363714,440.69121403763677,38729000
2024-04-02,436.86834716796875,437.18527735648325,433.81797721986425,435.8482526807904,44259700
2024-04-03,437.84881591796875,439.7305396599772,434.7291120530437,434.7389953416227,39949800
2024-04-04,431.15380859375,442.65218366133433,430.9260093710551,442.0381201337382,57267700
2024-04-05,436.2344970703125,438.90854629943993,431.7678549915394,432.5799772284299,54744600
2024-04-08,436.3632507324219,438.2449745217014,434.9767190047488,437.1654594542943,28144900
2024-04-09,437.9775390625,438.9778063771881,433.233591111265,438.7005000586426,39443600
2024-04-10,434.1546936035156,435.01632297538475,432.08479436356697,432.79787215823893,61502200
2024-04-11,441.08734130859375,442.0381015377106,433.7485918413182,436.0264933000666,45474600
2024-04-12,434.05560302734375,437.98742888142436,432.67898492607605,436.8584067905544,53665000
2024-04-15,426.91497802734375,437.89833433442107,426.07314547720983,437.8092033901657,63453600
2024-04-16,426.95458984375,429.5890151660871,425.5680581541315,426.7565009348942,47619000
2024-04-17,421.74517822265625,428.95517354728304,420.8142147138504,428.9353767451836,56880500
2024-04-18,419.3385314941406,424.12207335388047,418.76409179599244,422.3889011950564,46549400
2024-04-19,410.6627502441406,418.68486728846034,409.09795670581633,418.15996493819904,75231000
2024-04-22,414.7926940917969,417.1299861620728,409.9596146373191,413.2972043639061,47807700
2024-04-23,420.9825744628906,422.1809307549363,414.84218098500753,416.7239047204478,44384700
2024-04-24,422.40869140625,425.5977291095179,420.1209067739188,424.08244279168656,48440300
2024-04-25,420.3685302734375,421.2301595778061,414.11920921453924,415.2086075113914,57392200
2024-04-26,426.85552978515625,428.39061298823793,422.8147761196788,423.50802682708354,41874900
2024-04-29,428.5887145996094,429.58901220141706,425.8453615532208,428.9650653893637,30022200
2024-04-30,420.5071716308594,428.40053393359545,420.4279542033129,427.0040887581163,43665900
2024-05-01,417.4667053222656,426.0038418646144,416.6149894826864,419.0810362812296,52251700
2024-05-02,422.7949523925781,423.6962055209441,416.58525516971946,421.21033183967234,36559000
2024-05-03,431.2925109863281,432.28289516035596,428.4599965320628,430.2625029825838,48515300
2024-05-06,436.0166320800781,436.10576302873596,432.32248823480734,433.0949866806349,30227200
2024-05-07,436.0859069824219,437.72003460073387,435.353002241703,436.462257752822,30996100
2024-05-08,435.8284606933594,437.2348195303518,433.3425867249308,433.4614582150319,24896700
2024-05-09,436.7791748046875,437.3536144949182,434.2437939852255,436.09580737355435,24580100
2024-05-10,437.8092041015625,440.03756838394236,436.2642072837091,438.2845993624885,27116600
2024-05-13,438.8193359375,439.81963346407235,437.403094050259,439.72058901777746,22994200
2024-05-14,441.6419982910156,442.17681419663,438.2053640696036,438.39353947668786,34478300
2024-05-15,448.54498291015625,448.79257895175203,442.60267791185663,444.117964477458,41464700
2024-05-16,447.6338195800781,450.3177520473984,447.46544098326683,448.35678063477684,34780400
2024-05-17,447.4159240722656,448.366684331453,445.2172701938097,447.76253432284136,35803700
2024-05-20,450.5356750488281,451.1992155299529,447.4456812149814,447.6338566288232,24474200
2024-05-21,451.41705322265625,451.60522861647325,448.48552479790663,448.68361370427937,23167700
2024-05-22,451.32794189453125,452.4272839916617,448.72322680557244,451.674582383685,25120000
2024-05-23,449.2976379394531,456.15107873435795,447.505045202188,456.1213684214136,40899200
2024-05-24,453.54638671875,454.8140770907989,449.20849975410897,450.9119615250611,29669500
2024-05-28,455.2597351074219,455.31915573278667,452.29849645495904,454.76454307996664,26216800
2024-05-29,452.0509033203125,453.83358254085584,450.961474808148,451.10014308429754,29739200
2024-05-30,447.2079772949219,451.25867530524874,445.8808660823192,451.12000700846625,30536800
2024-05-31,446.3760070800781,448.12900627200275,438.79957479670367,447.43572531572056,55941300
2024-06-03,448.7727355957031,451.19915841716164,443.59301606215104,450.19889106528296,32997500
2024-06-04,450.00079345703125,451.19914968810446,446.7919588246173,448.51521739030295,23767400
2024-06-05,459.0727233886719,459.1519408150762,450.0404255724261,453.57610393016483,33817400
2024-06-06,458.9142761230469,460.0730388200298,457.7456301374567,459.7561086538658,21966800
2024-06-07,458.50823974609375,461.2615064868881,457.39901432881345,458.5478635750326,25829700
2024-06-10,460.3602294921875,460.7167834859618,457.0919740405648,457.3791938933102,20660800
2024-06-11,463.5195617675781,463.63843324942377,457.58717060137843,459.0826602839929,22053300
2024-06-12,469.5906066894531,471.9180153282366,466.7581227209805,467.4513734442813,34532600
2024-06-13,472.1358947753906,473.78984946991005,469.85802350540996,473.1262788447949,25859000
2024-06-14,474.5821228027344,474.65145693819255,471.47230246029227,471.93778416046285,23372600
2024-06-17,480.39569091796875,482.17837014074405,473.54225013126796,474.8495341233791,37054500
2024-06-18,480.5442199707031,481.22758735971564,478.7813376310776,480.34616130196366,24438600
2024-06-20,476.84027099609375,482.15862919169314,475.0080542234844,481.74268476278814,33918700
2024-06-21,475.56268310546875,477.9000055595881,474.067223499513,476.56298083013394,37456800
2024-06-24,470.14849853515625,476.0704901816445,470.0096401291118,474.3345633370376,37751000
2024-06-25,475.5249328613281,475.8225082162818,471.2991811880129,472.2415535989698,29014700
2024-06-26,476.5069885253906,477.0525837362834,474.28501169137144,474.70161721166807,22737100
2024-06-27,477.73699951171875,479.2150378931876,475.44557836994903,476.25899140241336,26222100
2024-06-28,475.2571105957031,483.282079612265,474.61234377682473,478.53059103888904,34881600
2024-07-01,478.0445251464844,478.60991833266274,472.4300379129382,476.1796388241986,24898300
2024-07-02,483.0638427734375,483.1233578470698,476.41771034430104,476.54666976122564,26723600
2024-07-03,487.0912170410156,487.22017646486796,482.309970721276,482.309970721276,18064900
2024-07-05,492.1700134277344,492.606477483476,487.63675691869634,487.9343625597004,28495900
2024-07-08,493.3404846191406,493.89597878606156,491.515285174663,492.5370009036956,22109400
2024-07-09,493.76702880859375,495.97910652165876,492.249333953524,494.85818889737385,25614500
2024-07-10,498.9153137207031,499.47080791979505,494.38208751798817,495.69144940318296,28046900
2024-07-11,487.9739990234375,499.2327308546622,486.7836673248715,499.0244281050416,49966600
2024-07-12,490.84075927734375,495.6021464847107,488.0831167175794,488.5493382781802,37109400
2024-07-15,492.1600646972656,496.98099738699784,490.1166331862592,492.61635700216624,31151400
2024-07-16,492.34857177734375,494.4316902312629,489.18422242492244,493.6182771718583,25950600
2024-07-17,477.8957214355469,484.8691868130836,477.82630736398596,484.3533794143371,56268800
2024-07-18,475.634033203125,481.80401449029495,472.4399265508185,481.6254692775221,49347400
2024-07-19,471.418212890625,477.81635549276973,470.1286793186739,475.29677314789285,42042900
2024-07-22,478.4412841796875,479.4629999102959,473.8683411563272,477.2906090401018,40300000
2024-07-23,476.7549743652344,480.53433291634104,476.27885377433194,477.5386298673129,23282500
2024-07-24,459.6535949707031,470.3766606771933,458.79059618135454,470.00964098720937,58818600
2024-07-25,454.584716796875,464.17696682601115,451.9659626404924,459.99090161165,59256800
2024-07-26,459.2469177246094,462.1831057036395,456.07263917765084,458.92948381548075,39992100
2024-07-29,460.16943359375,464.1471959279414,457.90776995790696,461.964875633635,28218500
2024-07-30,453.85064697265625,462.80802856311044,450.4978233175342,462.1037466972394,41317200
2024-07-31,467.2817687988281,468.9879381584773,462.659239832893,464.10749036668363,44552100
2024-08-01,455.9635314941406,471.7257322990173,452.3131324101359,467.96623233847004,56653900
2024-08-02,445.1412658691406,449.92251191215183,440.89568575875717,447.2640710604141,66323200
2024-08-05,431.8688659667969,438.7332304958826,420.04474037365134,421.29458720530823,87483500
2024-08-06,435.99542236328125,443.47479628382376,431.0653884921357,433.71393042413985,63164400
2024-08-07,431.273681640625,445.3892585731149,430.87690439120644,442.89943365435545,54929200
2024-08-08,444.46673583984375,445.3793204681867,433.63453853983486,437.51309889070006,47890100
2024-08-09,446.7879333496094,448.4246584601883,442.02651543354915,443.1474331355581,33574000
2024-08-12,447.7501220703125,450.7160675662323,444.94286325571886,447.7600513399567,27795000
2024-08-13,458.8600158691406,459.127863960262,452.01551026850075,452.15439894866176,40084500
2024-08-14,459.0088195800781,461.3696546201234,454.7136237077934,459.7825457496771,34733700
2024-08-15,470.6048583984375,471.0016356542181,464.6134219380081,464.9903709262572,38280600
2024-08-16,471.2099304199219,472.57883766047564,467.8571066619658,468.8193073837925,38383600
2024-08-19,477.39971923828125,477.439406043087,469.56325539416105,471.3487983444704,23737700
2024-08-20,476.3978576660156,479.0562983925834,474.70158733792226,476.48713027188967,29209300
2024-08-21,478.6198425292969,480.4747995624965,475.46542264592534,477.1814909972868,25658800
2024-08-22,471.0314025878906,481.63543918665164,469.99975748455006,480.94105627106063,37739600
2024-08-23,476.13995361328125,478.8579094947316,471.45790952519746,475.3860556663014,36061500
2024-08-26,471.5174560546875,476.5169343773704,469.4343375642225,475.5944204210187,27452600
2024-08-27,472.926025390625,473.99732698185517,467.91661806023484,469.88070629501414,27510000
2024-08-28,467.5595397949219,473.1839262716148,464.12737263361413,472.45981610378107,37372400
2024-08-29,466.87506103515625,474.0865864209413,465.59542645082763,469.4739867367905,41081500
2024-08-30,472.4399108886719,473.06484938482146,466.72625236422147,471.21982170300964,33466500
2024-09-03,458.0962219238281,469.5235696895021,455.71552825666635,469.39464054986547,44985200
2024-09-04,456.9058532714844,460.7149994098257,454.0490390759713,454.9814822083975,32505100
2024-09-05,457.33245849609375,461.6176953020326,454.25738174267235,455.2790975704819,34452400
2024-09-06,445.0817565917969,457.51099244826287,444.5857774590215,456.6281350612839,50624400
2024-09-09,450.8053283691406,451.79728659834745,446.2026579271455,449.4165929026836,32981200
2024-09-10,454.97161865234375,455.47752709594516,448.5933337522763,452.571066135042,29680300
2024-09-11,464.8514709472656,465.59543963584724,447.6509184999187,456.2115230534104,57843000
2024-09-12,469.4144592285156,470.2278722154321,463.0956903567234,464.8812030025853,40067800
2024-09-13,471.5174560546875,472.69788885687876,468.45230853147166,468.6804698391117,29111800
2024-09-16,469.4342956542969,470.04930490362483,466.11125985407887,469.3847098524462,22585600
2024-09-17,469.6823425292969,473.75930702921164,467.1826184221333,472.4598440316446,30084400
2024-09-18,467.6488037109375,474.97935949819004,467.0436934318543,470.8825973200617,39909200
2024-09-19,479.472900390625,482.3198458494959,476.625985203916,478.7289317416037,52782500
2024-09-20,478.5603332519531,479.8002810455393,474.45361162895745,478.6099190548314,34577700
2024-09-23,479.828857421875,480.9215509099298,478.39842782200384,479.739459361221,24843000
2024-09-24,482.1433410644531,483.0969506657902,476.9779279353997,481.2393869460607,25952600
2024-09-25,482.5903625488281,484.54726755271423,481.3387291034352,481.5175252200048,26549900
2024-09-26,486.2160949707031,490.4179856245254,482.57047911503713,490.09016242739943,32020200
2024-09-27,483.5141906738281,487.37834534141643,482.3320991127466,487.2392614802521,22851100
2024-09-30,484.825439453125,485.1631755800261,479.70968143362984,482.55065431475936,30281100
2024-10-01,478.0705871582031,484.755858164627,474.22631911696305,484.4578646399969,42735400
2024-10-02,478.74609375,480.6632561757568,474.5442031287082,477.166637111899,23744000
2024-10-03,478.3884582519531,481.3287721276597,475.80573659916814,476.5507507116233,25337200
2024-10-04,484.08038330078125,484.63665808683004,479.18316441320445,484.20952393231084,30686600
2024-10-07,478.8951110839844,483.33539671773843,477.6732769407057,482.16324837425714,24975100
2024-10-08,486.0472106933594,486.7326261243506,480.633459488425,481.43807233094464,28272000
2024-10-09,489.87164306640625,490.44780433240027,484.7062296918654,485.74923740089366,24995000
2024-10-10,489.3153381347656,491.18284505079606,486.275682942402,487.58691507255554,25750400
2024-10-11,490.0802307128906,491.10341258908966,486.9114650593824,487.47765277868115,20644500
2024-10-14,494.19268798828125,495.5138329915702,491.9675889028676,492.47417787856716,26060100
2024-10-15,487.5869445800781,495.1860830208678,485.43135691832794,494.5205236931824,34784500
2024-10-16,487.6465148925781,488.4213283685863,484.32872229968694,487.91470906379936,22996800
2024-10-17,487.9842834472656,493.1894394366644,487.9246847385858,493.13978395099934,27210700
2024-10-18,491.1828308105469,492.2755242206624,490.02059547553733,490.7755527979265,25335000
2024-10-21,492.1265563964844,492.93116924698734,488.0438631229109,489.97096880094847,30336500
2024-10-22,492.6629638671875,494.14307930498154,488.69949816726046,489.4544555633244,26685800
2024-10-23,485.1134338378906,490.9642924609656,481.8254406979766,490.3086764144524,39346600
2024-10-24,489.047119140625,489.7225913013746,486.18626020721416,488.8384933704842,22024900
2024-10-25,492.0272216796875,496.95424013060915,491.1431236657781,491.8484255582351,38762100
2024-10-28,492.10662841796875,495.20588214569585,491.80863491134136,495.14628344437034,20477800
2024-10-29,496.8350524902344,498.01714406315233,490.5670023757053,492.4245661860894,28014100
2024-10-30,493.08013916015625,497.0237483609991,492.59340631319196,496.07013879654005,29756000
2024-10-31,480.6334533691406,489.1564016466418,480.5341120892308,489.1067461640381,41245200
2024-11-01,484.1896667480469,487.48760340370893,481.9745106923199,482.27250423331776,33655800
2024-11-04,482.77911376953125,486.1267058425176,481.03080419194885,483.5837266285996,23291600
2024-11-05,488.9378967285156,489.6034560666507,484.27907230568377,484.3684703693668,24353600
2024-11-06,502.218994140625,503.04349344647574,496.27876735997705,497.2323769880433,43082200
2024-11-07,510.12603759765625,510.91082459330283,504.96062464380856,505.0202233472017,32853100
2024-11-08,510.72210693359375,511.49689011058246,509.0035664255928,509.62938315247885,22924500
2024-11-11,510.4241027832031,512.1525258483883,507.52350112496475,511.9439000672988,24167500
2024-11-12,509.500244140625,511.2386104698655,506.4407327396311,510.35457310077174,25835300
2024-11-13,508.84466552734375,511.5564976376752,506.55996758838785,508.993692609422,24567400
2024-11-14,505.3083801269531,509.38110027467957,504.39448267932823,508.50697572158094,28679500
2024-11-15,493.2688903808594,499.98393038226766,491.2027009075782,499.59653880271634,51461100
2024-11-18,496.69598388671875,498.8019161327518,493.42787679267917,494.8185638874519,27080800
2024-11-19,500.1130676269531,500.59983079705506,493.7754760256889,494.11324243543385,24523000
2024-11-20,499.8250427246094,500.13297948322725,493.2589688807076,499.81509950184636,29565500
2024-11-21,501.623046875,503.58986499429034,494.25235959531216,502.8746501378104,34526700
2024-11-22,502.4275817871094,503.1626526618241,499.4375821782811,501.06669422080716,23826600
2024-11-25,503.2222900390625,508.0499975204078,500.9077927392111,506.51028341338935,26375200
2024-11-26,505.9241638183594,506.74866305094287,503.8580047553698,504.7023298022819,26557100
2024-11-27,501.94085693359375,504.8613148407309,498.5932648539435,504.79180322557323,24957400
2024-11-29,506.351318359375,506.94733571598675,501.9507755832965,502.5666490697379,15334000
2024-12-02,511.86444091796875,512.8280240935795,507.2255030512657,507.61292496608064,25147200
2024-12-03,513.4339599609375,513.7121276862027,509.9572271715717,510.5333884386152,18597900
2024-12-04,519.7814331054688,520.0397143539412,516.145730442112,516.8609754862974,26086200
2024-12-05,518.3411254882812,520.5562815630917,517.9537035669423,519.8311538355152,18169600
2024-12-06,522.9801025390625,523.2184973917406,518.8775526658897,519.0066933159925,23762600
2024-12-09,518.9073486328125,522.8509279284456,517.7550260804971,522.05625826133,20674400
2024-12-10,517.13916015625,521.8874130414447,515.708730482615,520.1391033704008,24350000
2024-12-11,526.397216796875,527.0826322868602,521.1026928624702,521.5099406153433,32168600
2024-12-12,522.9998779296875,525.4435459095613,522.5230883255757,524.1720261260626,23577500
2024-12-13,527.003173828125,529.6255775680266,523.7946049815864,526.9336318983244,28780400
2024-12-16,534.5923461914062,535.5658725930556,529.4567322005172,529.5362173541923,31979900
2024-12-17,532.2380981445312,533.9069225697383,530.5792169420574,532.7943729529336,28579100
2024-12-18,513.0365600585938,533.3109115605209,511.58630471039754,531.5924317281934,54703200
2024-12-19,510.7519226074219,518.2914930567338,510.41421678616285,517.7252749840699,46441800
2024-12-20,515.2120361328125,521.3311197650482,505.9043609895219,507.0467099804337,60530000
2024-12-23,520.2316284179688,520.6097158217947,513.5256477193359,516.9283736265921,29672800
2024-12-24,527.285888671875,527.3754005322922,521.544984169561,522.1817693583913,17558200
2024-12-26,526.9276733398438,528.5594126577853,523.6542961736733,525.6541636548213,19090500
2024-12-27,519.9231567382812,523.7935423499296,515.2468608204825,523.3557601634299,33839600
2024-12-30,513.0081787109375,516.7392559298054,509.24725408886206,512.9087076093017,34584000
2024-12-31,508.6503601074219,515.0478768747514,507.6852534829822,514.2917628221544,29117000
2025-01-02,507.6553955078125,514.0330543562292,503.1581839494331,511.70483525262233,36389800
2025-01-03,515.9632568359375,517.0278648918753,509.9437973453937,510.7596061768049,29059500
2025-01-06,521.89306640625,525.2560152502887,519.3957832737171,521.3757317028955,36109700
2025-01-07,512.580322265625,523.3357710622589,510.68994636807815,522.93782595459,36690300
2025-01-08,512.669921875,514.3115593941594,507.99362634128687,512.4808782025573,30777800
2025-01-10,504.6307373046875,508.9985697107834,501.3772485549007,508.8990985985744,40532500
2025-01-13,503.0089111328125,503.4665814430954,497.1784956229263,498.6709265319041,31694200
2025-01-14,502.5313415527344,507.58572476161,499.0589618879038,506.1728767537031,33737200
2025-01-15,514.0926513671875,515.2368118248424,508.87907269881447,510.4411878483546,34957600
2025-01-16,510.49102783203125,516.4408334651224,510.36167895068803,516.3612201395633,28229000
2025-01-17,519.1072387695312,521.4254983632635,510.52078174278137,520.2116230255002,51837900
2025-01-21,522.15185546875,523.3159346639001,517.4357831491008,521.8334628963586,23628000
2025-01-22,528.8280029296875,531.1263442087582,526.5893564607029,526.8977897673428,33593000
2025-01-23,529.9522705078125,530.0716601200355,525.7834111540478,526.3703999596165,23096600
2025-01-24,526.9574584960938,531.0964401539385,525.4849461020708,530.3303669169458,19878300
2025-01-27,511.6153259277344,515.3762205263981,507.57578469223336,508.4215016777219,60771700
2025-01-28,519.1769409179688,520.3609385993179,509.1975535777298,512.6201673808628,33194200
2025-01-29,518.2018432617188,519.9529717965171,514.2916818236855,519.8236229347082,26649000
2025-01-30,520.41064453125,523.4452418932513,515.5951014840432,521.0673481367949,27431300
2025-01-31,519.654541015625,528.8380084054903,518.5601158260058,524.2611832325891,38755200
2025-02-03,515.49560546875,518.2217697288138,508.4712326155503,510.8790043064367,40580800
2025-02-04,521.8235473632812,522.4603325614203,515.6150434993738,516.0130494300054,26046800
2025-02-05,524.1915283203125,524.3507549789844,517.9929838870746,519.1869409184043,21134100
2025-02-06,526.9276733398438,527.136635565115,523.0871650426626,524.6989858456699,19434500
2025-02-07,520.2813720703125,529.415043264843,519.5550750224312,527.4649721275886,29605500
2025-02-10,526.579345703125,527.68372994529,524.0919609808617,524.5595601596075,20852800
2025-02-11,525.3257446289062,527.2459985319832,523.1766707420592,523.306019618235,19325500
2025-02-12,525.6340942382812,526.519617718122,519.316161732749,519.6643712810557,25009400
2025-02-13,533.1959228515625,533.5142547214782,526.5197590242208,527.3057508960864,28714800
2025-02-14,535.4345092773438,536.1210299534633,532.966982109474,533.3052931830399,17862600
2025-02-18,536.6483154296875,537.2751412860282,533.3351017214825,537.0064842826905,20565000
2025-02-19,536.7975463867188,538.0810150531318,533.7529898884638,535.8523280383527,19666900
2025-02-20,534.5191040039062,536.3796630770588,529.7732148425396,536.0115349648631,26550800
2025-02-21,523.4253540039062,535.6831930883143,523.0572259266131,535.6632745780284,47093800
2025-02-24,517.2467651367188,526.4003546841066,516.9085147616917,525.2163569171582,39268400
2025-02-25,510.7298278808594,516.6995522702492,506.86940125087983,516.6199389414479,48940000
2025-02-26,511.96356201171875,517.0378034598252,508.78965611060477,512.9286990343229,34457600
2025-02-27,497.7456359863281,516.4507897553704,497.5267448876785,515.5155305487389,52448000
2025-02-28,505.60577392578125,506.2126812749178,494.42247061966975,497.60633547937397,47654000
2025-03-03,494.5418701171875,510.4511747502602,491.08937854664106,508.93885561166286,44587200
2025-03-04,493.0494384765625,501.19811409825184,485.2788502299198,491.68635636601033,67875400
2025-03-05,499.4768371582031,501.08865768290207,488.7810823027222,493.69615719563,46323700
2025-03-06,485.7365417480469,496.06413848203505,483.74663380211234,491.1988293432897,57574300
2025-03-07,489.30841064453125,490.79088231087314,478.1052194724263,484.70176900659226,54714700
2025-03-10,470.3446044921875,481.527877477655,466.29513451841564,481.0105123404904,76668000
2025-03-11,469.2203063964844,476.39391614178453,464.65347123925363,469.96652188682117,68760800
2025-03-12,474.51348876953125,478.632582659648,469.40936974367503,476.7421760776683,46971100
2025-03-13,465.97674560546875,473.876682674001,464.07637985083835,473.84683526899994,46563300
2025-03-14,477.2396240234375,478.1350765220873,470.73261656970107,471.3395542793586,43563000
2025-03-17,480.33392333984375,483.3884393542646,475.3890008308422,477.1898651106022,41744400
2025-03-18,472.1454772949219,477.1898709733085,470.0262204273719,476.9908983924578,39072300
2025-03-19,478.46343994140625,482.8810077328089,472.4737974749432,474.40401064913135,40430300
2025-03-20,476.8416442871094,482.10492887042955,473.7771690886222,474.4736490056198,36780500
2025-03-21,478.4136657714844,479.1797694014654,470.52368803573967,471.6877671830669,42234900
2025-03-24,488.9121398925781,489.7591180442307,482.67442997651204,486.00252834320924,34567200
2025-03-25,491.7021789550781,491.86161264912084,488.67302999487,489.63957585890734,26035200
2025-03-26,482.65447998046875,491.40320144364296,481.1000396591842,490.54624924101137,34627100
2025-03-27,479.90435791015625,484.8466807759458,478.53924301933046,480.691552269481,33469800
2025-03-28,467.26953125,478.80826727024373,466.3826870366339,478.10080496658304,46363800
2025-03-31,467.2496032714844,468.1862267806507,455.70086298518777,460.2745390190723,53000300
2025-04-01,471.01611328125,471.94279304476703,462.76561033586444,465.6353253704141,41156200
2025-04-02,474.4538269042969,477.85168326885497,464.20047397854324,464.4595575234652,49894500
2025-04-03,449.0546569824219,458.43114021224955,448.5365202800929,454.8140661780558,70456300
2025-04-04,421.16436767578125,438.8012980453069,421.16436767578125,436.57926126906654,117088400
2025-04-07,422.1806945800781,441.5614201479207,400.95658358107875,407.20423705779143,161557000
2025-04-08,414.577880859375,441.56143170449565,408.33022721914836,436.59916084576554,101248100
2025-04-09,464.3399963378906,466.16346405948764,413.9501314972579,414.08964737996763,142876900
2025-04-10,444.590576171875,453.96705879904806,431.0888571820337,451.9442914367033,108384100
2025-04-11,452.7812805175781,454.166343503739,439.7578326035757,443.06601303442744,52483800
2025-04-14,455.8503112792969,463.3933212487255,451.0175825503904,462.80542667885953,43941200
2025-04-15,456.3584899902344,460.7328660655078,454.5250482813498,456.90654896754893,35404200
2025-04-16,442.59771728515625,451.00765441884926,436.2006038899139,447.43044650671294,48980600
2025-04-17,442.51800537109375,446.1549970317344,439.78774529190997,445.57707652380003,44837000
2025-04-21,431.567138671875,437.5158732469855,426.4055984325901,436.66892548782397,44149300
2025-04-22,442.89666748046875,445.9856002161295,436.06108861931057,437.2568260974721,52304400
2025-04-23,452.9407043457031,461.7292918835912,451.26669636006665,456.53786014306723,55801100
2025-04-24,465.6851806640625,465.99407392862616,454.20619851663224,454.8539073702654,45956100
2025-04-25,470.8766174316406,471.4047282191122,463.7321758428064,465.30653409695293,38697100
2025-04-28,470.7271423339844,473.1185867567387,464.36986487736374,471.34492884890216,33550800
2025-04-29,473.8360290527344,474.722873222181,467.91718654726753,468.4951374553907,30613100
2025-04-30,473.7762451171875,475.5000933242452,460.7826887017505,465.4659581608863,46810600
2025-05-01,479.964111328125,485.4445187613678,479.0274574431888,481.68795952250036,43316500
2025-05-02,487.0886535644531,489.1612611202772,483.10290255126364,484.8068330037864,39218100
2025-05-05,484.198974609375,487.2879376271539,482.37550695931134,482.87372581995743,28309500
2025-05-06,479.6950988769531,483.32211645922314,476.48656811897325,477.85168296536403,32786300
2025-05-07,481.5783386230469,484.06943292672264,475.08157562625235,480.3626833864985,38006300
2025-05-08,486.55059814453125,490.9448922772597,482.4452794741909,486.78973347402933,39577600
2025-05-09,486.231689453125,489.7889792214971,484.4680057301949,488.46370009577527,27767400
2025-05-12,506.0409240722656,506.0807900972725,499.69362038673546,505.1839717833884,45090600
2025-05-13,513.75341796875,515.5469939356469,506.60894520257494,507.34629948091947,53269600
2025-05-14,516.832275390625,517.3803039371103,513.9127203607696,514.9291062301362,47014500
2025-05-15,517.4002685546875,520.0707142555518,513.3347857660638,514.6800131330596,50153300
2025-05-16,519.6522827148438,519.8416083280616,515.2579579935311,518.8052741008747,48394600
2025-05-19,520.1504516601562,520.6686187239894,512.4081112969848,512.4081112969848,52536200
2025-05-20,518.4166259765625,519.0742480535203,514.819439905553,517.6194272172206,42517600
2025-05-21,511.21234130859375,521.1368820270468,509.41876573284907,514.4308762190406,71292800
2025-05-22,512.1690063476562,515.8658123150946,510.47504999969107,511.83019075096956,55607200
2025-05-23,507.4259033203125,510.01664731335114,503.77893784231316,504.3768065189935,58368100
2025-05-27,519.3632202148438,519.8515257666644,512.7568943253785,514.3113346789697,47226300
2025-05-28,517.0614624023438,521.8144897137478,516.543356152141,520.3198331572289,46637200
2025-05-29,518.077880859375,524.6045360691892,515.4771928839561,524.4551068947912,58513300
2025-05-30,517.2607421875,518.8251566212066,510.10632704393424,517.5895836462355,67662800
2025-06-02,521.34619140625,521.58532672364,514.1319313645083,515.3974267063834,44762800
2025-06-03,525.4215698242188,526.8564424978958,520.8280067740416,521.6949026792081,44070300
2025-06-04,526.8863525390625,527.9525481163902,524.0962784813655,526.1290501987006,41359300
2025-06-05,522.9205322265625,531.1511175724819,520.7981150051966,528.2913461648635,61031200
2025-06-06,528.0322875976562,529.9055954761677,526.3284179293108,528.1120196484558,42467000
2025-06-09,528.8095092773438,530.453595021937,527.1255271006693,528.2515065877924,33688700
2025-06-10,532.3070068359375,532.9945512832284,527.0059509616149,529.2777972976213,40664800
2025-06-11,530.5133666992188,534.8678553808483,528.221572163124,533.7119535961438,53701000
2025-06-12,531.7589111328125,532.735461425523,528.9490103653087,529.1981197879245,34104900
2025-06-13,525.0828857421875,529.9753685874628,523.8572258903529,525.8002917667119,55814400
2025-06-16,532.38671875,533.4628885796845,528.5604317387102,528.6102414640853,37622100
2025-06-17,527.1953125,531.4301730234594,526.0294365200667,529.8159487011125,42180900
2025-06-18,527.1055297851562,530.6528452992457,525.5212280185297,528.2115609532127,43983500
2025-06-20,524.9533081054688,531.6593145894406,523.0102423618315,530.3639576995934,61643500
2025-06-23,530.3511352539062,530.8698234247422,522.3706802794006,525.5229332044729,50666100
2025-06-24,538.4612426757812,539.3789778904177,534.9598085403529,535.5782888900031,45442000
2025-06-25,539.8377685546875,541.9825398600767,538.0621492513585,540.7355939583459,44804200
2025-06-26,544.885498046875,545.3344108269034,540.197029348474,542.0225146286602,43811400
2025-06-27,546.7509155273438,548.646236854107,543.2095402936434,545.9229263621712,57577100
2025-06-30,550.292236328125,551.4493754022211,547.6686571277671,549.9131598811205,45548700
2025-07-01,545.653564453125,549.3645072749528,543.3292401455354,548.386860243991,56166700
2025-07-02,549.4542846679688,549.6538082093174,544.7857260533864,544.8256064072416,36538300
2025-07-03,554.8610229492188,555.8386700313663,551.8284721476665,551.8284721476665,26443500
2025-07-07,550.6813354492188,552.9856893302406,548.2373089969742,552.1676854094138,45349300
2025-07-08,550.9906005859375,552.6565035476941,549.7535788954287,552.0280378347724,36153300
2025-07-09,554.8909912109375,556.2676245184426,551.7486628164066,553.1252961239118,43045500
2025-07-10,554.0929565429688,555.9384123345195,551.399540909487,555.5294408217566,34710900
2025-07-11,552.845947265625,554.432028356728,550.7011759598594,551.948121861809,39618600
2025-07-14,554.85107421875,555.5892564884584,550.2822471537012,552.6364665235913,36453300
2025-07-15,555.3598022460938,559.4298511098242,555.2999512724816,558.881207037374,43277700
2025-07-16,555.9284057617188,558.841315448374,550.2124247955553,555.9184813380132,52314700
2025-07-17,560.4273681640625,560.9361318466856,555.848616792518,556.6566353219689,40423800
2025-07-18,559.8887329101562,563.350225741294,558.6118309954545,561.7441739242998,50484700
2025-07-21,562.7916259765625,564.6770230188278,560.6867956545606,560.7167515850907,39595200
2025-07-22,559.8787841796875,562.9711860719661,557.2452194730795,562.9213204064853,43270600
2025-07-23,562.4324951171875,562.4723754700833,558.2128493506386,560.9661158513218,40215300
2025-07-24,563.6295776367188,564.8565530178993,561.9137482789852,563.7492795819054,42275500
2025-07-25,564.9862670898438,566.313034745678,562.8914220636111,563.5497827933865,30630800
2025-07-28,566.7518920898438,567.6496566103068,565.4849755661548,566.3528450456176,31498700
2025-07-29,565.8740844726562,570.7122106355441,565.1458874865731,569.3655332995753,45463300
2025-07-30,566.6322631835938,569.2258866472484,563.6694876691353,566.7918454902335,43433800
2025-07-31,563.6295776367188,573.2260691874027,562.4923482714106,573.1362622854951,64613600
2025-08-01,552.5267333984375,557.6541896674577,550.3320963877643,557.4646514509443,69400800
2025-08-04,562.7218017578125,562.9412959282934,557.5844204477802,557.6841517796104,47669800
2025-08-05,558.901123046875,565.1757328972536,558.3624034509684,564.0086085828399,48666600
2025-08-06,565.9339599609375,566.3728874107766,559.2603021929511,559.7391099978526,41823700
2025-08-07,567.8491821289062,571.9192306274066,563.72926797121,570.2732376717248,44463000
2025-08-08,573.146240234375,573.3657343884216,568.7570268998204,569.0562817589437,35255500
2025-08-11,571.4503784179688,575.39073988548,570.1735373972913,573.285909687358,33112900
2025-08-12,578.6328125,578.9320673642603,571.0912854904631,573.754745111433,42143300
2025-08-13,578.922119140625,581.8948188134602,577.5255153167782,581.336189461128,41209300
2025-08-14,578.4732666015625,580.4583950264449,576.4980626010837,576.867214657275,45425000
2025-08-15,575.929443359375,578.4233352453067,574.163748420605,578.383394008071,49480200
2025-08-18,575.699951171875,576.3583727113783,573.8345249533343,575.0316052093148,29831000
2025-08-19,567.88916015625,575.1513419461467,566.8616474345037,574.9817743394825,53752600
2025-08-20,564.5174560546875,567.061213891326,557.474707000813,566.9415119380282,76781100
2025-08-21,561.90380859375,565.1059268695744,559.6093793059084,562.9711407616691,46436900
2025-08-22,570.5725708007812,572.5876551514443,561.8938747848422,563.2904178641013,51502100
2025-08-25,568.9265747070312,571.8892890383006,567.7693747773127,569.0063962953644,34044700
2025-08-26,571.2109985351562,571.5202387152399,567.410309470112,568.4378222244122,34103000
2025-08-27,572.0888671875,573.0066024398417,568.9764946916996,570.1935457073605,36927100
2025-08-28,575.6701049804688,576.5878402039835,571.0613973569876,572.707329573353,46787900
2025-08-29,569.0064086914062,573.6251014295405,567.1509068169219,573.2559494077193,56030400
2025-09-02,564.2380981445312,564.5872186860805,558.1729354751159,559.9386305753824,65876800
2025-09-03,568.67724609375,570.30326864531,565.3453793937941,567.8392715420716,54230200
2025-09-04,573.8245849609375,574.1936761101587,567.6397814409955,569.3455646209001,47526300
2025-09-05,574.6525268554688,579.7001614686197,570.1336265339671,579.0716958584857,68342500
2025-09-08,577.4556884765625,579.4209069942706,576.3584003727692,576.9569100864685,46371400
2025-09-09,579.0917358398438,579.5206779783559,575.6301819149563,578.2537612972826,44007600
2025-09-10,579.28125,582.3437567038031,577.1364785105435,582.3138007742962,49308000
2025-09-11,582.6529541015625,583.4509873113628,580.1989426175462,581.814979655352,44745800
2025-09-12,585.2266235351562,586.423703827438,582.6728806584372,583.6105864506874,50745900
2025-09-15,590.234375,590.3440916306826,586.8526429792626,587.0023008473079,44360300
2025-09-16,589.7356567382812,591.4115449554772,589.0473400699651,591.1621557406676,36942100
2025-09-17,588.5585327148438,590.3042571762861,582.942282862292,589.6558208790498,69384800
2025-09-18,593.865478515625,596.6785957944177,591.5112592506033,593.4564461610391,61069300
2025-09-19,597.8856201171875,598.583922026821,594.3941714550525,595.8705968632576,58196100
2025-09-22,601.4251098632812,602.0942306490323,596.9508332125652,596.9708269829692,57154800
2025-09-23,597.4302978515625,601.7946700200599,596.2118359493293,601.5949151722127,64635500
2025-09-24,595.3329467773438,599.1281059107118,592.5964822123717,598.8085103543956,49850300
2025-09-25,592.7662963867188,594.354216296693,587.7427395490681,591.4379907146171,70920200
2025-09-26,595.203125,595.5327174506845,590.2994696097071,593.585214360816,54337400
2025-09-29,597.9595947265625,601.275330198043,596.6412858554952,598.3391106571707,48332900
2025-09-30,599.5974731445312,599.9370624727763,595.3329480316206,597.659966987958,46533800
2025-10-01,602.4737548828125,603.0130380816322,595.5726732971928,596.4015613877941,46899600
2025-10-02,604.9505615234375,606.378714165839,602.1541765957764,606.2788672228089,43765400
2025-10-03,602.4038696289062,606.5485541284623,600.6161947999731,605.7296019230981,46482100
2025-10-06,606.9280395507812,608.5758798079479,605.1902273252953,607.6670775886568,41962100
2025-10-07,603.732177734375,608.9254990082667,602.2541015785323,608.2363844032766,58209500
2025-10-08,610.6532592773438,610.9628579603992,604.481218431623,604.6309888518371,50629800
2025-10-09,609.9141845703125,610.8229867928995,606.6982962574127,610.6931491958702,45551000
2025-10-10,588.741455078125,612.3909772904724,588.2920219287263,610.6132994204178,97614800
2025-10-13,601.2353515625,602.1741444216893,596.4614731416003,598.9083327066105,65872600
2025-10-14,597.2305297851562,601.9144974152143,589.3706613014698,594.5439886761187,69203200
2025-10-15,601.445068359375,605.9193452011472,595.1631839173533,603.232804101606,62805500
2025-10-16,599.2179565429688,607.5272581453062,594.7337437778706,604.3313635356964,70982000
2025-10-17,603.1528930664062,604.7308770883808,595.6026232431807,597.1806072651552,72024900
2025-10-20,610.7530517578125,612.0114401498232,606.2888329883251,606.3587502275053,45761700
2025-10-21,610.5933227539062,611.9315643975107,608.5359758597962,610.8529979566828,44538200
2025-10-22,604.7108764648438,610.6232418416384,598.9682752728291,610.034035159382,61478800
2025-10-23,609.7943725585938,610.5833341066889,603.7421725102494,604.1316243630486,42844300
2025-10-24,616.305908203125,617.6242169779957,614.3384724044602,615.1973511503762,47632500
2025-10-27,627.2818603515625,627.7412294550786,623.2270868116484,623.7164465731967,54098600
2025-10-28,632.1055908203125,633.8633359425862,628.4403301580431,629.5488872669928,61195700
2025-10-29,634.9519653320312,636.190360053584,629.4390484873167,634.77220425535,67422800
2025-10-30,625.2444458007812,632.6848720357782,625.1346019679808,631.3565662863019,61628600
2025-10-31,628.2605590820312,633.3839629929544,625.883616641787,633.3539723359148,66305100
2025-11-03,631.2666625976562,635.001840248536,629.0394906897283,634.2927319253315,37154300
2025-11-04,618.4531860351562,626.1432903257465,617.6642245044198,622.478029730703,63830800
2025-11-05,622.47802734375,625.7937017112316,616.4158305661566,617.6941518361581,48688500
2025-11-06,610.8829345703125,621.2395864016282,609.5147022540025,620.9899080817669,72115100
2025-11-07,608.9553833007812,609.1651350193971,597.899620744235,607.5272307243642,81835400
2025-11-10,622.4280395507812,623.5066669290842,616.0962316788492,618.1235878797521,55919900
2025-11-11,620.7702026367188,621.9186863012081,616.7254261621581,619.7714893858831,44868800
2025-11-12,620.2808227539062,624.0559270220305,617.0150110236092,624.0359942081623,47444400
2025-11-13,607.6171875,617.324651379383,605.3001653620098,616.74538060573,71333600
2025-11-14,608.0765380859375,612.5607508498654,596.4015776914192,598.7785201159286,80087300
2025-11-17,602.8832397460938,611.6918983068232,599.098138309288,605.5198574697043,63850400
2025-11-18,595.542724609375,601.5350044005672,590.5791487748494,598.8484631892511,83327300
2025-11-19,599.09814453125,605.3800292662713,593.824969985886,596.3017594726007,73111500
2025-11-20,584.9163818359375,613.239936406368,583.997582698434,610.8330032979317,117743200
2025-11-21,589.3107299804688,596.2118116612933,579.992718365408,586.7140389774793,103344200
2025-11-24,604.3812866210938,605.8993502749281,594.3941540703303,594.5140557410294,60168100
2025-11-25,608.1065063476562,609.4747385807095,596.5513870928105,602.7334243546638,57560900
2025-11-26,613.4796142578125,615.3971266508202,609.6046019291258,611.7218691656304,42393600
2025-11-28,618.4531860351562,618.5231032781257,614.6280971828623,615.3172117702823,23034400
2025-12-01,616.3758544921875,618.642953131189,611.7318743402105,612.8404314452031,40957600
2025-12-02,621.1996459960938,622.9473941962435,616.7953473526289,618.6629362671166,54541800
2025-12-03,622.7177124023438,623.4167629201941,617.2347863490129,618.8227062993094,47841600
2025-12-04,622.138427734375,624.1358542129962,618.7427783380717,624.125857327544,47067800
2025-12-05,624.6751708984375,628.1107470640665,622.9074898206164,623.576610658964,53614200
2025-12-08,623.4767456054688,628.0308756502869,620.8900514312259,626.4029681537079,43462400
2025-12-09,624.2457275390625,625.0646797487918,620.2009509200387,622.2083743789747,37156000
2025-12-10,626.8024291992188,628.4004070267185,620.1909521392804,623.0472575003708,55031400
2025-12-11,624.7750854492188,624.9748403012362,616.9251525569541,623.0173402820615,58272800
2025-12-12,612.8304443359375,622.7376631081598,610.5733425467316,621.2795807165155,75158700
2025-12-15,609.75439453125,617.6242601897563,608.5359935678383,617.5743367162205,49538200
2025-12-16,610.9628295898438,612.7205746597449,606.1290306476157,607.4773301066649,55152800
2025-12-17,599.6373901367188,612.8604046495489,599.5076134954934,612.2711370165166,70654300
2025-12-18,608.3262329101562,612.1413249643276,606.1390483830863,609.015347513387,78875800
2025-12-19,616.2559814453125,616.825255296648,611.0826542701337,611.1625683957468,60369800
2025-12-22,619.2100219726562,621.6500244140625,617.77001953125,621.3499755859375,43703100
2025-12-23,622.1099853515625,622.4099731445312,617.780029296875,618.2000122070312,41120400
2025-12-24,623.9299926757812,624.280029296875,621.719970703125,621.989990234375,18468700
2025-12-26,623.8900146484375,625.52001953125,623.1400146484375,624.6599731445312,28959800
2025-12-29,620.8699951171875,622.780029296875,618.72998046875,620.0999755859375,32458300
2025-12-30,619.4299926757812,622.1799926757812,619.219970703125,619.8400268554688,31226800
2025-12-31,614.3099975585938,619.9600219726562,614.0499877929688,619.6500244140625,40746500
2026-01-02,613.1199951171875,622.8499755859375,610.1500244140625,620.0599975585938,61859200
2026-01-05,617.989990234375,620.8099975585938,616.719970703125,619.3200073242188,46828400
2026-01-06,623.4199829101562,624.02001953125,618.5399780273438,619.22998046875,43137500
2026-01-07,624.02001953125,627.9400024414062,622.5599975585938,623.0399780273438,44880300
2026-01-08,620.469970703125,623.4199829101562,617.7999877929688,623.030029296875,50435900
2026-01-09,626.6500244140625,627.8900146484375,619.0599975585938,621.4099731445312,49688700
2026-01-12,627.1699829101562,628.8499755859375,622.260009765625,622.3099975585938,37388700
2026-01-13,626.239990234375,629.469970703125,623.7000122070312,627.27001953125,44481400
2026-01-14,619.5499877929688,623.4500122070312,614.5599975585938,622.239990234375,72598700
2026-01-15,621.780029296875,630.0,620.75,626.5999755859375,53934900
2026-01-16,621.260009765625,626.0800170898438,618.8800048828125,625.5,61058100
2026-01-20,608.0599975585938,615.0599975585938,607.0499877929688,610.530029296875,81988900
2026-01-21,616.280029296875,620.4199829101562,607.8599853515625,609.469970703125,79837900
2026-01-22,620.760009765625,622.4600219726562,617.780029296875,622.3499755859375,42254800
2026-01-23,622.719970703125,625.4000244140625,618.6500244140625,619.72998046875,43645800
2026-01-26,625.4600219726562,627.6099853515625,622.1199951171875,623.2100219726562,35983000
2026-01-27,631.1300048828125,632.0399780273438,627.3400268554688,628.9099731445312,38997200
2026-01-28,633.219970703125,636.5999755859375,631.8099975585938,635.4600219726562,50691700
2026-01-29,629.4299926757812,633.6699829101562,618.27001953125,632.6500244140625,79944000
2026-01-30,621.8699951171875,628.260009765625,619.2999877929688,625.7100219726562,65650700
2026-02-02,626.1400146484375,628.489990234375,618.6599731445312,618.7000122070312,49020300
2026-02-03,616.52001953125,629.97998046875,610.9600219726562,628.2999877929688,81234000
2026-02-04,605.75,615.0999755859375,600.469970703125,615.02001953125,81850700
2026-02-05,597.030029296875,604.8099975585938,594.760009765625,600.2100219726562,89354500
2026-02-06,609.6500244140625,611.4099731445312,598.77001953125,600.1900024414062,78019300
2026-02-09,614.3200073242188,616.4600219726562,605.0700073242188,607.5399780273438,56797600
2026-02-10,611.469970703125,617.02001953125,611.010009765625,615.3099975585938,53938900
2026-02-11,613.1099853515625,617.52001953125,607.6900024414062,616.3800048828125,58575100
2026-02-12,600.6400146484375,615.8099975585938,599.5700073242188,614.7100219726562,81378900
2026-02-13,601.9199829101562,606.47998046875,596.4199829101562,600.4299926757812,69237500
2026-02-17,601.2999877929688,603.9500122070312,593.3400268554688,598.3800048828125,69013800
2026-02-18,605.7899780273438,609.77001953125,600.719970703125,602.1099853515625,64250700
2026-02-19,603.469970703125,605.8200073242188,600.75,602.8099975585938,60960800
2026-02-20,608.8099975585938,610.3499755859375,599.22998046875,600.1199951171875,74127300
2026-02-23,601.4099731445312,608.010009765625,599.0499877929688,606.6099853515625,63859100
2026-02-24,607.8699951171875,608.989990234375,599.72998046875,602.4000244140625,55023700
2026-02-25,616.6799926757812,616.8300170898438,611.0,611.0700073242188,55710700
2026-02-26,609.239990234375,615.5900268554688,603.97998046875,615.5900268554688,96178900
2026-02-27,607.2899780273438,608.3200073242188,602.1900024414062,602.97998046875,68125200
2026-03-02,608.0900268554688,609.9199829101562,597.989990234375,598.8599853515625,75264600
2026-03-03,601.5800170898438,603.9600219726562,591.8699951171875,596.3300170898438,97015500
2026-03-04,610.75,612.8800048828125,603.4299926757812,604.1599731445312,70687700
