Date,Close,High,Low,Open,Volume
2014-01-02,91.40877532958984,92.0126818298596,91.04810548120736,92.00429877240177,524500
2014-01-03,91.7526626586914,91.95396481753697,91.40038228089158,91.70233871880006,359800
2014-01-06,91.22428894042969,92.27274755513903,91.17395857541084,92.27274755513903,316900
2014-01-07,91.86170196533203,92.17204786630613,91.41715675534238,91.41715675534238,318700
2014-01-08,92.07142639160156,92.21402160729507,91.42557878832257,91.84496217725982,294600
2014-01-09,92.02947235107422,92.44885565096116,91.52621367106616,92.33981189745052,264600
2014-01-10,92.70886993408203,92.70886993408203,91.85333083013194,92.1468978560324,298600
2014-01-13,91.50102996826172,92.67530429107205,91.10681510780819,92.44045070636604,313100
2014-01-14,92.65855407714844,92.68371605309677,91.63525772670427,91.83655993357273,246300
2014-01-15,93.18695831298828,93.24567171292614,92.72564057041387,92.86822934179429,365300
2014-01-16,93.17855072021484,93.22049159741327,92.88498377766408,93.11983733170469,260300
2014-01-17,92.79273986816406,93.2289020518643,92.62498912014449,93.17857170803376,368200
2014-01-21,93.23728942871094,93.52246697383741,92.68370045389268,93.52246697383741,429100
2014-01-22,93.7237777709961,93.7741081183349,93.18696766077832,93.23729800811712,337400
2014-01-23,92.9940414428711,93.33793237020195,92.52432786507819,93.31277039982169,387800
2014-01-24,90.77972412109375,92.59145689269722,90.63712891649618,92.54951599735404,496800
2014-01-27,89.66413116455078,90.99776669454904,89.02666689649078,90.99776669454904,726900
2014-01-28,90.61195373535156,90.66227768300463,89.77318714496707,89.78996606037225,360700
2014-01-29,89.4712142944336,90.36869412600696,89.30346356675412,89.74800875445679,529600
2014-01-30,90.83002471923828,91.16553259786185,90.1254575342007,90.25966324536235,436300
2014-01-31,90.32677459716797,91.00617347580726,89.4041262443478,89.47961856379722,668200
2014-02-03,87.50015258789062,90.36035045630224,87.31562286744048,90.15904181620233,831600
2014-02-04,88.3472900390625,88.5653647538132,87.35754516680133,87.88596583616393,753900
2014-02-05,87.82723999023438,88.11242392962392,86.82072274372202,87.82723999023438,480200
2014-02-06,88.85893249511719,88.96796984550244,88.08726238707644,88.08726238707644,491800
2014-02-07,89.77317810058594,89.84867041374116,88.94280105156206,89.28669199134747,437900
2014-02-10,90.04999542236328,90.08354685902172,89.35381751008576,89.85707626139785,582100
2014-02-11,90.85517883300781,91.05648098306092,90.02480186466875,90.17578007702858,334800
2014-02-12,91.29973602294922,91.60169248738603,90.93906615705419,91.13198527572024,320600
2014-02-13,92.27272033691406,92.34820626325052,90.39387844608378,90.45259185521712,355800
2014-02-14,92.53275299072266,92.5914664106693,91.80302357200057,92.08820761122912,389000
2014-02-18,93.27082824707031,93.3630930700626,92.49916463593499,92.85144501502542,450400
2014-02-19,92.53275299072266,93.5224980693109,92.44048813090896,93.06117377024242,350100
2014-02-20,93.27921295166016,93.43019116347637,92.432057074287,92.51593883584708,214600
2014-02-21,93.58118438720703,93.84958942912785,93.30438988792841,93.5560224144146,193500
2014-02-24,94.18509674072266,94.74706879383265,93.65667611755251,93.71538952012696,393700
2014-02-25,94.23540496826172,94.64639871773241,93.83280067469693,94.27734584851133,333100
2014-02-26,94.65479278564453,95.15805137676148,94.11798276854911,94.32767438145451,282600
2014-02-27,95.1496810913086,95.1496810913086,94.3109145271025,94.42834133414887,341700
2014-02-28,94.91481018066406,95.66131177482823,94.4283241262506,95.0657819913994,478100
2014-03-03,94.45349884033203,94.7638447581527,93.5895703439413,94.1096014936161,546200
2014-03-04,96.32393646240234,96.65944432370755,95.33419819043628,95.50194892144879,360500
2014-03-05,96.3155517578125,96.46652997285327,96.10586014799367,96.36587569639939,339900
2014-03-06,96.2484359741211,96.63426771643064,96.14778171119194,96.50845148758901,215500
2014-03-07,96.3155517578125,96.83558285462395,95.82906568720558,96.81881034152167,417600
2014-03-10,95.9045639038086,96.26523377495779,95.35937076773173,96.18135840012143,237200
2014-03-11,95.09934997558594,96.28201389319116,94.78901044488347,96.01360885079069,328100
2014-03-12,95.37613677978516,95.37613677978516,94.24380329849981,94.69673797087005,218300
2014-03-13,94.20184326171875,95.76194912737535,93.79923901209851,95.76194912737535,374500
2014-03-14,94.48704528808594,94.83932567399373,93.95023525262253,93.95861830994387,371100
2014-03-17,95.14130401611328,95.7368275862908,94.9483848655546,95.0154877352517,268100
2014-03-18,96.32393646240234,96.37426680113025,95.21676499959129,95.3174192777669,218400
2014-03-19,95.67813873291016,96.36592732563595,95.10777699265337,96.29044137731309,268300
2014-03-20,95.88782501220703,96.02203077843002,95.1413230356203,95.50199303324065,194500
2014-03-21,95.63616943359375,96.66785521600815,95.51874261598971,96.22330992089552,1176300
2014-03-24,94.6380386352539,96.08071823585624,93.94186080949882,95.90457161547077,338300
2014-03-25,94.62039184570312,95.50955303042055,94.09192280967773,95.06497243806184,243700
2014-03-26,93.17761993408203,95.32503148985083,93.16083968142001,95.32503148985083,404500
2014-03-27,92.9343490600586,93.61380203619443,92.51493237853462,93.16922137774552,1149700
2014-03-28,93.14408111572266,94.13390499212449,92.95114657719172,93.03503505468744,274500
2014-03-31,94.7462158203125,94.82171414292858,93.4292478349853,93.79833652379726,252900
2014-04-01,95.6689682006836,95.76962413004152,94.79658054742667,94.83851838472846,627100
2014-04-02,96.18063354492188,96.23096149723645,95.70249239877153,96.03802701371313,409100
2014-04-03,95.42567443847656,96.2477274579135,95.0901398510413,96.20578963435281,275700
2014-04-04,93.71449279785156,96.1303313130167,93.37056794267781,96.03805910308192,406000
2014-04-07,92.1961898803711,93.52154190086569,91.6928846778786,93.32022365974359,349200
2014-04-08,92.85884857177734,93.16921921281781,91.7180347125574,92.38071382194182,391200
2014-04-09,94.09194946289062,94.10033958959188,92.85047950234771,93.11051583196314,284000
2014-04-10,91.80191802978516,94.07515549564458,91.43282933134047,94.05837524582974,415400
2014-04-11,90.5017318725586,91.82709013450314,90.19975134705754,91.07213882075051,688600
2014-04-14,90.86244201660156,91.69288536729164,90.09910688005391,91.34896696944688,219700
2014-04-15,91.34896850585938,91.6677229287098,89.56224907306738,91.23991605609586,464100
2014-04-16,92.40589141845703,92.4310553967635,91.5754417355976,91.98647471390657,638100
2014-04-17,92.75819396972656,93.05178436413833,92.07035087433732,92.27166908767815,214200
2014-04-21,93.13569641113281,93.20280463712005,92.33041689866396,92.8337157939829,380200
2014-04-22,94.008056640625,94.22615511136647,93.2195512154918,93.32021352501651,290400
2014-04-23,93.58025360107422,94.11710647395437,93.50476166572751,93.84029631122537,237300
2014-04-24,93.42924499511719,94.20936017289104,92.72462813766457,94.1338682523596,167000
2014-04-25,92.00324249267578,93.23632854661972,91.79353415424424,93.23632854661972,493600
2014-04-28,91.55028533935547,92.67432552853344,90.39269744285119,92.27168264291065,350900
2014-04-29,91.91935729980469,92.28005588558693,91.57543256461656,92.00323935235606,251400
2014-04-30,92.43103790283203,92.50652982346347,91.18117175197764,91.75996874264457,254200
2014-05-01,92.59044647216797,93.15246982377941,91.79355714644173,92.53172837869121,400800
2014-05-02,92.7833480834961,93.5131353289919,92.41425939844672,92.66591193821492,155800
2014-05-05,92.69950103759766,92.88404544980119,91.64256893120891,92.10392996171775,250100
2014-05-06,91.5754623413086,92.5988403546521,91.50835411753042,92.43107619499914,196000
2014-05-07,91.7180404663086,91.82709290367805,90.44301652002457,91.70126661429302,253000
2014-05-08,91.0721664428711,92.5317351589518,90.78696608216944,91.64257356406706,245700
2014-05-09,91.4579849243164,91.4579849243164,90.51010568993414,90.93791242394276,189200
2014-05-12,93.12728118896484,93.37054364277486,91.8942014676251,91.9361392977221,191500
2014-05-13,92.54013061523438,93.4209085324285,92.50657650031533,93.16086574175414,198500
2014-05-14,91.49156188964844,92.40589365559566,91.35735186883441,92.32200519282182,1242600
2014-05-15,90.8372802734375,91.08892648298199,89.69646620408572,90.81211629246222,479800
2014-05-16,91.3405990600586,91.3405990600586,90.25011271426887,90.91279209058193,209800
2014-05-19,92.08712005615234,92.32199235977228,90.9295323884011,91.02180456479326,288300
2014-05-20,90.96308898925781,91.89419450405248,90.51850834521524,91.89419450405248,278700
2014-05-21,91.44125366210938,91.70129003340108,90.71146611713236,91.3489814529815,198800
2014-05-22,92.02000427246094,92.33876500092714,91.37410549073005,91.5838138016516,372000
2014-05-23,92.85884857177734,92.90079279887138,91.96129715016362,92.03679547897477,149900
2014-05-27,93.80672454833984,94.00804273782562,93.24470780280589,93.32019972394185,359700
2014-05-28,93.52152252197266,93.78994892111113,93.14405009811205,93.64734879652292,249000
2014-05-29,93.90738677978516,93.93255715498542,93.36215024646145,93.84866870389844,255000
2014-05-30,93.59703826904297,93.94934678353128,93.32022169346298,93.90740255094352,188400
2014-06-02,93.59703826904297,93.9577369100071,92.81692290136662,93.9577369100071,276700
2014-06-03,93.48799133300781,93.68092585457228,92.94275467598699,93.29506321123507,273600
2014-06-04,93.95773315429688,94.05000534246852,93.05179152486122,93.20278179643383,182300
2014-06-05,95.35021209716797,95.42571044773072,93.70609903809184,94.18423392568137,262300
2014-06-06,96.09674072265625,96.30644904748732,95.56827804800642,95.82831432286409,897300
2014-06-09,96.57489776611328,97.01948489332472,95.95416277310031,96.09676293099125,186100
2014-06-10,96.38197326660156,96.49940944807453,96.00449434061686,96.36519301222434,165000
2014-06-11,96.06319427490234,96.13030248014363,95.6102298890004,95.96253836683111,220100
2014-06-12,95.49280548095703,95.92900249814589,95.19083129955418,95.90383851634499,157900
2014-06-13,95.80317687988281,95.92900318958623,95.08177953069467,95.56830451499215,145300
2014-06-16,96.06319427490234,96.16385658276427,95.48440360412066,95.78638412791575,213700
2014-06-17,96.75943756103516,97.1201362019564,95.86188602196948,95.92899423418538,290100
2014-06-18,97.35501861572266,97.37179887040813,96.43230300157437,96.75944757022884,182900
2014-06-19,97.52278137207031,97.71570948699517,97.0194825681814,97.57310933252175,211900
2014-06-20,97.7828140258789,97.79120415223599,97.35500717874515,97.63182375040766,219000
2014-06-23,97.65699768066406,98.059640589546,97.51439751701935,97.90865029868927,281400
2014-06-24,96.81815338134766,98.2190036796716,96.7342713179362,97.48922268822167,653300
2014-06-25,97.4808120727539,97.48920219726891,96.26450640946138,96.27289013418653,511800
2014-06-26,97.38018035888672,97.48084268530894,96.60007132833398,97.47245255815912,190400
2014-06-27,97.9338150024414,97.94220512971528,96.99431914131942,96.99431914131942,466600
2014-06-30,98.24419403076172,98.26935801492168,97.56473445948053,97.7744428605368,360200
2014-07-01,99.02427673339844,99.61145750191461,98.54614199338086,98.73907007455458,501300
2014-07-02,98.68036651611328,99.28432762389687,98.54615649204544,99.08300938789945,282800
2014-07-03,99.1333236694336,99.24236969893049,98.8565071332602,99.00749738937382,1166000
2014-07-07,97.96736907958984,98.98235688646757,97.90026086100488,98.83136659454738,263900
2014-07-08,96.9439926147461,97.82477039759513,96.48263160472193,97.75766217799305,365100
2014-07-09,97.12852478027344,97.43889545698136,96.76782614510148,97.20401671796952,231800
2014-07-10,96.41551971435547,96.94398248899195,95.17404338055701,95.45085995765814,251900
2014-07-11,96.27291107177734,96.50778981075048,95.90382871011634,96.40712749404771,436200
2014-07-14,96.67556762695312,97.24597470278279,96.54135118567923,97.13692864409188,772700
2014-07-15,96.06319427490234,96.97752597189046,95.57667578637975,96.6587715966804,235700
2014-07-16,96.0296630859375,96.60007012899783,95.64379403933897,96.5497357665157,228400
2014-07-17,94.7462158203125,96.08835417970506,94.6036156995588,95.37534077635652,253600
2014-07-18,96.04644012451172,96.0883843613388,94.88046201838966,94.9140161278929,170000
2014-07-21,95.6605453491211,95.78637161756707,95.14885655062002,95.48439113321267,374700
2014-07-22,96.28129577636719,96.62522053922461,96.00447922086596,96.1219153838439,340900
2014-07-23,96.38197326660156,96.67556372028396,96.05482870395663,96.46585533911198,144100
2014-07-24,96.4071044921875,96.81813098768862,96.23095027982988,96.6587570240068,165100
2014-07-25,95.71089935302734,96.07159800754822,95.50958110858059,95.75284358719156,246200
2014-07-28,95.39213562011719,95.97093271616272,94.78817454594638,95.77799821755055,167200
2014-07-29,95.26630401611328,96.0044750657103,95.24953016489566,95.66894684303296,136200
2014-07-30,95.4676513671875,95.89545830139909,95.12373291403931,95.8283500764654,174500
2014-07-31,93.31184387207031,94.78819273672573,93.31184387207031,94.56171049034302,419600
2014-08-01,93.06856536865234,93.71447068579357,92.38072222039499,93.38732616404867,558500
2014-08-04,93.75640106201172,93.8570633683104,92.55686911106237,93.38731873849771,639800
2014-08-05,93.32862091064453,94.09195609972214,92.85886977911248,93.2782865466781,325700
2014-08-06,93.47959899902344,93.97450764823948,92.76658546741353,92.76658546741353,442800
2014-08-07,93.10211944580078,94.04161517964063,92.8253092811849,93.66414270075191,502500
2014-08-08,94.02481079101562,94.07514513512668,93.08532169813554,93.20275783474555,234200
2014-08-11,94.72107696533203,95.25792989154229,94.28488636270808,94.4526505022269,190600
2014-08-12,94.20936584472656,94.90559901945198,93.84866726985112,94.46101839456159,201700
2014-08-13,94.96432495117188,95.09015123649944,94.36875402706484,94.51974428949977,138900
2014-08-14,95.2579116821289,95.31662975971517,94.90560321661133,94.99787539564552,210900
2014-08-15,95.21598815917969,95.87866736280014,94.4274826561746,95.79477889668276,299500
2014-08-18,96.46582794189453,96.46582794189453,95.7360406787575,96.03802117386316,250300
2014-08-19,96.91880798339844,97.01947029135503,96.59166348227788,96.59166348227788,162200
2014-08-20,96.90201568603516,97.0110681060459,96.3819431590544,96.48259905470749,377000
2014-08-21,97.05302429199219,97.15368660648076,96.29807933259674,96.79298797930225,308100
2014-08-22,97.03626251220703,97.2962988572493,96.55812765853375,96.96915429419873,433400
2014-08-25,97.38856506347656,97.71570960639367,97.13691886112038,97.53955534480689,238100
2014-08-26,97.99254608154297,98.10998227977402,97.49763730325395,97.53957514559771,159800
2014-08-27,97.79959106445312,98.11835187849287,97.64021705722473,98.07640764513245,185200
2014-08-28,97.48921966552734,97.65698378714865,97.05302270964634,97.43889170899917,150500
2014-08-29,98.03448486328125,98.10158668725235,97.37180555314913,97.66539603237413,408900
2014-09-02,98.39518737792969,98.64683362710268,97.93382632142345,98.25258079695966,311900
2014-09-03,98.0093002319336,98.89846806806146,97.90864431071304,98.86491396105744,237300
2014-09-04,97.63182067871094,98.64680834308191,97.43050245101358,98.17706367852439,150600
2014-09-05,97.9505844116211,97.96736466540725,97.13692129716004,97.55633804473018,212100
2014-09-08,97.94219207763672,98.24417262133335,97.48922126209176,97.87508386797276,277100
2014-09-09,97.03626251220703,97.86670591073602,96.88527222158432,97.86670591073602,226200
2014-09-10,97.38856506347656,97.4221191704157,96.62522992993382,96.9775384531074,191500
2014-09-11,97.90023803710938,97.95056598941895,96.75942418629558,96.91041444301477,219800
2014-09-12,97.0111083984375,97.90866010627435,96.70912778647438,97.90866010627435,470200
2014-09-15,96.13872528076172,97.04466716005274,95.93740699640578,97.0278869031439,258700
2014-09-16,96.67556762695312,96.85172190628097,95.83673406836785,96.0128883476957,178600
2014-09-17,96.80138397216797,97.34662700905812,96.37357710940289,96.75943973864122,251000
2014-09-18,97.15369415283203,97.30468443639741,96.94398578120186,97.15369415283203,177800
2014-09-19,96.33162689208984,97.69053933657248,96.08837083207776,97.69053933657248,448400
2014-09-22,94.96432495117188,96.0128666625837,94.77978058599687,96.0128666625837,409600
2014-09-23,94.15064239501953,95.11530191459799,94.14225867034976,94.64555734149815,241900
2014-09-24,94.7462158203125,94.88043221616776,93.78156267421035,94.20936303647147,289800
2014-09-25,93.35376739501953,94.5784633587859,93.08534097008157,94.53651912997434,461800
2014-09-26,94.0164566040039,94.14228290412822,93.34538726986851,93.68092193693622,561700
2014-09-29,93.98291778564453,94.15907207455724,93.02664798880838,93.04342184498422,262900
2014-09-30,92.8001480102539,94.00807030091,92.8001480102539,93.91579810371869,256100
2014-10-01,91.50834655761719,92.80015095955919,91.25670033892735,92.70787875943533,578400
2014-10-02,92.04520416259766,92.33879461207829,90.59401936974793,91.39090864687991,594700
2014-10-03,92.74141693115234,93.11050566822071,92.2632821580369,92.71625295358693,694900
2014-10-06,92.23810577392578,93.07693904549636,92.02000733137625,93.01822097247802,443400
2014-10-07,90.7365951538086,92.02000905944678,90.71143117915531,91.75158266349493,287400
2014-10-08,92.18782043457031,92.22137454891657,89.82230977139912,90.59403520198423,526500
2014-10-09,89.98168182373047,92.03682808336112,89.96490796682497,92.03682808336112,312500
2014-10-10,88.48853302001953,90.35913430621547,88.4214312122808,89.7551732380304,605000
2014-10-13,87.48193359375,89.09249214050698,87.4399893650132,88.62274749765055,543800
2014-10-14,88.35433197021484,89.44481165416545,87.88458086963173,88.23689579501696,860900
2014-10-15,88.74018096923828,89.1679877701847,86.56759926228231,87.49032106820411,1206100
2014-10-16,89.75519561767578,90.18300254760848,87.57422952748516,87.6077836396164,832100
2014-10-17,90.04875946044922,90.97986499732164,89.62095265707228,90.97986499732164,1021400
2014-10-20,91.03860473632812,91.04699486382326,89.7887445308237,89.7887445308237,718700
2014-10-21,92.9343490600586,92.9679031625554,91.51671862857452,91.53349887971827,865400
2014-10-22,91.82710266113281,93.420887563185,91.74322059255988,93.11051686969438,391000
2014-10-23,93.2698974609375,93.81513410761606,92.48978206209041,92.67432645318416,453200
2014-10-24,93.47120666503906,93.52992474745389,92.80852750647679,93.3202163960022,300800
2014-10-27,93.32862091064453,93.34539476543868,92.33879708319799,93.0098600714278,218700
2014-10-28,95.33340454101562,95.35856851571029,93.52991169034688,93.78994796191188,329300
2014-10-29,95.14888763427734,95.89544896454625,94.40232630400843,95.5263601631398,555600
2014-10-30,95.6605453491211,95.92897173523724,94.59522352937367,94.77138414507196,346800
2014-10-31,96.99430847167969,97.3466233807148,96.37357351732747,97.3466233807148,519200
2014-11-03,97.04464721679688,97.5982739849503,96.74266665242534,97.28790969364013,503300
2014-11-04,96.48261260986328,97.00269160970153,96.03803194216177,96.85170134521887,880100
2014-11-05,96.65877532958984,97.20401191880762,96.29807671222632,97.16207408875523,320300
2014-11-06,97.17047882080078,97.17047882080078,96.47425181334684,96.7342881751745,472700
2014-11-07,97.37179565429688,97.46406785264324,96.80977873694495,97.25435947454548,664200
2014-11-10,97.6989517211914,97.83316177109232,97.30469889995753,97.53118115907456,273500
2014-11-11,97.68214416503906,97.75764249683964,97.39694388883657,97.64859646178412,295200
2014-11-12,98.0093002319336,98.12674280634346,97.20402086321155,97.25435522361336,202400
2014-11-13,97.48921966552734,98.28610884291504,97.22918335707703,98.07640049099291,532200
2014-11-14,97.42210388183594,97.74085824804784,97.07818553931659,97.51437606149027,239000
2014-11-17,97.01947021484375,97.53115268046184,96.85169970171506,97.29628036187238,209800
2014-11-18,97.58149719238281,97.90864172730065,97.31307074322483,97.3885626821483,315600
2014-11-19,96.93560028076172,97.50600733481079,96.37358335391993,97.45567937115091,284000
2014-11-20,97.749267578125,97.749267578125,96.46585333596964,96.49940744423543,554400
2014-11-21,98.00093078613281,99.13335486342628,97.71572403493283,99.13335486342628,795900
2014-11-24,98.92362213134766,98.92362213134766,98.17706092477698,98.2273888803419,397400
2014-11-25,98.93199920654297,99.40174379595814,98.5125825660537,99.04104522914577,999700
2014-11-26,99.12495422363281,99.1333443506646,98.79780966710268,98.890081865077,191800
2014-11-28,98.01769256591797,99.0830146879636,97.85831855379928,99.0830146879636,298400
2014-12-01,96.55809020996094,97.7576219425237,96.54130996207087,97.71567772258796,445400
2014-12-02,97.329833984375,97.59826040426607,96.65038100897993,96.65038100897993,450100
2014-12-03,98.1602783203125,98.35321281167188,97.23756289158972,97.3549990516204,383000
2014-12-04,97.84992980957031,98.14352025687612,97.41373280232303,98.06802831319395,254300
2014-12-05,98.2273941040039,98.42871233676048,97.94219380758135,98.18545627206653,350000
2014-12-08,97.24595642089844,98.68875089439177,96.8852578025251,98.0092914878149,383000
2014-12-09,98.13511657714844,98.18545093244367,96.04642322643637,96.32323978129207,594400
2014-12-10,96.13872528076172,97.93382878243492,96.04645306714173,97.83316644036051,480500
2014-12-11,96.55809020996094,97.60663171046022,96.34838190986109,96.5497000860159,368800
2014-12-12,95.2914810180664,96.21419655613475,95.24954318439464,95.62701568639802,618200
2014-12-15,94.46101379394531,96.01285404290688,94.12547921043716,95.76959162985823,836400
2014-12-16,94.1842041015625,95.67732638649737,93.94933179603885,94.23453205280603,1214700
2014-12-17,96.75104522705078,96.75104522705078,94.31004326146254,94.44425328304078,796800
2014-12-18,98.26933288574219,98.26933288574219,97.254345252155,98.03446056058692,1366700
2014-12-19,98.65519714355469,98.91523345082764,98.03446221661713,98.31127237605988,795300
2014-12-22,99.12659454345703,99.12659454345703,98.52247616257509,98.74370471483732,1444300
2014-12-23,99.38182830810547,99.8412933650216,99.20313951841554,99.56901465013514,910000
2014-12-24,99.56900024414062,99.78171816223254,99.2371608112481,99.51795002112199,247900
2014-12-26,100.08805847167969,100.33481209973264,99.90937615308354,99.90937615308354,315900
2014-12-29,100.55604553222656,100.78577809834287,100.14762414712929,100.28376677270761,853200
2014-12-30,100.0370101928711,100.62411388805891,100.01999561099264,100.46244614784487,569800
2014-12-31,99.26271057128906,100.6070831258962,99.22016438323396,100.45392593718945,576000
2015-01-02,98.93940734863281,99.98598289429326,98.13108144539221,99.76475432929433,622800
2015-01-05,97.41632080078125,98.42886042650194,97.04194158375468,98.37781019046135,596400
2015-01-06,96.17405700683594,97.70562913796776,95.43380255315381,97.6375578228868,569400
2015-01-07,97.33123016357422,97.33123016357422,96.45483319888453,96.88877965897913,503400
2015-01-08,98.87983703613281,98.93939781809071,98.0034398909073,98.08001525700816,406600
2015-01-09,98.04598236083984,99.1180763953191,97.79922870449961,99.1180763953191,447400
2015-01-12,97.58650207519531,98.2416705938714,96.9058019460763,98.2076349382517,402300
2015-01-13,97.56950378417969,99.19467263840268,96.50591364135492,98.30125432177425,900500
2015-01-14,97.21212768554688,97.31423466430704,96.09748742354451,96.56546313667576,428200
2015-01-15,95.74009704589844,97.69710488406677,95.68904681257409,97.52693311189431,397800
2015-01-16,97.23767852783203,97.3227644534859,95.57848025684135,95.58698430525872,855000
2015-01-20,96.7951889038086,97.5354433001887,95.99536724261525,97.37378205393279,658500
2015-01-21,96.99089050292969,97.46738320305374,96.24212553364575,96.53141887690168,343100
2015-01-22,98.77774047851562,98.78625101730425,96.69310639839865,97.6375749631247,584700
2015-01-23,98.59908294677734,99.09259045458631,98.39487540589252,98.82031156952631,474000
2015-01-26,99.57754516601562,99.57754516601562,97.9098368912553,98.53097628290381,383100
2015-01-27,99.04149627685547,99.46693225184914,98.19913486402658,98.59053518202423,447300
2015-01-28,97.60352325439453,99.6030710928333,97.44185550218289,99.50097061071055,603300
2015-01-29,98.6330795288086,98.6330795288086,97.12703896273771,97.88431451455276,430300
2015-01-30,97.13555145263672,98.32676706934112,97.01642339932803,98.02045262743476,426600
2015-02-02,97.95237731933594,98.02895267579963,96.02089443445388,97.32272742743703,549900
2015-02-03,99.790283203125,99.83282940663685,98.2757318377083,98.2757318377083,650600
2015-02-04,99.3563232421875,99.9008873090657,99.17764089640302,99.42439456200206,447800
2015-02-05,100.590087890625,100.73473457121106,99.58605868082147,99.66263404408298,386000
2015-02-06,100.31778717041016,100.97295560434873,99.98594768558407,100.74322307317556,718100
2015-02-09,99.71369934082031,100.53053574394634,99.55203157120083,100.06255351169976,249500
2015-02-10,100.35185241699219,100.45395290911947,99.27124126996202,100.19869518716267,466100
2015-02-11,100.30077362060547,100.52200212429183,99.72218048978996,100.25823392212087,292700
2015-02-12,101.44947052001953,101.50052076224429,100.6326276945947,100.9049064725236,534300
2015-02-13,101.98551940917969,102.06209477392156,101.32184028153043,101.68771550467531,292100
2015-02-17,102.16422271728516,102.31737996983698,101.68773637229707,102.08764733682902,520900
2015-02-18,102.4534912109375,102.4619952561757,101.78980565901614,101.94296286459222,309400
2015-02-19,102.40245056152344,102.63218965178214,101.98552507206693,102.25780387010934,301200
2015-02-20,102.96402740478516,102.97253145120766,101.6621942219094,102.2663125914696,278700
2015-02-23,102.93848419189453,102.93848419189453,102.22374842806421,102.7172556826569,379500
2015-02-24,103.0490951538086,103.21926693521407,102.65769486326614,102.99804491771442,366800
2015-02-25,103.13420104980469,103.34691906364183,102.81087200576212,103.00656894317467,267300
2015-02-26,103.1682357788086,103.30437842242074,102.78534595401689,103.14271065604095,294100
2015-02-27,102.76834106445312,103.20228769476819,102.7428159376651,103.11720177492826,283300
2015-03-02,103.5085678100586,103.55110751002547,102.7427818026431,102.82786769421428,549100
2015-03-03,102.98954010009766,103.2362937409838,102.62366490728547,103.22778320394974,562500
2015-03-04,102.58963775634766,102.71726985588955,102.01955506891719,102.57262317250658,320900
2015-03-05,102.73426818847656,102.89593592176506,102.30883225172761,102.77681437880634,393500
2015-03-06,101.4239273071289,102.57260955891287,101.22823040655767,102.24927408410187,333700
2015-03-09,101.73026275634766,101.89193052720164,101.37289804443344,101.71324817124453,298800
2015-03-10,100.54753875732422,100.94744962037657,100.3263167199387,100.904903425382,402800
2015-03-11,101.13463592529297,101.24524693680402,100.33481425111886,100.8878822919491,264300
2015-03-12,102.53858947753906,102.5896397216785,101.60263154903188,101.69622149940807,449800
2015-03-13,102.00252532958984,102.61515416204514,101.13463881136997,102.43647183451863,438900
2015-03-16,102.8703842163086,102.93845550658763,102.32582687734738,102.53854479074272,293200
2015-03-17,103.15117645263672,103.18520560714116,102.50451215924498,102.65766932105787,322000
2015-03-18,104.15524291992188,104.47857193760495,102.58963509006502,102.87042440343188,318500
2015-03-19,104.0531005859375,104.19774721640822,103.68722549662954,103.94248960233682,1172800
2015-03-20,105.03164672851562,105.09120751166914,104.25735005588152,104.59770017031806,521100
2015-03-23,104.87849426269531,105.2358589778394,104.85296913899056,104.98059475751431,315100
2015-03-24,104.61471557617188,104.95506569328063,104.46155834805485,104.80190846516362,1311600
2015-03-25,102.5990219116211,104.8037168131556,102.5394359139789,104.7271025336804,428100
2015-03-26,102.37767791748047,102.81180809040453,101.81586812991871,102.31809193252111,459300
2015-03-27,102.96502685546875,102.99907691642022,102.03718704848518,102.3521387471124,346300
2015-03-30,104.33552551269531,104.48874756115514,103.5098292790166,103.62049361614012,439800
2015-03-31,104.32697296142578,105.46762701207821,103.6885490769633,103.95243536538864,536800
2015-04-01,103.81625366210938,104.1652618984776,102.9139498227336,103.98650395828341,1595000
2015-04-02,104.16527557373047,104.5908916284651,103.75668130365557,103.79073136736062,453400
2015-04-06,104.82070922851562,104.93988119040652,103.42468925117808,103.68006145202135,466600
2015-04-07,104.11419677734375,104.97394302258965,104.11419677734375,104.76964913563513,287700
2015-04-08,104.7951889038086,104.91436088343566,104.08866467145822,104.25891499548676,407100
2015-04-09,104.56533813476562,105.0079824216625,103.78220623565258,104.79517441683494,322700
2015-04-10,104.93989562988281,105.09311767259479,104.71857345832424,104.85477371601743,414200
2015-04-13,104.7951889038086,105.35699873713826,104.76113883900288,105.01651107785278,399600
2015-04-14,104.87178039550781,105.05054483157768,104.13972035181575,104.9398805145454,456700
2015-04-15,105.5698013305664,105.89327368235674,105.11864936031725,105.25484961252064,282900
2015-04-16,105.39956665039062,105.67196068403508,105.08460841064488,105.4421308564919,339900
2015-04-17,103.95245361328125,104.8802933709363,103.55237353635303,104.8802933709363,423000
2015-04-20,104.78665161132812,104.9909454606377,104.38657155624128,104.49723586600493,350400
2015-04-21,104.73558807373047,105.24632598467666,104.63343789378727,105.16120408191644,938700
2015-04-22,104.95690155029297,105.04202344602481,104.11417724771002,104.80367954022192,399200
2015-04-23,105.54424285888672,105.74854319354603,104.83772530827157,104.85474708896781,262600
2015-04-24,105.24634552001953,105.67196160720641,105.1271735351581,105.67196160720641,466500
2015-04-27,104.27593994140625,105.84220400362902,104.08866782649135,105.48468805391113,440000
2015-04-28,104.676025390625,104.71007545818476,103.42471300894582,104.31850942282703,638400
2015-04-29,103.9269027709961,104.45466890331257,103.67153708972104,104.2333467840335,323700
2015-04-30,102.19892120361328,103.57791950791336,101.84991942872344,103.34808970438937,510700
2015-05-01,103.0075912475586,103.10122729175367,102.30106709386297,102.52238924326818,666300
2015-05-04,103.4246826171875,103.89286279057464,102.96501658178498,103.13526686955504,561500
2015-05-05,101.99462890625,103.5523851917747,101.73074903618537,103.38213487690602,581900
2015-05-06,102.1137924194336,102.51387250824689,101.48388254257058,102.36065048475211,338900
2015-05-07,102.53086853027344,102.78624067006417,101.64559316626764,102.10525262687771,338400
2015-05-08,103.43319702148438,103.86732064405082,103.25443908965389,103.25443908965389,265300
2015-05-11,103.4246826171875,104.02905652640625,103.25443882380188,103.4502185367569,268800
2015-05-12,103.27998352050781,103.55237750970458,102.16486514759619,103.12676149568557,333200
2015-05-13,103.37361145019531,103.83327748858663,103.09270334433654,103.66302719970959,287000
2015-05-14,104.3099594116211,104.37805952332195,103.48426341680455,103.89285759262556,704100
2015-05-15,104.40361785888672,104.42915378266152,103.90138754523548,104.25890996123918,512000
2015-05-18,105.3399658203125,105.39103766493123,104.11418959438198,105.3399658203125,275100
2015-05-19,105.15267944335938,105.31441558852313,104.8547495662558,105.2378013376198,303600
2015-05-20,105.25484466552734,105.55277458523767,104.78666443856456,105.32294478842833,335400
2015-05-21,105.25484466552734,105.55277458523767,104.95691474581702,105.22930874303577,233600
2015-05-22,105.08457946777344,105.41655940189266,104.77813545252737,105.14416544327217,473000
2015-05-26,104.05461883544922,104.79519316270238,103.63751688980338,104.79519316270238,418900
2015-05-27,105.02501678466797,105.08460277338165,103.78221866693586,104.19932708231727,308400
2015-05-28,104.91435241699219,105.02501024789146,104.3355143507782,104.82071636992924,655800
2015-05-29,104.2588882446289,104.91433396440286,103.90136590309535,104.79516201535304,709800
2015-06-01,104.5142593383789,104.98243951560504,103.70559157158957,104.93136118166298,496900
2015-06-02,104.6419448852539,105.1016109220254,103.91839901963347,104.12269287118154,379300
2015-06-03,105.26335144042969,105.53574541859219,104.5653349711045,104.99095096788245,589400
2015-06-04,104.27593994140625,105.0675861125736,104.0290818348717,104.7951920802572,300100
2015-06-05,104.6930160522461,104.84623806351932,103.38211806566053,104.1482281220267,632100
2015-06-08,104.088623046875,104.87175474107794,103.98647938769048,104.5823390475442,287200
2015-06-09,103.841796875,104.23336284212002,103.25445117151259,104.15675507425065,290200
2015-06-10,105.02501678466797,105.35699679241354,104.28444899556742,104.42915689753124,400000
2015-06-11,105.39956665039062,105.50171684840205,105.067586624836,105.27188052647283,346500
2015-06-12,104.93989562988281,105.17823958646017,104.75262352274754,105.09311767259479,367400
2015-06-15,104.61640930175781,104.70153119897765,103.55236935054869,104.42913723124349,712000
2015-06-16,105.18671417236328,105.35695793607657,104.41209660476957,104.42060424688692,312900
2015-06-17,105.16120147705078,105.65491759296943,104.82070738005913,105.4591313765242,349800
2015-06-18,106.24226379394531,106.55722197178197,105.42508185363955,105.54425381403509,486400
2015-06-19,106.1741714477539,106.49763727352334,106.02945707034469,106.19970736894822,307600
2015-06-22,106.6082992553711,106.80408548280612,106.40400538346267,106.71044943851786,282600
2015-06-23,106.83811950683594,106.83811950683594,106.48911130426148,106.62531152801272,239300
2015-06-24,105.80815887451172,106.83814899699455,105.72303046397744,106.73599880098497,280100
2015-06-25,105.57831573486328,106.14013203503389,105.21228567412999,106.1060819718976,309200
2015-06-26,105.44210815429688,105.84218173133532,104.9483920451201,105.73152391143762,333200
2015-06-29,103.02460479736328,105.06756283430114,102.939482898821,104.82921892062889,525000
2015-06-30,103.39913940429688,103.91839138019705,103.01608115462182,103.91839138019705,347200
2015-07-01,103.7055892944336,104.36954917164097,103.31402337952628,104.36954917164097,883700
2015-07-02,103.31404113769531,104.04610125490419,103.02461884991287,103.88436507954384,585500
2015-07-06,103.05866241455078,103.69708644202038,102.47131023107553,102.65006817944081,501600
2015-07-07,103.53535461425781,103.53535461425781,101.55198882156255,103.39064672062155,512200
2015-07-08,101.798828125,103.01609010127757,101.3987545545795,102.5138663565288,381900
2015-07-09,102.13081359863281,103.10972515885342,102.0116351491887,102.81179527120435,627800
2015-07-10,103.28848266601562,103.42468289659963,102.8117948477405,103.11823887217007,349800
2015-07-13,104.25039672851562,104.4036187668825,103.86733838540567,103.96097443631797,433100
2015-07-14,104.82070922851562,104.956909467468,104.19931349785377,104.27592126147584,305800
2015-07-15,104.22483825683594,105.06755603834995,104.03756619552523,104.88028397703924,395800
2015-07-16,104.78665161132812,104.9398736219064,104.53979356681955,104.90582356462409,491300
2015-07-17,104.18228149414062,104.88029145784124,103.93542344065833,104.87177731961505,311500
2015-07-20,103.841796875,104.27592704274869,103.63750299962982,104.25890525912834,989300
2015-07-21,103.33956146240234,104.23335112567035,103.16931117341,103.89286353645461,312100
2015-07-22,103.54388427734375,103.65454212535282,102.89694598698497,102.99058204852584,401300
2015-07-23,102.71817779541016,103.90138991613566,102.51388390616452,103.73114609082857,372400
2015-07-24,101.52643585205078,102.94799820075367,101.3817279734546,102.7436978486812,518700
2015-07-27,100.61563110351562,101.17744740392419,100.41133721899682,101.12637555639087,698300
2015-07-28,101.62858581542969,101.77329369372308,100.03677967104856,101.00719010540062,889400
2015-07-29,102.51387023925781,102.67560639780721,101.3391724147213,101.64561645492817,642900
2015-07-30,102.70968627929688,102.78629406439953,101.81588982011266,102.25002008552099,660600
2015-07-31,103.1011962890625,103.6374699764246,102.71813808861832,102.91392425698533,463000
2015-08-03,102.61605072021484,103.1948889121618,102.0457201748414,103.12678877325352,943300
2015-08-04,102.43726348876953,103.1523017997796,102.2074336889645,102.77775761332741,413100
2015-08-05,102.76924133300781,103.73113114675043,102.47981907841874,102.96502105446729,334000
2015-08-06,101.65411376953125,103.0501335911145,100.90503202202301,102.89691158658053,627200
2015-08-07,101.19447326660156,101.50943149264988,100.65819936273247,101.33067352469351,769200
2015-08-10,102.48832702636719,102.62452075988867,101.66263100424523,101.71370284251773,281700
2015-08-11,101.7052001953125,102.22444573015429,101.22850586860902,101.84139393552447,578700
2015-08-12,101.5434799194336,101.76480208807054,99.88357339623494,101.03274194859772,898300
2015-08-13,101.39876556396484,101.84991751772563,101.05827144028596,101.6456236412724,328600
2015-08-14,101.9690933227539,102.05421523327946,101.05827524192104,101.29661918914677,287100
2015-08-17,102.94800567626953,102.94800567626953,101.37322119635246,101.75627951351544,420400
2015-08-18,102.39469146728516,102.85435749701861,102.19039761886508,102.85435749701861,452700
2015-08-19,101.24551391601562,102.04566740405173,100.71774785397974,101.80732353551403,552200
2015-08-20,98.85355377197266,100.54750985289579,98.83653199226563,100.53899571585043,739900
2015-08-21,97.11705780029297,98.52159192863823,96.91276393443445,98.15556190118322,1208500
2015-08-24,93.26950073242188,96.28286313913135,76.63642475561879,92.78429869626271,1791600
2015-08-25,92.29906463623047,96.30836564804257,92.29906463623047,94.19731441397947,2090300
2015-08-26,94.77616882324219,95.0996411432681,92.31610883526486,93.21841918154337,992100
2015-08-27,96.91276550292969,97.27879553630875,95.19327965655351,95.6955034379142,1138900
2015-08-28,97.57672119140625,97.75547913092481,96.63185315796193,96.74251747365298,600300
2015-08-31,97.09151458740234,97.82357458733554,96.7850705644357,97.32135085181955,766000
2015-09-01,94.45269775390625,96.12111162062494,94.03559591082269,96.12111162062494,726800
2015-09-02,95.82318115234375,95.8487170719556,94.36757528500804,95.3890510357889,737500
2015-09-03,96.0700454711914,96.98937760354369,95.80616562546219,96.00194535152423,538400
2015-09-04,95.03153991699219,95.71252811443469,94.63997397649742,95.14219773896306,921400
2015-09-08,97.28730010986328,97.346886086444,96.19772425559627,96.46160408125596,430200
2015-09-09,96.21473693847656,98.11298686041309,96.10407913368655,97.95125072739528,509400
2015-09-10,96.45309448242188,97.10854675003964,95.89979888572763,96.04450676503583,312600
2015-09-11,96.87873077392578,96.87873077392578,95.68701093654663,96.07006281364907,687600
2015-09-14,96.50416564941406,97.14258959299329,96.33391536782909,97.14258959299329,301400
2015-09-15,97.6192855834961,97.75547932580733,96.57226737064612,96.75953944891073,498200
2015-09-16,98.49606323242188,98.59821342003686,97.50863739635192,97.62780936804337,496900
2015-09-17,98.7173843383789,99.94316059913768,98.35135428797929,98.53011224360905,549000
2015-09-18,97.22773742675781,98.19814156034937,96.98939346333336,97.34690940847005,640800
2015-09-21,97.2617416381836,98.54709690558371,97.00636951526042,97.81504357492855,319800
2015-09-22,95.7976303100586,96.53820433536325,95.27837837755477,96.50415428305669,352300
2015-09-23,95.49971771240234,96.2573136534491,95.22732373915389,96.09557749938813,412500
2015-09-24,95.08260345458984,95.22731781761725,94.03559182336636,95.04855989263724,490000
2015-09-25,94.45497131347656,96.16359041616019,93.98273677600444,95.8115598426583,437400
2015-09-28,91.75897979736328,94.23175609568048,91.44988194124534,94.22316822450321,819900
2015-09-29,91.28672790527344,92.37715151634364,90.89177106383757,91.83623364558639,794400
2015-09-30,92.68624114990234,92.79786379241897,91.63875042825295,92.15391119559067,785100
2015-10-01,92.61756134033203,93.03827521860013,91.46702925099959,92.70342037968524,1089000
2015-10-02,94.04283905029297,94.07718397590902,91.22662065602344,91.90491819803498,668800
2015-10-05,96.14643096923828,96.24087133567564,94.82418068098495,94.89286398833708,436400
2015-10-06,95.77726745605469,96.48990371302094,95.23634280783432,96.08636538342978,606300
2015-10-07,97.1681900024414,97.20253494035003,95.7944252392316,96.23231500928279,316600
2015-10-08,98.09548950195312,98.31872833630833,96.76465091909357,97.06516750599104,379200
2015-10-09,98.2929458618164,98.57628007956065,97.94091523130348,98.22425599967352,315700
2015-10-12,98.1297836303711,98.5590853315011,97.85503080367285,98.33584661273875,300500
2015-10-13,97.01360321044922,98.5762612472225,96.94491991205363,97.70048859940158,558600
2015-10-14,96.26661682128906,97.48583209303465,96.10348007696247,97.08228744167363,229500
2015-10-15,97.79496002197266,97.82071708415653,95.90602800409857,96.50705450776923,268900
2015-10-16,97.79496002197266,98.0783008072477,97.0823173986298,97.9666781369493,457400
2015-10-19,97.91514587402344,98.25000072163513,97.28836242427911,97.4171542619663,220200
2015-10-20,97.92375183105469,98.49042685067498,97.60606611282928,97.83788622298617,428500
2015-10-21,96.62723541259766,98.30150956080098,96.53278850673752,98.30150956080098,282200
2015-10-22,97.33130645751953,97.72626333490065,96.6014946938669,97.20251460496301,421000
2015-10-23,98.00960540771484,98.12122152108557,97.19392803106068,98.001017537263,555200
2015-10-26,97.54593658447266,98.02675241093668,97.32269785763249,98.00958322454483,387900
2015-10-27,96.65300750732422,97.28837234054993,96.08633253461632,97.20251329021548,570800
2015-10-28,98.83386993408203,98.85103912537267,96.6444279341462,96.84190966243256,411200
2015-10-29,98.19847106933594,98.82524786928339,97.89795464540678,98.52473799597817,389700
2015-10-30,97.94947814941406,98.52474085940634,97.86361911892067,98.04392504814403,260500
2015-11-02,99.76116180419922,99.90712285491115,98.0096095437776,98.07829940903949,808300
2015-11-03,99.95004272460938,100.44802780675252,99.34901630728108,99.66670198003854,495200
2015-11-04,99.76973724365234,100.3450066430299,99.34043543700905,100.22480266121984,432700
2015-11-05,99.82125854492188,100.01015238913729,98.93689786575493,99.83842773502066,411000
2015-11-06,100.12174987792969,100.15609480236459,98.8338446894311,99.58083205698512,618700
2015-11-09,99.07425689697266,100.24195817578986,98.49040625756405,100.05306435853637,334900
2015-11-10,99.34043884277344,99.34043884277344,98.45607813886913,98.78235171550439,275700
2015-11-11,98.6020278930664,99.53790916277298,98.58485870445375,99.53790916277298,228700
2015-11-12,96.65300750732422,98.0353598347735,96.62725044728644,97.90656798395901,361700
2015-11-13,95.89743041992188,96.83330512388808,95.65702247947644,96.4641053437397,379900
2015-11-16,96.87623596191406,96.87623596191406,95.53681002696058,95.70853465996741,393800
2015-11-17,96.6100845336914,97.70051489079327,96.47271134930828,97.16817824357119,333600
2015-11-18,98.16413116455078,98.22423314228324,96.66157517061478,96.90198308154466,602900
2015-11-19,97.94947814941406,98.2757450855386,97.70907024378292,98.11260834216426,369400
2015-11-20,98.43891143798828,98.78235421388887,98.13840146556007,98.29295038718402,375100
2015-11-23,98.80810546875,99.19447447478986,98.42172991208443,98.44749352302937,428300
2015-11-24,99.42631530761719,99.53793143513734,98.11264608823699,98.48184595695953,282000
2015-11-25,99.92427825927734,100.05307010121734,99.27174428119834,99.46921942829783,342500
2015-11-27,100.14752197265625,100.35358499958544,99.69246311915093,100.00156093485747,490600
2015-11-30,99.70964050292969,100.49097297646168,99.66671425038052,100.33642405590733,378900
2015-12-01,100.44802856445312,100.46520430398863,99.73539258873687,100.24196554440417,311500
2015-12-02,99.38336181640625,100.53388743957034,99.24598210285664,100.4394470747866,295600
2015-12-03,97.78636169433594,99.85559947685121,97.34847203215679,99.72680762907787,497600
2015-12-04,98.80810546875,98.91113371002692,97.7262630809624,97.82071000255004,426900
2015-12-07,97.5030288696289,98.69648742485413,97.10807197479278,98.69648742485413,395800
2015-12-08,96.94491577148438,97.31410895529399,96.23227335724295,96.7045013101821,428900
2015-12-09,95.94036865234375,97.68333298895485,95.57975669662267,96.65301124385866,478700
2015-12-10,96.26661682128906,96.75602050364463,95.69134755731474,95.94034333263589,395800
2015-12-11,94.41205596923828,95.47672265431173,94.11154600376906,95.35651866812404,1546500
2015-12-14,93.7852783203125,94.82418793687425,93.05545998705034,94.33478412492985,644700
2015-12-15,95.00450134277344,95.23632146102936,94.26610163184509,94.26610163184509,956600
2015-12-16,96.36106872558594,96.53278679649412,95.15902257735503,95.6398384163976,540900
2015-12-17,95.21913146972656,96.86764865236859,95.17619867357052,96.7903774800377,1654600
2015-12-18,93.89688873291016,94.9959002754039,93.89688873291016,94.87569629735775,1112500
2015-12-21,94.4807357788086,94.72114372560101,93.81960737450422,94.35194393570545,710900
2015-12-22,95.33935546875,95.51107358820168,94.18024178588526,94.71257188656128,990700
2015-12-23,96.67426300048828,96.72606917953713,95.69854263107013,95.85396775598106,917500
2015-12-24,96.76925659179688,97.2182589003254,96.4325032134592,96.68291075412968,252500
2015-12-28,96.3634033203125,96.38067643681464,95.53447159783025,96.3634033203125,855600
2015-12-29,97.27867126464844,97.34774395587358,96.45836964913451,96.87283873529854,800400
2015-12-30,96.45841217041016,97.4255027392688,96.441145636933,97.209634838094,1266400
2015-12-31,95.53449249267578,96.55338919294744,95.53449249267578,96.20799925276354,813100
2016-01-04,94.01477813720703,94.17020327665062,93.02179114451378,94.11839709275776,649400
2016-01-05,94.06661224365234,94.36882603117935,93.60897328143052,94.36882603117935,675800
2016-01-06,92.65911865234375,93.39307465078522,92.13240054388693,92.88362307261164,1288500
2016-01-07,90.16368865966797,91.70066681103172,90.07734283084973,91.31210728746744,1182700
2016-01-08,88.91167449951172,90.88038875532324,88.75624934311787,90.46591947568442,999200
2016-01-11,88.47990417480469,89.5333402030571,87.56462671513239,89.18795036936994,1331300
2016-01-12,88.7303237915039,89.65423793518696,87.30559464977404,89.16205949579998,1681500
2016-01-13,86.07947540283203,89.30885694798964,85.57866035491172,88.89438773197445,1458300
2016-01-14,87.0983657836914,87.72869624038293,84.98285682102359,86.45076220919877,1301500
2016-01-15,85.67365264892578,85.79453814511845,83.82582396396305,85.0433154864079,1723000
2016-01-19,84.77562713623047,86.57164933142366,83.97259842505612,86.51120659349716,775600
2016-01-20,84.61156463623047,85.48367263597962,81.38218329233413,83.72219010628226,1379400
2016-01-21,84.62884521484375,86.12264724991302,84.14529668570592,84.68065139777232,945000
2016-01-22,86.7529525756836,86.9429172938518,85.81176554142176,86.07944609327808,949800
2016-01-25,84.91378784179688,86.47667580446573,84.74973272934017,86.28671101215951,689200
2016-01-26,86.7616195678711,86.82206230960382,85.0778461834343,85.24190787717944,1114200
2016-01-27,85.71678161621094,87.23649274602761,85.24187641722983,86.38165811765175,969700
2016-01-28,85.59591674804688,86.83068110256004,85.28506651979434,86.5198308743075,449700
2016-01-29,88.3244857788086,88.3244857788086,86.03628536829532,86.03628536829532,620100
2016-02-01,88.24677276611328,88.66987848725431,87.19334321187516,87.79777054527112,509200
2016-02-02,86.28671264648438,87.46967104694677,85.96722579993944,87.40922830168316,806200
2016-02-03,86.7098159790039,86.96886009258071,84.69792558181832,86.96886009258071,645700
2016-02-04,87.40058898925781,88.14317502926345,86.36441920452754,86.4507716274121,876800
2016-02-05,85.16419219970703,86.85659555963407,85.06057983523615,86.85659555963407,650000
2016-02-08,83.3768081665039,84.326632112172,82.18521983616336,84.326632112172,1063500
2016-02-09,82.88462829589844,83.81717910658706,82.09023608876286,82.13341229931439,803100
2016-02-10,82.92781066894531,84.57703794788638,82.91053754833518,83.42862576239425,822400
2016-02-11,81.89163208007812,82.45288986017252,81.0886099271574,81.64123114786939,853300
2016-02-12,83.45449829101562,83.5494806562889,82.23700065674683,82.68600939945019,799700
2016-02-16,85.35415649414062,85.41459923565601,83.90352411000642,84.36979951073863,610200
2016-02-17,86.87386322021484,87.27969585626491,85.89814285208922,85.94994903106945,599700
2016-02-18,86.57161712646484,87.04652229414523,86.20895424605351,86.95153994305677,491600
2016-02-19,86.72705078125,86.75295386360978,85.64771176450908,86.21759933971175,411000
2016-02-22,87.84095764160156,88.14317134577324,87.53873734966521,87.5905501187837,912700
2016-02-23,87.10698699951172,87.92728873074391,87.06381738487649,87.6596081338458,1041900
2016-02-24,87.83230590820312,88.02227065736832,85.73407028492448,86.32123106063351,1044000
2016-02-25,88.7303237915039,88.75622687971942,87.70279070719475,88.0309074708647,291000
2016-02-26,89.3520278930664,89.60242881450786,88.93755870147237,89.30885168577551,975800
2016-02-29,89.00662231445312,90.01688214450819,89.00662231445312,89.36064211835344,302500
2016-03-01,90.86312103271484,90.88902412714734,89.35204570500724,89.71470220259332,304600
2016-03-02,91.86474609375,91.86474609375,90.62134483974984,90.79404311823082,502600
2016-03-03,92.9095230102539,92.92679612771552,91.77837756378985,91.88199650526722,672400
2016-03-04,93.49667358398438,93.99748853122837,92.70228154972635,93.02176831009166,1386700
2016-03-07,94.25653076171875,94.37741621732818,92.98722689005662,93.09083923042856,1466800
2016-03-08,92.17559051513672,93.80755126280972,92.08924467529856,93.79028472994821,568200
2016-03-09,92.62459564208984,92.79729391476538,91.97699194202896,92.46917049056461,295600
2016-03-10,92.1928482055664,93.20311485684837,91.2516674424002,93.00451351528014,472800
2016-03-11,94.08386993408203,94.13567612485411,92.91818452734897,92.9958938135071,422700
2016-03-14,93.77297973632812,94.04929028255279,93.332607538739,93.72117356758696,656000
2016-03-15,92.72956085205078,93.41362510151092,92.47845476378187,93.24044712208759,299700
2016-03-16,93.6301040649414,93.77731261940848,92.39186231161264,92.39186231161264,651100
2016-03-17,94.90300750732422,95.18009631994327,93.22315947108551,93.49158740028317,432000
2016-03-18,95.56110382080078,95.7689187958788,94.885700197058,95.0588782419032,553900
2016-03-21,95.39656066894531,95.76023845301131,95.11081100732876,95.4225367097618,655200
2016-03-22,95.43984985351562,95.73425376459933,94.70383346948934,95.02421341904315,466500
2016-03-23,93.87258911132812,95.16278330483021,93.82063041594677,95.10217033215075,421300
2016-03-24,94.01979064941406,94.04576669382064,92.84216152331325,93.35304134682539,719000
2016-03-28,94.1843032836914,94.45273781109898,93.53487577939009,94.30553582897373,333000
2016-03-29,96.20185089111328,96.20185089111328,93.70805187990386,93.95050373575953,313100
2016-03-30,96.27979278564453,96.89458335341205,96.0459951884417,96.69542268195475,658600
2016-03-31,96.53956604003906,96.80800058028471,96.219186017305,96.32309019491886,434700
2016-04-01,96.76469421386719,96.88592014791156,95.37925024884721,95.91610606923862,391500
2016-04-04,96.03731536865234,96.8945575823194,95.93340461905294,96.63478401147903,439100
2016-04-05,94.92898559570312,95.6217109453288,94.86837262308477,95.30132431502118,340400
2016-04-06,95.9940414428711,96.0200174851515,94.7384842863199,94.98959043257575,345300
2016-04-07,94.77311706542969,95.72561601589081,94.30553507960823,95.39656852161582,257000
2016-04-08,95.30999755859375,95.99406211332217,94.99827177146891,95.55244948050876,294300
2016-04-11,95.10216522216797,96.45297231576862,95.09350433901668,95.82952085523965,350100
2016-04-12,96.0459976196289,96.23649741289236,94.82507733620493,95.14545734640416,359600
2016-04-13,97.86438751220703,97.87304839492762,96.5309022512203,96.66944334316061,672400
2016-04-14,97.67391204833984,97.94234000449329,97.42279925444959,97.8124531654026,308400
2016-04-15,97.94233703613281,98.020265173434,97.36218332627217,97.38815937203924,782100
2016-04-18,98.4272232055664,98.53979485881285,97.35350499955157,97.51802873502398,342500
2016-04-19,98.8255386352539,99.30178808017686,98.36661095541054,98.78224743519037,341400
2016-04-20,98.88616180419922,99.38838734224717,98.37528198903618,98.74762070085539,450900
2016-04-21,98.18477630615234,99.10263170553333,98.00293740285902,98.92079280224,352200
2016-04-22,99.1113052368164,99.21521602609546,98.27137785752086,98.27137785752086,1063300
2016-04-25,98.58308410644531,98.9640836520716,98.17610852022042,98.9640836520716,355100
2016-04-26,99.45765686035156,99.50095466931266,98.5657774888251,98.81689024689962,440100
2016-04-27,100.01185607910156,100.1677189762049,99.25851764204887,99.55292827271941,330100
2016-04-28,98.89480590820312,100.08974997286145,98.67833010332404,99.58753112634311,335400
2016-04-29,98.24539184570312,98.84286726239142,97.52669049031259,98.6177305449509,661800
2016-05-02,98.99006652832031,99.05934037891191,97.98562212001413,98.54845398869637,325900
2016-05-03,97.48339080810547,98.38393099322006,96.90323720816126,98.38393099322006,930700
2016-05-04,96.93787384033203,97.82975980748058,96.57419603216546,97.05044549975362,457900
2016-05-05,96.6954345703125,97.50938590960973,96.50493475844983,97.44877293368242,450600
2016-05-06,97.17169189453125,97.24096576009605,96.21919936513329,96.4183534707328,1005600
2016-05-09,97.31021118164062,97.75182371761322,96.84262260349045,97.17167008792092,334600
2016-05-10,98.33200073242188,98.39261371402372,97.38816907514753,97.81245994636043,364900
2016-05-11,97.353515625,98.34064493293722,97.2929026536817,98.262716801093,312100
2016-05-12,96.89459991455078,97.87306846040825,96.30578528887321,97.7518425027381,462400
2016-05-13,96.19319152832031,97.19764249709563,95.88147242752275,96.73871481893086,457500
2016-05-16,97.26692962646484,97.58730965351887,96.30577633266556,96.51359129701392,267100
2016-05-17,96.23648834228516,97.60461708648276,95.79487582737222,97.12836764821219,1749400
2016-05-18,96.16719818115234,97.00712526271114,95.52643172353372,95.89010944761593,449100
2016-05-19,95.6563720703125,96.29713888669514,94.81644451848003,95.52648520861219,2218000
2016-05-20,96.93787384033203,96.99848680835979,95.86415557541822,96.0286793199156,336700
2016-05-23,96.82532501220703,97.30157455960013,96.712759940241,97.02448571556755,289800
2016-05-24,98.48783874511719,98.65236248489087,97.34484666204047,97.34484666204047,389000
2016-05-25,99.16326141357422,99.29314825394434,98.583107680416,98.68701847397594,390500
2016-05-26,99.05067443847656,99.52692387907899,98.86883554469682,99.33642410283802,234500
2016-05-27,99.93390655517578,99.93390655517578,98.92945552065113,99.01604453244715,772600
2016-05-31,100.098388671875,100.45341208423173,99.73471098578942,100.1157104319643,589800
2016-06-01,100.6958999633789,100.73053688965523,99.53558605523565,99.74340761289362,496300
2016-06-02,101.37128448486328,101.38859964159269,100.33220331685843,100.43610746986874,1553300
2016-06-03,100.91236877441406,101.30202260684617,100.20232835096334,101.30202260684617,390600
2016-06-06,101.92548370361328,102.09000745602026,101.03360429990498,101.0855563874784,467700
2016-06-07,102.21121978759766,102.55758240670879,101.70033343798728,102.02072001677065,595900
2016-06-08,102.8086929321289,102.9125970912082,102.28049143575134,102.34110439732005,418900
2016-06-09,102.32379150390625,102.7740649200094,101.97742886220797,102.45367832033286,549600
2016-06-10,100.67857360839844,101.4232509736034,100.39283054069907,101.4232509736034,768500
2016-06-13,99.58757019042969,100.80849077357941,99.47499849969229,100.39286076471478,410500
2016-06-14,99.22636413574219,99.78201040379014,98.64467298385232,99.33922750699924,378400
2016-06-15,99.47814178466797,100.22479269481194,99.34791074241943,99.55627643572151,500500
2016-06-16,99.30449676513672,99.37395420318485,98.01088344466305,98.87039771307467,811700
2016-06-17,99.26109313964844,99.84278429320365,98.93117361317007,99.46945883480645,739100
2016-06-20,100.45052337646484,101.17112943119244,100.38107255852368,100.69362442265069,485100
2016-06-21,100.27688598632812,100.54602529229476,99.78201330745254,100.47657447463725,611800
2016-06-22,99.96431732177734,100.86724403782578,99.92090477219013,100.48523479769854,407700
2016-06-23,101.7614974975586,101.78754238048832,100.9280281246784,100.9627568431933,266800
2016-06-24,97.90670776367188,99.44342228174347,97.62888460557795,97.8719856647584,1227600
2016-06-27,94.90274047851562,96.78673555413833,94.45128034157639,96.69123322489277,840200
2016-06-28,96.70858764648438,96.91695333972883,95.75357104330244,95.9185308050267,865800
2016-06-29,98.79227447509766,98.8877768074893,97.67229799654474,97.88934754764819,553700
2016-06-30,100.43317413330078,100.43317413330078,98.47972806480335,98.99196185443905,1289300
2016-07-01,100.73701477050781,101.17111377865363,100.32028343202994,100.47655933991544,923900
2016-07-05,99.44340515136719,100.4765629474733,98.80961766223538,100.42446656042416,564000
2016-07-06,100.09456634521484,100.1553399512699,98.74017933951568,98.92250015768084,1061700
2016-07-07,100.24214935302734,100.93671046538724,99.74727671321426,100.36369655411647,783800
2016-07-08,102.239013671875,102.38660576429776,101.04089601289347,101.11903728900474,1004600
2016-07-11,103.04643249511719,103.27215922733288,102.63837833667435,102.73388065562163,934200
2016-07-12,104.20113372802734,104.62655556896027,103.61944258694668,103.85385978482006,1051200
2016-07-13,103.89726257324219,104.73073193461643,103.58471073474864,104.68732600494135,1058100
2016-07-14,104.03617858886719,104.81755819368938,104.01013370601075,104.6525984371642,492700
2016-07-15,104.15773010253906,104.50501067725918,103.89726801554247,104.49632684133903,619200
2016-07-18,104.35741424560547,104.56578656929304,103.89727028915792,104.01014028711188,480300
2016-07-19,103.98408508300781,104.47028053050573,103.6715398562372,104.47028053050573,392900
2016-07-20,104.64393615722656,104.85230188682519,103.76705405208448,104.20983702333028,492900
2016-07-21,104.22720336914062,105.0085765011298,103.98410229324344,104.64393482302458,567200
2016-07-22,104.93909454345703,105.0432740641086,104.07089654429363,104.20980477977075,743700
2016-07-25,104.69600677490234,104.89569525443672,104.34873283039613,104.71337444642319,592200
2016-07-26,105.21692657470703,105.21692657470703,104.46159186670442,104.68732522033031,672500
2016-07-27,104.98252868652344,105.5468588624264,104.52238468310047,105.36453802845655,486500
2016-07-28,105.14747619628906,105.35584189309932,104.61787480636734,104.9391104994788,390500
2016-07-29,105.46000671386719,105.79860338660451,104.52235133221397,105.05195261497228,926900
2016-08-01,105.32115173339844,105.78997969073937,104.92178124169953,105.54688518482078,1226600
2016-08-02,103.91462707519531,105.40792878605244,103.59339141103287,105.30374263512329,1032500
2016-08-03,104.69600677490234,104.70469061066277,103.56735320760538,103.87990505672168,518900
2016-08-04,104.79151916503906,105.22561826120547,104.52237984504038,104.77415811567609,464700
2016-08-05,105.8593978881836,105.98094509605535,105.07801824913226,105.26902289688104,466400
2016-08-08,105.85072326660156,106.31086725414698,105.72917604814906,105.93754176209241,977000
2016-08-09,105.84204864501953,106.08514308787613,105.72049479976445,105.95491202953816,393500
2016-08-10,105.29507446289062,105.95490693594309,105.10406980302072,105.89413332815053,410100
2016-08-11,105.71180725097656,105.91148911358817,105.28638539374528,105.71180725097656,460600
2016-08-12,105.69445037841797,105.94622865929324,105.31244766245788,105.54685826943732,647600
2016-08-15,106.59735870361328,106.78836334013131,105.90280421715985,105.90280421715985,349700
2016-08-16,105.62499237060547,106.37163670167622,105.59026364900254,106.37163670167622,383500
2016-08-17,105.3992691040039,105.7031371673994,104.72207552734335,105.68577611684552,328000
2016-08-18,106.16326904296875,106.16326904296875,105.43398577420174,105.45134682277066,322800
2016-08-19,106.1198501586914,106.16325608672955,105.59892603163037,106.06775377169005,382700
2016-08-22,106.23273468017578,106.23273468017578,105.63367578902714,106.03304617518398,315000
2016-08-23,106.91857147216797,107.16166582154223,106.67547712279371,106.67547712279371,608500
2016-08-24,106.01569366455078,106.95334940696294,105.81600514347463,106.84916322764138,282300
2016-08-25,106.21534729003906,106.56262783817992,105.74652616744825,105.79861593133045,656200
2016-08-26,105.91149139404297,107.05751269715536,105.34716126682125,106.39768686651502,576900
2016-08-29,106.6060562133789,106.86651169527288,106.00699734451769,106.09381583848234,237000
2016-08-30,106.56265258789062,106.84915960343645,106.11119240713148,106.72761237693102,501800
2016-08-31,106.1719741821289,106.51925483762389,105.56423137905578,106.51925483762389,301700
2016-09-01,106.1719741821289,106.40638481588718,105.24300223738065,106.18933523418124,678500
2016-09-02,107.23982238769531,107.23982238769531,106.62340255460306,106.68417615437762,1412800
2016-09-06,107.3874282836914,107.48293060742114,106.77100840932515,107.45687909963719,751000
2016-09-07,107.83888244628906,107.84756628173805,107.12696028746187,107.2571913238941,617700
2016-09-08,107.5523681640625,107.76941766872152,107.36137016397574,107.6999668613378,487300
2016-09-09,104.23587799072266,106.77102187142623,104.23587799072266,106.77102187142623,809100
2016-09-12,105.5641860961914,105.6944171141165,103.66283708025385,103.82779018738924,939800
2016-09-13,103.57601928710938,104.93908981948245,103.06377904627311,104.93908981948245,801100
2016-09-14,103.48054504394531,104.2445570714275,103.21139909913128,103.66286587014584,304900
2016-09-15,104.61787414550781,104.75678902505453,103.34162184093303,103.45449183652124,602200
2016-09-16,104.21852111816406,104.39215812262073,103.76705430845334,104.23588216907888,1495000
2016-09-19,104.89572143554688,105.57291506971221,104.40084865490087,104.6873556920716,357600
2016-09-20,104.50491333007812,105.4121287346071,104.49618818522626,105.37724146587064,476900
2016-09-21,105.96166229248047,106.04016860241127,104.50487641754394,104.81891496793342,343200
2016-09-22,107.36615753173828,107.44466387596557,106.63339837560324,106.63339837560324,542100
2016-09-23,106.5810546875,107.4272140662238,106.5810546875,107.28763836628204,396000
2016-09-26,105.8046646118164,106.44146032900105,105.75232706118054,106.10997808274976,632700
2016-09-27,106.02273559570312,106.1971985165827,105.47317140513204,105.76975970169407,539600
2016-09-28,106.94740295410156,106.99102201276253,105.51678568042978,106.26698823312766,372200
2016-09-29,105.70872497558594,106.9299857107884,105.42085509018779,106.85147271689091,797300
2016-09-30,106.5810546875,106.95615606192388,105.65638896906071,106.1536157532658,1233600
2016-10-03,106.00529479980469,106.45018393980719,105.66508741490114,106.29316463482598,1080100
2016-10-04,105.38592529296875,106.39782879222457,104.98465528112592,106.21464074260068,845100
2016-10-05,105.95297241210938,106.4938182411823,105.86574093137772,105.98786633546912,1140900
2016-10-06,105.9180908203125,106.09256045742391,105.19405680080648,105.76979662026991,687100
2016-10-07,105.10679626464844,106.3716758266581,104.67063227540393,106.0663557099195,1298900
2016-10-10,106.11869812011719,106.607199650105,105.10679448761762,105.10679448761762,385500
2016-10-11,104.3827896118164,105.96170143343136,103.87683768759278,105.88318843916566,398100
2016-10-12,104.47872924804688,104.80149302749643,104.07745913743481,104.46128561512242,316700
2016-10-13,103.9117202758789,104.26937131754585,102.99577315627386,103.71108189494265,622200
2016-10-14,103.6500015258789,104.76658018071814,103.62383275355202,104.36531014259366,535500
2016-10-17,103.46681213378906,103.9553136251662,103.38829916248422,103.77212556589977,382400
2016-10-18,104.06871795654297,104.49615675100651,103.8593544750913,104.48743160877932,436200
2016-10-19,104.51362609863281,104.83638988712909,103.78087369923821,104.2344813766727,261300
2016-10-20,104.18212890625,104.59212411378803,103.64128317317133,104.3914857539145,317200
2016-10-21,104.05127716064453,104.23446523211975,103.2749058149635,103.54532535066491,239900
2016-10-24,104.54850769042969,105.20275367930013,104.30425691943822,104.79275846142116,554000
2016-10-25,103.69363403320312,104.5572369086756,103.53661472354133,104.5572369086756,556800
2016-10-26,103.00450897216797,103.6238611565576,102.68174516255553,103.19642222894642,314500
2016-10-27,101.85305786132812,103.32728821610611,101.64369426990103,103.30111943101198,380500
2016-10-28,101.7832260131836,102.57704099112894,101.51280647695324,101.8530138468347,409900
2016-10-31,102.25430297851562,102.36770323784806,101.66984473718365,101.85303284318313,357400
2016-11-01,101.08539581298828,102.49856998228213,100.44859991370377,102.46367605343502,872900
2016-11-02,99.95133972167969,101.00685575957758,99.82921433913508,100.89345552016736,875000
2016-11-03,99.59367370605469,100.49217036882182,99.50644224803204,100.20430722288046,508500
2016-11-04,99.9600830078125,100.90219904002254,99.59370676928721,99.84668274026969,586200
2016-11-07,102.14962005615234,102.27174545877429,101.49537397553395,101.67856207946687,465100
2016-11-08,102.42875671386719,102.8910895095562,101.53898504267974,102.00131783836873,1705400
2016-11-09,104.71427154541016,105.01958506573732,101.61750396199106,101.61750396199106,1231500
2016-11-10,105.46446228027344,106.35423396043059,104.59213423272004,105.73488184530785,862600
2016-11-11,106.98231506347656,107.1131656063781,105.32489038250563,105.45574092540717,1307300
2016-11-14,108.6222915649414,108.76186725483579,107.6976259130643,107.90698279257067,754400
2016-11-15,109.12822723388672,109.31141530813743,108.23845563676413,108.48270640243173,586000
2016-11-16,109.03230285644531,109.30272913151931,108.70082052723971,109.04975314791392,808900
2016-11-17,109.61674499511719,109.88716455853573,109.13696190969578,109.30270636744768,805200
2016-11-18,109.721435546875,109.90462366291482,109.48590987063402,109.7824982522216,586900
2016-11-21,110.45418548583984,110.64609207573882,109.79993941636079,109.99184600625976,537600
2016-11-22,111.27417755126953,111.32652176630559,110.52397480399759,110.85546376299513,645700
2016-11-23,111.8935546875,111.91099166980251,110.78569402030833,111.08228244753334,606800
2016-11-25,112.26861572265625,112.26861572265625,111.90223954432189,112.03308342563076,463400
2016-11-28,111.15205383300781,112.3297021868706,111.0212032764302,112.32097038634012,653900
2016-11-29,111.18692779541016,111.63181694576218,110.89033946539851,111.21309657096005,732100
2016-11-30,111.01249694824219,111.90226885084213,110.93398394356002,111.89355036002806,915800
2016-12-01,110.53268432617188,111.64054465570459,110.15758300555339,111.59692559189568,985300
2016-12-02,110.6722412109375,111.07351123956087,110.40181504085054,110.53266555472054,1012800
2016-12-05,112.12031555175781,112.16393461341565,111.00373678879475,111.47479470229499,1336300
2016-12-06,113.23690032958984,113.27180090503747,111.87607072186145,112.26861567629548,1315400
2016-12-07,114.37091827392578,114.51049394075098,113.02753908507096,113.17583323957214,1347600
2016-12-08,115.72300720214844,115.84513255967404,114.30982713859144,114.75472282795774,1398900
2016-12-09,115.64453887939453,116.17664622500335,115.34793721884319,116.09813989309419,855500
2016-12-12,114.60646057128906,115.89750232566543,114.36220978831702,115.6794203186783,718600
2016-12-13,114.75474548339844,115.41770993932799,114.17900583682714,115.10367134216804,970900
2016-12-14,113.2020034790039,114.98154666672775,112.96647120202027,114.52793239900662,639000
2016-12-15,113.80389404296875,114.54536470871012,112.96645347326911,113.41133587271393,1012900
2016-12-16,113.62947845458984,114.78095818844892,113.29800275509047,113.98713624865275,1591200
2016-12-19,114.35347747802734,114.54539070817168,113.76901929919481,113.92604526507168,1107700
2016-12-20,115.09497833251953,115.26072281085915,114.47561948883012,114.73732059617313,1058000
2016-12-21,114.55413055419922,115.38283957312537,114.5279484658228,115.06880092998101,903200
2016-12-22,113.66714477539062,114.58834615813055,113.36885507416831,114.58834615813055,778300
2016-12-23,114.158447265625,114.17599765579189,113.66714343715476,113.69346232889244,1045500
2016-12-27,114.57075500488281,114.92169575236522,114.23737802855041,114.40405982320627,682400
2016-12-28,113.28987884521484,114.91293491846467,113.12318363300028,114.91293491846467,1214300
2016-12-29,113.5881576538086,114.03559208571461,113.12317283623315,113.63202692447119,803200
2016-12-30,113.14073181152344,113.86013703432405,112.80734139360301,113.86013703432405,1241400
2017-01-03,113.79874420166016,114.71993212920763,113.01791922563764,114.31636688965862,709600
2017-01-04,115.70256042480469,115.86925566398973,114.21108516074383,114.21108516074383,782600
2017-01-05,114.78135681152344,115.6411384954042,114.29005299216298,115.55341332024702,719500
2017-01-06,114.6234130859375,115.2989624309314,114.51813753654423,115.13226721971002,699700
2017-01-09,113.93912506103516,114.6234430852375,113.7548928013796,114.58835568859767,1261500
2017-01-10,114.77256774902344,115.02698811453337,114.05314915168043,114.26371363098092,670900
2017-01-11,115.0971908569336,115.263886084122,114.36900366749305,114.99191529745643,499700
2017-01-12,114.47427368164062,115.04454750424038,113.263564645229,115.00944672809877,700200
2017-01-13,115.1937026977539,115.6323687298192,114.78135555665052,114.78135555665052,503300
2017-01-17,114.00054931640625,114.90420042021486,113.85140444740189,114.7813744465038,1417700
2017-01-18,114.5093765258789,114.55324580333638,113.66713191457694,114.25494274883997,1003500
2017-01-19,113.65837097167969,114.93926828165856,113.2898931131779,114.52692114278219,530700
2017-01-20,114.2022933959961,114.57955307946531,113.71975816691806,113.96541003135367,543100
2017-01-23,113.83384704589844,114.35146980416496,113.24603610882905,113.99176040793516,800900
2017-01-24,115.45689392089844,115.70254580433247,114.23740300419956,114.28125889357995,774300
2017-01-25,116.38683319091797,116.56229686354868,116.12363098846187,116.34296392600527,898100
2017-01-26,116.07979583740234,116.76411373268542,115.86924472317621,116.45705556209761,850800
2017-01-27,115.50074005126953,116.19383975362918,115.17613152994963,116.07978232202058,631300
2017-01-30,114.21986389160156,114.99192039405094,113.23725626086595,114.77258737740281,1079700
2017-01-31,114.86911010742188,115.06212428185395,113.62329986419645,113.9566904176752,605300
2017-02-01,114.64974212646484,115.91310237915717,114.21107611578135,115.55340642453514,1084200
2017-02-02,114.64974212646484,115.12350891473659,114.19353911401147,114.6409736255799,554300
2017-02-03,116.15875244140625,116.22894060845107,115.29020232165259,115.50075343576303,588300
2017-02-06,115.48323059082031,116.11491078463446,115.22002827889348,115.96575254448956,569300
2017-02-07,115.06210327148438,115.91311650689559,114.77259544972878,115.6850149728674,749400
2017-02-08,115.07962799072266,115.18490353878552,114.14088978410868,114.70238168548212,535200
2017-02-09,116.38683319091797,116.58861574509227,115.07960406383204,115.07960406383204,643000
2017-02-10,117.158935546875,117.38705048549977,116.62376237191009,116.96593477984723,728400
2017-02-13,117.46599578857422,118.0099374134639,117.32561943794927,117.72041621043454,815800
2017-02-14,117.82568359375,117.89587175621146,116.9483516435166,117.2992790688007,582700
2017-02-15,118.38719940185547,118.53634425705597,117.47476649271303,117.51863577648398,888900
2017-02-16,118.08893585205078,118.57145791934808,117.50989330685941,118.31703743635548,617800
2017-02-17,118.19418334960938,118.21173374023883,117.47476459108401,117.8871117552094,755300
2017-02-21,119.1767578125,119.23817746906983,118.35206371412875,118.43980225579367,718300
2017-02-22,118.59773254394531,119.09781820638445,118.42226882251931,119.03639854102224,640500
2017-02-23,118.00117492675781,118.93992675901097,117.35194431229229,118.93992675901097,643200
2017-02-24,118.03626251220703,118.03626251220703,117.01856738422947,117.20279964046429,1190600
2017-02-27,119.01884460449219,119.02761310385746,117.76425307011681,117.94849865296312,757900
2017-02-28,117.53617095947266,118.63283597672009,117.53617095947266,118.63283597672009,882700
2017-03-01,119.44001770019531,119.65058226961045,118.85220667098496,118.86097517457495,1242400
2017-03-02,118.14152526855469,119.37856654841262,118.07133710512055,119.37856654841262,501100
2017-03-03,118.19418334960938,118.56266123067395,117.65901022512914,118.14154556474668,462200
2017-03-06,117.41336822509766,117.6502516640206,116.9483832368213,117.60638237725313,963500
2017-03-07,116.64129638671875,117.45722217557338,116.57110821446055,117.28174505141537,485000
2017-03-08,115.93942260742188,117.17646398471746,115.90433521645275,116.92204358587428,570400
2017-03-09,115.48323059082031,116.36056270589266,114.95682596696663,115.83415808203898,1355500
2017-03-10,115.89556884765625,116.3254529833026,115.2375698119285,116.23772781075368,1065700
2017-03-13,116.21138763427734,116.5535465347028,115.88676573293468,115.88676573293468,548500
2017-03-14,115.68499755859375,115.93941794721044,114.89540411679477,115.81659200321896,881200
2017-03-15,117.42208862304688,117.64142158000281,116.05345311356523,116.21137980382457,1006700
2017-03-16,117.36074829101562,117.90469004601249,117.16773410949503,117.79063256046973,1834200
2017-03-17,117.54493713378906,117.83445829905497,117.07995224664124,117.49229935592687,622300
2017-03-20,117.16769409179688,117.641447492886,116.79921624938883,117.54494043508693,375600
2017-03-21,114.51809692382812,117.72035202777344,114.45669067080021,117.55367026268719,802000
2017-03-22,114.5532455444336,114.71992737915694,113.81627649107602,114.2637243782974,741200
2017-03-23,114.90418243408203,115.6674570521651,114.29005266165741,114.59711085435721,1121100
2017-03-24,114.9781265258789,115.74388021891916,114.47641656802125,115.26858806508513,1119700
2017-03-27,115.00452423095703,115.21575920685484,113.3761829957204,113.79866637802058,999000
2017-03-28,115.97271728515625,116.06953779378821,114.61724359481352,114.72286108404667,1006800
2017-03-29,116.47442626953125,116.50962762215346,114.85489543881712,115.9023002030095,386000
2017-03-30,117.0817642211914,117.1697743259165,116.4744367474131,116.52724549634932,608800
2017-03-31,117.31060028076172,117.71548971827065,116.89691386240665,117.14336363114944,510500
2017-04-03,116.35122680664062,117.60108327058316,115.87592114412973,117.42504960800812,1144900
2017-04-04,116.28958129882812,116.60644719189733,115.95512144484168,116.14876245896755,841800
2017-04-05,115.19815063476562,117.3897938147568,115.08372275033135,116.96731048604208,946500
2017-04-06,116.21035766601562,116.32478555414447,114.9692985779365,115.34778359147629,1273700
2017-04-07,116.1223373413086,116.49202538535411,115.64704524689867,115.90229196916437,359900
2017-04-10,116.48324584960938,117.0817764043481,115.94633446204536,116.1487859280418,589500
2017-04-11,117.14336395263672,117.14336395263672,115.74387845546977,116.13116050184418,417400
2017-04-12,115.7526626586914,116.97611438986306,115.65584215778557,116.97611438986306,770000
2017-04-13,114.59964752197266,115.9199199898076,114.59964752197266,115.60305406030697,1350100
2017-04-17,115.96390533447266,115.97270231393821,114.61722879857709,114.89887987700799,549600
2017-04-18,115.95512390136719,116.06074139112626,115.15415545601468,115.52383010067626,672900
2017-04-19,116.2015609741211,117.00251590149664,116.04312132628084,116.22796534367725,811400
2017-04-20,117.39859771728516,117.49541820709294,116.18394310524239,116.63283077771369,688000
2017-04-21,117.14336395263672,117.38101674118559,116.773689298508,117.20498311024409,871400
2017-04-24,118.32278442382812,118.78929294266214,117.91790848288183,118.692472447131,721900
2017-04-25,119.21176147460938,119.61663736529651,118.71886207872873,119.08853662563922,1393900
2017-04-26,119.44062042236328,120.0303403838987,119.00934010614506,119.0797428035048,1005100
2017-04-27,119.5022201538086,119.95990476479732,119.12373520685533,119.73106245930295,672800
2017-04-28,118.31401062011719,119.8279240665161,118.29640322734355,119.80151969260842,1002300
2017-05-01,118.75406646728516,119.09733665753907,118.01471735450775,118.63963859369998,585900
2017-05-02,118.45484161376953,119.13258520787936,118.10276091465157,118.83331325600274,442500
2017-05-03,117.81230163574219,118.33160550839048,117.36340046573763,118.0147396244772,1102300
2017-05-04,117.49544525146484,118.01474916609942,116.72088115471819,117.82990512282844,771800
2017-05-05,118.50762176513672,118.5252291534703,117.39859804915962,117.86509311123348,594000
2017-05-08,117.95311737060547,118.48123164007848,117.46902829250963,118.34039937748517,471100
2017-05-09,117.75067138671875,118.30518998893871,117.41619814341111,118.09394160940185,509800
2017-05-10,118.47245788574219,118.56046799423889,117.50425267873358,117.62747757503409,611800
2017-05-11,117.7770767211914,118.1555617254859,116.87049090947835,118.03233686070459,777400
2017-05-12,117.20499420166016,117.59227628468409,117.00254274793902,117.50425274563085,782700
2017-05-15,118.09394836425781,118.5516464975161,117.2577786386635,117.6978693816609,1002300
2017-05-16,117.95311737060547,118.37561415838539,117.31058863946622,118.37561415838539,674200
2017-05-17,115.39183044433594,116.82651753483712,115.3038068989277,116.35122530895181,827800
2017-05-18,115.69107818603516,116.04314547371449,114.8285039298665,115.12776246744455,587000
2017-05-19,116.47442626953125,117.04653890554836,115.71746959835981,115.9023002030095,921600
2017-05-22,117.37220764160156,117.4514207527707,116.80008161198239,116.905712524045,643900
2017-05-23,117.47782135009766,117.81229460496331,116.90570876935693,117.62745058766826,404100
2017-05-24,117.82109832763672,117.99713194482354,117.27539008520635,117.57464857747435,397800
2017-05-25,117.87389373779297,118.6396472727235,117.62744401550493,118.17315219621379,825500
2017-05-26,117.78588104248047,117.8826881029088,117.35458732278913,117.72426189802358,366700
2017-05-30,116.96731567382812,117.66265312964647,116.84409080455005,117.4602151509404,322700
2017-05-31,117.00251770019531,117.31058659042422,115.74386463032474,117.25777785050008,856400
2017-06-01,118.84211730957031,118.88612907341863,117.01133806361868,117.31939354954754,902200
2017-06-02,119.28216552734375,119.89828970987396,118.75405141060364,119.25576116455674,1236600
2017-06-05,118.7188949584961,119.37903113877154,118.67488319371007,119.31741198197011,938300
2017-06-06,118.38440704345703,118.9741270133514,117.83869883291368,118.18196906704632,803600
2017-06-07,118.2963638305664,118.82447799385062,118.01471279251562,118.55162393400417,1051600
2017-06-08,119.38780975341797,119.66947426031449,118.0939419646808,118.32278430365703,279200
2017-06-09,119.69589233398438,120.6112752252019,119.05335014049538,119.62547619919772,389200
2017-06-12,119.71348571777344,120.0303516075338,119.1765744443046,119.74870050024924,298800
2017-06-13,120.57608795166016,120.58488493309646,119.80152380907249,120.0567705757856,494700
2017-06-14,119.91593170166016,120.58486480281118,119.37021004207274,120.54085304196487,263600
2017-06-15,119.3965835571289,119.6254392821856,118.68363887937603,118.8860902408493,277000
2017-06-16,119.25579833984375,119.25579833984375,118.6132561637287,119.20297616730372,294700
2017-06-19,120.14482879638672,120.34726687191112,119.56390552174115,119.56390552174115,251800
2017-06-20,119.01815032958984,119.92473625213812,118.94773419389134,119.92473625213812,299700
2017-06-21,118.52690887451172,119.5587398360357,118.35053222915458,119.1618755631378,253900
2017-06-22,118.79148864746094,119.09133031062171,118.19180532113938,118.59747028737422,317600
2017-06-23,119.48819732666016,119.63811816164849,118.52691962740595,118.88850053003016,1065500
2017-06-26,119.88504791259766,120.2201729881076,119.30299282039934,119.83213625997539,693100
2017-06-27,118.80913543701172,120.09669720179443,118.80032131360363,119.95560394388022,464800
2017-06-28,120.3348388671875,120.5464989843958,119.30302102707172,119.56759280941215,340000
2017-06-29,119.45292663574219,120.57293941243736,118.37701139324976,120.44947439067651,615900
2017-06-30,119.53229522705078,119.99088536497347,119.32064859160818,119.68222953606028,793400
2017-07-03,120.3700942993164,120.60819673705929,119.99087169289432,120.02615509923329,219600
2017-07-05,119.98207092285156,120.20254513863898,119.50583908101093,120.14963347991852,498700
2017-07-06,118.30644226074219,119.45291071381013,118.19180483510883,119.25007823152679,642600
2017-07-07,119.46174621582031,119.5675695254771,118.42991511995785,118.59747766469923,938000
2017-07-10,119.03842163085938,119.64693255207939,118.84440326592902,119.0560633340376,425800
2017-07-11,119.3382797241211,119.47055885955356,118.42109952953246,119.03842458934574,658400
2017-07-12,120.2289810180664,120.87276185347143,119.78803265965936,120.16724178868496,844100
2017-07-13,120.4053955078125,120.48476300766498,119.69987522131439,120.28193046692635,956200
2017-07-14,120.80220794677734,121.17260295133782,120.31716206342101,120.31716206342101,765500
2017-07-17,121.07562255859375,121.26082683324151,120.5200366480087,120.81106424720997,263800
2017-07-18,120.78459930419922,120.92569257406693,120.33482329541923,120.73167418923596,805200
2017-07-19,122.02802276611328,122.0544785863935,121.0226612254443,121.0314888033201,437800
2017-07-20,122.02802276611328,122.28378030438682,121.75463698543533,122.11621780482973,319300
2017-07-21,121.5606460571289,121.93986866105239,121.33135774414312,121.8252177762212,640300
2017-07-24,121.8163833618164,121.90456494904082,121.304881711887,121.49890004312486,522400
2017-07-25,122.80410766601562,122.9099309571502,122.18678270660581,122.44252681240599,235500
2017-07-26,122.17797088623047,122.8658627373531,122.06333345827386,122.8658627373531,270200
2017-07-27,121.53419494628906,122.30144085041609,120.88159993144158,122.30144085041609,357500
2017-07-28,121.14617156982422,121.41074332837105,120.87278568677468,121.10208749063194,280700
2017-07-31,120.95216369628906,121.38429805471998,120.51121521258888,121.35784222223235,667300
2017-08-01,121.23432922363281,121.5077150223042,120.77573921413676,121.44598925647895,272200
2017-08-02,120.18492126464844,121.14618575849609,119.62932185229603,121.14618575849609,377700
2017-08-03,119.72631072998047,120.37891923912409,119.49702239488143,120.22899839040419,346000
2017-08-04,120.2289810180664,120.2818926680071,119.76157683468902,120.14961354315538,275100
2017-08-07,120.29074096679688,120.63468024580455,119.96444339500695,120.37893604620594,326000
2017-08-08,120.01731872558594,121.16378712741961,119.7351187789346,120.39654130422221,531400
2017-08-09,119.07373046875,119.59404644188368,118.77387527738453,119.40002803551526,987700
2017-08-10,117.10702514648438,118.76499479945844,117.06294108876781,118.76499479945844,443500
2017-08-11,117.40689849853516,117.53036348409404,116.68373682835156,117.05413178502822,270000
2017-08-14,118.77383422851562,119.02077767037741,117.98894674916998,118.14769514346149,696900
2017-08-15,118.08597564697266,119.06488162917479,118.02424986870113,119.06488162917479,303800
2017-08-16,118.38583374023438,118.85323797742775,118.21827119167872,118.42110369203043,317000
2017-08-17,116.36628723144531,118.43875022168407,116.36628723144531,117.90960672644242,377200
2017-08-18,116.26043701171875,116.76311110486633,115.74893533979713,116.08406037301215,382300
2017-08-21,116.2428207397461,116.38392746424941,115.75777478468964,116.15463912943996,342600
2017-08-22,117.36282348632812,117.50393019879382,116.46328501520527,116.46328501520527,349200
2017-08-23,117.1688003540039,117.55683706915943,116.62202868628994,116.82486116678444,569900
2017-08-24,117.33637237548828,117.80377660472337,117.20407978098117,117.61857235508432,273500
2017-08-25,117.68031311035156,117.99779650192067,117.40692725085432,117.75968059407447,269300
2017-08-28,117.81258392333984,118.16535069830523,117.38046312693744,118.05951393747735,453800
2017-08-29,117.71556091308594,117.9095792523545,116.9747709577014,117.0012267806312,526200
2017-08-30,118.6415786743164,118.71213203504851,117.58330517669022,117.77732355453406,517000
2017-08-31,119.82330322265625,119.90268415465087,118.92377825569375,119.02960155611851,425600
2017-09-01,120.30836486816406,120.47592742023386,119.88505815434624,120.00852317323802,340300
2017-09-05,119.18836975097656,120.46713111893816,118.65923964459088,120.26428512764451,299800
2017-09-06,119.40880584716797,119.84975418996649,119.13542002770097,119.743930893831,353700
2017-09-07,119.09130096435547,119.57634674504813,118.71209191733315,119.57634674504813,453600
2017-09-08,119.19719696044922,119.41767120159092,118.62395585947296,118.78270431056845,842500
2017-09-11,120.47592163085938,120.62584247111808,120.02615911008328,120.04378735716514,262800
2017-09-12,121.31371307373047,121.32254065337948,120.61702057194942,120.79339722813786,1132100
2017-09-13,121.29609680175781,121.49894278274519,121.08445015262888,121.12854769009044,1061800
2017-09-14,121.17259979248047,121.38425984242978,120.84630232339971,121.1373298458267,420200
2017-09-15,121.58708953857422,121.63118706339179,121.02267620826493,121.04913203182042,359800
2017-09-18,122.25735473632812,122.39844799384451,121.50773709176842,121.89577382746158,648600
2017-09-19,122.11626434326172,122.45138947009188,122.00161344057166,122.40729193392812,330100
2017-09-20,122.70320129394531,122.75631739917675,122.19857127689899,122.28710712473392,306700
2017-09-21,122.41106414794922,122.74747069170132,122.30481841584422,122.69435457998654,636200
2017-09-22,122.81828308105469,122.91566711130999,122.29595669544628,122.34907280128118,460700
2017-09-25,122.90680694580078,123.19895900808021,122.3579225607942,122.853690845145,1349500
2017-09-26,123.08387756347656,123.38487783674414,123.0130515858829,123.14585535962375,628100
2017-09-27,124.5445785522461,124.73934654158342,123.19006431373502,123.70354233029076,479100
2017-09-28,124.81025695800781,124.8633730803789,124.00463992091615,124.29677859395713,635500
2017-09-29,125.11123657226562,125.26173671399697,124.76595485404886,124.83678083404143,703600
2017-10-02,126.3240966796875,126.3240966796875,125.08466231948535,125.19090804152641,1725100
2017-10-03,126.58968353271484,126.6516478174352,125.92570521953074,126.53655392037449,1403800
2017-10-04,126.49230194091797,126.81986025895087,126.19128816655609,126.48344025102068,412200
2017-10-05,126.81989288330078,127.04121904889118,126.56316047503383,126.74021870577073,392400
2017-10-06,126.65161895751953,126.77556100739113,126.37717681199456,126.44800277030266,619500
2017-10-09,126.244384765625,127.0323049660378,126.07617480564865,126.81097891526262,339900
2017-10-10,126.39492797851562,126.9084062125266,126.19129821609206,126.74904437709402,1012000
2017-10-11,126.41262817382812,126.67822223514922,126.21787360477946,126.44804791996434,456300
2017-10-12,126.46575164794922,126.65165802576804,125.97883147729964,126.2267156535077,338900
2017-10-13,126.39492797851562,126.86413828553563,126.31524030646197,126.7313345045627,346100
2017-10-16,126.36841583251953,127.06780070182802,126.2887281315161,126.60743840949101,355600
2017-10-17,126.19127655029297,126.68705833532647,126.02308007048445,126.60737067695442,471200
2017-10-18,126.53656005859375,126.79330591700328,126.30638576198004,126.46574758938493,379200
2017-10-19,126.43034362792969,126.45690168436663,125.5007711266092,125.96113328597589,953600
2017-10-20,127.12972259521484,127.27136103858581,126.92609284839807,127.15628064763901,818100
2017-10-23,126.35065460205078,127.28907517561694,126.27982862365486,127.27136530384944,397600
2017-10-24,126.58968353271484,126.94379989627701,126.49229950643424,126.64279963638184,591000
2017-10-25,125.85491943359375,126.59857213974458,124.96075304075933,126.38609414855391,442300
2017-10-26,126.3329849243164,126.49234680357824,125.97886842834545,126.1470784919691,385300
2017-10-27,127.1208724975586,127.12973418829053,125.89029975788539,126.33295201688546,444400
2017-10-30,126.20015716552734,126.97036774547689,125.78406297646453,126.33294743494126,323200
2017-10-31,127.06776428222656,127.32451017325545,126.52772795234856,126.58084406534054,346500
2017-11-01,126.55429077148438,127.84684144052682,126.11163846832515,127.78486363391994,500200
2017-11-02,126.79328918457031,127.2536512257195,126.37719506234028,126.5099853104255,458900
2017-11-03,127.03235626220703,127.10318224809531,126.46576188377634,126.65166827664197,421700
2017-11-06,127.38639831542969,127.65199223028945,127.0411302787123,127.06768831933151,309300
2017-11-07,126.41262817382812,127.52812052964165,126.05851176451677,127.38646856244706,298000
2017-11-08,126.67822265625,126.7667585132097,125.76636006600067,126.27099013505571,367700
2017-11-09,125.94339752197266,126.57196958200846,125.10236105411748,125.84601349883114,357800
2017-11-10,126.03196716308594,126.28869956094144,125.75752489027182,125.82835088142974,738500
2017-11-13,126.04964447021484,126.22670264802431,125.28828214782831,125.55387616887907,326800
2017-11-14,125.73092651367188,126.02307856775937,125.35023862185888,125.67781041450547,401700
2017-11-15,125.13773345947266,125.54496575953387,124.2524294053092,124.95181366428449,749900
2017-11-16,126.68711853027344,126.95269915546207,125.50966156011496,125.50966156011496,656900
2017-11-17,127.11200714111328,127.42185557534408,126.30637689650169,126.30637689650169,698500
2017-11-20,127.72289276123047,127.76716069100287,127.08547239679943,127.31564671947015,321200
2017-11-21,128.81182861328125,128.81182861328125,128.06817593759635,128.13900193175832,738600
2017-11-22,128.7675323486328,129.23674263663392,128.74097429524966,128.9977201561856,323100
2017-11-24,128.9180450439453,129.21019716828962,128.75869670812597,129.21019716828962,113900
2017-11-27,128.43115234375,129.14824695044788,128.43115234375,129.14824695044788,463900
2017-11-28,130.0069580078125,130.06007411102308,128.62587178097112,128.82950152150937,296200
2017-11-29,130.31683349609375,130.92769582715923,130.02468135912,130.33454337039774,1041200
2017-11-30,130.94537353515625,131.46769987507002,130.61780173004144,130.8833957446549,409000
2017-12-01,130.69749450683594,131.0781689193682,127.67860322351852,131.02505281610075,1557400
2017-12-04,130.2991180419922,132.42385708117476,130.25486362114137,132.12285677427676,1081100
2017-12-05,129.21908569335938,130.79492704863512,129.20137581614327,130.6267169867779,1214400
2017-12-06,128.64361572265625,129.36071032326697,128.47540567882373,129.04200011092033,1017200
2017-12-07,129.68824768066406,129.962689885946,128.44881340340362,128.70555924675804,917200
2017-12-08,129.9892578125,130.5027360295434,129.78564156547952,130.21058393146657,1090100
2017-12-11,129.93612670898438,130.49385927851196,129.75020684669337,130.2371269539577,415900
2017-12-12,129.53773498535156,130.34335165244107,129.52002511646893,129.944967408949,497300
2017-12-13,129.87417602539062,130.53815444424097,129.5997337736539,129.5997337736539,524700
2017-12-14,128.62586975097656,130.1574560823006,128.49307949504583,129.98924608567296,611400
2017-12-15,130.095458984375,130.7240309560714,129.20130654022898,129.2898288614885,462000
2017-12-18,131.60934448242188,131.76869277710543,130.98077246649103,131.14898244999387,478900
2017-12-19,130.9365234375,131.93692179401668,130.73290719536195,131.83953776365954,824500
2017-12-20,131.13133239746094,131.66252063938845,130.74179615453784,131.50315876333894,1452800
2017-12-21,131.6519012451172,131.93669523370406,131.28702761936188,131.43831933340184,382700
2017-12-22,131.63414001464844,131.7587340164243,131.21585724160204,131.66083775933416,530800
2017-12-26,131.80320739746094,131.9722885520954,131.5629141654911,131.5629141654911,355900
2017-12-27,131.83880615234375,132.30158961904976,131.64301366949604,131.9011099331251,399800
2017-12-28,132.28382873535156,132.31942120733137,131.63416087881333,132.05244371815806,559700
2017-12-29,131.53627014160156,132.6576163825084,131.4472685883118,132.56862840894905,397200
2018-01-02,132.5863800048828,132.5863800048828,131.59852279619503,132.00791081283276,1155000
2018-01-03,132.83554077148438,133.08472870282623,132.48845661142082,132.65755133191502,900000
2018-01-04,133.01351928710938,133.71658219679387,132.91562307642204,133.5207897754192,756200
2018-01-05,133.5030059814453,133.64540295925914,132.96012938578795,133.38732031922942,847900
2018-01-08,133.8412322998047,134.05482782539926,132.8177825965838,133.45855559364057,758600
2018-01-09,133.77890014648438,134.33067143993995,133.66320090893169,134.11707598131713,462900
2018-01-10,133.511962890625,133.77004562462076,132.88008455884088,133.5653583818153,428600
2018-01-11,135.46986389160156,135.48766691384438,133.77003513018104,133.77003513018104,555800
2018-01-12,135.90597534179688,136.09285958160515,135.43428343148298,135.57668047687096,443300
2018-01-16,134.4642333984375,136.68024165782904,134.22395365372032,136.4577513595671,607100
2018-01-17,135.5855712890625,135.82585099496285,134.76679517356817,135.06048394939654,404900
2018-01-18,134.9002685546875,135.58554221802345,134.86466251570317,135.3897497427846,810200
2018-01-19,136.48446655273438,136.48446655273438,135.0516283056108,135.0516283056108,421900
2018-01-22,137.39218139648438,137.39218139648438,136.48441738822746,136.53781287464372,582300
2018-01-23,137.917236328125,138.0418303060294,136.96497168435738,137.30316115855152,418000
2018-01-24,137.3298797607422,138.70932202692364,136.85820151703965,138.30884229280056,502400
2018-01-25,137.29428100585938,138.0062524893086,136.7869967407441,138.0062524893086,698600
2018-01-26,138.00624084472656,138.00624084472656,137.05397618027078,137.76594760364583,356100
2018-01-29,137.0006103515625,138.0062707139786,136.98280732770047,137.56129017552593,844800
2018-01-30,135.558837890625,136.3864949305,135.3007416495693,136.19070246477645,1040400
2018-01-31,135.07826232910156,136.68908936165593,134.6955856659977,136.19960815790932,666700
2018-02-01,135.4075469970703,135.781342529353,134.60658761012354,134.8112748170587,620500
2018-02-02,132.8800811767578,135.3808695351924,132.65759091597567,134.66891156447187,601900
2018-02-05,127.9319076538086,132.79999593925703,127.9319076538086,131.64304379757252,1410700
2018-02-06,129.24899291992188,129.8630679959231,124.6033968263822,125.57346434195378,1584300
2018-02-07,129.23121643066406,130.44156368702428,128.48363902252657,129.26680888832567,683700
2018-02-08,124.97720336914062,129.56940489801082,124.97720336914062,129.45371921457593,782200
2018-02-09,126.29438018798828,127.07753670458258,122.63663960408611,126.13418013204574,844000
2018-02-12,127.64712524414062,128.37689992838168,125.56461934672528,126.59697757235558,817700
2018-02-13,128.02085876464844,128.21665121517788,126.67700934694867,127.08639726525297,358200
2018-02-14,130.31698608398438,130.53947633974184,127.02413301471962,127.21992552616439,407700
2018-02-15,131.70533752441406,131.72312696758397,129.93431018862063,131.21585624268948,725600
2018-02-16,132.0257110595703,132.86226293733242,131.40272753694617,131.40272753694617,354700
2018-02-20,131.18020629882812,132.4706602223728,130.89542592640467,131.5095010034629,382600
2018-02-21,130.85098266601562,133.07588547075605,130.85098266601562,131.36716174628287,602600
2018-02-22,130.77085876464844,132.25709186019677,130.6729625210027,131.40272340840434,274900
2018-02-23,132.452880859375,132.48847331988802,131.03784630371777,131.53622222925299,353900
2018-02-26,133.12037658691406,133.30726080430836,131.99903054336414,132.94238709139108,345300
2018-02-27,131.2781219482422,133.67211884129767,131.2781219482422,133.21824369009062,351900
2018-02-28,129.7296142578125,132.11470313654382,129.70291651511974,131.705328695437,330700
2018-03-01,129.1956024169922,130.52164884340274,128.05645372600839,129.52488355399925,495500
2018-03-02,130.8242950439453,131.08237781418885,127.87852567523642,128.0921076699952,974700
2018-03-05,132.1680908203125,132.5863735374443,130.25468028173367,130.3703795463906,621100
2018-03-06,133.40516662597656,133.4763651452347,131.62524438371014,132.63979951861285,388300
2018-03-07,134.11712646484375,134.27732651404304,132.4440089382101,132.4440089382101,831100
2018-03-08,134.028076171875,134.80233757366682,133.32499967025493,134.4196474417057,1148400
2018-03-09,136.05723571777344,136.08393346015754,134.51759348174912,134.82908524919893,437700
2018-03-12,136.25302124023438,136.6268031942042,135.54994451417318,136.23521821964746,290300
2018-03-13,135.65676879882812,137.08960676418175,135.30078977800812,136.8315240110466,879200
2018-03-14,134.90919494628906,136.14624028676997,134.69561298114186,136.14624028676997,318600
2018-03-15,134.40191650390625,135.21177070826667,134.01922620538215,135.21177070826667,490300
2018-03-16,135.06936645507812,135.37194989490916,134.40189579559623,134.45529127559874,214900
2018-03-19,133.75221252441406,134.75787264811777,132.4973780244297,134.65997640970656,585400
2018-03-20,133.867919921875,134.375204164411,133.58313948900687,133.9747108867348,1195200
2018-03-21,134.41078186035156,135.33634871987775,133.84120747746024,133.9836044681142,425400
2018-03-22,131.3892059326172,134.11179219809432,131.3892059326172,133.41552602144944,399000
2018-03-23,128.8719024658203,131.85336442661503,128.7915672183923,131.45166094795323,935900
2018-03-26,131.719482421875,131.77303926312803,129.33610764077162,130.63938313456987,827600
2018-03-27,129.4878387451172,132.5764144997203,128.9433215660395,132.0229621011545,551800
2018-03-28,129.5681610107422,130.380475898586,128.91653022920465,129.81810195765414,422800
2018-03-29,131.14817810058594,131.91585788971378,129.88953793106893,130.17519255993622,475400
2018-04-02,127.98820495605469,131.26422993749634,127.09555465198571,130.83576160535677,738100
2018-04-03,129.6485595703125,130.06810638218118,128.09534284419658,128.83624437109734,720500
2018-04-04,131.023193359375,131.2909911396296,127.72931198999369,128.10422343404576,593800
2018-04-05,131.97833251953125,132.31753032056633,131.10352554971718,131.74623475903502,481800
2018-04-06,129.4253387451172,131.87119122326624,128.46127503359335,131.07673320461592,517400
2018-04-09,129.4431610107422,131.16598245264507,129.37174738209137,130.27333252564543,306000
2018-04-10,131.70159912109375,132.19255943513895,130.55008640338824,131.07674673083648,612500
2018-04-11,131.78201293945312,132.3533087808022,130.9518407954867,131.17500344633817,373600
2018-04-12,132.5496368408203,133.0405835680615,131.99618443908938,132.38003111871382,295600
2018-04-13,132.04083251953125,133.13878858950247,131.63022100362915,133.04059651034973,819600
2018-04-16,133.2816162109375,133.62974928858506,132.23721697799482,132.79065581405945,545700
2018-04-17,134.50450134277344,134.90620475694294,133.69220015903454,134.03139791174928,696200
2018-04-18,135.01327514648438,135.68276246126032,134.79011270822573,134.93293993769228,332600
2018-04-19,134.1475067138672,135.09371399869002,133.69225989402736,134.8169945422718,273700
2018-04-20,133.43336486816406,134.66522665777637,133.12986703096655,134.0314389429107,223100
2018-04-23,133.37086486816406,134.21887980360114,132.82634772086058,133.5672489947824,258600
2018-04-24,132.4068145751953,134.4063560591805,131.46952907892845,133.96003092960217,395900
2018-04-25,132.3889617919922,132.87100057425815,131.35348419082172,132.19257763933012,442700
2018-04-26,132.97805786132812,133.37082600010098,132.21929999135722,132.66562494527972,305000
2018-04-27,132.79957580566406,133.29945774488388,132.1568665635925,132.95132470715856,197500
2018-04-30,131.6391143798828,133.37977939097144,131.63019278215,133.0852032166703,277200
2018-05-01,132.02293395996094,132.1568396368869,130.3269043516335,131.4784168969491,546000
2018-05-02,132.03189086914062,133.0405763064228,131.77301469034128,131.82657152160715,720900
2018-05-03,131.6391143798828,132.0943610379337,130.2198039570536,131.63019278215,646400
2018-05-04,133.38868713378906,133.92428259884312,131.0410268224811,131.3445245629911,929400
2018-05-07,134.4241943359375,135.0312035727367,133.78148508321433,133.78148508321433,671000
2018-05-08,134.94192504882812,134.99548187989868,134.2545806016477,134.2545806016477,513900
2018-05-09,135.87924194335938,136.1381045604425,134.8794778763295,135.2365325800505,478400
2018-05-10,136.57545471191406,137.0396365417408,135.99523764019955,136.12912969651566,910400
2018-05-11,136.81651306152344,137.1824893267699,136.31663108100517,136.72724258467557,291500
2018-05-14,136.5219268798828,137.51276916930345,136.31662114301517,137.10214407480674,427500
2018-05-15,136.36123657226562,136.54869910317143,135.557856858694,135.96848193456535,715800
2018-05-16,137.39669799804688,137.7359093854084,136.43263428193453,136.43263428193453,361700
2018-05-17,137.85195922851562,138.2358058844484,137.36101253157648,137.39671254524526,331400
2018-05-18,137.88768005371094,138.13762102470864,137.6288038632596,138.0037289405175,394500
2018-05-21,138.88743591308594,139.01240639136427,138.30721875409958,138.34291876756743,829800
2018-05-22,137.84300231933594,139.19983404410388,137.83408072339432,139.11949881835795,919800
2018-05-23,137.97695922851562,138.07513768260887,137.34317154158268,137.50384205274858,461700
2018-05-24,138.1287078857422,138.3518704535693,137.11108712128106,137.93232373639336,321300
2018-05-25,137.97695922851562,138.2001217967542,137.69130460320437,137.9412455899706,238700
2018-05-29,137.6020050048828,138.14652210097134,136.5576060410591,137.23602882220771,826800
2018-05-30,139.5658721923828,139.91400524544292,138.19118317821392,138.2447400139521,924400
2018-05-31,138.35183715820312,140.13713727117465,138.13759624117333,139.592620191888,340000
2018-06-01,139.3605499267578,139.75331820834444,139.11954417095276,139.32484991059613,408000
2018-06-04,140.01214599609375,140.05676759567817,139.15519607611418,139.86931873930433,675700
2018-06-05,140.64599609375,140.72633136148005,139.79798093037164,139.95865146583176,986700
2018-06-06,141.806396484375,141.85103171385853,140.62809180565623,140.82447591877602,1317400
2018-06-07,141.4493408203125,142.2080852327558,140.77091802711664,141.95814429444982,409100
2018-06-08,141.9581298828125,142.02062192142458,141.26186396525105,141.4046912357145,602300
2018-06-11,142.2615966796875,142.457980728678,141.94917741684282,142.1277046557191,1029500
2018-06-12,142.81507873535156,143.09179805667333,142.1812912407452,142.4401673689713,940900
2018-06-13,142.01173400878906,143.05613323302526,141.8956987310491,142.95794115446822,352400
2018-06-14,142.50267028808594,142.71691122889305,141.82426107333734,142.50267028808594,441300
2018-06-15,142.34202575683594,142.51161787588111,141.43151861830782,142.08314953688793,254800
2018-06-18,142.88648986816406,142.89541146455568,141.55643648488865,141.69032853455224,875600
2018-06-19,142.64549255371094,142.72582779589663,141.04764120396453,141.93136973028706,564500
2018-06-20,143.63633728027344,143.761307755029,142.83294398190742,143.19893380824882,665800
2018-06-21,142.23483276367188,143.64522124974792,141.90455665706935,143.64522124974792,446300
2018-06-22,142.1471710205078,143.0777520537202,141.96821470490832,143.0777520537202,549400
2018-06-25,139.82968139648438,141.85191409123553,139.2480561926595,141.8250713214353,1014300
2018-06-26,140.50970458984375,140.90341670562677,139.66859482494232,140.06230694072534,637400
2018-06-27,138.57696533203125,141.1808233375479,138.56802229289534,140.75132534961054,797700
2018-06-28,139.3107147216797,139.57019941126887,137.82535090266313,138.53224699941617,622100
2018-06-29,139.2928009033203,140.4381379446145,139.2928009033203,139.75809834306312,1020900
2018-07-02,139.84754943847656,139.8565061295844,138.1742866204162,138.5500990026467,876300
2018-07-03,140.2412872314453,140.93028355178822,140.12497310717603,140.2234011529393,432100
2018-07-05,141.52085876464844,141.52085876464844,140.12497997702147,140.98397600625543,407400
2018-07-06,142.80935668945312,142.89882804073224,141.19872217798664,141.54769185101313,499500
2018-07-09,143.89205932617188,143.89205932617188,143.14937743743275,143.4715043572052,476400
2018-07-10,143.5609893798828,144.4110423574582,143.03306332210917,144.1515576751019,705800
2018-07-11,142.4872283935547,143.5162376709162,142.41564312113468,142.6035425144294,635500
2018-07-12,143.28359985351562,143.42675674893522,142.28141966460814,143.35518512797293,521300
2018-07-13,143.0598907470703,143.9546861334723,143.0509340549701,143.22990405504575,603300
2018-07-16,142.40667724609375,143.44464314901262,141.97717929276288,143.26568680624925,581900
2018-07-17,143.1135711669922,143.40885527236279,142.15613358410928,142.29036107936514,899500
2018-07-18,143.58786010742188,143.70418791189974,142.54095082761572,143.07782002947883,860400
2018-07-19,144.22312927246094,144.45578483607835,142.92567855392377,143.37307629503974,766100
2018-07-20,143.72201538085938,144.26784105492516,143.5967445861636,144.11572749375833,825100
2018-07-23,143.63258361816406,143.94575386444347,143.1136005675765,143.59678415067725,238500
2018-07-24,142.2008514404297,144.38415391137383,141.74451080402397,144.38415391137383,404700
2018-07-25,143.0509490966797,143.0509490966797,141.8071839249396,142.2814244373192,650800
2018-07-26,143.6862335205078,144.28574474397058,142.94355176960806,142.94355176960806,849200
2018-07-27,141.52085876464844,143.95470360330418,141.10030378972291,143.82047608695808,965900
2018-07-30,140.4560546875,141.92351880273597,140.35762663358494,141.56560605404277,557800
2018-07-31,141.82508850097656,142.3351284959515,140.68869437896777,140.76923635161896,606400
2018-08-01,141.87876892089844,142.21879557192966,141.04661567936893,141.87876892089844,608700
2018-08-02,143.0867156982422,143.18514372462923,140.8765702767722,141.23448292536565,432900
2018-08-03,142.96142578125,143.5340941344863,142.32611521346897,143.12248235552403,591300
2018-08-06,143.79360961914062,143.92783711336787,142.7377576627191,142.9882992677511,298400
2018-08-07,144.10675048828125,144.5988905134012,144.062008003545,144.26780704914447,520200
2018-08-08,143.8293914794922,144.1425616207148,143.22092361780213,144.08887609099042,309600
2018-08-09,144.04412841796875,144.72418151266436,143.9099145984848,143.98149985337332,259600
2018-08-10,143.58786010742188,144.348441876934,143.2388903474865,143.27467616621144,316500
2018-08-13,142.73773193359375,143.9904397329475,142.27243461376622,143.730955136471,347800
2018-08-14,144.1515350341797,144.36627717798905,143.05988362483757,143.1046124691356,423200
2018-08-15,142.69302368164062,143.63256158333607,141.7624288186967,143.58781908258976,344800
2018-08-16,143.84730529785156,144.36628827443712,143.25675070349058,143.3014795512266,432800
2018-08-17,144.6347198486328,144.71524815330594,143.39989789633754,143.64149646385042,438200
2018-08-20,145.02847290039062,145.3953423742772,144.39316201503837,144.9568876137666,814800
2018-08-21,146.45118713378906,146.8627990974296,145.3058499134371,145.32374964755104,924600
2018-08-22,146.7017364501953,146.95227812687344,146.18275336179136,146.33486697595328,362800
2018-08-23,146.2989959716797,147.00587807923688,146.0752972010808,146.71955075268477,303200
2018-08-24,147.11331176757812,147.22068284410744,146.66591407738062,146.66591407738062,1018200
2018-08-27,147.68601989746094,148.2497318540099,147.49810680961286,147.49810680961286,592100
2018-08-28,147.82916259765625,148.16917558495956,147.1670090480739,147.98127618604104,870900
2018-08-29,148.37496948242188,148.5628688574223,147.49806022077553,148.00810011704903,520100
2018-08-30,147.84706115722656,148.51815780272165,147.61441923538024,148.07076003905826,356600
2018-08-31,148.23178100585938,148.41968035811178,147.49804236394363,147.54278485612,494600
2018-09-04,147.90072631835938,148.42866598337056,147.09541591616397,148.06179659089506,415900
2018-09-05,147.42649841308594,147.96338116264272,146.26327521153874,147.80231087637748,463400
2018-09-06,146.68382263183594,148.01707286818532,146.4959232191165,147.59651788267567,769900
2018-09-07,146.44219970703125,147.34593803016142,146.03058786814975,146.33481498839248,433700
2018-09-10,146.8717041015625,147.6143858597428,146.50483474146864,147.08645989482324,449700
2018-09-11,147.17593383789062,147.5785890105686,146.38852322232955,146.70169339952648,604700
2018-09-12,147.13116455078125,147.4264485979119,146.0216272684016,147.13116455078125,338200
2018-09-13,147.36387634277344,147.9454879692543,147.10437799606947,147.64126076935648,329600
2018-09-14,147.90968322753906,148.23181011958846,147.22962998127124,147.4801852559713,963200
2018-09-17,146.2989959716797,148.07964310090313,146.21846769110155,147.87383040143976,375900
2018-09-18,147.02381896972656,147.33700279765054,146.4153646970086,146.58537799482488,290700
2018-09-19,146.3795928955078,147.57861559135017,146.07536570166647,147.00594701620935,590700
2018-09-20,147.48916625976562,147.56969459013308,146.6480561777112,146.99702592946804,521600
2018-09-21,147.00596618652344,147.99918986940574,146.89859508140026,147.95446101126947,377700
2018-09-24,146.2721710205078,146.85378243348188,145.67265988072944,146.8179966333644,829300
2018-09-25,146.4332275390625,146.8179965709903,146.37059897551072,146.51376948290203,320900
2018-09-26,145.2432098388672,146.7464597016452,145.1805676011703,146.71961692934528,724400
2018-09-27,145.4042510986328,146.01270541109145,145.20739502025052,145.5384649459416,555000
2018-09-28,146.0564727783203,146.2900432063097,145.05928510392107,145.06826383684748,993700
2018-10-01,144.59213256835938,147.08959115585617,144.2237988933715,146.65837893352295,632300
2018-10-02,143.45118713378906,144.78975844287123,143.17269565189665,144.52923813309738,614300
2018-10-03,144.31361389160156,144.87958925112267,143.46016834063215,144.03512243151556,569100
2018-10-04,142.38218688964844,143.9094080064834,141.91503222412513,143.9094080064834,652500
2018-10-05,141.21426391601562,142.7774132025608,140.15418408073782,142.40909327324113,371000
2018-10-08,140.890869140625,141.2861527322206,139.82181043826137,140.890869140625,322800
2018-10-09,140.1452178955078,141.31309745290156,139.99249718763167,140.68424344753237,2006900
2018-10-10,136.18344116210938,140.1362639234102,136.05767033881295,139.87572983430155,1617800
2018-10-11,133.5601806640625,136.73141413761812,133.48830968040258,135.51862727182683,1002600
2018-10-12,134.11715698242188,135.7072698603441,132.53603654450274,135.24910778378486,1234800
2018-10-15,134.60231018066406,135.59949795767375,133.47037285594655,133.98243484522686,895600
2018-10-16,138.00711059570312,138.19577366501517,134.57535636965784,135.49169439147735,446100
2018-10-17,137.61180114746094,137.89928506423675,136.03068072915698,137.79148544943965,525600
2018-10-18,135.29405212402344,137.59386905027037,134.77299770979715,137.108743278271,513400
2018-10-19,134.0902099609375,136.38104780895563,133.66797651135036,135.51862344536477,527500
2018-10-22,133.5601806640625,134.9257019376239,133.33558898062094,134.53041838148863,400100
2018-10-23,132.38333129882812,133.29067682580057,129.95774369687027,131.7365061105741,811600
2018-10-24,127.90947723388672,132.74268159357868,127.81065633149204,132.3024906076309,696800
2018-10-25,130.34400939941406,131.08965533779136,128.2418348018608,128.52931869963905,870100
2018-10-26,128.5563201904297,130.2721907024102,126.6158442256854,128.8707404083145,1066900
2018-10-29,127.97237396240234,131.33227141306028,126.57990239741883,130.272191245166,676200
2018-10-30,130.34400939941406,130.47877261699264,127.7297592494383,127.97232207469037,476400
2018-10-31,131.27833557128906,132.46417253513425,131.22443576038546,131.7275189394706,565300
2018-11-01,133.7578582763672,134.0722922006188,131.61076175577023,131.77246123133355,1201700
2018-11-02,134.02734375,134.96163918117648,132.8235355399107,134.4226273313402,619300
2018-11-05,134.12615966796875,134.75501365676922,133.08405093910574,134.09021732118651,613700
2018-11-06,134.72808837890625,134.93470893271322,133.40748790702568,133.84769263364964,282400
2018-11-07,137.00091552734375,137.09075767645825,135.09638259640482,135.4018239706144,663000
2018-11-08,136.47088623046875,137.22551095496854,135.97678181276493,136.50681486630734,470800
2018-11-09,134.6292724609375,135.7432524203151,133.68598441633466,135.69833133095457,360400
2018-11-12,132.1767120361328,134.68314938354976,132.03297005781775,134.54839984637286,392600
2018-11-13,131.97007751464844,133.89258191946286,131.70955717401014,132.56300289291565,303800
2018-11-14,131.017822265625,133.57817335245056,130.2003051163028,133.03914774217444,445800
2018-11-15,132.6798095703125,132.96727984997523,129.89486669887853,130.27217915168083,515000
2018-11-16,132.95826721191406,133.30862966503136,131.66461701333094,131.79938023867606,553200
2018-11-19,130.30810546875,133.06608438245945,129.9487505284041,132.76064296415743,544600
2018-11-20,128.10707092285156,129.81396182349584,127.49617456258869,128.75389591231334,743500
2018-11-21,129.7421417236328,130.8201792260612,128.61020440228157,128.74495394958868,311100
2018-11-23,129.7151641845703,130.71235174621143,128.76289769846014,128.76289769846014,145500
2018-11-26,131.44900512695312,131.71850413571545,130.54164610416598,130.71233794837292,402700
2018-11-27,130.4697723388672,131.3322102723986,130.14635982729115,130.91895562116804,675000
2018-11-28,133.4793701171875,133.5063200304698,129.9757306025704,130.99088969617887,448700
2018-11-29,133.3266143798828,134.18006006181085,132.1767060216661,132.99420935665609,751800
2018-11-30,134.15309143066406,134.30581211386186,132.8414701102786,133.0660617693319,684100
2018-12-03,135.54559326171875,136.50683865276076,133.97345129106967,136.13850495829107,751200
2018-12-04,130.38002014160156,135.54563090844164,130.21830693726537,135.29408921991327,747600
2018-12-06,130.19131469726562,130.20928587145937,126.80446803119125,128.44848091618772,1475300
2018-12-07,127.48725891113281,131.12564785008107,126.81348368940135,130.11946753086087,1197700
2018-12-10,126.89437103271484,127.95443778256598,125.10661531302138,127.59509637434431,1518600
2018-12-11,126.72362518310547,129.05938446736917,126.07679995693984,128.56527996016067,1506700
2018-12-12,127.7027816772461,129.2030656682207,127.6668530518021,127.9722943460193,890600
2018-12-13,126.1666259765625,128.5652635049261,125.96000546653556,128.02623798278188,775300
2018-12-14,124.41480255126953,126.30136429538777,123.97459795698165,125.26824812894115,856700
2018-12-17,121.35134887695312,124.57648133298626,120.74045252672694,123.98355615105686,1558200
2018-12-18,121.37828826904297,123.21994218248106,120.9021551602788,122.33055448657133,1346400
2018-12-19,119.22225189208984,122.86961853457345,118.5305056884501,121.39629768125525,1260600
2018-12-20,117.2188720703125,119.4288599744127,115.80844361311593,118.84491344995365,2132000
2018-12-21,114.55973052978516,118.4945746191968,114.2003892954604,117.68604998797137,2136400
2018-12-24,111.95508575439453,114.3130816103383,111.8466765885348,113.87943116140013,1988900
2018-12-26,117.34866333007812,117.46611578443272,111.84667754753382,112.34356897840047,2637800
2018-12-27,117.99915313720703,117.99915313720703,113.98784829404983,115.71343449391703,2780900
2018-12-28,118.12561798095703,119.71567869807431,117.14086470363152,118.17982255981924,2907000
2018-12-31,119.24589538574219,119.24589538574219,117.34865243015935,118.83933347704725,2985600
2019-01-02,119.14654541015625,119.66150281835087,116.88792884587819,117.72812759074891,1153100
2019-01-03,117.11375427246094,119.13746526528594,116.59878323807422,118.47795329248116,706200
2019-01-04,121.26964569091797,121.70331002893909,118.57737840684051,118.64965579651069,841700
2019-01-07,123.2843017578125,124.12450029242036,121.06181754912728,121.4954679610056,887900
2019-01-08,125.22672271728516,125.28092730281757,123.37465459376122,124.52203553436384,621200
2019-01-09,126.32893371582031,126.79872978538648,125.32610748616005,125.68748059474915,742500
2019-01-10,127.21430969238281,127.2956165754032,125.22672998960269,125.59714639291872,466500
2019-01-11,127.39494323730469,127.58467300423456,126.4824675413914,126.68122680751033,1036400
2019-01-14,126.48253631591797,127.27757381269309,126.24764513982642,126.56384320931475,794100
2019-01-15,127.53047943115234,127.65696135817659,126.48247844409647,126.77158786900684,694200
2019-01-16,128.35264587402344,128.86760319051137,127.63891544693614,127.65698823617227,681500
2019-01-17,129.53614807128906,130.0962804228615,127.91897131004272,127.91897131004272,529500
2019-01-18,131.18043518066406,131.52374927808714,129.94271782911272,130.29506142917845,647700
2019-01-22,129.1748046875,130.7377773965775,128.51529245959884,130.4034927450365,1400300
2019-01-23,128.9217987060547,130.24986601878126,127.84669528284765,129.57228121781864,507000
2019-01-24,129.8523712158203,130.03305777212137,128.81341317796375,128.83148596924403,503700
2019-01-25,131.4785614013672,131.70442301495925,130.66546510663534,130.81000606235511,592800
2019-01-28,131.10809326171875,131.2436184476438,130.0962380438467,130.26789500805575,1379000
2019-01-29,130.99972534179688,131.46047803366812,130.70158638158685,131.31593708957962,539500
2019-01-30,132.32785034179688,132.8337783305166,130.59323418668478,131.66833805546608,573500
2019-01-31,133.21319580078125,133.4209846547665,131.9212738051545,132.20134003998263,1123000
2019-02-01,133.8004150390625,134.00820384752768,133.0234505970863,133.5293783666526,1849400
2019-02-04,135.13754272460938,135.18271781125574,133.43905872231272,133.89982530640438,745300
2019-02-05,135.59829711914062,135.84223156150128,134.91168266473787,135.29112858313158,606700
2019-02-06,135.4266357421875,135.86932952561904,134.76712360401453,135.5711905023489,665700
2019-02-07,134.48704528808594,135.11042557295636,133.3487076714744,134.5231770821294,682600
2019-02-08,134.721923828125,134.73096711491567,133.5474545271825,133.8997980745649,509300
2019-02-11,135.52598571777344,135.59826308201545,134.64964163139828,135.0742625303841,872500
2019-02-12,137.1251220703125,137.25160404125538,136.1855436840942,136.2758800716243,753000
2019-02-13,137.52259826660156,137.86591227539992,136.92632039410861,137.4864526943614,1019400
2019-02-14,137.70330810546875,138.2634405006373,136.53786823492476,136.8269639343508,703100
2019-02-15,139.4108123779297,139.4108123779297,138.10984735065452,138.4531613954905,904500
2019-02-19,139.60052490234375,139.96189790495183,138.70610811046862,138.88679461177264,772700
2019-02-20,139.970947265625,140.10647249995506,139.4379171862225,139.62764700008523,722500
2019-02-21,139.4650115966797,139.862530204792,138.92295204647908,139.7541210518514,470900
2019-02-22,140.80213928222656,140.89247565883718,139.82641543053663,139.97999967772404,566400
2019-02-25,140.8382568359375,141.91336024304735,140.7479066829627,141.59714849313346,417000
2019-02-26,139.84446716308594,140.91054112145326,139.81736487296206,140.71178180354576,464200
2019-02-27,140.2420196533203,140.41367672254194,139.30244120271496,139.52830286526932,627700
2019-02-28,139.6818389892578,140.37749653005295,139.4198456166321,140.11548937193012,462800
2019-03-01,140.93765258789062,141.07316404733305,139.68186251689286,140.77503883655973,846600
2019-03-04,139.826416015625,141.44357915436453,138.6519328307782,141.20868803159487,748700
2019-03-05,139.38368225097656,139.93478499870068,139.1216889117941,139.916712214293,334800
2019-03-06,137.17933654785156,139.29339840835053,137.17030704409797,139.29339840835053,306800
2019-03-07,136.09512329101562,137.17925588051088,135.75180935323615,137.1250513188602,809200
2019-03-08,135.8331756591797,135.94158481893692,134.9568315231464,135.25497049797718,797900
2019-03-11,137.99240112304688,137.99240112304688,136.1041877655205,136.2668152777584,290000
2019-03-12,138.2544403076172,138.65195904091038,137.79368747702839,138.1460311205379,403000
2019-03-13,138.93199157714844,139.44696266178818,138.61577981091366,138.67902767836003,816500
2019-03-14,138.57061767578125,139.00426810171285,138.32668328003913,138.91391794462365,713100
2019-03-15,138.9048614501953,139.6185779247115,138.5254156780543,138.7422477416331,274700
2019-03-18,139.6908721923828,140.07936129681104,138.68804617834388,139.1036375708139,342600
2019-03-19,138.99525451660156,140.26910365023826,138.6971155066653,140.26910365023826,385200
2019-03-20,137.956298828125,139.5192576515011,137.260641057113,138.99527073284455,531400
2019-03-21,139.86253356933594,140.25102268588125,137.4142015698795,137.4142015698795,464900
2019-03-22,135.55313110351562,139.2843702290094,135.52602880649525,139.10368365370627,517200
2019-03-25,135.79705810546875,136.5920955357488,134.49609277792004,135.4447144780494,592300
2019-03-26,137.2605743408203,137.8478226412268,136.29389407674358,136.76368995996978,345700
2019-03-27,136.63723754882812,137.59488852049049,135.38144761297875,137.18834040041656,317800
2019-03-28,137.90335083007812,138.00304491785246,136.55295161006472,137.03329207958254,393200
2019-03-29,138.4833984375,139.1087510625503,137.96679798059202,138.79153879998057,974200
2019-04-01,140.2144317626953,140.32318392118924,139.2084328092822,139.4984431749709,1341300
2019-04-02,139.97879028320312,140.3413205438942,139.2900035315632,140.3413205438942,558600
2019-04-03,140.64944458007812,141.34730315048964,140.27785629188762,140.93039685632962,502900
2019-04-04,141.0573272705078,141.20233940761364,140.17821020434178,140.75824492364652,694500
2019-04-05,142.22640991210938,142.2717279192978,141.38355306068397,141.38355306068397,585400
2019-04-08,142.11764526367188,142.11764526367188,141.2113405160389,141.86388104066367,921300
2019-04-09,140.5316619873047,141.67361522651203,140.34134566684872,141.56484921427642,382300
2019-04-10,142.11764526367188,142.19920937197173,140.7581881422224,140.76726004033102,517400
2019-04-11,142.19923400878906,142.50738818649958,141.7913995675172,142.32611614227622,341100
2019-04-12,142.9967803955078,143.26867462064467,142.37142782642744,143.06928644415197,668600
2019-04-15,142.6614532470703,143.35929804167753,142.26267689065767,143.21429977225785,345100
2019-04-16,142.75209045410156,143.33212508014364,142.40770397024667,143.14180878127158,663700
2019-04-17,141.37449645996094,143.32304632728423,140.8669541349362,143.29585828851148,439400
2019-04-18,141.392578125,141.65541420787022,140.43189744496055,141.51040215036326,312700
2019-04-22,140.88510131835938,141.32919572110134,140.43194884462446,141.06635954203014,576100
2019-04-23,142.9786834716797,143.17807169425555,141.19326136987092,141.19326136987092,668000
2019-04-24,143.4318389892578,143.83061544269648,142.89712230356423,143.05119250982585,519600
2019-04-25,142.2626953125,142.8336718812198,141.37452029491547,142.8336718812198,379700
2019-04-26,143.54058837890625,143.67652859541616,141.97267079320312,142.35333105766415,360100
2019-04-29,143.87591552734375,144.3200099458786,143.57683322454884,143.7399753120354,340200
2019-04-30,143.4499969482422,143.94846761228482,142.25368118366083,143.92127956052985,574900
2019-05-01,142.00888061523438,143.84867798460414,142.00888061523438,143.84867798460414,452700
2019-05-02,142.38047790527344,142.88800633888678,140.95757284828858,141.9182536446442,638200
2019-05-03,144.77316284179688,144.82753892807276,142.95148097685615,143.07836312120534,1202900
2019-05-06,144.69155883789062,144.93626501119994,142.489244765449,142.489244765449,458000
2019-05-07,141.88206481933594,143.8306152341278,140.89419558873422,143.36840461601318,391400
2019-05-08,141.392578125,142.46202476272512,141.24757989660398,141.68260224001392,397200
2019-05-09,141.0210723876953,141.29295284147582,138.86406192691882,140.196331466914,428900
2019-05-10,141.29290771484375,141.6735678867952,138.73713546175495,140.4228628823888,752600
2019-05-13,137.0604705810547,138.95465811695115,136.67076615631103,138.6918219815119,826100
2019-05-14,138.70091247558594,139.3081490011646,137.27802080277078,137.44114906639467,676800
2019-05-15,139.23562622070312,139.50750662742726,137.55895662395602,137.75834480829727,386800
2019-05-16,140.2144317626953,141.09353475904584,139.47125513534743,139.53470311387872,544700
2019-05-17,138.61029052734375,140.38664060373122,138.38371427470435,139.20845515329987,890700
2019-05-20,137.35955810546875,138.27493483628996,137.0151578440418,137.6858283981063,547500
2019-05-21,139.3172149658203,139.416909075611,138.1843336405252,138.1843336405252,633000
2019-05-22,138.1299285888672,138.99997351997186,137.87616433153542,138.6827751128646,414000
2019-05-23,135.85508728027344,136.9879683077244,135.1028664476664,136.9879683077244,1172300
2019-05-24,136.6979217529297,137.06950995051002,136.01819331647752,136.46228754010602,552300
2019-05-28,135.52883911132812,137.4048970369595,135.52883911132812,136.87923849493404,371500
2019-05-29,134.61349487304688,134.98508328158988,133.74344972473747,134.8038250281186,425600
2019-05-30,134.55003356933594,135.77353690533093,133.77061079040888,134.9850560557487,830000
2019-05-31,133.15431213378906,133.73434670741253,132.402077419242,132.96399585211617,666000
2019-06-03,133.43528747558594,134.16033427508592,132.66493648727513,133.19059507118467,595300
2019-06-04,136.74330139160156,136.84299549372096,134.58629108889983,134.64973907621066,627200
2019-06-05,137.2145538330078,137.5317660738852,135.74634434702514,137.29613178265188,587800
2019-06-06,137.36865234375,137.74929877554337,136.17232313315665,137.3233343289639,326500
2019-06-07,138.22056579589844,138.73716626602558,137.67679111215634,137.89429545400662,363300
2019-06-10,139.09059143066406,140.1600244003181,138.8730733116488,138.9093332460412,475800
2019-06-11,138.74620056152344,140.2869159784485,138.22054211026872,140.06941167386998,543000
2019-06-12,138.77342224121094,138.97281045481984,138.21151754601354,138.70998808003574,369500
2019-06-13,139.91537475585938,139.91537475585938,138.94562173717523,139.34439816246152,397200
2019-06-14,138.73716735839844,139.69784842011163,138.62841518661702,139.69784842011163,514800
2019-06-17,139.2899932861328,139.8881578004387,139.0634170757849,139.19029920041515,339400
2019-06-18,140.8488311767578,141.80045397507948,140.1237845766502,140.19629061957232,382400
2019-06-19,141.41981506347656,141.53763912958618,140.42288793885476,140.96666259888963,358700
2019-06-20,142.1357879638672,142.86989266255586,141.38355329645006,142.75206860949228,457500
2019-06-21,141.14791870117188,142.03609355926415,140.90321252578934,142.03609355926415,595200
2019-06-24,139.84283447265625,141.74606626970737,139.77938649819762,141.52856196668088,507400
2019-06-25,138.90940856933594,140.10572429983665,138.76439641135994,140.05134819787577,319400
2019-06-26,138.52871704101562,139.73409045403963,138.51964514088777,139.3443859637914,307500
2019-06-27,140.62437438964844,140.70619813609605,138.98783009502438,138.98783009502438,310900
2019-06-28,142.4336700439453,142.67005438541247,141.00623547253636,141.00623547253636,459600
2019-07-01,143.170166015625,144.57941344386288,142.4155365685926,144.19755526701636,699700
2019-07-02,142.69732666015625,143.1428346262785,142.15182114102404,143.1428346262785,545000
2019-07-03,143.9065704345703,143.93384502061485,142.91555681325482,143.15194118335302,316400
2019-07-05,144.19749450683594,144.19749450683594,142.54276256461176,143.1791925911849,391100
2019-07-08,142.90647888183594,143.8793188500709,142.6700944739477,143.63383366328864,326100
2019-07-09,143.05197143554688,143.1519829045704,142.288255057444,142.30644274448656,341800
2019-07-10,143.3155975341797,144.03385139666153,142.78826576729736,143.86110310902853,339500
2019-07-11,142.9337615966797,143.57019180242708,142.30641829632228,143.57019180242708,312500
2019-07-12,144.05201721191406,144.39751373473672,142.97916615989655,143.13372674296625,360500
2019-07-15,143.6065673828125,144.47939594569053,143.27925840587568,144.4702951662699,303000
2019-07-16,143.55198669433594,144.15205533254982,143.106478667819,143.55198669433594,315600
2019-07-17,142.56097412109375,143.53380006612352,142.40641350826235,143.4974385755723,388900
2019-07-18,143.07008361816406,143.3701178668932,142.21544312902043,142.5336650551937,435600
2019-07-19,142.41546630859375,143.8247130415864,142.41546630859375,143.38830589379546,275200
2019-07-22,142.41546630859375,143.1246331261789,142.28818031244086,142.69731288056565,335100
2019-07-23,143.61558532714844,143.61558532714844,142.4699976320558,142.98824232709893,624500
2019-07-24,145.53399658203125,145.57944496685155,143.23373396240444,143.3155715759743,495900
2019-07-25,144.03387451171875,145.36129798250525,143.90658846984647,145.36129798250525,263100
2019-07-26,145.4521942138672,145.66131787650124,144.3611691242739,144.3611691242739,384300
2019-07-29,144.58843994140625,145.66129102414305,144.27021799041745,145.4794419817871,230900
2019-07-30,145.67953491210938,145.67953491210938,143.45202180299765,143.75205621946196,625000
2019-07-31,144.1429443359375,146.27045900485072,143.27012989962955,145.66130350553664,833700
2019-08-01,141.93360900878906,145.270333646144,141.49720182377814,144.43388076106712,1071100
2019-08-02,140.49705505371094,141.56080512459408,139.49694103503563,141.38805689653825,428500
2019-08-05,136.3421173095703,138.49689283520254,134.94195715827004,138.06957249177913,793000
2019-08-06,137.95135498046875,138.1150163472416,136.30572377536598,137.44221094719214,411700
2019-08-07,138.30596923828125,138.6241912665475,135.67841086651396,136.6785253498043,499600
2019-08-08,141.17901611328125,141.2153914806988,139.0151395654855,139.08787642718275,513100
2019-08-09,139.46969604492188,140.69710770338105,139.06966422572447,140.69710770338105,255700
2019-08-12,137.52406311035156,139.0424086208681,137.20585496037015,138.85148650550667,306000
2019-08-13,139.09693908691406,140.33343765063682,136.93306313211568,137.26945888628268,551100
2019-08-14,135.123779296875,136.96943342174796,134.85103346414297,136.9512596149891,608700
2019-08-15,135.0238037109375,135.7056962200544,134.2691743360715,135.60568476379171,414200
2019-08-16,137.64224243164062,137.77861535155876,135.66021533877574,135.67838914600796,764500
2019-08-19,138.87876892089844,139.424288456095,138.6605583321922,139.16971637250677,381500
2019-08-20,137.93321228027344,138.624191642241,137.85137464186423,138.624191642241,338300
2019-08-21,139.05148315429688,139.3242428550411,138.5059637528084,139.2333183304148,266700
2019-08-22,138.94239807128906,139.71520111176,138.1241188910342,139.38789221428524,288600
2019-08-23,135.29653930664062,139.16969694495464,134.96014350167388,138.3514177563884,373100
2019-08-26,136.478515625,136.72400081697953,135.46931413923852,136.60580167396367,336800
2019-08-27,134.96923828125,137.35132526005822,134.83286534509972,137.3149498949935,362700
2019-08-28,136.21484375,136.60578876589787,134.37827618294503,134.73285970534863,451400
2019-08-29,138.4787139892578,138.65146229312825,137.56043716774417,137.56043716774417,449400
2019-08-30,138.42416381835938,139.2969922362712,137.7331844809846,139.087868568281,470300
2019-09-03,136.6693878173828,137.8149617231312,136.1147816044842,137.4421906562531,351900
2019-09-04,138.11500549316406,138.405938972258,137.57858691977003,138.00589329951217,419400
2019-09-05,140.3970947265625,140.9971633560652,139.46063029255197,139.57882941224872,469100
2019-09-06,140.05162048339844,141.01537352986784,139.92433443924412,140.56077853315406,274200
2019-09-09,140.7062530517578,140.89718907445624,139.77888915047913,140.5789669943388,486200
2019-09-10,141.51539611816406,141.51539611816406,139.6424672268162,140.45164564705297,399100
2019-09-11,143.53379821777344,143.60653507107563,141.0880752838903,141.79725613530258,442500
2019-09-12,143.6428680419922,144.25202340134402,142.77003993309376,143.8610646643677,581500
2019-09-13,143.54287719726562,144.73391350880814,143.4428657733045,144.19749490444127,615300
2019-09-16,144.0726318359375,144.38265251368813,142.89642315139253,143.28848807528126,673000
2019-09-17,143.88116455078125,143.89027748649008,143.11526056487034,143.81733226218253,559700
2019-09-18,143.28854370117188,143.8082734024667,141.98468384769325,143.79916046333116,331000
2019-09-19,142.8417205810547,144.22763811521662,142.75966242038965,143.58027185279815,336900
2019-09-20,142.53170776367188,143.78997457912982,141.84786196138094,142.94201246247073,394100
2019-09-23,142.56822204589844,143.09706464959538,141.8843760103584,142.13056447876014,295900
2019-09-24,140.79019165039062,143.20644150279546,140.37988690923055,142.92378743472696,576500
2019-09-25,141.97552490234375,142.25817896568003,140.25223388801905,140.7354838504094,408000
2019-09-26,140.8995819091797,141.9755064930395,140.56222244673245,141.9755064930395,400200
2019-09-27,139.7963409423828,141.6746354068011,139.1216079963894,141.36461469963217,406300
2019-09-30,140.3160400390625,140.89047496473754,139.73249217799903,140.0333860003584,350900
2019-10-01,137.94540405273438,141.65641489120472,137.7356951825266,140.89962367545783,652500
2019-10-02,136.23118591308594,137.40739440570616,135.29203892323662,137.1065006255297,661600
2019-10-03,137.152099609375,137.21593188979992,134.48054893649078,135.96676421369895,839400
2019-10-04,138.66567993164062,138.6839197133932,136.8967967493174,137.4347520515646,610700
2019-10-07,138.14596557617188,139.24924293015061,137.78125337857546,138.40126689706509,367100
2019-10-08,135.893798828125,137.48032571419319,135.6567373493275,137.18855881050973,646900
2019-10-09,136.8056640625,137.2068559371951,136.20389016333968,136.83303070203132,497600
2019-10-10,137.30712890625,137.94538226665657,136.8056391541878,136.8512316612625,519500
2019-10-11,139.6778106689453,140.7993140805046,138.95748517638157,139.00307768689132,399200
2019-10-14,139.10336303710938,139.51366776874707,138.556294699219,139.29484599874274,277500
2019-10-15,140.4254608154297,140.85400532783223,139.22189935401786,139.59573842447617,287500
2019-10-16,140.1245574951172,140.68075263873354,139.86925617472397,140.13368434341027,325600
2019-10-17,141.33724975585938,141.5469724922847,140.571345772828,140.78105459637445,247800
2019-10-18,140.84490966796875,141.3555124059187,139.86016985354482,141.018152863962,310800
2019-10-21,141.7566680908203,142.38580841564368,141.65637015624156,141.8204864603463,343200
2019-10-22,141.60165405273438,142.34020519131565,141.43752384811822,141.97549304553218,503600
2019-10-23,141.71109008789062,141.93903869771793,141.08194969870664,141.6016792072948,212400
2019-10-24,141.91171264648438,142.27642492559542,141.27345920159925,142.27642492559542,269900
2019-10-25,142.5225830078125,142.9876070644397,141.5013777135199,141.7384392531582,374000
2019-10-28,143.58937072753906,144.09997333884823,143.25201126925504,143.2702510519097,575500
2019-10-29,143.88116455078125,144.28235632803333,142.96937011625522,143.25202416489765,452400
2019-10-30,143.64410400390625,144.05442267233744,142.85084721564934,143.91764514523356,467700
2019-10-31,142.63197326660156,143.56200733253036,141.90254896919834,143.56200733253036,341400
2019-11-01,144.79296875,144.88413985187373,143.1973283819711,143.49822223520212,355100
2019-11-04,145.69564819335938,146.12419275421553,145.24887775838073,145.87801823763255,685500
2019-11-05,145.868896484375,146.7989308737159,145.72301992189293,146.15155058484098,378600
2019-11-06,145.22146606445312,145.7776610827186,144.83851417017,145.74118152352477,640500
2019-11-07,145.3491668701172,146.69861885573474,145.05738594734572,146.17890321725832,472700
2019-11-08,146.01473999023438,146.01473999023438,144.9297025371812,145.17589089605406,282100
2019-11-11,145.88711547851562,146.04211886916602,144.96620807069414,145.1941566886293,279000
2019-11-12,145.8506317138672,146.68948085417946,145.68650149463338,145.99650823744662,740200
2019-11-13,145.476806640625,145.85064570257276,144.74736830125545,145.20326552425152,310000
2019-11-14,145.73211669921875,146.1059557835528,145.34003782926646,145.38563033687208,319700
2019-11-15,146.82626342773438,146.8900957192672,146.15153050653382,146.65302025115048,312900
2019-11-18,146.5526885986328,146.71681880134298,146.12414418023164,146.71681880134298,360800
2019-11-19,146.81715393066406,147.21834573575495,146.19712643746547,146.94480460384025,298200
2019-11-20,146.36122131347656,147.18183059803988,145.34912910898095,146.34298153232191,355900
2019-11-21,145.64089965820312,146.59828645587586,145.4403037991526,146.58004667426846,239400
2019-11-22,145.9874267578125,146.19713560985625,145.28534105485468,146.06948492867124,230800
2019-11-25,148.28512573242188,148.4127763901922,146.5891876146858,146.66213283525147,414400
2019-11-26,148.78660583496094,149.0419210707921,148.13923959207364,148.43100656992854,710900
2019-11-27,149.7713623046875,149.7713623046875,149.02369803569027,149.25164666486558,1639800
2019-11-29,148.6224822998047,149.6072218888825,148.48571870946526,149.45221851553848,350500
2019-12-02,147.05422973632812,148.99635665688473,147.05422973632812,148.99635665688473,455600
2019-12-03,146.5071258544922,146.6074238007173,145.21237940232746,145.87799936949378,797400
2019-12-04,147.51925659179688,148.1210444255478,147.02689358147154,147.2548422536909,485600
2019-12-05,147.57391357421875,148.0024580098579,147.10888957523161,147.71979008898,333700
2019-12-06,148.96897888183594,149.44310196961544,148.84132821776006,148.85044115345158,739200
2019-12-09,148.3762969970703,148.95984484939999,148.28512590591527,148.85043397486263,387800
2019-12-10,148.184814453125,148.56776639196124,147.8292152304287,148.2851123832638,606900
2019-12-11,148.20309448242188,148.51311523343256,147.71073149909301,148.44016999277605,636500
2019-12-12,149.46131896972656,150.04486676124185,147.92951123432778,148.29422338669602,692300
2019-12-13,148.9324951171875,150.07223812606682,148.31248159853885,149.40663210448727,429000
2019-12-16,149.84429931640625,150.53727201533192,149.7713540895257,149.9445972642571,781500
2019-12-17,150.33670043945312,150.40964567813398,149.69843307921613,150.21816268748654,483400
2019-12-18,150.7105255126953,150.87465577778997,150.08139891633053,150.7196523630727,518500
2019-12-19,151.29403686523438,151.29403686523438,150.57372541684538,150.8563794524522,1496400
2019-12-20,151.9231719970703,152.22406580578402,151.4672748165122,151.69522340679126,513400
2019-12-23,152.0325927734375,152.26054135770764,151.51286332312043,152.20582201066574,655200
2019-12-24,152.15455627441406,152.18205628086173,151.83371820325942,152.1270562679664,354100
2019-12-26,152.42034912109375,152.61284909146127,151.98949720369367,152.3470111364522,365800
2019-12-27,151.9528045654297,152.7503463186373,151.52195269524535,152.7503463186373,692400
2019-12-30,151.49449157714844,152.1728575439738,150.898639597545,152.12701954835993,570100
2019-12-31,151.84286499023438,152.200379026016,150.9719989018221,151.22867492813742,610000
2020-01-02,152.108642578125,152.69534639118527,150.8069249654223,152.631170416211,779100
2020-01-03,151.55868530273438,151.85202333096103,150.43114321521725,150.45864321824493,982800
2020-01-06,151.7603759765625,151.90705199874145,150.13780570222178,150.52281976959503,846100
2020-01-07,151.4211883544922,151.84287842806867,150.96283626868086,151.54954036680311,599000
2020-01-08,151.9070281982422,152.41120421532156,151.3478381906187,151.49450020202354,448000
2020-01-09,152.2462158203125,152.64039186195743,151.95286379953973,152.59456784803163,590300
2020-01-10,151.7511749267578,152.52121692215593,151.48533691977264,152.41120292978874,625200
2020-01-13,152.99790954589844,153.08042354608122,151.57702937323072,152.05370543667007,521900
2020-01-14,153.52041625976562,154.1346062462708,152.53953628951604,152.88788827712509,3864100
2020-01-15,153.87791442871094,154.66628032795518,153.24538651111146,153.24538651111146,5931800
2020-01-16,155.6654815673828,155.76631955236172,154.79461569045094,154.8771156814907,614300
2020-01-17,155.29885864257812,156.29806284268324,155.08800660975922,156.1238868102658,890800
2020-01-21,154.49212646484375,155.03297847639905,154.25378845664815,154.52880245859274,542300
2020-01-22,154.3912811279297,155.49132309564703,154.17126713926922,154.9321331137868,452600
2020-01-23,154.51048278808594,154.7488208245506,152.7962365657222,154.2721307638264,520900
2020-01-24,152.70455932617188,154.84964340394038,151.81535529612543,154.84964340394038,577700
2020-01-27,150.66030883789062,151.55867484633393,149.90860483954506,150.41279483992403,568600
2020-01-28,152.2187042236328,152.53954223564904,151.31116221475529,151.56783821948554,622100
2020-01-29,151.72369384765625,152.88791199650115,151.6870318374903,152.60373595738193,503100
2020-01-30,151.6778564453125,151.7420184543889,149.9727863732861,150.7244764116023,634100
2020-01-31,148.7810516357422,151.25614946580606,148.37769966578665,151.20114946768342,731100
2020-02-03,150.1011505126953,150.852840681885,149.52362239148903,149.63362241922508,873800
2020-02-04,152.45703125,152.98872121801296,151.82450328826405,152.0170172718415,551200
2020-02-05,154.2170867919922,154.32710076713306,153.2545449393071,153.96041082964828,546600
2020-02-06,153.79544067382812,154.83130672710251,153.72210267210892,154.80380672493197,430400
2020-02-07,152.1820068359375,153.27288669657995,151.89783086977846,153.27288669657995,1055900
2020-02-10,153.14456176757812,153.14456176757812,151.9253438186762,152.1270198094896,449200
2020-02-11,154.226318359375,154.96884651714464,153.63962823577216,153.89630429061117,562400
2020-02-12,155.28968811035156,155.3630261259381,154.49215992101685,155.08801206443763,770900
2020-02-13,155.68385314941406,155.90386716077808,154.46463506355224,154.6754730820715,362200
2020-02-14,155.60130310058594,155.94047901970978,154.98711325264762,155.80297904919726,315700
2020-02-18,155.15219116210938,155.6655432936382,154.33632495568756,155.2438671803666,574500
2020-02-19,155.83050537109375,156.36219532655437,155.4821534032215,155.72049138830724,412800
2020-02-20,156.2797088623047,156.60972289319375,154.33630067362154,155.51884279142732,389000
2020-02-21,154.40045166015625,155.70218368022302,153.9879376479516,155.70218368022302,475300
2020-02-24,149.8169403076172,150.77948238421197,149.01025023307753,150.12863032393332,646500
2020-02-25,144.8117218017578,150.9994733660324,144.50004582077554,150.56862139734844,1644700
2020-02-26,142.9141387939453,146.85596853744966,142.6849628087159,145.50841262527732,760400
2020-02-27,137.64309692382812,142.80414480439507,137.19392092607015,140.00819486942206,1371300
2020-02-28,136.08470153808594,136.6530675111395,132.399547662398,133.58210361676748,2306900
2020-03-02,139.88902282714844,139.88902282714844,134.18712336485356,136.65305913077813,1074700
2020-03-03,136.653076171875,142.29996235378798,135.23218213087708,140.11821627878723,890600
2020-03-04,140.97076416015625,141.03494016529518,137.5697995704724,138.96317981805512,633100
2020-03-05,136.18553161621094,138.4681294042197,134.65463775397717,137.95477744895467,1164300
2020-03-06,133.4537811279297,134.61799922160182,130.34615486828054,132.28956303425755,1418600
2020-03-09,120.74822998046875,126.24845297749785,120.43655403437346,124.67172126599294,2206000
2020-03-10,125.41893005371094,125.48332035548265,119.08956131919005,125.24413431844573,2041000
2020-03-11,117.3508071899414,122.98099204997608,116.09045883681148,122.26342002026816,2070900
2020-03-12,104.98648071289062,111.68382940757782,103.03615104141701,109.64150457643052,4698900
2020-03-13,112.8245849609375,113.15577315117511,103.58812913951472,111.0582526255241,3205400
2020-03-16,98.06835174560547,104.8485021401981,95.32685762373033,101.23303630712981,3138900
2020-03-17,102.19898223876953,102.73256400836577,94.78406123337301,99.3286938592772,3663300
2020-03-18,93.26612091064453,98.44553233650355,88.4179047198086,95.96162071469031,3065000
2020-03-19,96.06282043457031,98.23394013226344,88.71229617179398,92.00577519001443,3269800
2020-03-20,93.30291748046875,100.31305848126978,92.95333304920698,97.50716035278339,4583400
2020-03-23,90.57063293457031,93.1925411586864,87.86593817375439,92.695758769447,3768000
2020-03-24,99.78868103027344,100.02787407855875,95.2256519809438,95.90642463660674,3369200
2020-03-25,102.9349594116211,106.65162160244414,98.44552941832829,100.69944252764624,3858800
2020-03-26,108.61115264892578,109.17233230991934,103.59734219049396,103.75373468125439,2514200
2020-03-27,105.29927062988281,108.00397196839741,103.50534036583605,105.32686847720952,2461300
2020-03-30,107.44279479980469,107.47959427000863,103.50534273213997,105.85125105269546,2140000
2020-03-31,106.20084381103516,108.0683730793763,104.498901632468,107.13920574699456,1958100
2020-04-01,99.75186920166016,102.40136757402507,98.80430576699155,101.92298855550185,1869700
2020-04-02,100.45105743408203,102.95336527117767,98.12354532670126,99.37469222646777,2238900
2020-04-03,97.75555419921875,101.03983136506301,96.44000300848668,100.15666516285408,1913700
2020-04-06,105.76844787597656,106.1180322829037,101.65620045406078,101.65620045406078,2266800
2020-04-07,106.37562561035156,111.61023240622023,106.1088347295286,109.50351022491967,2469200
2020-04-08,111.53663635253906,112.07941974997514,106.92761337923724,107.93957421689952,2001700
2020-04-09,115.7040786743164,117.28642074215429,113.79975002727453,114.18614094110032,1993300
2020-04-13,112.60382080078125,115.59370979620878,111.15947470527986,115.36371833502206,2019200
2020-04-14,115.13370513916016,116.65164990019497,113.79055610164009,115.27170139357806,1563200
2020-04-15,110.86505126953125,111.90460982246358,110.02787924341868,111.58262328118191,1224600
2020-04-16,110.47868347167969,112.0610256835847,108.61115412348308,111.31585567261288,1371100
2020-04-17,114.90371704101562,115.53848859962714,113.42257170628665,114.15854005314284,1538600
2020-04-20,113.24776458740234,115.40048775316588,112.23580382551853,113.03617642874019,1513800
2020-04-21,110.20267486572266,111.91381136247553,109.2459098446193,110.7178533314013,1220100
2020-04-22,111.84942626953125,113.06378065609563,111.17784825161583,112.45659995342297,880800
2020-04-23,112.7693862915039,114.8209056737099,112.05181423786125,112.62218842471536,1088900
2020-04-24,114.59092712402344,115.2257057128829,112.52100426690578,113.62496733530404,1478300
2020-04-27,118.92395782470703,119.66912771959842,115.53847709490822,115.70407118474859,1472600
2020-04-28,120.14755249023438,122.67745872229274,118.85959180410164,121.74828417665837,1086800
2020-04-29,125.33613586425781,126.44009193059196,122.75102037644707,123.79979478266196,1041300
2020-04-30,121.65626525878906,123.62499123115886,121.5366652296648,123.6065879872408,950500
2020-05-01,117.41520690917969,119.34713326390886,116.03525851026163,119.22754728154412,1472200
2020-05-04,117.83838653564453,117.9303887077026,114.80250436479564,116.17325109934153,977200
2020-05-05,118.86878204345703,121.29749108870855,118.5927895079041,119.70594021663084,1206500
2020-05-06,118.44559478759766,120.32231881197596,118.13280978979525,119.74274991312181,773300
2020-05-07,120.46951293945312,121.5918722847667,119.81634511373532,120.1291301017569,778600
2020-05-08,124.38858032226562,124.5449728216554,121.92306471187834,122.4934390081898,855500
2020-05-11,123.73538970947266,124.83015116555167,122.2358410893749,123.0086229650302,891500
2020-05-12,119.68753051757812,124.71053484692013,119.68753051757812,124.37015206596546,1194000
2020-05-13,115.58448791503906,119.01595598402417,114.02974366389256,119.00676138071147,1326900
2020-05-14,116.6976547241211,116.77125366909563,111.3158564562331,113.72616926328651,887600
2020-05-15,117.97639465332031,118.491573147921,114.95890156254043,115.91566663735641,1098300
2020-05-18,124.4989242553711,125.14289725366449,122.51179554272986,122.51179554272986,996800
2020-05-19,122.9718017578125,125.57530612610653,122.86141037631464,124.35175017678071,805900
2020-05-20,125.75006866455078,126.44004269201369,124.88529897078806,124.92209140906077,790900
2020-05-21,125.9892807006836,126.6976581127727,124.61854099960206,125.77769255228934,652600
2020-05-22,126.541259765625,126.86323927428026,125.06011472064343,126.31126838620277,887500
2020-05-26,130.03712463378906,131.17787283109737,129.8163278677492,130.7086954955166,1032400
2020-05-27,133.14663696289062,133.25704239668897,128.6480050779842,132.45666266129416,1127600
2020-05-28,131.19627380371094,134.37936044737123,130.64428891693,134.37936044737123,1778000
2020-05-29,130.96629333496094,131.51827826765896,129.1815579618053,130.38671055938403,715700
2020-06-01,132.75106811523438,133.7078263733564,130.97552681678278,131.5275119133374,1181700
2020-06-02,133.86422729492188,134.1770263560111,132.41988819360998,133.53303902367122,975600
2020-06-03,137.3416748046875,137.85686739434777,135.48335417570175,135.59374556899044,1194400
2020-06-04,137.05650329589844,137.9028701618559,135.81455786721097,136.66092473316843,827900
2020-06-05,141.3711395263672,143.3214624851638,140.80076523560146,141.90472136251347,1191400
2020-06-08,144.2137908935547,144.2597919773958,142.6222544630837,143.07304262463072,1394800
2020-06-09,141.3711395263672,142.41989995256813,140.52477269448252,142.27270205896286,1261900
2020-06-10,138.17884826660156,141.38953368130035,137.58087616392913,141.2423357971597,1309900
2020-06-11,128.63877868652344,133.5145986871319,128.16960133089788,132.8522223982725,1206700
2020-06-12,131.3618927001953,133.9653972477963,127.74643433152637,132.87984448814052,587800
2020-06-15,133.87342834472656,134.4529972583703,127.06567294125658,127.70966023707174,651800
2020-06-16,136.5596923828125,138.81360523708403,133.98378596183332,138.74000630647768,800900
2020-06-17,134.96815490722656,137.1484688153964,134.69216242880444,136.87247633697424,792800
2020-06-18,134.84852600097656,136.01688595470128,133.39497902775344,133.8825595522296,593400
2020-06-19,134.27818298339844,137.0656775833644,133.16501844885363,136.73448941121197,895600
2020-06-22,134.94972229003906,135.21650607065308,132.4750132002202,134.04816015849812,585800
2020-06-23,135.391357421875,136.87250283736458,135.18896383434998,136.70691574078774,708200
2020-06-24,130.9479217529297,134.31499977380886,129.31959247915583,133.95621369207998,701500
2020-06-25,132.6997833251953,132.73667274508023,129.31590361411295,130.23794214255582,715500
2020-06-26,129.74002075195312,132.60756054637653,129.58326185358123,131.9990118665903,819400
2020-06-29,132.65365600585938,133.03169511478058,129.41730638679522,130.85568399526818,969700
2020-06-30,134.35946655273438,134.8850212412389,132.34019975811725,132.35864446957837,775500
2020-07-01,133.9169158935547,135.6779992500074,133.41900707947448,134.7467451580949,723900
2020-07-02,134.52537536621094,136.96878517601522,134.29486580316453,136.27725648687598,589200
2020-07-06,135.78858947753906,137.38371185704338,135.31834092260684,137.1163269304491,562500
2020-07-07,133.51119995117188,135.71487177209355,133.28069028760603,134.94036267911872,547500
2020-07-08,134.5899658203125,134.9772203159638,132.64446395244119,133.69558731754944,771500
2020-07-09,132.8104248046875,135.04177044722712,131.02168185933607,134.74671136189602,713500
2020-07-10,134.3410186767578,134.41478345167206,132.211111801931,132.80121593205268,420000
2020-07-13,132.1649932861328,136.62765618445138,132.1649932861328,135.45667743634436,925600
2020-07-14,134.13816833496094,134.2303778204013,131.0770075731928,132.0174767925621,463600
2020-07-15,138.3518829345703,138.78524216511556,136.2772962616503,136.9135050924164,707100
2020-07-16,137.72491455078125,137.94620890117477,136.7106804338306,137.58661437503147,505200
2020-07-17,138.19512939453125,138.70223929404156,137.18088145712977,138.02915515514263,604400
2020-07-20,138.19512939453125,138.6284885978582,137.54047589508295,137.9738350984099,790900
2020-07-21,139.4675750732422,140.38039849288432,138.85904019600878,139.32005956708556,932400
2020-07-22,140.3711395263672,140.50943966701226,138.8866570502854,139.03417251057672,648500
2020-07-23,140.24209594726562,142.0953887228709,139.14486761151136,140.18676180554485,863200
2020-07-24,138.517822265625,139.6980302697071,138.13979722137825,139.48596538110198,541500
2020-07-27,139.87326049804688,140.00234534637778,138.1213926893855,138.81292167741393,467400
2020-07-28,138.6192626953125,140.2143994069073,138.59160266625048,139.45832109470294,440000
2020-07-29,141.6804656982422,141.984740148267,139.34770898391213,139.37536901853315,531000
2020-07-30,141.4130401611328,141.6435497859996,139.10794391246498,139.92855761422308,628900
2020-07-31,140.537109375,141.21019355448362,138.30577784736545,141.00734395477218,3022400
2020-08-03,142.45497131347656,142.75003043445835,140.59244930256057,141.40384781606718,1098300
2020-08-04,143.146484375,143.146484375,141.85563603729824,142.12302102539658,408700
2020-08-05,145.08274841308594,145.1380684662236,143.6812461004442,144.05928522247086,416900
2020-08-06,144.7784881591797,145.39625226139563,144.14227934772407,145.05510252101138,692100
2020-08-07,145.718994140625,145.8388636772081,144.11465576085436,144.31750540621297,624600
2020-08-10,146.41049194335938,146.96372068886632,145.93104203772424,146.04168215914905,762900
2020-08-11,145.7742919921875,148.07938823451056,145.3409327730955,147.4523947406194,531300
2020-08-12,146.42897033691406,147.33256436452038,145.76510131727014,147.06517931983907,978500
2020-08-13,146.35516357421875,147.26798673172775,146.01401383973135,146.0693338973033,470300
2020-08-14,146.1984405517578,146.82543412597417,145.53457162338412,145.82963073341364,582700
2020-08-17,146.9360809326172,147.02829042598847,146.23533661825292,146.55804170666565,574000
2020-08-18,145.82962036132812,146.94527912744365,145.20262683170648,146.82542368306247,641000
2020-08-19,145.39627075195312,146.5119295919957,145.1473163877251,146.12467506385914,422100
2020-08-20,144.7416229248047,145.43315191033236,143.93023848217027,144.09619868548418,350700
2020-08-21,144.20681762695312,144.7692616819543,143.57983819210128,144.27136707599496,660700
2020-08-24,145.82962036132812,145.83883568191385,144.48343788865253,145.1288620594456,561300
2020-08-25,146.0140380859375,146.6041422466784,144.85227447643933,146.34597255567883,386500
2020-08-26,145.72816467285156,146.34592868176838,145.5253151094235,146.087759068167,560500
2020-08-27,146.44737243652344,147.0651365254749,145.52533396300947,146.22607813797148,612600
2020-08-28,147.4708251953125,147.4708251953125,146.42891729235282,147.0651260448082,1581600
2020-08-31,146.106201171875,147.48002929066854,146.09697178421803,147.48002929066854,553400
2020-09-01,147.80279541015625,147.90422022236623,145.52535886532635,146.1615677719896,449500
2020-09-02,149.4071502685547,149.67454938016655,147.1573875756934,148.5404456767086,505100
2020-09-03,144.52035522460938,148.81704500250902,143.79193675107828,148.75250960756006,547600
2020-09-04,143.56138610839844,146.01401180056706,140.1682913122596,145.81116221284242,682300
2020-09-08,140.48178100585938,142.68545237311926,139.76259212912623,141.99392352478426,579300
2020-09-09,142.5010528564453,143.17413702144648,141.42226950075047,142.11379837510802,405300
2020-09-10,140.7676239013672,144.2437131782208,140.62932374638552,143.23869453417612,395800
2020-09-11,140.09451293945312,141.75418482818293,138.9696249964912,141.551335260161,480400
2020-09-14,143.62594604492188,143.86567099829273,141.69887482077962,141.9109538129219,601600
2020-09-15,144.15151977539062,145.12887849746232,143.75504990742294,144.7416239511241,526900
2020-09-16,144.87071228027344,146.5672741368095,144.6033272546615,144.7877321760346,451300
2020-09-17,144.02239990234375,144.34511898040807,142.17832304298162,142.79608710256514,541100
2020-09-18,143.04505920410156,144.90758100301548,141.5237012336389,144.31747689741397,457500
2020-09-21,139.58741760253906,140.50945616628374,137.85398060055766,140.16830639983965,595200
2020-09-22,140.83213806152344,141.00731352420507,138.95117200998047,140.13137993404388,544800
2020-09-23,137.48516845703125,141.80953149828431,137.45750842612617,140.73996340598288,475500
2020-09-24,137.2731170654297,139.13562498624097,135.4290397875779,137.23622764112451,668100
2020-09-25,139.58204650878906,139.9244497112576,136.76874273001104,136.76874273001104,480200
2020-09-28,142.52488708496094,142.9413401807445,141.3403426528132,141.358855131064,371000
2020-09-29,141.77529907226562,142.86730939317883,140.91465943538333,142.51564289851262,465800
2020-09-30,142.33055114746094,143.89452367121282,141.24780419737496,142.2194904022254,767300
2020-10-01,144.3665008544922,144.3665008544922,142.47863744112263,143.20046881572432,1059400
2020-10-02,145.0883026123047,145.6158022665425,141.63646721829107,141.71050300068663,644900
2020-10-05,148.35504150390625,148.4846005805585,146.30059463064896,146.38387958259392,732000
2020-10-06,148.00343322753906,151.47378213031445,147.67954246914485,149.25276448089252,757500
2020-10-07,150.8722381591797,151.26091548388064,149.5396221197,149.5766470768432,796700
2020-10-08,152.70458984375,152.70458984375,151.49228364084854,152.1030683925177,741200
2020-10-09,153.41717529296875,154.07423419803945,152.74161802840348,153.84287761639112,983400
2020-10-12,154.47218322753906,154.6850273597922,153.47272095481665,154.11126747246323,470500
2020-10-13,153.38011169433594,154.06491790309303,152.9729219913559,153.7040023247026,822800
2020-10-14,152.69537353515625,154.60174987873796,152.43625524307066,153.5097533793612,453100
2020-10-15,153.71328735351562,153.92613141166248,150.159640247486,150.8352114960671,490700
2020-10-16,153.28761291503906,154.4073849596136,153.22284041641407,154.1112417633713,400700
2020-10-19,151.4737091064453,154.4813433722354,151.20534180053082,153.74101392659028,583100
2020-10-20,152.06600952148438,153.454148543607,151.79762806951433,152.58424583040264,552000
2020-10-21,150.84445190429688,152.75082738067886,150.7704161229669,152.1215444206963,612100
2020-10-22,153.28761291503906,153.3708978936504,150.6594055923704,151.31645036259516,1417200
2020-10-23,154.24081420898438,154.31485001444216,152.6120688515713,154.0094576122611,657700
2020-10-26,150.8722381591797,153.102518777451,149.16019397384298,152.46397241512668,558600
2020-10-27,149.43780517578125,151.3164190605592,149.32675856060442,150.92774178655844,486500
2020-10-28,145.04205322265625,147.22605975276022,145.04205322265625,146.59677667638513,825800
2020-10-29,146.58749389648438,147.35559928178705,144.08884616023747,144.99575981721077,984300
2020-10-30,145.39369201660156,146.8095927895547,143.58911398449277,145.97671496577567,646900
2020-11-02,147.7165069580078,147.78129356188836,145.9119289190119,146.87437995373065,801100
2020-11-03,151.28868103027344,151.89946575088288,149.43782851028175,149.82650584497392,516500
2020-11-04,152.26039123535156,154.14826883504645,150.14117117663977,151.23316745575184,549400
2020-11-05,156.12869262695312,156.4896083545803,153.78735086668559,153.8058633483523,512800
2020-11-06,155.07371520996094,156.7024606595932,154.86085696188556,156.7024606595932,657300
2020-11-09,159.7192840576172,164.7258425488146,159.5342016654465,163.34695260351228,1390400
2020-11-10,161.227783203125,161.55168808076246,158.67361150715396,160.22832102968786,1077900
2020-11-11,161.3850860595703,162.3660356427764,160.27457736388197,162.3660356427764,707100
2020-11-12,159.03448486328125,160.83906297869817,157.69260568841653,160.61695562569224,459200
2020-11-13,162.23648071289062,162.6066597015864,159.959939946171,160.24681983685736,899600
2020-11-16,165.57725524902344,165.57725524902344,163.64311786555623,165.44769614488888,2632300
2020-11-17,166.18804931640625,166.55821417172095,163.0045807255171,164.56855336285727,1080300
2020-11-18,164.10585021972656,166.98392662572496,164.04106359961773,166.83585502623475,869800
2020-11-19,165.7161102294922,165.78088273385097,163.5043276040888,164.17989903498764,709500
2020-11-20,165.6882781982422,166.16025453369505,164.63329303793765,165.38290001997197,565400
2020-11-23,168.3905487060547,169.17715246214104,166.69701715464646,166.99314618020767,669700
2020-11-24,171.00027465820312,171.60179611917977,169.72318181509482,170.3894898966396,848300
2020-11-25,170.29693603515625,170.63933921601756,169.16791492320542,170.5282925889022,563400
2020-11-27,171.02801513671875,171.1853358974767,170.30618382459014,170.61157616754966,280300
2020-11-30,168.33502197265625,170.9262181851717,167.69648974921475,170.63933831937553,656500
2020-12-01,169.95449829101562,170.98172183092686,169.3529769719815,170.50051042405224,882900
2020-12-02,169.9082794189453,170.2229209813599,168.4275916462288,169.33450549355297,1115400
2020-12-03,171.3056640625,172.3051261674512,169.83423962502386,170.19515531951583,880800
2020-12-04,174.5076141357422,174.51686331363186,171.8053573784301,172.0552263902746,876800
2020-12-07,174.0634002685547,174.60939830523256,173.51740223187682,174.33178175836744,1372800
2020-12-08,175.5811309814453,175.78472590063683,173.14726937255858,173.23980353162793,882900
2020-12-09,174.57241821289062,176.95077060297405,173.26756372932465,176.49730662844044,1387100
2020-12-10,176.04385375976562,176.20117454757715,172.9344206032373,173.33236128372525,649300
2020-12-11,175.4886016845703,176.60835965026337,173.7395464636992,175.32201760021408,1159800
2020-12-14,175.22018432617188,178.05198609349415,174.72970959501512,177.12655994098975,836700
2020-12-15,178.6720428466797,179.05145685603267,175.8309776404651,176.72864218230023,681500
2020-12-16,178.31112670898438,179.4494111867384,177.4319745777291,179.03297218992108,792800
2020-12-17,180.1804962158203,180.1804962158203,178.50547688675715,178.88490505546332,806600
2020-12-18,179.3845977783203,180.91155936644026,178.77381314307235,180.44884630110977,738900
2020-12-21,179.39389038085938,179.7455427657529,176.25669585029524,177.51527615841775,829400
2020-12-22,180.9022979736328,181.19844111658773,179.62521950206602,180.18046671378306,667500
2020-12-23,182.22569274902344,182.77169086690472,181.42982558091953,181.84626458403432,1147300
2020-12-24,182.1076202392578,183.30685250325402,181.3267241517619,182.6654112647349,714400
2020-12-28,181.20584106445312,184.01336425012036,181.20584106445312,183.8274386624075,854100
2020-12-29,179.22572326660156,182.22847794964437,178.16593166823793,181.8287244055413,696000
2020-12-30,181.1035919189453,181.79153224301135,179.71843414084768,179.8206811634649,671800
2020-12-31,180.9827117919922,181.47543514061263,179.3093674103407,180.83397984121385,690600
2021-01-04,178.05435180664062,182.13548009326541,176.26944066154408,181.94026319430876,1234900
2021-01-05,180.60162353515625,181.27096716282153,177.56168907494447,177.6639503009827,993800
2021-01-06,186.42117309570312,187.92718911322572,181.66140896165524,181.81015513714826,1292100
2021-01-07,189.49827575683594,189.73068632291876,187.61110309506066,187.61110309506066,1107500
2021-01-08,189.42391967773438,191.03221115275608,187.13700744590764,190.22341266423703,1179700
2021-01-11,189.42391967773438,190.15834507620474,186.8581119045292,187.18349240034013,614800
2021-01-12,192.25003051757812,192.37087437065688,189.77717859460495,190.18622347632572,3995600
2021-01-13,191.0972137451172,192.80775167880194,190.67887766794158,192.35223616185564,840700
2021-01-14,193.49574279785156,194.45327320750545,192.1663611518096,192.28720500176726,931500
2021-01-15,190.9113311767578,192.77990697446685,189.06133801051382,192.0640926622606,1230100
2021-01-19,193.1145782470703,193.58870486728043,191.86886105183302,193.04020516575864,982600
2021-01-20,194.2859344482422,195.15978622748491,193.30050177041457,193.99773344181594,992400
2021-01-21,192.83566284179688,195.07610381004397,192.6869308797344,194.76002888599285,968800
2021-01-22,193.69100952148438,194.02568136983894,191.05081419103496,191.4598591373814,866400
2021-01-25,193.04019165039062,195.68038620385485,190.8183474231664,193.96983382387714,771500
2021-01-26,191.29249572753906,194.94598307521736,191.29249572753906,194.50905006925677,889800
2021-01-27,186.83950805664062,190.09325615147472,185.98423883108157,188.54075519130836,1311900
2021-01-28,188.02943420410156,190.09324111005455,187.15558241478666,188.53144895701706,661100
2021-01-29,184.61764526367188,188.87540833807145,183.8367492024845,188.29903470032096,1343200
2021-02-01,188.56863403320312,189.08923143308695,184.9988111323866,186.85809566638045,611100
2021-02-02,191.171630859375,191.79448946183675,189.49827197988787,190.83695908347758,697100
2021-02-03,191.70155334472656,192.22215078595858,190.0653737463215,191.7666209322724,614700
2021-02-04,194.78794860839844,195.01106786550022,192.4452460570845,192.65907399792957,593500
2021-02-05,197.02835083007812,197.06553027294052,195.36428351142644,196.6657909750153,733500
2021-02-08,200.56100463867188,200.57958726851191,198.37633988930975,198.54368285436541,746800
2021-02-09,201.07229614257812,201.95546754098189,199.68713840548642,200.48663122889525,635500
2021-02-10,200.70973205566406,203.02454608752416,199.231604459697,202.47606063018492,819000
2021-02-11,201.51852416992188,202.64338317937725,199.17582208070695,201.73233788337646,575400
2021-02-12,202.56903076171875,202.63411252496078,200.55170887943004,200.9886418505245,592200
2021-02-16,201.3791046142578,204.4562182678907,200.81202226038604,204.0099939487636,795300
2021-02-17,200.31930541992188,200.70975345755383,197.90224411288372,200.26352915529083,679900
2021-02-18,197.6791229248047,199.15725066384744,196.4798906913887,198.757511314447,752300
2021-02-19,201.1931915283203,201.63941587524113,199.12009310250912,199.14798123761565,645100
2021-02-22,199.57557678222656,201.70446532229298,199.4082479984033,199.96603898157534,1191800
2021-02-23,198.85977172851562,199.70574955760785,192.90076166258382,197.20500970304653,801600
2021-02-24,202.7921600341797,203.34064555773273,198.91555355033864,199.61278523848014,538500
2021-02-25,196.17311096191406,203.16401044700117,195.33642442836518,202.82933867062462,845900
2021-02-26,196.0057373046875,198.60873802631355,193.04017673083152,197.17709543128623,1080100
2021-03-01,201.7974395751953,202.634111882819,199.84518527712095,199.8730734083608,757700
2021-03-02,198.56227111816406,202.0112498699766,198.54368848779677,202.0112498699766,805100
2021-03-03,196.15447998046875,200.25420498072006,196.15447998046875,199.3617423374197,732100
2021-03-04,191.6271514892578,197.4931915097047,188.25254575934034,195.86631765746347,805200
2021-03-05,195.18768310546875,195.6710868374815,186.29100041740685,194.10929474596773,763200
2021-03-08,195.4759063720703,198.84120723389833,195.22489895869126,196.26609388053487,958700
2021-03-09,198.0137939453125,199.64995915480307,196.78665939928362,198.91554803847217,960200
2021-03-10,200.31930541992188,201.67658932854096,198.9713270122178,199.9288573822899,825200
2021-03-11,204.35394287109375,204.6700177955532,202.04842014097989,202.85721845207877,766000
2021-03-12,205.66476440429688,205.93436861809457,203.61026284157063,204.2796064400268,659100
2021-03-15,207.75645446777344,207.88660382063307,205.26501994582753,206.08309551299567,551500
2021-03-16,204.93031311035156,207.81219519805433,203.77755176414257,207.81219519805433,655000
2021-03-17,206.23182678222656,206.4177523892755,202.4388848205271,203.80546001941937,696200
2021-03-18,200.97003173828125,206.60367504249925,200.5981805550307,205.06975699486068,801100
2021-03-19,202.09490966796875,203.4800816003999,199.3524681184511,201.22104376329497,738900
2021-03-22,201.03514099121094,202.49468616476724,200.23564807118987,202.42960439693033,720000
2021-03-23,195.2899627685547,200.24494369378573,194.46256751222677,199.97535367104345,672400
2021-03-24,192.3150634765625,198.34844602522088,192.3150634765625,197.4095125777526,822700
2021-03-25,196.08392333984375,196.6618699597732,189.3069757806407,191.2086153124932,831600
2021-03-26,199.5982208251953,199.71940868200318,195.8135752632223,197.9855546701125,477500
2021-03-29,195.7389678955078,200.10157357935697,195.0771286848244,198.8897378769586,627200
2021-03-30,198.15330505371094,198.68463970924876,194.82541905857647,196.0092904202434,636900
2021-03-31,199.56089782714844,201.04305914075744,198.88972775609457,199.16005342897168,513000
2021-04-01,202.63710021972656,202.63710021972656,200.6888350625651,201.08967947776225,588200
2021-04-05,203.4201202392578,204.95821003368243,202.53455295689443,204.4734871526792,680400
2021-04-06,203.69044494628906,205.17262048854928,203.4108026023946,203.64384737158926,853000
2021-04-07,201.43458557128906,203.95146638729167,201.05238871276086,203.80232853609448,583200
2021-04-08,202.69302368164062,202.89810421943164,200.57697316384622,202.5625191779485,735500
2021-04-09,203.177734375,203.49467181077048,201.98453220847634,202.9260420706306,572700
2021-04-12,203.40145874023438,203.84890068586228,201.99387354465335,203.29891847936932,686600
2021-04-13,203.3362274169922,203.99806659886653,201.60237375799935,203.47604858952226,674400
2021-04-14,204.5294189453125,206.50563407793246,203.73706102383983,203.73706102383983,530000
2021-04-15,205.70396423339844,205.99293748411006,204.10061501274888,205.81582117588692,510600
2021-04-16,206.5802459716797,206.8878668337465,205.1167177088703,206.73871473869713,721800
2021-04-19,204.4921112060547,206.44969287725866,203.40146343744334,205.8810630945888,607600
2021-04-20,201.21090698242188,204.3896275755664,199.69145017638783,203.97948063291315,1219200
2021-04-21,205.22857666015625,205.22857666015625,199.9804031978109,200.875301490843,907200
2021-04-22,204.343017578125,207.39123345347608,203.81166858353038,205.83449582863918,882700
2021-04-23,207.83865356445312,208.53778787320556,205.07939723405028,205.44294650564458,1198700
2021-04-26,209.96408081054688,210.26237080453575,208.87343268365328,209.29291054416188,629300
2021-04-27,210.11317443847656,210.84027303658686,209.19032618452695,210.48605463233122,450200
2021-04-28,210.383544921875,210.8496345639638,209.38610626031996,210.1505001008306,746400
2021-04-29,210.14114379882812,212.36906567362917,208.30476391702754,212.01483303681138,757900
2021-04-30,207.40052795410156,209.71232808227103,206.94375508577713,208.58438514061933,641800
2021-05-03,207.90391540527344,209.33947926663393,207.51240186779103,209.2276080959782,833000
2021-05-04,206.2633056640625,207.28869429990365,204.15657146561745,206.8785331559966,1059100
2021-05-05,205.88108825683594,207.40054482755943,205.37771777284982,207.40054482755943,581200
2021-05-06,206.10479736328125,206.2073376295883,203.07521539611903,206.2073376295883,862300
2021-05-07,208.39794921875,208.61234642071656,205.67598805943652,206.29122965526096,911500
2021-05-10,204.93959045410156,208.70558793652845,204.89297865212654,208.4166146777783,557700
2021-05-11,203.61587524414062,204.5387376794579,200.5490122447099,201.18290143306882,576500
2021-05-12,197.4075469970703,203.40145102373313,197.0905953330153,202.34809844636052,630700
2021-05-13,200.23207092285156,201.63033955468163,197.3423100608331,198.21856067927447,945300
2021-05-14,204.7997589111328,204.93026342476946,201.46255580650947,202.0777974667645,818500
2021-05-17,204.51077270507812,204.72516991592974,202.2455843137464,203.73706234322088,436000
2021-05-18,202.96337890625,205.9649971520611,202.96337890625,204.93027764218303,589800
2021-05-19,201.60240173339844,201.60240173339844,198.4423147803928,200.25074472365682,536200
2021-05-20,202.83287048339844,203.35488856412343,200.87530268067968,201.94730308045953,391700
2021-05-21,203.0845489501953,205.20059959049738,202.85150416411568,204.38027739184108,359200
2021-05-24,204.57601928710938,205.4242914071017,203.3641836849331,204.277715165499,498000
2021-05-25,203.14048767089844,206.44040997365593,203.00066648176704,205.41500717360685,337900
2021-05-26,205.70396423339844,205.95565657792207,203.69978481954877,203.69978481954877,365400
2021-05-27,207.5310516357422,207.94121274334043,206.29125164192945,206.98105511932172,522700
2021-05-28,207.4844207763672,208.52845679150926,207.02764790778056,208.49117588693585,307900
2021-06-01,209.33013916015625,209.59114817365872,207.82933022055474,209.1343895119916,803100
2021-06-02,209.5259246826172,209.88014310958664,208.34205310509256,209.74032191787842,583700
2021-06-03,207.91323852539062,208.68694895343572,206.13278709769165,208.43527081548498,1010800
2021-06-04,208.91065979003906,209.31148997770447,207.74543590879168,208.85473131956707,554100
2021-06-07,210.29959106445312,210.4673764593437,209.01317947460038,209.11571973500781,591100
2021-06-08,212.5834503173828,212.9190353682084,210.0292744181034,210.8682441571296,687700
2021-06-09,211.17587280273438,213.14277151250212,210.9335113277976,213.14277151250212,431400
2021-06-10,210.56060791015625,212.35038997541366,209.92671876108733,211.70718415647733,307900
2021-06-11,212.33175659179688,212.33175659179688,210.86824278516596,211.42754171695333,331200
2021-06-14,211.3623046875,213.34783659623776,210.61655852590496,212.73260917005246,608700
2021-06-15,210.5792694091797,211.51144858181692,209.25557669090588,211.43688676506028,365100
2021-06-16,209.96408081054688,210.95218864052256,208.2861551445844,210.27170170130066,379900
2021-06-17,207.30734252929688,210.23438480097346,205.4057031206613,209.51660279684475,460100
2021-06-18,203.52268981933594,206.10483022887314,203.33625682102814,205.46162429437416,581500
2021-06-21,207.91323852539062,208.3793281164593,204.296392970967,204.8929870785779,417200
2021-06-22,208.51918029785156,209.05984597384418,206.44974120916228,207.90393857441924,477300
2021-06-23,208.94798278808594,210.0013499405892,208.8734209617191,208.8734209617191,905100
2021-06-24,211.21408081054688,211.24211445568827,209.62544579587416,210.24220024821403,449900
2021-06-25,212.45697021484375,213.05504511087935,211.20473887004363,211.7000189749217,857700
2021-06-28,210.9057159423828,213.20456061176552,209.7936670515901,213.20456061176552,539900
2021-06-29,210.60665893554688,212.21398785379526,210.0553115503604,211.99905848078237,396800
2021-06-30,210.5225830078125,211.03655701236525,209.69088480380228,210.1674711029885,1040200
2021-07-01,211.99905395507812,212.50367383295105,210.89634494901557,211.71870324104665,874900
2021-07-02,211.09262084960938,212.662576486932,210.59734070586168,212.662576486932,748800
2021-07-06,208.79373168945312,211.39163494411292,207.28921188218675,211.2701463100437,608000
2021-07-07,207.79385375976562,209.91515675729687,206.167830886968,208.94327610025778,654400
2021-07-08,205.60714721679688,207.4667791008707,202.84104175200858,204.37360965217704,916100
2021-07-09,209.9338836669922,210.01799888880137,207.2145193957586,207.5602773036123,310500
2021-07-12,210.28897094726562,210.38242595642365,208.42932463518744,209.63482866085675,522100
2021-07-13,206.8313446044922,209.51333504494465,206.68182229706915,209.51333504494465,833400
2021-07-14,204.4857940673828,208.62559179930417,204.2708503802919,207.9714494584991,588000
2021-07-15,203.4764862060547,204.5698411719706,201.52338523657923,203.65402787670715,544800
2021-07-16,201.1963348388672,205.46696020242615,200.86925660291544,204.9716800800289,436200
2021-07-19,198.01905822753906,199.75721575360484,195.80431441146047,198.05644593218597,1181300
2021-07-20,203.5606231689453,204.29886640574793,198.00039236301217,198.34615022919704,535900
2021-07-21,206.56033325195312,206.73788920928052,204.60724623981588,204.60724623981588,613900
2021-07-22,204.46710205078125,206.06507733631503,203.4858814011334,206.06507733631503,523400
2021-07-23,205.75665283203125,205.87814147963383,203.8596332663331,205.4015552039507,338500
2021-07-26,206.1865234375,207.38267326997615,205.3828589320022,205.86879925745524,319900
2021-07-27,204.65396118164062,205.58845415507278,202.85973638375864,205.3735247637681,435100
2021-07-28,206.5042724609375,207.7658437959648,203.86900944584008,205.42027134806693,392900
2021-07-29,208.1863555908203,209.64416243269912,207.30792986321848,207.95273233387226,336900
2021-07-30,207.4107208251953,209.56005760115607,207.01823547189963,207.2892464301099,366700
2021-08-02,206.5790252685547,210.37306465835744,206.40146931280586,208.5508061163625,1083500
2021-08-03,207.74713134765625,207.74713134765625,204.5324732266569,207.27054506291077,409300
2021-08-04,205.74734497070312,207.99947677327594,205.6912776659475,206.50428210337066,490900
2021-08-05,208.31715393066406,208.4853700661505,206.18651127603533,206.18651127603533,270100
2021-08-06,208.93394470214844,210.17682209166253,208.12094036268633,209.3918514012004,353400
2021-08-09,208.03680419921875,208.87785636218626,207.04624400972304,208.41994970926297,293200
2021-08-10,208.5040740966797,209.30773864897475,207.5695810944404,208.38259970266606,339200
2021-08-11,209.9431915283203,209.9431915283203,207.4013695398626,208.80310897794308,359900
2021-08-12,209.48526000976562,209.95250643373154,208.48536007727782,209.92447278903194,412200
2021-08-13,208.69094848632812,210.03660620212895,208.27976935404348,209.5693597807563,330000
2021-08-16,207.28924560546875,207.90600015291884,205.8220847404135,207.46678729899986,344100
2021-08-17,204.64462280273438,205.85945226922595,202.54201359794797,205.59779537559103,468600
2021-08-18,202.9625244140625,205.62582074400623,202.8316959725133,204.4296709186334,405200
2021-08-19,201.00942993164062,202.579371170441,199.71048536171764,200.88794129081793,517200
2021-08-20,203.67276000976562,203.8316221191967,200.33662719324764,200.78517987041968,479000
2021-08-23,206.43885803222656,206.67248128899405,205.0931857917688,205.0931857917688,359400
2021-08-24,208.578857421875,208.7844470449623,207.01825565333638,207.27057278334956,324900
2021-08-25,209.74693298339844,210.58798516670103,208.13960402071027,208.8124400636602,380000
2021-08-26,207.80319213867188,209.9431889732665,207.4667741072576,209.64414438568457,274500
2021-08-27,212.43829345703125,212.8027451533268,208.24241479210545,208.24241479210545,383400
2021-08-30,211.92430114746094,213.04568978845305,211.19539781785454,213.0176561418705,1275100
2021-08-31,211.485107421875,212.2046710206265,210.81227132472088,211.7280847264888,380100
2021-09-01,212.75604248046875,213.4101847989744,210.79361552495175,212.3915907416418,487300
2021-09-02,214.391357421875,214.89599156837147,213.148480165275,213.41949108893456,356200
2021-09-03,213.79331970214844,214.45681604439167,213.15787127001227,214.06433067291363,414400
2021-09-07,211.9803466796875,214.0829555129148,211.85887231004324,213.75589158328336,367400
2021-09-08,210.48521423339844,211.71873761247147,209.23298274199527,211.5692153061499,342300
2021-09-09,210.064697265625,212.00844462094557,209.80304033887347,210.15815227913615,315400
2021-09-10,208.1489715576172,211.23278698510768,208.00878905503865,211.19541353995885,351300
2021-09-13,209.03675842285156,210.0927401615392,207.33597418033634,209.53203861232407,326100
2021-09-14,207.04623413085938,210.12072360093745,206.40143178111896,209.8684065381631,334400
2021-09-15,209.36383056640625,209.46662537910933,206.63511239010947,207.09301914837465,494100
2021-09-16,209.31707763671875,210.16745537052404,207.91533823426732,209.1582155488819,305100
2021-09-17,208.46669006347656,210.17681388183203,207.66302555199633,209.35445551867159,298300
2021-09-20,204.7194061279297,205.5884778489503,202.10282264891467,204.3736339916327,757800
2021-09-21,204.61660766601562,206.47623973836212,203.45783113277403,206.26131032612378,669900
2021-09-22,207.61630249023438,208.94328080327887,206.0183274885726,206.0183274885726,330300
2021-09-23,210.84031677246094,211.69070886773414,208.279814948724,208.53211780485205,412900
2021-09-24,210.20884704589844,211.09892443332868,208.9814755194418,209.81533959976184,349600
2021-09-27,211.9889678955078,213.15076180986534,210.48989419246485,210.705383267357,361600
2021-09-28,208.02578735351562,211.4830483877462,207.69785736359228,211.0239492611263,610900
2021-09-29,207.84774780273438,209.47800487489772,207.48234708094836,209.00017756067362,419000
2021-09-30,204.87770080566406,208.77531818698233,204.87770080566406,208.70036235699203,503000
2021-10-01,208.0726318359375,209.27189657188478,204.10943687724244,206.12382306593236,438000
2021-10-04,206.43301391601562,208.73784506047687,205.49608743210305,207.93208771245753,905100
2021-10-05,206.99517822265625,208.87840975960472,206.12384338333632,207.06076994416966,379600
2021-10-06,206.67660522460938,206.7234544070734,203.51916761634652,205.09319721332255,450000
2021-10-07,209.46864318847656,210.9489743272976,208.17568017498522,208.26936423765005,575800
2021-10-08,208.2412567138672,210.3399769985386,208.13819423791543,209.90898456373236,277200
2021-10-11,207.18255615234375,210.01206381565754,207.07949366815924,208.3818208975652,217400
2021-10-12,208.18507385253906,209.09389373796944,207.5854414401652,207.73535311734977,263700
2021-10-13,209.1688232421875,209.2344149538344,206.8639779588393,208.7003600322386,273300
2021-10-14,212.66354370117188,212.73849952642044,210.94896672656094,211.19257673270923,493500
2021-10-15,212.36375427246094,214.73417706605255,212.35437585821418,214.3593979052622,313000
2021-10-18,212.691650390625,213.16949198963374,210.97707341567525,211.7359957853312,421100
2021-10-19,213.50680541992188,214.31256274413192,212.5886071994376,213.66608120191694,436200
2021-10-20,215.04336547851562,215.48372205919532,213.21636173759094,213.70355320426202,442300
2021-10-21,215.65234375,216.06459364572854,214.3125458852444,215.0527114370391,364900
2021-10-22,215.6617431640625,216.86102228263,214.55617671399202,215.73669900249573,252900
2021-10-25,217.20767211914062,217.80730450703368,215.67111323164193,216.39255063932015,312000
2021-10-26,215.6617431640625,218.09775787586756,215.57742320696173,217.93848208033356,332400
2021-10-27,211.82968139648438,215.34315531440885,211.74536145358107,215.34315531440885,405800
2021-10-28,215.40878295898438,215.40878295898438,212.64485254172655,212.64485254172655,375500
2021-10-29,215.0152587890625,216.1301892692647,214.29382141075016,215.19326280779634,525600
2021-11-01,219.71861267089844,219.82167515038986,215.8959511084381,215.8959511084381,626200
2021-11-02,219.64369201660156,220.17774703123044,218.44442713392792,220.0091071085256,478800
2021-11-03,222.51068115234375,223.15714843281614,219.43756335505097,219.75611493610066,859500
2021-11-04,221.5362548828125,223.89731352529532,221.07717007480403,223.00723626253375,721400
2021-11-05,223.7473907470703,225.0872029298882,222.49191280528066,223.68181333333976,517600
2021-11-08,224.27207946777344,225.8554874536166,223.87857207485266,225.28396174801102,529300
2021-11-09,223.6818389892578,224.88110377215708,222.59500081214162,224.27209296598292,434300
2021-11-10,220.71176147460938,223.78487895860565,219.6717725866717,222.87605919633745,543800
2021-11-11,222.09844970703125,222.64186884158556,221.0116114379226,221.4800747301558,294900
2021-11-12,222.71678161621094,222.9884839827653,221.89228180648072,222.73550985089582,317600
2021-11-15,222.50125122070312,223.77547154623875,221.88289073488602,223.77547154623875,441100
2021-11-16,222.84796142578125,223.44759378078243,221.52689170267513,222.3045423702547,371100
2021-11-17,220.44003295898438,222.66054385857646,219.58742653978612,222.31388568002052,2231400
2021-11-18,219.48440551757812,221.7049311328749,218.09775824512639,221.33015194007413,436400
2021-11-19,217.4512481689453,219.06276274602982,217.4512481689453,218.2944905200407,479800
2021-11-22,217.1608123779297,219.92474255812914,216.92658076441512,218.95034533630826,397400
2021-11-23,216.7111053466797,218.3038775597311,214.63112734381775,217.16082607000106,414000
2021-11-24,217.00152587890625,217.42313990313696,214.57488991387046,215.38064719641994,351700
2021-11-26,210.3493194580078,212.54173787557824,208.21312862764555,211.85777137997388,540600
2021-11-29,210.66790771484375,213.8253451223406,209.25313969474973,213.46930851388848,964600
2021-11-30,205.79588317871094,210.04953714685723,204.54040520249754,209.2156732018961,891300
2021-12-01,201.5609893798828,210.78970622543565,201.55161096582137,209.59981994138744,741700
2021-12-02,206.84527587890625,207.51048571518479,202.04820228092453,202.40423894034168,904700
2021-12-03,203.4442138671875,207.97893456742696,201.91701914067193,207.97893456742696,814400
2021-12-06,207.25747680664062,208.88771944802,203.05067249798725,205.27118329372038,599100
2021-12-07,211.82032775878906,213.50679818210003,210.0120523254615,210.04953738840325,1086300
2021-12-08,213.16014099121094,213.70356007198924,210.88341647851453,212.56988702293614,429500
2021-12-09,209.2906494140625,212.76663877739546,209.20631516250864,212.2700688683479,1043400
2021-12-10,208.85963439941406,211.2487996133124,207.5292006076957,210.7147446953185,487600
2021-12-13,206.73277282714844,209.41238249322754,205.59910006247657,208.70032368480852,821300
2021-12-14,205.0931854248047,207.65100481741518,204.39049061732405,205.54292039497327,762800
2021-12-15,207.6416473388672,207.98831986703695,202.55414328201974,205.261860307993,703700
2021-12-16,204.55914306640625,209.6841316291099,203.7346432578015,209.36558008355348,1128200
2021-12-17,205.21498107910156,206.87334475214803,201.90763214635285,204.2030988868882,900900
2021-12-20,201.81398010253906,202.80713428869254,199.09689873250036,202.36677765131617,1885700
2021-12-21,207.70726013183594,207.7447309054154,203.8377487010405,203.8377487010405,693300
2021-12-22,209.36558532714844,209.51548268998886,207.34182081699436,207.6041590724185,573300
2021-12-23,210.9770965576172,211.56736481108624,209.79657434704257,210.12450433149502,493800
2021-12-27,213.3599853515625,213.3599853515625,210.0459582552053,211.42052255747615,685700
2021-12-28,212.79510498046875,214.75340158976041,212.20196299019304,213.33174562779362,618700
2021-12-29,213.21878051757812,213.42590901909205,211.62766355866043,212.84219107807988,508300
2021-12-30,213.11521911621094,215.0546820508938,212.93633410196935,213.71777084704414,563200
2021-12-31,212.78570556640625,214.29209216842366,212.66332189074404,212.95518088296768,480100
2022-01-03,214.15087890625,215.35598246509306,212.57858121532254,213.59539003671532,628400
2022-01-04,214.6310272216797,216.16565730678332,213.529487951146,215.29947567764344,715400
2022-01-05,208.60548400878906,215.68546277885036,208.60548400878906,214.89461637889121,566100
2022-01-06,209.61288452148438,211.33580925890158,207.25916455768495,209.2739482720586,668000
2022-01-07,208.00291442871094,211.1286611460233,207.5510042600994,209.6693520307953,684100
2022-01-10,207.2120819091797,207.26856888829067,203.36139959614022,207.1273514405132,664900
2022-01-11,209.64111328125,209.75408723446492,205.677457185661,207.7393036616609,486200
2022-01-12,208.91616821289062,211.6935691296375,207.80521933896458,210.77090060461842,627100
2022-01-13,207.24977111816406,210.89332531102616,206.7037063197819,209.7447087292512,962200
2022-01-14,206.90142822265625,207.07090355795367,203.625053521918,205.89404338438703,551300
2022-01-18,201.74205017089844,205.43268145601306,201.38428012903603,205.1973094528861,1060200
2022-01-19,198.9081268310547,203.57789816383365,198.87045927500455,202.80588565636666,787600
2022-01-20,195.74478149414062,202.9848268073465,195.44349842621511,200.00972115843533,911300
2022-01-21,191.82818603515625,196.94045914033074,191.82818603515625,194.605572849343,3159100
2022-01-24,195.66941833496094,196.05543179487208,185.80262985353951,189.3708624246668,2074800
2022-01-25,192.5907745361328,195.24577747537214,188.97546422250008,193.00503153652187,1168500
2022-01-26,190.38771057128906,197.1381780223103,188.60829876927065,195.64121550247853,827500
2022-01-27,187.29017639160156,194.31368227188312,186.33927880800715,192.30830849766744,764900
2022-01-28,190.88665771484375,190.9525687586695,184.45629410588546,187.47847636409665,1160600
2022-01-31,196.02719116210938,196.14957481349916,189.92633956329468,190.32176273555712,1008200
2022-02-01,198.427978515625,198.64453106944467,194.08771885577676,196.83687608108224,1039000
2022-02-02,197.64654541015625,199.06820131509554,195.83889038931346,198.8045858557621,830600
2022-02-03,193.9935760498047,197.07224536850154,193.68288333269174,195.71650055417763,950400
2022-02-04,194.78445434570312,196.28141683785532,191.89409361742,193.73940207711317,552100
2022-02-07,195.17987060546875,196.80864078648065,194.34194687889385,195.0480628630626,829500
2022-02-08,198.27740478515625,198.55043002026127,195.01984955304675,195.16106702534785,661900
2022-02-09,202.20338439941406,202.20338439941406,200.05679288090994,200.05679288090994,1114500
2022-02-10,199.3695068359375,204.2275886836548,198.1644032658636,199.3695068359375,671300
2022-02-11,196.91221618652344,201.48784859761417,195.4529212294,199.6142966077716,584900
2022-02-14,195.89544677734375,198.55043589696788,194.6150223153638,196.8275108540557,671200
2022-02-15,200.47100830078125,200.69697056475215,197.2511214605124,197.65596872104794,484900
2022-02-16,200.91354370117188,201.6290838118866,199.01174818766722,199.60487588906219,482700
2022-02-17,196.0648956298828,199.66138704562513,195.73536905050412,199.17180921413825,410200
2022-02-18,194.5867462158203,197.66541620826686,193.99361850422437,195.65063232549036,602500
2022-02-22,191.88467407226562,195.4905749694325,190.79254450407555,193.7770742164153,1380600
2022-02-23,188.2882080078125,194.1536747772244,188.1469761749439,193.22159639777698,1161600
2022-02-24,192.25181579589844,192.70372594072106,183.18529758344502,183.66545121444628,2212900
2022-02-25,197.32647705078125,197.32647705078125,191.77170329937823,192.4589855537525,792200
2022-02-28,197.7218780517578,198.80459780750724,195.1422102780583,195.1422102780583,858100
2022-03-01,194.0783233642578,198.24912240848707,192.6849252356195,197.23231370943773,577800
2022-03-02,198.63514709472656,199.50131438696278,195.23637461975093,195.28345189599622,672400
2022-03-03,196.68626403808594,199.80258705930405,195.24578852897886,199.21886908896357,936900
2022-03-04,193.34397888183594,195.33992887184795,191.59281060340206,194.82210759161833,1116800
2022-03-07,187.10191345214844,193.48520118969196,187.0642602517179,193.19334219696142,1418300
2022-03-08,187.75152587890625,192.23300336380993,186.4711016880815,187.2996156838993,1218500
2022-03-09,193.08033752441406,194.00299163089102,190.52889903048447,191.26325843281828,1005900
2022-03-10,192.9674072265625,193.20277925147656,190.11468506791334,190.6795836740944,884900
2022-03-11,190.13348388671875,194.7373592727435,190.02050993264587,194.10656408589367,689100
2022-03-14,187.36550903320312,191.24444909965496,186.49934185571428,190.54774285503825,812000
2022-03-15,190.3971405029297,190.47246127724415,187.58210018851622,187.81747222101066,1072300
2022-03-16,196.0742950439453,196.0742950439453,190.9714315648985,191.95999688516045,1005400
2022-03-17,198.93641662597656,199.02114709786886,194.9256685648063,195.02923281910805,707900
2022-03-18,200.98886108398438,201.27131036682715,197.71248675452313,198.21147426229285,1193900
2022-03-21,200.23565673828125,202.2410307332667,198.74811837157856,201.09241424811665,1138700
2022-03-22,202.0150604248047,203.18249619668742,200.84761028695704,200.84761028695704,1582700
2022-03-23,198.7367706298828,201.48363464038357,198.64238543843607,201.0305482727137,2108900
2022-03-24,200.8701171875,200.8701171875,198.4441883106898,199.57691163851524,959300
2022-03-25,201.52142333984375,201.55917454007866,199.56746384962386,200.94562031359786,622200
2022-03-28,201.60635375976562,201.60635375976562,198.87837251470575,201.2948523770397,1089300
2022-03-29,206.7508087158203,207.05287589130288,203.17328882675224,203.17328882675224,1189900
2022-03-30,203.45645141601562,206.34491466415977,202.41812794552598,206.2033152795327,503700
2022-03-31,200.60580444335938,204.3532412611153,200.60580444335938,203.17331819263694,654200
2022-04-01,202.3142852783203,202.9089709802713,200.3980917979832,201.57801460131168,648500
2022-04-04,202.63523864746094,203.03169101584803,201.34204775033953,202.72963824137224,1403700
2022-04-05,198.6423797607422,203.673572668776,198.1798448047989,202.5880349729961,1076400
2022-04-06,196.09378051757812,197.31145479133951,194.66842422735886,196.9150023672461,1199500
2022-04-07,195.6878662109375,196.8772378058622,192.89381662978727,196.03711880774208,710600
2022-04-08,194.9516143798828,197.01884196895708,194.2625433179775,195.6029342398222,401500
2022-04-11,194.0170440673828,196.3391382904083,193.6772257518999,194.10200944876854,1110600
2022-04-12,194.17755126953125,198.13264059147664,193.5356657449132,195.8011118713594,770500
2022-04-13,197.7078857421875,197.92498753108237,194.5928862873676,194.5928862873676,399600
2022-04-14,196.08432006835938,199.02941767468684,195.9899348702439,197.86836307067526,353000
2022-04-18,194.98931884765625,196.1220417951351,194.05481485422553,195.5556731197188,519800
2022-04-19,199.28424072265625,199.65237606770137,195.1498009406161,195.1498009406161,574600
2022-04-20,200.19046020507812,201.47421702191536,199.4447407934957,200.3414938078489,528000
2022-04-21,195.92381286621094,202.3520297817205,195.3291271839175,201.98389445538507,578200
2022-04-22,190.8076934814453,195.35748314640435,190.6755426913578,195.24420075250373,767100
2022-04-25,192.0442657470703,192.2141821498314,187.21130571926062,189.23133333119893,990300
2022-04-26,186.239013671875,190.9681389684918,186.14461408854083,190.82655399684472,886900
2022-04-27,186.01251220703125,188.41012398172825,184.98362273367576,186.81486566620674,1739600
2022-04-28,189.63719177246094,190.4489792569031,184.20954674598326,187.8248320311527,1163100
2022-04-29,184.11517333984375,190.9870431998428,183.94525695144378,188.7215825757631,990500
2022-05-02,185.6349334716797,186.42783828911627,181.39664477296154,184.23789423712122,1062000
2022-05-03,187.33401489257812,188.28738745926265,185.15350516319194,185.6349229491275,826900
2022-05-04,192.2991180419922,192.6295022193536,185.0213471687814,187.8437279651238,863200
2022-05-05,185.0213165283203,190.4584096354004,182.97297241662093,190.4584096354004,1014100
2022-05-06,182.1801300048828,184.48334224316065,179.79196675864188,184.19072361349328,1014400
2022-05-09,174.43038940429688,180.12235182104988,173.6374845196175,179.4049493415565,1910700
2022-05-10,173.67523193359375,177.5831363454388,170.182648320202,176.72414894199997,1496200
2022-05-11,169.9655303955078,177.0167507484279,169.66347762498387,173.70353245381168,4765800
2022-05-12,171.96664428710938,173.42031709581894,168.20034030791825,169.29531201257035,1104900
2022-05-13,177.53594970703125,178.70643859860712,174.05281443757937,174.05281443757937,835700
2022-05-16,176.51646423339844,178.32882406290017,175.52532612574834,177.13001837447175,817000
2022-05-17,181.66094970703125,181.81198331407884,178.0362295580341,179.59372222105955,775500
2022-05-18,175.12890625,180.19785131348604,174.32655277512288,179.60317986126813,1043400
2022-05-19,175.41207885742188,177.58314011078204,173.46756801076828,173.69410401411756,1148700
2022-05-20,175.00616455078125,177.93237920083777,170.7773247703536,177.25274243570666,1105800
2022-05-23,176.9978790283203,177.77191540732045,174.28878050853285,176.8090942345065,1086100
2022-05-24,174.4020233154297,175.8462476643844,171.38142384060134,175.44979533362766,954200
2022-05-25,177.76251220703125,178.6592509365376,173.68469081345094,173.68469081345094,790200
2022-05-26,181.84027099609375,182.73700948789786,178.70640337360945,178.70640337360945,945400
2022-05-27,186.34288024902344,186.39951424765,182.6048779027466,182.8974964978883,729700
2022-05-31,184.03965759277344,186.01248524824507,183.16178745498166,185.86145165844238,878600
2022-06-01,182.79364013671875,185.67265473951258,180.37716047121145,184.99301803316928,620400
2022-06-02,187.09799194335938,187.16406012584406,182.7747533748634,182.97297232567095,709200
2022-06-03,185.22901916503906,186.13520632231942,184.27564661274562,185.71043694370772,523200
2022-06-06,186.1729736328125,187.55113008635732,185.34231760371242,187.24906287333366,698700
2022-06-07,188.46673583984375,188.49505283828893,184.23788162951934,184.55883161749168,1421500
2022-06-08,185.47447204589844,188.00422018947359,184.86090340867054,187.47561695967326,499200
2022-06-09,181.33059692382812,184.86091779910734,181.2833971167736,184.62493316719363,671900
2022-06-10,176.11056518554688,179.13116468720003,175.591396270414,178.34769421588217,1008600
2022-06-13,167.5395965576172,172.01385441426487,166.79387731260664,171.33421775696453,1487300
2022-06-14,166.9165802001953,168.91772441406087,165.32132246605232,168.4740723434997,1378700
2022-06-15,169.16322326660156,171.40035288062842,166.31252499156562,168.64405421601182,632400
2022-06-16,161.1302947998047,165.6045683564574,160.11083951841454,165.28363273176737,1894300
2022-06-17,162.6971893310547,164.44348076886763,160.8281957210677,161.95148448776698,1401200
2022-06-21,165.25531005859375,167.0865385384063,164.33024001443388,165.07595944996362,1265600
2022-06-22,164.87770080566406,166.18977446392816,162.24411929136252,162.8954390216079,957400
2022-06-23,166.88467407226562,167.19722940128182,164.00539883092057,165.473456484631,1141800
2022-06-24,172.67166137695312,172.67166137695312,168.15383693764184,168.50428566345047,1050200
2022-06-27,172.93687438964844,174.08291077325978,171.34569914360995,173.35361489277983,1023700
2022-06-28,170.19017028808594,175.51304809440262,170.08598517843504,174.1302433140425,653700
2022-06-29,168.48532104492188,170.26593393678473,167.12144857048125,170.1522682625225,855100
2022-06-30,166.79949951171875,168.84530911102976,164.33694931416724,166.04179064692642,874500
2022-07-01,169.15780639648438,169.42300224016256,165.33138444840256,166.46794012875048,793800
2022-07-05,169.76394653320312,169.8207721414216,164.22321849850098,166.33531883245044,892700
2022-07-06,168.6084747314453,170.976305181463,166.86574053664376,169.61243252991838,616700
2022-07-07,172.5485382080078,172.82321464068917,169.85868621371543,169.85868621371543,749600
2022-07-08,171.93289184570312,173.438828441505,170.48378086452183,171.95183853460637,670300
2022-07-11,169.23355102539062,171.37407874906688,169.0062485783372,170.69214250372966,1776700
2022-07-12,168.6842498779297,170.5785142698117,167.68027761047628,168.6274098064173,4519900
2022-07-13,168.3337860107422,169.20514581845256,165.78599832028263,166.33533667881312,948700
2022-07-14,166.43955993652344,166.7805281526537,163.9959567962721,165.9659937725699,832600
2022-07-15,169.6976776123047,169.7545032329991,166.32588923158937,168.53270903179703,759500
2022-07-18,169.5082244873047,172.6905887598209,169.05360514897043,171.60137822886634,819900
2022-07-19,175.18157958984375,175.2478713293315,171.39305075699505,171.48775530656192,499400
2022-07-20,177.748291015625,178.05138024431014,174.887947841291,175.00161352809286,628700
2022-07-21,178.90379333496094,178.90379333496094,175.74037538533784,176.77274597245182,784400
2022-07-22,176.6780242919922,179.73727153143284,175.47517687115032,179.10269472737488,488800
2022-07-25,177.47364807128906,177.84302907578723,175.63620916867563,177.34105013254847,1201600
2022-07-26,175.96766662597656,176.98110491070432,175.5130472642362,176.80114749924132,500500
2022-07-27,179.68991088867188,180.36236661539462,176.687503736922,177.2178954233764,480800
2022-07-28,182.6449737548828,182.70179937572294,178.46811719804288,180.48551345041267,596500
2022-07-29,184.4918670654297,184.95596702652657,182.18087673506136,182.94805147223528,448000
2022-08-01,184.3782196044922,185.1643410475382,181.96302965693235,183.26061056995533,641300
2022-08-02,183.374267578125,185.27799811562383,182.7112779221869,183.51633162865082,664200
2022-08-03,185.6473388671875,186.22508996760487,183.94251282197064,184.55814284362256,493400
2022-08-04,184.94650268554688,185.8652220456358,184.54870890882125,185.8652220456358,567300
2022-08-05,186.25352478027344,186.310364846973,182.64495373162208,183.090106982189,368800
2022-08-08,187.8163299560547,189.86213910515053,187.4374683809862,187.57006631923733,514000
2022-08-09,185.5052947998047,187.4563846252053,184.78547960222738,187.4563846252053,436300
2022-08-10,190.55352783203125,190.74295137982554,188.65926344990794,188.68767625947254,437700
2022-08-11,191.28282165527344,194.1999760552434,191.0270919197893,192.47620300071569,611200
2022-08-12,194.62619018554688,194.64512242299165,191.6048363227959,192.23941312734738,716800
2022-08-15,194.93870544433594,195.12812894446117,192.7224056914023,193.1675588653442,472100
2022-08-16,195.6964569091797,196.56781682729127,193.86849864068373,194.40835649716885,385500
2022-08-17,192.65615844726562,194.06737613327218,191.35857754506486,193.24337576884741,481500
2022-08-18,193.84005737304688,194.10525320257932,191.8226613928782,192.6750744946484,441800
2022-08-19,190.05152893066406,192.44777196576214,189.46429720657,192.13521664134646,471300
2022-08-22,186.11148071289062,187.71213647257773,185.6568612951392,187.61741747000463,472700
2022-08-23,186.16827392578125,188.16672313462598,185.79889300339232,186.5755482234393,656600
2022-08-24,187.50375366210938,188.24251558597774,185.64736828156214,186.25353228196926,680500
2022-08-25,190.54400634765625,190.56295303399457,188.02464624397146,188.63081013801335,600700
2022-08-26,184.52029418945312,190.7713577688212,184.51081361852377,190.7713577688212,658500
2022-08-29,183.24166870117188,184.79496493796296,182.3229493069385,183.11853688995797,442600
2022-08-30,180.78858947753906,183.9993668890365,179.95510856058974,183.9993668890365,457000
2022-08-31,179.68045043945312,181.9535618680066,179.40577401681483,181.3189850479695,471900
2022-09-01,178.0134735107422,178.41126725448294,175.58881767150964,178.41126725448294,953200
2022-09-02,176.9716339111328,180.73174940327678,176.18551255500287,180.13505157163982,709000
2022-09-06,175.70248413085938,177.89983770822687,174.74588583931526,177.719880283104,650200
2022-09-07,179.76568603515625,180.07824138077564,175.40887233827294,175.40887233827294,657800
2022-09-08,181.6220703125,181.67891038577173,177.68201123902057,178.36394759737277,606300
2022-09-09,185.0222930908203,185.34431459127356,182.83440542669157,183.20378643064475,411200
2022-09-12,187.14382934570312,187.6742210126996,185.8083696078155,186.28193566078937,457300
2022-09-13,179.87936401367188,183.35533780751098,179.2542532294915,182.61657577242212,498200
2022-09-14,180.106689453125,180.54236223686166,178.13665244937442,180.23928740279607,414500
2022-09-15,178.99851989746094,181.99144666949564,178.20291786490898,179.23530294774758,593300
2022-09-16,176.13818359375,176.9716645885061,174.5091149869582,176.87694558379616,575300
2022-09-19,177.94720458984375,178.07032194996455,174.27232698313898,174.27232698313898,489100
2022-09-20,174.99209594726562,176.56433847134682,173.8555404842514,176.50751286600914,490300
2022-09-21,172.37806701660156,177.9472091910378,172.37806701660156,176.01505133570276,547300
2022-09-22,168.39060974121094,172.61482526716185,167.90757757284499,172.41592116719414,1103600
2022-09-23,164.72573852539062,166.33240380735486,162.38703931186728,166.25634701518706,1979200
2022-09-26,162.04476928710938,166.37040265747325,161.55040745743548,164.02220209945708,1053100
2022-09-27,162.44406127929688,165.41021783802788,161.02754537916843,164.08876203839858,1541600
2022-09-28,167.1594696044922,168.11015758642776,162.79581524893132,163.74650323086686,1298000
2022-09-29,163.53736877441406,165.41972712474552,161.6835299061824,165.15353562091477,1415300
2022-09-30,162.48208618164062,166.3323754028181,162.33947428079858,163.18558600294423,1057800
2022-10-03,167.08346557617188,168.02465219772122,162.73881316400144,164.4120338245336,858600
2022-10-04,173.890380859375,173.94741982993767,170.030589116895,170.030589116895,770900
2022-10-05,172.920654296875,173.77626776636478,169.7168401091968,171.5706789639906,1040400
2022-10-06,171.67529296875,174.270667935947,170.97177841260174,171.91296504100052,442900
2022-10-07,167.03587341308594,170.31574400802893,166.18026004269984,169.75484158730146,510700
2022-10-10,165.9711151123047,167.8629894811667,164.81127457550357,167.5207412161049,645600
2022-10-11,165.89501953125,168.08160435184195,163.22358915952694,165.14398255914364,1022800
2022-10-12,165.02996826171875,166.2278447293569,163.86062578715178,165.94263535580725,674200
2022-10-13,168.5570068359375,169.43163816691776,160.3335458815081,161.89267382044673,847000
2022-10-14,164.29791259765625,170.93371099699192,164.07924390579964,169.88794835960675,499400
2022-10-17,168.88021850585938,169.62175399749728,167.2925712606168,167.2925712606168,719900
2022-10-18,171.47560119628906,173.96641378443158,169.93549117702395,172.23615454758183,537300
2022-10-19,168.1957244873047,170.62948352251695,166.68413400148353,169.9259836645451,602900
2022-10-20,166.01866149902344,170.30625945159352,165.505281820164,168.42390114392236,592800
2022-10-21,169.33657836914062,169.6503072174352,164.8778483683446,166.33241466729248,692700
2022-10-24,170.211181640625,170.59146556343185,168.1386886601342,169.95450631237233,639900
2022-10-25,174.7554931640625,175.03118632973093,170.3538026276194,170.3538026276194,552600
2022-10-26,175.1832733154297,178.08287447590374,174.75546663747215,175.04066141854588,431200
2022-10-27,175.47801208496094,177.95930861818033,175.12626212829645,176.53327646130364,818300
2022-10-28,178.67230224609375,178.85293528428377,174.69841892495532,175.8202382907078,687500
2022-10-31,178.57720947265625,179.62297195241777,177.24625223145605,177.91173085205614,726700
2022-11-01,179.18568420410156,180.8303850174119,178.38710970311604,180.6497519622571,611500
2022-11-02,173.49110412597656,180.20296085619628,173.41504732514372,178.40616064228095,800900
2022-11-03,172.7209930419922,174.09950228031204,169.97350523599246,171.29496100760448,838700
2022-11-04,174.66041564941406,176.2195435242102,171.77031575552186,175.11674186716323,793200
2022-11-07,176.01988220214844,176.47622289917516,173.97590874889465,175.67763393255242,907200
2022-11-08,176.3811492919922,178.53921518488687,174.31815800476969,176.6473407802565,834200
2022-11-09,172.14109802246094,175.7251816481056,171.77031574427468,174.69843677847552,624400
2022-11-10,182.78880310058594,182.98843947590265,178.58676348413383,178.8624566474018,2322200
2022-11-11,184.7187042236328,186.04966178625673,183.3402093538403,183.53984573505917,574900
2022-11-14,182.4845733642578,185.28910028837646,182.44655222399518,183.739488588157,494100
2022-11-15,185.35565185546875,186.8102034239104,183.95813924949954,185.4792459450581,1567900
2022-11-16,182.07577514648438,184.32890113034458,181.67648791556917,184.1292502617129,876300
2022-11-17,180.50714111328125,180.69729033436636,178.4916870256491,179.34730049513664,630500
2022-11-18,181.5814208984375,182.89337507366199,180.0983498341048,182.89337507366199,405800
2022-11-21,180.90643310546875,181.3057348751292,179.7941297634556,180.79235517490818,518400
2022-11-22,183.42575073242188,183.55884647629773,181.17262474454225,182.09477878731536,666400
2022-11-23,183.94863891601562,184.69967610455947,182.74126101170847,183.54935166948422,423500
2022-11-25,184.98487854003906,185.1274759419396,183.82503798342103,183.91059642456136,384300
2022-11-28,181.07757568359375,184.1007570808303,180.63075108618833,183.18810456731933,534900
2022-11-29,181.77154541015625,182.85532916606877,181.3817598428185,181.3817598428185,453000
2022-11-30,186.42044067382812,186.50599912801715,180.2029463948037,182.28495581817185,789900
2022-12-01,186.49647521972656,188.350314037746,185.5172676772253,187.04787603596927,723600
2022-12-02,186.8767852783203,187.69436319915425,183.92014441439892,184.2338587528651,568300
2022-12-05,181.96173095703125,185.86906036738898,181.35329103819376,185.86906036738898,540700
2022-12-06,179.32827758789062,182.13280421633692,178.0543446749924,181.80005762213682,622400
2022-12-07,178.8433837890625,180.602162016635,178.33952041699257,179.0715540827024,619700
2022-12-08,180.09835815429688,181.7240267013225,179.22372683252388,179.90822343327656,627400
2022-12-09,178.40611267089844,180.3740292777736,178.3300558905164,179.28074388577045,612900
2022-12-12,180.7733154296875,180.91592733194372,178.08288118455965,178.98603187345904,677300
2022-12-13,182.17086791992188,186.6961530279864,180.86842973025657,186.13523596615147,605700
2022-12-14,181.3057403564453,183.6064038991831,179.965266606436,181.98072080780057,501200
2022-12-15,177.14068603515625,179.73729955419455,176.6270612430016,179.0144368804775,704800
2022-12-16,175.35252380371094,176.55095739028627,173.8021578400134,175.63786928049757,1407200
2022-12-19,173.06980895996094,175.8566481220904,172.40399793297493,175.57130261242148,791700
2022-12-20,173.8687286376953,174.72475047550193,172.25179043668695,172.93661371224127,834300
2022-12-21,176.86483764648438,177.41650170331522,175.24789928033823,175.42861856779862,728800
2022-12-22,174.68345642089844,175.5059018174188,171.69013516511114,175.5059018174188,1201000
2022-12-23,175.62066650390625,175.64935527341143,173.39241298677945,174.7408435233489,697000
2022-12-27,175.0468292236328,176.06055239575517,174.2243839357492,175.61107563421098,746300
2022-12-28,172.1300506591797,175.77367004224038,172.08223118271152,175.41025953202885,1045600
2022-12-29,175.9840545654297,176.51003959327693,173.0289803516896,173.26806312866975,1084400
2022-12-30,175.52499389648438,175.706699130156,173.87054527152532,174.26264450287425,896600
2023-01-03,174.53042602539062,178.07842083266897,173.2011263779913,176.9212537791631,561300
2023-01-04,177.1890106201172,178.0975221726873,175.54412009458986,175.54412009458986,887200
2023-01-05,175.2763671875,176.31876461016262,174.11921469957687,176.09881253759502,415100
2023-01-06,179.23561096191406,179.65639906980365,175.62067980589174,176.92129096097887,397100
2023-01-09,179.79026794433594,181.9037663445751,179.55118514121847,180.60315531191782,678600
2023-01-10,181.86549377441406,181.92287130885154,178.9486808367149,179.49379659878156,380100
2023-01-11,184.48583984375,184.5527754340671,182.37234164807197,182.65924390253548,533200
2023-01-12,186.75234985351562,186.89579369214346,183.54863459457488,185.2317867942381,627600
2023-01-13,187.61302185058594,187.85210461750276,185.08830841564253,185.42303012630768,478900
2023-01-17,187.46957397460938,188.464166435256,186.89576950943217,187.23049121286115,556900
2023-01-18,184.87796020507812,189.5639773904596,184.84925684314652,188.49289108350533,2643300
2023-01-19,182.84095764160156,184.15112666713756,181.82724894221266,183.56776407320265,726500
2023-01-20,186.20721435546875,186.2263304687922,182.5731536579622,183.8641917450356,508400
2023-01-23,188.837158203125,189.34401255302166,186.0159695932839,186.5802160707254,424100
2023-01-24,188.0338134765625,188.9710284474935,187.10617115566313,187.7947307050411,624100
2023-01-25,188.38766479492188,188.45460038247853,185.1839498383682,186.57062698655776,410400
2023-01-26,190.0612335205078,190.54895709089513,187.7373415372959,189.74564253056775,594700
2023-01-27,191.18016052246094,191.9165249891593,189.14317053721737,189.61177804621593,514400
2023-01-30,188.66500854492188,191.333180631424,188.6076310105808,189.6787172314949,433400
2023-01-31,193.35101318359375,193.35101318359375,189.2005397463437,189.2005397463437,733800
2023-02-01,196.44955444335938,197.91274002008475,192.0695557719521,192.9589513809661,644100
2023-02-02,199.6436767578125,200.82953258445198,197.7214564849307,197.96053926181696,874500
2023-02-03,197.82666015625,199.8923389203396,197.11896985953732,197.15723127690293,805400
2023-02-06,195.14892578125,197.00421048664515,194.64207145564674,196.5834224595508,684100
2023-02-07,196.81292724609375,197.29109275709376,193.11191626808542,194.69942926679425,468800
2023-02-08,194.36476135253906,196.5738841239716,193.9439732832269,195.76099675439528,355200
2023-02-09,191.79220581054688,196.5069111485164,191.23753201917611,195.82792423650457,403100
2023-02-10,191.84002685546875,192.03129015932925,190.2716444158852,190.96018939129203,375800
2023-02-13,194.1065216064453,194.26909613989844,191.2662171148928,191.94521860633057,559000
2023-02-14,194.27865600585938,195.55057811260727,191.98346721609826,192.9015514874754,393300
2023-02-15,196.1721954345703,196.22000031371127,192.9015449533426,193.23625206959912,509400
2023-02-16,194.0969696044922,196.34433897023513,192.9493605920352,193.76224787711644,373000
2023-02-17,193.88658142089844,194.1256642069392,192.1938712098424,193.70487616871463,352000
2023-02-21,188.6841278076172,192.15559975675794,188.52155327269475,191.68700685976216,473000
2023-02-22,189.3535614013672,190.5202865329538,188.5789355304271,189.23880633677007,538600
2023-02-23,190.0994873046875,191.46704831119135,187.80429859325878,190.55852212848245,426200
2023-02-24,188.52154541015625,188.884941287934,186.71408030116592,187.89036341210786,360800
2023-02-27,188.80844116210938,191.08451383876687,188.4928647419845,190.08993592022208,563600
2023-02-28,188.89451599121094,190.5202758827599,188.81800775493812,188.93276281312035,447100
2023-03-01,189.23880004882812,190.01342589402933,188.25378019721992,188.66499555999908,708200
2023-03-02,190.1951446533203,190.45334355843593,187.20182347051514,188.1007770904282,538800
2023-03-03,192.87286376953125,193.16933869052158,190.195148161827,190.8741351221893,408800
2023-03-06,190.43423461914062,193.20758923439405,189.87956077759875,192.79637382688963,317000
2023-03-07,188.12948608398438,190.85503600399008,187.7756481884062,190.32905089403815,507700
2023-03-08,188.13900756835938,188.9232060511925,186.8383967277112,188.41635175080683,371600
2023-03-09,183.14698791503906,188.80846702424648,183.04179089643654,188.27292387225418,642100
2023-03-10,177.69586181640625,182.63053330750938,176.07966008214373,182.63053330750938,1065500
2023-03-13,174.386962890625,177.47590792063218,172.1969567388522,174.00442173690013,807100
2023-03-14,177.3802947998047,179.81894211207677,175.53458271398802,178.98693869437238,539700
2023-03-15,173.97576904296875,174.3869990444223,171.03983986577663,173.79406378133504,817900
2023-03-16,176.40484619140625,177.23684960270828,171.3458463553837,172.70383480527812,841800
2023-03-17,172.3021697998047,175.06596605121837,171.60405219377785,175.06596605121837,946700
2023-03-20,174.65475463867188,176.06056253253465,173.2202579790123,173.72711229802897,519400
2023-03-21,177.9349822998047,178.6044112271923,177.1221095281398,177.5524556534278,394900
2023-03-22,173.09593200683594,178.37488385337375,173.09593200683594,177.97322653572317,391400
2023-03-23,172.38145446777344,176.57792690776014,171.0658633689974,174.54210448404717,716300
2023-03-24,173.7546844482422,173.9755468032979,169.74066902952563,171.14269733966927,654400
2023-03-27,175.62725830078125,176.6259524344369,174.35007214570066,175.99217281733215,501600
2023-03-28,175.87692260742188,176.66436661236492,174.9358435002863,175.51202275526154,592600
2023-03-29,178.22962951660156,178.26803462617158,176.64514400597412,177.60543292653156,750800
2023-03-30,178.47930908203125,180.3134645368787,177.99916459560083,179.68926791281106,671800
2023-03-31,182.03240966796875,182.10923455862235,179.61247689735427,179.6797041714948,475800
2023-04-03,181.94595336914062,182.9350498417264,180.29425515897182,182.23404299237413,486400
2023-04-04,178.92105102539062,182.5509422226876,177.893534776312,182.5509422226876,494500
2023-04-05,177.40377807617188,178.42168197383637,176.24182205065082,178.05676750001481,504700
2023-04-06,177.46141052246094,177.9511526385174,176.27064688480633,177.19253077409493,551300
2023-04-10,179.44920349121094,179.49722087251627,176.50112383551118,176.75079370431243,410000
2023-04-11,180.98565673828125,181.81150580843396,179.87171805708059,180.25584242275994,899000
2023-04-12,179.77572631835938,182.733403810066,179.57405916295508,182.5317513075103,419500
2023-04-13,181.55223083496094,181.91714533349946,179.71807538041307,180.37107950133216,570500
2023-04-14,180.38067626953125,182.6277489384301,179.19952494144545,181.54263236830278,372800
2023-04-17,181.98434448242188,182.0035543632523,180.36146854697253,180.72636836567594,489000
2023-04-18,181.7635040283203,182.94465541684102,180.8992497738608,182.743002928796,395400
2023-04-19,182.08038330078125,182.42608789922187,180.44789506202957,180.93763713780126,979200
2023-04-20,181.14892578125,182.09000494732456,180.43830660932136,180.78401125338826,560400
2023-04-21,181.26416015625,181.49463480881042,179.80453131524587,181.26416015625,447600
2023-04-24,180.98565673828125,181.88833068156984,180.07338518066803,181.04327172992157,417500
2023-04-25,177.03887939453125,179.85251911159128,176.962054516724,179.73728912130403,432200
2023-04-26,175.5120086669922,177.44218410638484,175.14709419127624,176.84680966945544,518200
2023-04-27,178.1240234375,178.2968684353434,175.30077124993858,176.12662042961404,502200
2023-04-28,179.8717041015625,180.20781106384896,177.6534391784383,177.6822466720234,413700
2023-05-01,179.94854736328125,181.45620806162736,179.51642026248697,179.58363287010772,533900
2023-05-02,176.69317626953125,179.0266715097241,174.6957733881427,179.0266715097241,681400
2023-05-03,176.62594604492188,179.85251762186405,176.51071605558906,177.02928031328082,907600
2023-05-04,174.0619659423828,176.07857855380573,173.0152545267754,175.72327633909495,589600
2023-05-05,178.03758239746094,178.50812930272735,176.45311134044104,176.52033860669962,564500
2023-05-08,177.7590789794922,179.09387996523722,177.03886230402875,178.87301762089191,387900
2023-05-09,177.2981719970703,177.979969017001,176.12661818379846,176.73159032138452,407700
2023-05-10,177.6918487548828,179.46838905248853,175.95372821825364,179.46838905248853,349500
2023-05-11,176.61634826660156,177.41338988205882,175.68486677943145,176.87563039520742,524300
2023-05-12,176.45314025878906,177.816749162583,175.20476136992554,177.3173946764675,923400
2023-05-15,178.48892211914062,179.08431129769505,176.5971515069178,176.77960877198217,812800
2023-05-16,175.7232666015625,177.50940449609405,175.7232666015625,177.42296736113715,774300
2023-05-17,179.0074462890625,179.3051334851869,175.8768952909534,176.5875143080062,609500
2023-05-18,180.66873168945312,180.87039878185104,178.0951647752339,178.51767953286623,771400
2023-05-19,179.2283172607422,181.71546196107252,178.54650570380696,181.58102210302349,1184100
2023-05-22,180.79359436035156,181.48500353696355,179.04586153812522,179.62204073625045,470000
2023-05-23,179.29554748535156,182.0419743334169,179.22832022879095,180.1790115175679,552200
2023-05-24,177.25013732910156,178.47930602105507,176.45309573695494,178.28725116034607,425800
2023-05-25,176.61634826660156,177.8455169945039,175.13750967776025,177.39417999957212,535100
2023-05-26,178.44091796875,178.7193953454731,176.70278248312678,176.86602986297797,444200
2023-05-30,178.32566833496094,179.84292674704275,177.528626688895,179.26674747309102,507400
2023-05-31,176.32827758789062,178.4217154184787,175.07991349620676,177.47102394666615,482300
2023-06-01,178.05679321289062,178.59455273438192,175.4832256020828,176.55874464506542,486100
2023-06-02,183.61688232421875,183.75132220995656,179.79492121723914,180.09260848902656,605000
2023-06-05,181.89791870117188,183.261527158502,180.6975575958272,182.7813827163641,454400
2023-06-06,185.5182342529297,186.02718625069772,181.49462099850723,181.49462099850723,591500
2023-06-07,188.1686248779297,188.61996187598035,186.2960642758297,186.2960642758297,757300
2023-06-08,187.58285522460938,188.0245946247701,185.998384189449,187.6884876038099,588700
2023-06-09,186.49774169921875,187.88054561431048,185.89275491253315,187.62127812245777,480800
2023-06-12,187.52523803710938,187.98617266239728,185.78711726107696,186.67058139823192,380400
2023-06-13,189.89715576171875,190.4733350410982,188.09180769565435,188.49512733008086,639500
2023-06-14,188.52395629882812,191.23196384300124,187.1411377005915,190.3677095455275,741400
2023-06-15,190.3292999267578,190.43493231566848,187.6596973555782,187.6596973555782,832700
2023-06-16,189.3113555908203,191.34716339605134,188.53352391628755,191.07828367282633,414900
2023-06-20,188.08218383789062,188.63915315615262,186.99705269603143,188.43748604065343,465300
2023-06-21,187.5732421875,188.43749638055812,186.68016584534988,187.371575060935,581000
2023-06-22,186.27687072753906,187.13152741845883,185.33579153652423,187.13152741845883,654200
2023-06-23,183.75967407226562,185.321448238258,183.5957854619186,184.42487853864134,419800
2023-06-26,184.7815704345703,186.06377333210736,184.03923934433237,184.0874453364991,458800
2023-06-27,187.95333862304688,188.3293218238115,184.67552240394681,185.10934691092086,558400
2023-06-28,188.4642791748047,188.57996178071687,186.66147520705834,187.75086878074012,589100
2023-06-29,190.65272521972656,190.71058124470613,188.53179365971403,188.9463475981705,512300
2023-06-30,191.74209594726562,192.48442705261579,191.14438282135976,191.93490520945426,685100
2023-07-03,192.48440551757812,192.91822998656744,191.4914239535173,191.4914239535173,272700
2023-07-05,190.5948944091797,191.587876258507,190.05502249619468,191.587876258507,489300
2023-07-06,188.17506408691406,188.859539141422,186.16018017941454,188.50284128795738,459600
2023-07-07,189.98753356933594,191.59751388796067,188.1847292567733,188.4353945647304,434700
2023-07-10,192.7929229736328,192.83149365312175,189.5633273106262,189.5633273106262,376700
2023-07-11,195.12596130371094,195.36697657938765,193.13999778579958,193.51598102743907,409800
2023-07-12,196.71669006347656,197.94105190179332,196.40818341963978,197.642180574174,558100
2023-07-13,198.0663604736328,198.297740445552,196.71668074678513,197.56504455634405,508000
2023-07-14,196.03216552734375,198.0277789124732,195.09702515514357,198.0277789124732,480300
2023-07-17,197.401123046875,197.91207419482095,195.28984183519054,195.70438099996042,399800
2023-07-18,199.26182556152344,199.62817355018814,197.40117966743995,197.7193216506897,557000
2023-07-19,200.01376342773438,200.66931793386087,199.2039556106115,200.1583667127901,564100
2023-07-20,198.70262145996094,200.18726898836408,197.93136968620172,200.18726898836408,736400
2023-07-21,198.23023986816406,199.73417283955408,197.96030393537126,199.73417283955408,288800
2023-07-24,198.37484741210938,199.72452700498744,197.72892827048886,198.34592675729087,418000
2023-07-25,198.59657287597656,199.5991898781125,197.94101843427305,198.16274835303702,360400
2023-07-26,199.7534637451172,200.28370031016138,198.00851544866705,198.49054601499716,285700
2023-07-27,197.26617431640625,201.1513393084022,196.69738180729823,201.11278333761723,371200
2023-07-28,199.63778686523438,199.8980874974617,198.74120233663174,199.10755028492164,434000
2023-07-31,201.24774169921875,201.36342431645906,200.2258393525185,200.4957752663486,339400
2023-08-01,200.46685791015625,200.6596671788636,199.02076632924476,199.90770073362197,506600
2023-08-02,197.7000274658203,198.78940656430706,196.85164894488418,198.61588261797326,665700
2023-08-03,197.09266662597656,197.87355381477187,195.7140515127159,197.02517528353454,407000
2023-08-04,196.83236694335938,199.00150457177867,196.58171633537708,197.67109545235158,461400
2023-08-07,197.71926879882812,197.8928074298523,196.30209793881232,197.3336502794022,474000
2023-08-08,196.25390625,196.41779485593656,193.94015100702842,195.40552785653674,712900
2023-08-09,195.01992797851562,196.53351107929606,194.4511354176287,196.4563844203003,627400
2023-08-10,194.5282440185547,197.36258595431102,193.7184362398828,195.81044702332088,1123100
2023-08-11,194.66323852539062,195.32844311657817,193.54492398688419,193.79558931713265,776400
2023-08-14,194.807861328125,194.807861328125,192.8797388530705,194.06553005631503,815900
2023-08-15,192.20484924316406,193.73771751180735,192.06024596801112,193.73771751180735,444800
2023-08-16,190.17068481445312,192.9279001129736,190.14176415866203,192.01204502197794,500900
2023-08-17,187.64483642578125,190.9708440041433,187.64483642578125,190.7876700565992,633800
2023-08-18,188.55108642578125,188.95599035414855,186.08309217073898,186.34337809657117,517100
2023-08-21,188.4642791748047,189.25480149920898,187.09531440003425,188.63780308367296,458000
2023-08-22,187.76052856445312,189.534412111904,187.3363540506934,188.9463342712044,470500
2023-08-23,189.94894409179688,189.96822943136354,187.3652675852126,187.991901372292,463400
2023-08-24,187.63522338867188,190.58524810773426,187.55809673263298,189.46693366077824,661200
2023-08-25,188.44500732421875,189.38978299772626,186.34334666717953,188.36788067795638,558600
2023-08-28,190.0646514892578,190.97087133179423,189.40909696255835,189.41873227839596,494600
2023-08-29,192.9182586669922,192.9182586669922,189.14877640436166,189.96823418681328,497400
2023-08-30,193.82449340820312,194.33544463100782,192.29163973978905,192.66762299261524,394900
2023-08-31,193.80520629882812,194.9524413883833,193.75700030061722,194.14263357589917,572000
2023-09-01,195.69476318359375,196.36960299495632,195.01990866182658,195.27057395633597,390700
2023-09-05,191.75173950195312,195.01990591634706,191.75173950195312,194.6246520605163,477200
2023-09-06,191.1540069580078,192.9953669316029,190.19958130693954,191.87705268173755,359600
2023-09-07,189.63082885742188,190.3056687331325,188.76317969013763,189.99717680869594,844700
2023-09-08,189.20663452148438,190.05501303417014,188.8499366061077,189.8332830903202,350100
2023-09-11,189.5247802734375,190.87447472624146,189.29341500925835,190.34423814515438,299000
2023-09-12,189.48623657226562,190.5274244597256,188.98492061673153,188.98492061673153,399400
2023-09-13,188.0786590576172,189.74649519771324,187.4423752600223,189.74649519771324,359800
2023-09-14,190.3538818359375,190.75878577647129,189.25485265151536,189.7754539396349,658100
2023-09-15,188.6956787109375,189.76578714148897,187.89550621688502,189.70794582801136,614000
2023-09-18,188.1269073486328,188.84995326926818,187.62559139141166,188.58001730239687,372400
2023-09-19,187.39419555664062,188.66674852005613,186.62294375830163,188.1365119892978,729100
2023-09-20,186.03488159179688,189.11987433468173,186.0059609340828,188.3100664978755,645100
2023-09-21,182.48809814453125,185.02359110477414,182.48809814453125,185.02359110477414,1424100
2023-09-22,182.03323364257812,183.80419782366744,182.00420241119298,183.3300111999441,607900
2023-09-25,182.93325805664062,183.2526164151516,181.12357545839586,181.14291977104438,547800
2023-09-26,180.23324584960938,182.86551944423306,180.1848555357408,181.9364756245686,800000
2023-09-27,181.60743713378906,182.50743491224978,180.1751606928227,181.52034343264447,861600
2023-09-28,183.44613647460938,184.3945244905097,181.4525798269082,181.85903183372264,601100
2023-09-29,182.9719696044922,185.3913375967239,182.60422094434486,185.15907295347554,540500
2023-10-02,180.54287719726562,183.00096283623978,179.67191080759125,182.4977302636971,717500
2023-10-03,177.2525634765625,180.00096171356964,176.50739407029087,179.39127631147022,773400
2023-10-04,178.05580139160156,178.30741033170676,175.69449601016225,177.62030336580293,734900
2023-10-05,177.9009552001953,178.47192245815043,176.70094345298273,177.83320581366715,631300
2023-10-06,179.52674865722656,180.53321385141683,176.1493209273167,176.92352151515965,469500
2023-10-09,180.7848358154297,181.32677183604153,178.24934310471752,178.46224865090775,488600
2023-10-10,182.86550903320312,183.9687402000038,181.4622638441582,181.58807569972353,675400
2023-10-11,183.25259399414062,184.18163772038116,181.87839486503515,183.2138906069281,407100
2023-10-12,179.62353515625,183.5913040698535,178.47191377449758,183.5913040698535,527300
2023-10-13,178.2396697998047,180.28161695488188,177.57193664481278,180.1074295492275,388500
2023-10-16,181.1912841796875,181.51064249253744,179.17836845322805,179.60417953702796,467200
2023-10-17,183.38807678222656,184.6848543616513,180.37838268869663,180.4170860756523,498000
2023-10-18,179.3622589111328,182.03325058028545,179.0912908818927,182.03325058028545,809200
2023-10-19,176.47837829589844,180.1364614956027,176.18805118534328,179.01387121033625,845800
2023-10-20,174.3396453857422,176.86546607006997,174.3203010744836,176.65256051302703,862100
2023-10-23,172.92674255371094,175.23965767772737,172.5106035958424,173.42028828980406,787500
2023-10-24,174.23318481445312,175.4525556350977,173.26543769541414,174.31060635597413,731900
2023-10-25,171.10736083984375,173.49769733654352,170.88478314351974,172.87833978881457,824700
2023-10-26,171.75576782226562,173.1396539880683,170.84608309742268,171.57189349277817,1300600
2023-10-27,169.60733032226562,172.4718678790976,169.20087836284668,172.39444634873487,919900
2023-10-30,170.8460693359375,172.0751123077367,169.37510435182335,171.15575550100309,1155900
2023-10-31,172.30738830566406,172.57835633465868,170.49769103823212,171.1751258773687,838600
2023-11-01,173.18801879882812,173.18801879882812,170.8073545552932,172.25897513225036,995900
2023-11-02,177.184814453125,177.30095414740197,175.09447715592708,175.38480424164607,758900
2023-11-03,181.32675170898438,182.28482656049522,179.55577291678713,179.55577291678713,925800
2023-11-06,179.3138427734375,181.7428972975965,178.49126664837502,181.56869515151695,589700
2023-11-07,179.05258178710938,179.7106427609685,177.9106324717102,178.84934838832956,698600
2023-11-08,177.93966674804688,179.56548966614176,177.3396682302493,179.03322577132943,673400
2023-11-09,175.49124145507812,178.94610541219163,175.22027347020426,178.94610541219163,704200
2023-11-10,177.50416564941406,177.64933656977388,175.08479797656742,176.1493256592793,784000
2023-11-13,177.2816162109375,177.86225568496616,176.0912912608605,176.8171016783844,560400
2023-11-14,185.2171173095703,185.48808531686927,181.25903520535053,181.44290951744244,944000
2023-11-15,186.0880889892578,188.43005003673323,185.2751849446701,185.52680864893486,1101700
2023-11-16,183.77517700195312,185.98163931209896,182.9622729438256,185.2461567976002,836300
2023-11-17,185.61392211914062,185.85585892722952,184.6752061224236,185.1203615799827,489400
2023-11-20,186.5623016357422,186.81391058851273,184.8300406673428,185.62358568248072,625500
2023-11-21,184.98486328125,185.94293828333352,184.83970711425997,185.64293902712095,526200
2023-11-22,186.1461639404297,186.81389704745717,185.3622763713425,186.0106799346583,714100
2023-11-24,187.0945587158203,187.32682334835334,185.47842274356654,185.90423385321898,318900
2023-11-27,186.66876220703125,187.15263582100215,185.31392199457304,186.25263798700865,585500
2023-11-28,185.9042205810547,187.25906059081458,185.32356642450125,186.5913127407727,599000
2023-11-29,187.0945587158203,189.33005227484585,186.83326285005182,187.53004198100132,736700
2023-11-30,188.15907287597656,188.48811813240988,186.82359183901687,187.830042386193,1050100
2023-12-01,193.31715393066406,193.45263793298236,187.3751873718783,188.0235761520193,1199500
2023-12-04,194.8171844482422,194.90427815134254,192.19459783277392,192.19459783277392,1262800
2023-12-05,192.2332763671875,194.01392742247933,191.76876191073057,193.83005311749787,595500
2023-12-06,191.95265197753906,195.24298636148166,191.7010282693667,193.37524146098443,692400
2023-12-07,193.0364990234375,193.08488932770754,191.3816451239468,192.22359507163222,879100
2023-12-08,194.13006591796875,194.91393867299774,192.61069594753613,192.87199178809522,842700
2023-12-11,195.1074676513672,195.26231071091084,193.64617503937208,194.120361605085,677300
2023-12-12,194.96234130859375,195.69782380386067,193.66554894503352,194.90426407740367,754800
2023-12-13,200.65269470214844,200.65269470214844,193.98491729090486,194.96235138335015,870100
2023-12-14,205.6365966796875,206.60434382714712,203.41077528720047,203.6817433071572,1600400
2023-12-15,203.94305419921875,206.14951667667836,203.09143192137446,206.14951667667836,1021800
2023-12-18,204.15594482421875,205.11400505001174,203.51722816259036,204.7753024082267,792200
2023-12-19,207.31077575683594,207.4462597541663,204.92043934442623,205.3268913364174,1039400
2023-12-20,203.4882049560547,208.35597212080916,203.28497154964748,206.81725763890512,1613800
2023-12-21,206.5980224609375,206.65638385739484,204.4677424341972,205.72257182872826,882000
2023-12-22,207.97927856445312,209.0395500886145,206.66610273001675,207.35673231843722,764400
2023-12-26,209.59402465820312,210.20684898732046,207.94038749168274,208.2808339080014,769000
2023-12-27,210.0122833251953,210.6640251213739,209.1757354004761,210.25546568886168,945800
2023-12-28,209.8372039794922,210.5667510872896,209.13683756859274,209.21465770787867,969800
2023-12-29,207.5123748779297,209.9831011445372,207.39565209385052,209.30219349961965,780200
2024-01-02,206.13108825683594,207.72636386009535,205.15835886844184,206.04354617412187,980000
2024-01-03,201.01455688476562,204.30238753491915,200.81029198982804,204.2537480885661,945700
2024-01-04,200.7908172607422,202.04564660046637,200.59627433348987,201.05345837600348,558800
2024-01-05,201.22854614257812,202.67791843537492,199.13718366267918,199.92509217982553,543900
2024-01-08,204.40936279296875,204.40936279296875,200.32390213618677,201.1409912990085,764600
2024-01-09,202.911376953125,203.7576468572755,201.792729137317,202.38609471817543,729200
2024-01-10,203.36856079101562,203.67010455689007,201.62736669893405,203.1545591166517,523700
2024-01-11,202.3179931640625,203.1059016029027,200.2557967439145,202.81407981449118,853800
2024-01-12,201.73435974121094,204.85682780183484,201.34527389886009,203.9619036476156,572700
2024-01-16,200.04180908203125,200.91727450850686,199.04963571176884,200.24608880101104,1369900
2024-01-17,198.43682861328125,199.11773633116437,197.13337457580857,197.70728144926184,945000
2024-01-18,200.04180908203125,200.1001853179353,197.78508443530885,199.79862671512257,621300
2024-01-19,202.04562377929688,202.2498886349041,198.8647945865056,200.8491559686227,842700
2024-01-22,204.91519165039062,205.57664055885107,203.2907352329583,203.2907352329583,812800
2024-01-23,204.19537353515625,206.66611476103694,203.3685623711207,206.17001321994144,809600
2024-01-24,202.60980224609375,206.62717945841396,202.44444002754065,206.2186348873993,1044000
2024-01-25,204.10781860351562,205.4404531763912,202.80436472620133,204.47746053752272,923300
2024-01-26,204.50665283203125,206.0241084579755,204.0981082283289,204.9054606415455,634200
2024-01-29,207.24002075195312,207.24002075195312,203.942468375532,204.66227869860842,664200
2024-01-30,206.24781799316406,207.02600449867202,205.69336994126053,206.46181965324558,693700
2024-01-31,201.919189453125,206.77311495490036,201.792729869683,205.6350083892704,766000
2024-02-01,204.6719970703125,204.72063650895495,200.73244002303792,203.164263528433,578300
2024-02-02,204.4580078125,205.4501960188146,201.87054388361764,203.1350951516384,640600
2024-02-05,202.00672912597656,202.93081916250625,200.3141744891274,202.93081916250625,551200
2024-02-06,203.3588104248047,203.4463525104727,201.50089366803863,202.15263544180632,613300
2024-02-07,203.92300415039062,204.82765026970674,202.43472925853305,204.2148259579982,490900
2024-02-08,206.36456298828125,206.4813006244112,203.69929358655384,204.13701890468593,1984200
2024-02-09,208.2905731201172,208.41701786242376,206.31593341745483,207.123285842977,850400
2024-02-12,210.6154022216797,211.43249146553055,208.48512217382407,208.77694400167786,680000
2024-02-13,204.4482421875,206.5882585743709,202.95996750923985,205.04160766882848,4469300
2024-02-14,208.32943725585938,208.76716248252814,205.74197369530674,207.0454422681196,5489500
2024-02-15,212.2495574951172,212.4051977653064,209.7010111521293,209.7010111521293,590900
2024-02-16,210.29437255859375,212.31765150323838,209.98309202433788,210.5959162994836,1001300
2024-02-20,208.55319213867188,208.78665255450727,207.66801960264442,208.25164837822226,665600
2024-02-21,207.9208984375,208.12517813165286,206.48126315631364,207.5901740209401,659500
2024-02-22,210.11929321289062,210.50839391712717,208.6407550648144,209.43838553381946,987100
2024-02-23,210.8002166748047,211.5589444981071,209.7399302383712,210.3916572228656,704900
2024-02-26,211.0336456298828,211.92855491910333,210.07065299915243,210.6251010528043,592700
2024-02-27,212.8040313720703,212.9402129048444,211.89938524225585,212.55111220929425,623300
2024-02-28,212.1717529296875,213.0180376842731,211.2671216228407,211.67566623006257,473700
2024-02-29,213.5724639892578,214.8759178187447,212.31764959814606,214.00046729868282,623300
2024-03-01,215.25527954101562,215.391461061503,212.6386499575563,214.11718793922705,717500
2024-03-04,215.64437866210938,216.86029038730717,215.45955770505174,216.22800738460086,656600
2024-03-05,214.0296630859375,215.74166160169005,213.32929668343104,214.47712517080083,736400
2024-03-06,215.47903442382812,216.33502625675683,214.64248649340047,216.09184389143104,683700
2024-03-07,217.30776977539062,217.80387133205852,216.51986123559416,216.60740333053275,588200
2024-03-08,216.80194091796875,220.2162158866612,216.2572148099615,218.71821908964128,1009700
2024-03-11,215.7805633544922,216.9186549648913,214.88565409270842,216.2474693078853,609100
2024-03-12,216.3739471435547,216.98677146345082,214.71057320783964,216.1113060289315,712300
2024-03-13,217.1423797607422,217.8816636038985,216.13074771572929,216.37393006567854,520100
2024-03-14,214.1658477783203,217.0937581690446,212.41493174621195,216.8603125932128,537800
2024-03-15,214.0102081298828,214.84675607865088,213.22229962378103,213.3293004605772,822700
2024-03-18,213.71839904785156,214.8564907501633,213.42657723741098,214.5257514489046,561000
2024-03-19,214.99266052246094,215.27474552342983,212.91102015777344,212.91102015777344,735100
2024-03-20,218.33885192871094,218.96139816319024,214.31175272758827,214.73001925329282,795700
2024-03-21,220.7706756591797,221.45158328453778,219.36020612626356,219.7201261046245,1155400
2024-03-22,218.5335235595703,221.06042659919228,218.43595364286526,220.79699973375196,607000
2024-03-25,218.65061950683594,219.9579731662832,218.5432985415332,219.08965440595412,500300
2024-03-26,218.46522521972656,220.1335755454102,218.26034923320012,219.9872206679548,579800
2024-03-27,222.250732421875,222.250732421875,219.56772317704505,220.01650911396047,1043000
2024-03-28,223.021484375,223.9483391496749,222.592200507888,222.61171747105155,828500
2024-04-01,221.1092071533203,223.401951279429,220.8165122961144,223.32389832503551,769500
2024-04-02,217.7725372314453,219.07012489156003,216.86518459731195,219.07012489156003,634300
2024-04-03,218.6896514892578,219.19698834499704,217.0896028400018,217.2749767807766,553000
2024-04-04,216.38711547851562,221.12872486186174,216.00661660336783,220.66042198946752,588500
2024-04-05,218.104248046875,218.74817379264752,216.06516473900845,216.4066296863147,522500
2024-04-08,219.1091766357422,219.74333651781436,218.23109192931787,219.23601456698907,365800
2024-04-09,219.80186462402344,220.34823536902923,217.86035112083073,219.8994345502589,555900
2024-04-10,215.011474609375,216.82616498574868,214.02606901782698,215.45050948217445,502200
2024-04-11,215.4017333984375,216.01639117793567,213.54802390929893,215.71394525058912,488600
2024-04-12,211.66502380371094,214.68951274089596,210.7674370921719,214.3675498627765,527600
2024-04-15,208.52346801757812,213.66509338289137,207.86004017022432,212.86506168652673,918800
2024-04-16,207.4893035888672,208.77715520306984,206.09414589389544,207.69419448642893,881700
2024-04-17,206.06488037109375,208.88447868353174,205.76241954018226,208.68933882176142,751300
2024-04-18,205.6258087158203,208.2307648131281,205.07945288992383,206.5916973354386,816300
2024-04-19,206.22096252441406,207.3234401701257,204.8550728734196,205.23557176813097,758900
2024-04-22,208.338134765625,209.4406126009865,206.01612195949843,207.05029785702047,434600
2024-04-23,211.4210968017578,212.08453946620367,208.53321194356872,208.53321194356872,480500
2024-04-24,211.20648193359375,212.1723706135311,209.7625393196827,211.23574993416028,406400
2024-04-25,210.15280151367188,210.5430663557973,207.4795580587499,209.0893577321579,369600
2024-04-26,211.28453063964844,211.85040345099887,209.8210710924912,210.5040159037485,395200
2024-04-29,212.6406707763672,213.04068662840874,211.59674403305831,211.93820899763875,513900
2024-04-30,208.58200073242188,211.53820266028958,208.45517769717824,211.37233081398315,437900
2024-05-01,208.61129760742188,212.41628666147696,207.71369594059144,208.18201373730673,668800
2024-05-02,211.50894165039062,211.82115352622452,208.30884435850132,211.05040464926722,676500
2024-05-03,213.41146850585938,215.41151831078736,212.8163275953017,214.6797884152041,610800
2024-05-06,216.3676300048828,216.37738104296506,215.07002736005484,215.12856336271037,1001100
2024-05-07,216.3578338623047,217.56763233418403,216.06515388990394,216.43588681730455,455400
2024-05-08,215.45053100585938,215.55785197545003,214.48464227954358,214.82612215199055,406100
2024-05-09,217.97743225097656,217.9969492144571,215.40174389355138,215.6651707957543,681500
2024-05-10,217.1188507080078,218.87500513264675,216.65054782379752,218.54329120995948,1076600
2024-05-13,217.47007751464844,219.35306982791792,217.37252247943593,218.54328711154608,454500
2024-05-14,219.67503356933594,220.3091934054867,218.6506089295631,219.51892764788712,381000
2024-05-15,221.41168212890625,222.20194792620595,220.38725743767006,221.59705605905424,414700
2024-05-16,219.87014770507812,221.49946410141624,219.72380771534807,221.23603723282287,529700
2024-05-17,220.06527709960938,220.1433300580687,219.1676904079466,219.91893710692293,553700
2024-05-20,220.3579864501953,220.9921463096089,219.63600770232028,220.15309555989273,337600
2024-05-21,219.82138061523438,220.17261150621704,219.20672283424457,219.83114654006314,339300
2024-05-22,218.34815979003906,219.78235128714735,217.4505730855699,219.16769353493527,312100
2024-05-23,215.03099060058594,219.206727455251,214.4358497696272,219.206727455251,321800
2024-05-24,217.16763305664062,217.28471994159437,215.62612057395725,216.42615225830738,315500
2024-05-28,215.90908813476562,218.62136555535548,215.13832436521943,218.2213496692407,604100
2024-05-29,213.38214111328125,213.90897994115693,212.92358931537154,213.7138550007244,520700
2024-05-30,214.71876525878906,215.3529250448564,213.5772687116206,213.88946564278208,359400
2024-05-31,216.8749542236328,216.8749542236328,213.89926488555588,215.79199350192218,395000
2024-06-03,215.3724822998047,218.9140594792916,213.94804166496908,218.4067226232716,405800
2024-06-04,212.416259765625,214.4846110011087,212.416259765625,214.16264813928882,811900
2024-06-05,215.3627166748047,215.3627166748047,212.53335256082747,213.79193613360306,408700
2024-06-06,214.44558715820312,215.47976275275656,213.79191041234535,215.02121094957474,345500
2024-06-07,212.61138916015625,214.05533166303397,211.96746342304664,212.83578210960493,396700
2024-06-10,213.25531005859375,213.51873692453967,210.80645997022023,211.08938890988125,375200
2024-06-11,212.46505737304688,212.7870202540345,210.47474408822896,212.1040605680777,533700
2024-06-12,215.43101501464844,218.10427334110358,214.806606157961,216.91399163193665,489900
2024-06-13,213.68463134765625,215.3334649775711,212.4065456024555,215.12857407099705,416700
2024-06-14,210.75770568847656,211.90895346256323,209.65522799285557,211.71382848745648,486100
2024-06-17,212.52359008789062,212.65042800825063,209.77227908582793,210.46498979853587,442600
2024-06-18,212.7772674560547,213.46997822220123,212.06505461379436,212.42603655395297,456200
2024-06-20,212.13333129882812,213.42118283936017,211.52843945304627,212.69920410720613,579600
2024-06-21,212.8943328857422,212.91383495988995,210.74791376312803,212.44553209999208,310700
2024-06-24,213.99679565429688,215.21634520765693,213.04067297284485,213.13824289194545,346100
2024-06-25,212.435791015625,213.87973358542243,211.5772233263551,213.8602166232808,587900
2024-06-26,211.91871643066406,212.26018141056548,211.02111476095243,211.76261049792456,416600
2024-06-27,213.01144409179688,213.08949706399505,211.5870034015741,212.14312524583025,537100
2024-06-28,213.5569610595703,215.3493369621903,212.34246576352083,213.87038884246004,414300
2024-07-01,211.86253356933594,214.78125878771704,211.5589097474819,214.49722793841912,666300
2024-07-02,212.67544555664062,212.7635915053979,211.6568352769781,212.25429383809535,817000
2024-07-03,213.10641479492188,214.27195000841178,212.63628809324018,213.2239427340777,467500
2024-07-05,212.02902221679688,213.00846154791944,211.1181508124808,213.00846154791944,408600
2024-07-08,212.66567993164062,214.01729612973332,212.31308115277753,212.83218283484555,441800
2024-07-09,211.6470184326172,212.9202924134618,211.19648475858475,212.82234251299047,452000
2024-07-10,213.40023803710938,213.62550488998443,211.6862192735895,212.40120577318453,630900
2024-07-11,219.0320281982422,219.34544102106594,216.279805996157,216.5638368338741,701400
2024-07-12,221.20639038085938,222.39150366372922,220.18776505444706,220.44242885857958,771400
2024-07-15,223.64520263671875,224.781355996763,221.70591669116743,222.6167882150418,700400
2024-07-16,229.57078552246094,229.60016750695615,224.6148248701593,224.81070974848012,1617000
2024-07-17,226.86753845214844,230.51105398204226,226.66184961551616,227.66088192405047,1020600
2024-07-18,223.42970275878906,229.20840396891177,222.7343091801249,226.2504929073251,786700
2024-07-19,222.5286102294922,223.70393442297268,221.58835685273095,223.55702450318435,438200
2024-07-22,225.2122802734375,225.35919019383272,221.17699504596314,223.58640741079293,691100
2024-07-23,226.13296508789062,227.00466552383685,224.2720213297068,224.69318802755515,755800
2024-07-24,221.33370971679688,226.5933094167881,221.11823185485747,225.09476834197437,830800
2024-07-25,223.47866821289062,226.88711286739397,221.4022616335467,221.91157426538769,697000
2024-07-26,227.327880859375,227.76862558124915,225.3396201592057,226.221109602954,620900
2024-07-29,226.58351135253906,228.51300820142697,225.7803788012836,228.10164543931182,642000
2024-07-30,227.1809539794922,228.59134903306258,225.7509808993866,227.13197902303742,509900
2024-07-31,228.60113525390625,232.0879518471111,227.07321227955512,228.78723111912615,660400
2024-08-01,223.08689880371094,230.0017380334825,221.55897585090744,228.9439417711436,1808600
2024-08-02,216.5050811767578,218.14074317241898,214.03688971761912,218.13095415869375,1727900
2024-08-05,210.35418701171875,213.13579109463979,205.4961614070604,205.63328231410418,1119300
2024-08-06,212.61669921875,215.3885144160345,209.6294061654887,211.17692215611353,769200
2024-08-07,210.7753448486328,216.36795010546666,210.412957072037,215.74110952010872,609400
2024-08-08,215.53543090820312,215.72152678449342,211.66664828632395,212.42082080521544,673200
2024-08-09,215.64315795898438,216.19164159884804,214.04666705040685,215.55501200509022,415500
2024-08-12,213.95851135253906,216.14265679933357,213.48838467478876,215.96636489957382,367800
2024-08-13,217.38656616210938,217.69999393555,214.51681596870546,215.25139549951572,385300
2024-08-14,216.9947967529297,218.3366239156996,216.1622673052635,218.3366239156996,912200
2024-08-15,221.5001983642578,222.23477786130275,219.92330044613237,220.60891993275413,398500
2024-08-16,221.6569366455078,222.5874011218526,220.59914025990562,221.0692819502131,445800
2024-08-19,224.04673767089844,224.04673767089844,221.99971314085028,222.25436197612436,426300
2024-08-20,221.9507598876953,223.98799560424337,221.3435122507164,223.80189972967008,483800
2024-08-21,224.67361450195312,224.69320747554065,222.16625190490964,222.979188440602,414500
2024-08-22,223.18482971191406,225.486518057347,222.84203492210042,224.9086524540452,598200
2024-08-23,228.55218505859375,229.0712867338384,224.3405927400493,224.74216647223747,695900
2024-08-26,228.0624542236328,230.40331362714898,227.90574034384358,229.8744080191248,498700
2024-08-27,227.27890014648438,227.6119059327949,226.14274693371624,226.92630138890317,471800
2024-08-28,225.94688415527344,227.32789733629355,224.92825878038474,226.50515685809583,447500
2024-08-29,227.20053100585938,229.19858056148612,225.84890001687054,227.34744091985496,400200
2024-08-30,228.62071228027344,228.689280202702,225.8587013142866,228.1995605684083,389800
2024-09-03,222.72450256347656,227.7294382476776,222.01930503475896,226.98506972072389,573200
2024-09-04,222.2152099609375,224.11532473775307,221.53939440165166,222.0193101300857,545700
2024-09-05,221.0398712158203,223.0379359122177,220.266120684558,222.42088432288045,589400
2024-09-06,217.66079711914062,222.58737573075328,217.2102633986475,221.49040846862246,727200
2024-09-09,218.69900512695312,220.2661140595398,218.00361156009834,218.70880908525652,412300
2024-09-10,218.2582550048828,219.2474982852899,216.18184842392677,219.2474982852899,673600
2024-09-11,219.43357849121094,219.60988534009184,214.34049702053414,217.71955968266195,495600
2024-09-12,221.7352752685547,222.32294486034112,218.767575214656,220.20735226398014,1723000
2024-09-13,225.97622680664062,226.24067959092275,223.20441191302905,223.27297983471803,567100
2024-09-16,227.50418090820312,227.68048777029463,225.89790090220728,226.3484495986108,626400
2024-09-17,228.84600830078125,230.44249929451817,227.95472981098973,228.82643027335487,511400
2024-09-18,228.97332763671875,233.24368375556193,228.05265226620244,228.89497069613668,515300
2024-09-19,232.8323211669922,233.40039777776164,231.01056339626885,233.20451289871727,774800
2024-09-20,231.32398986816406,232.0193984166367,230.3935254289868,231.9704234577202,523000
2024-09-23,231.9410400390625,233.07719332064934,230.98119361947457,232.0389899562907,509800
2024-09-24,232.51890563964844,233.292671128418,231.559059220283,232.83233341865866,593300
2024-09-25,230.20741271972656,232.7147899493608,229.77647196992473,232.6168400386897,503700
2024-09-26,231.8626708984375,233.50813676195386,230.99097048317043,232.41115453792352,1395900
2024-09-27,232.89907836914062,234.74592922604475,231.97565294068858,233.51797306899664,452300
2024-09-30,233.02679443359375,233.40008291847212,231.0129433050179,232.1917782372064,534900
2024-10-01,230.64944458007812,232.9481898014188,229.20538199073772,232.88925030671496,701000
2024-10-02,230.65927124023438,231.55322685692923,229.28395144769652,230.24667979938246,393700
2024-10-03,229.6376190185547,230.26633196972605,228.25249586920938,229.7653312552564,568400
2024-10-04,232.45703125,232.81068324426826,230.33511928439052,232.21144000369426,407600
2024-10-07,230.59051513671875,231.7595317982976,229.15627073741135,231.7595317982976,635100
2024-10-08,230.98345947265625,231.6318089025248,229.79479137011663,230.77715625199454,329000
2024-10-09,232.10336303710938,232.91872771663338,230.33510318932832,230.75751290840154,421900
2024-10-10,230.95401000976562,231.25854075154254,229.40187156131242,230.62982777150958,726800
2024-10-11,234.79501342773438,234.8736044131678,231.19956952976648,231.19956952976648,360700
2024-10-14,236.3570098876953,236.41594938557577,233.9403855467003,235.10940222032758,376100
2024-10-15,235.86582946777344,238.2922720829243,235.728298974958,235.7872384733504,513100
2024-10-16,238.12525939941406,238.64591162705125,236.71066645376,237.29025818042032,407800
2024-10-17,237.83056640625,238.64591614443677,236.9366106816116,238.64591614443677,362200
2024-10-18,238.10560607910156,238.6164250276971,237.5653023933769,238.42978829053638,651500
2024-10-21,235.21746826171875,238.17438139302766,234.72628578205084,237.8109111547773,484900
2024-10-22,233.98948669433594,234.50032061492388,233.16430381548486,234.4806691207518,369400
2024-10-23,232.54542541503906,233.98950304880995,230.84593829797163,233.34113860309665,522700
2024-10-24,233.26254272460938,233.88143740889018,231.96582885004338,233.40007321114967,340500
2024-10-25,232.29983520507812,234.91292950525616,231.789001246542,234.62803528254017,381500
2024-10-28,234.92274475097656,235.50233645225634,233.43937912828622,233.63584911299304,422900
2024-10-29,234.75575256347656,234.9227528056882,232.7026134219519,233.80285736579296,477600
2024-10-30,234.8441619873047,237.35901385494154,234.22526727358016,234.22526727358016,375700
2024-10-31,231.48448181152344,235.05047146288848,231.39607256141517,234.39228872924946,515300
2024-11-01,232.07388305664062,234.1368402966801,231.58270062000764,232.9678236991419,453100
2024-11-04,232.69277954101562,234.54944868600606,231.5827173470411,231.84794508939726,479800
2024-11-05,236.59275817871094,236.59275817871094,231.76934293726475,232.2507071330512,432900
2024-11-06,246.33782958984375,246.5736025742544,242.69326401773893,245.94488960552556,940700
2024-11-07,246.80935668945312,248.3221920020875,246.14134077954427,247.00582666659156,826500
2024-11-08,248.6758575439453,249.0982822580869,246.60306694403005,247.2023101503477,1026800
2024-11-11,251.7310333251953,252.7232315767829,250.74866831709699,251.0531990712554,817900
2024-11-12,248.7347869873047,251.6524268975701,247.86048283536473,250.3753345537674,815200
2024-11-13,247.55596923828125,250.90583734018435,247.33002949521938,249.7564721389134,1279900
2024-11-14,244.736572265625,248.89197159435344,244.28467781628322,248.39097089178435,1392500
2024-11-15,241.96632385253906,244.6678276371599,241.43585334120903,244.5401153888191,833800
2024-11-18,242.96832275390625,244.05874843844228,241.8975485653139,242.49679177915263,827000
2024-11-19,244.11767578125,244.2650245192425,240.2078677062957,240.6793986575704,872600
2024-11-20,245.37510681152344,245.4045765597425,242.71290629107398,244.31415090653988,650500
2024-11-21,249.30458068847656,250.14941516159035,245.9841822958223,246.76025901573493,680500
2024-11-22,253.1849365234375,253.48946726820648,250.0020685990426,250.0020685990426,1135300
2024-11-25,256.9670104980469,258.7058156468223,255.65064506222652,255.65064506222652,817400
2024-11-26,255.3264617919922,256.25969044851814,254.33426366110513,256.01409922636964,1422600
2024-11-27,255.13986206054688,257.89047231740653,254.45219450663032,256.4267579285137,597500
2024-11-29,255.91590881347656,257.5957445237562,255.78819657023075,256.45619755708583,291700
2024-12-02,255.3461151123047,256.33831330853025,254.31464390311515,256.2400708173219,849800
2024-12-03,254.76654052734375,255.9846635579611,254.00029701140681,255.70960255171198,845900
2024-12-04,255.74888610839844,256.05341684290676,254.24586894216733,255.35594612639403,843600
2024-12-05,253.43051147460938,256.28919697377563,253.30279923900088,256.0927119990859,556800
2024-12-06,254.06903076171875,255.40503259289912,253.45013609779974,255.16927461784297,498100
2024-12-09,252.1436004638672,255.56221097164126,252.1436004638672,254.98261930485654,486100
2024-12-10,250.17889404296875,252.34009405618747,249.92348453794213,252.34009405618747,571800
2024-12-11,251.8194122314453,252.62495863606512,250.99422932161426,252.2811249287862,1469800
2024-12-12,249.90380859375,251.95696264567226,249.90380859375,251.3675377044096,674400
2024-12-13,248.79373168945312,250.65040076960955,247.7426090304847,250.65040076960955,679700
2024-12-16,249.61892700195312,250.58164040651377,248.04713716660208,248.6955015979118,1122800
2024-12-17,246.76025390625,249.0982872812762,246.25923818891607,248.63657455612903,1322000
2024-12-18,236.69100952148438,248.00785775470248,235.67917483896022,247.7622665212801,925500
2024-12-19,235.7577667236328,240.08998470540843,235.5318119954466,238.9406195274109,1464900
2024-12-20,238.46908569335938,240.54187628599774,234.3431560037107,234.86380821511142,957200
2024-12-23,238.52230834960938,238.66035290698449,236.18540582628492,238.25608923263988,1090600
2024-12-24,240.51412963867188,240.54370954334132,237.84197794533304,238.86744974724346,427800
2024-12-26,241.55931091308594,241.94386469487625,238.7392448313807,239.64639695648276,639000
2024-12-27,238.7688446044922,241.26351691756162,237.20104944408507,240.35636471696637,685300
2024-12-30,236.73760986328125,237.9603011088418,234.28238746476345,236.99398910187537,634100
2024-12-31,236.92495727539062,238.98577089107275,236.28403927582264,237.99973394051904,1060400
2025-01-02,236.66859436035156,239.77460475304522,235.5543677855866,238.78856779717677,652000
2025-01-03,240.0901336669922,240.28733804069614,236.65871437248,237.76308594753496,600700
2025-01-06,240.47467041015625,243.05808212767127,240.1788563477112,241.92414577498155,669500
2025-01-07,238.49273681640625,242.15094028380506,237.38838031865365,241.8748511593669,698000
2025-01-08,238.6209259033203,238.80827531857753,235.7712799106842,237.46726455464707,635700
2025-01-10,234.7950897216797,236.03750578096324,233.81892287021782,235.6628069636265,1063600
2025-01-13,236.4220733642578,236.4615082204103,232.5370855440174,233.20758341871414,1087000
2025-01-14,239.02520751953125,239.58724072635272,236.8066245040028,238.34483965411923,711800
2025-01-15,242.39744567871094,244.77379814757325,241.83539744058035,244.5371438821927,1192000
2025-01-16,244.01454162597656,244.53713995528727,241.5593044414149,242.7918505097379,721600
2025-01-17,245.04989624023438,246.1641077135929,244.50757293246033,245.97677333975201,525700
2025-01-21,249.1123504638672,249.16165531576652,246.55851862020236,246.6866931802666,809300
2025-01-22,247.7516326904297,249.4279075017554,247.66289297803607,249.3786026462936,590900
2025-01-23,248.6291961669922,248.71795092197888,246.22327879020682,247.31778034157261,1034500
2025-01-24,248.2939453125,249.53636141540517,247.73191211249002,248.90528336584774,467200
2025-01-27,245.83872985839844,248.00800805332844,244.3991093483,246.1443988934743,621400
2025-01-28,246.56838989257812,247.28819263162117,245.28653888699196,246.33175066096365,474600
2025-01-29,245.523193359375,247.76150138312613,244.41883682235178,246.73601455955082,550500
2025-01-30,248.54046630859375,249.61524295192456,246.6867120645153,247.37694995248802,755400
2025-01-31,246.1542510986328,249.62510519921784,245.5330430370387,248.73766296183643,531900
2025-02-03,243.16656494140625,244.6949251733993,239.77459553628677,240.88882206822166,1018000
2025-02-04,245.0794677734375,245.2865270911427,243.02850927227624,243.3637581980942,457500
2025-02-05,247.14028930664062,247.14028930664062,244.5075725753598,246.06551269099484,560200
2025-02-06,246.74588012695312,248.76724374236994,245.0301704985491,248.29395024153504,923200
2025-02-07,244.25120544433594,247.12056136890723,243.7384620470476,247.09098146576838,672900
2025-02-10,244.73434448242188,245.78941113956884,243.95538198683593,245.78941113956884,719000
2025-02-11,243.33419799804688,244.21177028417262,242.71298990317555,243.5116924733229,1136200
2025-02-12,241.68751525878906,242.38760810716047,239.59712175808352,240.3070695594042,870000
2025-02-13,244.62588500976562,244.62588500976562,242.0720531113378,242.88061057178572,690300
2025-02-14,244.4878387451172,245.93731414671362,244.12300991809244,245.25694629954853,415500
2025-02-18,246.28244018554688,246.31202008882366,244.68505017995523,245.18793862711865,685000
2025-02-19,245.00057983398438,245.68094767477348,244.12300763031993,244.84281032539272,646100
2025-02-20,242.6341094970703,244.8921273992806,241.04658947124415,244.61603826833078,832900
2025-02-21,236.26431274414062,244.09344848650161,235.62339474885837,243.63000991918193,869600
2025-02-24,235.47547912597656,237.20104377018436,233.769639433364,237.1714638656563,1064700
2025-02-25,234.8641357421875,236.62913520405752,232.8033221959776,235.49519876743886,874400
2025-02-26,235.2782745361328,237.95044126002975,234.7359512107224,236.0671070962089,929500
2025-02-27,231.94546508789062,236.26431169794583,231.86658032723554,235.9093377978628,798800
2025-02-28,234.27249145507812,234.36123116055583,230.82136248192612,231.1566113997718,879000
2025-03-03,228.6225128173828,235.9093247975986,227.3209369068945,235.3472765510526,964300
2025-03-04,225.32916259765625,229.03665602386405,222.10481763604022,226.00953048408005,2000400
2025-03-05,228.19851684570312,228.46475102652474,224.00785994172557,225.32916084738102,850500
2025-03-06,223.8697967529297,227.3603755799671,222.94293476497296,225.31927210633415,969400
2025-03-07,225.18125915527344,226.18702108252947,220.12289970486356,223.42611454351638,792300
2025-03-10,219.6002960205078,224.0473172539294,217.74654173762977,222.59784173201604,1211000
2025-03-11,218.7030029296875,221.29626992938913,216.5731594637602,219.60030018325827,1536800
2025-03-12,218.8410186767578,221.72024444406833,217.2140488633221,221.5131700875481,1083300
2025-03-13,214.84759521484375,218.9988174868453,213.7826734796576,218.5649588118735,1536400
2025-03-14,220.546875,220.596179854902,216.74077190579735,217.549329398148,772500
2025-03-17,223.5838623046875,224.48115947551804,220.15245817870294,220.35951749767693,1166700
2025-03-18,221.63153076171875,222.70630743253525,220.66520371213647,222.70630743253525,743900
2025-03-19,224.5797576904297,226.05881303228225,221.36528283059923,221.83857632718792,1098800
2025-03-20,223.14015197753906,225.53621440646498,222.93307760981176,223.0021074142972,868200
2025-03-21,222.19354248046875,222.73586576275855,219.71859537767332,221.34555017881428,741700
2025-03-24,227.77452087402344,228.0308850481552,224.76710535983105,225.14180419148647,826400
2025-03-25,227.04486083984375,228.4844813952302,225.96022923112272,227.86327330716028,636200
2025-03-26,225.25027465820312,228.4351696721997,224.4220072628275,227.23220343550824,608300
2025-03-27,223.7444610595703,225.77400454623415,222.63564378574523,224.63547278225084,783300
2025-03-28,219.4180908203125,223.5761709156575,218.3389577686216,223.48707276014727,915200
2025-03-31,219.53688049316406,220.76451042670917,214.85409128563342,216.81432616912255,1265100
2025-04-01,220.24969482421875,221.51691889473886,216.84402446975756,219.31907384288314,878200
2025-04-02,223.77415466308594,224.53647407240098,217.3786357726825,217.78453237432893,723000
2025-04-03,208.74566650390625,215.62630061898744,208.72586187944856,214.47787410447688,2361000
2025-04-04,198.80584716796875,202.87482860881258,194.3804580422882,202.0432157130273,3629200
2025-04-07,196.99412536621094,205.92410772929227,188.37106181468823,191.23221828416683,4194600
2025-04-08,191.79652404785156,203.835167965863,189.30168512708482,203.835167965863,3431900
2025-04-09,209.9138641357422,211.09198993041602,188.9947442013258,189.79667280329355,3092000
2025-04-10,200.9739990234375,205.11227411674014,195.46949191057476,204.567775367149,1781600
2025-04-11,203.76585388183594,204.37966123758667,197.29111683913786,200.66708750876936,1652500
2025-04-14,206.102294921875,207.3596241769607,202.8154373568777,207.34972941825202,1438000
2025-04-15,205.69639587402344,208.21103924774448,204.9241817218925,205.76568939716256,1269200
2025-04-16,203.14215087890625,206.00330729523583,200.9740052524917,204.50838294081177,2112200
2025-04-17,204.95387268066406,206.1715926233611,203.2609324281088,203.78564163538883,1036000
2025-04-21,200.2512969970703,203.64705745342764,198.2514528928746,203.38965775942316,1309000
2025-04-22,205.58749389648438,206.21119603314864,202.14221447437882,202.52833665843525,2003300
2025-04-23,208.329833984375,214.64616437603976,207.77542538068684,210.87419181276712,1221000
2025-04-24,213.1512451171875,213.34924603652428,208.30013950767633,209.2109709283288,859100
2025-04-25,212.6364288330078,213.26014607479001,210.75539745555585,212.05232083865715,674900
2025-04-28,213.63633728027344,214.9134711102557,211.34939426670203,213.07203392550318,1115300
2025-04-29,214.60658264160156,215.54709837054878,211.96323175631727,213.16114717857042,1191200
2025-04-30,213.9927520751953,214.3887690190275,209.18125572977175,211.62660559686674,923300
2025-05-01,214.78477478027344,217.17072592600812,213.47795660800722,215.2203858731962,918800
2025-05-02,219.65565490722656,220.3387708827537,217.39841131378972,217.71522485290416,929300
2025-05-05,218.64585876464844,220.22988123507048,217.24001748421492,217.7548319626905,831700
2025-05-06,216.9925079345703,218.82405039971647,215.62629103774123,216.44800919144726,769500
2025-05-07,217.7845458984375,218.72506166348953,216.17082393743345,217.57665020530646,728300
2025-05-08,221.39810180664062,223.15042573137922,218.98245141476232,219.98236583485897,2138000
2025-05-09,221.17041015625,222.65543980843566,220.3684965611102,221.9723388578926,700800
2025-05-12,229.40736389160156,230.29837557045255,227.2293235937979,229.25886698062695,924700
2025-05-13,230.6151885986328,231.55570428117258,229.95187722028368,230.01127598453857,1285400
2025-05-14,229.37767028808594,230.59539030826056,228.86285580623488,230.15977921642522,716700
2025-05-15,229.92218017578125,230.0013835644269,227.49661982970002,228.33814261587128,1333600
2025-05-16,232.39723205566406,232.39723205566406,229.58556459963017,229.99147630610187,987000
2025-05-19,231.46661376953125,231.46661376953125,229.02126385036897,229.09055737545143,668400
2025-05-20,230.96170043945312,231.78341864334166,230.1102828516351,230.80330876066333,772200
2025-05-21,224.566162109375,229.01135583732312,224.17014518003037,228.5361355221096,2008400
2025-05-22,224.4968719482422,225.63540371894632,222.80394664385526,223.8335605318418,1033900
2025-05-23,223.51675415039062,224.27905845038833,219.63587870007728,220.62589841005013,1226800
2025-05-27,228.69454956054688,228.69454956054688,224.99187046265456,226.53631387642096,529900
2025-05-28,226.17991638183594,228.97176419244713,225.8334034303352,228.57576233916262,765600
2025-05-29,226.73431396484375,228.4074496604282,224.9027714930675,227.83323642660915,579400
2025-05-30,225.91259765625,226.63530780709746,223.85335486841583,225.42748256513224,635000
2025-06-02,225.5858917236328,225.9324046647317,222.41783167295043,225.66509511321263,661100
2025-06-03,228.58566284179688,229.04107858036923,225.03149551248143,225.83340910475843,527800
2025-06-04,228.4668426513672,229.65486322978032,228.27873649770572,228.85294971701398,510900
2025-06-05,228.13023376464844,229.69446671402073,227.03132639244896,229.02126056458303,568100
2025-06-06,230.56568908691406,230.96169092733305,229.5855641380995,230.33798878399824,459600
2025-06-09,231.3775177001953,232.733839895951,230.70429642854498,232.15962663988233,457000
2025-06-10,232.29823303222656,233.1793500035566,231.57552284611378,232.35763180005742,529500
2025-06-11,231.46661376953125,233.4664578355855,230.78349774506458,233.24865228846562,586700
2025-06-12,231.12010192871094,231.15971117737763,229.3776726499302,229.89248713708216,1029100
2025-06-13,227.38771057128906,230.1003699056301,226.51650353404557,228.49654287419193,750800
2025-06-16,230.0409698486328,231.22899042473853,228.94204741677225,229.35785386308422,458200
2025-06-17,227.86294555664062,229.68457824126946,227.7045387736723,228.65496436497995,457400
2025-06-18,229.0113525390625,230.8923838302296,227.61542120791694,228.15993503636037,969800
2025-06-20,229.2291717529297,230.8033146740363,228.24906184514012,230.14000323844547,490500
2025-06-23,231.28839111328125,231.38739912315657,226.75409919931576,228.54604749645057,709700
2025-06-24,233.8030548095703,234.27826003337586,232.00121171345077,232.75363634985308,592700
2025-06-25,231.44679260253906,233.98124048987185,231.2982956976176,233.97134573171076,703700
2025-06-26,234.58517456054688,234.85248412038274,232.32793076004992,232.6249397035895,898800
2025-06-27,235.00096130371094,236.71370618813654,233.5456311984366,235.3078649805441,702700
2025-06-30,235.3963165283203,236.28036827029337,234.6910697720324,236.02211124299075,908100
2025-07-01,237.8398895263672,239.90599126654635,234.27388416511636,234.60166552617798,1514500
2025-07-02,240.10464477539062,240.10464477539062,237.13462076750088,238.3067429937599,1121000
2025-07-03,241.58470153808594,242.0912878927542,240.4523204489072,240.82977070742092,376100
2025-07-07,239.0318603515625,241.7734104812267,237.6908760130162,240.25363631451066,659000
2025-07-08,240.15432739257812,241.42577232153192,239.31000162651105,239.71726535634667,574900
2025-07-09,241.96214294433594,241.97208581710333,239.63778423950419,241.4058877148191,1022400
2025-07-10,243.16407775878906,244.5646587876253,241.38603130625594,241.90256054550133,867800
2025-07-11,240.6807861328125,241.96215878779418,240.46225511307622,241.57476564495607,1984500
2025-07-14,241.5350341796875,241.76349291087556,239.83645495670254,240.074856561085,599500
2025-07-15,237.591552734375,242.5283406229401,237.52201325239776,242.5283406229401,2900700
2025-07-16,239.15106201171875,239.3894636145116,235.2771306964521,238.8232654916856,634900
2025-07-17,242.0316925048828,242.46875453393667,238.9226045628741,239.16100616694501,784600
2025-07-18,241.644287109375,243.53158378617334,240.82975970441234,243.1640612607633,745600
2025-07-21,240.09471130371094,242.76672188697862,240.0549701271941,242.6773269750426,697900
2025-07-22,243.1739959716797,243.60113027498346,240.37284918029982,240.75029943242623,1524200
2025-07-23,245.7665557861328,245.8857490077017,244.27657988924724,245.03149555388123,775700
2025-07-24,243.55145263671875,245.2698871907465,243.45211485156747,245.0016872962924,519900
2025-07-25,245.05136108398438,245.25996437424192,242.69720406568882,244.5050335683749,482100
2025-07-28,244.05804443359375,245.6870841115804,243.62098242004296,245.54802030334318,449200
2025-07-29,243.34286499023438,245.2103063420092,242.3197493960562,245.1705803194863,549800
2025-07-30,242.43894958496094,245.04143594161062,240.89930480909766,243.8991120048263,676400
2025-07-31,239.935791015625,242.99521004409561,239.44906009399827,241.74362057614653,630700
2025-08-01,235.9923095703125,237.35314932666134,232.9229629640221,237.12469060743024,2422800
2025-08-04,239.6874542236328,239.84638862045182,237.34322491941663,237.6610785562363,504000
2025-08-05,239.77685546875,240.69070553935973,237.69088313667604,240.38277961040436,542100
2025-08-06,239.1212615966797,240.22384437004027,238.37627364594468,240.22384437004027,568200
2025-08-07,238.72393798828125,241.62442255740805,237.46242082906718,241.62442255740805,439700
2025-08-08,238.5153350830078,240.2933814622155,238.19748144207043,239.91591605408502,405200
2025-08-11,237.85975646972656,240.01525309351914,237.46242047377177,238.93252576675843,685300
2025-08-12,243.52166748046875,243.6110623978406,238.93253135006836,239.3497379447747,615700
2025-08-13,248.27964782714844,248.32931672185654,244.34611993809267,244.63417527648983,1082400
2025-08-14,245.2301788330078,245.50830646328146,243.64086509702793,245.3592997748226,517700
2025-08-15,244.4057159423828,245.7665557444589,243.75012291022784,245.64736252291024,531900
2025-08-18,244.9123077392578,245.35929748682798,244.17726264759722,244.43551968563756,563500
2025-08-19,244.5646514892578,246.59101204918136,243.81966353744758,244.86263454452694,1339600
2025-08-20,243.36273193359375,244.42558869118898,241.7734182337489,243.8991165921206,691900
2025-08-21,243.39251708984375,243.82957909152955,241.66413967140033,242.1508705654264,641100
2025-08-22,250.7232208251953,251.64699862969096,244.29645674587152,244.29645674587152,756200
2025-08-25,248.83590698242188,250.31595518980052,248.8160515496815,250.1669636601532,600700
2025-08-26,249.76962280273438,250.37554693956508,248.93523993927462,248.93523993927462,563900
2025-08-27,251.29933166503906,251.7165230831378,248.88556291276018,249.5709542270717,648600
2025-08-28,251.8456573486328,252.23305048286207,250.41529319235332,252.23305048286207,775000
2025-08-29,250.81260681152344,252.630379206441,250.0676188704991,252.0244550748018,637000
2025-09-02,249.52130126953125,249.64050965147118,247.12740295289325,247.83266490076957,465600
2025-09-03,249.01470947265625,250.67354749894324,247.82273177699824,249.12397497890598,558400
2025-09-04,252.03439331054688,252.15360169272296,248.8657087107082,249.80937226751465,475400
2025-09-05,253.8124237060547,255.61031031648474,251.25959114110714,253.4150877186292,831500
2025-09-08,254.1998291015625,254.36867606375066,252.19332394937635,254.22962740745675,967200
2025-09-09,252.30258178710938,253.87202486271354,251.28939394704724,253.87202486271354,1036200
2025-09-10,251.88540649414062,253.79257391965,250.90201689607918,252.799256604896,611000
2025-09-11,256.494384765625,256.544038503301,252.30258470483386,252.84891223063718,533600
2025-09-12,253.7031707763672,256.0374724531115,253.5939052690128,256.0275295799218,420200
2025-09-15,254.12034606933594,255.44145979001544,253.79254956810107,254.53753748268454,545800
2025-09-16,253.63363647460938,254.50776055130822,252.18340170025266,254.17003630597245,493600
2025-09-17,253.68328857421875,258.3916177344813,251.7065818159545,254.2594143905493,805400
2025-09-18,257.43804931640625,257.835370160309,254.63688734939,255.33219124781058,755700
2025-09-19,255.96792602539062,258.2525435878581,255.16334147343068,258.06381088419965,539300
2025-09-22,256.1566467285156,256.5142263732405,254.1402140066225,255.13353121570552,2384800
2025-09-23,255.42161560058594,258.2227472443447,255.2129971495027,256.8122537062884,864000
2025-09-24,253.31578063964844,256.2262081935319,253.26611174356898,255.69975124009144,2107900
2025-09-25,250.90200805664062,251.49800448722345,249.43190272650688,250.9715475414968,549000
2025-09-26,253.12704467773438,253.31577738632106,251.06094291327963,251.54767383769686,487800
2025-09-29,253.23167419433594,254.48721471419256,252.49428456561677,254.48721471419256,504000
2025-09-30,253.38113403320312,253.65018385654116,250.97964959140296,252.9725797097732,662400
2025-10-01,254.05874633789062,254.60678997416022,251.88644453259158,251.88644453259158,720400
2025-10-02,255.61322021484375,255.7926070468208,253.3512553525029,254.69648933896985,661200
2025-10-03,256.948486328125,258.5727293713994,256.35063157206315,256.53996238138365,398200
2025-10-06,257.2773132324219,258.7620364231641,256.4701789761405,258.52289454269555,437700
2025-10-07,254.82601928710938,258.15422432278876,253.7299167848727,258.15422432278876,588600
2025-10-08,257.0680847167969,257.40687921121565,254.53705477648893,255.90220713655074,1004500
2025-10-09,254.78616333007812,257.69582438668743,254.20821174867945,257.1079136280554,1116900
2025-10-10,247.22299194335938,256.031739584058,247.07351305874332,255.49363992720083,600900
2025-10-13,252.1654510498047,252.98255971482743,250.3917444214168,250.50135618855765,378900
2025-10-14,254.70643615722656,256.16128184388504,248.8472167029326,249.24581185228777,466200
2025-10-15,255.6929473876953,258.5029862311609,253.33131479237727,256.8388761557224,511000
2025-10-16,252.31492614746094,256.5997289738522,251.1091967270106,256.42034215053195,567100
2025-10-17,252.30496215820312,253.1619227587798,250.40171015386346,251.1689925439364,530200
2025-10-20,255.82249450683594,256.17123296194313,254.20821071540433,254.63668340745704,753500
2025-10-21,256.26092529296875,257.37696126165963,254.45731081555616,255.3939751722219,397000
2025-10-22,253.19180297851562,256.41039606386204,251.5077745974505,255.84240368238324,699000
2025-10-23,256.13140869140625,256.6993707111429,253.3313288694692,253.7996687027381,420800
2025-10-24,257.9150390625,259.6190162164463,257.80544250214695,258.86169303691463,345900
2025-10-27,259.1606140136719,260.3165171083025,258.2737759418318,260.1271863180794,551500
2025-10-28,256.76910400390625,258.931446519248,256.4402839212366,258.6125704083746,639300
2025-10-29,254.62672424316406,258.1043776899794,253.40107643495168,256.30077830268823,521400
2025-10-30,252.26510620117188,255.64310704814974,252.1256016965626,252.94269516503098,413600
2025-10-31,254.08863830566406,254.6366819402759,251.86651021155734,252.69357805931872,607200
2025-11-03,253.52064514160156,253.86941400334746,250.2522408786677,253.86941400334746,575200
2025-11-04,250.23231506347656,252.16545982128585,249.4251807522956,250.15259602961473,446500
2025-11-05,252.98255920410156,254.34771149722206,250.23230585406552,250.69068648068833,580800
2025-11-06,249.48495483398438,253.83951753134056,248.77747314864993,253.17188775869175,865800
2025-11-07,252.51422119140625,252.51422119140625,247.34256496026296,247.93047571206927,460200
2025-11-10,254.34771728515625,255.40396786049868,252.31493516721335,254.5968335606559,546800
2025-11-11,254.6964874267578,255.4537802294676,253.41103892403345,254.04877598430843,327300
2025-11-12,255.09506225585938,257.0481253115395,254.8559051612483,255.30431140939982,832500
2025-11-13,249.47500610351562,254.6765552056905,248.71769809197502,253.9790326681069,729400
2025-11-14,248.92694091796875,250.69068837908503,246.12687645664295,246.21655466529702,512300
2025-11-17,244.2335968017578,249.10631042701917,243.2570500774176,248.4685733850268,1834500
2025-11-18,244.6820068359375,246.21655639033284,242.12108424641363,242.78871403471132,897700
2025-11-19,244.81153869628906,246.9140806674294,243.61578361615233,245.12045564964967,812500
2025-11-20,240.4669647216797,249.44510977994236,240.31748583408543,248.20948758480975,857200
2025-11-21,246.38595581054688,247.96037249733547,241.1445548442892,241.6228538362089,777600
2025-11-24,248.77748107910156,250.10278148968789,246.64504636846172,247.10341180078433,1031100
2025-11-25,254.49717712402344,254.965516931276,249.93338040608006,250.1525887367456,1454900
2025-11-26,256.5199890136719,258.0346353429669,254.27794266436527,254.71638971656122,799400
2025-11-28,257.8353271484375,258.1243105225661,256.1114316947938,256.93851470116545,467800
2025-12-01,255.98193359375,258.064541999177,255.09506505997075,255.13493217860278,846200
2025-12-02,255.44383239746094,257.45668093566127,255.30431268793453,257.3470843722059,773500
2025-12-03,258.024658203125,258.1043620255359,255.2744049796053,255.49362850335976,524400
2025-12-04,259.34002685546875,260.1571051582266,257.28731110152324,257.80546202640664,569700
2025-12-05,259.270263671875,260.8347212186581,258.79194946370814,259.3798602391223,900800
2025-12-08,258.4232482910156,260.4261528181396,257.97485725414504,260.1072766965645,549200
2025-12-09,258.293701171875,260.05746380041666,257.58621948992635,257.6260866072715,634400
2025-12-10,262.448974609375,263.5749850023419,258.29370189342546,258.29370189342546,1095800
2025-12-11,265.2689514160156,265.48817494255263,261.7514310195586,262.0105216626568,611000
2025-12-12,261.6816711425781,265.9764634679126,261.1137091777101,265.6276946198604,598400
2025-12-15,260.3165283203125,263.4753360108818,259.91794836940716,263.04686332390105,498500
2025-12-16,258.8716735839844,261.0838272945168,257.6659289331821,260.25674424249866,1487200
2025-12-17,257.52642822265625,261.6119409821171,257.157741022188,259.47949119280395,1525500
2025-12-18,258.8019104003906,261.39272567637977,258.23391800952095,259.7884010931743,640800
2025-12-19,261.31298828125,261.91087340074125,259.08091627216317,259.35992527329904,581700
2025-12-22,264.04998779296875,264.8399963378906,262.6000061035156,262.6199951171875,562300
2025-12-23,262.7799987792969,264.0799865722656,262.0400085449219,263.2699890136719,785400
2025-12-24,263.2799987792969,263.79998779296875,262.2799987792969,263.20001220703125,452700
2025-12-26,262.8399963378906,263.4800109863281,262.0199890136719,263.4800109863281,360800
2025-12-29,261.4599914550781,262.8599853515625,260.94000244140625,261.760009765625,436400
2025-12-30,260.4700012207031,262.0,260.42999267578125,261.7099914550781,521600
2025-12-31,257.95001220703125,260.5,257.8599853515625,260.45001220703125,475900
2026-01-02,261.5400085449219,261.95001220703125,258.1000061035156,259.29998779296875,783600
2026-01-05,264.9700012207031,265.8599853515625,262.1199951171875,262.4700012207031,680700
2026-01-06,269.4100036621094,269.4700012207031,264.3500061035156,264.6000061035156,548600
2026-01-07,267.4700012207031,269.70001220703125,266.6499938964844,269.19000244140625,531200
2026-01-08,269.2300109863281,269.80999755859375,266.19000244140625,266.989990234375,508300
2026-01-09,271.7900085449219,272.4100036621094,269.32000732421875,270.3399963378906,633000
2026-01-12,272.2099914550781,272.489990234375,270.07000732421875,270.7699890136719,499600
2026-01-13,272.5199890136719,273.67999267578125,271.44000244140625,273.0,594700
2026-01-14,273.0799865722656,273.44000244140625,271.05999755859375,272.0799865722656,714900
2026-01-15,275.7799987792969,277.010009765625,274.30999755859375,274.5199890136719,2548500
2026-01-16,275.5299987792969,276.7200012207031,274.7900085449219,276.17999267578125,506500
2026-01-20,271.7900085449219,274.3500061035156,271.1099853515625,271.9700012207031,803900
2026-01-21,276.8500061035156,277.92999267578125,273.0400085449219,273.92999267578125,616000
2026-01-22,277.6600036621094,279.8500061035156,277.3599853515625,278.6700134277344,900800
2026-01-23,274.6600036621094,277.7799987792969,273.8500061035156,277.32000732421875,932900
2026-01-26,273.989990234375,275.8800048828125,273.57000732421875,274.95001220703125,521100
2026-01-27,274.07000732421875,274.5199890136719,273.0400085449219,274.42999267578125,553400
2026-01-28,273.1700134277344,275.6499938964844,272.69000244140625,275.1099853515625,570900
2026-01-29,272.6499938964844,274.67999267578125,269.2699890136719,274.19000244140625,1068600
2026-01-30,269.8900146484375,273.30999755859375,268.07000732421875,271.3500061035156,1093500
2026-02-02,271.739990234375,272.70001220703125,268.7099914550781,268.7099914550781,737000
2026-02-03,272.2200012207031,274.5799865722656,268.5199890136719,272.7099914550781,1069000
2026-02-04,272.1700134277344,274.3999938964844,268.9800109863281,273.0799865722656,1130100
2026-02-05,268.9599914550781,272.7699890136719,268.2099914550781,270.04998779296875,704000
2026-02-06,277.3500061035156,277.8900146484375,272.1700134277344,272.3900146484375,698500
2026-02-09,278.510009765625,279.4100036621094,275.9800109863281,276.8399963378906,787900
2026-02-10,278.92999267578125,280.6300048828125,278.1400146484375,278.82000732421875,455500
2026-02-11,278.1300048828125,281.4700012207031,276.0400085449219,280.3599853515625,583300
2026-02-12,272.94000244140625,281.3999938964844,271.6000061035156,279.82000732421875,1593300
2026-02-13,276.29998779296875,277.8500061035156,271.6600036621094,273.44000244140625,862500
2026-02-17,276.0400085449219,277.2699890136719,272.6600036621094,275.70001220703125,803700
2026-02-18,278.010009765625,279.75,275.3299865722656,276.19000244140625,669600
2026-02-19,278.19000244140625,278.3399963378906,275.95001220703125,276.7799987792969,755200
2026-02-20,279.1400146484375,281.8999938964844,276.7900085449219,277.32000732421875,1125500
2026-02-23,274.5400085449219,278.6499938964844,272.9200134277344,277.9599914550781,535600
2026-02-24,277.4100036621094,277.739990234375,274.45001220703125,274.6099853515625,473900
2026-02-25,278.0899963378906,279.1700134277344,276.05999755859375,279.1700134277344,531600
2026-02-26,279.92999267578125,280.1700134277344,276.42999267578125,278.8599853515625,756700
2026-02-27,277.1099853515625,277.510009765625,274.8299865722656,276.6600036621094,672500
2026-03-02,278.739990234375,279.2799987792969,273.67999267578125,273.7799987792969,639400
2026-03-03,274.0199890136719,275.6099853515625,267.6000061035156,272.0799865722656,1055600
2026-03-04,275.3999938964844,276.69000244140625,273.0,275.6400146484375,688400
