Date,Close,High,Low,Open,Volume
2014-01-02,81.10701751708984,81.83697573072885,80.92080432494247,81.83697573072885,134500
2014-01-03,81.00271606445312,81.3304530100062,80.85374782526031,81.15913442043781,111600
2014-01-06,80.64517211914062,81.22616180264755,80.50365401817548,81.1963670227672,92000
2014-01-07,81.11444854736328,81.27086691002421,80.87609594481697,80.91333516481758,84900
2014-01-08,80.59302520751953,81.12931983012778,80.37702301825428,81.12931983012778,99200
2014-01-09,80.90589141845703,80.9431306387743,80.36959663747392,80.63029391079228,124000
2014-01-10,81.01762390136719,81.3006715581343,80.68244246682981,81.15914772975074,112600
2014-01-13,80.41429138183594,81.1516939138818,80.33980725341888,80.89844674070888,89400
2014-01-14,80.883544921875,80.9505846140802,80.50367416955248,80.66009254099845,56500
2014-01-15,80.83885955810547,81.07721218576133,80.70478584987562,81.032522843943,86800
2014-01-16,80.69732666015625,80.8090556849166,80.39194005410386,80.71222689427057,90200
2014-01-17,80.09400939941406,80.60050945942187,80.0418699380651,80.60050945942187,83500
2014-01-21,80.3696060180664,80.58561397910634,79.90034518854775,80.44409015016898,89300
2014-01-22,80.42916107177734,80.63771882524887,80.3844660654816,80.45150573353892,188000
2014-01-23,79.69924926757812,80.19085484126008,79.46834671902948,80.19085484126008,126400
2014-01-24,78.8798828125,79.83329312653487,78.8724326961415,79.54280109906405,176800
2014-01-27,78.61920928955078,79.0363250071044,78.41064574799854,78.8650063758089,142100
2014-01-28,79.1703872680664,79.27466618236022,78.70113215374424,78.73837137583511,52800
2014-01-29,77.72534942626953,78.83517794854404,77.5391363199858,78.83517794854404,128000
2014-01-30,77.94883728027344,78.29146884512599,77.80731344680872,78.1276003395932,151400
2014-01-31,77.62855529785156,78.11271072679388,76.78686804487899,77.33061305828893,95400
2014-02-03,75.85576629638672,77.47210033625184,75.78873230758028,77.47210033625184,419200
2014-02-04,76.2952651977539,76.4069942435696,76.0047730882983,76.19843638886047,101900
2014-02-05,76.2952651977539,76.42933891617767,75.83345446034417,76.06436267043671,70100
2014-02-06,77.2039794921875,77.22632416278597,76.7943082552995,76.87624250267709,57600
2014-02-07,77.89669036865234,77.95627994365216,77.34549532406605,77.53915860142813,78300
2014-02-10,78.27655029296875,78.27655029296875,77.72536100741769,78.0828927251751,48400
2014-02-11,79.05864715576172,79.18527072211802,78.11268694217064,78.47766309104567,167500
2014-02-12,78.79049682617188,79.24485730743967,78.6266283663345,79.13312829548022,156900
2014-02-13,79.22998046875,79.26721969254514,78.21698038401414,78.21698038401414,37900
2014-02-14,79.68433380126953,79.85564671724451,78.88734174505173,79.15548345341368,66000
2014-02-18,79.2970199584961,79.64710164644576,79.00652785206451,79.64710164644576,79100
2014-02-19,79.04375457763672,79.43107540285277,78.94692010925223,79.37893595171265,111600
2014-02-20,79.52047729492188,79.7215850271723,78.97673231357408,79.06611668500494,27600
2014-02-21,79.33425903320312,79.8482035083679,79.31935879753178,79.68434069540695,41500
2014-02-24,79.66942596435547,80.13123657897135,79.44597361491462,79.44597361491462,118500
2014-02-25,79.90776824951172,80.29509469773483,79.61727625473092,79.61727625473092,110400
2014-02-26,79.82585144042969,80.3472516678885,79.72157253149278,80.21317797314472,60500
2014-02-27,80.1386947631836,80.15359499870058,79.69923442260394,79.766268434106,56400
2014-02-28,80.65261840820312,81.03994484549752,80.11632376134806,80.11632376134806,64300
2014-03-03,80.20573425292969,80.44408687562054,79.79606301887911,80.10145533567587,64700
2014-03-04,81.44216918945312,81.52410341863958,80.838840486147,80.838840486147,61100
2014-03-05,81.27830505371094,81.45706805859282,81.11443659808027,81.45706805859282,54100
2014-03-06,81.17401885986328,81.41981583842892,81.11442930267097,81.41981583842892,45500
2014-03-07,81.31556701660156,81.38260671392032,80.99528013175093,81.36770647772725,33800
2014-03-10,81.39004516601562,81.44218462330838,81.09955309213105,81.18893745439347,39500
2014-03-11,81.38260650634766,81.65075392938867,81.18149309767938,81.53902488932574,56000
2014-03-12,81.52410888671875,81.57624833762787,81.08464861230955,81.08464861230955,30600
2014-03-13,81.06977081298828,81.88166326784214,80.98784223840858,81.7550396638479,51000
2014-03-14,81.13677215576172,81.50174824056937,80.82393551164088,80.82393551164088,58500
2014-03-17,81.70287322998047,81.7475625618684,81.44217030657109,81.50920998717665,50800
2014-03-18,81.85929107666016,81.96356997228044,81.63583305303177,81.82949629465813,55700
2014-03-19,81.14427185058594,81.94126417820736,80.82398489559174,81.9263639387511,45800
2014-03-20,81.40495300292969,81.56137138941473,80.86865814482375,81.0623214397565,34700
2014-03-21,81.47942352294922,82.20193143702208,81.43473418649909,81.79971036064829,40000
2014-03-24,81.39747619628906,81.9561155431883,81.2931973061564,81.68052376902625,69300
2014-03-25,81.87420654296875,82.03807504445716,81.56881989428359,81.56881989428359,43200
2014-03-26,81.80716705322266,82.32111151203208,81.80716705322266,82.10510924664496,136200
2014-03-27,81.71033477783203,82.03807176771846,81.5613665184881,81.83696404932668,157800
2014-03-28,81.91889190673828,82.0753102716805,81.74012319014058,81.82205743122094,84100
2014-03-31,82.52222442626953,82.58925843594172,82.12000331991251,82.12000331991251,38800
2014-04-01,82.46263885498047,82.64140190555996,82.23173634453299,82.62650735250122,92800
2014-04-02,82.63394165039062,82.67863098378612,82.26151538469789,82.4253838508465,107800
2014-04-03,82.63394165039062,82.68608110027665,82.39558906765824,82.53710718433527,48700
2014-04-04,82.16468048095703,82.98402280733553,82.11254103134875,82.87229379166811,58800
2014-04-07,82.37323760986328,82.64883508856634,82.01571158196208,82.01571158196208,45500
2014-04-08,82.67863464355469,82.70097931124153,82.26896346004906,82.28386369368967,58700
2014-04-09,83.10322570800781,83.10322570800781,82.67120972513575,82.90956239106933,31800
2014-04-10,82.35087585449219,83.56498884934432,82.27639175436708,83.07338355952804,77600
2014-04-11,81.85186004638672,82.47753924877564,81.75503124438215,82.02317866215242,116300
2014-04-14,82.39559173583984,82.6041495421376,81.88909177078502,82.17213369607853,87900
2014-04-15,82.64883422851562,82.75311312579949,82.11253950947079,82.7307684596349,27500
2014-04-16,83.47563171386719,83.49052626563547,83.0361714020228,83.04361583651972,43400
2014-04-17,83.56499481201172,83.58733947536636,83.110634381224,83.47561047582016,32400
2014-04-21,83.6246109008789,83.63951113737058,83.20749520351474,83.57247143870839,61300
2014-04-22,83.59480285644531,83.76611575786532,83.49051827295303,83.67673140748931,39300
2014-04-23,83.52774047851562,83.73629822328738,83.4756010423227,83.50539581768614,34500
2014-04-24,83.7139892578125,83.84806296273038,83.42349717761957,83.64695524674094,56200
2014-04-25,83.7810287475586,83.8331682058566,83.46818631499582,83.57991534928432,44000
2014-04-28,84.72698211669922,84.89830071282839,84.04916353203397,84.04916353203397,44900
2014-04-29,84.42903137207031,84.86104719429508,84.39923658956097,84.86104719429508,84900
2014-04-30,84.6301498413086,84.64504439207539,84.30986301346894,84.48117591977037,123300
2014-05-01,84.5780029296875,84.71952103919938,84.16088166894457,84.71952103919938,305800
2014-05-02,84.57056427001953,84.74932730154082,84.42904045856244,84.70463796435408,93100
2014-05-05,84.5035171508789,84.60779605032803,84.01191743672929,84.42903303452579,57000
2014-05-06,83.89275360107422,84.36201441693257,83.88530916602318,84.25028538064369,166600
2014-05-07,84.73444366455078,84.73444366455078,83.87786193389961,83.87786193389961,45700
2014-05-08,84.72698211669922,85.10685852879485,84.48862951519837,84.82381090760528,54500
2014-05-09,85.13665008544922,85.14409451946977,84.65994490052698,84.74932357096611,35700
2014-05-12,85.3377685546875,85.56122662455572,85.15155539072224,85.47929237778902,43600
2014-05-13,85.43461608886719,85.54634514830205,85.33778726817086,85.40482697694219,53700
2014-05-14,84.92807006835938,85.32284662281704,84.82379118462278,85.32284662281704,40700
2014-05-15,84.17578887939453,84.62269927609282,84.03426507537671,84.61524915936188,53700
2014-05-16,84.71952819824219,84.71952819824219,84.16833889752363,84.16833889752363,33200
2014-05-19,84.57056427001953,84.6450483929222,84.33966178418895,84.6450483929222,39000
2014-05-20,84.16090393066406,84.54078039409649,84.09386991623336,84.54078039409649,32400
2014-05-21,84.71952819824219,84.72697831498506,84.16833889752363,84.43648627252703,63100
2014-05-22,84.5780029296875,84.77911060255887,84.38433969015591,84.77911060255887,114600
2014-05-23,84.77165222167969,84.85358644261748,84.67482345274092,84.67482345274092,25500
2014-05-27,85.09941101074219,85.12175567988184,84.87595295379677,85.08451645890725,35200
2014-05-28,84.98768615722656,85.2409390130572,84.95789136931857,85.14410453166252,322800
2014-05-29,85.78468322753906,85.83682268870074,85.21114915476062,85.23349382629063,46400
2014-05-30,86.36567687988281,86.41781634675642,85.71765860342153,85.82193753716876,37300
2014-06-02,86.08259582519531,86.43267737945656,86.01556183366772,86.43267737945656,94900
2014-06-03,85.85172271728516,85.95600163935633,85.79958325624958,85.82937804580921,59000
2014-06-04,86.24649047851562,86.24649047851562,85.79958001754102,85.90385893567593,65600
2014-06-05,86.55187225341797,86.59656727494726,86.03792780941458,86.36565909824041,47900
2014-06-06,86.76041412353516,86.78275878733999,86.58164544755023,86.64868512173786,53300
2014-06-09,86.67849731445312,86.83491567528397,86.55186805616454,86.76787598762833,48000
2014-06-10,86.65616607666016,86.72320577910237,86.46995288944082,86.47740300810673,38400
2014-06-11,86.39546203613281,86.62637023462509,86.28373299593011,86.52953574782106,38300
2014-06-12,85.80702209472656,86.38801192908119,85.74743820226877,86.38801192908119,36400
2014-06-13,85.82935333251953,85.90383744358448,85.62823998159342,85.79955855153887,46800
2014-06-16,86.12731170654297,86.20924595440856,85.57612232499025,85.7474409385569,840700
2014-06-17,86.23157501220703,86.25392536166672,85.88894352988483,86.10495144580457,55200
2014-06-18,87.18498992919922,87.19243436281835,86.20178482796648,86.20178482796648,43800
2014-06-19,87.66171264648438,87.70640198824519,87.32652553495353,87.32652553495353,44900
2014-06-20,87.4010238647461,87.78835049884837,87.33398984121445,87.78090037975291,73200
2014-06-23,86.88706970214844,87.40846432570288,86.7753406591653,87.40846432570288,66400
2014-06-24,86.52951049804688,86.842347173107,86.4103370573078,86.69337895148982,50800
2014-06-25,86.49972534179688,86.50717545853871,86.17943851518629,86.39544643850729,39800
2014-06-26,86.16456604003906,86.4550581568811,85.85917368589588,86.4550581568811,44200
2014-06-27,86.35077667236328,86.35822679079345,85.88152150121783,86.14221881852086,93000
2014-06-30,86.2837142944336,86.76786957519076,86.06026194523523,86.1794353949196,34200
2014-07-01,86.6114501953125,86.82000799185883,86.23157381858955,86.44758173151932,47600
2014-07-02,86.74553680419922,86.84981571801326,86.61146310318479,86.61146310318479,134400
2014-07-03,87.17010498046875,87.32652335550272,86.8423679950025,86.8423679950025,34200
2014-07-07,87.27438354492188,87.38611257885941,87.0807259477232,87.0807259477232,175700
2014-07-08,87.08816528320312,87.32651788968501,87.05837049704608,87.19244419336555,33300
2014-07-09,87.4084243774414,87.51270325449373,87.24455594699558,87.25945617673025,45200
2014-07-10,87.31163787841797,87.37122746065579,86.67106407629987,86.77534300382837,69700
2014-07-11,87.4010238647461,87.47551369014901,86.98390811981363,87.3116451667039,53100
2014-07-14,87.67658996582031,87.87025321334235,87.6319006328436,87.6691398493996,59300
2014-07-15,86.99879455566406,87.63936830962678,86.88706551806128,87.63936830962678,39000
2014-07-16,86.94667053222656,87.41592575413937,86.82004123631518,87.1626728450925,39300
2014-07-17,86.32097625732422,87.01368947403992,86.29118146832006,86.84237085795972,39200
2014-07-18,87.17010498046875,87.19989976849067,86.50718657461185,86.53698136263375,36500
2014-07-21,86.71572875976562,86.80511310770156,86.47737618137685,86.80511310770156,141800
2014-07-22,86.71572875976562,86.7976629913468,86.44758139873153,86.72317887612039,38400
2014-07-23,86.59659576416016,86.8721876875136,86.52955605119826,86.7306695073076,33100
2014-07-24,86.90194702148438,86.99133137469919,86.66359442901894,86.66359442901894,43600
2014-07-25,86.46994018554688,86.86471685798392,86.29117714325675,86.86471685798392,37900
2014-07-28,85.99322509765625,86.46248584371418,85.80701195913142,86.46248584371418,690300
2014-07-29,85.56864929199219,86.26136231303697,85.55375474308484,86.10494397702988,678700
2014-07-30,84.74188995361328,85.78468487970552,84.74188995361328,85.77724044423552,66100
2014-07-31,83.29686737060547,84.21303288348827,83.28941725345112,84.19068821479956,87900
2014-08-01,83.93742370605469,84.2130154732719,83.40857915291627,83.40857915291627,111700
2014-08-04,84.25775146484375,84.33968572813002,83.72890665448972,84.07153826333419,45100
2014-08-05,83.810791015625,84.35453577756938,83.60223324921552,84.13107778054612,40200
2014-08-06,84.5035171508789,84.53331193397491,83.2372701245545,83.2372701245545,54000
2014-08-07,83.92253875732422,84.68229157066752,83.68418615922664,84.68229157066752,32100
2014-08-08,84.70465850830078,84.71955306338405,83.89276602825767,83.98215040708442,32400
2014-08-11,85.37500762939453,85.71018902852887,84.9206470857306,84.9206470857306,969300
2014-08-12,85.27815246582031,85.41967624492284,85.09193935974774,85.34519213904841,33700
2014-08-13,85.49417877197266,85.65059713284386,85.25582617215356,85.4048000987744,30400
2014-08-14,85.84426879882812,85.84426879882812,85.54632659919697,85.54632659919697,26700
2014-08-15,85.94110107421875,86.40291178646264,85.50909083419545,86.35822244368178,43900
2014-08-18,86.42524719238281,86.5518707718702,86.24648415764919,86.25393427490563,185800
2014-08-19,86.66358947753906,86.77531849198047,86.306063450655,86.57421081220491,46000
2014-08-20,86.6710433959961,86.73807739793735,86.44014092338867,86.58910916066301,72700
2014-08-21,86.74553680419922,87.11051300254839,86.69339734729219,86.69339734729219,40600
2014-08-22,86.64128112792969,86.99136286795932,86.56679698133908,86.74556006971177,44700
2014-08-25,87.11796569824219,87.23714485057076,86.93175253480987,86.93175253480987,73000
2014-08-26,87.04347229003906,87.27437476959155,87.03602217311906,87.16264574688822,52000
2014-08-27,87.12541198730469,87.12541198730469,86.93919883205534,87.11051175253101,27600
2014-08-28,87.11796569824219,87.14776048632433,86.87961307635982,86.90195774672773,33800
2014-08-29,87.25201416015625,87.25201416015625,86.92427726884571,87.13284072508077,52000
2014-09-02,87.20736694335938,87.52765387377241,86.96156415618233,87.19246670504666,57800
2014-09-03,87.31163787841797,87.52019573347496,87.21480338658769,87.43826147859181,40100
2014-09-04,87.4382553100586,87.77343674164328,87.30418160086973,87.47550021702354,54800
2014-09-05,87.90752410888672,87.9596635770735,87.2818504906454,87.47551380795734,34500
2014-09-08,87.4382553100586,87.89261589771112,87.37122129685163,87.84792655557315,60400
2014-09-09,87.17757415771484,87.46806630097004,87.13288480729898,87.46061618164205,35700
2014-09-10,87.59468078613281,87.69895971475208,87.18501519020725,87.19990974453484,35900
2014-09-11,87.72127532958984,87.72872544567346,87.38609398188322,87.40843864736053,59700
2014-09-12,87.10306549072266,87.7063942825864,86.91685233937959,87.7063942825864,46100
2014-09-15,87.41590881347656,87.48294282528364,87.20735097748809,87.26694055427761,55300
2014-09-16,88.06393432617188,88.26504204813907,87.22969728379977,87.22969728379977,58500
2014-09-17,87.89261627197266,88.242697940944,87.7659926801926,88.0788294420404,59800
2014-09-18,88.10861206054688,88.14585127975151,87.82557012694011,88.10861206054688,41100
2014-09-19,88.2203369140625,88.4139944834316,88.19799224704099,88.33951036576856,51600
2014-09-22,87.95218658447266,88.1532942636725,87.84790768669885,88.0862602648638,65100
2014-09-23,87.29673767089844,87.780893081887,87.29673767089844,87.77344296341093,38500
2014-09-24,88.30973052978516,88.32463076550417,87.30418056419633,87.30418056419633,49700
2014-09-25,87.28182983398438,88.14585591413315,87.12541146644298,88.14585591413315,76500
2014-09-26,87.53507995605469,87.67660377647186,86.90195634713648,87.22224321039269,50200
2014-09-29,87.51274871826172,87.59468297605031,86.92431435904159,86.98390394339249,297500
2014-09-30,87.52018737792969,87.71385066032587,87.2445898484726,87.49039258965529,63600
2014-10-01,86.9541015625,87.42336239484023,86.78278862591154,87.42336239484023,226100
2014-10-02,87.06580352783203,87.28181142299874,86.65613240203773,86.85724574843613,137000
2014-10-03,88.03414154052734,88.1086256732185,87.37122309885851,87.63192040466507,113000
2014-10-06,88.1235122680664,88.23524129840023,87.56487279917185,88.23524129840023,121700
2014-10-07,87.64678955078125,88.25012392106585,87.62444488572875,87.74362400970665,238800
2014-10-08,88.85346221923828,88.86091233598609,87.6095598127352,87.71383871610827,133300
2014-10-09,87.96708679199219,89.24078399623893,87.9372920074586,88.72683959066335,97700
2014-10-10,88.2948226928711,89.15140426904611,87.81066739479184,87.9521911989559,160400
2014-10-13,87.10306549072266,88.3991074328936,87.05837047011374,88.20544416431999,112800
2014-10-14,87.11050415039062,87.54997011346958,86.90939646069282,87.46058576095166,403400
2014-10-15,86.19435119628906,86.70085123517273,84.87595879851801,86.14966185493236,204200
2014-10-16,85.53142547607422,85.9485411138508,84.74187785528726,85.01002524607915,119300
2014-10-17,86.55187225341797,86.59656727494726,85.53142780002065,86.15710127368548,71900
2014-10-20,87.74365234375,87.81068636055402,86.32098092641752,86.32098092641752,745400
2014-10-21,88.16075897216797,88.22779298207197,87.29672718157407,87.6915038545159,127700
2014-10-22,88.2948226928711,88.94284646255633,88.25757779195192,88.25757779195192,123300
2014-10-23,88.2799301147461,88.84601969771782,88.16075665046361,88.8013303589587,97400
2014-10-24,88.97265625,89.00990115957858,88.44381149408115,88.46615616671816,65200
2014-10-27,89.14395904541016,89.4567957723164,88.57042504608206,88.57042504608206,93700
2014-10-28,89.57597351074219,89.59831817906014,89.15885219863468,89.41955514974221,72900
2014-10-29,89.51639556884766,89.8068876602666,88.98755084644972,89.67281395016747,96400
2014-10-30,90.07503509521484,90.25379814778462,89.0918297819186,89.22590349203968,62100
2014-10-31,90.7379379272461,90.87201161431588,90.46234043638765,90.81242204611287,100000
2014-11-03,91.08058166503906,91.10292633542569,90.57408163276804,90.64856576164838,179900
2014-11-04,91.49026489257812,91.63178305117164,90.87203574454827,90.87203574454827,106300
2014-11-05,92.04889678955078,92.43621768791077,91.6466756550375,91.98185709241105,97300
2014-11-06,92.28724670410156,92.39897574085937,91.86268091064176,92.17551766734374,273100
2014-11-07,92.45112609863281,92.46602065332806,91.74351257093501,92.19042308787411,75700
2014-11-10,92.89804077148438,92.91293532684594,92.21277756933661,92.49581958341265,60900
2014-11-11,92.68946838378906,92.9874049065672,92.51814976869422,92.90547634074565,71000
2014-11-12,92.75650024414062,92.88312383166048,92.31703990529822,92.42131882240572,62400
2014-11-13,93.1214828491211,93.55349878267786,92.79375152260835,92.80864607631455,64700
2014-11-14,92.6075439453125,93.15128327147954,92.37663572809144,93.15128327147954,71900
2014-11-17,93.12892150878906,93.1438217434371,92.5106924747083,92.5106924747083,76800
2014-11-18,93.54603576660156,93.62052557318759,93.07678067209115,93.16616503032978,71400
2014-11-19,93.86634063720703,93.93338033945221,93.38219089808018,93.55350384746417,94300
2014-11-20,93.50133514404297,93.70244850511357,93.34491679808454,93.54602447638146,63700
2014-11-21,93.94824981689453,94.35047087467656,93.76948679658273,94.32812620748433,112800
2014-11-24,93.8216323852539,94.26854280665643,93.70990335920969,94.15681946338654,111600
2014-11-25,93.99296569824219,94.14193396777377,93.70247359471297,93.91103144516727,113500
2014-11-26,94.3802719116211,94.39517214591909,94.03019028168451,94.03019028168451,67200
2014-11-28,95.40072631835938,95.73590772911527,94.5292501041744,94.5292501041744,63400
2014-12-01,94.88677215576172,95.22940366945464,94.72290367469677,95.10278009145877,122500
2014-12-02,95.15493774414062,95.27411691053477,94.85699551093069,94.89424042112272,128900
2014-12-03,94.67076873779297,95.17726875672123,94.46966102683635,95.14002953464944,99800
2014-12-04,94.58885955810547,94.73038341469417,94.15684923439319,94.66334370476095,78900
2014-12-05,94.7750244140625,94.78247452976001,94.26852451932338,94.63350631244924,63700
2014-12-08,94.52925872802734,95.08789825210127,94.33559543517136,94.59629274318416,89300
2014-12-09,94.32069396972656,94.32814408779416,93.34493876554744,93.88868372898143,101200
2014-12-10,93.33748626708984,94.53669952051305,93.29279692537403,94.33559180001703,124400
2014-12-11,94.15682983398438,94.70056910703397,93.64287966723823,93.64287966723823,78500
2014-12-12,93.0022964477539,94.43986219858517,92.92781232402275,93.70245971293035,107000
2014-12-15,92.32447814941406,93.58328087079873,91.98929675015484,93.2480994715395,156400
2014-12-16,91.92970275878906,93.74714484675722,91.89246353998057,92.01908711292285,154400
2014-12-17,93.33004760742188,93.4715657592043,92.14572883369115,92.23511320542892,109300
2014-12-18,95.25690460205078,95.25690460205078,93.92018293656349,94.2619571113022,160900
2014-12-19,95.15055847167969,95.68221418004383,94.99866015188964,95.35562757740068,139100
2014-12-22,95.99359893798828,95.99359893798828,95.2948574578087,95.2948574578087,127800
2014-12-23,96.75310516357422,96.86703179421708,96.09993199540759,96.24423944719182,108300
2014-12-24,96.56321716308594,97.0417019978035,96.5556205101242,96.95056534045638,193500
2014-12-26,96.74551391601562,97.01893552701826,96.64678058770056,96.75311057036276,69800
2014-12-29,96.494873046875,96.68474882556262,96.1454965148867,96.68474882556262,502500
2014-12-30,96.08476257324219,96.54806004241816,96.04678509102767,96.35818422044605,147300
2014-12-31,95.12019348144531,96.39615928153286,94.90753348052246,96.39615928153286,83100
2015-01-02,94.54296112060547,95.34803266035075,94.04168622597567,95.27967435901506,258200
2015-01-05,93.76827239990234,94.61891814272539,93.69991988743757,94.45942315242421,165600
2015-01-06,93.69234466552734,94.65691148311421,93.34297377905685,94.19361392192366,195700
2015-01-07,95.23410034179688,95.32524280662591,94.30750556362393,94.39864802845297,112500
2015-01-08,96.6999282836914,96.79866159434742,95.90244776180946,96.06194850182459,255100
2015-01-09,95.95563507080078,97.01894074920621,95.93285090108242,97.01894074920621,115600
2015-01-12,95.56829071044922,96.16829894424076,95.37841490714365,96.07715647261621,129400
2015-01-13,95.53030395507812,96.73032030612836,94.93789243342144,96.13031213060324,174100
2015-01-14,95.27208709716797,95.34803626131517,94.63410137032186,94.76321552882709,123800
2015-01-15,95.4847640991211,95.94046495980363,95.09741575999305,95.63666245449834,87900
2015-01-16,96.19869232177734,96.24426066626134,95.25690404240524,95.33285321472869,115100
2015-01-20,96.57081604003906,96.96575508491814,95.75814799087088,96.54803187517757,515800
2015-01-21,96.92020416259766,96.99615332395969,95.91006351228884,96.38095758401278,154400
2015-01-22,97.96833038330078,97.99111455413646,96.53286388060206,97.2771796303514,121200
2015-01-23,96.95818328857422,97.56578817889725,96.94298997931382,97.56578817889725,143700
2015-01-26,97.0493392944336,97.11010095447722,96.5252801170213,96.88224762658903,114000
2015-01-27,95.92524719238281,96.32778292228996,95.47713733459348,96.28220879440777,188000
2015-01-28,94.8619613647461,96.54805958296265,94.74803471319494,96.28982545314335,116200
2015-01-29,95.52271270751953,95.59866766140438,94.40624789673505,95.1049894339,109600
2015-01-30,93.75309753417969,95.08981928884211,93.66195504404554,95.08981928884211,113700
2015-02-02,94.96068572998047,94.96068572998047,93.06952435336456,93.95814172128111,217900
2015-02-03,95.7961196899414,95.7961196899414,94.9682641288541,95.34041900895903,109200
2015-02-04,95.88727569580078,96.51006806655788,95.65183156616986,95.65183156616986,116300
2015-02-05,96.35816192626953,96.38854274610196,95.91005207692741,96.05435952249421,111200
2015-02-06,95.97840881347656,96.47967784620903,95.62144142942151,96.47967784620903,81400
2015-02-09,95.28726959228516,95.87209029396391,95.02904128887859,95.8037319936478,106000
2015-02-10,96.32778930664062,96.41892597934729,95.55309282133763,96.07715186759852,129800
2015-02-11,96.81388092041016,97.00375673431398,96.15311100198686,96.52526597476435,142400
2015-02-12,97.13286590576172,97.14805921504129,96.72273347345872,97.03413257364328,82600
2015-02-13,96.82145690917969,97.13285016434997,96.62398448239564,97.13285016434997,94100
2015-02-17,96.82905578613281,96.94298241850169,96.22904759723605,96.7379191158771,164300
2015-02-18,97.33035278320312,97.33035278320312,96.65440103817512,96.72275356047932,69900
2015-02-19,96.77590942382812,97.17844524706655,96.71514776892978,97.10249607571879,78000
2015-02-20,97.03414916992188,97.10250168972156,96.11515081601614,96.63161332341076,107800
2015-02-23,97.3151626586914,97.33794683082586,96.98857020959636,96.98857020959636,76000
2015-02-24,97.64173889160156,97.70250054411429,97.11008891849052,97.33794221813818,116100
2015-02-25,97.34554290771484,97.7101012705002,97.21642872900131,97.58098709178667,76000
2015-02-26,97.42906951904297,97.48983116570379,97.07210208809761,97.27717119694049,73300
2015-02-27,97.76326751708984,97.90757500102352,97.42149334356847,97.52022089381188,69300
2015-03-02,97.92276000976562,97.9683399449857,97.58858827519381,97.78605497140914,101600
2015-03-03,97.56580352783203,97.88479353788739,97.1480743756996,97.88479353788739,82000
2015-03-04,96.92020416259766,97.45185408668146,96.68476002401049,97.45185408668146,75700
2015-03-05,97.2468032836914,97.27718990741599,96.90502909594854,97.2619965955537,117400
2015-03-06,95.46196746826172,96.82906987191365,95.15816500260016,96.82906987191365,151300
2015-03-09,95.8948745727539,96.03917623883245,95.48474215403436,95.6822146062807,90900
2015-03-10,94.48221588134766,95.31766838959736,94.48221588134766,95.31766838959736,140200
2015-03-11,93.89736938476562,94.6720658182613,93.66192526995272,94.6720658182613,103100
2015-03-12,95.22650146484375,95.23409811870614,94.14041174448498,94.17838921924786,87000
2015-03-13,94.54296112060547,95.15056020538603,93.97333371918955,95.15056020538603,109700
2015-03-16,95.56069946289062,95.58348363344852,94.9379070245913,94.99866867577904,1680400
2015-03-17,95.01387023925781,95.46198023983368,94.73285770142886,95.46198023983368,97100
2015-03-18,95.62905883789062,96.04678215673742,93.7530848469903,94.88474308889717,130400
2015-03-19,95.28726959228516,95.6214528503873,95.16575209496133,95.43157705274736,68600
2015-03-20,96.41895294189453,96.46452708554159,95.51514784903395,95.6518586908731,87200
2015-03-23,96.74551391601562,97.1860271553587,96.40373979953705,96.40373979953705,153900
2015-03-24,96.19869232177734,97.14047480659904,96.19869232177734,96.93540566732027,101200
2015-03-25,96.00878143310547,97.36828676651577,95.9708039635372,97.14043933275097,126900
2015-03-26,95.6214370727539,95.99359195224842,95.34041885257726,95.71257373207177,63500
2015-03-27,96.27462768554688,96.30500850902885,95.6214544670583,95.68221611402225,88200
2015-03-30,97.20881652832031,97.239197352786,96.16070415972821,96.63918910732575,132900
2015-03-31,96.44932556152344,97.97592886633348,95.0290580531362,96.88983888045179,155200
2015-04-01,96.44932556152344,96.44932556152344,95.56830471821725,96.40375721630689,146000
2015-04-02,97.11007690429688,97.25438436252374,96.42652288447147,96.4569037069692,65000
2015-04-06,97.92276000976562,98.21897743774049,96.76832327775121,96.82907914105944,76000
2015-04-07,97.42906951904297,98.16578854979412,97.40628535018256,97.92274196315084,98200
2015-04-08,97.54300689697266,97.79364438601965,97.16326102734917,97.57339352000318,77500
2015-04-09,97.86959838867188,97.9151667336669,97.18604424099415,97.6189609020983,52400
2015-04-10,97.9759292602539,98.24935092175355,97.70250759875428,97.90757674215426,47500
2015-04-13,97.55819702148438,98.05947198320285,97.50503781656917,97.79364119132468,90100
2015-04-14,97.74049377441406,97.90758544847233,97.17845708993606,97.60377713695635,97500
2015-04-15,97.55060577392578,98.25693828064745,97.47465080823284,97.97592576796472,95000
2015-04-16,97.79365539550781,98.12783875185907,97.62656371733217,97.7253028696457,104900
2015-04-17,96.87461853027344,97.40626835944515,96.3353662534083,97.40626835944515,85700
2015-04-20,97.17842864990234,97.70248769343308,97.17842864990234,97.29995193894399,56000
2015-04-21,97.29996490478516,97.80123984705601,97.19363490997925,97.52781820482647,61500
2015-04-22,97.43667602539062,97.50504013204893,96.87465098445125,97.50504013204893,77200
2015-04-23,97.11007690429688,97.5278059704539,96.98096275459358,97.08729273606093,88700
2015-04-24,97.0493392944336,97.35313600555004,97.01136760281945,97.23921513615679,99500
2015-04-27,96.55563354492188,97.21640337263295,96.4872810426841,97.20880671864569,135600
2015-04-28,96.6011962890625,96.76828788979398,96.18346728723378,96.66954878324437,71400
2015-04-29,95.78854370117188,96.44930776307861,95.68221371892137,96.44930776307861,83600
2015-04-30,95.34801483154297,95.86447714403715,94.99864411934816,95.77333469081518,90900
2015-05-01,96.19869232177734,96.21387983842187,95.55310987065198,95.67463318200984,134700
2015-05-04,96.41895294189453,96.62402210192874,96.25186706369203,96.45693042917524,74900
2015-05-05,95.63663482666016,96.44930296171879,95.47713986122426,96.36575715203105,91500
2015-05-06,95.93284606933594,96.11513100700148,95.42398032275597,95.98601106085101,64800
2015-05-07,96.13032531738281,96.27463278793286,95.42398706900349,95.55310122973253,74300
2015-05-08,96.8670425415039,97.2619816710615,96.69235424919685,96.69235424919685,52300
2015-05-11,96.51769256591797,97.20883764032978,96.51769256591797,96.7227559324102,62600
2015-05-12,96.38855743408203,96.63159823522781,95.84171418286658,96.17589166284841,42200
2015-05-13,96.34298706054688,96.91261450370487,96.25944123865303,96.54805618503175,62800
2015-05-14,97.75564575195312,97.81639579946648,96.83664193322718,96.83664193322718,63300
2015-05-15,98.08985900878906,98.09746145977836,97.78606228587185,97.81643732252273,67700
2015-05-18,97.96070098876953,98.12020172984752,97.71006358941666,97.9227235181227,49700
2015-05-19,97.71009063720703,98.0138988973841,97.41388482672198,98.0138988973841,69000
2015-05-20,97.54300689697266,97.96073604538431,97.54300689697266,97.74807604057493,52400
2015-05-21,97.64173889160156,97.79363722833325,97.23161222351597,97.61136385989532,62800
2015-05-22,97.33792114257812,97.58095611090697,97.26956864421355,97.58095611090697,39500
2015-05-26,96.58602905273438,97.28477066753071,96.3885623754333,97.2088214997572,82100
2015-05-27,97.17082214355469,97.23917463672231,96.75309314792452,96.81385478266135,52300
2015-05-28,97.02653503417969,97.16324584370064,96.64678342934924,97.0037508650178,66300
2015-05-29,96.46451568603516,97.01894984968787,96.27463986117183,97.01894984968787,62800
2015-06-01,96.46451568603516,96.75312485378929,96.10754820816406,96.69236319914094,60400
2015-06-02,96.12273406982422,96.38856485569693,95.74298242663491,96.32020654675674,82400
2015-06-03,96.13032531738281,96.50248028429883,96.01639867192488,96.3809627784803,57600
2015-06-04,95.31005096435547,96.17588411262501,95.25688597435818,95.9632241526359,87300
2015-06-05,94.18598175048828,95.28725893581867,94.1328167648768,95.24169060373706,229700
2015-06-08,94.07965850830078,94.375864277115,93.95053856725286,94.16320431945856,82500
2015-06-09,94.45940399169922,94.83155889357847,94.01129414308843,94.07965243623704,84300
2015-06-10,95.40119934082031,95.57588183539777,94.75562276670209,94.75562276670209,67300
2015-06-11,95.40119934082031,95.82651928714768,95.32525017819752,95.5455068059884,69600
2015-06-12,95.10499572753906,95.17334823709938,94.763215796088,95.17334823709938,69400
2015-06-15,94.37589263916016,94.8164002004525,94.32272763376878,94.74045102054355,84100
2015-06-16,95.4163818359375,95.4467626582983,94.54295781989929,94.71004365105964,90400
2015-06-17,95.87968444824219,96.06196939231552,95.1961303943414,95.57588200266964,205000
2015-06-18,96.8670425415039,97.27717498059243,96.02399349358024,96.02399349358024,101400
2015-06-19,96.92020416259766,97.3075466239089,96.78349335432617,96.85184586118713,94700
2015-06-22,97.23918914794922,97.61894072990297,97.19362081237054,97.36830329512166,62600
2015-06-23,96.97338104248047,97.29996769146643,96.77590856309237,97.29996769146643,67800
2015-06-24,96.52525329589844,97.03412481417696,96.49487826886767,96.82905571714925,65100
2015-06-25,96.32778930664062,96.82905839017546,96.32778930664062,96.6999442408081,76800
2015-06-26,96.47211456298828,96.7683262053741,96.27464786079881,96.46452370143925,47100
2015-06-29,94.93030548095703,96.08475361587378,94.93030548095703,95.6366437046279,99500
2015-06-30,94.85435485839844,95.53031224763731,94.85435485839844,95.53031224763731,95800
2015-07-01,95.95563507080078,95.99361255003124,95.05942682427953,95.46196260810342,85600
2015-07-02,95.88727569580078,96.34297644118779,95.61385408965872,96.13031647964381,71500
2015-07-06,95.75057983398438,96.11514396391146,95.21892984716392,95.21892984716392,61700
2015-07-07,97.55060577392578,97.63415160054777,95.62146669524152,95.85691086414874,81600
2015-07-08,96.46451568603516,97.17844484722701,96.45691903056652,96.90502319585981,75900
2015-07-09,96.50249481201172,97.71010236983217,96.50249481201172,97.40630566227661,110000
2015-07-10,97.58858489990234,97.80124490050243,97.23920827657312,97.23920827657312,71900
2015-07-13,98.56075286865234,98.59112790341511,98.0822620501535,98.0822620501535,73300
2015-07-14,98.64427947998047,98.7278252956761,98.40883534186526,98.62908617100877,67500
2015-07-15,98.31769561767578,98.71264056155358,98.19617231354412,98.59111725742193,90200
2015-07-16,99.36579895019531,99.46453806864898,98.7657849691131,98.7657849691131,51800
2015-07-17,99.2366714477539,99.26704647059825,98.73539665259595,99.22147814178332,69200
2015-07-20,99.41139221191406,99.47974473147553,99.06201557454217,99.3734147269017,66800
2015-07-21,99.03923034667969,99.42658446493898,98.82657033979666,99.37341366866764,82900
2015-07-22,99.31262969970703,99.57846044314032,99.09237888102408,99.09996974059983,62300
2015-07-23,98.84174346923828,99.46454164015769,98.74300434723914,99.46454164015769,70900
2015-07-24,98.27972412109375,98.87973822859315,98.16580325972087,98.6974532612957,54300
2015-07-27,98.1278305053711,98.25694468418313,97.5809871662252,97.99112546513533,91300
2015-07-28,99.25946807861328,99.28984310527257,98.3176800047994,98.68223827020226,83900
2015-07-29,99.63159942626953,99.83666848419894,99.21388204147112,99.47970114187954,290000
2015-07-30,99.41899871826172,99.5329311912277,98.73545023687844,99.29748697184242,70100
2015-07-31,99.49491119384766,99.87466276328983,99.44934285977031,99.82909442921247,71600
2015-08-03,99.76834869384766,99.79872372504263,99.29746038117533,99.51012036684025,95600
2015-08-04,99.87467193603516,99.94302444342885,99.35061286781833,99.69238699388606,80400
2015-08-05,100.73289489746094,100.83922486265716,100.18605176528119,100.18605176528119,86000
2015-08-06,99.98099517822266,101.01391993586765,99.84429017265566,100.93796498448701,64900
2015-08-07,99.38099670410156,100.01137415121856,99.03162013870397,100.01137415121856,62000
2015-08-10,99.85948944091797,100.10253605677016,99.66961361819614,99.85189858008528,63100
2015-08-11,99.45696258544922,99.72279339685268,99.137972565226,99.28987091927016,79900
2015-08-12,99.53289031982422,99.53289031982422,98.13540730247689,99.00883129104437,121400
2015-08-13,99.20632934570312,99.73799099133747,99.09240847255407,99.60127435445656,87400
2015-08-14,99.57086944580078,99.57086944580078,98.9936396240811,99.12275377128194,43700
2015-08-17,99.6924057006836,99.72279232462664,98.91772062665731,99.33543819851208,58500
2015-08-18,99.15316009521484,99.57088923630248,99.06201181682243,99.47974095791007,164600
2015-08-19,98.17339324951172,98.97847648943822,97.81642576824359,98.97847648943822,95200
2015-08-20,97.3151626586914,98.13542762283386,97.22401438105284,97.52022020790143,145400
2015-08-21,94.77080535888672,96.63918247619984,94.74802119073829,96.53285249514092,223200
2015-08-24,91.53531646728516,93.342937660531,64.26915820293911,89.20364204438872,515400
2015-08-25,90.65430450439453,95.09739716786109,90.65430450439453,92.44673256125911,1350600
2015-08-26,93.32015991210938,93.41889324169284,90.77581956622852,91.55811272664967,173300
2015-08-27,94.71762084960938,95.00622991093057,93.0467165248266,94.246726891566,169000
2015-08-28,94.58094024658203,94.61132107239418,93.99612528471086,94.4214452569808,142100
2015-08-31,93.9505615234375,94.22398319139002,93.73031065244028,94.17841484491483,103600
2015-09-01,91.9682388305664,93.01635694509422,91.46696973650705,93.01635694509422,278200
2015-09-02,93.25939178466797,93.25939178466797,92.36317784260503,92.88723686643183,180000
2015-09-03,93.92015838623047,94.5049732376942,93.45686102052393,93.45686102052393,90700
2015-09-04,92.55307006835938,93.02396418750898,92.18091508401945,92.98598670572831,58700
2015-09-08,94.37589263916016,94.40627347003394,93.32777425494314,93.88221427792543,86400
2015-09-09,92.78850555419922,95.11258931156236,92.63660723038055,95.11258931156236,51900
2015-09-10,93.00113677978516,93.61633812856326,92.52265199255581,92.61379443540571,70600
2015-09-11,93.53279876708984,93.53279876708984,92.65936912868847,92.84164823236975,50000
2015-09-14,93.25179290771484,93.60116365042099,93.0163487928485,93.60116365042099,45100
2015-09-15,94.36825561523438,94.51256305151723,93.06950607233432,93.27456934982443,88300
2015-09-16,95.38600158691406,95.4999282228145,94.74802169715062,94.85435167877786,80500
2015-09-17,95.44676971435547,96.54805287678853,95.20372891205125,95.37082055011349,81200
2015-09-18,94.1935806274414,95.31005121486807,94.07965978754018,94.35308139240179,81800
2015-09-21,94.99105072021484,95.26447229469836,94.54294668092436,94.5581341930407,102300
2015-09-22,93.85182189941406,94.10245937737079,93.38092777063629,94.10245937737079,69000
2015-09-23,94.0113754272461,94.08108540376489,93.53117609421034,94.0113754272461,57100
2015-09-24,94.11204528808594,94.23596557128938,93.25232653345955,93.35301213288274,99200
2015-09-25,94.73942565917969,95.59139773181055,94.33667726617999,95.37453275795477,77300
2015-09-28,93.1129379272461,94.4683500027587,92.94254232086408,94.40638688968747,114600
2015-09-29,93.01996612548828,94.24371066062736,92.55525473125695,94.24371066062736,194500
2015-09-30,93.91841125488281,94.1972392672477,93.24457590681337,93.93389907373604,130700
2015-10-01,93.90290832519531,94.2436993978301,93.1283874576619,94.2436993978301,248300
2015-10-02,95.1886215209961,95.1886215209961,92.88054659705298,92.95025655206459,82100
2015-10-05,96.90032196044922,96.98551974245635,95.66108955279041,95.66108955279041,84300
2015-10-06,96.24199676513672,97.09396882185656,96.21876207681856,96.91582636287202,69300
2015-10-07,96.98550415039062,97.171387504374,96.3039220039095,96.74540457194857,106900
2015-10-08,98.20926666259766,98.24024230303931,96.76091024320624,96.8538548919103,103500
2015-10-09,98.57328033447266,98.79015116772014,98.21700140068363,98.35641541035116,103400
2015-10-12,98.70496368408203,98.88310021499332,98.41064190568261,98.81339615745236,89400
2015-10-13,98.03890228271484,98.71273199551754,97.96919229672903,98.55783010752637,115100
2015-10-14,96.97779846191406,98.23252492956453,96.80740285294733,97.98467838264779,72200
2015-10-15,97.89169311523438,97.9071868418757,97.10942537535732,97.33403713865371,64400
2015-10-16,98.88309478759766,98.89084165216366,98.10083283109437,98.10083283109437,56300
2015-10-19,99.2161636352539,99.2316455490469,98.60428531104151,98.6430137320336,52900
2015-10-20,99.13094329833984,99.30134477664424,98.96829459388623,99.19291230700851,81700
2015-10-21,99.06124114990234,99.74281753060669,98.99927804916744,99.24712454298053,60500
2015-10-22,100.95881652832031,101.15244677726741,99.55692359861119,99.7505538475583,111100
2015-10-23,100.90460968017578,101.64815514886449,100.38568195253288,101.64815514886449,113000
2015-10-26,100.62577056884766,101.00529012724915,100.49410341223971,100.94332702680077,90900
2015-10-27,100.70323944091797,100.70323944091797,100.0293980293729,100.29274419233235,69700
2015-10-28,100.3701400756836,100.79612884724779,99.32454416538819,100.78063512330492,77000
2015-10-29,100.3314437866211,100.54832053648805,99.86673828384095,100.27723346284365,99900
2015-10-30,99.3787841796875,100.114576740572,99.3787841796875,100.114576740572,150000
2015-11-02,99.94417572021484,99.96742222093252,99.29358097465932,99.66534771236941,203700
2015-11-03,99.49497985839844,99.73507949436637,98.89859533733869,99.72732672013942,118600
2015-11-04,98.96830749511719,99.64988986067833,98.69722628569046,99.64988986067833,118800
2015-11-05,99.06124114990234,99.09996365601677,98.45711569055337,99.01476586978791,161400
2015-11-06,97.96918487548828,98.89861386041514,97.30309617115209,98.89861386041514,107300
2015-11-09,97.34955596923828,97.8607368068407,96.85386295314575,97.8607368068407,104500
2015-11-10,97.6128921508789,97.72132463088609,97.27210097992662,97.27210097992662,68400
2015-11-11,97.54317474365234,98.100830798323,97.51994005956209,97.83749059067245,54900
2015-11-12,96.04060363769531,97.21013199783873,96.04060363769531,97.21013199783873,137500
2015-11-13,95.25833892822266,96.10256991571943,95.17314114299472,95.91668061569861,115800
2015-11-16,96.72219848632812,96.74543908435137,95.07247057432028,95.11119899523165,64800
2015-11-17,96.5750503540039,97.41152875937064,96.35818536338557,96.9003478399314,70700
2015-11-18,97.93817138671875,98.00788134469579,96.79188369424327,96.79188369424327,92200
2015-11-19,98.14730834960938,98.63525448356599,97.95367808721167,97.95367808721167,208100
2015-11-20,97.55867767333984,99.06899737351401,97.5431898512563,98.58879216114482,67400
2015-11-23,98.40290069580078,98.61976564198163,97.64386747504122,97.74455308316044,62500
2015-11-24,98.68946075439453,98.98378250535765,98.00013756260098,98.03886597482015,92300
2015-11-25,99.09220886230469,99.34004941238096,98.78239931102078,98.78239931102078,42900
2015-11-27,99.42527770996094,99.62666077561398,99.14644961911864,99.14644961911864,26600
2015-11-30,98.47257232666016,99.66532913788625,98.39512142983212,99.60337787502326,110400
2015-12-01,99.0534896850586,99.17741588077335,98.58103140486699,98.73593914951044,342300
2015-12-02,98.5035629272461,99.1851391547965,98.43385297730191,99.06121889029879,141300
2015-12-03,97.9769058227539,99.20839136786088,97.59739218993258,98.95280393056355,100600
2015-12-04,100.0448989868164,100.12235583179677,98.13957760102656,98.13957760102656,92800
2015-12-07,100.33920288085938,100.66450029877265,99.95194236168837,100.31596819516938,156400
2015-12-08,100.0448989868164,100.215294591169,99.48724279407253,99.6576383984251,103800
2015-12-09,99.16191864013672,100.50958937974174,98.82112752311576,99.55692007945532,188700
2015-12-10,99.19290924072266,99.82026935409718,99.01476090320085,99.28584797803667,114500
2015-12-11,98.0698471069336,98.69720720016676,97.82974158861977,98.50357695814407,147000
2015-12-14,98.92182159423828,98.92182159423828,97.58964454859098,98.10083123736894,117600
2015-12-15,99.53369903564453,99.95194703412274,99.15419127279817,99.43301933236575,109000
2015-12-16,101.45451354980469,101.609415391506,100.08360802332945,100.08360802332945,119300
2015-12-17,100.2385025024414,101.4699880081549,100.2385025024414,101.4699880081549,103100
2015-12-18,98.41064453125,99.92095824286477,98.41064453125,99.92095824286477,157500
2015-12-21,99.54917907714844,99.54917907714844,98.72818874194286,99.12319609020024,174400
2015-12-22,100.76519775390625,100.88911214547112,99.52595929222679,99.78929362440117,108700
2015-12-23,101.66051483154297,101.72289669372468,101.07558669534397,101.26275608267588,114500
2015-12-24,101.47338104248047,101.7697485783405,101.47338104248047,101.58256720299748,39600
2015-12-28,101.29396057128906,101.3173567450883,100.94299416351328,101.23936156549512,88700
2015-12-29,102.1440658569336,102.23765056364712,101.78530464720663,101.78530464720663,97900
2015-12-30,101.78530883789062,102.26105095059665,101.72291506404773,102.14407006238844,111600
2015-12-31,100.66221618652344,101.64489095404205,100.59982243773628,101.64489095404205,173500
2016-01-04,99.35979461669922,99.43778384536212,98.37711367499585,99.43778384536212,224500
2016-01-05,99.9447250366211,100.10851016555567,99.35980279838614,99.54697815262922,138800
2016-01-06,99.5235824584961,99.92913600321442,98.75147891208634,98.89965667440508,130000
2016-01-07,98.24454498291016,99.20382393354923,97.89358448007832,98.314733513358,240200
2016-01-08,97.48023223876953,98.80607305697339,97.28525617287461,98.80607305697339,246900
2016-01-11,98.30694580078125,98.61890278095035,97.34766083118708,97.94038980386476,191800
2016-01-12,98.84504699707031,99.16481054396364,98.06514287317,98.94643834130297,215300
2016-01-13,97.11367797851562,98.95425254871695,96.93430332687082,98.90746019614829,259400
2016-01-14,97.42564392089844,98.05737045128392,96.78612263163981,97.23846855458308,222500
2016-01-15,95.90480041503906,96.38054235378898,95.00790958214023,95.73322057480851,182100
2016-01-19,96.8329086303711,97.16046696734637,96.23237906238623,96.66912351168659,256200
2016-01-20,95.6552505493164,96.19338039684668,93.84587305790298,95.64744984132415,264300
2016-01-21,96.07640075683594,96.42735526841844,95.13271738439268,95.76443788531991,240700
2016-01-22,97.63621520996094,97.87798362401291,96.4819542989376,97.20726549129076,168500
2016-01-25,96.78610229492188,97.5582057251611,96.73930995072446,97.41782869256885,213100
2016-01-26,97.70639038085938,98.2445261452327,97.03567233981903,97.03567233981903,109500
2016-01-27,97.57384490966797,98.72810014810908,96.942124217686,97.71422794679715,186300
2016-01-28,98.50972747802734,98.86068804459923,97.70642686040071,97.9637967525137,189700
2016-01-29,100.66221618652344,100.66221618652344,98.78264466812898,98.89962550936067,288100
2016-02-01,100.87283325195312,101.28618163606848,100.12413168466364,100.25671400594622,158600
2016-02-02,99.60936737060547,100.26448405562901,99.36759896782729,100.26448405562901,239400
2016-02-03,99.41439819335938,100.13190869331092,98.48631020851502,99.7497572672798,201600
2016-02-04,98.65789031982422,99.12583169256652,98.20554441442113,98.99324939449238,165400
2016-02-05,98.45510864257812,98.99324446705434,97.96377111818488,98.81386387549658,134200
2016-02-08,98.17434692382812,98.36152823192808,96.98109434812832,97.74540314737642,150800
2016-02-09,98.65009307861328,99.19602965783349,97.29306126490165,97.33985361876141,239800
2016-02-10,98.60330200195312,99.60937927435295,98.50191658387786,99.1648340563342,165600
2016-02-11,97.63621520996094,98.05736422005606,96.7003265374616,97.31645161055276,268500
2016-02-12,99.10243225097656,99.10243225097656,97.94037659108083,98.18214500315518,175600
2016-02-16,99.90574645996094,100.06172494123987,99.19603068468713,99.9369373960586,145100
2016-02-17,100.98981475830078,101.23937795268628,100.14751666400811,100.40488651785272,130100
2016-02-18,100.56864166259766,100.84161288584097,100.06170870559532,100.61543400934944,113700
2016-02-19,100.77922058105469,100.90400810779335,99.7731434599622,100.31907996414864,91800
2016-02-22,101.19257354736328,101.4967357201604,100.95080514083148,101.34075725469415,114400
2016-02-23,101.15357971191406,101.37195195175418,100.93520747207394,100.95860364774292,191700
2016-02-24,101.51232147216797,101.62150757118492,100.24886872595194,100.72461070746705,106500
2016-02-25,102.7289810180664,102.73677577583682,101.69950177348177,101.70730843164571,114500
2016-02-26,101.45773315429688,102.86935783320577,101.223759517372,102.86935783320577,160200
2016-02-29,101.06777954101562,102.05826117889265,101.02098719441241,101.44214211462806,101000
2016-03-01,101.99588775634766,102.1440714837371,101.40316474718556,101.62153700847664,165500
2016-03-02,102.31565856933594,102.3546561688166,101.5045513415657,102.01149633402123,159500
2016-03-03,102.92396545410156,102.93956687130743,101.67611388631087,102.04266983808459,150300
2016-03-04,103.40750122070312,103.65707629185295,102.59640604025496,102.90836297879785,244300
2016-03-07,102.85376739501953,103.3763017692412,102.72118511204329,102.91616115766601,129200
2016-03-08,103.1579360961914,103.61807673696539,102.40922279731654,102.75238256345109,223500
2016-03-09,103.8988265991211,103.9690151130032,103.46208220110933,103.5088745436974,108400
2016-03-10,103.80525207519531,104.37457879973411,102.94735270912852,104.21860034237473,225800
2016-03-11,104.29658508300781,104.44476878471436,103.89104346826679,104.42137261080212,109100
2016-03-14,104.23420715332031,104.42138847344648,103.93785160528154,104.20301621683035,134600
2016-03-15,104.34339141845703,104.52277797635641,103.78966602778048,103.84425314076208,163300
2016-03-16,104.6241455078125,104.83472297762201,103.68826283145025,104.26539623373067,162400
2016-03-17,105.44308471679688,105.59906323478955,104.53059789112167,104.60859310031707,145600
2016-03-18,105.28706359863281,105.81739272531122,105.16227607456968,105.81739272531122,204200
2016-03-21,105.34504699707031,105.67415088016129,104.89839832652548,105.18833257034285,130900
2016-03-22,104.60848236083984,105.21967703159305,104.4909495228277,105.21967703159305,178100
2016-03-23,104.54582214355469,104.92978277794793,104.31858794380244,104.59283529132767,186100
2016-03-24,104.49876403808594,104.49876403808594,104.05995890559069,104.29503649986832,158600
2016-03-28,104.89839935302734,105.20399667292689,104.61630859953972,104.61630859953972,148100
2016-03-29,105.8700942993164,105.8700942993164,104.85927563133173,105.0943413983865,133100
2016-03-30,106.33235168457031,106.54392272289984,106.04242941627903,106.23832542599878,110800
2016-03-31,106.03457641601562,106.56740771545313,105.95621324537309,106.34017365105564,218700
2016-04-01,107.31970977783203,107.39806103301935,105.57230819983634,105.64283987301657,199200
2016-04-04,107.02191162109375,107.3510154892683,106.62228805756976,107.3510154892683,125900
2016-04-05,106.31671142578125,106.81821685295799,106.15999695806227,106.77903524689137,85300
2016-04-06,107.12379455566406,107.15513266082752,106.3166918800252,106.45774324462398,128300
2016-04-07,106.13646697998047,106.80251826658952,105.70549332138314,106.80251826658952,127200
2016-04-08,106.64583587646484,106.7476937125233,106.32456342020346,106.51261601387965,145000
2016-04-11,105.90135955810547,107.02972228987679,105.8465149023746,106.92002102187354,147000
2016-04-12,106.53609466552734,106.6693025217011,105.9562381534675,105.98757625516676,128400
2016-04-13,105.88575744628906,106.97493921868997,105.46261520000478,106.97493921868997,143400
2016-04-14,105.36858367919922,106.01896009472281,105.2980639604979,105.87007716198819,127200
2016-04-15,106.06594848632812,106.07378002328458,105.29019589201931,105.56445512058015,121400
2016-04-18,106.41075897216797,106.51261680898679,105.80739566433984,105.97978518086215,110300
2016-04-19,106.57526397705078,106.6693021949484,106.17564040975364,106.3715364252698,103700
2016-04-20,105.29019927978516,106.45774397729294,105.27453620536825,106.44206894633068,109900
2016-04-21,103.48011779785156,105.25885711224282,103.48011779785156,105.25885711224282,185900
2016-04-22,104.00511932373047,104.00511932373047,102.93161288040547,103.3469115171609,105300
2016-04-25,104.6241683959961,104.647674966071,103.58199994867266,103.79357103589302,101800
2016-04-26,104.44393157958984,105.00028161619765,104.18535931826557,104.867073738485,121300
2016-04-27,104.88275146484375,105.21185539880332,104.02080404979756,104.78088169128024,83300
2016-04-28,104.99246215820312,105.65850162339537,104.65551469983166,104.65551469983166,86000
2016-04-29,104.89839935302734,105.05512573783282,104.26369814681631,104.92974941260623,118000
2016-05-02,105.97976684570312,106.08163662144636,105.10215633636592,105.10215633636592,233900
2016-05-03,105.72899627685547,106.11295678804343,105.39206085489934,105.77602136608732,165300
2016-05-04,105.98757934570312,106.17564383101438,105.13347556010177,105.38422820718344,104400
2016-05-05,106.06594848632812,106.60662344994834,105.72116955552421,105.97192221667068,149800
2016-05-06,106.55961608886719,106.62230425755045,105.62714900909022,105.97975949595617,134200
2016-05-09,107.20213317871094,107.47639238192724,106.7241464245485,106.8025096130514,105100
2016-05-10,108.24432373046875,108.26783030055762,107.531259220316,107.531259220316,104400
2016-05-11,107.42156982421875,108.22866070425927,107.37455667882574,108.15030944745347,84700
2016-05-12,108.01710510253906,108.15031300438287,107.49209307758964,107.80553398476452,115400
2016-05-13,106.66148376464844,107.85253516668318,106.38723645241163,107.85253516668318,100300
2016-05-16,107.21781158447266,107.45288920084111,106.35586430996973,106.73199327877695,74400
2016-05-17,105.16484832763672,107.19432868243697,104.87491402227464,107.19432868243697,101700
2016-05-18,104.15399932861328,104.9610900120709,103.62899940535263,104.71818084900721,142200
2016-05-19,104.93760681152344,104.95328184517605,104.02081462587766,104.169697554209,78400
2016-05-20,104.55361938476562,105.39206010016848,104.39690495808169,105.18833254113378,93700
2016-05-23,104.59282684326172,104.86708612518304,104.51447558881799,104.6006703382892,92400
2016-05-24,105.556640625,105.7133550852445,104.82790104787004,104.82790104787004,80200
2016-05-25,105.6898422241211,106.09729740519856,105.49394617133709,105.7760369656079,84100
2016-05-26,106.08946990966797,106.30887254062203,105.87006727871389,105.9562620234849,101400
2016-05-27,106.20699310302734,106.41073263934382,105.94057735489334,106.22266813425452,97200
2016-05-31,105.78386688232422,106.59095765090272,105.43125638402567,106.56745108145255,120000
2016-06-01,106.64583587646484,106.64583587646484,105.75255018685769,105.75255018685769,97000
2016-06-02,106.86522674560547,106.86522674560547,106.20700687074003,106.55962935806144,78900
2016-06-03,107.4372329711914,107.52342771372444,106.80253166551464,106.9592461183348,95400
2016-06-06,107.5234146118164,107.87602507683218,107.15512911646475,107.72714218000344,93400
2016-06-07,107.53910064697266,107.9465558250429,107.39021773490825,107.68797160249095,112400
2016-06-08,108.0562744140625,108.15814420314241,107.46858616607474,107.50776777391687,88500
2016-06-09,108.54208374023438,108.62827847812055,107.97790217526047,107.97790217526047,70900
2016-06-10,108.54993438720703,108.69881732036086,107.95441461113953,108.07194747597265,121300
2016-06-13,107.64881134033203,108.6361232207759,107.58612316365426,108.43239561398349,75300
2016-06-14,107.87603759765625,107.93089423192644,106.88872578970901,107.50775205955887,149900
2016-06-15,107.64881134033203,108.27566919401548,107.5547730970418,107.94656523386753,96800
2016-06-16,108.3853530883789,108.3853530883789,107.2491466343613,107.382354489985,176300
2016-06-17,107.93087768554688,108.21296843836382,107.28833298769656,108.17378684225561,102500
2016-06-20,108.22083282470703,108.97307904607321,108.16597618219527,108.57344338362478,139200
2016-06-21,108.60139465332031,108.90081466130302,108.47532180543618,108.59351960894075,80200
2016-06-22,108.59349060058594,109.05837057713667,108.53045419348265,108.75107560686149,165700
2016-06-23,109.34992980957031,109.34992980957031,108.8298883427845,109.1450704543069,166600
2016-06-24,107.1358413696289,108.49896960506162,106.55276340819246,106.92309492082552,244500
2016-06-27,106.75760650634766,107.03337728918984,106.15089154734842,106.83639300588834,208100
2016-06-28,107.49042510986328,107.57709870997866,106.56066469314511,107.57709870997866,259400
2016-06-29,108.71959686279297,108.79052036480057,108.04985730026816,108.07349445994726,141900
2016-06-30,111.26461791992188,111.26461791992188,108.92444346109023,108.94808061538409,165900
2016-07-01,110.9179458618164,111.5010118152408,110.7997480436847,111.47737465620845,214800
2016-07-05,111.35128021240234,111.9264709468931,110.79183956386677,110.80760167278835,186100
2016-07-06,111.46160125732422,111.6034241818611,110.76033763241212,111.32764135352717,141500
2016-07-07,111.43010711669922,112.09985872461144,111.14644916808554,111.89498730324166,277800
2016-07-08,112.619873046875,112.65927231665385,111.49312847360859,111.84769785567995,118200
2016-07-11,112.58838653564453,112.91144378939062,112.03683270179258,112.5726244195425,139100
2016-07-12,112.10771179199219,112.58835399894295,112.01316316864725,112.58047895465366,235100
2016-07-13,112.59620666503906,112.7301665521114,111.97374164678413,112.30467378568794,920000
2016-07-14,112.67503356933594,113.23447434080055,112.5174485143922,112.66715852462791,158200
2016-07-15,112.71442413330078,113.17142917341906,112.44652835829051,112.98231990831106,174800
2016-07-18,112.54891967773438,112.78530318544249,112.35982248993959,112.78530318544249,195700
2016-07-19,112.38348388671875,112.39923397379019,111.94224098937376,112.28104820591822,146100
2016-07-20,112.09194946289062,112.5174423130538,112.0446751513099,112.5174423130538,131800
2016-07-21,111.73735809326172,111.88706806575667,111.34338954373442,111.88706806575667,203400
2016-07-22,112.25740051269531,112.32831196676075,111.95010552211235,111.95010552211235,84400
2016-07-25,112.16287994384766,112.18651710111122,111.72162495466664,112.13135571885017,85700
2016-07-26,111.41433715820312,112.4228960104975,111.34342568178474,112.19439946771497,179400
2016-07-27,109.87786865234375,111.25675911021138,109.53906133943647,111.25675911021138,146100
2016-07-28,110.37428283691406,110.50035571830867,109.53907103787533,109.88576545022462,102700
2016-07-29,110.87065887451172,111.0755182370393,110.2718188528688,110.35849243373983,108200
2016-08-01,111.0439682006836,111.21731532213043,110.49241464288271,110.95730666292602,128300
2016-08-02,110.72091674804688,111.20155882562635,110.29542401158496,111.11488526990004,187000
2016-08-03,110.16940307617188,110.70519468869321,109.93301947295443,110.67368248564999,142900
2016-08-04,110.45301818847656,110.86274885166084,110.12208604539293,110.35846958272872,96200
2016-08-05,110.79975891113281,111.28040123021604,110.56338729762565,110.81552102635703,91800
2016-08-08,110.64214324951172,110.86276470979247,110.26393674945442,110.86276470979247,108700
2016-08-09,110.92581176757812,111.29614325919847,110.60275459012736,110.64215385959167,107900
2016-08-10,111.33551788330078,111.49310290330583,111.0597350810672,111.0597350810672,95400
2016-08-11,111.28035736083984,111.80827379450723,111.22520801375309,111.59553942621575,109700
2016-08-12,111.57192993164062,111.7137528789913,111.37494560056285,111.37494560056285,85900
2016-08-15,111.43795013427734,111.8792050564997,111.42220004713772,111.8792050564997,93800
2016-08-16,110.81549835205078,111.13855552170376,110.76822403902229,111.13855552170376,78700
2016-08-17,111.09913635253906,111.1621727662752,110.28756206300677,110.70516778391303,140300
2016-08-18,111.46946716308594,111.50886642432773,111.18580931429813,111.21732150951166,108600
2016-08-19,111.20157623291016,111.24096347288895,110.917918371854,111.2330884294866,61300
2016-08-22,111.30400085449219,111.41431157791716,111.01246794750483,111.22521435088413,80600
2016-08-23,111.1148910522461,111.57189600413383,111.1148910522461,111.53249674530518,78800
2016-08-24,110.92581176757812,111.1858325184798,110.6579159719712,111.1858325184798,81000
2016-08-25,110.53971099853516,111.09915173354057,110.43728733212971,111.09915173354057,79200
2016-08-26,110.06693267822266,111.1070033723468,109.75175063230192,110.6184862298768,192200
2016-08-29,110.65790557861328,110.68154273347798,110.12210201475486,110.12210201475486,93300
2016-08-30,110.09846496582031,110.62638146325315,109.89360561580645,110.6027443083657,97200
2016-08-31,110.29541778564453,110.33481704019887,109.81477573519626,110.04328419783276,67000
2016-09-01,110.22455596923828,110.29546744558493,109.64936506725456,110.1378823793802,106200
2016-09-02,111.08338165283203,111.28036595028426,110.67366297066789,110.67366297066789,96100
2016-09-06,111.31974792480469,111.31974792480469,110.5948472655241,111.12276365794695,67100
2016-09-07,110.35848236083984,111.06763305495782,110.13786090657227,111.05974598825485,104600
2016-09-08,109.85420227050781,110.26393297828784,109.64934292810153,110.23240875762998,113700
2016-09-09,106.82852935791016,109.15294174421278,106.82065431400603,109.12930458953262,228300
2016-09-12,108.72746276855469,108.82988643290484,106.74185758119806,106.79700693539154,116100
2016-09-13,107.38009643554688,108.2231951344794,107.1358377913236,108.18379586409547,189900
2016-09-14,106.99400329589844,107.77406557026171,106.76550676341168,107.42737122610025,107900
2016-09-15,107.9001235961914,107.97103505966795,106.78125419934644,106.88367786115667,78000
2016-09-16,107.47463989257812,107.6637491675362,106.94672335916002,107.59283769804019,180800
2016-09-19,107.40371704101562,107.98679489311834,107.40371704101564,107.65586271423868,90000
2016-09-20,107.5892333984375,107.98565652230637,107.5892333984375,107.68438317472011,87100
2016-09-21,108.247314453125,108.39003309131228,107.12147405401124,107.70024851951239,73800
2016-09-22,109.2225112915039,109.3335092990998,108.57238356069239,108.57238356069239,77400
2016-09-23,108.68338775634766,109.21459340136414,108.6754636474523,109.13530392090595,198400
2016-09-26,107.77952575683594,108.46929815243116,107.70817249478281,108.4455137317468,174100
2016-09-27,108.23145294189453,108.50895400882285,107.18490203088359,107.90639512659689,115200
2016-09-28,108.37416076660156,108.61994117959624,107.87466373511286,108.4692984495997,70500
2016-09-29,107.47826385498047,108.41382896583038,107.359341725493,108.4058927586133,142400
2016-09-30,108.52481079101562,108.865728909923,107.8746709858317,107.8746709858317,133800
2016-10-03,107.93018341064453,108.3820995640113,107.72403560570893,108.3662392487372,123600
2016-10-04,107.01045989990234,107.98565740518828,106.85981717594075,107.98565740518828,196100
2016-10-05,106.94705200195312,107.28004604315828,106.73298008336548,107.24040130299373,122500
2016-10-06,107.11353302001953,107.4148063679194,106.43960886959145,106.70124958336211,121700
2016-10-07,106.89155578613281,107.27211866478599,106.12249382230974,107.20868950203116,107500
2016-10-10,106.94705200195312,107.43861290594033,106.68541123431848,106.89155904402368,195200
2016-10-11,106.31277465820312,106.9470542203644,105.98770471913747,106.85191652029694,105000
2016-10-12,106.85982513427734,107.12146586940035,106.36032808559932,106.47926229131414,91500
2016-10-13,106.7964096069336,107.1135554314396,106.13042152228529,106.4158467154026,83700
2016-10-14,106.9153060913086,107.35136178704656,106.85187694879517,106.97079902983789,97300
2016-10-17,106.46341705322266,107.01840713152299,106.44755673730654,106.91534532275917,85700
2016-10-18,106.8439712524414,107.25625474756387,106.82812303569177,106.94704515069087,67100
2016-10-19,106.26519012451172,106.83604043641753,106.0749026545849,106.83604043641753,85100
2016-10-20,106.08285522460938,106.51098697564476,105.90050393230509,106.40792516584311,64400
2016-10-21,106.62198638916016,106.74092061447213,106.25728379977402,106.36034561092576,74600
2016-10-24,107.34347534179688,107.61304021865037,106.8836229706418,106.8836229706418,87000
2016-10-25,107.66857147216797,107.91435198427097,107.61306640278775,107.83506248455039,107300
2016-10-26,107.53372955322266,107.91429232616132,107.38308684576064,107.66057574562059,95000
2016-10-27,106.96290588378906,107.83502962557029,106.82812345363766,107.62889392614026,62800
2016-10-28,107.4941177368164,107.82711177732477,106.86776229800513,106.86776229800513,85100
2016-10-31,107.67644500732422,107.93016160895596,107.50995407314264,107.50995407314264,57600
2016-11-01,107.21660614013672,107.93017509800231,106.90739655442411,107.77953235919041,121700
2016-11-02,107.01840209960938,107.51789919553194,106.9946176757917,106.9946176757917,137100
2016-11-03,106.22553253173828,107.20866619388212,106.06696570826298,107.20866619388212,67200
2016-11-04,105.17900085449219,106.10662964247783,105.14728022533222,106.01941605910096,93800
2016-11-07,107.02632904052734,107.02632904052734,105.97184198368986,105.97184198368986,91200
2016-11-08,107.5575180053711,107.85086722698776,106.0352547586372,106.23346630791826,82500
2016-11-09,106.22553253173828,106.5030335462249,104.3781993984619,104.3781993984619,236000
2016-11-10,103.46643829345703,106.09869371832374,103.29201114612857,106.09869371832374,218800
2016-11-11,103.34752655029297,103.6725843593721,102.67360231371694,103.33166623588966,156500
2016-11-14,103.26033020019531,103.46646593033796,102.91939992194247,103.26825430978175,235800
2016-11-15,104.02143096923828,104.07693601659308,103.39508772235509,103.52987014009263,201200
2016-11-16,104.1007308959961,104.4020042903169,103.65673886404922,104.10865500446818,170100
2016-11-17,103.9342041015625,104.06898650206324,103.46642775314122,103.9342041015625,113800
2016-11-18,103.60917663574219,103.98181546512797,103.45854596030935,103.83910889959863,131000
2016-11-21,104.33859252929688,104.33859252929688,103.35545862439747,103.94216932378721,156600
2016-11-22,104.79843139648438,104.94115003944997,104.55265094802384,104.60021979638704,164000
2016-11-23,104.17999267578125,104.70327410560164,104.09277910414451,104.43370928340582,108200
2016-11-25,104.99662780761719,105.02042432623234,104.42578961196104,104.42578961196104,74400
2016-11-28,105.15521240234375,105.32170335649042,104.75085303223777,104.94114050628029,125000
2016-11-29,105.24244689941406,105.39307756952645,105.01251464367908,105.1869418384169,83900
2016-11-30,103.63294982910156,105.09178418283065,103.63294982910156,104.96492586566943,184800
2016-12-01,102.86388397216797,103.64879407152584,102.46746081964395,103.64879407152584,207300
2016-12-02,103.56159973144531,103.6567495322806,103.1493282867073,103.15725239599492,199000
2016-12-05,103.80738067626953,103.93423901271896,103.57746052709717,103.79945656694525,184800
2016-12-06,104.15624237060547,104.16417857836419,103.79946385991636,103.97389106032041,165300
2016-12-07,105.62298583984375,105.74190794657895,104.17999975612575,104.17999975612575,139900
2016-12-08,105.34548950195312,105.75777298685271,105.17106233902928,105.4485633976468,192000
2016-12-09,106.78056335449219,106.82814430784175,105.47237143750704,105.47237143750704,118700
2016-12-12,107.1611099243164,107.28796823712365,106.51890635030728,106.51890635030728,155400
2016-12-13,107.5575180053711,107.82708280890385,107.16109490680894,107.25623257914454,205300
2016-12-14,106.48589324951172,108.00312263065402,106.21437891182565,107.71564617914267,200200
2016-12-15,107.02090454101562,107.26845131066625,106.16645633886068,106.46192599909192,143000
2016-12-16,107.57192993164062,107.62782170792244,107.092798380092,107.30041555385827,119200
2016-12-19,107.77952575683594,107.92325788293769,107.48406826330294,107.68370433943477,155100
2016-12-20,107.63579559326172,107.69968060819906,107.26847198839786,107.65976313558133,297700
2016-12-21,107.63579559326172,108.15485677031987,107.63579559326172,107.65176989320122,103900
2016-12-22,107.46012115478516,107.63578970522732,107.24451076426881,107.48407651097364,96400
2016-12-23,107.65177917480469,107.69968989393332,107.30841089783497,107.30841089783497,63500
2016-12-27,107.65977478027344,107.85141766099323,107.55596009666887,107.6278261769388,105800
2016-12-28,107.06886291503906,107.73963746398388,107.00497788397426,107.68374567731703,86900
2016-12-29,107.45211791992188,107.54793933576451,107.0847943693125,107.0847943693125,97100
2016-12-30,106.9969711303711,107.57990514472021,106.75740536761283,107.57990514472021,138100
2017-01-03,107.34830474853516,107.38823440062849,106.81328152797776,107.38025334413746,173000
2017-01-04,107.51602172851562,107.93126824448619,107.48408531258913,107.53997708666576,179300
2017-01-05,107.70767974853516,107.85141190139926,107.13272676743595,107.50804363523186,142500
2017-01-06,107.66773986816406,107.89133131905282,107.20458266708872,107.66773986816406,121700
2017-01-09,106.94905090332031,107.38825278188553,106.8292741113576,107.38825278188553,138900
2017-01-10,106.36612701416016,106.93309898141516,106.23835696733899,106.86123289938662,131800
2017-01-11,106.58970642089844,106.73345075348327,106.2543192246284,106.33417854104452,130400
2017-01-12,106.55775451660156,106.62962058003747,106.30221448907055,106.43796555938921,97000
2017-01-13,106.54181671142578,106.59772068090363,106.30225089976406,106.46995062337427,108500
2017-01-17,107.85942840576172,107.8993458891741,106.58175213114156,106.58175213114156,189800
2017-01-18,108.2507095336914,108.28265814281801,107.883385822505,107.93927761124021,86700
2017-01-19,107.8034896850586,108.19478081193218,107.56392393768334,108.19478081193218,111700
2017-01-20,108.42636108398438,108.84958865457466,107.93924849719656,108.28262893615565,114700
2017-01-23,108.26663970947266,108.34648683009556,108.00311862329666,108.1548439927452,447600
2017-01-24,109.0412368774414,109.16900690183836,108.42635429674874,108.45830289525807,91800
2017-01-25,109.13703155517578,109.5363036449444,109.11307620457504,109.26480154825786,119100
2017-01-26,108.68191528320312,109.19298329442842,108.64198561978408,109.08916860650339,90400
2017-01-27,107.99517822265625,108.61004880372248,107.73165703727479,108.6020677441014,123400
2017-01-30,107.92325592041016,107.99513416697306,107.56391342687114,107.88333845376495,115700
2017-01-31,108.4023666381836,108.4023666381836,107.83539493938284,107.83539493938284,139400
2017-02-01,107.71564483642578,108.20275736805853,107.56391946323892,108.02707663961266,127800
2017-02-02,108.53016662597656,108.88950915013191,108.20276051482216,108.20276051482216,127700
2017-02-03,109.10511779785156,109.49639672876528,108.75375633634722,108.87353311421474,89200
2017-02-06,108.5860595703125,109.13705713289757,108.57807851318086,109.13705713289757,90300
2017-02-07,109.48043823242188,109.59223395706546,108.74576668782674,108.817644941742,105500
2017-02-08,109.87971496582031,109.9595620954017,109.33669843449204,109.48044276345152,132400
2017-02-09,110.43070220947266,110.53451688296056,109.60820243367681,109.8557614385188,70200
2017-02-10,110.4067153930664,110.62232573625236,110.12723223727912,110.43067074399626,102200
2017-02-13,110.4386978149414,110.6862446402592,110.1671956313555,110.6862446402592,98600
2017-02-14,110.51052856445312,110.6143432069774,109.79184367649937,110.20707787696202,92000
2017-02-15,111.46881103515625,111.56464464983455,110.52653448203462,110.52653448203462,108700
2017-02-16,111.4129409790039,111.83616862313036,110.83798791814851,111.428903097211,81000
2017-02-17,112.107666015625,112.13960243548493,111.12545965603324,111.12545965603324,107600
2017-02-21,113.14575958251953,113.329421385362,112.3312408712736,112.45901090143389,515400
2017-02-22,113.06588745117188,113.17768316868462,112.83431495947379,113.09783604750086,109200
2017-02-23,113.19364166259766,113.68075411763893,113.04990955364333,113.21759701409005,80800
2017-02-24,113.61690521240234,113.68877128970983,112.87426471058191,113.08188188441072,110700
2017-02-27,113.08184051513672,113.48111260053939,112.89817876760027,113.48111260053939,84900
2017-02-28,113.23358917236328,113.51307237880151,112.91416412738015,112.91416412738015,407100
2017-03-01,113.76065063476562,114.03215283039279,113.2575637191811,113.37734051583378,88100
2017-03-02,113.69676208496094,113.9443089135719,113.56101099136207,113.78460246138624,66200
2017-03-03,113.2415771484375,113.56100221293806,112.83432389912214,113.48912395791275,106800
2017-03-06,112.79438781738281,112.93013889275458,112.62668814497086,112.93013889275458,96300
2017-03-07,112.5548324584961,112.81835357669092,112.48296638575772,112.54685140090986,122100
2017-03-08,112.30729675292969,112.514913934102,112.20348206993255,112.40311819272891,59200
2017-03-09,112.50691223144531,112.65863760650144,112.26734649108403,112.2833207897267,53800
2017-03-10,113.04193115234375,113.1297715142859,112.70654400260624,113.00200149967564,48900
2017-03-13,113.05789947509766,113.16969518576826,112.78639734701457,113.025950880724,62800
2017-03-14,112.88225555419922,113.13778346838419,112.72254908473079,112.96211488134472,58800
2017-03-15,113.75264739990234,114.02414957168114,112.90619228505048,112.90619228505048,142300
2017-03-16,113.81651306152344,113.86442376782968,113.6168769953684,113.64882558945156,93100
2017-03-17,113.7845687866211,114.39145799924503,113.7845687866211,114.07204518940458,69300
2017-03-20,113.84048461914062,114.03213965646498,113.65682282388408,113.80055496326219,77200
2017-03-21,113.61690521240234,114.12797318129147,113.59294985329984,113.97624778376131,101500
2017-03-22,113.5450210571289,113.95227428185241,113.28149996413619,113.6887531888597,99200
2017-03-23,113.29744720458984,113.8564256691899,113.17765827193627,113.41722395242677,72300
2017-03-24,113.11597442626953,113.42924781564072,112.75449475964193,113.42924781564072,84900
2017-03-27,112.97135925292969,113.10791303776763,112.58579490415967,112.69825168325383,71100
2017-03-28,113.34890747070312,113.5095582784607,112.7384294984759,112.88301154839644,63700
2017-03-29,113.54166412353516,113.64608037817335,113.12396233437978,113.34084760563493,69500
2017-03-30,113.2283935546875,113.5657638420068,113.18018729346944,113.54166683983169,92000
2017-03-31,112.97135925292969,113.40511761318727,112.97135925292969,113.20430106074272,332600
2017-04-03,112.8106918334961,113.2524906351247,112.57773780315198,112.98741135414754,297700
2017-04-04,112.97933959960938,112.97933959960938,112.56967841879084,112.85885462197582,58600
2017-04-05,112.82677459716797,113.54168101698639,112.66611155344928,113.10791040993693,64900
2017-04-06,112.87494659423828,113.09181959859825,112.74642108707661,112.86690608949883,62200
2017-04-07,113.09989166259766,113.37299924887358,112.85890933364284,112.87497809073861,137200
2017-04-10,113.45333099365234,113.65414755868558,112.99546334207875,113.2525144286191,66400
2017-04-11,113.53363800048828,113.54970675587876,113.17217067385191,113.42118122649322,55900
2017-04-12,113.94328308105469,114.00753357280084,113.5014843448872,113.50951259213896,65500
2017-04-13,113.41316986083984,113.93528804850037,113.37300409481882,113.9192315475887,117600
2017-04-17,114.14414978027344,114.14414978027344,113.4854655099268,113.4854655099268,56500
2017-04-18,114.69032287597656,115.01162438549069,114.05574810478275,114.05574810478275,74400
2017-04-19,114.24856567382812,114.90724994190258,114.09594311137813,114.85905592362813,77500
2017-04-20,114.03166961669922,114.28870841466569,113.75854980671942,113.98346335126591,64600
2017-04-21,113.73445892333984,114.06380100874618,113.73445892333984,113.97544123599984,60700
2017-04-24,114.77068328857422,114.93936233365015,114.25659338974991,114.29674689590226,73200
2017-04-25,115.23656463623047,115.38114665662646,114.85098806810421,114.85098806810421,96800
2017-04-26,114.4092025756836,115.30082857595959,114.36100856326921,115.30082857595959,71800
2017-04-27,114.23248291015625,114.61804722458159,114.07986038279432,114.42525893893463,55000
2017-04-28,114.19232940673828,114.21642641292162,113.69429601291964,114.21642641292162,63900
2017-05-01,113.61395263671875,114.26459617934773,113.61395263671875,114.26459617934773,275500
2017-05-02,112.89099884033203,113.67820834941344,112.81870784160002,113.6139455982517,95900
2017-05-03,112.89904022216797,113.02756572549029,112.59379521599412,112.90706846980063,54300
2017-05-04,113.69428253173828,114.12805310534416,113.08380468603076,113.08380468603076,62900
2017-05-05,114.0156021118164,114.0156021118164,113.63003778220428,113.87904833376355,92400
2017-05-08,113.94328308105469,114.04769932279171,113.71032908522727,113.99950532554908,53300
2017-05-09,113.48544311523438,114.24051527345995,113.3649580929086,114.07986449140257,64600
2017-05-10,113.71037292480469,113.7344699327163,113.30873978378355,113.55775037011733,59100
2017-05-11,113.75857543945312,113.782672449165,113.30874824900249,113.60595287336345,65300
2017-05-12,113.48544311523438,113.7987164301504,113.42118035103762,113.7987164301504,53500
2017-05-15,113.94328308105469,113.97540832692776,113.42919334902325,113.46131859489633,72100
2017-05-16,113.71839904785156,114.28068292278407,113.64609577639159,114.11199163186971,56500
2017-05-17,113.46134948730469,113.86298258283497,113.30069870046646,113.5015152482316,76300
2017-05-18,113.44527435302734,113.75051941066596,113.16413855608481,113.50150886653707,63800
2017-05-19,114.07181549072266,114.28870077162722,113.46133766161762,113.54166917509875,65000
2017-05-22,114.78672790527344,114.9634474387814,114.19231879880914,114.28870681458848,89000
2017-05-23,114.99557495117188,115.41326448781525,114.939340442277,114.94738094747208,83600
2017-05-24,115.5096664428711,115.58195744947896,114.96343912692,115.02770188508293,123900
2017-05-25,116.23259735107422,116.44145437272329,115.67031355599497,115.74260456031926,99500
2017-05-26,116.55394744873047,116.57804445768028,116.26477108446146,116.32099335305392,80400
2017-05-30,116.45751190185547,116.51374641029582,116.07997586676836,116.35309564697245,55200
2017-05-31,116.70651245117188,117.04389495925008,116.55390220601888,116.55390220601888,83400
2017-06-01,117.71063232421875,117.74276983845985,116.57803621306309,116.81900628551934,204600
2017-06-02,118.06407165527344,118.15243143429225,117.54998173831049,117.99980888354428,85600
2017-06-05,118.17649841308594,118.17649841308594,117.59814587135246,118.01584765301938,52900
2017-06-06,117.75080108642578,118.03997743760591,117.58212203141197,118.01588042974679,60200
2017-06-07,117.7347183227539,117.89536909160198,117.5339017974768,117.75077481983111,92900
2017-06-08,116.94754791259766,117.66245449190365,116.68246853956886,117.66245449190365,90900
2017-06-09,116.89929962158203,117.05995036968945,116.56192937349653,116.9474936203276,81700
2017-06-12,116.79493713378906,117.29297066834363,116.63428629487963,117.14837633351381,80800
2017-06-13,116.99571228027344,117.1162095594031,116.36916565078,116.99571228027344,77500
2017-06-14,117.72669982910156,117.94358514887564,117.3732607174313,117.48571750233818,86200
2017-06-15,117.38127136230469,117.54995036831758,116.73062782537781,117.18848309856565,64200
2017-06-16,116.14424896240234,116.58604779352038,115.12410978321095,116.58604779352038,139300
2017-06-19,116.67440795898438,116.69850496286703,115.67032527431154,116.3611346516412,79700
2017-06-20,116.20047760009766,116.81095542694786,116.16031184350544,116.81095542694786,80200
2017-06-21,115.79884338378906,116.38522420216269,115.74260887375169,116.28883619280481,49100
2017-06-22,115.13215637207031,115.79082834231271,115.0839623567929,115.79082834231271,60400
2017-06-23,115.15623474121094,115.49360505041874,115.09197197895203,115.1241094885158,104700
2017-06-26,115.71049499511719,115.98360255305118,115.42131868175497,115.42131868175497,75000
2017-06-27,114.65821075439453,115.58999014140683,114.64214200001912,115.58999014140683,132800
2017-06-28,115.10889434814453,115.59438599614613,115.07653400000831,115.12508069549537,73600
2017-06-29,113.7738037109375,115.06034044703762,113.42586517079395,115.06034044703762,117200
2017-06-30,114.1055908203125,114.45351712035452,114.0651311153715,114.11367782267331,51400
2017-07-03,114.01658630371094,114.63153185070553,113.97612659809724,114.35642560704233,154800
2017-07-05,113.76573181152344,114.36449089326254,113.7009987641472,114.36449089326254,90600
2017-07-06,113.12648010253906,113.72525142190132,113.08602041196954,113.6847917313318,90400
2017-07-07,113.15890502929688,113.48255801012742,112.88378641436411,113.25599845423207,106600
2017-07-10,112.36590576171875,113.11841665397733,112.20407931231297,113.11841665397733,139600
2017-07-11,111.98560333251953,112.39827496422286,111.7266834908354,112.22834917236273,108100
2017-07-12,112.63290405273438,113.08602296559116,112.53581067042632,112.53581067042632,76200
2017-07-13,112.73002624511719,112.908026689823,112.57628680296716,112.77047359594303,64600
2017-07-14,113.51487731933594,113.70907644554816,113.00512467619754,113.00512467619754,57000
2017-07-17,113.66055297851562,113.81429244153145,113.40972010583418,113.57154657079951,146900
2017-07-18,113.69292449951172,113.86285032968412,113.5230110159084,113.66865114471125,125600
2017-07-19,114.14603424072266,114.16220824313682,113.60389649567993,113.74954894337452,109500
2017-07-20,114.21886444091797,114.5667907222406,113.92757186621091,114.09748533262547,61100
2017-07-21,114.46966552734375,114.52629921823349,113.79807415696064,114.01654661396825,70600
2017-07-24,114.17842102050781,114.46971363675449,114.08941460036105,114.46162663367555,240900
2017-07-25,115.07656860351562,115.10084195855815,114.42116332422903,114.51825674439914,94700
2017-07-26,114.90660095214844,115.14934676079714,114.68814083627282,115.01179368342798,73500
2017-07-27,115.82095336914062,115.86950006793745,114.29975762515258,114.29975762515258,80900
2017-07-28,114.89852142333984,115.91803907007913,113.48251851847473,115.71575294081269,115900
2017-07-31,114.8176040649414,115.06034989367014,114.4939511910136,114.5910445838788,147200
2017-08-01,114.65576171875,115.17361365311864,114.62340137447372,115.01178723860919,191600
2017-08-02,114.56678009033203,114.63960014060906,114.04084104290898,114.57487943807394,92800
2017-08-03,114.364501953125,114.99563379287034,114.27549554769591,114.50205506213949,57900
2017-08-04,114.0408706665039,114.56680985054648,113.87904417499618,114.56680985054648,62100
2017-08-07,114.86617279052734,114.93899284131459,114.07320219339941,114.07320219339941,74100
2017-08-08,114.42923736572266,114.89854275433554,114.37260365922802,114.72861694171606,88100
2017-08-09,114.55060577392578,114.62342582400316,114.17030682809944,114.30785992710116,142900
2017-08-10,114.06512451171875,114.57488960201262,113.68482553111345,114.32404438452811,62600
2017-08-11,114.18646240234375,114.62340732542472,114.06509567180163,114.08936901791004,400400
2017-08-14,114.76095581054688,115.09270798950789,114.47775032186033,114.47775032186033,73600
2017-08-15,115.27882385253906,115.42446394370458,114.83379188525686,114.98753132364216,120900
2017-08-16,115.6186752319336,115.84523473971682,115.36784237307126,115.36784237307126,78700
2017-08-17,114.57490539550781,115.80479656737933,114.5425326903394,115.37595082316882,142100
2017-08-18,114.18646240234375,114.55058728709945,114.08128201806213,114.47775490220951,63300
2017-08-21,114.63957977294922,114.84996523179325,114.18646085630745,114.21883354839014,168700
2017-08-22,114.84188079833984,114.95517288877637,114.56677461273534,114.66388035502865,56200
2017-08-23,114.4211196899414,114.71241218593704,114.34829965258362,114.56675976465698,49100
2017-08-24,112.9241943359375,114.48584950135707,112.80282761042797,114.48584950135707,117800
2017-08-25,113.18315887451172,113.63627790819173,113.18315887451172,113.23979258043788,55600
2017-08-28,112.8594741821289,113.27214578909272,112.5520076602219,113.23168609378335,84700
2017-08-29,113.21549987792969,113.29641926864248,112.70573487888336,112.71383422589399,62300
2017-08-30,113.33688354492188,113.45825028933098,113.07795136142772,113.14268440730126,55200
2017-08-31,113.40969848632812,113.49870487707679,113.19931301006831,113.33687844296074,40700
2017-09-01,113.84660339355469,113.89515007732126,113.45013057841933,113.45013057841933,65300
2017-09-05,114.00037384033203,114.08938023366774,113.3935154348338,113.78190135731423,201400
2017-09-06,114.3725814819336,114.51822156745199,113.91945018500152,114.1541090070906,66600
2017-09-07,114.64768981933594,114.72050986347156,114.24311755649492,114.55868342764829,47700
2017-09-08,113.95182037353516,114.42112566082722,113.66052786233888,114.42112566082722,55500
2017-09-11,114.67194366455078,114.83377007285144,114.1864520930853,114.1864520930853,74200
2017-09-12,114.85806274414062,115.42446144178359,114.64768961260627,114.68004996108631,48300
2017-09-13,114.93090057373047,115.37593260023506,114.83380716669949,114.83380716669949,67500
2017-09-14,114.68816375732422,114.89853691536281,114.40495819953976,114.89853691536281,88600
2017-09-15,114.98756408691406,115.01992444531595,114.49398528194186,114.7367311829489,45800
2017-09-18,115.11701965332031,115.31930582784108,114.85808742358095,114.98755353845063,53600
2017-09-19,114.80139923095703,115.2626050697637,114.63956049089337,115.2626050697637,44200
2017-09-20,113.8304443359375,114.60722850208991,113.28023199261052,114.59914150171116,62000
2017-09-21,112.70574188232422,113.78190564353528,112.6733815319676,113.78190564353528,96500
2017-09-22,112.4386978149414,112.94036333206913,112.3739647890923,112.65715788729959,76400
2017-09-25,113.22357940673828,113.28022544581226,112.56008736362648,112.56008736362648,116300
2017-09-26,113.47444152832031,113.66862832774454,113.13460228276132,113.32070208106506,146000
2017-09-27,112.7592544555664,113.44269022516572,112.18159294131652,113.43455851891527,157700
2017-09-28,112.80807495117188,112.97894010920331,112.58840713847057,112.70231310555175,68600
2017-09-29,112.73484802246094,113.06030249793662,112.66162542103596,112.978935775363,269700
2017-10-02,112.62095642089844,113.13353952587423,112.53145798058236,112.81622913108455,95400
2017-10-03,112.64537048339844,112.90573411206286,112.56401616055665,112.6535146060574,146900
2017-10-04,113.09285736083984,113.48339037054048,112.29551551171174,112.55586671323864,157600
2017-10-05,113.50777435302734,113.80882127380956,113.37760498668639,113.3857366924521,75000
2017-10-06,112.52330780029297,113.10911341985933,112.34431094904667,113.10911341985933,74900
2017-10-09,112.04328155517578,112.78366411210217,111.90495564258337,112.58840383986617,91100
2017-10-10,113.11724090576172,113.31251357660481,112.51515948177561,112.51515948177561,121800
2017-10-11,113.25556182861328,113.58101630138835,113.12538003950324,113.12538003950324,84200
2017-10-12,113.76815795898438,113.88206393386184,113.1253930605314,113.1498130117667,188900
2017-10-13,114.00410461425781,114.2725999367062,113.95528954014365,114.0203804439027,98400
2017-10-16,114.07731628417969,114.13426305404684,113.8901753186298,113.92272697125497,83000
2017-10-17,113.57289123535156,113.86579410258246,113.33694756596984,113.81697902718078,68200
2017-10-18,113.44266510009766,113.64606944467774,113.23926075551756,113.51590009940661,72100
2017-10-19,112.85691833496094,113.09286200900523,112.58027887751665,113.09286200900523,78800
2017-10-20,112.70231628417969,112.75113135504563,112.36059837329842,112.75113135504563,107600
2017-10-23,112.54771423339844,113.13351984724035,112.45008410269755,112.88943210566985,94600
2017-10-24,112.17344665527344,112.62093878678581,112.07581652287745,112.53958448139532,252600
2017-10-25,111.87239837646484,112.30361462793059,111.22150193931111,112.10834197233939,109500
2017-10-26,111.97003173828125,112.7511099684406,111.97003173828125,112.27921034821352,94000
2017-10-27,111.18082427978516,111.64459220501583,110.87978978329214,111.64459220501583,145600
2017-10-30,110.09872436523438,111.64459262552394,110.0824485393358,111.64459262552394,108400
2017-10-31,111.07508850097656,111.28662462720561,110.6031887595544,110.6031887595544,112900
2017-11-01,111.38426971435547,111.78294689803285,110.62761113400578,111.45750475021362,115800
2017-11-02,111.05880737304688,111.44934036238493,110.74149699143096,111.27848761103323,114600
2017-11-03,110.96929931640625,111.3842398056801,110.92861595514752,110.9855751438735,100100
2017-11-06,109.87091827392578,110.77403433144464,109.82210320294958,110.77403433144464,129200
2017-11-07,110.80659484863281,110.81472655617249,109.70820600456332,109.82211198422218,244900
2017-11-08,112.00260162353516,112.03514086496467,110.98557962509716,111.00184303840227,85500
2017-11-09,111.9619140625,112.31990777889789,111.46560684927907,111.75850967043927,436600
2017-11-10,113.07654571533203,113.16604412825124,111.79102870013644,111.79102870013644,69200
2017-11-13,113.60540771484375,114.09357073250992,113.0358655720078,113.0358655720078,80700
2017-11-14,114.02850341796875,114.10987014514087,113.23116163392402,113.4589735722225,67800
2017-11-15,112.86502075195312,113.84135927036297,112.81620568825531,113.80067591234219,84200
2017-11-16,114.54920959472656,114.89907159752092,113.67864527046736,113.67864527046736,138800
2017-11-17,114.28070831298828,114.68751702312096,113.93084636656957,114.2400249590117,55100
2017-11-20,114.28070831298828,114.53292772689989,114.12611901676722,114.1342507216359,48800
2017-11-21,114.54920959472656,115.03738509147541,114.31326596734972,114.41089610077205,82400
2017-11-22,114.4596939086914,114.72005744498354,114.24002614161373,114.72005744498354,58400
2017-11-24,114.39461517333984,114.80142388673748,114.39461517333986,114.67124211889423,30600
2017-11-27,114.4841537475586,114.67128234521694,114.3458278114404,114.39465530262267,124500
2017-11-28,115.49301147460938,115.50928730214402,114.51667287445171,114.61430301002183,90200
2017-11-29,116.208984375,116.60766140341677,115.46858950000484,115.46858950000484,87500
2017-11-30,117.26669311523438,117.55959590899838,116.37984061353765,116.65647999612753,79300
2017-12-01,117.44568634033203,117.51890893281396,115.81030728599856,116.84360494535139,95700
2017-12-04,118.62545776367188,118.68240454438266,117.45384634242943,117.87693100339371,186200
2017-12-05,118.32440948486328,118.8614001161634,117.97455985268967,118.67427153185704,248300
2017-12-06,118.95899200439453,118.96712370813701,118.33250320140658,118.33250320140658,79200
2017-12-07,117.93388366699219,118.74750137068281,117.90947612906714,118.08847301706476,88200
2017-12-08,118.25930786132812,118.25930786132812,117.56772802466769,117.99081259820646,73700
2017-12-11,118.16165924072266,118.21047430153922,117.58399780130378,118.00706993825878,82200
2017-12-12,118.03146362304688,118.55217818060001,117.860598533387,118.21859211948248,56300
2017-12-13,118.60918426513672,118.92649466339056,118.169836180947,118.169836180947,96400
2017-12-14,118.21253204345703,118.76155591030427,118.17975991120609,118.61406255966249,78100
2017-12-15,119.39256286621094,119.6220053683377,118.89270330721797,118.89270330721797,328800
2017-12-18,119.55644989013672,120.4086756248032,119.4827031930056,119.80228471758585,157000
2017-12-19,119.62201690673828,120.18743330711716,119.62201690673828,120.15466116237162,114700
2017-12-20,119.4826889038086,119.85963726130768,118.78617156362596,119.76129583988165,146700
2017-12-21,119.4581069946289,119.94157417975957,119.35157566433064,119.84324526174717,69800
2017-12-22,119.68756103515625,119.826864517024,119.55644746268833,119.826864517024,71100
2017-12-26,119.89241790771484,120.18741718557361,119.65478550506552,119.65478550506552,52000
2017-12-27,119.79409790039062,120.26937524474678,119.6957689683442,120.02354041095167,55400
2017-12-28,119.73674011230469,120.04813175900053,119.45813311456632,120.04813175900053,84700
2017-12-29,119.67113494873047,120.31031030825544,119.67113494873047,119.76127394141061,61800
2018-01-02,119.08119201660156,119.9006331535052,119.0402174590205,119.76951957071755,183400
2018-01-03,118.958251953125,119.39255469554891,118.9418596316153,119.16311220912411,110700
2018-01-04,119.34337615966797,119.84323562550087,119.1385159278295,119.16309815535602,336000
2018-01-05,119.74492645263672,119.81867314737174,119.22048467283494,119.6220027910667,113700
2018-01-08,120.10545349121094,120.13822562416826,119.64655610408131,119.7694797359407,110500
2018-01-09,119.9333724975586,120.33490304615398,119.86781572409348,120.16281495284852,162800
2018-01-10,119.18767547607422,119.59739592288345,118.53212026044427,119.59739592288345,128600
2018-01-11,119.22869873046875,119.50730574723731,119.0320283343305,119.44174894852455,137500
2018-01-12,119.21229553222656,119.8022941631502,119.05659971244397,119.54007949589509,101300
2018-01-16,119.77771759033203,120.2775772178335,119.55646496735785,119.63841408806839,157400
2018-01-17,121.16251373291016,121.58862643778734,120.21195943113563,120.21195943113563,132900
2018-01-18,120.72822570800781,121.26085727570153,120.49878326312354,121.08878169387607,89100
2018-01-19,122.16228485107422,122.1622848510742,121.15437576476019,121.15437576476019,72600
2018-01-22,123.08822631835938,123.08822631835938,122.10488720963261,122.16225407590134,113700
2018-01-23,122.75228881835938,122.94894669528483,122.16229018022327,122.7277065837437,151400
2018-01-24,122.91619110107422,123.08007685513935,122.42452133519731,123.07188694372464,78200
2018-01-25,122.98988342285156,123.5552996524515,122.50641628588316,123.21113597001589,72100
2018-01-26,123.61266326904297,123.61266326904297,122.645716516845,122.9161335110103,119900
2018-01-29,123.01445007324219,123.97319431798557,123.01445007324219,123.83389088109203,139200
2018-01-30,122.2278060913086,123.0554368884657,121.94099677848374,122.35071722327599,125100
2018-01-31,121.71977996826172,122.6211702128792,121.2363127023666,122.40812002036932,201800
2018-02-01,121.1871337890625,121.8017145634009,120.86755228655365,121.21171601974181,119400
2018-02-02,118.79436492919922,120.79380300612432,118.77797260787165,120.66268944285896,124300
2018-02-05,114.63160705566406,118.81895128738738,114.58244259365087,118.36825621280306,206300
2018-02-06,115.78699493408203,116.04920950491459,112.04214423719841,112.85339518232198,261500
2018-02-07,115.32813262939453,117.31936828850192,115.32813262939453,115.68048626309236,124000
2018-02-08,112.9107894897461,115.8689725134351,112.9107894897461,115.63952999389797,146700
2018-02-09,113.15660095214844,113.9760419250866,111.00966960422708,113.80396632282869,217900
2018-02-12,114.254638671875,114.82005489339701,113.52533677110732,113.82033599521985,125900
2018-02-13,114.70535278320312,115.03313669999548,113.88591174673911,113.90230406849821,77800
2018-02-14,114.79548645019531,115.14785258137417,113.68104619236769,114.26285480277483,93700
2018-02-15,116.54090881347656,116.54090881347656,114.75452079677873,115.28716498917395,98400
2018-02-16,117.18008422851562,117.63896927105954,116.19675735111016,116.63925006965475,87800
2018-02-20,114.63160705566406,116.06562888154632,114.4677213477274,116.06562888154632,101800
2018-02-21,113.21398162841797,115.09049618366869,113.21398162841797,114.81188921977618,123000
2018-02-22,113.45978546142578,114.31199844282335,113.27130506349766,113.47616527576079,73800
2018-02-23,114.58245086669922,114.58245086669922,113.38606135539203,113.60731395410424,232500
2018-02-26,115.29536437988281,115.36911108062917,114.46773334069974,114.82828943814324,96000
2018-02-27,113.79574584960938,115.5821333889994,113.79574584960938,115.44282994615074,88400
2018-02-28,112.66494750976562,114.39396851866108,112.66494750976562,114.24646263685563,78900
2018-03-01,112.39454650878906,113.42703781396764,111.48496636957965,112.23885069610866,225900
2018-03-02,113.38605499267578,113.60730757897228,111.68981850754447,111.68981850754447,102200
2018-03-05,114.50870513916016,114.5906417479001,112.97634176194285,112.97634176194285,68500
2018-03-06,114.59883880615234,114.63980085676864,113.70563853576928,114.57425657431119,1269300
2018-03-07,113.6564712524414,114.04160954663612,113.14842180209016,113.58272455874749,87900
2018-03-08,114.5660629272461,114.58245525095394,113.68106500221361,113.76301411707342,65600
2018-03-09,115.31173706054688,115.31173706054688,114.52506820888738,114.99215557473958,75600
2018-03-12,115.1888198852539,115.97547619206713,115.0085418766766,115.42645225819133,93300
2018-03-13,115.04950714111328,115.71326482963987,114.93478590550565,115.59034118198225,69300
2018-03-14,113.90231323242188,115.35272748468496,113.71384527990192,115.35272748468496,64500
2018-03-15,113.04186248779297,114.20546699158328,112.76325560033791,113.8858855609907,118900
2018-03-16,113.21133422851562,113.67200907971821,113.04680928915018,113.04680928915018,82100
2018-03-19,112.12548065185547,113.2524898783117,111.77174004093635,112.9234399377619,151900
2018-03-20,111.77998352050781,112.55326475125435,111.49205538482077,112.23242408737082,77800
2018-03-21,110.55422973632812,111.66479514738063,110.32389228924973,111.47557952464169,204100
2018-03-22,109.53413391113281,110.99842706614966,109.52591205833278,110.2416023777941,146400
2018-03-23,108.22615814208984,110.34034196892786,108.1439019458679,109.82207646769001,251100
2018-03-26,109.71514892578125,109.83855207051852,108.69508655634479,109.11462712256937,423900
2018-03-27,109.67400360107422,110.77633449751534,109.24622871870595,109.92901913880108,96800
2018-03-28,111.10537719726562,111.59896453368509,109.90433392573094,109.91255577877389,189900
2018-03-29,111.97735595703125,112.59433377058076,111.54135930631858,111.64830614411648,146100
2018-04-02,109.2215805053711,111.68949291760318,108.81026176999907,111.68949291760318,127800
2018-04-03,110.72698211669922,111.01489763116987,109.48479179922022,109.8714323222496,118900
2018-04-04,112.43807220458984,112.84939089872859,109.89612568740053,109.89612568740053,137700
2018-04-05,112.78361511230469,113.15379950583373,112.13372440698534,112.80005882582823,99400
2018-04-06,111.66480255126953,113.31829916724156,111.19589321919447,112.15015559319089,89400
2018-04-09,111.54139709472656,112.70131878974921,111.29460337520791,111.78819081424521,77400
2018-04-10,111.94449615478516,112.36403669962097,111.30284000270676,112.19951173414321,104200
2018-04-11,111.71417236328125,112.21598172848832,111.16300675763607,111.43447863249745,77300
2018-04-12,111.53318786621094,112.4463159450866,111.53318786621094,112.14194410294519,72100
2018-04-13,111.97735595703125,112.22414959294021,111.51668119797226,111.89509978002543,76800
2018-04-16,113.25247192382812,113.87767173273693,112.1830409579076,112.1830409579076,140600
2018-04-17,113.55685424804688,114.0175417080119,112.98924502071904,113.42524181193524,109400
2018-04-18,112.76714324951172,113.70494944122217,112.61906198110937,113.63913693887126,71600
2018-04-19,109.69046020507812,111.90335666416395,109.18865092419826,111.36864741267132,109800
2018-04-20,107.9629135131836,109.73980037249798,107.74079794860135,109.55059732616014,194000
2018-04-23,107.78197479248047,108.08634666771805,107.39533414166111,107.94649979119124,139600
2018-04-24,107.23078918457031,108.05342657746321,106.53154237963116,108.05342657746321,140700
2018-04-25,107.45289611816406,107.83953671096391,106.8605961697239,107.10738990698245,135300
2018-04-26,107.98758697509766,108.40712742128717,107.23076226989153,107.67498082747764,163500
2018-04-27,108.5305404663086,108.8596029405254,107.7654937495981,107.7654937495981,73700
2018-04-30,107.82308959960938,109.1968925456637,107.65855207832581,108.69508323163004,100500
2018-05-01,106.92638397216797,107.60917438147825,106.22714985596924,107.60917438147825,185500
2018-05-02,105.00143432617188,106.92640277627696,104.7710968647465,106.80301219067415,142300
2018-05-03,104.74642944335938,105.42922004246564,104.2939763291984,105.06725755113688,126800
2018-05-04,106.375244140625,106.86059721208223,104.65593492328945,104.65593492328945,150400
2018-05-07,105.79938507080078,106.61380052758014,105.54436951278025,106.51507551459375,106100
2018-05-08,105.33871459960938,105.55259579055308,104.9027115344744,105.47856144204754,119700
2018-05-09,105.52791595458984,105.79116592603012,104.97675044839247,105.13305354987894,121100
2018-05-10,106.21892547607422,106.71251288317313,105.93923180319447,105.94745365741474,150600
2018-05-11,106.21892547607422,106.88525968894331,105.93923180319447,106.49863170140317,91400
2018-05-14,106.12022399902344,106.53976455176532,105.98037714810948,106.39991770085136,139400
2018-05-15,105.80760955810547,106.12021576085151,105.19885969015358,105.65954086361492,166200
2018-05-16,106.65495300292969,106.83593426755985,105.93926235345309,105.93926235345309,111300
2018-05-17,106.91818237304688,107.15674169260137,106.63848867358288,106.84414802068001,103200
2018-05-18,106.29298400878906,106.81947144284811,105.88988716378661,106.81947144284811,158200
2018-05-21,106.77008819580078,107.0497944138684,106.53152890511394,106.71251011285521,115000
2018-05-22,106.482177734375,107.38707126361749,106.35877460371731,106.87704013709083,112400
2018-05-23,106.93463897705078,106.98399521211967,106.15312341362525,106.26829214626947,138600
2018-05-24,106.87702941894531,107.00865439080042,106.30940771121234,106.8523513057785,101700
2018-05-25,107.02513885498047,107.65033880738032,106.71253260255479,106.77011069763496,81200
2018-05-29,106.7947769165039,107.21431740728637,106.36700201941579,106.6220175659178,105300
2018-05-30,108.27552032470703,108.48117965524474,106.91817376413793,106.97575184941482,142100
2018-05-31,106.62202453613281,107.96292739695241,106.20248401792367,107.96292739695241,238300
2018-06-01,106.64669799804688,107.08269475846896,106.39168244600177,106.72073234171502,84300
2018-06-04,107.50225830078125,107.63388330825909,106.84415836829528,106.84415836829528,106300
2018-06-05,107.1320571899414,107.76549145593316,106.82768539116273,107.63386646904793,103200
2018-06-06,107.18143463134766,107.18143463134766,106.49042214213465,107.16499091907028,98700
2018-06-07,107.74082946777344,108.291995061354,106.81124511836435,106.98400450856795,92300
2018-06-08,109.10639190673828,109.10639190673828,107.85597966406685,107.85597966406685,129600
2018-06-11,109.92903137207031,110.1511344153208,109.03234713478092,109.03234713478092,125400
2018-06-12,110.1675796508789,110.1840359106596,109.46834551580373,109.94546407740876,86400
2018-06-13,109.7727279663086,110.28275909711098,109.52593425537373,110.16759037233464,112800
2018-06-14,110.06067657470703,110.23343599000965,109.73162656288237,110.06891098409731,112800
2018-06-15,111.43446350097656,111.4673634726506,110.00306996037932,110.00306996037932,136800
2018-06-18,110.01129913330078,110.85861467533537,109.48481168434287,110.85861467533537,203700
2018-06-19,110.58712768554688,110.71875266788633,109.53415293172952,109.53415293172952,155600
2018-06-20,110.72698211669922,110.91618517505978,110.24985099141936,110.86682894700472,137900
2018-06-21,110.91619873046875,111.22880494962013,110.64472689053994,110.75989562089306,739500
2018-06-22,111.76351928710938,111.92804425900552,111.12186310999887,111.12186310999887,215300
2018-06-25,112.24064636230469,112.37227135595862,111.48382147747003,111.48382147747003,161900
2018-06-26,111.92803192138672,112.55324431910712,111.36041016132977,112.28999435113025,228900
2018-06-27,111.40975189208984,112.610807747879,111.23700510648143,111.80462679266168,174600
2018-06-28,111.58164978027344,111.78922037757799,110.8011823073517,111.28274761339073,116300
2018-06-29,111.4820327758789,112.08813544240316,111.14161391654264,111.51523850086292,103200
2018-07-02,110.94232940673828,111.40728552021508,110.2033785830118,111.05856843510747,113300
2018-07-03,111.1416015625,111.75601509380355,111.04197172951712,111.39898707710839,152300
2018-07-05,112.7772445678711,112.7772445678711,111.23291900722718,111.69787506090883,130900
2018-07-06,113.10933685302734,113.53278886937905,112.70250669658029,112.80213650320397,89800
2018-07-09,112.58631134033203,113.24222893668835,112.56140387902137,113.15919561958253,91300
2018-07-10,113.79852294921875,113.88155627089321,112.76066977381859,112.9516312107425,91200
2018-07-11,113.38336181640625,113.77359555552351,113.14258549629965,113.64074733175936,78400
2018-07-12,113.34185028076172,113.85663400381678,112.95992745657405,113.79020988893534,125400
2018-07-13,113.86492919921875,114.02268488417344,113.2837340460468,113.2837340460468,77800
2018-07-16,113.27540588378906,113.79018951467152,113.02633133396137,113.77358032164894,79500
2018-07-17,114.21363830566406,114.37139397958897,113.39996514811281,113.39996514811281,72800
2018-07-18,113.43314361572266,114.29664414898288,113.27538797969817,114.11398106191245,105200
2018-07-19,113.43314361572266,113.87319214300135,112.50323165907338,112.91837273530612,100300
2018-07-20,114.06419372558594,114.09739944530526,113.18409645833646,113.18409645833646,80600
2018-07-23,113.39994049072266,114.12228192573244,113.08442921147677,113.83169076720117,74400
2018-07-24,113.44976806640625,113.71546447210251,113.00971947993601,113.30032334002856,88400
2018-07-25,114.27176666259766,114.43782060281383,113.46639174999046,113.59923996980483,174400
2018-07-26,115.01901245117188,115.8825131862601,114.6370896664662,114.6370896664662,104700
2018-07-27,114.99411010742188,115.50058286808876,114.78653951156011,114.96920264944677,108000
2018-07-30,114.78652954101562,115.10204087343288,114.41290503473881,114.62877387480698,79500
2018-07-31,115.32621002197266,115.65833055385804,114.56235180229059,115.0190096154437,80300
2018-08-01,114.18872833251953,114.99410320968236,114.13891341955737,114.99410320968236,103100
2018-08-02,115.62512969970703,115.6998647489035,114.13892968509658,114.13892968509658,66300
2018-08-03,117.13622283935547,117.60117887820982,115.79116963136939,115.82437534738675,201600
2018-08-06,117.12794494628906,117.58459013372371,117.00339498408538,117.13624320946101,97300
2018-08-07,116.53013610839844,117.58458560026524,116.2063264897198,117.13623869328849,89300
2018-08-08,115.74134826660156,116.48860994267442,115.71644081097605,116.48860994267442,73100
2018-08-09,115.35943603515625,115.79948468352728,115.2431970085885,115.79948468352728,69500
2018-08-10,114.91938018798828,115.40094545906088,114.70349867424024,114.98580429459516,80700
2018-08-13,114.86959075927734,115.25151362061827,114.42123110748754,115.00242633285791,101000
2018-08-14,115.65000915527344,115.77455909437144,114.91936938945913,114.98579348982439,145200
2018-08-15,116.06515502929688,116.13157913237973,114.76161842996477,115.39262840559854,100000
2018-08-16,117.68424224853516,117.96653524868509,117.06153039397226,117.21927342174656,79900
2018-08-17,118.56431579589844,118.64733642501258,117.51815198241917,117.51815198241917,128100
2018-08-20,118.58921813964844,119.06247244559644,118.4646681976922,118.68054969610886,102700
2018-08-21,117.76724243164062,118.66394886669612,117.38531965523543,118.66394886669612,123300
2018-08-22,117.11137390136719,117.70086750621255,117.02004230030701,117.70086750621255,82900
2018-08-23,116.87053680419922,117.1611406888181,116.59654211361364,116.96186836772775,61800
2018-08-24,116.78751373291016,117.14452904799919,116.50522078575564,116.81242118888832,71200
2018-08-27,116.79582214355469,117.31059317063564,116.48862171372946,117.04490939408232,217600
2018-08-28,116.44711303710938,117.10303059496225,116.28935734533212,116.804128407675,88500
2018-08-29,116.49691772460938,116.71279924980833,116.29765806332246,116.43880454643522,390500
2018-08-30,116.17308807373047,116.6795607406743,115.9821267082242,116.33084372444925,83600
2018-08-31,116.28104400634766,116.53013124164458,115.77457127324836,116.1731032482616,54900
2018-09-04,116.02367401123047,116.62147838817843,115.85760738610789,116.09839639107277,84200
2018-09-05,117.2607650756836,117.34379837289549,115.78286360284913,115.87419516214125,155900
2018-09-06,117.65931701660156,117.71743019298202,116.97018114801321,117.26077236812188,140100
2018-09-07,117.33548736572266,117.4683228900896,116.65464987602503,117.12791681434183,118000
2018-09-10,117.75066375732422,118.44809797839447,117.56800060383847,117.56800060383847,83300
2018-09-11,117.46833801269531,117.75894188968057,117.19434332930705,117.642702872707,68800
2018-09-12,118.78850555419922,118.92965203775395,117.4185320330439,117.43514122790434,158600
2018-09-13,118.51448822021484,118.73035703576707,118.01631382235435,118.73035703576707,79300
2018-09-14,118.22390747070312,118.40657060766034,117.73404390754683,118.2571131914664,76200
2018-09-17,118.6058578491211,118.6058578491211,117.95823852544578,118.19901487128188,812100
2018-09-18,118.082763671875,118.98776844522338,117.75065578027501,118.60584563679377,89200
2018-09-19,117.75895690917969,118.38996698621763,117.63440694497064,118.02464069510461,69100
2018-09-20,119.05416870117188,119.15379851486716,118.11594572520318,118.11594572520318,115700
2018-09-21,119.27006530761719,119.5191525689882,119.14552801148388,119.3198928951749,113100
2018-09-24,117.70934295654297,119.19573964209215,117.55068048865967,119.05378183975616,93700
2018-09-25,116.93272399902344,117.9598378473567,116.9160193350881,117.9598378473567,84100
2018-09-26,117.05799865722656,117.85131106602529,116.94945017649164,117.25841643554323,103900
2018-09-27,116.79075622558594,117.5673510161962,116.35652419386697,116.82415280867626,101300
2018-09-28,117.0079116821289,117.19998352135279,116.73234198152555,116.82419854839333,80700
2018-10-01,116.80748748779297,117.40872805572785,116.73232286035585,117.19996432358177,84200
2018-10-02,117.47551727294922,117.74274095720381,116.79077888041837,116.79912484232885,76700
2018-10-03,116.33147430419922,117.834575391219,116.18117056645934,117.80117880791819,108200
2018-10-04,115.9891128540039,116.15613401651609,115.20417200305502,115.99747155728497,146500
2018-10-05,115.81376647949219,116.32315047975169,115.21252593027027,115.70520526473844,90300
2018-10-08,117.32523345947266,117.47553725098176,115.75532590231305,115.75532590231305,168700
2018-10-09,117.03294372558594,117.5423277442294,116.83253869656365,117.44212522971826,93000
2018-10-10,115.47138214111328,117.3836648582916,115.34612901200799,116.807474980556,193500
2018-10-11,112.74913024902344,115.60501683471573,112.54871246089607,115.35449778503855,231300
2018-10-12,113.46726989746094,113.70943022483553,112.45684780851181,113.4004639728924,137400
2018-10-15,114.11859130859375,114.93694143970973,113.35034242645476,113.35034242645476,163300
2018-10-16,115.49644470214844,115.64676121453388,114.16036446656301,114.51943196838738,315000
2018-10-17,116.05592346191406,116.28139184687896,114.97034957133174,115.33777575662971,85700
2018-10-18,115.74694061279297,117.0412780371596,115.42126976657777,116.0475608356012,128800
2018-10-19,118.26050567626953,118.51102476840722,117.0747288982101,117.0747288982101,144500
2018-10-22,117.48385620117188,118.5193159485469,117.11643006813257,118.30220629808024,113100
2018-10-23,117.77613830566406,118.15192320680927,116.28139563075418,116.90768681009396,233800
2018-10-24,118.24382781982422,119.83042768896813,117.90145211122066,117.90145211122066,129600
2018-10-25,118.39407348632812,118.96191739992646,117.04963469230812,118.07674857161359,185100
2018-10-26,116.47346496582031,118.0016171072435,115.797072471175,117.64254958220573,168700
2018-10-29,117.70934295654297,118.51098851584348,116.5987184232863,117.18325429817759,140300
2018-10-30,120.07250213623047,120.15601269773471,118.1685785596228,118.26043508050837,434800
2018-10-31,118.99533081054688,120.13935201881748,118.06007334054038,120.13935201881748,176300
2018-11-01,119.571533203125,120.01411135492191,118.74482412652182,119.10390441948516,225000
2018-11-02,119.27088928222656,119.75522263858286,118.09345885083931,119.72181330811627,165700
2018-11-05,120.65709686279297,120.80740064084465,119.19575066940607,119.28760722552462,120700
2018-11-06,121.3250961303711,121.4336573227003,120.26458579732422,120.43159419496023,210100
2018-11-07,121.91799926757812,121.9931511405715,120.7238770347114,121.75933681886438,339700
2018-11-08,121.9597396850586,122.11004341271904,121.40025457333915,121.5505583009996,166400
2018-11-09,122.60274505615234,122.8699559515396,121.80108688614189,121.80108688614189,113800
2018-11-12,121.9597396850586,122.87829219636019,121.72592539186013,122.30211516507183,115800
2018-11-13,121.4002456665039,122.3187981104136,121.0745748718766,121.96807669634745,194100
2018-11-14,120.7823486328125,121.82616733046261,120.20615867300124,121.82616733046261,168800
2018-11-15,120.49005889892578,120.53181418987987,119.47964966423652,120.53181418987987,330100
2018-11-16,120.8408203125,121.2917444271575,120.12267246920939,120.38153749261727,123600
2018-11-19,120.53181457519531,121.4420213080452,120.0808905604569,120.790679541242,285700
2018-11-20,118.58613586425781,120.55686583992448,118.31892493534883,120.15604307559806,453400
2018-11-21,117.70096588134766,118.86169148814695,117.55900810116927,118.61953121417778,245500
2018-11-23,118.11016845703125,118.61955246158372,117.3419194692012,117.50058194073952,86200
2018-11-26,118.17694854736328,118.85334083760893,117.74271652153098,118.57777124863404,192000
2018-11-27,119.12055206298828,119.2207672950337,118.03499110820859,118.1602442208604,309600
2018-11-28,120.21453094482422,120.21453094482422,118.79492716226166,119.22915935723123,124600
2018-11-29,120.34807586669922,120.77396190642804,119.989008472026,120.01405909296027,139900
2018-11-30,121.3084487915039,121.3084487915039,120.03916156753671,120.37317848556187,117600
2018-12-03,121.300048828125,121.50046655592857,120.01407011501068,121.48376189313052,142900
2018-12-04,119.12055206298828,121.667471536275,119.01200361266469,121.35015940358241,153300
2018-12-06,119.20406341552734,119.20406341552734,116.64043926307687,118.77819008779045,188800
2018-12-07,117.66761779785156,119.47133988109348,117.15823367458222,119.1874114617821,134000
2018-12-10,117.66761779785156,118.06844068015099,115.86389571460965,118.06844068015099,136000
2018-12-11,118.66130828857422,119.39614794784154,117.94316055338729,118.45254456022833,198900
2018-12-12,118.57778930664062,119.47965007828562,118.55273868036653,119.44624074863624,228100
2018-12-13,119.22892761230469,119.5149589343249,118.5306969538974,118.69053458894635,100800
2018-12-14,117.21835327148438,118.48863361311153,116.93233481380312,118.48863361311153,238900
2018-12-17,114.38338470458984,117.06694190976839,113.71039024983855,116.89027589132931,1570300
2018-12-18,113.21405792236328,115.00590286883887,112.58312804952553,114.74510773890633,416000
2018-12-19,112.09521484375,114.33291602190619,111.62412256125437,113.60944920627306,325300
2018-12-20,110.19400787353516,111.82600233044838,109.10039354791017,111.73347827374327,529000
2018-12-21,108.91531372070312,112.36440190183303,108.90690594409652,110.13510881626851,487200
2018-12-24,105.81114196777344,108.75548129422734,105.81114196777344,108.45263445005433,612700
2018-12-26,108.81436920166016,108.83960536781385,105.09608454669748,106.05509736943829,436500
2018-12-27,109.89115142822266,109.96685992416887,106.64395909772665,108.23390811224576,985400
2018-12-28,109.84907531738281,111.11093479559953,109.52099236649839,110.67348658232085,403400
2018-12-31,110.3454360961914,110.38750065843413,109.31912239171929,110.18559846145035,311200
2019-01-02,109.9332275390625,110.151958135396,108.75549677535363,109.44531967717069,214500
2019-01-03,109.1424560546875,110.66509803583278,109.02468299637518,109.54624756371538,192000
2019-01-04,111.48950958251953,111.54840252989916,109.76496542656764,109.9500392093313,180400
2019-01-07,111.38855743408203,112.17090423352691,110.45478080604474,111.48950209561046,193900
2019-01-08,112.44853973388672,112.63361354511302,111.55682746323417,112.20458580252621,209800
2019-01-09,111.48950958251953,112.50741538771963,111.35490813390948,112.42328627326319,134200
2019-01-10,112.14567565917969,112.32234166511257,111.00158901798284,111.27919969227699,284000
2019-01-11,112.52423095703125,112.52423095703126,111.88489333049665,112.10361105729255,114300
2019-01-14,111.9774398803711,112.55789744588529,111.83443064248092,112.22139379528922,109500
2019-01-15,113.0205307006836,113.11306755810476,111.85961609599924,111.97738911123562,198700
2019-01-16,112.56629943847656,113.10469241545918,112.10361496537406,113.10469241545918,807900
2019-01-17,113.1803970336914,113.30659070546028,112.38964240425618,112.38964240425618,185900
2019-01-18,114.49272918701172,114.82921993508569,113.60942492794352,113.61783270394065,262100
2019-01-22,113.39913177490234,114.22354321503691,112.54947133044323,114.10577015216055,347200
2019-01-23,114.59370422363281,114.93861567544117,113.70199195216938,114.2319643790697,130000
2019-01-24,113.1551513671875,114.03004787398814,112.50740601776155,114.03004787398814,154700
2019-01-25,112.90277862548828,114.03003667129387,112.72611265171955,113.51687997338263,181800
2019-01-28,113.29816436767578,113.3402289228067,112.17090617344724,112.57471049914403,219300
2019-01-29,113.60101318359375,113.83657212919286,113.15515713125657,113.58419763028685,404900
2019-01-30,114.24038696289062,114.53481324151002,113.49168392617992,113.70199391218071,161000
2019-01-31,116.34346771240234,116.65472233294014,114.08053058093384,114.2151320305775,225800
2019-02-01,115.94807434082031,116.47805948205945,115.56109841432988,116.42757431541312,145900
2019-02-04,116.6799545288086,116.72201908492809,115.76300625238503,115.99855236309382,93500
2019-02-05,116.6883773803711,117.02486816318171,116.50330359893509,116.79772982481924,90400
2019-02-06,116.77250671386719,116.91551595436611,116.3939513318051,116.51172440258668,93400
2019-02-07,116.54536437988281,116.62949350027601,115.77142525021138,116.2845820774861,77600
2019-02-08,117.16790008544922,117.16790008544923,115.93969693759257,116.3434885224479,88100
2019-02-11,117.50437927246094,117.57168000264183,117.01647144217759,117.17629623551771,112800
2019-02-12,118.41290283203125,118.74940643450202,117.70626452129251,117.78197301823596,129000
2019-02-13,118.79145812988281,118.94287510737847,118.42971840092343,118.547491439964,87300
2019-02-14,117.46229553222656,117.95862384119141,116.84818135032266,117.66418483144032,128100
2019-02-15,118.51387023925781,118.69894402701482,118.22783894416906,118.22783894416906,161900
2019-02-19,119.0943374633789,119.49812901666745,118.61482456435336,118.83354231482173,432000
2019-02-20,119.01860046386719,119.38034024409362,118.67370190970288,119.01019268713647,1169600
2019-02-21,119.33826446533203,119.58221833058502,118.44655243631885,118.80827934622832,407200
2019-02-22,118.94287872314453,118.95128649893925,118.1941759158484,118.38765744951849,150700
2019-02-25,118.28668975830078,119.45601218098675,118.19415289738478,119.3045952283768,109500
2019-02-26,118.32878875732422,118.84194552886476,118.14371498160139,118.35402492344096,137000
2019-02-27,118.21100616455078,118.3119508208722,117.73149337442581,118.11004867193024,85600
2019-02-28,118.70735931396484,119.1868593679965,118.26150320697151,118.46340539810694,136600
2019-03-01,118.58116149902344,119.17843453667619,117.82403801783123,119.17843453667619,163300
2019-03-04,118.34561157226562,118.95130526883318,117.5043717532886,118.87559676583747,94300
2019-03-05,118.34561157226562,118.71575914642368,118.11848606327851,118.34561157226562,145700
2019-03-06,118.0595932006836,118.47180533335151,117.6389732908881,118.27832376900984,81600
2019-03-07,117.40342712402344,117.97547687600601,117.10900088905822,117.79881086598613,127100
2019-03-08,117.42022705078125,117.70624543928847,116.92389875843678,117.47069937389455,84200
2019-03-11,119.01020812988281,119.03544429964995,117.63057522530362,117.63057522530362,97200
2019-03-12,118.92607116699219,119.4644641470377,118.78306193563805,118.99337189403553,82000
2019-03-13,119.66637420654297,120.00286502761173,119.11957341323071,119.14480958299576,80000
2019-03-14,119.47291564941406,119.78417036069848,119.34672193996845,119.64956887181162,69600
2019-03-15,120.07856750488281,120.49918738327645,119.64111923718943,119.64111923718943,103200
2019-03-18,120.43187713623047,120.59171473118492,120.07013739454952,120.13743811012502,99000
2019-03-19,120.20471954345703,120.87771375495693,119.83457208531723,120.55803861632766,79600
2019-03-20,119.58224487304688,120.33936847357454,119.29622639201068,120.17112306333571,1195600
2019-03-21,121.04361724853516,121.22967008612713,119.36914171020744,119.45371587427859,105600
2019-03-22,120.705322265625,121.62713411309151,120.67150034566686,120.9082924979873,119300
2019-03-25,121.00131225585938,121.22965214168799,120.22327909755109,120.64612404690584,124200
2019-03-26,122.00769805908203,122.36288630517976,121.50027890511092,121.50027890511092,139800
2019-03-27,121.51717376708984,122.09223665761317,120.88290639443473,121.99921026012231,131300
2019-03-28,121.99922943115234,122.34596541303208,121.64404119515531,121.64404119515531,93400
2019-03-29,122.80259704589844,122.89562342151471,121.98227707115485,122.26980844880526,95700
2019-04-01,122.51508331298828,123.09861136879218,122.28675634661512,123.09861136879218,129300
2019-04-02,121.44950103759766,122.30364300810537,121.44950103759766,122.25290368964762,137100
2019-04-03,120.78143310546875,121.47489208683456,120.4600668263803,121.30575669412607,479100
2019-04-04,121.30575561523438,121.4579735960572,120.80680169471084,120.87444552782998,90200
2019-04-05,121.66940307617188,121.76242948232827,121.18736653823709,121.4833502638591,76800
2019-04-08,122.11763000488281,122.15146483100688,121.58485408337854,121.6355934183594,73000
2019-04-09,121.94003295898438,122.0499767791284,121.54255765991437,121.92311554722278,74300
2019-04-10,122.3797836303711,122.47281002985603,121.97384321214425,121.99921287525805,64000
2019-04-11,122.49820709228516,122.62505543622648,122.14300592083765,122.59968576743822,88600
2019-04-12,122.83646392822266,122.988681923582,122.36287962594318,122.81954651622569,61900
2019-04-15,123.64830017089844,123.7074917413685,122.81951495070882,122.81951495070882,65700
2019-04-16,123.60604095458984,124.0373381653118,123.20010050475317,123.8682027633152,71800
2019-04-17,124.14728546142578,124.31642086816063,123.68215341475165,124.1388203033562,96800
2019-04-18,124.09652709960938,124.8660950178703,123.60602546235371,124.5362765088435,98300
2019-04-22,123.96119689941406,124.68849055244785,123.75822672733464,123.952744647986,140100
2019-04-23,124.01193237304688,124.2149025388359,123.53834822373936,123.99501496651439,511700
2019-04-24,124.19802856445312,124.5870516255404,123.8851274072818,124.02889315258227,129800
2019-04-25,123.25086212158203,123.5468458715568,122.98868738869467,123.5468458715568,170900
2019-04-26,124.35870361328125,124.35870361328125,123.29312606998771,123.30159122776237,134800
2019-04-29,124.59545135498047,124.62927326141471,124.24026326852396,124.34174189202601,57900
2019-04-30,125.91472625732422,126.09232675431653,124.57008286652328,124.6039047732745,132800
2019-05-01,124.57011413574219,126.14309773060762,124.57011413574219,126.14309773060762,141700
2019-05-02,124.46017456054688,124.89993689884915,123.800537505195,124.42635264415583,69000
2019-05-03,125.29740142822266,125.49190646526328,124.82381721410529,125.00140484229829,95900
2019-05-06,125.08597564697266,125.27202842672946,124.24028588596958,124.24028588596958,205300
2019-05-07,123.91047668457031,124.68850977451591,123.16626550975163,124.51937439047602,152400
2019-05-08,123.7413558959961,124.38407559283841,123.26775869893925,123.57220758780228,154600
2019-05-09,123.48768615722656,123.81750481782977,122.52359984898581,123.27626360801405,199000
2019-05-10,124.94223022460938,125.1198178769043,122.62503525767512,123.20856335219459,87800
2019-05-13,123.77516174316406,123.93584487256132,123.27620784971128,123.74979208107003,130400
2019-05-14,124.31642150878906,125.12828953118621,124.06271194527717,124.06271194527717,118200
2019-05-15,125.19596099853516,125.48350544954499,124.01199997981453,124.06273932287294,181100
2019-05-16,126.19384002685547,126.90421640146849,125.73716028303068,125.73716028303068,90800
2019-05-17,125.83018493652344,126.506739385712,125.51728382675739,125.51728382675739,62000
2019-05-20,125.51730346679688,126.14311868845482,125.33971579992146,125.54267313349337,116300
2019-05-21,125.2212905883789,125.9062972382297,125.00986814562486,125.9062972382297,66900
2019-05-22,125.72026062011719,125.95705275410992,125.05215838876353,125.1621022024757,64300
2019-05-23,125.61032104492188,125.61032104492188,124.8407401313755,125.33124182668405,179400
2019-05-24,125.12832641601562,125.78796373306912,124.67164648623505,125.78796373306912,108700
2019-05-28,122.9210205078125,125.32277649978231,122.9210205078125,125.14517595971998,81000
2019-05-29,121.99922943115234,122.43053957102389,121.50872770405033,122.41362215858457,138400
2019-05-30,122.38823699951172,122.76879485389242,121.88928308145252,122.12607520880954,82600
2019-05-31,120.6460952758789,121.52560688294597,120.40930319304545,121.50023722437099,99700
2019-06-03,122.20220184326172,122.31214566976735,120.69687471448388,120.73069663575986,186100
2019-06-04,123.28465270996094,123.28465270996094,122.5489067449455,122.86180782814485,178200
2019-06-05,124.54476928710938,124.66316537034601,123.42845229870238,123.80055796150472,104300
2019-06-06,125.6695327758789,125.90632493151007,124.56166809264175,124.76463832784188,131800
2019-06-07,126.79424285888672,127.35240112413933,126.10923630798577,126.10923630798577,91600
2019-06-10,126.83658599853516,127.09874784091407,126.57442415615625,127.09874784091407,90500
2019-06-11,127.4708480834961,127.74147507326148,127.17486433067094,127.34399974717176,64000
2019-06-12,127.51309204101562,128.2234682926055,127.43698306495972,127.51309204101561,50000
2019-06-13,127.85137176513672,128.24039473271432,127.2932263305451,127.90212399028293,161400
2019-06-14,127.90213775634766,128.18966920878142,127.75837203013077,127.88522034614478,161400
2019-06-17,127.54695892333984,127.95288646856396,126.98033532570525,127.94442131074004,64100
2019-06-18,126.90422821044922,128.18122825719425,126.76891472530201,128.18122825719425,71400
2019-06-19,127.25093078613281,127.48772287090357,126.16844899740914,126.80271627537384,231300
2019-06-20,128.3249969482422,128.4687626904419,127.64844241114596,127.83449523145255,109900
2019-06-21,127.84812927246094,128.36756071781554,127.7289161371299,128.14616860741714,74300
2019-06-24,128.04397583007812,128.63153091951776,127.9843757594178,128.14616779775707,127800
2019-06-25,128.0354461669922,128.29941714041675,127.72889629615122,128.15465928380507,89400
2019-06-26,126.32392120361328,127.71190012074368,126.2557975461377,127.71190012074368,118300
2019-06-27,126.55379486083984,126.71558688602343,125.88960559459065,126.4686500534974,86000
2019-06-28,126.67302703857422,127.30316107531591,126.46014549831449,127.29465049127843,81400
2019-07-01,127.30313110351562,127.71185992647237,126.67299721513044,127.3201652608382,86300
2019-07-02,128.21432495117188,128.21432495117188,127.31169613262053,127.31169613262053,107500
2019-07-03,129.86622619628906,130.0365417916986,128.55488186712296,128.55488186712296,168500
2019-07-05,129.4319610595703,129.5341400288805,128.32497458343585,129.23611370397356,147900
2019-07-08,129.56822204589844,129.78110358330562,129.24463795119698,129.36385109241468,78600
2019-07-09,128.88702392578125,129.3042764988952,128.35908176681863,129.2872423344337,88400
2019-07-10,129.70448303222656,129.9258751769144,129.27871991249356,129.27871991249356,84400
2019-07-11,129.79811096191406,129.9769371513718,129.22759006146362,129.84921343979948,91700
2019-07-12,130.25796508789062,130.53044671797838,129.92587038647378,129.95141513325518,79900
2019-07-15,130.45379638671875,130.71776739973927,130.19833595715602,130.49637529052208,84000
2019-07-16,130.5304412841797,131.01581743933815,130.14725710515148,130.4878753701552,390300
2019-07-17,130.30905151367188,130.6496567915776,130.00250156625333,130.47084356831758,120200
2019-07-18,131.33938598632812,131.66295705818357,130.26645482022218,130.51340465725727,78500
2019-07-19,130.5985565185547,131.88436927201317,130.55599060727408,131.69703248665178,69900
2019-07-22,129.8065948486328,130.76029958545269,129.68738175653033,130.76029958545269,92500
2019-07-23,130.65814208984375,130.9987472679614,130.27495801614774,130.81993409708875,61900
2019-07-24,129.9598846435547,130.55596319541814,129.7214584201112,130.50486072474766,72300
2019-07-25,129.8577117919922,130.24089588387486,129.43194880251025,129.62779613956044,60400
2019-07-26,131.416015625,131.52671816830534,130.07060291940883,130.24942910526696,58700
2019-07-29,131.67149353027344,131.961009304646,131.34790943347,131.49266732065627,91800
2019-07-30,132.0546875,132.6933321637581,131.78219287336557,132.0376533375206,58100
2019-07-31,129.66192626953125,131.8588659018103,128.41869203051635,131.8588659018103,117900
2019-08-01,129.0487823486328,131.45007918102036,129.0487823486328,129.97694267418038,120100
2019-08-02,129.05728149414062,129.70444958493346,128.5804290019286,129.02322617037802,123200
2019-08-05,125.68526458740234,128.34202201016356,124.96146216461422,128.20577470816096,235800
2019-08-06,126.83480072021484,127.25205315627142,125.76188259025588,126.17061145025126,164000
2019-08-07,128.21432495117188,128.69968819977177,125.09773548428214,126.2472882267096,89700
2019-08-08,129.8917999267578,130.05359198255292,127.69487378011878,128.18023695424554,68500
2019-08-09,129.07432556152344,130.1216990082701,128.4186468377683,129.76405961165557,72300
2019-08-12,128.26535034179688,129.09984208482015,127.86513212975169,128.77625808531448,84400
2019-08-13,129.6789093017578,130.30904331884008,128.0354700989899,128.0354700989899,98000
2019-08-14,127.49044799804688,129.33825748547775,127.49044799804688,128.64001306306176,773500
2019-08-15,129.33827209472656,129.76403505678613,128.24831995131441,128.69111706996762,133500
2019-08-16,130.86251831054688,131.30531549866262,129.87475795849002,129.87475795849002,89200
2019-08-19,132.13128662109375,132.4122917576479,131.6970130427403,131.8588050601432,109300
2019-08-20,130.63255310058594,132.12272298826508,130.60700837054287,132.12272298826508,114500
2019-08-21,131.1520233154297,131.57778626724541,130.77734983891116,131.57778626724541,102300
2019-08-22,131.82476806640625,132.06319436135993,130.99027603406827,131.21166816702285,71800
2019-08-23,129.66192626953125,131.99510024851838,128.94663423132167,131.4927027997997,247200
2019-08-26,131.03280639648438,131.26270902863328,130.01948852172296,130.47079619805731,353500
2019-08-27,130.52191162109375,131.78216653424514,130.18130639913596,131.60335334035705,95700
2019-08-28,131.58633422851562,131.64594729546613,130.3175555941106,130.3175555941106,128100
2019-08-29,131.8758544921875,132.6252016836198,131.19464394716718,132.4889543773124,67900
2019-08-30,131.73110961914062,132.57412529280725,131.3564359863999,132.26757531995207,83500
2019-09-03,132.34417724609375,132.4208114722784,130.96470920174457,131.28828026560964,102800
2019-09-04,133.63851928710938,133.63851928710938,132.54004325085825,132.96580633613985,118500
2019-09-05,132.9743194580078,134.27715335706944,132.8976852270647,134.13239547864674,105400
2019-09-06,133.4937286376953,133.70661012809458,133.18717877179014,133.42560500157694,105500
2019-09-09,133.34048461914062,133.59594507794472,132.9743345896864,133.54485558483563,72800
2019-09-10,132.62515258789062,132.82952347169683,132.00354234870363,132.82952347169683,83000
2019-09-11,133.3319091796875,133.37448806765352,132.00353103196352,132.61663063756725,291900
2019-09-12,133.8428497314453,134.3878388420724,133.62996823257745,134.08128896397244,213300
2019-09-13,133.1871795654297,134.0046372172112,132.9317191767773,133.34044800266807,104200
2019-09-16,132.0546875,132.74442165793732,131.74813754166576,132.5996637600099,167500
2019-09-17,132.54002380371094,133.2127366559756,131.90990284563492,131.90990284563492,87000
2019-09-18,132.60813903808594,133.10202567242072,131.60334460472777,132.65922851866273,82700
2019-09-19,132.4378662109375,132.75292674082482,132.30161890326684,132.6337135949276,82000
2019-09-20,132.1142578125,133.10203112160895,132.1142578125,132.72735759103273,62600
2019-09-23,132.68478393554688,133.11054692392702,132.1738631521886,132.1738631521886,76000
2019-09-24,132.9743194580078,133.89396920909672,132.66776954097818,133.17867740718944,174700
2019-09-25,133.25534057617188,133.7321931723301,132.92324587575746,133.5874352765863,143800
2019-09-26,133.86500549316406,134.19943166851158,133.53057931781655,133.62490532032368,68600
2019-09-27,133.59918212890625,134.21658631589972,132.87029818789284,134.12226031276245,75200
2019-09-30,134.25083923339844,134.76534692500712,133.77063903294984,133.77063903294984,92000
2019-10-01,133.73635864257812,134.63672757054582,133.401932533325,134.45665901874247,123400
2019-10-02,131.20672607421875,133.1275403850329,130.63219977280704,133.1275403850329,160500
2019-10-03,131.95277404785156,132.40725030825627,130.57219151592085,131.66121262358146,109200
2019-10-04,133.8478546142578,133.95076403659607,132.25289595503762,132.25289595503762,70900
2019-10-07,132.89602661132812,133.75353100076535,132.78455993814674,133.61634024265913,153200
2019-10-08,131.50685119628906,132.7673834799354,131.49828086427274,132.5186999222221,303500
2019-10-09,132.5101318359375,132.7588153978654,131.96132963463575,132.1499816180029,140100
2019-10-10,132.6902313232422,133.05895192290143,131.88417511950166,132.2014475503227,74000
2019-10-11,132.7073516845703,133.48768368449464,132.51012937270775,133.23042979518726,100500
2019-10-14,132.124267578125,132.96461815050338,132.02137124646,132.9560478176905,72100
2019-10-15,131.64404296875,132.40722115160818,131.3610650243902,132.40722115160818,130300
2019-10-16,131.62693786621094,131.76414172348024,131.24963380096037,131.60121377853292,146400
2019-10-17,132.3472442626953,132.60449823517578,131.92707542264174,132.05569586664168,73300
2019-10-18,132.5101318359375,132.96460804555568,132.48440775497622,132.48440775497622,67100
2019-10-21,132.9303436279297,133.01608622232277,132.39011163688713,132.63878217045047,62700
2019-10-22,133.024658203125,134.00221266961466,132.95605628282138,133.87357916236593,77400
2019-10-23,133.62493896484375,133.63350930014659,132.91320860026585,133.0246883816098,98700
2019-10-24,133.93362426757812,134.0965522091842,133.28191250115378,133.77069632597204,45700
2019-10-25,133.2133026123047,133.8735715241583,133.13611727856792,133.8735715241583,77400
2019-10-28,133.17901611328125,133.8307278795134,132.88746773600883,133.28191246185276,80000
2019-10-29,133.16184997558594,133.7792541785525,132.69880336560027,133.00750546708355,68200
2019-10-30,133.83926391601562,133.98503806729568,133.04177816551137,133.25615422641903,68300
2019-10-31,133.63351440429688,134.20804091908502,132.81031731141428,133.86504431113093,69100
2019-11-01,133.7278289794922,134.13085715578129,133.53060660103606,133.96792920139026,191500
2019-11-04,132.54443359375,134.00218815116057,132.22714813483975,133.9250028271426,109200
2019-11-05,132.8788604736328,133.31618291800586,131.69550045600727,132.44152494478368,368400
2019-11-06,133.56484985351562,133.80494998342616,132.85311979539665,133.1275274207091,87500
2019-11-07,133.14471435546875,133.64206848695903,132.91318449946073,133.63348506873123,130100
2019-11-08,133.03321838378906,133.29047229417526,132.5873124780848,132.9903405513118,64000
2019-11-11,132.82740783691406,133.21329523078236,132.56158360343284,132.98176541135678,63100
2019-11-12,133.06753540039062,133.10184290599048,132.6216425034296,133.00751689231032,73600
2019-11-13,134.21656799316406,134.37949589311145,133.2818784225937,133.2818784225937,64300
2019-11-14,134.04507446289062,134.77394524548873,133.65061673947287,134.6710489195871,89000
2019-11-15,134.25083923339844,134.61957279876196,133.7191908806838,134.38804302909062,55600
2019-11-18,134.7911376953125,135.42568266652978,134.17373339368228,134.18230372847583,91200
2019-11-19,134.75674438476562,135.08260008216934,134.45662584431633,135.08260008216934,59300
2019-11-20,134.8426055908203,135.2713579138436,134.37955883912747,134.71398512770634,82300
2019-11-21,134.17373657226562,134.87688349193058,133.93363634755264,134.67109077616567,236500
2019-11-22,133.99365234375,134.5939159787345,133.53060565749868,134.36238609336849,66600
2019-11-25,134.33660888671875,134.43950520198183,133.77922331526753,134.23369948698016,69700
2019-11-26,135.3999481201172,135.47713346522005,134.36237505756998,134.5424436656909,72700
2019-11-27,135.6143035888672,135.82867966983883,135.27987742593055,135.53713133999202,56800
2019-11-29,135.58001708984375,135.91444327230815,135.4256594986026,135.63146525876468,28300
2019-12-02,135.79440307617188,135.8544215827926,134.72252253063644,135.39994527824393,62400
2019-12-03,135.6486053466797,135.6486053466797,134.73106947841413,135.44279960724742,162100
2019-12-04,136.53184509277344,136.6090173448121,135.51141281200182,135.87156307266036,76500
2019-12-05,136.46322631835938,136.56612264170144,135.74292588601176,136.56612264170144,57600
2019-12-06,137.01199340820312,137.55222513626987,136.80618772977934,136.80618772977934,71400
2019-12-09,137.1406707763672,137.44080254658033,137.01205035169218,137.0377744366272,66900
2019-12-10,136.70333862304688,137.20069270423704,136.59185887319182,137.11493703750583,63400
2019-12-11,136.7205047607422,137.20927546885733,136.4032323171503,136.90057335892396,72100
2019-12-12,136.73765563964844,137.7323507867759,136.53184987585726,136.83198164582623,76200
2019-12-13,137.20071411132812,137.3293345470156,136.33463931391307,136.73766745837347,76400
2019-12-16,137.6858367919922,138.00522918897596,137.40096796282822,137.57361214574087,79300
2019-12-17,137.57357788085938,137.75486278950524,137.34051421933356,137.45272566573,64100
2019-12-18,137.28875732421875,137.91892775541152,137.1074855238326,137.7549111547424,151300
2019-12-19,138.22967529296875,138.48000737663176,137.6167733100736,137.73762555251545,109200
2019-12-20,139.36050415039062,139.80938953489633,138.65264592205833,138.65264592205833,95700
2019-12-23,138.8598175048828,139.61946761657683,138.77348883877028,139.61946761657683,79300
2019-12-24,139.01519775390625,139.11015402091195,138.8252983918004,139.06700285837752,32800
2019-12-26,139.19647216796875,139.39501228509832,138.83391549550862,139.07561994381538,33200
2019-12-27,139.77487182617188,139.79214019728613,139.41231506421894,139.5245397186,163100
2019-12-30,139.10153198242188,139.59358170527378,138.87709587503156,139.59358170527378,54700
2019-12-31,139.15333557128906,139.23966425084947,138.53180595979404,138.8771075061286,58000
2020-01-02,138.00521850585938,139.52451881045675,137.65993016676316,139.52451881045675,197600
2020-01-03,137.76353454589844,138.4023325574343,137.2542295597334,137.3491858429089,179600
2020-01-06,137.970703125,138.23830357945926,137.35780113905577,137.49592175164975,119300
2020-01-07,136.91757202148438,137.74628261905838,136.91757202148438,137.74628261905838,93900
2020-01-08,137.46139526367188,138.02249212904124,136.9002852263962,137.0384058360554,75100
2020-01-09,138.25558471679688,138.33327262909043,137.51320282042903,137.80669927036547,101600
2020-01-10,138.1260986328125,138.60952084583027,138.0484107166146,138.5318197577239,165700
2020-01-13,139.02383422851562,139.04110259613918,138.2210197828347,138.30734844904734,162200
2020-01-14,139.08425903320312,139.20511126734198,138.7648666655302,138.9547792008778,358300
2020-01-15,140.0251922607422,140.3618529922433,138.9547773640154,139.11879393072977,64600
2020-01-16,140.5345458984375,140.62950219778963,140.189244277198,140.36190167377276,75800
2020-01-17,140.80209350585938,141.03517036611177,140.54312068023506,140.68124127682205,68300
2020-01-21,141.0956268310547,141.14741877535678,140.05112082920675,140.543157471985,223900
2020-01-22,141.0697021484375,141.4840507904345,141.0697021484375,141.20782275307178,79300
2020-01-23,140.9920196533203,141.2596201026177,140.12015800046333,140.603566963311,106900
2020-01-24,139.9734344482422,141.2769266523791,139.51592132962364,141.15607437900647,97100
2020-01-27,139.32598876953125,139.9734143923858,138.58360686178173,138.72172748924862,147600
2020-01-28,139.54176330566406,139.93022912223827,139.30869962200532,139.4727161806647,105500
2020-01-29,138.669921875,139.61084385952205,138.669921875,139.61084385952205,74000
2020-01-30,140.08560180664062,140.2582459591224,138.6181067526886,138.65263031442313,86000
2020-01-31,138.42822265625,140.62947227510327,138.1606221891723,140.12879490977102,137400
2020-02-03,138.57493591308594,139.55039442805486,138.4972480239036,138.87707304466684,249200
2020-02-04,139.39505004882812,140.37913647550727,139.20513747772264,139.4123184203581,155200
2020-02-05,140.6121826171875,140.69851128403667,139.93023356793776,139.9561295336115,125500
2020-02-06,140.88844299316406,141.69124438214735,140.70715803686397,140.96613090076107,99500
2020-02-07,141.05242919921875,141.21644576540731,140.3963761063699,140.74166443483657,101000
2020-02-10,141.56173706054688,141.80344150743008,140.99199950493457,140.99199950493457,76200
2020-02-11,141.16465759277344,141.85524744000375,141.11286565931468,141.85524744000375,84200
2020-02-12,141.2510223388672,141.46683089800038,140.94025748683902,141.46683089800038,110800
2020-02-13,141.89842224121094,142.2178146357013,140.67263142862157,140.98339622420104,90800
2020-02-14,142.3386688232422,142.3386688232422,141.9156793765127,142.09696433137017,75600
2020-02-18,141.6826171875,142.34729796138132,141.44954029213656,142.14013020719787,150100
2020-02-19,141.61355590820312,142.0883372947979,141.58765993910768,141.91567993828562,65200
2020-02-20,141.7430419921875,141.81210230345056,140.6898952962643,141.354589266752,81100
2020-02-21,142.0278778076172,142.24368629066188,141.3890799559193,141.3890799559193,126400
2020-02-24,138.54905700683594,140.65535007444475,138.49726507433826,139.76622010815333,450200
2020-02-25,136.0629425048828,139.2396505592555,135.6658622305274,138.79076517911358,234200
2020-02-26,135.11343383789062,137.54774766970317,135.03573274166874,136.54639273887085,211600
2020-02-27,129.6836700439453,134.77675972183098,129.6836700439453,133.87036117838528,641000
2020-02-28,127.18895721435547,127.18895721435547,123.02817412883414,126.27393082995049,1512300
2020-03-02,133.76675415039062,133.80127771674327,127.62051875902202,127.62051875902202,671300
2020-03-03,132.00576782226562,136.1061301336948,131.09936930851543,133.96531307817762,280700
2020-03-04,138.13473510742188,138.23831899246326,133.69771201540595,133.86172861466017,174000
2020-03-05,135.6745147705078,137.3491911906759,134.29334798279692,135.59682685540517,191400
2020-03-06,134.48321533203125,135.2687614114872,131.22883272612253,131.69497327754723,243900
2020-03-09,128.46652221679688,131.97987862294605,125.1689611925191,126.88680202249671,387700
2020-03-10,132.07945251464844,132.32216490330381,126.46237359217182,131.42932721071443,274200
2020-03-11,125.42217254638672,129.44428046154337,124.11324516940611,129.08887546336766,221100
2020-03-12,113.70257568359375,121.26136666170297,113.33850711411822,117.84603974212388,367000
2020-03-13,122.9256820678711,123.11638653565392,114.52606159078142,119.06827483650437,345900
2020-03-16,114.97682189941406,120.48988478256744,108.89165221094585,111.83888812543293,642200
2020-03-17,125.37015533447266,125.37015533447266,116.38108136804583,116.58912620620707,443500
2020-03-18,120.4118881225586,123.31577345962911,115.41025331868762,118.11477058230776,695000
2020-03-19,117.08323669433594,119.92645023256966,116.45043855657796,119.27632494376319,514700
2020-03-20,109.71512603759766,117.88070339346156,108.90030035549921,117.58596992365115,885000
2020-03-23,106.3171615600586,110.73801239563545,104.62683176679143,109.55044776837083,502700
2020-03-24,112.05560302734375,112.68838796393557,109.22972313895299,110.86803840412456,465000
2020-03-25,111.83889770507812,115.23688452652443,109.81050322623418,112.6970546798483,488400
2020-03-26,118.16680145263672,118.6608898887165,113.0698139805388,113.0698139805388,379800
2020-03-27,117.17860412597656,120.41190420316168,115.28891251040167,115.28891251040167,630200
2020-03-30,121.61676025390625,121.97216521465728,118.3834745356097,118.3834745356097,833100
2020-03-31,119.46703338623047,121.93750162961423,119.1636362839816,121.24403198649775,543800
2020-04-01,116.84050750732422,119.03360891644068,116.03435852276489,116.03435852276489,357100
2020-04-02,120.10848999023438,120.6545995203611,115.55761251073618,115.930357925106,268300
2020-04-03,120.85395812988281,121.20936313680026,118.92092259821364,119.70106767145536,184600
2020-04-06,125.51753997802734,126.3843737993855,122.1975648550055,124.21728924599012,398500
2020-04-07,124.199951171875,128.45610848820118,124.199951171875,128.34341585674542,696200
2020-04-08,126.22831726074219,126.73108238639176,123.87052857409778,125.27480814119912,247400
2020-04-09,127.48524475097656,129.19289505357668,126.47971443608353,127.1038357883045,581500
2020-04-13,126.35836029052734,127.47657001573846,125.14478509626841,127.21651724362344,257400
2020-04-14,131.57667541503906,131.64602369505016,128.16136190560763,128.17002548054703,850500
2020-04-15,129.34896850585938,131.09130005682306,128.36077829045897,129.30562416117294,225700
2020-04-16,130.2764434814453,130.65785246241737,128.36941180341896,129.98172316954287,195400
2020-04-17,132.20948791503906,132.66890874669116,130.20710405881323,132.12279924887198,230600
2020-04-20,129.6783447265625,132.001453014634,129.6783447265625,130.98725903273703,211400
2020-04-21,127.05181884765625,128.5167566565613,126.59238482849399,127.90131215068482,179800
2020-04-22,128.29141235351562,129.10623830502752,127.43324206327404,128.6554809905419,186900
2020-04-23,127.48524475097656,128.96752304237646,127.2338555588367,128.33473811439774,142900
2020-04-24,128.72482299804688,129.15823991049822,127.73663296673121,128.20471741237148,118900
2020-04-27,129.5482940673828,130.0250552486611,128.88082841359324,129.53095368983654,451600
2020-04-28,130.21572875976562,131.22125878904345,129.7216273184236,131.22125878904345,141600
2020-04-29,129.947021484375,131.0392270026875,129.07151112811533,131.0392270026875,164800
2020-04-30,128.26535034179688,129.39223650455642,127.56321734340578,129.32288823934346,267200
2020-05-01,126.72246551513672,128.2914329504667,126.17635585850289,127.25989836653048,212400
2020-05-04,126.67045593261719,126.81781612455917,125.31819701659713,126.23703893508065,210400
2020-05-05,126.86112213134766,128.10068802081474,126.72242555961016,127.27719861972709,153000
2020-05-06,125.50018310546875,127.233850520355,125.39616729316204,127.15583866112496,127100
2020-05-07,125.22283935546875,126.67045047768042,125.07546594303619,126.49707310466246,118800
2020-05-08,128.24801635742188,128.51673263173987,126.4710049999524,126.4710049999524,154200
2020-05-11,127.90128326416016,129.03683301239218,127.6758980930532,127.70191526626725,426000
2020-05-12,126.80908203125,129.79966854467293,126.80908203124999,128.35205801410427,2471000
2020-05-13,125.74287414550781,127.3811890454626,125.03207750398717,126.75706782387692,211200
2020-05-14,125.22283935546875,125.56956764783165,123.4024827534723,124.95410971802552,272000
2020-05-15,126.37568664550781,126.79177636900171,124.91074871793559,125.1967922159418,188300
2020-05-18,128.50807189941406,129.1842010003337,127.70192305863682,128.38671573327028,162900
2020-05-19,126.19365692138672,128.71614626853187,126.19365692138672,128.71614626853187,354000
2020-05-20,127.75394439697266,127.8232926744703,126.81776249100177,127.4765512869821,96300
2020-05-21,126.4017105102539,127.52858386384213,126.1936656375065,127.51992028754042,177400
2020-05-22,126.88713073730469,126.8871307373047,126.30635370204787,126.71375340285968,126500
2020-05-26,127.70195007324219,128.9241755669485,127.53724955002774,128.898171613476,245400
2020-05-27,130.06837463378906,130.06837463378906,128.1786706486414,128.89814407025216,190200
2020-05-28,130.65785217285156,131.60271104701425,130.35446828544806,131.06526510827482,228800
2020-05-29,131.0045623779297,131.2906190448024,129.2448912794226,130.3110928727986,155400
2020-06-01,131.7933807373047,132.3568305391109,130.87453919567525,130.87453919567525,156700
2020-06-02,132.1834716796875,132.33949539209237,131.15193749157027,132.09678302157445,661600
2020-06-03,132.38282775878906,133.05029333081598,132.38282775878906,132.70355195652817,157400
2020-06-04,131.69808959960938,132.72962422547167,131.1086488001668,132.15752381037677,128300
2020-06-05,133.85647583007812,134.36790460536076,132.70358527144882,133.16300613423957,138600
2020-06-08,135.43409729003906,135.43409729003906,133.59640091637587,133.8044457587242,163600
2020-06-09,133.9691619873047,134.7146395596266,133.2843559010146,134.7146395596266,156100
2020-06-10,133.3363800048828,134.50659768596879,133.2323509557747,134.2378813272046,161300
2020-06-11,128.05738830566406,132.4522432126355,127.94470887534732,131.6460806820126,162000
2020-06-12,128.25674438476562,130.06842398675641,127.10385375799828,130.06842398675641,179500
2020-06-15,129.66964721679688,129.95570391885803,126.15030458686087,126.88711850673045,100400
2020-06-16,131.9320831298828,132.59954876537313,130.4671320979512,132.4175078732095,100600
2020-06-17,131.64601135253906,132.5995335797541,131.29061963769593,132.17478036457092,73000
2020-06-18,132.14016723632812,132.33087176027408,131.02194405256907,131.0392844347922,81100
2020-06-19,131.4380645751953,133.7351697501188,131.40338380264595,133.4231089313708,109200
2020-06-22,131.2273406982422,131.6294956145597,130.7027757271204,131.34098621446685,85200
2020-06-23,131.0174560546875,132.54742100305188,130.982491297,132.04908315941435,109400
2020-06-24,128.89300537109375,130.45794868288175,128.44713459869678,130.4229705790244,119100
2020-06-25,129.8809356689453,129.93338948677024,128.0187450947297,128.87553525333172,189200
2020-06-26,127.24938201904297,129.96834902315464,127.12698534819252,129.67983972609932,169500
2020-06-29,129.80224609375,129.88967801099042,127.90509088372399,128.0187363678514,162800
2020-06-30,130.76394653320312,131.13987443660722,129.61864709065694,129.80224878457284,203200
2020-07-01,130.7813720703125,131.52450307644486,130.67646447988733,130.8425770582157,144300
2020-07-02,131.40216064453125,132.77475109964382,131.21855894531836,131.84803142799362,155600
2020-07-06,132.04910278320312,132.85343907214002,131.35843865929144,132.57366760812064,401600
2020-07-07,133.17691040039062,133.92002832337764,131.3496980871058,131.4983216717032,119700
2020-07-08,132.87966918945312,133.57033333004978,132.3113883920244,133.5615954741772,117500
2020-07-09,131.64694213867188,132.94960294727613,131.03495876357618,132.8184550767461,175600
2020-07-10,134.21730041503906,134.34843495975375,131.7081482908437,131.7081482908437,102200
2020-07-13,133.93748474121094,135.65105115479219,133.4391602954742,134.77678557118085,666000
2020-07-14,136.07070922851562,136.24555969560362,133.32551554050417,133.66647862040818,104900
2020-07-15,136.15814208984375,137.7055827417036,135.95705137805444,137.09359943247352,99300
2020-07-16,136.46414184570312,136.81385616042866,135.88712323158381,136.0794627696236,78700
2020-07-17,137.2247772216797,137.42585463709432,136.70895021830697,137.02368646602653,69700
2020-07-20,135.86964416503906,137.02366802453616,135.50245414882468,137.02366802453616,94300
2020-07-21,137.27723693847656,138.53618198345245,136.83135278657477,136.84884184004363,253200
2020-07-22,138.22142028808594,138.36129266938158,136.40294592887588,137.4608000149019,143200
2020-07-23,138.6585693359375,139.27055276372775,138.30011713528958,138.5973643230394,151700
2020-07-24,138.41375732421875,139.96994926255323,137.90668159798534,138.66728851721726,421800
2020-07-27,139.2180938720703,139.2443207794311,138.1602263609804,138.39628186746518,97300
2020-07-28,139.5590362548828,140.3458700391757,139.03447150519708,139.03447150519708,93200
2020-07-29,140.10110473632812,140.40710312488974,139.43666748203012,139.72517681804118,78900
2020-07-30,139.873779296875,140.32838787264785,139.05196737417086,139.54155404976404,74200
2020-07-31,139.79510498046875,139.79510498046875,138.01160850467144,139.45414183037934,181100
2020-08-03,139.41915893554688,139.90874561659948,138.78968653412593,139.74263299119167,87600
2020-08-04,141.39503479003906,141.39503479003906,139.27931269562743,139.32302866316394,92100
2020-08-05,141.01905822753906,141.70098439737168,140.67809514262277,141.53487178211375,89500
2020-08-06,141.15023803710938,141.3513154747266,140.53825452681355,140.9229336876395,85900
2020-08-07,141.7971954345703,141.89336522191326,140.8180218472527,140.8180218472527,109500
2020-08-10,142.71514892578125,142.9337153680186,141.91082601917626,141.9632798308753,124800
2020-08-11,141.62234497070312,143.66812407655613,141.25515487531206,143.2921827839779,133800
2020-08-12,143.53697204589844,144.03531002258427,142.0944386169728,142.13815458093038,442000
2020-08-13,143.27468872070312,143.7205594922377,143.0036684474034,143.11731393412524,104800
2020-08-14,143.38836669921875,143.81676185617067,142.86381508565083,143.0911194508395,96800
2020-08-17,144.0265655517578,144.53364136185306,143.5457166507849,143.5457166507849,75800
2020-08-18,144.47242736816406,144.9532762392524,143.58942368870206,144.28882567548024,108300
2020-08-19,143.5107421875,144.53364503018537,143.34464287225606,144.36753237470248,68900
2020-08-20,143.24844360351562,143.37957812546273,142.49657455046778,142.72387883525482,79300
2020-08-21,143.4320831298828,143.70310346546705,142.75015669188346,143.22226781987746,87000
2020-08-24,144.7259521484375,144.73470334403746,143.4145534712162,143.94785613356234,89800
2020-08-25,144.48117065429688,145.12813219064458,143.89541413122348,145.12813219064458,76700
2020-08-26,144.69100952148438,144.86586003714828,143.5806880696477,144.26261441890443,70200
2020-08-27,145.62644958496094,146.22094388023376,144.93577218518857,144.93577218518857,77100
2020-08-28,146.8504180908203,146.8504180908203,144.83960421151932,146.15974068250938,121300
2020-08-31,146.2908935546875,146.63185667291575,145.75759089897286,146.491970947428,83500
2020-09-01,146.46572875976562,146.46572875976562,145.30295380091258,146.28214043692523,80400
2020-09-02,149.00112915039062,149.5956368921996,146.92912326106554,146.92912326106554,140700
2020-09-03,146.54443359375,150.64474245516405,145.5128063216203,149.63059089459605,225100
2020-09-04,145.9936981201172,147.45372087907285,144.42875435975273,146.83298608993707,118700
2020-09-08,143.09982299804688,145.8887330979684,142.65395223238306,145.879995242255,115000
2020-09-09,145.14561462402344,146.5269562152401,143.8079889916894,143.89540756921693,143200
2020-09-10,143.54568481445312,145.58272545934275,143.29214029551866,145.36415903830613,95800
2020-09-11,144.17938232421875,144.94405901135542,143.3532010456934,144.09149754720826,69800
2020-09-14,145.172607421875,145.7263366253642,144.57494252591752,144.82982587004443,103500
2020-09-15,145.02317810058594,145.93725768578747,144.79466155713115,145.69995668690905,125200
2020-09-16,144.42555236816406,145.98124631650208,144.2937050328125,145.90214596212272,130600
2020-09-17,143.48507690429688,144.2145891649988,142.63251519066839,143.1159285455172,765500
2020-09-18,142.21937561035156,143.827815890342,141.3140806008885,143.81023357044916,91900
2020-09-21,141.14707946777344,141.49865880219488,139.53863921766865,141.49865880219488,170200
2020-09-22,142.02603149414062,142.6149118902059,140.98010459240433,141.27015256265426,72100
2020-09-23,139.74961853027344,142.74676765584968,139.58261998495053,142.46550412448826,711800
2020-09-24,140.62855529785156,141.44595233805595,138.6158150011601,139.58262827200232,84200
2020-09-25,141.36685180664062,141.48990125590743,139.79357574734487,140.0748258836472,106700
2020-09-28,142.9313201904297,143.71356586470523,142.33365536576162,142.4567047950393,99800
2020-09-29,142.0348358154297,143.29169699891102,141.73598996465165,143.0807493533118,136400
2020-09-30,143.58172607421875,144.59248824375305,142.65006423209886,142.65006423209886,79500
2020-10-01,144.48703002929688,144.7946603144533,143.30926926628942,144.35519614216255,110700
2020-10-02,143.89816284179688,144.4343097176061,142.67645286726545,142.9489185332469,97500
2020-10-05,144.93527221679688,145.02317041190219,144.14424210637551,144.25850707773608,65000
2020-10-06,144.02122497558594,145.99881410647842,143.7487592855956,145.2956686221064,68300
2020-10-07,145.67361450195312,146.26249498792595,144.8034704583538,144.95288669407364,73800
2020-10-08,146.65798950195312,146.78103893826042,145.8405791375396,146.32399242709783,187600
2020-10-09,147.76544189453125,148.44222053410687,147.17656146163736,147.17656146163736,108200
2020-10-12,149.55845642089844,150.18248806058014,148.28401295165207,148.28401295165207,64100
2020-10-13,149.3914794921875,149.75184339899363,148.69711846088939,149.06628023605668,221500
2020-10-14,148.74102783203125,149.9627375946142,148.13456517805463,149.49690668299934,106700
2020-10-15,148.7761993408203,149.21566349745063,147.20291014970994,147.616007529853,81700
2020-10-16,148.9080352783203,149.96274658651274,148.83771940292323,149.32113266416448,63300
2020-10-19,147.00953674316406,149.48812088737665,146.61402170627807,149.01349211400867,82500
2020-10-20,146.8074188232422,148.5125421724315,146.4910040428629,148.3543280765499,75600
2020-10-21,146.82496643066406,147.69509681242621,146.46460263044906,146.46460263044906,63400
2020-10-22,147.0007781982422,147.36992652515875,146.33279742735266,147.20292797959053,84500
2020-10-23,147.2820587158203,147.68635832514425,146.90411247783325,147.4490438692633,52200
2020-10-26,145.34837341308594,146.30641548393757,144.10029679580418,146.22730174171102,95100
2020-10-27,144.952880859375,146.2009576704892,144.952880859375,145.46266097851472,132600
2020-10-28,140.89219665527344,143.60808164225995,140.69883137354168,142.8873674742073,178200
2020-10-29,140.7691650390625,142.08755753862852,139.19587581253975,140.58458418811514,95900
2020-10-30,140.20664978027344,140.89221279901014,138.59820934050447,140.19785191376278,112200
2020-11-02,142.4303436279297,142.8698078085704,141.26136729805953,141.90298124660785,115200
2020-11-03,144.6979522705078,145.9636110104461,143.78385944216132,143.78385944216132,96800
2020-11-04,144.8561553955078,146.9392109507987,144.61884102484808,145.58566741540253,127500
2020-11-05,145.998779296875,147.25564031848964,145.62083315694028,146.44702789823899,150000
2020-11-06,146.64039611816406,147.36990822530993,146.04273130443397,146.33277925629065,62300
2020-11-09,146.34158325195312,151.70305202693842,146.2888496920981,150.6395427281227,115300
2020-11-10,149.35626220703125,149.68147475993896,146.34154492619427,146.34154492619427,153700
2020-11-11,150.70986938476562,151.22843397558603,149.27721165317203,150.39345459163405,79000
2020-11-12,150.2088165283203,150.46371320398782,148.93437338412068,150.3758150238171,91700
2020-11-13,152.26553344726562,152.3797849989681,150.34946290610117,150.69224438396986,76200
2020-11-16,153.81248474121094,153.81248474121094,152.51167433973004,153.74216885310597,98000
2020-11-17,152.88082885742188,153.5663920298546,152.2919483586084,152.68746351018345,232700
2020-11-18,150.64833068847656,153.47848136518397,150.64833068847656,153.0214482282206,70500
2020-11-19,151.09658813476562,151.28995346037553,149.9715608283352,150.2176597134054,95400
2020-11-20,150.17372131347656,151.36906458817816,150.08582310052236,150.95596712778527,98600
2020-11-23,150.30551147460938,150.75377345426955,149.5320637535412,150.47250998378627,359900
2020-11-24,151.4745330810547,151.86126376332686,150.94718403272537,151.36028149684478,112600
2020-11-25,151.25479125976562,151.84367170223638,151.17569091929573,151.43937213224564,115600
2020-11-27,151.41299438476562,151.64151093336545,150.92079664231517,151.64151093336545,46600
2020-11-30,151.28997802734375,151.28997802734375,149.84853571870218,151.0790303438649,80800
2020-12-01,152.57318115234375,152.66986381496315,151.55362096679082,152.06340105956727,101200
2020-12-02,151.21963500976562,152.44134495825776,150.86805560036092,152.11614573951869,77600
2020-12-03,151.88760375976562,152.05460228960425,150.885625992116,150.885625992116,74100
2020-12-04,153.17962646484375,153.17962646484375,151.88760076213921,151.92276540529653,76100
2020-12-07,152.57318115234375,152.98627858250083,151.9667183969479,152.8368623605224,63300
2020-12-08,153.40817260742188,153.65428492287708,151.66789795395422,151.9052124012312,89600
2020-12-09,152.85443115234375,153.68941039483838,152.4764849914234,153.57514541875372,91700
2020-12-10,152.20401000976562,152.9335220981051,151.85244405915012,152.6434741537257,87900
2020-12-11,152.6083221435547,152.88957222033395,151.68544476367717,151.68544476367717,89600
2020-12-14,151.86126708984375,153.77733821814977,151.84368476443228,153.2675580722956,89200
2020-12-15,152.3622589111328,152.90719028259267,152.13372892073914,152.48530836312003,77500
2020-12-16,152.5468292236328,153.3202905998871,152.07221373181247,152.36226174790784,83100
2020-12-17,153.68389892578125,153.74597922383555,153.07189302257328,153.29363350727382,66500
2020-12-18,153.67501831054688,154.0830267511435,152.87675799133532,153.77258466369182,67200
2020-12-21,152.30911254882812,152.46875920919763,150.7391860520325,152.3268555779689,149400
2020-12-22,151.4575958251953,152.50421781262762,151.20924759779714,152.50421781262762,197200
2020-12-23,152.08737182617188,152.55746059295618,151.66163386519034,151.72371416614155,80200
2020-12-24,152.73486328125,152.77921409082737,151.7769426370399,152.24703144383278,65600
2020-12-28,153.72824096679688,154.18945140422954,153.24040922146966,153.3379755705351,80000
2020-12-29,153.24928283691406,154.66842735381886,153.0275423520205,154.18059558026002,80900
2020-12-30,153.33795166015625,153.69273094654656,153.15168373772588,153.5242060486244,59200
2020-12-31,154.26043701171875,154.50878530123015,152.74373949605746,153.26704385367316,74300
2021-01-04,152.71710205078125,154.34024404331547,150.91657037504464,154.34024404331547,125500
2021-01-05,152.87680053710938,153.17836442749572,151.47539868099966,152.45106248397752,77500
2021-01-06,153.26702880859375,154.1273829892204,152.41553937530563,152.53084876053356,129800
2021-01-07,152.85015869140625,153.79920096646993,152.38006992763314,153.63955430736164,151700
2021-01-08,153.6306915283203,153.6572993051793,152.19380390810636,153.0985089232091,121100
2021-01-11,152.22042846679688,153.63070846563087,152.07852481922652,152.9388655891264,172500
2021-01-12,151.78578186035156,152.6816084338372,151.30681489451547,152.27360003827178,1028600
2021-01-13,151.99864196777344,152.5929047599906,151.59064711172618,151.59064711172618,114300
2021-01-14,151.4487762451172,152.17609165223263,151.3246020943862,152.17609165223263,120100
2021-01-15,150.77468872070312,151.44877502869045,150.28685687033263,150.9343353986604,138900
2021-01-19,150.4021453857422,151.65275145797597,150.27795771928672,151.33344461243502,117200
2021-01-20,150.90768432617188,151.12056003634513,149.5328907909751,150.43759564175724,162700
2021-01-21,150.25132751464844,150.74803750442803,150.1892472246531,150.74803750442803,140600
2021-01-22,149.94976806640625,150.73916357086773,149.53289491454822,150.0029836119262,139500
2021-01-25,151.5640869140625,152.32687485606226,149.55954392040607,149.66598857475623,143700
2021-01-26,153.0896453857422,153.36460143810234,151.20927675772663,151.84789047532195,124900
2021-01-27,150.7834930419922,154.08299173715744,150.30453966609613,152.3090682896046,177600
2021-01-28,151.1737823486328,152.7525733847029,150.34890077699842,150.96978490931068,167000
2021-01-29,147.93637084960938,150.65048565972452,147.93637084960938,150.52631153382106,163400
2021-02-01,148.12261962890625,148.94748760119617,147.60818016420336,148.73462543232802,174500
2021-02-02,149.3643798828125,150.36665116964872,148.50402574939756,148.76125228171915,151700
2021-02-03,149.78126525878906,150.0473565596303,148.57499642441252,149.08943599698134,85700
2021-02-04,150.81015014648438,150.9343242870765,149.6837045992776,149.88771560693814,102300
2021-02-05,152.1938018798828,152.7082414489104,151.83014422236866,151.83902250384725,90600
2021-02-08,153.21385192871094,153.23158142786303,152.22932336701703,152.68166920683413,115500
2021-02-09,153.2847442626953,153.57742974583482,152.82352033871905,153.21378569485566,104900
2021-02-10,153.05416870117188,154.17174954239556,152.80582041067032,153.86130741228527,94700
2021-02-11,152.56634521484375,153.40897003296433,152.1938227587119,153.40897003296433,90400
2021-02-12,152.73486328125,152.76147106020304,151.94546759305373,152.31799003236318,78100
2021-02-16,152.4244384765625,152.93886457177186,151.9099988473859,152.93886457177186,150000
2021-02-17,152.92111206054688,153.054150938602,151.5817908629544,151.83901740581456,110100
2021-02-18,152.31793212890625,152.75254824319867,151.25358077349574,151.4487134342832,105500
2021-02-19,150.68597412109375,152.3889395424702,150.60615078899002,152.3179809581671,155600
2021-02-22,150.72140502929688,151.0584548281795,150.07392673551507,150.33115322433463,233200
2021-02-23,150.72140502929688,151.6527175819193,150.3222749450194,150.88992992873818,124200
2021-02-24,151.0141143798828,151.36002894781785,150.12715256118136,150.6061195222996,145300
2021-02-25,149.0184783935547,151.5817979917003,148.81448092628796,150.58840489826324,120000
2021-02-26,146.96957397460938,149.51516365492625,146.8986154034335,149.51516365492625,101700
2021-03-01,148.42420959472656,149.6925722219984,148.02507942367035,148.02507942367035,161800
2021-03-02,148.300048828125,149.28457722357314,148.19361771530896,148.63709873066458,127400
2021-03-03,147.51951599121094,148.51290903067817,147.51063771009527,147.8831600998955,93500
2021-03-04,146.7833251953125,149.41760304012743,145.97618664294933,147.67915181457323,132500
2021-03-05,150.12716674804688,150.5706476993061,146.92523373859666,147.41306549177472,115300
2021-03-08,150.8722381591797,152.33572001208503,150.322312528674,150.53518827602772,124200
2021-03-09,150.9609375,152.13173389685025,150.88997891225452,151.466512362449,1272200
2021-03-10,153.03639221191406,153.6129255369316,150.9520399770581,151.23586073245008,150300
2021-03-11,153.0807342529297,153.737090859039,152.63725335165765,153.18717887232987,110900
2021-03-12,154.1007843017578,154.19835066409752,153.2581595661121,153.2581595661121,101300
2021-03-15,154.6684112548828,154.7925853721397,153.92335301737768,154.4023199939141,126300
2021-03-16,154.73049926757812,155.18285849398677,154.62406817146524,154.69502674686197,98400
2021-03-17,154.51763916015625,155.10302373063982,153.9322410557081,154.73050135525406,91400
2021-03-18,153.42665100097656,154.3313558419737,153.00977786512314,154.13622315991623,82700
2021-03-19,154.06527709960938,154.5087580432087,153.36458316366677,153.36458316366677,82100
2021-03-22,155.448974609375,155.5465409828858,154.06531588247103,154.1717605388259,129800
2021-03-23,155.8037109375,156.54875559131324,155.08527405461132,155.28040673069995,99600
2021-03-24,154.9611358642578,156.15852643529584,154.9611358642578,155.6618298842905,61400
2021-03-25,156.5665283203125,156.7971335567299,154.61521472318668,155.0320743914121,91700
2021-03-26,159.4381866455078,159.6432996446432,156.70924344597154,156.95894977743404,72500
2021-03-29,160.71343994140625,160.96314620256655,159.08142241512732,159.08142241512732,101700
2021-03-30,159.4560089111328,160.63319382699018,159.17062250245652,160.63319382699018,93500
2021-03-31,158.9476318359375,160.0713235440516,158.73360568808317,159.58973749543992,141400
2021-04-01,158.49285888671875,159.05470490463287,157.34241357460635,158.41259905786634,161200
2021-04-05,160.40135192871094,161.05237106138134,158.8495937138784,158.8495937138784,127500
2021-04-06,160.9453125,161.52498485598804,160.0802537725912,160.205106908095,117800
2021-04-07,160.51727294921875,161.35556493519604,160.26756663714494,161.0969454005387,192100
2021-04-08,160.60641479492188,160.79370129657624,160.12484231747897,160.5261549833432,106700
2021-04-09,160.43698120117188,160.75803408118819,159.4738361690948,160.62426771783635,82900
2021-04-12,161.20394897460938,161.2931356270668,160.43699003058262,160.43699003058262,109600
2021-04-13,160.46371459960938,160.92746061507833,160.2496884447546,160.63316104418286,81700
2021-04-14,160.3299560546875,160.5707490985866,159.82163030420148,160.33886927558345,163900
2021-04-15,161.52500915527344,161.7836422942778,160.8383236106855,160.8383236106855,161700
2021-04-16,162.7022247314453,162.91625095663775,161.87283228490068,162.21172528542158,82700
2021-04-19,162.01547241210938,162.75567795026427,161.59631971450398,162.59515833397464,87200
2021-04-20,162.63084411621094,162.97865026740118,160.58860053265232,161.07017304661886,193200
2021-04-21,163.47805786132812,163.90612381716744,162.84487895281165,162.84487895281165,140500
2021-04-22,162.26515197753906,163.39775675764037,162.0778791226682,163.34425022767726,105400
2021-04-23,162.13143920898438,162.62193857561772,161.45365331764648,162.36330545140538,111800
2021-04-26,160.3567352294922,162.12251941806628,160.2764754045509,162.0511864234338,110400
2021-04-27,160.31211853027344,160.6866779333663,159.82163282182367,160.15159890379266,113600
2021-04-28,160.2942657470703,161.26633739116414,160.1961658999069,160.76692493577534,63700
2021-04-29,161.89955139160156,162.18493777558905,160.13376736658725,160.4369801935951,104300
2021-04-30,161.86392211914062,162.01552856750735,161.32882933010228,161.7123156707739,86000
2021-05-03,163.39776611328125,163.9239318320022,161.94410846220157,162.30975458184238,135700
2021-05-04,162.39007568359375,163.38891457303907,161.86390976624529,163.10352814520502,108700
2021-05-05,162.25628662109375,162.5684126739391,161.79254054467063,162.5684126739391,83000
2021-05-06,164.41445922851562,164.48580582076232,162.45247556963017,162.99648142853655,79300
2021-05-07,164.68202209472656,164.9852349362636,164.04882952989573,164.4233889708484,94700
2021-05-10,165.68084716796875,166.83129237187083,165.00307488589888,165.00307488589888,91900
2021-05-11,164.35203552246094,165.65408709358434,163.5404969048686,165.52032073023722,130500
2021-05-12,161.89060974121094,163.92393974215668,161.8638564734066,163.79908662307997,111300
2021-05-13,164.3876953125,165.020874164735,161.8638659080842,162.09573211189317,120900
2021-05-14,165.32412719726562,165.9216396559295,164.96739420166398,165.18143399902496,112300
2021-05-17,164.9852294921875,165.948388140558,164.71768315520038,165.35087569913753,80800
2021-05-18,164.4768829345703,165.73434113811626,164.4768829345703,165.45788159151496,125900
2021-05-19,163.74560546875,163.89721187913068,162.59517395093357,163.6831720955495,104400
2021-05-20,165.0565643310547,165.5470636459272,163.4691400814461,163.89720602534805,66400
2021-05-21,165.06549072265625,166.099995976936,164.86037775933303,165.6630031691871,57800
2021-05-24,165.68084716796875,166.2426931330359,165.1100879809698,165.431140874155,75700
2021-05-25,165.58273315429688,165.87703274858154,164.922787372449,165.8413662559279,81300
2021-05-26,165.6005859375,165.8502922291889,165.1725199528865,165.68975897997615,89500
2021-05-27,164.45013427734375,166.2961917268573,164.41446778335012,165.7789391121333,95500
2021-05-28,164.83363342285156,165.35088607803488,164.7266203245284,164.83363342285156,52300
2021-06-01,164.5036163330078,165.61838112175266,164.0220303238076,165.24380817772203,95400
2021-06-02,165.20814514160156,165.39543161752752,164.31633329198428,164.92275881789897,60400
2021-06-03,165.97512817382812,166.15348784826804,164.6730766952722,164.8068566570803,66100
2021-06-04,166.48342895507812,166.83124863882622,166.10886961254425,166.39425593521892,66600
2021-06-07,166.37644958496094,166.81344237707415,165.6540840203442,166.75100900335585,67100
2021-06-08,165.30630493164062,166.63510996828154,165.1457716643542,166.5726765843441,101800
2021-06-09,164.2896270751953,165.5292453568525,164.2896270751953,165.1279326311886,96500
2021-06-10,165.1814422607422,165.53816166621317,164.67310281957435,164.7533762525824,56500
2021-06-11,165.2259979248047,165.68081710429917,164.49470561992385,165.68081710429917,59800
2021-06-14,165.0922393798828,165.1725128050015,164.11125430726375,165.1725128050015,89200
2021-06-15,164.5749969482422,165.42222931933335,164.45014380007703,165.13684291897158,93900
2021-06-16,162.48817443847656,164.64635825407828,162.30090150348843,164.45015848829868,103900
2021-06-17,162.80029296875,163.05891247656783,161.8995540862728,162.1671004237212,102600
2021-06-18,159.95541381835938,161.73903796280675,159.86622716794807,161.73903796280675,123900
2021-06-21,161.68016052246094,161.8236722198001,160.7025127456417,160.87293117547839,904500
2021-06-22,162.16458129882812,162.58613854373283,161.50084966756575,161.8147799345492,73100
2021-06-23,161.23171997070312,162.08381224269633,161.23171997070312,162.08381224269633,95600
2021-06-24,161.8865203857422,162.13765910097894,161.21382446577942,161.5277410168086,102900
2021-06-25,163.16908264160156,163.33950109133752,161.85957588705313,162.28111930741272,62900
2021-06-28,163.22293090820312,163.61758136308399,162.8552008807307,163.31262917014269,53900
2021-06-29,162.46051025390625,163.5726917851592,162.31699854470267,163.42021572639163,62600
2021-06-30,163.6982879638672,163.7072660009339,162.69373320670502,162.69373320670502,65100
2021-07-01,163.08836364746094,164.05704719577122,162.9897010540396,163.97632698825296,75200
2021-07-02,163.3753662109375,163.95837739590417,163.33053077719606,163.59063377422163,59000
2021-07-06,162.71165466308594,163.36640804121882,161.98514542781064,163.34846565542563,77100
2021-07-07,163.51889038085938,164.02116771410223,162.52330006459914,162.52330006459914,59100
2021-07-08,163.03456115722656,163.37538439615932,162.3080518685663,162.5233057697804,66100
2021-07-09,163.95840454101562,164.27232105932708,163.70726585195362,163.70726585195362,105900
2021-07-12,163.7790069580078,163.8686915182861,163.08836878231364,163.7251797986038,113600
2021-07-13,163.2856903076172,164.3709651590138,163.08836511899406,163.38435290192874,508700
2021-07-14,164.63111877441406,164.83740835931488,163.40231824496936,163.58171477378778,92400
2021-07-15,165.3037872314453,165.3037872314453,163.87767539213277,164.26334775573258,117400
2021-07-16,165.23207092285156,166.09311410567494,165.1334082991911,165.73434839383765,85300
2021-07-19,164.78353881835938,165.5728394813453,163.3574272272153,164.58621365261288,112600
2021-07-20,165.10646057128906,166.41596741187195,164.51448497627044,164.93604211035662,422600
2021-07-21,164.8105010986328,166.09310142224032,164.7297808725387,165.94062532205135,84600
2021-07-22,164.29920959472656,164.67593127261236,163.49198013875545,164.28128089466006,69800
2021-07-23,165.95852661132812,166.26347873618263,164.0032308491113,164.3978675298482,877200
2021-07-26,166.43394470214844,166.56849210343148,165.59980829553686,165.86887572603473,117200
2021-07-27,166.59536743164062,167.17836500249578,165.931635960826,166.23658811524155,77300
2021-07-28,165.34866333007812,166.55950777972808,165.0347330916317,166.42497406955596,73900
2021-07-29,166.1558380126953,166.72090678060786,165.62665401298335,166.03923304508692,62100
2021-07-30,166.38006591796875,167.25008676455147,166.20068313935997,166.2993457204991,73600
2021-08-02,165.69842529296875,166.6312240626096,165.5638779287312,166.4249345273484,88300
2021-08-03,166.41592407226562,166.79264566991807,165.42931202354197,165.7970555870427,96100
2021-08-04,164.17367553710938,165.84196196577707,164.13780444323882,165.84196196577707,129100
2021-08-05,165.1513214111328,165.3037974959331,164.8194488161842,165.04368076783737,63400
2021-08-06,165.1871795654297,165.7791551560831,164.94500524452036,165.58182995919864,76200
2021-08-09,165.7701873779297,165.96749888470305,165.45625720227818,165.76120934169168,59200
2021-08-10,166.9362030029297,166.98105213154562,165.94061256619904,166.1020666920099,59400
2021-08-11,167.4563751220703,168.0483506048271,167.38461927391538,167.6178292019261,106400
2021-08-12,167.4115753173828,167.6358072766539,167.1156011748537,167.61787857385573,44100
2021-08-13,168.6044921875,168.8018174079508,167.70756434400818,167.70756434400818,92000
2021-08-16,169.5911407470703,169.6001050997205,168.37131817095084,168.56864341753152,118700
2021-08-17,169.6448974609375,170.12923237661482,168.78384088347445,169.1426201599299,169400
2021-08-18,167.4205322265625,169.51933981582528,167.36671875289386,169.3309789719541,79700
2021-08-19,168.5148162841797,168.87358196562036,166.29042526394045,166.46084375273648,92700
2021-08-20,168.9542694091797,169.39376891679774,168.0394129932037,168.51478358759246,88600
2021-08-23,168.58653259277344,169.223343580785,168.4340428436132,168.95426253983734,65900
2021-08-24,167.39364624023438,168.62243299476148,167.19632102163447,168.62243299476148,66900
2021-08-25,167.31288146972656,167.65371836371315,166.6581281029898,167.39361536137557,74700
2021-08-26,166.41592407226562,167.05274862579196,166.02128746439277,167.05274862579196,86600
2021-08-27,167.25010681152344,167.49228111898864,166.35317912494307,166.6760736395532,54900
2021-08-30,167.9048614501953,168.04837316577203,167.21422329425903,167.2232013302516,73100
2021-08-31,168.27259826660156,168.38920324153378,167.6537159935458,167.96764614788796,137900
2021-09-01,169.02601623535156,169.2323057668274,168.10218183253306,168.52373893122075,120200
2021-09-02,169.7077178955078,170.03957680752256,169.27718269037086,169.51935703250635,153300
2021-09-03,169.48348999023438,169.67183717170258,168.83770085313526,169.08883955244795,53800
2021-09-07,167.68064880371094,169.37584179150548,167.61787097469815,169.37584179150548,121200
2021-09-08,168.96328735351562,169.00812280106115,167.2770584703692,167.2770584703692,111200
2021-09-09,167.8062286376953,168.595529527417,167.7075660264801,168.5148093053408,74800
2021-09-10,167.05279541015625,168.17395511089555,166.80165673207316,168.17395511089555,70000
2021-09-13,167.37570190429688,168.71212928998844,167.07074972856566,167.77035233690552,63700
2021-09-14,166.36216735839844,167.92282668407316,166.12897105337996,167.92282668407316,86200
2021-09-15,167.22320556640625,167.38464598599685,166.07513918477025,166.29039307755772,48700
2021-09-16,166.8106231689453,167.43846987200527,165.3665689088916,166.87341468226714,75900
2021-09-17,166.12001037597656,166.75682147477775,166.0213477666652,166.60434538512067,67300
2021-09-20,164.21849060058594,165.51903303861377,162.93589054878785,164.53242077246847,145400
2021-09-21,164.00320434570312,165.84189483350173,163.77897246318838,164.79249126565603,60200
2021-09-22,164.61317443847656,165.5459871075847,164.39790681805925,165.07060273507565,89000
2021-09-23,165.1602783203125,165.9316367466843,164.75666356272959,164.83738377703986,49600
2021-09-24,165.41139221191406,165.78810017494123,164.81941669028728,164.81941669028728,77700
2021-09-27,164.82839965820312,165.9854303159804,164.81942162255768,165.14231612710506,40700
2021-09-28,162.92691040039062,164.6131388473282,162.4874245886896,164.53241863938683,88300
2021-09-29,164.5786895751953,165.26427880094408,163.11729585705743,163.32477445242978,62800
2021-09-30,161.6739044189453,164.9936163934699,161.63781281296616,164.9936163934699,141800
2021-10-01,162.09788513183594,162.90976729149725,160.59138411518452,162.37753312538786,141900
2021-10-04,161.55662536621094,162.99095697571968,160.44704938196023,162.06179772440916,204400
2021-10-05,162.43167114257812,163.0360748064671,161.72803620462287,162.0798536736005,83600
2021-10-06,163.84799194335938,163.8840697908951,161.430363210954,161.430363210954,54800
2021-10-07,164.5425567626953,165.98591807803498,164.4704010853506,164.70494144900502,64900
2021-10-08,164.2899932861328,164.92147255187393,164.19076200993769,164.54257948646304,66600
2021-10-11,164.0374298095703,165.08386636442225,164.0374298095703,164.43435496933606,68600
2021-10-12,164.17274475097656,165.41763006041904,163.8570050896801,164.43434699454355,71500
2021-10-13,164.4613800048828,164.7951516486906,163.1894193269835,164.5606112726249,70400
2021-10-14,166.24755859375,166.58134406177024,165.12896639311506,165.33644498437528,62100
2021-10-15,165.8145294189453,167.07747410284304,165.47172798454363,167.07747410284304,62000
2021-10-18,165.156005859375,165.81453315590636,164.21781678563104,165.156005859375,83000
2021-10-19,165.30032348632812,165.30032348632812,164.16367201497945,164.85829082914663,92000
2021-10-20,166.25656127929688,166.71662601925274,165.57095841397293,165.57095841397293,120600
2021-10-21,166.07615661621094,166.4820977415527,165.8776940633922,166.4820977415527,55900
2021-10-22,167.30299377441406,167.53753414853185,166.5271894416685,166.5271894416685,55100
2021-10-25,167.49244689941406,167.7450331068562,166.30168531646055,167.04139813399368,75500
2021-10-26,167.6638641357422,168.0337274633722,167.3391084420773,167.5826786535553,93000
2021-10-27,166.5452423095703,168.38552898714252,166.5452423095703,168.38552898714252,66700
2021-10-28,167.54656982421875,167.6097232582641,166.54524101871974,166.54524101871974,50900
2021-10-29,167.50144958496094,168.04271356634302,167.14963212653703,167.14963212653703,54400
2021-11-01,167.9434814453125,168.34942254683725,167.33907780261305,168.04271271589985,99000
2021-11-02,168.92678833007812,169.19742035778984,167.60070378271578,167.94350526881172,63600
2021-11-03,170.61367797851562,170.65877183455243,168.94479235775398,169.1342388597792,76500
2021-11-04,170.97454833984375,171.08279564157044,170.13560422162942,170.34308280491098,142100
2021-11-05,171.93978881835938,172.22845286028837,171.39852481298377,171.39852481298377,508300
2021-11-08,170.64979553222656,172.2374822988203,169.9461605293678,171.9848960806103,116500
2021-11-09,170.9655303955078,171.24517843176523,170.0544030665084,170.84825331001295,70000
2021-11-10,171.3804931640625,171.78643431916535,170.88433674564055,171.1188909243036,96400
2021-11-11,171.32635498046875,171.46167786396958,170.89335203607996,171.46167786396958,268800
2021-11-12,171.3173065185547,172.20135804403617,171.2000294613791,171.73226358024664,164200
2021-11-15,172.22842407226562,172.34570113230774,171.4345740010511,171.65108231999503,91300
2021-11-16,171.30831909179688,172.55321811450008,171.30831909179688,172.15629299045466,68300
2021-11-17,170.90240478515625,171.38954524658837,170.54157121476965,171.2903139499943,417200
2021-11-18,170.29794311523438,170.55052928165756,169.4770311919022,170.4964056409831,106900
2021-11-19,169.504150390625,170.5956946517387,169.48611834757202,170.5956946517387,80500
2021-11-22,171.12786865234375,171.99388818570648,169.77472259484247,169.86493783797462,92300
2021-11-23,172.0931854248047,172.24654038499224,170.7129770181979,171.13696404662417,105100
2021-11-24,171.55191040039062,171.8676500874498,170.8302295191968,171.85862030129968,68700
2021-11-26,168.92678833007812,170.85727660587716,168.65617006728314,170.054410308113,92600
2021-11-29,169.5762939453125,170.2709129144247,168.70125821881064,169.5041244893734,78800
2021-11-30,165.10189819335938,168.94482881817154,164.92148143553595,168.94482881817154,175500
2021-12-01,164.0193634033203,167.59166156292986,164.0193634033203,166.19340777577003,248300
2021-12-02,166.01300048828125,166.86999035340392,164.45237568001235,164.45237568001235,98700
2021-12-03,167.63677978515625,167.66384160891593,166.17538624247155,166.8790211900542,85400
2021-12-06,170.5325469970703,171.15499662649398,168.6742278955508,168.69227370413495,377400
2021-12-07,171.08277893066406,171.876629105562,170.82117672207175,171.29928727788575,80100
2021-12-08,170.5595703125,171.6240386890629,169.18837834369907,171.09180450078145,511000
2021-12-09,170.6227264404297,171.17300648486435,169.97321511700136,170.10853800558323,49200
2021-12-10,173.4011993408203,173.5545542788791,171.52483470735083,171.52483470735083,92600
2021-12-13,175.34971618652344,175.8639046029808,173.06741061620815,173.31096703009644,118300
2021-12-14,175.31362915039062,175.46698407736565,174.42957743286337,175.00691929644057,92800
2021-12-15,177.1900177001953,177.39749630427596,175.3497445617787,175.3587605828543,122200
2021-12-16,177.92991638183594,178.72887137024262,176.96754633858038,177.2943903017077,148800
2021-12-17,175.560302734375,178.06611109264335,175.46952120976349,177.59400006300254,360900
2021-12-20,175.5239715576172,175.54213340170352,173.89882592087676,174.22566984729067,174500
2021-12-21,175.71463012695312,175.79635150220565,174.58884510601374,175.6964821355002,185000
2021-12-22,176.6134796142578,176.649803309201,174.85215445213902,175.49676842979002,88400
2021-12-23,177.08560180664062,177.49415335313546,176.8313913397802,177.0583659604364,111700
2021-12-27,178.88319396972656,178.88319396972656,177.14910495948038,177.14910495948038,68400
2021-12-28,179.87283325195312,179.9908644814322,178.6653266727177,178.77428390509482,140300
2021-12-29,180.39942932128906,181.04404335230632,179.891008377438,180.12705700038836,251300
2021-12-30,180.30862426757812,181.3073041760581,180.1815190481923,181.04401974069816,77100
2021-12-31,181.47073364257812,181.70678223546375,180.15426990147043,180.3086248179521,82600
2022-01-03,181.51611328125,181.57967281638196,179.24636737104524,180.62637676341004,243100
2022-01-04,182.4149627685547,183.01417909618752,181.64325736487442,181.64325736487442,141600
2022-01-05,182.09718322753906,183.88573027626336,182.08809537761874,182.35139366357245,170600
2022-01-06,181.6522979736328,182.95967377418864,181.57966444544314,182.00637776516427,159600
2022-01-07,182.11534118652344,182.8144268505866,181.37994568108124,181.61599428362118,189000
2022-01-10,180.74444580078125,182.1153676301466,180.11799358194415,181.92471669172033,392800
2022-01-11,180.78073120117188,180.78073120117188,178.6744140444119,180.68994967010337,146900
2022-01-12,180.59007263183594,180.79888538321393,180.08165174843037,180.62638247203773,268400
2022-01-13,181.0894012451172,181.49795270995398,180.45386135156144,180.74439545757878,145000
2022-01-14,181.36180114746094,181.48890638456743,179.7729787569137,180.6354934230991,118200
2022-01-18,178.846923828125,180.39942244726797,178.18414797338727,180.22691952215627,260500
2022-01-19,179.3553466796875,180.64456085301748,179.02850267423543,179.02850267423543,394800
2022-01-20,177.97532653808594,180.64455011504035,177.8119114717894,179.21914294300026,154400
2022-01-21,177.78466796875,180.15426944855471,177.51229568322523,178.3929582228117,221700
2022-01-24,177.79376220703125,177.91179344333005,173.86256009954874,176.89493771849797,311200
2022-01-25,175.40597534179688,176.54993623916093,173.39043970241624,176.54993623916093,215400
2022-01-26,174.2347869873047,176.48637116255165,172.87293937387275,174.9792564788637,1061400
2022-01-27,174.6978302001953,177.5849546751736,174.22571909449832,175.2970465435686,182900
2022-01-28,176.83139038085938,176.83139038085938,172.37360553052207,174.10769494775522,243000
2022-01-31,177.72113037109375,177.77560206423698,175.7691541484927,176.13230800506864,834400
2022-02-01,177.67572021484375,177.9753283595509,175.89624704761601,177.7755895964128,127800
2022-02-02,179.43704223632812,179.7457243726906,177.92085354526841,177.92085354526841,412800
2022-02-03,179.2645263671875,180.18151256652618,178.42018755166157,178.75610550793368,195700
2022-02-04,177.01295471191406,178.84691338535245,176.05965860746474,178.18413756931383,113400
2022-02-07,177.5123291015625,178.35666810687098,176.72244793949523,177.9662783784206,115300
2022-02-08,178.46559143066406,178.91045277122836,177.2671589179107,177.98439254350347,206100
2022-02-09,178.7651824951172,179.72756639872574,178.48373621856632,179.4188704260745,241900
2022-02-10,176.90399169921875,178.592683114293,176.35017317455922,177.61215127456325,221900
2022-02-11,176.33203125,178.03888470310827,175.914391883637,177.09466259369205,163900
2022-02-14,175.9597930908203,177.0311204455908,173.8897857717649,176.41374230734004,119700
2022-02-15,176.54087829589844,178.1569366800307,175.82364450432954,176.93128189391678,91500
2022-02-16,176.9675750732422,177.31258093851534,175.35151684132862,176.46822812440783,93700
2022-02-17,177.95718383789062,178.4928544930579,176.00520756214172,176.14138679870766,83300
2022-02-18,178.09335327148438,178.8196747613656,177.17636702230513,177.56677053765623,223500
2022-02-22,176.6316375732422,178.24769562687243,175.596633945036,178.02979502230207,278000
2022-02-23,175.11546325683594,177.2762522189191,174.91572448295992,177.04927759891737,160200
2022-02-24,172.58241271972656,172.92741856319284,169.32306061501694,172.60964856490222,306700
2022-02-25,178.0025634765625,178.0388871715831,173.02728397289403,173.02728397289403,509900
2022-02-28,175.9416046142578,176.35016993003333,173.9805548243069,175.73279188522338,153200
2022-03-01,174.9701690673828,176.82227558414345,174.01687304038177,175.55122345042824,163900
2022-03-02,176.85861206054688,177.54860986109583,174.64333773584988,174.9429458719045,169400
2022-03-03,178.03887939453125,179.05572115580154,177.3670296003034,177.7211094174193,357600
2022-03-04,178.09335327148438,178.32032787123288,175.4332037586483,175.92347665202595,188400
2022-03-07,174.55255126953125,177.79375539050162,174.38006220065654,177.49414723914404,214600
2022-03-08,170.14013671875,175.03370802577643,170.09475288626882,174.49805135095434,217900
2022-03-09,171.492919921875,172.82753161355632,170.93910137054175,172.7367362365786,217400
2022-03-10,170.02212524414062,170.89369988869035,168.51501068171308,170.2127761367606,578800
2022-03-11,168.05203247070312,171.50203598726233,167.943075220917,171.09348439750485,215600
2022-03-14,168.83279418945312,170.40345455765612,167.9702796183821,168.95989941254302,127600
2022-03-15,172.1829071044922,172.51883889592293,169.88592551308795,170.112900088155,124000
2022-03-16,172.83660888671875,173.48122282725106,170.51239126769084,172.93647826191588,108300
2022-03-17,174.20755004882812,174.48899633728698,172.59149199931642,172.74583306545742,101500
2022-03-18,174.78860473632812,174.8884741149735,173.21793052186644,174.3709653746938,111000
2022-03-21,174.83399963378906,176.4954414966782,173.9987209238663,175.01557654112574,265300
2022-03-22,176.15951538085938,176.40465181381674,174.83399155049895,175.76003789113014,127800
2022-03-23,174.40728759765625,176.46820698428894,174.40728759765625,176.15045085741053,192300
2022-03-24,175.7005615234375,175.75524356930174,174.61598792403257,175.23575022666222,122900
2022-03-25,177.05856323242188,177.3319873748082,175.9010755769133,176.1289267110803,112300
2022-03-28,177.778564453125,177.778564453125,176.22007050297728,177.11324304369646,84300
2022-03-29,179.59228515625,179.76545426109112,177.98820410671615,179.18215585406,448200
2022-03-30,179.59228515625,179.59228515625,178.37100628948656,178.92696367016708,132300
2022-03-31,178.5532989501953,180.23028026837898,178.5532989501953,179.4647036544602,102200
2022-04-01,181.23280334472656,181.27836244744051,178.99985103454193,179.57404036081,187300
2022-04-04,180.66770935058594,181.1780936432442,178.72642723079133,180.91379245844936,100100
2022-04-05,180.5492706298828,182.38118900947975,180.06622726749757,180.06622726749757,109900
2022-04-06,182.48143005371094,182.70928120362248,179.67430221796906,180.18468656866204,140400
2022-04-07,184.39535522460938,184.88750750916225,182.5543143394202,182.75482443121942,213200
2022-04-08,185.34324645996094,185.94477685455018,184.47741484122668,184.94222619690143,173800
2022-04-11,184.49562072753906,186.2364067967118,184.28600157004118,185.50728035814902,229500
2022-04-12,184.55943298339844,185.9812219457172,183.90322055356967,184.92398926355634,355900
2022-04-13,186.0541229248047,186.09057298748994,184.55942002997492,184.55942002997492,248300
2022-04-14,185.78982543945312,187.11135927234815,185.74425242998848,186.1543817013104,171700
2022-04-18,184.27688598632812,186.04501301729653,183.72092866119817,185.5072737699593,159900
2022-04-19,187.19334411621094,187.43030424733266,184.3953399151993,184.3953399151993,127900
2022-04-20,189.85464477539062,190.28300594790466,187.95892199014133,187.95892199014133,229800
2022-04-21,189.49009704589844,191.5134159788186,189.30781894256637,190.54732951492352,178800
2022-04-22,186.2910919189453,189.97317423630838,186.21819179012357,189.80911417913362,250700
2022-04-25,187.06578063964844,187.5214829067365,183.6753546599589,186.37311820016922,235000
2022-04-26,184.02171325683594,187.56707673198648,183.99437223033058,186.68301312316336,275600
2022-04-27,184.62318420410156,186.67384397326651,183.92139896693675,184.54114724407074,390100
2022-04-28,187.28453063964844,187.50325883664834,184.35891584240355,185.35234348892513,199000
2022-04-29,182.38119506835938,186.78328143807252,182.1989169097507,186.61011231996807,230300
2022-05-02,180.34873962402344,183.83942077393286,177.64186695564632,183.25612240909,492000
2022-05-03,180.15731811523438,181.65202087481634,178.95427145846276,180.27580514536712,279800
2022-05-04,183.85760498046875,183.9487509828741,179.51932506036675,180.15730535642186,306100
2022-05-05,179.8565673828125,183.11028824417343,178.5806065981197,182.67280405491059,237700
2022-05-06,179.7654266357422,180.90468224837937,178.22515082234807,179.41908847928323,194700
2022-05-09,179.56494140625,181.15077653825475,177.74213217355984,178.54415877923057,222900
2022-05-10,178.26161193847656,180.9320344917176,177.3502073918426,180.6130373376238,2148300
2022-05-11,177.32284545898438,180.6039070027524,177.16790837315756,178.36184596335625,391300
2022-05-12,177.6782989501953,178.57147143838893,175.60940690580293,177.35931572930474,591700
2022-05-13,180.32139587402344,180.52190598768206,177.69654631844122,178.38920877030662,145500
2022-05-16,180.84088134765625,181.69760381283902,179.54668861126947,180.32138800815068,144400
2022-05-17,179.41001892089844,180.28495963605846,177.86061982121618,180.27585059564728,199500
2022-05-18,168.16326904296875,177.523398808071,167.6620076048198,177.41403469893763,467700
2022-05-19,165.4654998779297,167.23362694119487,164.3718171924148,167.17893098602875,820300
2022-05-20,165.53839111328125,166.4680136191299,162.93177388654019,166.4680136191299,580600
2022-05-23,168.91969299316406,169.5303322898105,166.7870099737849,166.96017903984978,169600
2022-05-24,171.22555541992188,171.48987050733004,168.25438181792813,168.25438181792813,166600
2022-05-25,171.59014892578125,172.1187652656623,170.0681049038328,170.99772758820546,131400
2022-05-26,173.65902709960938,174.52487259881673,172.5015532657027,172.57446730284283,98300
2022-05-27,175.75526428222656,175.800837294794,173.72283586548295,174.07828311241954,136800
2022-05-31,174.61599731445312,175.76437596707615,173.02103932530335,175.0261265874199,161300
2022-06-01,172.31924438476562,175.0169937430219,171.09795186420894,174.88939767752234,303900
2022-06-02,174.8347625732422,174.88944462928967,170.15925208413736,172.65650593011614,136100
2022-06-03,173.11219787597656,174.75272899352976,172.6929456265731,173.76841032299785,107400
2022-06-06,173.30360412597656,174.66160218236047,172.82968367860434,174.28792290479453,91400
2022-06-07,174.1056365966797,174.25146468455785,171.31674047393633,171.31674047393633,107000
2022-06-08,172.027587890625,173.5678636179065,171.88175984269736,173.22152548081039,121500
2022-06-09,169.32073974609375,173.1942091650261,169.25694865785616,171.79976128676486,101800
2022-06-10,168.5095977783203,169.73087661799676,166.51361945740973,167.39768304162064,145000
2022-06-13,164.5996551513672,166.67765625953268,164.05280689893257,165.6659967273788,257300
2022-06-14,162.9682159423828,165.337872907399,161.81072847888493,164.85482969564933,276700
2022-06-15,163.42396545410156,165.31968879363077,161.65583820920745,164.0710688742067,261800
2022-06-16,161.9201202392578,163.15050792018886,160.12465233453793,161.2912489346598,197000
2022-06-17,161.37326049804688,163.09581425413148,160.76262122016794,162.22998285734573,242800
2022-06-21,165.57485961914062,166.01232990045344,162.57634482864248,163.09583818015216,187700
2022-06-22,165.33790588378906,166.30399249997288,164.16218620414648,164.76371655619943,392100
2022-06-23,168.48406982421875,168.6033378104303,166.08015979106312,166.10768424943757,153800
2022-06-24,171.85134887695312,171.89722763697733,169.41991459798962,169.66764870193478,159800
2022-06-27,171.71371459960938,172.31928063843506,171.11733271303478,172.08990083587068,120000
2022-06-28,169.41993713378906,173.24600502507678,169.22726591638346,172.31013139697689,312000
2022-06-29,170.08970642089844,170.7778457911413,169.5300191730917,169.76856911469258,536800
2022-06-30,170.0530242919922,170.79621268753354,168.1812910736004,169.1446891419899,142500
2022-07-01,172.45693969726562,172.60373215011796,169.86952846249704,170.0071507621192,182500
2022-07-05,171.65867614746094,171.8788858114253,168.93364280692103,171.2916740410866,125700
2022-07-06,171.94308471679688,173.02576460403523,171.45680068277082,172.24586771915426,164300
2022-07-07,172.30096435546875,172.49364959224442,171.2182981685665,172.19086650601704,116300
2022-07-08,171.85134887695312,173.09917554835906,171.3742349731189,172.1357775887785,117300
2022-07-11,171.4568328857422,172.44775544314535,170.97973291384113,171.62199364542636,82000
2022-07-12,171.0255584716797,173.13585524900628,170.44753094588583,171.4017446711633,688400
2022-07-13,171.19073486328125,172.5761838220546,169.61260071145222,169.91538372897858,801900
2022-07-14,171.21826171875,171.40176276218327,168.91529352316326,169.1263190230999,240400
2022-07-15,172.0256805419922,172.73216024867497,171.30083253093846,172.38351247142631,99900
2022-07-18,170.4567413330078,172.72301521575113,170.2548859588193,172.45694076808482,148700
2022-07-19,172.39271545410156,172.5854006836761,171.64952699760693,171.99818884148723,119000
2022-07-20,171.49356079101562,172.4661291511428,170.6677849001683,172.4569589968864,96900
2022-07-21,172.00735473632812,172.36518672504846,170.73200339189054,171.2458119910547,348300
2022-07-22,172.90652465820312,173.4111631181176,171.94312650749998,172.4202405059859,129300
2022-07-25,173.80567932128906,174.1635252988949,172.90651430126812,173.07167506018112,85900
2022-07-26,173.02581787109375,173.17262434171647,171.33758545963923,171.9982005772059,89000
2022-07-27,174.29197692871094,174.71402797757537,171.39261250512143,172.75053718443235,105200
2022-07-28,176.89773559570312,177.2463834327136,174.05341997659207,174.36537319926674,130000
2022-07-29,175.8792724609375,176.06277351630422,174.73237336460423,175.08103516996414,147400
2022-08-01,177.94371032714844,178.52175201509647,175.5673384992826,175.5673384992826,255700
2022-08-02,176.69589233398438,178.15474485792305,176.45734232385604,177.85196176800903,95800
2022-08-03,177.81524658203125,178.20977316855607,176.18206331643626,176.81515388572842,173300
2022-08-04,176.57655334472656,177.8243799185414,176.0810991758171,177.65923319564854,79500
2022-08-05,176.3563995361328,176.4481430705306,174.75991083508242,175.7783578684667,84900
2022-08-08,176.4664764404297,177.83358514293212,176.0902901933996,176.90688175389545,80600
2022-08-09,175.95266723632812,176.79678325067871,175.6315299046781,176.51235452847968,97700
2022-08-10,177.2463836669922,177.78773073086012,176.6867102962837,177.4023742787701,95600
2022-08-11,176.9069061279297,178.7878236219983,176.74175936271348,177.87947441260587,85100
2022-08-12,178.54925537109375,178.63182874525873,176.96193695534618,177.63173610197248,104400
2022-08-15,180.32920837402344,180.49436910187006,178.3014988837346,178.31985318688007,84900
2022-08-16,182.467041015625,183.15518042389058,180.79716333168793,180.79716333168793,230400
2022-08-17,181.9807891845703,182.60470963868818,181.6504816500925,181.6504816500925,137100
2022-08-18,182.60472106933594,182.83410092707544,181.50370055223337,182.026679347757,126600
2022-08-19,181.87069702148438,182.70564303753076,181.52203516857818,181.90739163746844,82400
2022-08-22,179.89801025390625,181.1366528700903,179.55851860334792,180.93479751037444,68800
2022-08-23,179.1181182861328,179.52182901686317,178.45750327225284,179.52182901686317,81900
2022-08-24,179.6227264404297,179.94384974015378,178.9804658407504,179.18230717188015,89700
2022-08-25,180.5769805908203,180.6045050512341,179.18234726217335,179.6411069360488,71900
2022-08-26,176.2371368408203,180.8614286878511,176.0995005237999,180.58618405428163,75700
2022-08-29,175.8976287841797,176.95277036481608,174.78742428609192,175.154426401035,90100
2022-08-30,174.0717315673828,176.3838837097085,173.79647302659126,176.3838837097085,96400
2022-08-31,173.13587951660156,174.80577127018597,173.09918490673752,174.54886700043954,87400
2022-09-01,174.06259155273438,174.09928616441866,171.81465808059602,172.44774863395853,97000
2022-09-02,171.7504119873047,175.62234392164805,171.00722371558737,174.98008331647452,114600
2022-09-06,170.5209503173828,172.77803972774808,170.28238636327953,171.88804497643667,121800
2022-09-07,173.64051818847656,173.73227571363623,170.80538706397553,170.80538706397553,200200
2022-09-08,173.2184600830078,173.7506229496506,171.40177581428475,172.82393350959504,97000
2022-09-09,175.11773681640625,176.11782950853225,173.23681942280606,173.72310353916947,64900
2022-09-12,175.84255981445312,176.26462483232072,175.16360452515383,175.51225232227978,82600
2022-09-13,169.8878631591797,174.20020071912393,169.6217747436459,173.9891752173171,160000
2022-09-14,169.77777099609375,170.5484978749832,168.8235570511251,170.4475701884759,113400
2022-09-15,168.3739776611328,169.86953874195441,167.88769350606225,169.77778120316438,98200
2022-09-16,168.54830932617188,168.69511578878783,167.58491116557767,167.8326453212127,160600
2022-09-19,169.75946044921875,169.75946044921875,167.72256605552823,167.87854268924949,95000
2022-09-20,168.66758728027344,169.04377358161295,167.410590224841,168.73180635598032,141600
2022-09-21,168.1078643798828,171.1448506093914,168.06198562108204,169.7594016950899,100400
2022-09-22,167.62158203125,168.66755334141416,167.364677779647,168.1720851417286,160200
2022-09-23,164.6121826171875,166.63072278779774,162.80466801889784,166.63072278779774,675100
2022-09-26,164.78646850585938,165.85078023188868,163.70378847390737,164.1350236560959,376700
2022-09-27,161.85040283203125,166.22697391888374,161.575158235565,165.52048012074155,945100
2022-09-28,163.93666076660156,164.79555547674718,161.2861203435943,162.5698331792555,471500
2022-09-29,161.2491455078125,163.6503269934061,160.30713627757726,163.40096870763395,267200
2022-09-30,158.65403747558594,161.84947409181157,158.561692450576,161.56318055784214,209700
2022-10-03,161.4616241455078,161.7940973059034,159.0419669788667,159.900847756207,206600
2022-10-04,164.18603515625,164.82327649881108,162.6529638237153,162.8192074353516,239700
2022-10-05,163.160888671875,163.96435942487042,161.54470279914557,163.26247806184173,156800
2022-10-06,160.85206604003906,163.3548517292545,160.41800352533372,162.82843009107083,384500
2022-10-07,158.44161987304688,160.46416323560334,157.81362300556154,160.2702147371023,216800
2022-10-10,159.09735107421875,159.669938166441,157.76745864787506,158.68176321399218,136300
2022-10-11,160.5472869873047,161.94183356060435,158.8572166044995,158.97728063849823,274300
2022-10-12,161.2491455078125,162.79144658644128,161.21219623257687,161.7293733497195,174800
2022-10-13,163.98284912109375,164.61086016000465,159.0327016584807,159.42058461250343,341500
2022-10-14,160.88900756835938,165.06337481824977,160.61194430330784,164.92485023173555,314900
2022-10-17,162.8007354736328,163.474912023207,162.30203281455627,162.4774926130293,119200
2022-10-18,164.86019897460938,165.92227249427296,163.9274338606994,164.95255809528388,102400
2022-10-19,163.97361755371094,165.70062323606862,163.29019668275575,164.90638269112964,90300
2022-10-20,161.78485107421875,164.37999620599368,161.61862154194782,164.14911246093376,182400
2022-10-21,164.4169158935547,164.81404322544583,161.19377404346145,161.69249077727602,138100
2022-10-24,167.132080078125,167.51073269693347,165.1003065043556,165.40507465422422,120700
2022-10-25,169.66258239746094,169.77340206276543,166.82732382922555,167.538449562982,91200
2022-10-26,170.78004455566406,171.9529376358306,169.5609860115403,169.94886891612614,102100
2022-10-27,170.9093475341797,172.09147094874913,170.72464339290747,171.21411570868906,120900
2022-10-28,174.73277282714844,174.825131939457,171.1217485530224,171.1217485530224,140800
2022-10-31,173.58761596679688,174.7050852396457,173.36596253048526,174.0955488588063,172900
2022-11-01,173.03347778320312,174.77895796218286,172.59941530713738,174.1324864314538,213100
2022-11-02,170.15206909179688,174.5019104269675,170.115119805557,172.922673694793,119900
2022-11-03,169.68106079101562,170.49377600077557,168.52664218261756,168.9052948682579,131900
2022-11-04,171.8236541748047,172.71023970064434,169.52404742536666,171.6297056642644,91500
2022-11-07,173.47677612304688,173.7630696607348,172.0175894255193,172.1007182687375,163500
2022-11-08,173.91082763671875,175.09295099696277,172.2392319831872,173.98471210823675,136000
2022-11-09,171.5743408203125,174.3080107745189,171.50045632511487,173.35677079839246,84900
2022-11-10,175.998046875,176.3028009810064,173.25514718475222,175.29615135516428,195800
2022-11-11,175.56398010253906,176.29356643139081,173.08889938400748,176.05345244422946,122400
2022-11-14,174.21560668945312,177.0046857725418,174.1140172962671,174.98214227585265,137200
2022-11-15,176.0349578857422,177.00467218406976,174.88976973156215,176.6260195574431,221200
2022-11-16,176.8384552001953,177.6696450489305,176.20121387710552,176.20121387710552,181700
2022-11-17,176.7091522216797,176.71839658893893,175.3977344449826,176.1642700502677,276300
2022-11-18,178.4269256591797,178.83328323755833,177.29098176836524,178.23299123715003,86200
2022-11-21,180.0985107421875,180.3016895193076,178.37150522868893,178.59315864700784,137300
2022-11-22,181.29913330078125,181.40072270309042,180.5325976455436,181.09595449616288,109100
2022-11-23,181.7608642578125,182.14874714547665,181.2990969022093,181.42839119809733,199300
2022-11-25,182.1487579345703,182.1487579345703,181.65928563600005,181.68699055161557,55300
2022-11-28,181.4561004638672,182.36117464881093,181.15133231081737,181.43763991545572,225300
2022-11-29,180.83734130859375,181.26217350386995,180.0246262004248,181.22522422148649,330700
2022-11-30,184.32830810546875,184.32830810546875,179.74758337022527,180.41252955631268,282300
2022-12-01,183.30319213867188,184.20826643326987,182.69366985074726,184.20826643326987,121000
2022-12-02,184.19900512695312,184.47606837345285,181.93634778257928,182.13952655721093,80600
2022-12-05,181.95486450195312,182.96151424140925,181.50232729161695,182.96151424140925,109400
2022-12-06,180.77272033691406,182.48125138940392,179.82148054917585,182.12107335416349,152500
2022-12-07,181.1790771484375,181.64084461686602,180.67114420678598,180.75425896901717,101800
2022-12-08,181.9640350341797,182.0656244116339,180.98509053799586,181.10515455462922,57900
2022-12-09,180.5972442626953,181.79784239625002,180.56953934432298,181.40071507954045,66900
2022-12-12,182.25038146972656,182.30579131133942,180.40331159183245,180.94819382372526,94200
2022-12-13,181.9178924560547,184.43915276566315,181.14212655710915,184.43915276566315,106800
2022-12-14,181.9456024169922,183.62644266998163,180.8188887311919,182.23191006832175,117200
2022-12-15,178.87733459472656,180.64498340315828,177.58415635379686,180.49612488145686,130000
2022-12-16,177.91908264160156,178.3656440150726,176.48634419931722,177.8167441814384,207100
2022-12-19,177.73300170898438,179.27737693973884,176.7003187770859,178.03071875411152,108200
2022-12-20,177.7423095703125,178.28191105348412,176.66310660396928,177.52833432220416,150100
2022-12-21,179.55650329589844,180.14262492189405,178.48661271110902,178.48661271110902,156300
2022-12-22,178.89593505859375,179.04479358345347,176.92360928995865,178.76568739832408,106200
2022-12-23,179.81695556640625,179.92859234616498,178.46795909258478,178.7842727658533,111200
2022-12-27,180.55198669433594,180.9520280657294,179.77979895846133,180.26356793838843,268100
2022-12-28,178.24468994140625,181.27762193674377,178.24468994140625,180.87756644097217,96200
2022-12-29,179.13783264160156,179.72394001135277,178.81220639490516,178.99827245190446,107900
2022-12-30,178.22607421875,178.79357064503523,176.9980128608082,178.6912463944683,100100
2023-01-03,177.67715454101562,178.51447294790253,175.94671353522938,178.51447294790253,151200
2023-01-04,178.37493896484375,179.3611018190157,177.19341172420445,178.19817124646767,114600
2023-01-05,176.72821044921875,178.04929765899593,176.35606420960917,177.9469592175942,135000
2023-01-06,181.43577575683594,182.00328643023667,178.57031319244612,178.57031319244612,132900
2023-01-09,179.5099334716797,182.48703245262772,179.5099334716797,181.35201124802757,222300
2023-01-10,179.63092041015625,180.1426127318815,179.03550048922068,179.83559733884636,101500
2023-01-11,179.8634796142578,180.68218720646334,178.5609889724828,180.2449242148016,232100
2023-01-12,178.83079528808594,180.32865028618727,178.45866321980785,180.1984026426971,136300
2023-01-13,179.65882873535156,179.7797780642426,178.17958437278065,178.17958437278065,161100
2023-01-17,179.81695556640625,181.2869013489185,179.69600625771545,179.80765723340244,106900
2023-01-18,175.03501892089844,179.8169892267303,174.96058965515064,179.8169892267303,255100
2023-01-19,173.55577087402344,175.06292443487126,173.50925080941926,174.54193378153772,333600
2023-01-20,174.87684631347656,174.95127557252476,172.6533236596563,173.81625421491648,92300
2023-01-23,175.50949096679688,176.45844636799242,174.88616183144157,175.12806049609927,167300
2023-01-24,176.17001342773438,176.76543326669028,174.625638340592,175.40712421748498,101300
2023-01-25,176.7654266357422,176.7654266357422,174.49538414865046,175.13732402199193,115200
2023-01-26,176.26304626464844,176.76542596592213,175.66762645028456,176.76542596592213,133000
2023-01-27,175.76995849609375,176.6351861592366,174.99778514609636,176.04906465181497,88100
2023-01-30,175.9374542236328,177.09108654866313,175.4815802944665,175.4815802944665,140500
2023-01-31,177.93768310546875,177.96559230466036,175.90024058482888,176.3374894374743,130300
2023-02-01,179.4261932373047,180.27280991472642,177.14685265618414,177.76088327030936,157500
2023-02-02,178.18887329101562,179.28668713571696,177.5004132800697,178.66334385508856,153100
2023-02-03,177.64927673339844,178.41216602583992,176.263072534881,178.35634762803792,161300
2023-02-06,177.3980712890625,177.66787912681488,176.81196394415662,177.04455005452883,77600
2023-02-07,176.8119659423828,177.063162919284,175.00709543414794,176.4305213100384,117100
2023-02-08,175.332763671875,176.04911885045166,175.22111265765628,175.91887116380744,133200
2023-02-09,174.5047149658203,176.89569281585062,174.36515478103018,176.42122225779542,120700
2023-02-10,176.17001342773438,176.2072209569503,174.29071379393375,174.60702747801966,143500
2023-02-13,178.30982971191406,178.30982971191406,176.5886867139966,176.5886867139966,67800
2023-02-14,176.74684143066406,178.254009150835,176.11421399439078,177.89117536922407,76700
2023-02-15,177.36085510253906,177.41667349495577,175.74205074281008,176.46771823608506,83400
2023-02-16,176.0583953857422,177.10037666585276,175.23038936224071,175.92814772572837,104700
2023-02-17,178.18887329101562,178.22609501913695,175.90953220316462,175.90953220316462,64900
2023-02-21,177.29576110839844,178.16097469364723,176.57939185670176,177.202720978489,127000
2023-02-22,177.0166473388672,178.57961924375454,176.65381356123763,177.3980777849382,110000
2023-02-23,176.8119659423828,177.64927027081373,175.70485377315032,177.31434570025542,72000
2023-02-24,175.78857421875,175.93743273204063,174.73729468396667,175.68623576535384,102400
2023-02-27,175.45367431640625,176.99804966797024,175.1187497124036,176.5793974619497,105600
2023-02-28,173.9744110107422,175.03500310895978,173.9744110107422,174.95127551603122,116500
2023-03-01,173.0440673828125,173.76043658285974,171.58341978494357,173.76043658285974,84300
2023-03-02,175.2303924560547,175.49088778068156,172.7277634768111,172.7277634768111,80500
2023-03-03,175.4815673828125,175.6583351014407,173.97441390133804,175.23968293391223,71000
2023-03-06,175.5559844970703,175.97463663563394,175.08151396615537,175.32339839832062,72500
2023-03-07,173.9464874267578,176.1328023674924,173.6022645536786,175.69553937934546,81800
2023-03-08,174.0581512451172,174.11396964445686,172.94174067053152,173.7325391836588,70300
2023-03-09,172.2997589111328,174.83959483680434,171.97414692862105,174.61632129357963,71800
2023-03-10,171.24851989746094,172.89521945070314,170.59726738703372,172.44865806303835,123200
2023-03-13,171.72296142578125,174.12325154669136,170.71818782661458,170.80191541089644,501900
2023-03-14,173.5464324951172,173.65808347272383,172.01136996332892,172.69051737841838,70100
2023-03-15,174.4116668701172,174.4209652036396,171.97416906991032,172.08580585589567,83400
2023-03-16,174.53260803222656,174.67215400818932,173.44409263600355,174.1418509076741,82800
2023-03-17,173.13710021972656,174.40236918399705,172.41143271627,174.40236918399705,106500
2023-03-20,175.51878356933594,175.68623875268838,173.94649921130053,173.94649921130053,177100
2023-03-21,175.58389282226562,176.0211558214203,174.42096233428595,176.00254495875257,65400
2023-03-22,173.98373413085938,176.76546952497196,173.98373413085938,175.72348814204918,125400
2023-03-23,173.5464324951172,175.2861861198629,173.0440527816371,174.69076629103202,83200
2023-03-24,176.60433959960938,176.7164825762151,173.7445796137865,173.7445796137865,92800
2023-03-27,177.70712280273438,178.3239377151586,177.2772318712612,177.2772318712612,135300
2023-03-28,178.02488708496094,178.8566474727968,177.7071248698265,177.77255111597992,144000
2023-03-29,179.03421020507812,179.17438892703856,178.6323407682961,179.07158644416847,139500
2023-03-30,179.55755615234375,179.9500708189117,178.94074127903835,179.52016565440584,79800
2023-03-31,180.8566131591797,180.99679188754783,180.20242199296516,180.23979823376402,74600
2023-04-03,181.97805786132812,182.28646527674277,180.52014226867394,180.92199740190486,126500
2023-04-04,181.13699340820312,182.4079852994022,180.8098906795396,182.02482533704887,101300
2023-04-05,181.98741149902344,182.6789931102325,181.59489683113617,181.59489683113617,140700
2023-04-06,182.2117156982422,182.52012314268782,181.22108138230618,181.81920102175604,65500
2023-04-10,182.10891723632812,182.10891723632812,180.58557522991768,181.62294056220563,57800
2023-04-11,182.70704650878906,183.09022071933532,182.33322705381104,182.43602954297472,112600
2023-04-12,181.99679565429688,183.2678018481452,181.86595741053156,182.70705836898014,68000
2023-04-13,182.940673828125,183.1182430473324,181.454722352069,182.12760872996174,72600
2023-04-14,182.08087158203125,183.24907507912354,181.66032117513734,182.7630984314501,114300
2023-04-17,183.1556396484375,183.1556396484375,182.1930409681033,182.3238792083342,72700
2023-04-18,183.67897033691406,183.79112757229683,182.57619305444484,183.19300793801082,56400
2023-04-19,183.6416015625,184.10888299141223,183.08085814368633,183.74440404727258,138900
2023-04-20,184.18365478515625,184.50140274306395,183.07152267218137,183.07152267218137,70800
2023-04-21,185.36119079589844,186.1929511554772,184.91260462429233,185.29577881226498,97100
2023-04-24,185.87522888183594,186.02476237978848,185.27710915032503,185.31448539466356,86700
2023-04-25,185.6696014404297,186.94060749876763,185.49203221561595,185.65090619037102,92400
2023-04-26,184.4359893798828,185.3892332464906,184.25842015170164,184.80980882636064,73400
2023-04-27,186.35183715820312,186.49203014983513,184.5014066031057,184.5014066031057,53400
2023-04-28,187.39854431152344,187.52002778348913,186.5854649452753,186.5854649452753,60800
2023-05-01,187.66021728515625,188.45458712672774,187.1555453761137,187.1555453761137,134900
2023-05-02,187.0807647705078,187.65084861939613,185.2116392673062,187.53870565249872,87700
2023-05-03,185.73501586914062,187.3518055190688,185.70698012598498,186.4639737117809,97600
2023-05-04,185.3705596923828,186.01539612437952,184.7817804932789,185.94064364032354,76500
2023-05-05,187.0060577392578,187.15557697802012,185.72569676145395,185.72569676145395,137400
2023-05-08,186.39854431152344,186.68825649275246,185.87519143442628,186.4733110454368,424900
2023-05-09,185.6322021484375,186.38919568838796,185.40790195647983,186.3144289577354,77900
2023-05-10,185.58551025390625,186.68828767767243,184.42664707511403,186.13689896578936,68700
2023-05-11,185.9967041015625,186.10884708129333,184.65093130360248,185.62287040196387,72700
2023-05-12,186.57615661621094,186.62288761823748,185.7070198717761,186.2490538623249,75300
2023-05-15,186.09014892578125,186.92190928649268,185.31446005405977,186.92190928649268,84900
2023-05-16,184.39857482910156,185.62284975598436,184.37987958112666,185.62284975598436,71900
2023-05-17,184.3518829345703,184.85655491484684,183.1182672522368,184.8285191670869,85900
2023-05-18,183.80047607421875,183.9126190541902,182.65096774861877,183.84720706930605,135600
2023-05-19,183.88461303710938,184.32385879340544,183.08088827668465,184.00611079191887,82700
2023-05-22,181.37062072753906,183.86590184758347,181.2117324925905,183.56683488803031,149200
2023-05-23,180.26783752441406,181.00613594216816,180.0155015480913,180.95941920532536,97800
2023-05-24,179.16502380371094,180.15565799684816,179.00613559360073,180.15565799684816,68900
2023-05-25,178.2865753173828,178.89403552174434,177.34265762530575,178.44544930528815,169800
2023-05-26,178.6510772705078,179.01555629206447,177.66044271244613,178.39874125241457,120300
2023-05-30,176.9501190185547,178.27719649748627,176.49219236825596,178.14635827450138,165400
2023-05-31,177.193115234375,177.97814457564542,176.34265965118365,177.06227701082994,96600
2023-06-01,177.5108642578125,177.6977739696956,176.66040866940298,177.34263553490987,152800
2023-06-02,180.18373107910156,180.19307157445164,177.83796905909847,177.83796905909847,174600
2023-06-05,179.43606567382812,180.8939814257804,179.0996224802778,179.83792085096744,84300
2023-06-06,178.8566436767578,179.5856015625225,177.81927833773926,179.51083482291875,114200
2023-06-07,178.33328247070312,178.8472806086043,177.32395292341354,177.80991531780361,81000
2023-06-08,179.58560180664062,179.62297804634457,178.1557217779818,178.4267387316535,84500
2023-06-09,179.33326721191406,179.80988913834025,178.8379500353444,179.10896699108537,94800
2023-06-12,179.38934326171875,179.44541475327674,178.48281612073671,179.39869801717705,211200
2023-06-13,180.09962463378906,180.38933685419815,179.07159972882295,179.2865452052074,133400
2023-06-14,180.99681091308594,181.66035690447248,180.45476267258834,180.7164391665804,189300
2023-06-15,182.70704650878906,183.00611348100998,181.3052021621743,181.49211188966333,256300
2023-06-16,182.7724609375,183.63225703658878,182.6322679557253,183.1836566072664,102700
2023-06-20,181.1930389404297,182.9406668007228,181.1930389404297,182.57618788172326,100800
2023-06-21,181.8566131591797,182.3612851716401,180.4641233973053,181.21176239898017,246800
2023-06-22,182.97804260253906,183.1556118145029,182.2864752636861,182.31451100659655,278200
2023-06-23,181.8472137451172,183.09018386012002,181.75375177003914,183.09018386012002,90900
2023-06-26,181.90330505371094,181.99676703897646,180.65099430881511,181.64162860732367,81900
2023-06-27,182.47340393066406,182.63227791043067,181.49211004594275,181.49211004594275,104800
2023-06-28,181.4640655517578,181.8285444901916,180.5762337027829,181.8285444901916,92400
2023-06-29,181.43675231933594,181.75679294889414,180.28835771850584,180.8813851627747,94600
2023-06-30,183.03700256347656,183.38529565269764,181.86036971803998,181.86036971803998,89800
2023-07-03,184.383056640625,184.383056640625,182.53809023297563,182.88636891864317,63800
2023-07-05,184.2042236328125,184.30776789555537,183.47941379361242,183.96889706868723,127500
2023-07-06,183.4700164794922,183.61120668083,182.5663561013467,183.14997578099678,140900
2023-07-07,181.22967529296875,183.0087433751461,181.22026740204228,183.0087433751461,121700
2023-07-10,181.33322143554688,182.98050724595817,181.1543709637343,181.50266401633493,89200
2023-07-11,181.68153381347656,181.99216663319382,180.72141167601782,181.56858164746848,100700
2023-07-12,182.10513305664062,182.5757862323277,181.8039081298673,182.1710170323754,190800
2023-07-13,182.79225158691406,183.1405302814739,181.77563917672552,182.613401112456,106200
2023-07-14,183.3946990966797,183.58295747474475,182.25571221011657,182.8110938157199,753800
2023-07-17,182.98992919921875,183.54531080257738,182.2933717668739,182.80167082191457,902400
2023-07-18,182.7734375,184.34541725400538,182.3780905885011,182.90521980383298,102500
2023-07-19,184.39248657226562,184.6372210342595,183.2346838698262,183.30999009579216,170000
2023-07-20,185.8608856201172,186.08680425370855,184.38304251954824,184.61836904334257,119800
2023-07-21,186.4445037841797,187.037516852776,186.16210908508137,186.26565332931105,81300
2023-07-24,187.159912109375,187.48936065906503,186.43510231894868,186.557476720281,84900
2023-07-25,187.329345703125,187.33876795777013,186.38803948296584,187.15991747782903,81800
2023-07-26,187.7906036376953,188.14830462179873,186.82105931433566,186.88694328534766,57700
2023-07-27,186.02090454101562,188.35535398108794,186.02090454101562,187.94117700419798,79100
2023-07-28,187.9129638671875,188.58128323492195,187.4893645808513,187.4893645808513,62200
2023-07-31,187.13168334960938,188.20477188848076,186.5386558222985,187.96002307368283,230400
2023-08-01,186.30332946777344,187.59291442153216,186.0962409457284,186.97166321859038,69100
2023-08-02,186.68927001953125,187.94120905382695,185.5220451004481,185.56911328551962,99600
2023-08-03,186.55746459960938,187.1975458750388,186.4727504948952,186.82102916751464,69200
2023-08-04,184.76901245117188,187.21641464458537,184.72195862541733,186.6798775075092,66400
2023-08-07,186.38803100585938,186.557473586642,184.95725595778947,184.95725595778947,91400
2023-08-08,185.04197692871094,186.2750857686544,184.47718745608066,186.0774051442759,68200
2023-08-09,185.20199584960938,186.18094798308834,184.94783915254362,185.30554010669596,89600
2023-08-10,184.92901611328125,186.85868226742167,184.65602928113196,185.96444428032376,86500
2023-08-11,185.35260009765625,185.67264074607272,184.7407424734801,184.9290151967295,100800
2023-08-14,184.55250549316406,185.91739671568672,184.11951265119106,185.45616583459346,149100
2023-08-15,182.58517456054688,184.23246049893996,182.49103819021843,183.9594736429036,200500
2023-08-16,182.01097106933594,183.70532513607185,181.91683470216444,183.11229762191604,120000
2023-08-17,180.24130249023438,182.54749974791878,179.96833001910284,182.36866363962838,129800
2023-08-18,180.9849395751953,181.26733429609948,179.69534036781118,179.8271226558075,129700
2023-08-21,179.81773376464844,180.91906036566883,179.13999210814455,180.71197183933745,165600
2023-08-22,178.91409301757812,179.57300454640335,178.79171860394126,179.57300454640335,117500
2023-08-23,180.14720153808594,180.14720153808594,179.3376775579254,179.4412218238713,240500
2023-08-24,178.65989685058594,181.09787615053753,178.65989685058594,179.7235629539801,144300
2023-08-25,179.88363647460938,180.27898338999165,178.66934332582647,179.3376771067403,86000
2023-08-28,180.68373107910156,180.96612582559032,180.1283638410295,180.4389966258478,89200
2023-08-29,181.52146911621094,181.60618322002352,179.9965577948183,180.70253738630623,113600
2023-08-30,181.86033630371094,182.25568314355482,181.42734353953531,181.6438399216231,104400
2023-08-31,181.16380310058594,181.9733270318188,181.16380310058594,181.59679592241213,68700
2023-09-01,179.64830017089844,181.90742938303006,179.22470087582968,181.77564708504227,67800
2023-09-05,177.9445343017578,179.7424327583784,177.9445343017578,179.48827603901256,99900
2023-09-06,177.5303497314453,178.21749921510622,177.23853275313093,177.89745856388797,101200
2023-09-07,178.19866943359375,178.77286677404157,177.44562162204363,177.94451274501722,116400
2023-09-08,178.40577697753906,178.4528451638819,177.85981761498874,178.2175185953616,131000
2023-09-11,179.85537719726562,180.10951952223385,178.85758058975924,178.85758058975924,71000
2023-09-12,178.90464782714844,180.2036549340132,178.59401506841155,180.1189408261374,67900
2023-09-13,179.1494140625,179.55416885943603,178.65050853121636,178.91408749780874,51200
2023-09-14,180.99435424804688,181.12613654098118,179.6859392099161,179.7894834660211,103200
2023-09-15,179.5259246826172,181.2296866546182,179.5165167911009,180.8625778007793,71100
2023-09-18,179.65769958496094,180.12835267887908,178.97995798066341,180.07187660571972,80500
2023-09-19,179.10232543945312,179.49767229943797,178.43399175218866,179.35646775881995,94400
2023-09-20,179.26235961914062,180.45782254546455,178.96113473309018,179.60123043435084,98900
2023-09-21,177.1161651611328,179.11172956381458,177.1161651611328,178.93287910070788,112600
2023-09-22,176.3066864013672,177.60567942814578,176.16548182760744,177.26682292279122,120600
2023-09-25,175.5347900390625,175.86425298040004,174.83823258840835,175.760708715682,246400
2023-09-26,174.01927185058594,175.1111904850638,174.01927185058594,174.8758639360742,105900
2023-09-27,172.8708953857422,174.37699120349268,171.9390113458439,173.9251682034452,277500
2023-09-28,173.2201690673828,173.76920460057448,172.66165818995466,173.11604138963747,141700
2023-09-29,172.91725158691406,174.17624465384802,172.0369111965708,173.9490530478936,149400
2023-10-02,171.6961669921875,172.4629189623037,170.55076226612613,172.4250464646463,174300
2023-10-03,170.33303833007812,171.83814505171884,170.03011613888938,171.21337886548588,212100
2023-10-04,171.27964782714844,171.5163003715224,169.4810798234314,170.63594539550627,520600
2023-10-05,167.9286346435547,171.13764247068193,167.85291854246947,171.014592973325,195900
2023-10-06,167.1808319091797,167.7677256247837,163.52691587397024,167.21868996264982,213500
2023-10-09,167.42694091796875,167.45533806834817,165.50532337362665,166.6317918190945,210400
2023-10-10,169.19712829589844,169.96388031911013,168.3641066192602,168.51556773212656,214600
2023-10-11,168.07064819335938,170.03959919296497,167.36069052521856,169.81240753927463,140100
2023-10-12,165.7798309326172,168.47766104296537,165.2970505388413,168.47766104296537,115100
2023-10-13,167.1808319091797,167.27549870904355,165.874505180512,166.02596628264388,100700
2023-10-16,168.9131317138672,169.44323113148656,167.5878687256929,167.89079093240446,110000
2023-10-17,169.9070587158203,170.1531721515929,168.34514332305844,168.34514332305844,135400
2023-10-18,170.33303833007812,171.5920316044718,170.12478293466714,170.38983262989473,121600
2023-10-19,169.14976501464844,170.92939666616405,169.06457357025653,170.19102748239493,119800
2023-10-20,168.4492645263672,170.1153075477952,168.430328279999,169.263349790713,99300
2023-10-23,167.97596740722656,169.2444215354336,167.58785378103465,168.08009510098233,125100
2023-10-24,169.63253784179688,169.86919038187867,168.50606943994762,168.50606943994762,89600
2023-10-25,170.06800842285156,170.64544127838198,168.7995540989411,169.28232014767894,94500
2023-10-26,169.21603393554688,170.71167978292775,169.12138158214321,170.2762471801952,120100
2023-10-27,166.88735961914062,169.31067910745472,166.48030977470782,168.96043800075847,1461000
2023-10-30,169.39590454101562,169.6798905101927,167.60681171256442,167.60681171256442,206100
2023-10-31,169.9070587158203,170.04904445874212,168.7427178473639,169.61359744024125,95300
2023-11-01,169.65145874023438,170.2572886102666,168.84683439910435,169.95436645318878,168300
2023-11-02,171.97068786621094,172.18840418629588,169.89760904156606,170.42770848740417,152600
2023-11-03,172.45339965820312,173.68399552413146,172.43447785832325,173.0497685692264,107000
2023-11-06,172.86045837402344,173.26749375425774,172.38715335842664,172.62380586622504,265800
2023-11-07,173.09713745117188,173.73136453612682,172.5575627173912,172.6711657605753,88400
2023-11-08,172.33984375,173.60829790024968,171.9044111642724,173.30539015941196,80000
2023-11-09,171.5730743408203,172.69006728472894,171.22283323876817,172.45341476839678,137800
2023-11-10,172.55752563476562,172.72792294086088,171.04295834433336,171.98956831739923,106100
2023-11-13,173.11605834960938,173.61776054313663,172.3966254350241,172.3966254350241,125000
2023-11-14,175.15126037597656,175.49204057948512,174.10998351966612,174.10998351966612,112200
2023-11-15,176.17361450195312,176.49545848436773,175.67191228109377,175.86123142109503,163400
2023-11-16,174.0059051513672,175.00930971720436,173.78817439151476,174.64959319581885,144200
2023-11-17,173.71243286132812,174.29934100820915,173.35273080679664,174.29934100820915,96400
2023-11-20,173.77871704101562,174.09110016690013,173.08769558055226,173.20128419210062,120600
2023-11-21,174.2519989013672,174.43185714170752,173.17286390344987,173.7976300717506,119200
2023-11-22,175.65298461914062,175.66245996528474,174.57384957985224,174.57384957985224,94500
2023-11-24,176.14520263671875,176.39131605374584,175.59616706569832,175.59616706569832,47900
2023-11-27,175.81387329101562,176.36290883066638,175.6718875670208,176.09785918312775,116700
2023-11-28,176.27774047851562,176.86463414004018,175.5961800258503,175.5961800258503,359900
2023-11-29,174.9619598388672,176.61852764000741,174.71584639401132,176.61852764000741,94800
2023-11-30,176.55227661132812,176.71319862425517,174.08162322391604,175.11343939781815,99000
2023-12-01,177.67872619628906,177.67872619628906,176.25881093988164,176.55225778181253,92500
2023-12-04,178.1141815185547,178.64428092788734,176.817315702017,176.817315702017,186800
2023-12-05,176.79835510253906,178.17093672425892,176.68475207966316,177.82069564368746,106400
2023-12-06,176.3534698486328,176.81729956741157,175.94641998238643,176.6374557760403,85300
2023-12-07,177.21490478515625,177.71660704380153,176.31561352520188,176.72266342878,206500
2023-12-08,176.09788513183594,177.23381442354557,175.96536028853856,177.120225827612,96700
2023-12-11,177.7733917236328,177.89644122297258,176.81730621356144,176.81730621356144,117600
2023-12-12,178.34130859375,178.37918108041376,177.508301660727,178.08573430731644,115000
2023-12-13,181.73968505859375,181.74914596006107,177.97216632069376,178.46440763535708,97500
2023-12-14,179.39210510253906,182.3171417823308,179.29745274305185,181.94796435884027,120200
2023-12-15,178.9661102294922,179.63820978232462,178.596932853746,179.2027627637942,144800
2023-12-18,180.76467895507812,181.39890601651388,179.39208269476433,179.87486311111243,162500
2023-12-19,181.44505310058594,181.53105157271312,180.63280642572727,180.795252844508,100800
2023-12-20,178.09097290039062,180.69970995743793,178.0432056904524,180.41303379303153,129200
2023-12-21,179.4574432373047,179.4765588684619,177.9762953131387,179.04653736267338,142900
2023-12-22,180.56593322753906,181.05327250990473,179.7823526682137,179.7823526682137,181200
2023-12-26,181.52149963378906,181.80816120531418,180.3843601302234,180.5372414413852,101400
2023-12-27,182.22860717773438,182.2763889639026,181.23481309782355,181.46414234190468,96700
2023-12-28,182.37196350097656,182.620408390653,181.93239145513607,181.98972376960336,118100
2023-12-29,182.47706604003906,182.65861349736159,181.87504761437583,182.0948263328902,108700
2024-01-02,184.5697784423828,184.78000664763965,181.8655070929469,181.8655070929469,208800
2024-01-03,182.9357452392578,184.76090162706464,182.62995346328927,184.76090162706464,76600
2024-01-04,182.6873016357422,183.79577504842678,182.6395344249354,182.93576112052483,107100
2024-01-05,182.1426239013672,183.37531243396782,181.23482821227927,182.68729548243786,107700
2024-01-08,183.56643676757812,183.67155087191404,182.18083777925332,182.23818467512697,100700
2024-01-09,184.07289123535156,184.07289123535156,182.47707862296795,182.89752045839288,117000
2024-01-10,183.8244171142578,184.78955960611378,183.35619352683818,184.07287656647597,111400
2024-01-11,183.73843383789062,183.91999588922718,182.65862663633425,183.7862156273405,122900
2024-01-12,184.3882293701172,184.88511914098586,183.77666039131725,184.27355016218593,93900
2024-01-16,183.48997497558594,184.31177211630722,182.72551014545738,184.08242829298248,178500
2024-01-17,183.08865356445312,183.77667052616488,182.7064138185269,182.7064138185269,122900
2024-01-18,182.94529724121094,183.0790774990385,181.6266102943263,182.76373519538328,75300
2024-01-19,182.3623809814453,183.3179583472013,181.4068036156893,183.1841780992336,168400
2024-01-22,181.71258544921875,182.3910371765249,181.31124472723076,181.7890333840192,198500
2024-01-23,183.36575317382812,183.68109547667117,182.42929137144705,182.42929137144705,88100
2024-01-24,181.14883422851562,183.44221440315548,181.1392691216748,183.44221440315548,85600
2024-01-25,182.98353576660156,182.98353576660156,181.2826090291609,181.97061139604193,75400
2024-01-26,183.70974731445312,183.97730780856486,183.29885604883626,183.29885604883626,82600
2024-01-29,184.6844482421875,184.77999723364695,183.5759749583893,184.04421313368871,177600
2024-01-30,185.68780517578125,185.9075838925208,183.85308375819108,184.3977698686218,597800
2024-01-31,184.19711303710938,186.16561492855294,184.11111456182525,185.89803981496544,734300
2024-02-01,187.8665313720703,187.88563242266798,183.83399339085597,184.3691144266836,151400
2024-02-02,187.4747314453125,188.25829732706342,186.54782020574893,187.42694965937494,130600
2024-02-05,186.1656036376953,187.5129567449634,186.09870621811686,187.5129567449634,101500
2024-02-06,186.76760864257812,186.8918383762894,185.79291556635778,186.31848607711163,81000
2024-02-07,186.39492797851562,187.36007049813816,186.3184800357071,187.26450692438897,77400
2024-02-08,186.71981811523438,187.28361986272202,185.90758607386064,186.27069557078784,94000
2024-02-09,185.1526641845703,186.41403329971874,184.89466879543363,186.41403329971874,68600
2024-02-12,186.68161010742188,186.68161010742188,184.64622548509485,185.27691009778133,155600
2024-02-13,184.47422790527344,186.6720589358124,183.39442073101438,185.90759406680476,859600
2024-02-14,184.3595428466797,184.52200383773763,183.4135305419015,184.52200383773763,824400
2024-02-15,185.67825317382812,185.89803190607796,184.8182392956645,184.999801345288,84000
2024-02-16,185.83114624023438,186.6911601053194,184.78000522205969,185.4298054644644,133400
2024-02-20,187.6754150390625,188.80300407038698,187.02562933836623,187.02562933836623,129600
2024-02-21,188.0671844482422,188.5163069895834,187.27405346206416,188.0480688177085,113500
2024-02-22,188.66921997070312,188.9081143406861,186.82494785233789,187.4460819628667,82800
2024-02-23,189.4432373046875,190.31281631961372,188.68833750355776,188.9081162434884,81000
2024-02-26,189.21388244628906,189.73945295114967,188.94632193126085,189.6534544815237,92000
2024-02-27,189.24256896972656,189.36679871541486,188.79346094191612,189.1852366504723,70700
2024-02-28,189.5770263671875,189.68214047915473,188.80301089768145,189.21390223839956,80100
2024-02-29,189.5101318359375,190.4752598365186,189.02277799188886,189.97835546686406,332700
2024-03-01,189.4527587890625,189.6821026005438,188.3825168307226,189.2234295585343,85400
2024-03-04,189.54833984375,189.8636821457733,188.850772401613,188.850772401613,99500
2024-03-05,190.12168884277344,191.28747987422,189.7012324473562,190.48479834530758,104900
2024-03-06,191.34481811523438,191.7557093861151,190.71413355062563,190.71413355062563,95300
2024-03-07,192.539306640625,192.71130358365198,191.9946204924633,192.08061896397678,185100
2024-03-08,191.1250457763672,191.717513726694,190.76193625044024,191.43083756762684,268400
2024-03-11,191.96595764160156,192.40552969405502,191.02949580231996,191.3639391687287,76900
2024-03-12,193.14129638671875,193.60953455450343,192.252616417543,192.39594719290884,68400
2024-03-13,193.72421264648438,193.88665906351352,193.0170946642345,193.0170946642345,66000
2024-03-14,192.1475067138672,194.02043026590778,191.48815597020604,193.83888280661265,83100
2024-03-15,192.0806427001953,192.32910220098833,191.32574283314383,191.62196954782172,86900
2024-03-18,193.29421997070312,193.98223695297338,192.23352833811612,192.23352833811612,72100
2024-03-19,193.9917755126953,194.07778856589027,193.34198983671968,193.34198983671968,95600
2024-03-20,194.8613739013672,194.8613739013672,193.81024733601305,194.1829220004402,67400
2024-03-21,194.95689392089844,195.7022430831832,194.39309220608047,194.8231136758974,112900
2024-03-22,194.16233825683594,195.19874254162576,194.14314151744486,195.19874254162576,65500
2024-03-25,193.49058532714844,194.6325496348032,193.29864723225256,194.10474915948117,78400
2024-03-26,193.7209014892578,194.23911095408414,193.64412917436422,193.96080948224213,67800
2024-03-27,195.64016723632812,195.64016723632812,194.66135315876227,194.66135315876227,96700
2024-03-28,195.89927673339844,196.50384958169118,195.76492883853587,196.16797252312358,91500
2024-04-01,194.25828552246094,196.05280719755794,194.25828552246094,195.8992625737212,99400
2024-04-02,193.09713745117188,194.29667735947962,192.81883599246464,194.0087848529215,59700
2024-04-03,190.98594665527344,192.8188324731701,190.6404785822734,192.8188324731701,74200
2024-04-04,190.1414794921875,192.04154670820748,189.83440487356438,191.5521396709541,113100
2024-04-05,190.50611877441406,190.87076891993743,189.54648692535892,190.05509063393256,61700
2024-04-08,190.36219787597656,190.9955585193093,190.07431998611847,190.30462229800494,66000
2024-04-09,191.31222534179688,191.31222534179688,189.9207619486501,190.72684926901937,93300
2024-04-10,190.32379150390625,190.48692716549897,189.08585818531984,189.67123421471504,88600
2024-04-11,189.61367797851562,191.00514141041762,189.14346768328124,191.00514141041762,50200
2024-04-12,187.64642333984375,189.32577923694765,187.41612104536088,189.02829567802638,116000
2024-04-15,186.71560668945312,189.19144438261054,186.55245636252795,188.74041616775247,129200
2024-04-16,187.0802459716797,187.53127416020268,186.53326337372252,187.11863944971057,107900
2024-04-17,187.45449829101562,188.27978233916605,186.76356212778174,187.9631020441154,72800
2024-04-18,188.33737182617188,188.66365783606395,187.79038919818112,187.94393383309242,90000
2024-04-19,190.189453125,190.33339205629338,188.08785687118993,188.1934169684121,156900
2024-04-22,192.10873413085938,192.48299002847395,189.9111686313407,190.66928611806148,82300
2024-04-23,192.52134704589844,192.71328514010878,191.9071832157593,192.11830340513407,190600
2024-04-24,193.98959350585938,194.24869823324494,190.60209388207684,191.2066666983693,95000
2024-04-25,193.40420532226562,194.99719777933348,192.93399506597953,194.29667059725256,71300
2024-04-26,193.0779571533203,194.16234600846946,192.68450451561563,192.68450451561563,59500
2024-04-29,193.74009704589844,193.79767262101169,192.71329845646164,193.2794778021708,51100
2024-04-30,192.69410705566406,193.49060336671454,192.46379010600853,193.49060336671454,54300
2024-05-01,191.5809326171875,193.05875945992204,190.86120861447174,192.34864114864877,218700
2024-05-02,193.51937866210938,194.0855579869537,191.84002278335947,192.2526574850124,96600
2024-05-03,194.1431427001953,194.31588407012356,192.5501501059346,193.75929576696663,79300
2024-05-06,194.2199249267578,194.795709998806,193.17392953393215,194.58458978190984,87400
2024-05-07,196.3214874267578,196.48462308561233,195.04517529743936,195.04517529743936,232100
2024-05-08,195.7073516845703,196.53263578716994,195.49623147394095,196.28312209670494,77400
2024-05-09,197.55943298339844,197.64581099099416,195.7073502723049,195.93765257836793,99100
2024-05-10,198.7589569091797,198.82613817156746,197.58820480522334,197.7033705917708,155900
2024-05-13,198.33673095703125,199.795375669263,198.09682296159676,199.19081747788707,169000
2024-05-14,198.0104522705078,198.71099413408604,197.23315273691418,198.71099413408604,164300
2024-05-15,198.09681701660156,198.4614818444212,198.0008626070006,198.09681701660156,62700
2024-05-16,200.63026428222656,201.23482247008212,199.40192188135845,199.71860219062657,123200
2024-05-17,200.0736846923828,200.63027301992855,199.92973110399782,200.63027301992855,72500
2024-05-20,198.94131469726562,200.08327916098816,198.64383110947026,200.08327916098816,71200
2024-05-21,199.862548828125,199.9872910235712,198.95090141102392,199.43071738242674,47300
2024-05-22,199.16201782226562,199.78578740478036,198.62462624785564,198.78776192988565,62400
2024-05-23,196.99325561523438,198.9317163535189,196.8876955096144,198.9317163535189,59300
2024-05-24,197.52102661132812,198.1735692446355,197.47304208998023,197.69375331679652,41500
2024-05-28,195.79371643066406,197.04124096331967,195.1219769570256,197.04124096331967,53600
2024-05-29,194.10475158691406,194.9588234057267,194.10475158691406,194.7860820467243,58900
2024-05-30,194.45982360839844,194.9876241253302,194.29668792913262,194.49820244471078,53200
2024-05-31,197.5882110595703,197.69377115893462,194.05677254051187,194.47901293796917,44500
2024-06-03,197.61700439453125,198.43269742550362,196.47505465112044,197.17558188866664,104400
2024-06-04,198.67259216308594,199.1140292823212,197.19476547191198,197.511445757768,75600
2024-06-05,198.3751220703125,198.70139342593475,197.07961305328877,198.70139342593475,109100
2024-06-06,199.05645751953125,199.60345478475566,198.16400679351943,198.2407791101907,46700
2024-06-07,197.7897186279297,199.21957533732893,197.71294632378547,198.79733498594553,49900
2024-06-10,197.2715606689453,197.93369446038787,196.04321821637578,197.93369446038787,40100
2024-06-11,197.1083984375,197.18517075132587,195.72654071709886,196.92608066533785,61100
2024-06-12,195.3906707763672,198.05844654679112,195.1891416148965,198.05844654679112,63300
2024-06-13,195.40025329589844,195.63057023569442,194.31587914772678,195.50581339628556,41300
2024-06-14,195.47703552246094,195.47703552246094,194.29669226214307,194.95884068516747,81900
2024-06-17,197.41546630859375,197.69375310359942,194.80526649253906,194.99718993490367,71900
2024-06-18,197.674560546875,197.96243837377514,196.98362447667606,197.2331234742626,54600
2024-06-20,197.15638732910156,198.3079427763425,196.8493127098209,197.33871974812226,60000
2024-06-21,197.40589904785156,198.50946995653763,197.29073325429988,197.84732155419726,53900
2024-06-24,199.29635620117188,199.8817322759551,197.64580271977908,197.84731722915114,80100
2024-06-25,197.9912567138672,199.24837213510935,197.65537969839343,199.01805521225702,56300
2024-06-26,197.828125,198.2215776224578,196.7245540902808,197.15638554874388,76800
2024-06-27,197.2235565185547,197.93367476874195,196.3694846945141,197.93367476874195,78800
2024-06-28,196.3059844970703,197.45657604619458,195.88055420124854,197.1665085941849,71800
2024-07-01,195.0877227783203,197.9980313548168,194.9620234374822,197.2438648166756,128300
2024-07-02,196.2092742919922,196.33497361999545,194.68161436036922,195.329423256296,113800
2024-07-03,195.79354858398438,196.57672041776922,195.48413935148236,196.08361605109394,35900
2024-07-05,197.78530883789062,198.0270292514593,195.58081984641967,195.9288978320963,75500
2024-07-08,197.45655822753906,198.0947036136849,197.1568272971063,198.0947036136849,129700
2024-07-09,196.61537170410156,197.6789325711562,196.61537170410156,197.5435697424968,57400
2024-07-10,197.38888549804688,197.56293186908746,196.61539197080137,197.04080750940906,69900
2024-07-11,197.68862915039062,198.11404468457408,196.84743208042224,197.33087290664466,112800
2024-07-12,198.5008087158203,199.53536442527033,198.12372545672082,198.3267623443818,64800
2024-07-15,197.32122802734375,198.98426580680552,197.11817636964844,198.5975042572536,64900
2024-07-16,199.17759704589844,199.2452858352844,197.0698023724044,197.3695332889617,60000
2024-07-17,201.71084594726562,202.0782656969073,199.23563127344295,199.23563127344295,55800
2024-07-18,200.49256896972656,202.64871080465045,200.49256896972656,201.03402030464534,81800
2024-07-19,199.9511260986328,201.18873341753226,199.67072216111043,200.8793242110859,50700
2024-07-22,200.067138671875,200.4248801423627,198.93588897158696,200.4248801423627,48400
2024-07-23,199.32264709472656,200.5022438930241,199.28397832007693,200.31853401819106,45500
2024-07-24,199.02293395996094,199.50637483029902,197.94003113150583,198.63618716506826,82700
2024-07-25,199.23562622070312,201.79787139102723,199.23562622070312,199.48702488658472,55100
2024-07-26,201.3917694091797,201.60448454930992,199.81576237532408,200.1154933218413,82500
2024-07-29,201.45945739746094,201.83654064373547,200.1831665617977,201.26608402178425,207200
2024-07-30,200.66659545898438,200.88898884357408,198.74251056813583,199.6513816086204,76300
2024-07-31,200.49256896972656,201.67216570084636,199.41932980464026,200.65693707115244,51900
2024-08-01,202.04925537109375,202.23296524131706,200.11549211138356,200.6666069686107,212000
2024-08-02,203.18051147460938,204.16673489893049,199.69006809131594,202.7357394194235,438500
2024-08-05,199.17759704589844,202.4069778455254,198.3847471022192,201.70115845297684,141100
2024-08-06,200.34756469726562,202.50370676966418,199.8641238444937,200.05749723491365,110700
2024-08-07,200.57960510253906,203.22886626369856,200.42490049018437,201.41112395214066,121200
2024-08-08,202.33934020996094,202.64873468632922,200.13485108460208,200.13485108460208,91700
2024-08-09,202.18463134765625,202.54237285284796,200.82132462014283,202.00092146549494,170900
2024-08-12,200.9566650390625,202.27162458449584,200.64727060372402,202.27162458449584,63400
2024-08-13,202.12660217285156,202.20395447154866,200.23150773837855,201.1210370432316,57000
2024-08-14,203.18051147460938,203.69295757421548,202.0202564331133,202.08793047753358,64500
2024-08-15,205.29798889160156,206.36154988757056,204.80488454602494,205.79109323717816,92800
2024-08-16,205.94581604003906,206.01350484527384,204.94992900190508,204.98859778100717,129600
2024-08-19,206.61294555664062,207.0577028610477,206.1681734987902,206.1681734987902,79900
2024-08-20,207.2510986328125,207.3284361859074,206.1971863654843,206.6419584397216,48100
2024-08-21,208.88511657714844,210.00670289320018,208.34366518414248,208.98181064880404,60500
2024-08-22,208.49835205078125,209.18484449283886,207.5798174620111,209.18484449283886,35100
2024-08-23,209.16549682617188,209.19450209369234,208.04391063724015,208.92377642787326,59400
2024-08-26,210.62550354003906,210.92523450300564,209.41690142908112,209.52325900498315,56900
2024-08-27,210.8769073486328,211.24431236695546,210.2387618777045,210.79955504123748,48700
2024-08-28,210.1033935546875,211.1282857824487,209.15585363230653,210.7995495496656,75100
2024-08-29,209.0591583251953,210.04538177115268,208.47902341499838,209.68762551670565,86200
2024-08-30,210.30641174316406,210.56747390642386,208.74006827049,209.36853540982548,73400
2024-09-03,211.61170959472656,212.33687080167823,210.12271840796717,210.25808124312712,107200
2024-09-04,212.29820251464844,212.5109028960072,210.78019130297002,211.04125346903393,104900
2024-09-05,211.77609252929688,212.7139689362458,210.80921085231392,212.55926432710208,61400
2024-09-06,211.02194213867188,212.42391772681947,210.7705581946723,211.75676695813232,78000
2024-09-09,212.12416076660156,212.81065321719973,210.64483304913412,211.09926859669005,80700
2024-09-10,212.00814819335938,213.11039270848514,211.64072843716963,212.15317454267455,297400
2024-09-11,210.19041442871094,211.38935306081822,208.37267209210012,211.38935306081822,84400
2024-09-12,211.82443237304688,211.93078994404223,209.81331678278033,210.4417839501073,57600
2024-09-13,213.22642517089844,213.5454979098688,211.66008150090235,212.18219113975294,59600
2024-09-16,213.99024963378906,214.88944246887914,213.29409367926124,214.15461774062996,74700
2024-09-17,212.51092529296875,214.26099358708532,212.24987785283508,213.6131698560878,58600
2024-09-18,211.650390625,213.27475949443476,211.1766280512242,212.17251498617108,59600
2024-09-19,210.75119018554688,212.5979376406736,210.4417809821267,212.33687546946817,71200
2024-09-20,211.650390625,211.72774292863437,210.3354309701027,210.51914084705385,84100
2024-09-23,212.61727905273438,213.37144559535204,211.06059893200944,211.4667022273671,63400
2024-09-24,211.97915649414062,212.93635996778673,211.76644133256497,212.46259736073182,88900
2024-09-25,211.84378051757812,212.76231515650784,211.50536603055184,212.76231515650784,159100
2024-09-26,212.19186401367188,212.9460305581174,211.47636624564544,211.47636624564544,65500
2024-09-27,212.1519775390625,213.4456926858316,212.0255181525125,212.1519775390625,67400
2024-09-30,212.5216064453125,213.406792475725,211.5683371739881,212.78424715774668,73300
2024-10-01,211.996337890625,212.716147095016,211.25705512808153,212.44378444860033,115200
2024-10-02,210.08978271484375,211.26679008880697,209.79796135543833,211.26679008880697,95300
2024-10-03,208.18324279785156,209.44779211828566,207.91088015562278,209.39915275160536,82100
2024-10-04,208.96142578125,209.19487099044267,207.76495971353495,207.76495971353495,71700
2024-10-07,207.02569580078125,209.02951304574992,206.68523507395025,209.02951304574992,78900
2024-10-08,208.24159240722656,208.39723243480344,206.78250054465573,207.09376575715953,112700
2024-10-09,209.53533935546875,209.87578524551256,208.16378933081913,208.31942937105975,162200
2024-10-10,208.591796875,209.87579013024143,207.99843219509216,209.87579013024143,68900
2024-10-11,209.75904846191406,209.93414720601504,208.46531854481026,209.07814188518842,58400
2024-10-14,210.59559631347656,210.77068021596253,209.47696513386,209.75904970208194,62600
2024-10-15,211.92823791503906,213.4554279512642,210.76096732044618,210.76096732044618,110800
2024-10-16,211.75314331054688,212.00604722642976,210.7998741047497,211.4224193799346,48400
2024-10-17,210.94580078125,212.05471013965035,210.42053417680847,211.83098684911525,60800
2024-10-18,211.2667999267578,211.44188384496357,209.91470857977973,210.39133580777425,60900
2024-10-21,209.4769744873047,211.5586117514929,209.37969575314648,211.21815102459001,165500
2024-10-22,210.86798095703125,211.10144102736564,209.35052760648728,209.35052760648728,57500
2024-10-23,210.49830627441406,210.70258565898948,209.4380364525903,209.82713650829362,72800
2024-10-24,210.07034301757812,210.8193328823364,209.56452030739823,210.38160825585337,101700
2024-10-25,208.81552124023438,210.5469759198647,208.6598811955672,210.33297456911026,54600
2024-10-28,209.24351501464844,210.0119635830989,209.18515371105104,209.4283357044741,76600
2024-10-29,207.31752014160156,208.7376946874669,207.19106075393435,208.40697073488468,49700
2024-10-30,206.7727813720703,207.71631380057008,206.59768262804394,207.1715885394217,64800
2024-10-31,206.2669677734375,207.45369707715227,206.2669677734375,206.52960847970903,67000
2024-11-01,206.6268768310547,207.24942214786455,206.41287548690275,207.0159769307178,141800
2024-11-04,207.3272247314453,207.69686608437544,206.73386011668114,206.73386011668114,72700
2024-11-05,209.0392303466797,209.0392303466797,206.88950989082522,206.96732990787953,83400
2024-11-06,206.6852264404297,210.43995684448018,205.98486114331612,210.43995684448018,143400
2024-11-07,207.4342498779297,208.50425663499374,206.77280195003675,207.0257058914102,107100
2024-11-08,210.20654296875,210.7707121907807,207.62880466411187,207.62880466411187,83100
2024-11-11,209.51589965820312,211.69481589140565,209.26299570184358,210.27462636993428,110600
2024-11-12,209.60340881347656,210.38159412085724,209.15596228052158,210.03141147466846,77000
2024-11-13,209.76878356933594,210.04114621712807,208.90305625828572,209.5936996568915,83100
2024-11-14,209.0003204345703,210.17732774262132,208.95168107028474,209.40886437779915,85300
2024-11-15,207.4245147705078,208.92250929262943,207.3466947528761,208.83496733878772,70800
2024-11-18,208.86415100097656,209.08787427823623,207.59960167087021,207.84278366348101,64000
2024-11-19,209.76878356933594,210.22596690869798,208.17351027113153,209.35051766117343,369700
2024-11-20,209.4088897705078,209.4088897705078,207.56071244474782,208.49452304460377,89500
2024-11-21,211.92823791503906,212.22005927435,209.0976108048803,209.66177996552366,85700
2024-11-22,214.223876953125,214.4476150732219,212.99824505270044,212.99824505270044,87100
2024-11-25,215.34251403808594,216.33468584064596,214.7783300571879,215.71214055873267,105000
2024-11-26,216.4125213623047,216.64598142574357,215.18688942521604,215.3133488149102,74600
2024-11-27,216.64598083496094,217.75489015863187,216.18879748863023,217.33660940144256,67200
2024-11-29,217.52142333984375,217.93970408404172,216.73351606100326,216.73351606100326,31300
2024-12-02,217.32687377929688,217.6770564301229,216.02342190669742,217.5408751127267,80000
2024-12-03,216.64598083496094,217.4436100748955,216.1304361835925,217.4436100748955,48100
2024-12-04,216.38333129882812,216.38333129882812,215.27442202036158,216.0137047677731,64100
2024-12-05,217.07398986816406,217.38525511833922,216.03316375575724,216.7724465548953,65500
2024-12-06,216.2666015625,218.28014065108417,216.2471428480385,217.39496951886372,62500
2024-12-09,215.2549591064453,216.70432907901653,215.00205518564078,216.5195083957688,55900
2024-12-10,216.45143127441406,216.92805847873092,214.76860120556023,215.08960321564246,70800
2024-12-11,215.32305908203125,217.6867808703103,215.1965996991906,216.92805425856758,106000
2024-12-12,215.65379333496094,216.6459800449383,215.4008893998359,216.48061806705064,70100
2024-12-13,215.36196899414062,216.3346969748597,214.15579579734566,215.15770443007423,47500
2024-12-16,214.75889587402344,216.50008738067245,214.30171250698055,215.19662052428842,118100
2024-12-17,213.9612579345703,214.81724848366295,213.53325523869827,214.12661991385696,106900
2024-12-18,210.25135803222656,213.63555918355237,210.25135803222656,213.22476097628706,116200
2024-12-19,209.10696411132812,211.2587854690493,209.10696411132812,210.86753843830536,121100
2024-12-20,209.14608764648438,210.77950475550008,208.06040143336045,208.71572339269866,151000
2024-12-23,207.89413452148438,208.7744142180162,206.06508637715115,208.52989042180758,121300
2024-12-24,209.62535095214844,209.81117648626338,207.7963029493867,207.7963029493867,57300
2024-12-26,210.22198486328125,210.31002477003943,209.2927974493367,209.2927974493367,51100
2024-12-27,209.09718322753906,209.98725340978402,208.05062916151465,209.18520821051771,82800
2024-12-30,206.33895874023438,207.6789443155244,205.7227540218817,207.6789443155244,90300
2024-12-31,206.74977111816406,207.36596095431187,205.84013480834807,206.76932227676977,119700
2025-01-02,206.18246459960938,208.10931327640506,205.4782348840014,207.1996770085165,118300
2025-01-03,206.5150146484375,207.28770326987112,205.54669505236936,206.6617229548654,73100
2025-01-06,204.45123291015625,206.7301964552167,204.14802579431756,206.43676491827517,170500
2025-01-07,203.6785430908203,205.82055897142249,203.44379487773955,204.99896261246155,149100
2025-01-08,204.48057556152344,204.6468499508676,202.6026346103715,203.68832085512864,97100
2025-01-10,202.1527099609375,204.33387301543823,202.00600164989416,203.78614208814514,115100
2025-01-13,202.28965759277344,202.8667301822052,201.44849511894725,202.15270993641835,127200
2025-01-14,202.4461212158203,202.97430093173227,201.56584158869626,202.63196167421353,93300
2025-01-15,202.01577758789062,204.23605788776328,201.90818651808493,203.65898529723663,508800
2025-01-16,203.4438018798828,203.79591674934917,201.24308767685523,201.9668834986884,138400
2025-01-17,204.84246826171875,205.3119646980979,204.05021354658263,204.05021354658263,122300
2025-01-21,206.0455322265625,206.80844526568916,205.29239476630488,205.3413025097459,163800
2025-01-22,205.12612915039062,207.11166123771392,205.08699698414517,207.11166123771392,151500
2025-01-23,206.1726837158203,206.1726837158203,204.12846829922682,205.04788018886563,103900
2025-01-24,206.9747314453125,206.98450702473846,205.77167849577327,206.0553195446139,109200
2025-01-27,212.28575134277344,212.5596316980093,208.23643827524353,208.23643827524353,132000
2025-01-28,209.30258178710938,212.56941593232523,209.30258178710938,211.92386956603548,101900
2025-01-29,209.89923095703125,210.8773261340453,209.67425832064347,209.67425832064347,65400
2025-01-30,212.15863037109375,212.64767796407978,210.99469471185927,211.16096910252875,71600
2025-01-31,210.6132354736328,211.90431334172195,210.30023785437,210.7306021185824,67600
2025-02-03,211.64022827148438,212.07059251511984,208.40273579033652,208.62769349058337,162400
2025-02-04,210.642578125,211.34680784710358,209.7036001873459,211.34680784710358,81800
2025-02-05,212.23687744140625,212.34446850766116,209.88944006617623,210.76973467859298,69100
2025-02-06,213.57684326171875,214.76034488083803,212.84327194829802,214.76034488083803,74900
2025-02-07,212.89219665527344,213.84095015687845,212.63788236130853,213.61597752382522,76800
2025-02-10,214.16372680664062,214.2517517907958,212.22708760793864,213.30299827388419,104800
2025-02-11,216.2079315185547,216.2079315185547,213.9974269725624,214.85815546300523,84800
2025-02-12,216.6089630126953,216.71655407842573,214.4767077803687,214.4767077803687,73300
2025-02-13,218.8292236328125,219.06397184154469,216.60895838897918,216.95128273659762,75900
2025-02-14,216.3057403564453,218.8683598443864,216.3057403564453,218.8683598443864,69200
2025-02-18,216.62850952148438,216.62850952148438,214.91684300994552,216.07100304706216,147400
2025-02-19,218.3206329345703,218.3206329345703,216.6480836004698,216.8632657352558,80600
2025-02-20,215.92430114746094,216.28620653719662,214.5940910158368,215.18095413329266,102700
2025-02-21,217.51856994628906,217.71418598250767,215.31785595859915,216.08076894703456,124500
2025-02-24,217.82179260253906,218.57493006655994,216.8436974270229,217.03931347721655,141600
2025-02-25,221.20599365234375,221.58745014824956,218.62382315900908,218.62382315900908,150900
2025-02-26,217.40121459960938,220.56045777602006,217.03930924303614,220.56045777602006,97200
2025-02-27,217.1468963623047,218.4282135305764,216.325300027717,216.68719045316809,156600
2025-02-28,219.98338317871094,219.98338317871094,217.35230484433612,218.71185650220983,104800
2025-03-03,220.37460327148438,221.67547153762868,219.09330108609583,219.09330108609583,289000
2025-03-04,216.9121551513672,221.48963306920652,216.61872363558462,219.7095077426735,564000
2025-03-05,217.84133911132812,218.5064366071354,216.4035381385456,216.4035381385456,227600
2025-03-06,217.4696807861328,218.02720220776325,216.3742189500777,216.97085761247519,115200
2025-03-07,217.64573669433594,218.46733303745347,216.08077848640465,216.08077848640465,174600
2025-03-10,216.16880798339844,220.07141308154849,214.99509676520643,217.5185840928206,235100
2025-03-11,213.19540405273438,215.65041754109603,212.9997880048791,215.65041754109603,214600
2025-03-12,209.22434997558594,212.27600225525998,209.01894341466243,212.07061061888496,308000
2025-03-13,207.4833221435547,209.4786296173428,207.04316740084596,209.3514724761561,230200
2025-03-14,208.4907684326172,208.5690178365675,206.50523644658958,207.39529170186046,86900
2025-03-17,211.64022827148438,212.34445795660653,208.44185302860012,208.44185302860012,117900
2025-03-18,209.07762145996094,211.67935823503757,208.9504792345506,211.67935823503757,116000
2025-03-19,209.23411560058594,209.46886381268064,207.70828953333972,208.84288350497584,81900
2025-03-20,208.29515075683594,209.68404408586508,207.93324540082614,209.0580637837034,69600
2025-03-21,208.24624633789062,208.56901953510888,207.16056010162845,207.97238088410808,99300
2025-03-24,209.77207946777344,209.92857828220951,208.76464260223236,208.78420868517398,112800
2025-03-25,208.09725952148438,209.63143346968718,207.26132409796836,209.49375157705873,122700
2025-03-26,210.69357299804688,211.0377702520672,208.42179909174345,208.42179909174345,107900
2025-03-27,213.07350158691406,213.4078697629345,210.98858500528974,211.02793126493995,122200
2025-03-28,211.9622039794922,213.42754453561594,211.19511697862242,213.13250761077342,74900
2025-03-31,215.19773864746094,215.88614809485964,211.71633014658678,211.71633014658678,133100
2025-04-01,216.02383422851562,216.02383422851562,214.597839986702,215.27640537991203,106500
2025-04-02,215.79763793945312,216.61390025821314,214.58800306027445,215.6796291725678,108700
2025-04-03,216.25003051757812,218.32510304314619,214.25363550556258,214.25363550556258,297700
2025-04-04,207.25149536132812,215.5714433261481,207.02529188964044,214.30280409966878,529600
2025-04-07,204.56668090820312,209.5920926283316,200.17067428581555,201.3999822897002,1246000
2025-04-08,201.4983367919922,208.79550744207737,199.60029240061573,208.1070979479564,266200
2025-04-09,210.42803955078125,211.63767449084423,200.4362199487371,200.45589307960861,253000
2025-04-10,210.54603576660156,212.48342637134417,206.75977613765772,210.16249227159267,280300
2025-04-11,213.24069213867188,214.05695447984166,209.21839982408721,211.08694204667717,176700
2025-04-14,216.60406494140625,217.43015629815088,213.28001137891368,214.27330182551933,226700
2025-04-15,214.61749267578125,217.1449569972802,214.59783455325314,216.75156945371205,166000
2025-04-16,212.1490478515625,215.37475067950842,211.35245870894545,215.10921596323593,98100
2025-04-17,216.70242309570312,217.61702105676866,212.8571440195858,212.8571440195858,111000
2025-04-21,214.25363159179688,217.05645981187538,211.88352218525202,216.93843604060189,490600
2025-04-22,217.73501586914062,218.83648598526395,214.80434994812413,215.26657093308114,146600
2025-04-23,216.77125549316406,219.21019838374644,215.12890179222586,218.51195983740212,136100
2025-04-24,214.87319946289062,215.5321067198638,213.8504068504244,215.4239270205876,106400
2025-04-25,214.3323211669922,215.52228296498217,212.424432657869,215.26659229086744,75900
2025-04-28,213.96844482421875,215.3747660019856,212.7096196007849,214.5781768026965,110900
2025-04-29,215.89598083496094,215.9943314746368,212.94564171909352,213.2505076934077,85300
2025-04-30,217.2039794921875,217.84321367027263,213.99794952727476,216.76143159919,796600
2025-05-01,215.3649444580078,216.5057309404339,214.95189874789116,215.92550113380827,127500
2025-05-02,216.91879272460938,217.56785598301533,216.24021226671934,216.81061301384136,122800
2025-05-05,217.0662841796875,217.42032547344996,215.6304458754839,216.91877322653676,106900
2025-05-06,216.3778839111328,216.8696071174536,215.34526217661892,216.3582107811436,60500
2025-05-07,216.50572204589844,217.29248217836152,215.51244656996212,216.4073864082164,436900
2025-05-08,215.77796936035156,217.27279702247242,214.83385425241158,216.83024916189453,97900
2025-05-09,214.6568603515625,215.6304627308632,214.30281903012536,215.37477205668156,132400
2025-05-12,215.30592346191406,215.73864229963294,213.4865565384893,215.4829516256181,238400
2025-05-13,212.66046142578125,215.11907750078527,212.09988975770355,214.72568992506365,200600
2025-05-14,211.88352966308594,212.8178007673509,211.56883460971952,212.58178322887647,159800
2025-05-15,216.0533447265625,216.19102662404114,210.97875763743275,211.6475090010443,217900
2025-05-16,218.7479705810547,218.7479705810547,216.08283930105495,216.23035025522435,264400
2025-05-19,219.32821655273438,219.32821655273438,217.34165065720825,217.82354478714208,98800
2025-05-20,219.93795776367188,220.41000784567126,219.1413685608599,219.3183817142841,118400
2025-05-21,217.1252899169922,219.13152892957632,216.8794283227383,218.69881012269738,157500
2025-05-22,216.25003051757812,217.32198350310347,215.46327038825444,216.76142685256872,94600
2025-05-23,216.8105926513672,217.22363832472465,214.6666717682824,215.68946439333956,84700
2025-05-27,219.04302978515625,219.10203417282824,217.2728231239849,217.2728231239849,93700
2025-05-28,217.59735107421875,219.66259457376412,217.42033792030423,218.7873278538276,85300
2025-05-29,218.59063720703125,218.73814816568267,217.09579446582467,217.94155897656245,71300
2025-05-30,220.84271240234375,221.79665657291122,218.19723929053507,218.19723929053507,157300
2025-06-02,221.00990295410156,221.05907827482642,218.8364948363513,219.97728124368308,126200
2025-06-03,220.65586853027344,220.99025171790302,219.1610407758178,220.67554166041668,146600
2025-06-04,219.39706420898438,220.9509113956291,219.20037792087024,220.86240481690805,102400
2025-06-05,216.77125549316406,219.1708671301473,216.43688731586676,219.1708671301473,87900
2025-06-06,217.56784057617188,218.19724566528723,216.76142233989958,217.95138406787964,69500
2025-06-09,217.18429565429688,217.6661897842748,216.2303514621412,217.46950350888412,374700
2025-06-10,217.58750915527344,218.17758297919175,217.07611284162428,217.50883164500428,497800
2025-06-11,216.59425354003906,217.44001809505698,215.88617088903788,217.44001809505698,92200
2025-06-12,217.62684631347656,217.62684631347656,215.41409192303206,216.33853393603218,96100
2025-06-13,215.10923767089844,217.97107044007933,214.53883692951447,216.98762399070048,79300
2025-06-16,215.68948364257812,217.5678549662963,215.3157691878165,215.62063518777384,92500
2025-06-17,214.04710388183594,215.5026153645861,213.93892417712073,215.0993987373566,211200
2025-06-18,213.7225799560547,214.8240351277655,213.6144002512473,214.45032069184882,89000
2025-06-20,214.86337280273438,215.72881046705842,214.36182052338387,214.56833587115102,74200
2025-06-23,217.82354736328125,217.98088738171964,215.06989445689436,215.06989445689436,105000
2025-06-24,217.70553588867188,218.167756920783,216.8401132166739,218.05957721100802,113200
2025-06-25,214.95188903808594,217.35148567329256,214.70602743558433,217.35148567329256,202400
2025-06-26,214.56910705566406,215.7658747478338,214.1141276663246,215.07352793103783,152000
2025-06-27,215.84500122070312,216.51757747667605,214.58889167768444,214.58889167768444,116900
2025-06-30,216.60658264160156,217.02199071507633,215.26144526900455,215.80543742189823,289800
2025-07-01,219.12872314453125,220.29581989380748,216.78461418324312,216.78461418324312,142800
2025-07-02,219.46499633789062,219.64303699231368,217.9121624840089,218.97046076408927,108200
2025-07-03,219.63314819335938,219.88041599328741,218.7528754292967,219.672719492884,69000
2025-07-07,219.55401611328125,219.63314361865355,218.3473480674036,219.57380176263143,96300
2025-07-08,217.3385009765625,218.93090613938136,217.16046032085399,218.90123521210128,85700
2025-07-09,216.2703094482422,217.64511779497886,215.1031975993132,217.64511779497886,206800
2025-07-10,216.74505615234375,217.69457111849923,215.90433961885165,216.56703058545557,113400
2025-07-11,216.03292846679688,216.6263772202401,215.2218979352551,216.19118347998557,141100
2025-07-14,216.3593292236328,216.5076838697174,214.9449646241963,216.02304863115506,143900
2025-07-15,214.20315551757812,216.25052503928475,214.20315551757812,215.99337196222862,96800
2025-07-16,214.7768096923828,215.24167437380788,213.1547334929515,214.4405290991904,109900
2025-07-17,216.9132080078125,217.0220064462777,215.31091745226112,215.51861395803968,71000
2025-07-18,216.22085571289062,217.71434779229355,216.0922716273955,217.09124319865066,90800
2025-07-21,216.19117736816406,217.29893224511073,216.1615064405336,216.53734322119575,92100
2025-07-22,217.9022674560547,218.36713211418754,215.22189303187085,215.22189303187085,78300
2025-07-23,218.2880096435547,218.88145839716356,217.82314497470114,218.33746622169355,100100
2025-07-24,217.3385009765625,218.45614111884404,217.24947310269417,218.11986054831783,100800
2025-07-25,217.734130859375,217.78358743721176,216.67583253540528,217.2989371216571,83400
2025-07-28,215.8845672607422,217.13079149464855,215.46915918277338,216.55712840830262,96000
2025-07-29,217.11102294921875,217.59567329104303,215.122995185463,216.0823954977904,84500
2025-07-30,215.39991760253906,217.73412616099733,214.7174560823924,216.93298093022634,148000
2025-07-31,213.758056640625,215.4493749834765,213.42177606458196,214.19325037057644,115800
2025-08-01,214.48997497558594,215.42958957063277,214.17346495635462,214.35150561517935,140900
2025-08-04,215.61752319335938,215.93403322387215,214.6086663361361,214.6086663361361,123700
2025-08-05,214.7965850830078,215.83511283428982,214.60865914519135,215.21199316511493,87700
2025-08-06,218.19900512695312,218.77266825264013,214.97463834329446,215.2812480105344,109400
2025-08-07,219.62326049804688,219.86062792446768,217.90227119635284,218.89134238518258,177600
2025-08-08,220.22659301757812,221.14642197271192,219.8507411389496,219.94965429396612,89600
2025-08-11,220.45407104492188,220.80025198898346,219.21773209045665,220.38484391132653,91200
2025-08-12,221.1859893798828,221.25521651355353,219.99909190868152,220.50352786155057,352900
2025-08-13,220.8397979736328,221.47280288533975,219.22760722218013,220.24634926614553,136900
2025-08-14,218.97047424316406,220.1375861170333,218.8913467354417,220.1276857460499,71000
2025-08-15,219.0792694091797,219.65293251258126,218.337466013889,219.24740970106882,69200
2025-08-18,219.23753356933594,220.00900792526355,218.92102352996596,219.0990642001189,70600
2025-08-19,221.28488159179688,221.81898845812478,219.62324932328303,219.62324932328303,69400
2025-08-20,222.7882843017578,224.2521054290047,221.27500659688175,221.27500659688175,70300
2025-08-21,220.2562713623047,221.04753135299512,219.47489665063736,221.02774570291987,92300
2025-08-22,220.2562713623047,222.18495721384267,219.76173575462678,220.97828912374626,107200
2025-08-25,216.88352966308594,219.77161573120023,216.6758331644086,219.5738045113075,79100
2025-08-26,215.75599670410156,216.6956113506925,215.23179016151835,216.6956113506925,76300
2025-08-27,216.51756286621094,216.7351597203399,215.4295785955662,215.4295785955662,58500
2025-08-28,215.340576171875,216.6857135657074,214.78669873183136,216.6857135657074,104200
2025-08-29,216.6956024169922,216.81430122183593,215.63730409632353,215.7559878091387,91300
2025-09-02,216.78460693359375,217.59565251897428,215.76586485870806,216.73516544982547,132400
2025-09-03,216.85385131835938,216.85385131835938,215.16253299825743,215.85489488224644,79800
2025-09-04,217.2890625,218.16933529736525,216.83408309042687,217.5363303092827,97800
2025-09-05,217.94183349609375,218.66385120835756,216.67582363403062,217.27914254595674,91800
2025-09-08,217.43740844726562,217.88248746775727,216.20106945032833,217.88248746775727,66600
2025-09-09,218.00119018554688,218.09020297283658,216.79452209552306,216.97254767010247,117800
2025-09-10,215.57797241210938,217.33851799807368,214.62845738869873,217.01212268040217,264700
2025-09-11,217.66490173339844,217.99128194167335,215.91424151978148,215.91424151978148,110500
2025-09-12,217.05166625976562,217.77368399149626,216.7351713317306,217.30883442407426,68300
2025-09-15,214.90538024902344,217.03187720434778,214.90538024902344,216.87363728882795,336500
2025-09-16,215.50872802734375,215.98347798828857,214.63834052225394,215.2120036422423,62300
2025-09-17,217.16046142578125,218.32757324217206,216.2208468423993,216.2208468423993,90400
2025-09-18,215.13287353515625,216.44834005599617,215.1032026062074,215.5878529324207,132700
2025-09-19,214.1734619140625,215.5482702200093,214.13390570823466,215.5482702200093,77600
2025-09-22,212.18544006347656,213.66904684064647,211.9975141236438,213.61959026300175,197000
2025-09-23,212.73931884765625,212.84811728234615,211.1666992760712,212.3140254797049,140900
2025-09-24,212.88946533203125,213.75450103709662,212.66078069644738,212.66078069644738,104300
2025-09-25,211.42784118652344,213.77438857025993,211.2886398659546,213.73462326658571,159100
2025-09-26,211.53721618652344,211.66647997501138,210.29434182585055,211.1593775259009,176800
2025-09-29,211.92498779296875,211.92498779296875,210.42360105962433,211.72613093392667,160200
2025-09-30,212.51162719726562,212.95905893645238,211.49745263425731,211.74602750845065,79600
2025-10-01,212.03436279296875,212.312765431895,210.85114399162924,212.18350164531998,129200
2025-10-02,211.30853271484375,211.62670066358731,210.56280809433719,211.2289869347063,139900
2025-10-03,211.62669372558594,212.40224609174243,211.10966892935213,211.10966892935213,95700
2025-10-06,210.06565856933594,211.29858023325377,209.88667677088597,211.29858023325377,112400
2025-10-07,211.8553924560547,211.94487576589665,209.2900980379449,210.16507124274258,123500
2025-10-08,210.88096618652344,211.78578232501386,210.5329704829694,211.78578232501386,90900
2025-10-09,211.75596618652344,211.97471329074082,210.7914944556939,211.70624817705468,118900
2025-10-10,211.60682678222656,213.3766786777273,211.55710877288652,212.29288069261668,115700
2025-10-13,211.04006958007812,211.57698463627716,210.0457700767562,210.86110295194723,119500
2025-10-14,214.63941955566406,214.78857357773393,211.21902698608682,211.41789901551329,231100
2025-10-15,215.19622802734375,216.5584286245139,214.63942274899944,214.77862406858551,121600
2025-10-16,213.57553100585938,216.29990186686211,213.0187257254152,215.66355080752507,103400
2025-10-17,216.2501983642578,216.30985390529221,214.32125495451373,214.32125495451373,84100
2025-10-20,215.9618377685547,216.9263094499733,215.5840142939225,216.4987679684195,94300
2025-10-21,215.4348602294922,216.56836099677017,215.0172562806851,216.39933191071532,81400
2025-10-22,216.5087127685547,217.77147736208434,214.6990804241416,215.6735048427361,119400
2025-10-23,215.52435302734375,216.6180885403277,214.51017846636543,216.6180885403277,119000
2025-10-24,214.65931701660156,216.98597418985196,214.65931701660156,216.98597418985196,125000
2025-10-27,214.2914276123047,215.01726198268392,213.63518631600272,215.01726198268392,138800
2025-10-28,212.65081787109375,213.99312819324186,212.5613345620987,213.75449086411615,120000
2025-10-29,208.47476196289062,211.50737829214225,207.9577220054923,211.50737829214225,219000
2025-10-30,207.76882934570312,208.80289414587844,207.74893910767872,208.007451514771,135400
2025-10-31,206.9236602783203,207.57990156014353,206.22765369387403,206.90377004110596,107600
2025-11-03,206.27737426757812,206.63532268286215,205.28307479976755,206.59554220793845,577400
2025-11-04,207.11257934570312,207.5600110657352,205.9392981003998,206.91372248922283,157600
2025-11-05,206.79440307617188,207.84835810499473,205.8199938269327,206.84412108488743,139500
2025-11-06,205.52169799804688,205.98901996401793,204.27882365701876,205.8001006366927,146800
2025-11-07,207.9279022216797,208.32563111641718,206.3370321581477,206.63532503624933,140300
2025-11-10,207.3412628173828,207.84835007435444,206.12821627626113,207.6395556863449,117500
2025-11-11,209.78724670410156,210.0457590996049,207.7986478013834,207.89806864343595,95700
2025-11-12,209.54861450195312,210.43354042844618,209.54861450195312,209.836954674309,65900
2025-11-13,209.4989013671875,210.45343556165028,209.33980980614265,209.51879160526968,116300
2025-11-14,209.39947509765625,209.71764303970016,208.03727450271975,209.11111975425408,115800
2025-11-17,207.95773315429688,210.0755959320338,207.72904851872443,209.37958932041795,118500
2025-11-18,208.2361297607422,209.05146260485455,207.61966894715874,208.24608246535212,143200
2025-11-19,207.00320434570312,208.09692463456963,206.15804374683785,207.84834977276284,211000
2025-11-20,208.87249755859375,209.57844168815504,207.8682453809896,207.97761892988296,120100
2025-11-21,210.77159118652344,212.09401126323996,209.49888911620178,209.6380904310243,123600
2025-11-24,208.3057403564453,210.79148904804967,208.0074474790916,210.79148904804967,207600
2025-11-25,211.51731872558594,211.51731872558594,208.78299522547945,208.78299522547945,131700
2025-11-26,213.75450134277344,214.20193308148828,211.48749970626582,211.48749970626582,323900
2025-11-28,214.80845642089844,214.8283466589224,213.37667789110466,213.37667789110466,209900
2025-12-01,214.73886108398438,215.36527461478883,214.06272954454673,214.50022374562883,212700
2025-12-02,213.64512634277344,214.25164963792523,211.92499247493876,214.25164963792523,281700
2025-12-03,214.1522216796875,215.51440707937516,213.88375657847266,213.88375657847266,138300
2025-12-04,212.99884033203125,213.9931398330969,211.74602842253879,213.79428296724504,146400
2025-12-05,212.63095092773438,214.05279190876234,212.51162467271084,212.86957309416923,103000
2025-12-08,210.7417755126953,212.3724260821249,210.6423546660046,212.3724260821249,125700
2025-12-09,211.45767211914062,211.8156205447852,210.5329808697791,211.09972369349603,129300
2025-12-10,211.54714965820312,212.40224780880186,210.97045414530578,211.88522300838838,117500
2025-12-11,213.39654541015625,213.66501051266306,212.04429753667057,212.04429753667057,96000
2025-12-12,215.04708862304688,215.04708862304688,213.396547858043,213.66501296362938,104100
2025-12-15,215.5044708251953,216.299898257238,214.61954491101292,215.4249250476299,118900
2025-12-16,214.54000854492188,216.01156756492233,214.04285879218327,215.70333714571342,88500
2025-12-17,215.50999450683594,216.0399932861328,214.72999572753906,214.72999572753906,107200
2025-12-18,214.0500030517578,215.69000244140625,213.92999267578125,214.72000122070312,171400
2025-12-19,212.94000244140625,213.89999389648438,212.8800048828125,213.89999389648438,202300
2025-12-22,212.11000061035156,213.11000061035156,211.74000549316406,212.61000061035156,160900
2025-12-23,211.0500030517578,211.8699951171875,210.85000610351562,211.8699951171875,133700
2025-12-24,212.61000061035156,212.77999877929688,211.2100067138672,211.2100067138672,57700
2025-12-26,212.88999938964844,213.33999633789062,212.27999877929688,212.47999572753906,101200
2025-12-29,212.92999267578125,213.33999633789062,212.5399932861328,212.67999267578125,171000
2025-12-30,212.35000610351562,212.89999389648438,212.2100067138672,212.3300018310547,107100
2025-12-31,211.24000549316406,212.25,211.13999938964844,212.0,107100
2026-01-02,210.89999389648438,211.72999572753906,210.0399932861328,211.11000061035156,187300
2026-01-05,210.27000427246094,211.08999633789062,209.0399932861328,210.8300018310547,279200
2026-01-06,210.77000427246094,211.35000610351562,210.0,210.35000610351562,202200
2026-01-07,208.72999572753906,211.1199951171875,208.72999572753906,211.1199951171875,168500
2026-01-08,213.4199981689453,214.22000122070312,208.66000366210938,208.83999633789062,104900
2026-01-09,215.67999267578125,215.82000732421875,213.41000366210938,213.41000366210938,119200
2026-01-12,218.47000122070312,218.74000549316406,215.86000061035156,216.38999938964844,239000
2026-01-13,220.6199951171875,220.77999877929688,218.3800048828125,218.3800048828125,173300
2026-01-14,223.3300018310547,223.52999877929688,220.5,220.5,213400
2026-01-15,223.55999755859375,223.94000244140625,222.49000549316406,222.97999572753906,402800
2026-01-16,223.36000061035156,223.52000427246094,221.97000122070312,223.05999755859375,224800
2026-01-20,223.74000549316406,224.1199951171875,221.4199981689453,222.77000427246094,213800
2026-01-21,224.5800018310547,224.92999267578125,222.4199981689453,223.35000610351562,146100
2026-01-22,224.1999969482422,225.05999755859375,223.8800048828125,224.27000427246094,143600
2026-01-23,225.55999755859375,225.63999938964844,224.44000244140625,224.44000244140625,149900
2026-01-26,225.25,226.64999389648438,224.7100067138672,225.83999633789062,143800
2026-01-27,226.0500030517578,226.16000366210938,224.08999633789062,225.08999633789062,140500
2026-01-28,223.94000244140625,226.42999267578125,223.0399932861328,225.47000122070312,167000
2026-01-29,223.86000061035156,225.27999877929688,223.47999572753906,223.97999572753906,177200
2026-01-30,226.92999267578125,226.92999267578125,223.25999450683594,223.9499969482422,132400
2026-02-02,230.0500030517578,230.42999267578125,226.39999389648438,227.5,238800
2026-02-03,233.63999938964844,234.91000366210938,229.44000244140625,229.44000244140625,234800
2026-02-04,236.02000427246094,237.19000244140625,234.5,234.5,267200
2026-02-05,236.1300048828125,238.16000366210938,235.4499969482422,237.92999267578125,228900
2026-02-06,239.32000732421875,239.67999267578125,236.14999389648438,236.14999389648438,177000
2026-02-09,237.36000061035156,239.8699951171875,236.1300048828125,239.1999969482422,200800
2026-02-10,235.80999755859375,238.0500030517578,235.5800018310547,236.85000610351562,169400
2026-02-11,238.82000732421875,239.8699951171875,235.1699981689453,235.75,150000
2026-02-12,241.86000061035156,243.75,239.07000732421875,239.07000732421875,276700
2026-02-13,242.6300048828125,244.0,240.4600067138672,241.52000427246094,241200
2026-02-17,239.36000061035156,243.94000244140625,238.08999633789062,242.9600067138672,189000
2026-02-18,238.3800048828125,239.97999572753906,237.74000549316406,238.8699951171875,167700
2026-02-19,237.6300048828125,240.4199981689453,237.0,238.92999267578125,177800
2026-02-20,238.1999969482422,238.2100067138672,236.25,237.16000366210938,146500
2026-02-23,241.00999450683594,241.4600067138672,237.72000122070312,237.8300018310547,154600
2026-02-24,243.10000610351562,243.1300048828125,240.36000061035156,240.9600067138672,193200
2026-02-25,241.2899932861328,242.22999572753906,239.49000549316406,242.2100067138672,161100
2026-02-26,240.88999938964844,243.25,240.3000030517578,242.0399932861328,143700
2026-02-27,244.19000244140625,244.3300018310547,241.39999389648438,241.39999389648438,179200
2026-03-02,240.91000366210938,243.3300018310547,240.82000732421875,243.00999450683594,196700
2026-03-03,238.6300048828125,240.0800018310547,236.64999389648438,239.52000427246094,303700
2026-03-04,237.1300048828125,239.0399932861328,236.1199951171875,238.52000427246094,186300
