Date,Close,High,Low,Open,Volume
2014-01-02,34.530094146728516,34.67068287355214,34.42856016137914,34.65506157285413,220400
2014-01-03,34.71755599975586,34.82690215423565,34.56134593073076,34.61601900797066,282000
2014-01-06,34.7566032409668,34.9752955214157,34.72536063534299,34.88157068400315,318600
2014-01-07,34.819087982177734,34.95967374666931,34.71755100500049,34.91281281832506,255600
2014-01-08,34.889373779296875,34.90499507939263,34.748788037351794,34.87375545865947,259700
2014-01-09,34.97528839111328,35.02215228999499,34.77221745487571,34.998721830283266,189200
2014-01-10,34.99872970581055,35.06902408022186,34.81908918886141,35.01435100895294,352100
2014-01-13,34.514469146728516,34.99090833884787,34.451986930091856,34.975287039824174,286900
2014-01-14,34.780025482177734,34.81126808041464,34.53790279448711,34.63943676956982,198500
2014-01-15,35.131500244140625,35.16274284502805,34.93623845778182,34.93623845778182,304300
2014-01-16,34.95966720581055,35.0612041639905,34.889372846987236,35.0612041639905,280500
2014-01-17,34.86594009399414,35.04558055929212,34.803457878848704,34.983098344146676,172800
2014-01-21,34.95966720581055,35.100255923457176,34.772217568587216,35.03777370420216,259300
2014-01-22,35.02994918823242,35.06119177655077,34.920603108575406,35.02994918823242,187200
2014-01-23,34.54570770263672,34.88155814370358,34.38949771013575,34.88155814370358,253000
2014-01-24,33.7959098815918,34.342643471863866,33.78809774174682,34.342643471863866,335000
2014-01-27,33.53816223144531,33.96774053064372,33.366333891224265,33.811530510885966,225900
2014-01-28,33.92087936401367,33.95212196637422,33.68656580522666,33.70218710640693,168700
2014-01-29,33.56159973144531,33.84277720513535,33.47568406121128,33.592839355609684,180300
2014-01-30,33.99116897583008,34.06927249134989,33.73342201159005,33.842771104559176,312700
2014-01-31,33.624080657958984,33.928688582848444,33.428818862059735,33.545977131382706,290200
2014-02-03,32.811771392822266,33.663112436711884,32.76491049647949,33.56938766456955,547900
2014-02-04,33.14764404296875,33.280423624088634,32.835226932288,32.98362483640195,722400
2014-02-05,33.08515548706055,33.17888030439963,32.874272413453944,33.06953418759433,576000
2014-02-06,33.52253723144531,33.530349370273,33.171068450106915,33.171068450106915,620100
2014-02-07,33.858394622802734,33.90525852698511,33.55378669426378,33.678754125958186,169100
2014-02-10,33.97554016113281,33.98334931917408,33.76465714052881,33.97554016113281,919500
2014-02-11,34.2879753112793,34.37388800564426,33.920882152017334,34.069280056239144,1282700
2014-02-12,34.2645378112793,34.45199043919853,34.17862214762708,34.366074775546316,397400
2014-02-13,34.412940979003906,34.45199274342357,33.9755534709112,34.03803867754958,589400
2014-02-14,34.48322677612305,34.506657233059606,34.30358334141644,34.373877691684015,135300
2014-02-18,34.600379943847656,34.639431696195096,34.44416995500018,34.4597912518307,143600
2014-02-19,34.17860794067383,34.71753215976657,34.13174703776643,34.498837021522284,153400
2014-02-20,34.272342681884766,34.32701573271079,34.03021704289966,34.18642703645593,168500
2014-02-21,34.30358123779297,34.42855161234536,34.18642598083668,34.334823831431066,158300
2014-02-24,34.56914138793945,34.74097269368773,34.366070464338996,34.366070464338996,750700
2014-02-25,34.39731979370117,34.60820289763109,34.33483458685142,34.59258159591865,205400
2014-02-26,34.381690979003906,34.52227968423616,34.24891143319211,34.42855487390066,177400
2014-02-27,34.54570770263672,34.54570770263672,34.26453031202653,34.34263679800591,117300
2014-02-28,34.76439666748047,34.90498534969507,34.537895327874736,34.56913493989991,168700
2014-03-03,34.47541809082031,34.53009114878734,34.25672585895221,34.47541809082031,406600
2014-03-04,35.131500244140625,35.154930705076985,34.81908317364159,34.81908317364159,222100
2014-03-05,35.33457565307617,35.342384813896494,35.10025911604705,35.10807125632591,205500
2014-03-06,35.51420974731445,35.57669196099412,35.43610325589238,35.45172455417679,183200
2014-03-07,35.592323303222656,35.764154653383024,35.47516502275716,35.72510288638081,368800
2014-03-10,35.584510803222656,35.6313717274455,35.420488630067034,35.56888950199552,187300
2014-03-11,35.35800552368164,35.65480428068539,35.30333246047812,35.65480428068539,236600
2014-03-12,35.365806579589844,35.365806579589844,35.108062623477345,35.186166130309545,141600
2014-03-13,35.00653076171875,35.49077912916716,34.944048543076164,35.48296996913368,380600
2014-03-14,34.88154983520508,35.17834845231615,34.81906764076211,34.90498028568906,164300
2014-03-17,35.2095947265625,35.303319517770746,35.10024566078592,35.108057798070085,167800
2014-03-18,35.373619079589844,35.40486167442525,35.2095999258907,35.22521824385057,194300
2014-03-19,35.24864959716797,35.50639354068765,35.100248770196416,35.412668741176645,188800
2014-03-20,35.76414489746094,35.803196653810424,35.147117016981774,35.20179007176266,323100
2014-03-21,35.77196502685547,36.131246062581475,35.709482793426965,36.10000643559669,330100
2014-03-24,35.67822265625,35.92815742607479,35.51420352220076,35.889105676937945,305100
2014-03-25,35.664913177490234,35.891979207060224,35.53963588304581,35.82151054225734,203700
2014-03-26,35.31257247924805,35.87632183959038,35.31257247924805,35.82934173061302,506600
2014-03-27,35.155975341796875,35.367378348554894,34.97588643154979,35.28908115989239,439300
2014-03-28,35.2812614440918,35.50049601655799,35.17947268394091,35.20296124903456,310100
2014-03-31,35.64925765991211,35.696237771349594,35.51615182444259,35.539640386737986,188500
2014-04-01,35.845001220703125,35.86066125679027,35.641426725263145,35.790192587821345,293600
2014-04-02,35.89981460571289,35.938966194536576,35.75104872346226,35.84500596557598,322900
2014-04-03,35.82151794433594,35.94679526466739,35.69624062400449,35.94679526466739,318300
2014-04-04,35.4378547668457,36.01726424499966,35.422197715164494,35.985944167943344,224100
2014-04-07,34.9367561340332,35.422208515886325,34.913267562502455,35.3360797711431,246600
2014-04-08,35.015045166015625,35.0698538066456,34.73317045029184,34.9289164487837,223300
2014-04-09,35.25777053833008,35.29692212999976,34.93674719982951,35.15598476316077,225500
2014-04-10,34.50608825683594,35.242091792101085,34.45127964180797,35.226434747960674,281300
2014-04-11,34.10678482055664,34.49827682865227,34.02065610088008,34.138101911200586,304800
2014-04-14,34.36515808105469,34.521755436496136,34.02064628856039,34.45911529958111,203200
2014-04-15,34.61571502685547,34.68618369229026,34.161585950489545,34.43562910115464,240100
2014-04-16,34.874107360839844,34.96806460259366,34.59223264873153,34.780147132239165,235900
2014-04-17,34.9367561340332,35.00722483547331,34.772330159622236,34.9367561340332,274600
2014-04-21,34.9367561340332,34.999396307245675,34.85845890436546,34.94458764910869,185700
2014-04-22,35.17945861816406,35.265587304866735,34.88192396960369,34.975881179258494,183800
2014-04-23,35.21862030029297,35.242108864727854,35.09334297856199,35.11683154299688,203900
2014-04-24,35.17164993286133,35.336078890020026,35.06986413420092,35.336078890020026,174400
2014-04-25,34.88193893432617,35.109005026347745,34.84279032907865,35.069856421100226,115800
2014-04-28,34.71751403808594,34.92892009695923,34.40431921304834,34.85845141066813,309700
2014-04-29,34.960235595703125,34.98372415910652,34.80363820370458,34.850615330511374,412200
2014-04-30,35.05418014526367,35.07766870016335,34.8192856357297,34.866262745529056,151300
2014-05-01,35.07767868041992,35.12465879043173,34.86627266563666,34.96806141057228,199900
2014-05-02,35.10900115966797,35.367384315322624,35.030703957796085,35.09334112192423,123500
2014-05-05,34.95240020751953,34.99154880446633,34.69401707819344,34.88976304977395,110200
2014-05-06,34.53741455078125,35.09333231028708,34.521754516969615,34.83494921951022,172200
2014-05-07,34.95240020751953,34.96806024366755,34.584396825157306,34.584396825157306,135800
2014-05-08,34.991554260253906,35.21079181366261,34.88193697697304,34.91325705415242,275300
2014-05-09,34.991554260253906,35.02287433743329,34.80363977087154,35.01504581156192,106200
2014-05-12,35.39870071411133,35.406532225593175,35.12465754917653,35.12465754917653,169500
2014-05-13,35.265594482421875,35.46916897591482,35.265594482421875,35.41436034355724,157800
2014-05-14,34.991554260253906,35.265600455303044,34.95240565720316,35.25776894258472,138800
2014-05-15,34.64705276489258,34.93675609858671,34.38083800270537,34.93675609858671,163500
2014-05-16,34.709693908691406,34.709693908691406,34.46696771122332,34.65488226222938,123200
2014-05-19,34.91325759887695,34.928917637710974,34.576574231063006,34.576574231063006,409200
2014-05-20,34.686180114746094,34.8740975321391,34.56090283209943,34.85060598818621,786600
2014-05-21,34.88193893432617,34.99155622375807,34.787981684362705,34.81930176329957,113100
2014-05-22,35.015045166015625,35.085513844946576,34.866276295579794,34.881936333880766,109800
2014-05-23,35.14031982421875,35.163808386467856,34.99938247703077,34.99938247703077,127700
2014-05-27,35.48484420776367,35.59446151942098,35.265609584449045,35.27343811234697,208900
2014-05-28,35.39870071411133,35.49266093081453,35.32040352037181,35.49266093081453,117700
2014-05-29,35.46134948730469,35.48483805377266,35.328240641342674,35.46134948730469,136000
2014-05-30,35.539642333984375,35.56313089756674,35.43002505480423,35.43002505480423,105300
2014-06-02,35.64142608642578,35.664914646712255,35.39087148721529,35.602277490332845,133100
2014-06-03,35.68059158325195,35.69625162647606,35.50833409463458,35.55531422430691,157900
2014-06-04,35.80585861206055,35.829347176696245,35.610112608504444,35.610112608504444,242400
2014-06-05,36.19734573364258,36.205177245362115,35.7197250715343,35.89198248720524,156200
2014-06-06,36.43224334716797,36.46356342296497,36.19734875238415,36.25215739160548,188900
2014-06-09,36.5496940612793,36.612331229322514,36.40875669962332,36.44007677706842,698400
2014-06-10,36.47922134399414,36.50270990605544,36.36177255999431,36.48704986906569,271300
2014-06-11,36.23649215698242,36.35394093095425,36.158194965565464,36.34610941970472,132300
2014-06-12,36.06423568725586,36.220830061183094,35.99376702425011,36.189512978505384,122700
2014-06-13,36.06423568725586,36.213001537225225,36.01725558296995,36.126872839457505,111200
2014-06-16,35.93113327026367,36.0329220208815,35.821515994296824,35.962453345353275,900400
2014-06-17,36.29130172729492,36.3226217994106,35.876321225724894,35.876321225724894,201600
2014-06-18,36.487056732177734,36.526208325439754,36.142544814141374,36.299142226647795,130600
2014-06-19,36.45573043823242,36.54185615586917,36.33045313721499,36.52619910673264,139900
2014-06-20,36.59667205810547,36.62016062140556,36.49488330572704,36.5575204701429,130900
2014-06-23,36.651485443115234,36.66714548295875,36.49488803152725,36.6201653634282,188100
2014-06-24,36.41301345825195,36.75140997315388,36.38940537648274,36.58614739667945,155500
2014-06-25,36.475982666015625,36.49959375845346,36.20054493795829,36.35006784718283,108900
2014-06-26,36.365806579589844,36.42876548830632,36.11397694881594,36.42089412369376,103300
2014-06-27,36.46023941040039,36.475976133145714,36.24775762879203,36.24775762879203,136400
2014-06-30,36.499603271484375,36.53107973286184,36.405164881211384,36.46812380806004,199900
2014-07-01,36.71992874145508,36.908802392547024,36.609753695836794,36.609753695836794,244900
2014-07-02,36.66486358642578,36.80651816065137,36.633384125031945,36.751430604235495,141000
2014-07-03,36.893089294433594,36.94030548974535,36.830130364621915,36.83800173187188,229200
2014-07-07,36.71992874145508,36.8458435081681,36.64123313802626,36.8458435081681,497700
2014-07-08,36.468116760253906,36.70420668621607,36.365810024919995,36.67272722887544,241700
2014-07-09,36.507469177246094,36.59403619480859,36.41303379538094,36.53894863855003,145600
2014-07-10,36.334327697753906,36.397286607462426,36.09036942774849,36.13758560798384,147800
2014-07-11,36.350074768066406,36.38942559560631,36.12972454366689,36.23989965586665,98100
2014-07-14,36.562557220458984,36.67273233444346,36.5153410299209,36.59403668218218,143500
2014-07-15,36.78290939331055,36.861605043310064,36.59403563044644,36.751429932492094,157900
2014-07-16,36.67272186279297,36.86946393931449,36.60189459516339,36.853727214993114,111300
2014-07-17,36.25563430786133,36.65698987699273,36.2084151226558,36.56255150658168,211900
2014-07-18,36.625511169433594,36.66485899022002,36.37368151394492,36.38154987728369,127300
2014-07-21,36.507469177246094,36.56255673350465,36.38155433407701,36.53107727220072,387300
2014-07-22,36.64125061035156,36.70420652270608,36.59403142455097,36.64125061035156,141700
2014-07-23,36.71992874145508,36.78288762583401,36.609753695836794,36.64123313802626,105500
2014-07-24,36.8065071105957,36.86946301243607,36.7592879326811,36.77502765865263,161700
2014-07-25,36.61763000488281,36.74354479893136,36.562542470114415,36.7278050744196,128500
2014-07-28,36.625511169433594,36.65699062688125,36.39728960600752,36.64125089815742,525700
2014-07-29,36.444515228271484,36.70421329296154,36.420904129992884,36.633386002219375,462100
2014-07-30,36.5546875,36.67273097401292,36.350074008436394,36.57042723027771,225700
2014-07-31,35.854278564453125,36.381545909996305,35.83853883744566,36.373677547515555,317700
2014-08-01,35.531620025634766,35.877884997676105,35.421441941668775,35.720490736913376,285300
2014-08-04,35.77558135986328,35.830668905569034,35.49227226649307,35.65753790565642,195900
2014-08-05,35.484405517578125,35.75197489548097,35.38209878430892,35.64966816221177,118000
2014-08-06,35.61819076538086,35.76771669235546,35.36636110126684,35.36636110126684,120500
2014-08-07,35.484405517578125,35.8149308068454,35.40570987786103,35.783454352186304,78900
2014-08-08,35.791316986083984,35.79918835002343,35.42144093411943,35.49226819934571,111100
2014-08-11,35.854278564453125,36.01954119496254,35.83853883744566,35.90936610795627,594100
2014-08-12,35.877891540527344,35.98806664253952,35.78345616766639,35.81493262392245,136000
2014-08-13,36.10610580444336,36.14545361833659,35.98019099875755,35.995930724724,80700
2014-08-14,36.25563430786133,36.27137403626317,36.13758784587062,36.13758784587062,80200
2014-08-15,36.137577056884766,36.413017718614,35.92509829201167,36.3500588238032,91700
2014-08-18,36.48385238647461,36.515331840275515,36.32645811951603,36.32645811951603,598800
2014-08-19,36.5704231262207,36.649118766731156,36.54681203243056,36.55468339770936,178600
2014-08-20,36.68058776855469,36.712067216604666,36.46810599728539,36.53106189133996,124500
2014-08-21,37.02684783935547,37.08193536520214,36.6884513222716,36.75141021012209,157600
2014-08-22,36.90882110595703,37.08982348725053,36.86947028224623,37.018996207436,125200
2014-08-25,37.16850280761719,37.28654922281546,37.066196114581686,37.10554692101114,129900
2014-08-26,37.28657150268555,37.36526715847743,37.18426474851862,37.21574421165411,161600
2014-08-27,37.223609924316406,37.33378503539406,37.16065400457773,37.33378503539406,204900
2014-08-28,37.08195114135742,37.129170327334236,36.995384134756414,37.05834304939216,117700
2014-08-29,37.25507736206055,37.28655681279398,37.11342283580572,37.14490228653916,102500
2014-09-02,37.41249084472656,37.44397031164131,37.22361704528527,37.34166354519198,211300
2014-09-03,37.357391357421875,37.585609914608305,37.28656408048919,37.577741551414114,370300
2014-09-04,37.32590866088867,37.56199856282435,37.2472130275921,37.436083748322254,142700
2014-09-05,37.40460205078125,37.40460205078125,37.08981653442879,37.262947517706614,110200
2014-09-08,37.42034912109375,37.538395589172566,37.31017401864492,37.373132935499335,148200
2014-09-09,37.089820861816406,37.34165050509846,37.05047304293724,37.34165050509846,130100
2014-09-10,37.17639923095703,37.231486794639665,37.02687327063525,37.097700567091074,272400
2014-09-11,37.278690338134766,37.30230143030423,37.018992340638995,37.018992340638995,139100
2014-09-12,37.13703536987305,37.349517184699295,37.02686028115855,37.24721346063356,175900
2014-09-15,37.08195114135742,37.176389513311044,37.01112386341535,37.10556223536897,164200
2014-09-16,37.20785140991211,37.29441838264124,37.01898074399866,37.01898074399866,163400
2014-09-17,37.37312316894531,37.56986522963201,37.19998919488643,37.24720837018765,195100
2014-09-18,37.68791198730469,37.73513116676866,37.50690963576161,37.50690963576161,347500
2014-09-19,37.5462532043457,37.8689100557412,37.4518178581446,37.80595415895564,157400
2014-09-22,37.26295471191406,37.56200356192397,37.231478255633846,37.56200356192397,149400
2014-09-23,36.96390151977539,37.333774574462325,36.96390151977539,37.15277222811642,226700
2014-09-24,37.16244888305664,37.17036084303978,36.89349957667319,37.06752648595913,268500
2014-09-25,36.632469177246094,37.107084270268146,36.61664827180814,37.107084270268146,600800
2014-09-26,36.97261428833008,37.035894898009154,36.66411113198275,36.99634413976855,198900
2014-09-29,36.838138580322266,36.89351024610309,36.58501010317294,36.64038176895376,583200
2014-09-30,36.727386474609375,36.948873084819645,36.67992376490914,36.9251432387339,197200
2014-10-01,36.33978271484375,36.719475348485915,36.26859015744029,36.64037384805044,345200
2014-10-02,36.4347038269043,36.56126802314834,36.11038288543341,36.300227671035245,176900
2014-10-03,36.89350509643555,36.948876754487486,36.62455574981368,36.69574831267032,234000
2014-10-06,36.838138580322266,37.107087964484606,36.75112510051541,37.075446150458575,448700
2014-10-07,36.23695373535156,36.695747899404864,36.23695373535156,36.68783895585611,193100
2014-10-08,36.88559341430664,36.88559341430664,36.16575889554494,36.23695145311605,197800
2014-10-09,36.19740295410156,36.8381360655054,36.19740295410156,36.80649425363945,206100
2014-10-10,35.928462982177734,36.505915638360065,35.920554035908005,36.15786165189071,288300
2014-10-13,35.667415618896484,36.18158449221615,35.65950667481999,35.95218588611789,172600
2014-10-14,35.89680480957031,36.14993319903388,35.714868968238896,35.78606151637105,750700
2014-10-15,35.27190017700195,35.53293756322614,34.59161635604035,35.44592711283745,661700
2014-10-16,35.3193473815918,35.56456375528155,34.57578026775129,34.67070565517417,306200
2014-10-17,35.71487045288086,35.857255555064015,35.53293158645795,35.75442119959206,330000
2014-10-20,35.960086822509766,35.967998782353625,35.63576587206806,35.63576587206806,2901200
2014-10-21,36.6008186340332,36.624548477764016,36.14993349797708,36.17366334170789,244200
2014-10-22,36.33978271484375,36.727387309046755,36.32396181125089,36.6561947516433,339500
2014-10-23,36.65619659423828,36.853953372796425,36.592912976685774,36.73529809864995,129500
2014-10-24,36.917236328125,36.948878138919994,36.632469083557574,36.632469083557574,146300
2014-10-27,36.996334075927734,37.020063920911156,36.74320567100922,36.82230716597303,401000
2014-10-28,37.43930435180664,37.43930435180664,37.13080132833754,37.13080132833754,130100
2014-10-29,37.48678207397461,37.55006570437958,37.209923734776844,37.439322368700466,181300
2014-10-30,37.67661666870117,37.779448005572405,37.36811662303042,37.37602556527877,148700
2014-10-31,38.13541030883789,38.167052112516245,37.96138642366392,38.06421775932584,243000
2014-11-03,38.24615478515625,38.38063094617739,38.15123238871865,38.1749622334459,305500
2014-11-04,38.28570556640625,38.28570556640625,37.993023422443365,38.17495925874205,165800
2014-11-05,38.507198333740234,38.523019237377106,38.301529603989664,38.523019237377106,274300
2014-11-06,38.53883743286133,38.53883743286133,38.34898962008838,38.467644880262554,209700
2014-11-07,38.56257629394531,38.633768863189154,38.38854934300941,38.53093448149709,240900
2014-11-10,38.744510650634766,38.744510650634766,38.55466581854305,38.55466581854305,159100
2014-11-11,38.65748977661133,38.76032413452932,38.63375993152588,38.752415192010375,122500
2014-11-12,38.57838439941406,38.617935143086285,38.42017840719685,38.499279894541296,248700
2014-11-13,38.53093719482422,38.67332234333858,38.420193860986274,38.641680528662164,136300
2014-11-14,38.42018508911133,38.594212012569294,38.364813434834495,38.507198550840315,173700
2014-11-17,38.3885498046875,38.43601252393064,38.261985570901814,38.34899904741623,186600
2014-11-18,38.49137878417969,38.610034056865985,38.36481456816114,38.41227728074144,148200
2014-11-19,38.35690689086914,38.45973824522721,38.21452176595747,38.45973824522721,219000
2014-11-20,38.412269592285156,38.428090493311934,38.13540835060895,38.16705015266251,106000
2014-11-21,38.59421157836914,38.80778924997504,38.53092796417681,38.75241759632115,189300
2014-11-24,38.831520080566406,38.85524992772547,38.65749315465628,38.65749315465628,254100
2014-11-25,38.791969299316406,38.894800648611685,38.69704387569616,38.87107080147106,325400
2014-11-26,38.9106330871582,38.91854505023641,38.78406883567491,38.83153156155481,213800
2014-11-28,38.886905670166016,39.08466251409842,38.85526385092964,38.86317581450372,85300
2014-12-01,38.554656982421875,38.791964476913975,38.51510321873277,38.791964476913975,230100
2014-12-02,38.886905670166016,38.926456435446504,38.562584566818074,38.562584566818074,126500
2014-12-03,39.08463668823242,39.11627848656092,38.87897103415314,38.97389341161065,145600
2014-12-04,39.10837936401367,39.1558420770842,38.89480168148974,39.06882861188605,161000
2014-12-05,39.46432876586914,39.55925114224496,39.24284221514959,39.266572054861555,259300
2014-12-08,39.59880447387695,39.81238208157844,39.39313580681867,39.39313580681867,2375900
2014-12-09,39.622554779052734,39.622554779052734,39.06092615992921,39.15584858431627,2381100
2014-12-10,39.02137756347656,39.55927334316204,38.99764469291762,39.48808076654446,424600
2014-12-11,39.15583801269531,39.45642912921595,39.10837530455143,39.14001710998069,222300
2014-12-12,38.44391632080078,39.08464936590808,38.42809843403374,38.94226424477312,185100
2014-12-15,38.09585952758789,38.69703870927527,37.93765352687169,38.65748796347834,298300
2014-12-16,37.7952766418457,38.43600972610593,37.755725887453394,37.906019961155806,252500
2014-12-17,38.625850677490234,38.64166856240055,37.89019531048809,37.89019531048809,210500
2014-12-18,39.43269729614258,39.43269729614258,39.0134539246069,39.171659938355994,259600
2014-12-19,39.480159759521484,39.630453812005825,39.31404480400794,39.55135231438853,206700
2014-12-22,39.73577880859375,39.73577880859375,39.46503390989643,39.56855178463761,226200
2014-12-23,39.918922424316406,40.062258112837576,39.815401529790215,39.91095764291297,200000
2014-12-24,39.918922424316406,40.030405062571965,39.895031117780164,40.022440281168535,171300
2014-12-26,39.918922424316406,40.030405062571965,39.91095764291297,39.99059026857699,129800
2014-12-29,40.094120025634766,40.245420540466384,39.83930162322621,39.83930162322621,1123600
2014-12-30,40.04634094238281,40.12597054897395,39.942820023674514,40.03041441352963,185800
2014-12-31,39.58448028564453,40.14189663870916,39.55262722828661,40.11004358135124,250500
2015-01-02,39.592437744140625,39.86318260624512,39.32169288203613,39.86318260624512,276700
2015-01-05,38.88373947143555,39.48893250082494,38.81207159606407,39.48893250082494,334400
2015-01-06,38.3502082824707,38.995219110402985,38.1989107963669,38.971327795362804,462700
2015-01-07,38.756309509277344,38.80408908358873,38.42982334566784,38.68464470432126,225900
2015-01-08,39.281890869140625,39.353555701745925,39.058922474004056,39.10670206674943,259000
2015-01-09,38.812049865722656,39.36150124415666,38.772232039062224,39.36150124415666,218100
2015-01-12,38.541316986083984,38.89169149043943,38.41390779925704,38.82002363299461,220200
2015-01-13,38.42186737060547,38.971318888145625,38.12723421230201,38.74039183848856,268500
2015-01-14,37.96798324584961,38.047612867614276,37.48223465512924,37.89631537119127,320900
2015-01-15,37.561866760253906,37.999838821941644,37.47427538559191,37.90427962429584,374400
2015-01-16,38.039634704589844,38.039634704589844,37.33888279230235,37.42647716104754,320100
2015-01-20,37.784812927246094,38.19889342677748,37.64943899582537,38.15111385609833,2304100
2015-01-21,37.88037872314453,38.03964096181738,37.54593075583865,37.784822595010645,1646900
2015-01-22,38.8279914855957,38.85188280028502,37.89631222994017,38.063536244389866,445200
2015-01-23,38.43779754638672,38.84391339569654,38.43779754638672,38.68465418431214,273300
2015-01-26,38.676692962646484,38.692619492786456,38.27057707593985,38.374094965337115,495300
2015-01-27,38.334266662597656,38.549270187279085,38.190930979476704,38.32630491916825,538400
2015-01-28,37.66537094116211,38.51742032937662,37.66537094116211,38.51742032937662,313800
2015-01-29,37.96798324584961,38.02372458861995,37.514087718905245,37.71316481099226,196500
2015-01-30,37.39463806152344,37.912239685747416,37.35482325296971,37.681309543390554,275400
2015-02-02,37.88833999633789,37.92815479289956,37.13980845521167,37.466294647296216,454700
2015-02-03,38.533355712890625,38.54132049648473,38.0874250372176,38.0874250372176,280500
2015-02-04,38.44575119018555,38.70056951991224,38.37408334509528,38.39797465190811,331700
2015-02-05,38.835941314697266,38.89168263138219,38.501490376913786,38.50945515796817,203400
2015-02-06,38.98725128173828,39.37744366172379,38.915583417564406,39.11466048052795,219200
2015-02-09,38.812049865722656,38.97927380207122,38.740382030477036,38.85982639743729,198000
2015-02-10,39.05891418457031,39.098728984570684,38.780207546893195,39.0668789671751,198600
2015-02-11,39.0429801940918,39.130574559953935,38.827976669977616,38.9952036582935,224100
2015-02-12,39.48095703125,39.50484530217919,39.08280298150044,39.12261777894053,158800
2015-02-13,39.44911193847656,39.57652113859874,39.2898496789051,39.480964997925845,161400
2015-02-17,39.576515197753906,39.64021826941504,39.401326434755454,39.40929121725965,197100
2015-02-18,39.369476318359375,39.496885508865084,39.26595843947486,39.488923763441164,186500
2015-02-19,39.2022590637207,39.32170652933389,39.122629445095406,39.29781521360611,221700
2015-02-20,39.47300338745117,39.504856449461116,38.92355173731803,39.10670228736241,239800
2015-02-23,39.4172477722168,39.4172477722168,39.21817076326621,39.40132124697986,247300
2015-02-24,39.49687957763672,39.648180057042886,39.42521172888492,39.45706478114666,154500
2015-02-25,39.49687957763672,39.648180057042886,39.44113825501579,39.44910303691835,189000
2015-02-26,39.409297943115234,39.48892755570039,39.27392395651046,39.48892755570039,162600
2015-02-27,39.289852142333984,39.4331878811678,39.24207255016434,39.33763173450363,195700
2015-03-02,39.56059646606445,39.60041127340771,39.25799846244057,39.28188977698659,248700
2015-03-03,39.47300338745117,39.55263300480084,39.2818910907419,39.48096817179125,203200
2015-03-04,39.226139068603516,39.34558650902409,39.106694665857546,39.33762476391086,172400
2015-03-05,39.361507415771484,39.4092869926513,39.18631867155296,39.281877825312606,221700
2015-03-06,39.019100189208984,39.61633131455402,38.955394077755045,39.31373336049698,317300
2015-03-09,39.19429016113281,39.25003149152874,39.05891618897507,39.066880971988596,246000
2015-03-10,38.51742935180664,38.883733456864704,38.501502822223685,38.883733456864704,326200
2015-03-11,38.764278411865234,38.835946262114945,38.589089658438304,38.62094271136581,409600
2015-03-12,39.56855010986328,39.57651489230601,39.02706033538767,39.02706033538767,408800
2015-03-13,39.313720703125,39.520762461016936,39.07482893743505,39.480947673014214,283400
2015-03-16,39.719852447509766,39.767628993691076,39.48892234871809,39.51281062180875,385000
2015-03-17,39.68799591064453,39.75966376130524,39.44113930555222,39.59243978898836,237000
2015-03-18,39.93485641479492,40.04633907389084,39.47299621262654,39.60040539983254,236000
2015-03-19,39.62429428100586,39.81540958358392,39.472996818151124,39.75170347016634,196500
2015-03-20,40.18170166015625,40.213554709760196,39.735771116397004,39.77558590956494,210300
2015-03-23,40.006526947021484,40.30116014256856,40.006526947021484,40.16578616342001,281400
2015-03-24,39.68003463745117,39.95874126128928,39.68003463745117,39.94281473454505,253800
2015-03-25,39.110599517822266,39.73266761145909,39.08667171569555,39.73266761145909,290600
2015-03-26,39.030853271484375,39.19035880175659,38.783622589761634,38.95110202750574,218000
2015-03-27,39.00693893432617,39.05479151889456,38.87136117485603,39.02288979584897,248900
2015-03-30,39.53329849243164,39.62900060302635,39.22226435126243,39.22226435126243,277900
2015-03-31,39.3020133972168,40.47437559488533,39.230236057720454,39.36581682890913,276700
2015-04-01,39.27012252807617,39.38974942280087,38.99098702242051,39.27012252807617,232200
2015-04-02,39.509368896484375,39.53329366063013,39.24618432162159,39.24618432162159,238600
2015-04-06,39.573158264160156,39.644935578928916,39.16642217534657,39.25415034254327,179700
2015-04-07,39.341896057128906,39.63697935287481,39.333919106200014,39.62102849333241,257100
2015-04-08,39.46949768066406,39.58912455705927,39.35784167012057,39.38974338741871,191000
2015-04-09,39.42961120605469,39.509365483509164,39.19833140722322,39.43758815495744,236900
2015-04-10,39.437591552734375,39.52531974433529,39.389738982138915,39.46949326646469,232800
2015-04-13,39.573158264160156,39.676837283784806,39.4136527821947,39.4136527821947,183500
2015-04-14,39.573158264160156,39.644935578928916,39.365803267224884,39.59708606395909,213100
2015-04-15,39.708740234375,39.852294868416074,39.58113645326228,39.66088767558993,168700
2015-04-16,39.76456832885742,39.876221261619676,39.47745904900348,39.692791008893934,221000
2015-04-17,39.2541618347168,39.54127117784686,39.11858107054319,39.54127117784686,251100
2015-04-20,39.437591552734375,39.541270601200445,39.35783726840861,39.41366374627921,216900
2015-04-21,39.28605651855469,39.589116688018,39.246180901015606,39.54924107047892,198200
2015-04-22,39.53329849243164,39.56520021006829,39.19036263362578,39.333917320675454,163900
2015-04-23,39.58114242553711,39.66887060872303,39.40568605916526,39.45353862517065,750500
2015-04-24,39.49341583251953,39.58911792606909,39.41366155263265,39.58911792606909,1007900
2015-04-27,39.341896057128906,39.740658418742704,39.309994338044106,39.54925114654931,1216900
2015-04-28,39.58114242553711,39.58114242553711,39.17440322027775,39.309983969469066,2190900
2015-04-29,39.517337799072266,39.68481721151179,39.38973400259722,39.38973400259722,1038100
2015-04-30,39.17440414428711,39.5173399362948,39.01489862948812,39.40568698862991,185900
2015-05-01,39.421630859375,39.46948341803028,39.29402707860836,39.30997793149345,158100
2015-05-04,39.74064636230469,39.75659417469349,39.50138658407026,39.50138658407026,408300
2015-05-05,39.38975143432617,39.77256299316255,39.32595102901136,39.692811725940075,210900
2015-05-06,39.2302360534668,39.54924712726374,38.95907755343392,39.45354502205068,236800
2015-05-07,39.49341583251953,39.597094875215134,39.10262746686055,39.15845394162402,260200
2015-05-08,39.96395492553711,39.99585663708458,39.716721224516206,39.724698173560405,252500
2015-05-11,39.860260009765625,40.075591913482846,39.78050880497263,39.96393900984727,274300
2015-05-12,39.76456832885742,39.84431955445496,39.42163258262235,39.708741862476295,266200
2015-05-13,39.756591796875,39.90812338633572,39.70076532990977,39.79647045240526,320200
2015-05-14,40.107513427734375,40.13941514233823,39.860279703026954,39.90813227493273,326300
2015-05-15,39.987884521484375,40.18726567928381,39.884205467580465,40.147390056186936,336600
2015-05-18,40.211181640625,40.25106029730566,39.91609844353716,39.955974057903454,422500
2015-05-19,40.442466735839844,40.522221011368565,40.26701341430572,40.26701341430572,430900
2015-05-20,40.314857482910156,40.49031382302045,40.25903101875036,40.49031382302045,315000
2015-05-21,40.211181640625,40.31486067182887,40.171306026258705,40.26701115151506,249800
2015-05-22,40.19523239135742,40.298908376539494,40.139405924778075,40.19523239135742,193200
2015-05-26,39.84431838989258,40.15535241987209,39.74861631350984,40.123453755953946,3469800
2015-05-27,40.20320129394531,40.23510299725331,39.87621644082312,39.90811814413111,195200
2015-05-28,40.17928695678711,40.195237812577425,39.94800411129947,40.12346048267832,221300
2015-05-29,39.828369140625,40.17928183868286,39.74861791414691,40.13940622544382,293300
2015-06-01,39.892181396484375,40.05168692710413,39.772551487940824,40.011808262712975,300600
2015-06-02,39.96395492553711,40.07560787363859,39.732672080289944,39.844325028391424,240600
2015-06-03,40.19523239135742,40.338787031794105,39.99585128434139,40.0756025102221,500800
2015-06-04,39.90015411376953,40.171312595040085,39.8523045856314,40.09953526051803,405300
2015-06-05,40.099544525146484,40.29095180886647,39.95598982293539,40.12347233705871,413700
2015-06-08,39.90015411376953,40.171312595040085,39.884203256951864,40.13143697415336,602900
2015-06-09,39.971920013427734,40.09952378915026,39.764565018746374,39.96394610845745,633500
2015-06-10,40.53020095825195,40.625903060835014,40.123464740537706,40.14738950560473,761100
2015-06-11,40.665775299072266,40.74552653156881,40.530194553050734,40.641847495471694,498600
2015-06-12,40.554115295410156,40.66577126908048,40.4344884585204,40.60196785555458,467100
2015-06-15,40.38663864135742,40.49031767422158,40.13143105454903,40.39461558974704,400300
2015-06-16,40.633872985839844,40.65779774677068,40.306888069755686,40.34676368541191,512100
2015-06-17,40.546142578125,40.761474541614135,40.47436525696195,40.633870753136975,592900
2015-06-18,40.92098617553711,40.99276350746606,40.578050372133795,40.6976772304722,882900
2015-06-19,40.61791229248047,40.84919506650456,40.60196144161877,40.82526726905514,382600
2015-06-22,40.857173919677734,41.05655501612881,40.84920001443789,40.88907562526529,463400
2015-06-23,41.00074005126953,41.056566530547386,40.90503794998106,40.96086442925891,380100
2015-06-24,40.665775299072266,40.98478327137294,40.665775299072266,40.89705509023804,307800
2015-06-25,40.41853332519531,40.80134463887197,40.39460856881361,40.793370734182695,745500
2015-06-26,40.593231201171875,40.64130955935834,40.44098765191934,40.51310366086417,297300
2015-06-29,39.647705078125,40.30476058267874,39.607641314514495,40.1364909415131,668000
2015-06-30,39.799949645996094,40.0643759947628,39.64770611761695,39.968222348242776,246000
2015-07-01,40.32077407836914,40.36885241365395,40.11244073880488,40.32878866258408,387500
2015-07-02,40.17655944824219,40.40893358395337,40.032327436881424,40.376881346613295,469300
2015-07-06,40.10443115234375,40.1204572661025,39.75186581965719,39.840007916995994,330500
2015-07-07,40.17655944824219,40.19258556691223,39.49546621644826,40.07239120522173,242500
2015-07-08,39.54354476928711,39.89611329569684,39.47944334600251,39.848034935731015,240000
2015-07-09,39.77589797973633,40.104425624838846,39.71980811764577,39.97621978910782,238400
2015-07-10,40.272701263427734,40.328794190616364,40.112446237181466,40.25667820613806,205500
2015-07-13,40.625267028808594,40.681356895699636,40.465008956261975,40.56917716191755,364100
2015-07-14,40.785518646240234,40.81756781034235,40.52109240988872,40.561156157517374,564300
2015-07-15,41.01789855957031,41.082003015104895,40.83360283491142,40.945782575428254,236900
2015-07-16,41.362464904785156,41.370479492490816,41.25829971796843,41.282337367746194,387600
2015-07-17,41.23427200317383,41.36247793683169,41.09805453595573,41.36247793683169,355000
2015-07-20,41.31438446044922,41.41053810425611,41.18617858315028,41.362459754018055,376500
2015-07-21,41.24227523803711,41.474646327351486,41.14611852176593,41.314391246905636,420700
2015-07-22,41.522701263427734,41.57879112127865,41.23423739066988,41.24225197417316,351300
2015-07-23,41.162132263183594,41.634891944341526,41.06597863249672,41.634891944341526,508700
2015-07-24,40.82559585571289,41.130085940095704,40.76149139303482,41.10604523825691,227200
2015-07-27,40.537132263183594,40.63328590142399,40.4409786249432,40.57719602439467,521700
2015-07-28,40.68937683105469,40.84963493671379,40.41693896843494,40.761492825767824,746600
2015-07-29,41.00988006591797,41.04994381548839,40.6493002064479,40.73744228950371,3406600
2015-07-30,41.05797576904297,41.08201341762075,40.841627761834566,40.95380753075682,266600
2015-07-31,40.94579315185547,41.1381035114649,40.897717854455216,41.073999039371934,194400
2015-08-03,40.985862731933594,41.03393803256736,40.73746247087029,40.97784814404818,273800
2015-08-04,40.913734436035156,41.1300823939169,40.86565609317185,40.9618097222297,1143700
2015-08-05,41.00187301635742,41.266299314114875,40.905719388385954,41.138093457930005,502200
2015-08-06,40.841617584228516,41.090014708751,40.641295744881376,41.057965537523664,393900
2015-08-07,40.841617584228516,40.905718983351875,40.56917976044966,40.841617584228516,227100
2015-08-10,41.24227523803711,41.250286769391515,41.07400251289741,41.13810699041153,216800
2015-08-11,40.921749114990234,41.049954982492885,40.793543247487584,40.929763701085456,548600
2015-08-12,40.60123062133789,40.6332828505678,40.024305778543535,40.6332828505678,344000
2015-08-13,40.70539474487305,40.86565281823906,40.47302069132576,40.625267236524294,263100
2015-08-14,41.02592086791992,41.02592086791992,40.66534087933092,40.66534087933092,180700
2015-08-17,41.13809585571289,41.15412197075369,40.729440620513635,40.889695657583836,260400
2015-08-18,41.090023040771484,41.20220280448612,41.01790704171646,41.090023040771484,298500
2015-08-19,40.737449645996094,41.22623542635882,40.585206147468654,40.961809129440475,344900
2015-08-20,39.93616485595703,40.42495066780799,39.928153326747356,40.38488690842178,497300
2015-08-21,38.83039093017578,39.71180900087053,38.83039093017578,39.50347254228102,580800
2015-08-24,36.97140121459961,38.253462925624525,25.12036102109709,38.06115259913666,854900
2015-08-25,36.41852569580078,38.45379713819245,36.41852569580078,37.708599350676366,3381700
2015-08-26,37.67653274536133,37.732622617086854,36.63485976902751,37.13966861455721,633600
2015-08-27,38.59800720214844,38.70217540547284,37.92492881451871,38.50185358343968,844700
2015-08-28,38.49384689331055,38.573974409526684,38.25346128799333,38.48583230768765,638900
2015-08-31,38.237449645996094,38.429756980369184,38.16533363143869,38.317577192539886,500200
2015-09-01,36.99543380737305,37.60441387753662,36.771074337664636,37.47620802960774,557300
2015-09-02,37.48423767089844,37.54834215417363,37.0355185146521,37.48423767089844,375200
2015-09-03,37.67653274536133,38.02909809001729,37.54832688760745,37.60441675933298,249600
2015-09-04,37.01947784423828,37.2839010921484,36.77909223977396,37.25185191977694,289400
2015-09-08,37.90089416503906,37.91692028015915,37.46018669757781,37.57236644674952,736900
2015-09-09,37.45217514038086,38.341601603864675,37.37204456484026,38.21339573966863,355200
2015-09-10,37.62846755981445,37.884879364980456,37.356029634741844,37.396093406173435,228100
2015-09-11,37.78872299194336,37.796734522987144,37.380067661978764,37.468206730138874,166300
2015-09-14,37.716590881347656,37.85281130428447,37.628448794153535,37.77268074471331,175300
2015-09-15,38.22141647338867,38.33359624052047,37.764682817683834,37.78872046587796,273600
2015-09-16,38.485843658447266,38.5419335476751,38.10122596516936,38.26949563285287,268100
2015-09-17,38.093196868896484,38.75826370164806,37.99704019741303,38.437750633374776,368000
2015-09-18,37.45217514038086,37.820766617860876,37.33999233462402,37.57236641868839,323000
2015-09-21,37.836795806884766,37.95698709495681,37.636473936762194,37.660511583042776,535600
2015-09-22,37.33197021484375,37.50825437435479,37.13965994477097,37.40408618403754,254700
2015-09-23,37.42813491821289,37.54031466873597,37.22781306180198,37.40409727357765,221000
2015-09-24,37.19575119018555,37.25184410757697,36.89126424816441,37.16370202453522,288000
2015-09-25,37.612613677978516,37.878682005904835,37.483610199899125,37.62067504974606,354900
2015-09-28,36.774078369140625,37.41103419440983,36.6853879281937,37.394908380084516,453000
2015-09-29,36.886966705322266,36.93534416234651,36.58058229553967,36.838589248298014,245700
2015-09-30,37.32233810424805,37.36265109611714,36.95145365795774,37.25783485671019,198800
2015-10-01,37.386844635009766,37.49972226171558,36.983708496383485,37.42715763373547,381000
2015-10-02,37.419105529785156,37.419105529785156,36.34676473486791,36.79827535349184,354800
2015-10-05,38.19312286376953,38.23343586877707,37.64485738374863,37.64485738374863,255200
2015-10-06,38.0157356262207,38.24955222772125,37.98348399991567,38.17698760637712,251100
2015-10-07,38.402748107910156,38.499499916666124,38.104425161078716,38.24955441205495,176200
2015-10-08,38.628501892089844,38.6688148879059,38.233427151449774,38.31405621876634,171800
2015-10-09,38.43500900268555,38.74139341709809,38.29794415257381,38.70108040681143,190400
2015-10-12,38.5317497253418,38.539811094155574,38.33018167246893,38.43499484547005,143500
2015-10-13,38.24956130981445,38.596258685703496,38.22537412218478,38.33825176537004,191500
2015-10-14,37.8544807434082,38.27374266023689,37.789977490503304,38.22536522055822,193500
2015-10-15,38.6446418762207,38.66076769559722,38.0399374901864,38.05606330956291,380200
2015-10-16,38.81394577026367,38.886510396066576,38.64462933528508,38.75750695860414,171100
2015-10-19,38.8542594909668,38.91069830367681,38.62044287074729,38.63656560950619,179600
2015-10-20,39.04777526855469,39.11227546564267,38.83814270772675,38.87845879105274,464200
2015-10-21,38.74138641357422,39.22515167661739,38.7171992269118,39.160648411270984,195100
2015-10-22,39.313846588134766,39.4670403348523,38.91877477706291,38.91877477706291,518700
2015-10-23,39.684722900390625,39.70891008475107,39.41059020012841,39.57990664202089,278500
2015-10-26,39.57991027832031,39.66860073003639,39.4267196371557,39.66860073003639,179300
2015-10-27,39.30577850341797,39.42672059062558,39.18483641621036,39.41865614444639,180600
2015-10-28,40.216861724853516,40.24104890875613,39.39446363963393,39.44283800743915,353900
2015-10-29,40.06367111206055,40.30555527246338,39.942732107543996,40.120109929305244,223400
2015-10-30,39.531524658203125,40.10398025303751,39.515398845253,40.10398025303751,229100
2015-11-02,40.18461608886719,40.24911628078837,39.53959879122989,39.59603761254284,201300
2015-11-03,40.13623046875,40.25717253305241,39.9507882256549,40.10398191719588,313300
2015-11-04,40.01530075073242,40.224930224980426,39.9507974813114,40.224930224980426,183200
2015-11-05,40.25718307495117,40.305560528477336,40.00723751192723,40.031427776532944,160000
2015-11-06,40.579681396484375,40.98281749741976,40.434552154092884,40.93444005806114,612300
2015-11-09,40.10399627685547,40.70870066351943,39.93467671106853,40.70870066351943,642600
2015-11-10,40.28135681152344,40.30554706805058,39.99109833867161,40.05560158849835,240900
2015-11-11,40.216861724853516,40.48292997483609,40.168484281363675,40.402303978037644,302400
2015-11-12,39.57991027832031,40.039485277499104,39.57184890802111,40.015298090916524,228500
2015-11-13,39.23320770263672,39.636343829082094,39.152581707621465,39.48315320827929,733800
2015-11-16,39.700862884521484,39.700862884521484,39.08003263365529,39.17678448131271,320400
2015-11-17,39.62022399902344,40.01529881591164,39.58797236587235,39.76535327251828,256300
2015-11-18,40.26524353027344,40.29749516522404,39.71697803885391,39.74116830290946,356000
2015-11-19,40.32168197631836,40.394246616435666,40.192678513408175,40.30555923467911,333100
2015-11-20,40.418434143066406,40.563563413472636,40.34586950786329,40.466808516078515,358400
2015-11-23,40.36198425292969,40.587739466888785,40.30554544943991,40.49904903978082,386200
2015-11-24,40.27330780029297,40.37812407558032,39.91854596876198,40.11205270193208,300400
2015-11-25,40.32168197631836,40.36199805747199,40.22493014805701,40.30555923467911,186200
2015-11-27,40.46681213378906,40.49906376913705,40.24105683772362,40.345873114761964,109800
2015-11-30,40.37005615234375,40.57968868486478,40.353930336327906,40.53937260698272,353000
2015-12-01,40.805450439453125,40.821576258030476,40.4910046664084,40.531317675009056,585500
2015-12-02,40.27330780029297,40.87801211238239,40.241056165483755,40.87801211238239,646600
2015-12-03,39.684722900390625,40.46680492633029,39.59603245682275,40.46680492633029,385000
2015-12-04,40.59580993652344,40.66837456809128,39.829853695810954,39.837915065680804,310600
2015-12-07,40.25718307495117,40.539377197973955,40.03948914761134,40.539377197973955,321600
2015-12-08,39.765357971191406,40.06367792387584,39.67666750738878,39.95886471727763,335500
2015-12-09,39.3299674987793,39.97498789262795,39.12033802375811,39.62022606087415,550900
2015-12-10,39.3218994140625,39.67665810955934,39.217083156605725,39.362212412873674,350100
2015-12-11,38.539825439453125,39.03165216364022,38.34632175905248,38.87039704618265,478800
2015-12-14,38.555938720703125,38.813945594459376,38.16892841006876,38.59625171803669,377700
2015-12-15,39.38639831542969,39.539592011885894,38.79781994002128,38.983262189066295,3137500
2015-12-16,39.99110412597656,40.063668754690696,39.35415135802438,39.69278424156721,613800
2015-12-17,39.44284439086914,40.184616599338696,39.41865720305208,40.184616599338696,484900
2015-12-18,38.57207489013672,39.313844082406,38.5640135187796,39.313844082406,721200
2015-12-21,38.87039566040039,38.99939913463019,38.572075702935,38.83814402292158,657800
2015-12-22,39.200958251953125,39.281587327131845,38.77363491840246,39.06389343767639,421400
2015-12-23,39.67783737182617,39.68596005353269,39.30413203177965,39.45036509511566,333500
2015-12-24,39.661598205566406,39.85657670207428,39.564110506851506,39.629101272968754,200800
2015-12-28,39.637229919433594,39.64535260363084,39.320392551410215,39.54786489787248,322400
2015-12-29,40.043426513671875,40.075923443914256,39.80782841803138,39.87282227851614,299600
2015-12-30,39.734718322753906,40.05155569633952,39.71034717065604,40.035307228581495,419700
2015-12-31,39.36100387573242,39.82407425434641,39.36100387573242,39.59660195582098,359500
2016-01-04,38.637969970703125,38.6704638045165,38.23989029047783,38.66234112083268,664500
2016-01-05,38.78419494628906,38.857311480441574,38.491728809679024,38.727323776101606,348300
2016-01-06,38.24800109863281,38.48359602216217,38.093642277370925,38.29674337980867,604800
2016-01-07,37.20001220703125,37.83368688558916,37.135018343036585,37.55746916176786,842800
2016-01-08,36.606964111328125,37.58997324825828,36.56634138906074,37.55747631007581,4979200
2016-01-11,36.720699310302734,36.89942626735207,36.37948766670216,36.842558176598395,716600
2016-01-12,36.858795166015625,37.102515921781496,36.42009904526808,37.102515921781496,458100
2016-01-13,35.89204025268555,37.10252153230125,35.77017830683628,37.070027699275734,572800
2016-01-14,36.19264221191406,36.452611564574795,35.6320838763167,36.030160591731324,553500
2016-01-15,35.43709182739258,35.550827988516694,34.95777293474241,35.2339906542201,928400
2016-01-19,35.380210876464844,35.89202651441661,35.168987096797274,35.78641307504441,764100
2016-01-20,34.69780731201172,35.087761233420835,33.95039640408048,34.70593309527261,691900
2016-01-21,34.58406066894531,35.20148984856352,34.50282145540061,34.7546648768356,526000
2016-01-22,35.29084777832031,35.4045870032107,35.0390043851841,35.05525284588273,470300
2016-01-25,34.510948181152344,35.24211358504278,34.486577034048565,35.17711972732909,1448200
2016-01-26,35.19336700439453,35.27460622471806,34.657180092657455,34.657180092657455,757900
2016-01-27,35.03900909423828,35.64018672549751,34.819659493942915,35.13649677245486,403700
2016-01-28,35.0877685546875,35.380234831538694,34.925290044506994,35.31524404728228,601500
2016-01-29,36.01390075683594,36.022023439997646,35.233989912962244,35.233989912962244,646500
2016-02-01,35.875797271728516,36.07889847981101,35.6158279733092,35.851426118463735,546800
2016-02-02,35.02275466918945,35.59143837695046,34.91714122797231,35.48582493573331,475500
2016-02-03,35.04713439941406,35.201493258811254,34.14536478595047,35.1689963306142,1035300
2016-02-04,35.33147430419922,35.54269811799212,34.85215550847349,34.90089779676867,729900
2016-02-05,34.8115348815918,35.42083831428531,34.746544126958135,35.29897948719312,622300
2016-02-08,33.9585075378418,34.39720671236518,33.519808363318404,34.39720671236518,2381900
2016-02-09,33.820404052734375,34.06412481066322,33.38982751134658,33.44669558489406,1513400
2016-02-10,33.73102569580078,34.47843613738669,33.72289991760996,34.05598554467782,1198600
2016-02-11,32.80490493774414,33.12174229695108,32.56930681456219,32.951138041851685,1827500
2016-02-12,33.991004943847656,33.99912762538269,33.316707710580616,33.33295617272796,1399100
2016-02-16,34.62468719482422,34.70592952368106,34.2266106301986,34.494702567731245,861200
2016-02-17,35.03900909423828,35.22586176876898,34.933395635041826,34.998389486571156,715100
2016-02-18,34.868404388427734,35.09587978669699,34.72217440971716,35.09587978669699,485400
2016-02-19,34.92527770996094,35.01463961936874,34.575943458105016,34.697802297703554,388700
2016-02-22,35.404598236083984,35.53458286383643,35.29898475757325,35.29898475757325,344000
2016-02-23,34.844032287597656,35.298979972599504,34.79528999572152,35.28273150894827,370100
2016-02-24,34.81966781616211,34.86841011738155,34.08850230708897,34.45408506162554,327400
2016-02-25,35.315223693847656,35.315223693847656,34.65717495018964,34.79528532313981,583500
2016-02-26,35.51021194458008,35.778307007684624,35.388353087869326,35.51021194458008,387800
2016-02-29,35.095890045166016,35.63207712075684,35.095890045166016,35.461472846495795,427900
2016-03-01,36.2657470703125,36.290118220789054,35.38835156329688,35.38835156329688,734900
2016-03-02,36.655696868896484,36.655696868896484,36.24949454468729,36.26574300954499,1051400
2016-03-03,36.94004440307617,36.94004440307617,36.493219318221975,36.65570088552549,412600
2016-03-04,37.053775787353516,37.232505798223706,36.81817770012967,37.07002425189424,618400
2016-03-07,37.0781364440918,37.11875604441221,36.753176542451634,36.858786883469335,534100
2016-03-08,36.476966857910156,36.89129182984661,36.43634414967455,36.81817529373105,672900
2016-03-09,36.509456634521484,36.69630929517658,36.395720501868574,36.631318547550855,627000
2016-03-10,36.485107421875,36.866938753071366,36.06265646161241,36.70445713772744,485300
2016-03-11,37.41935729980469,37.45185112877328,36.85067345530623,36.86692191932934,335200
2016-03-14,37.27312469482422,37.38686084534911,37.07814622315463,37.32999277008667,286900
2016-03-15,37.18375778198242,37.20000624537712,36.92378856582233,37.00502778371829,318600
2016-03-16,37.20001220703125,37.370616451400224,36.93191716667028,37.029407962662276,504800
2016-03-17,37.646827697753906,37.752441159034504,36.96440773861635,37.13501195363137,526300
2016-03-18,37.971797943115234,38.14240219038698,37.80931637944202,37.898681394416194,442400
2016-03-21,37.89928436279297,38.1192504854537,37.75264028101915,37.92372400715929,277100
2016-03-22,37.825958251953125,37.940014057107845,37.57340389211939,37.654874544221045,386500
2016-03-23,37.483795166015625,37.768937843266364,37.483795166015625,37.73634957595973,311400
2016-03-24,37.28828048706055,37.29642600189562,36.95425843862158,37.24754669730729,458300
2016-03-28,37.41862487792969,37.52453520166609,37.24754112190138,37.40233074290959,285600
2016-03-29,37.62228012084961,37.63042563083174,37.12532010168816,37.29640378139673,368000
2016-03-30,37.825958251953125,38.0703639926829,37.768930349375765,37.79336999111246,328400
2016-03-31,37.76893615722656,37.940019891266736,37.68746549259689,37.73634789137469,334900
2016-04-01,38.01335144042969,38.062233851430086,37.44306907658047,37.58156768718717,527200
2016-04-04,37.81781005859375,38.06221890986263,37.76078215537438,38.00519100664326,264700
2016-04-05,37.3045654296875,37.54082570292743,37.263831649974314,37.50008881542606,347500
2016-04-06,37.508235931396484,37.53267557668636,37.15791984589732,37.26383015513354,350000
2016-04-07,36.82390213012695,37.27197995612929,36.644669756610654,37.23124617336334,416000
2016-04-08,36.97868728637695,37.32900336991865,36.9135138633721,37.035715196926716,391800
2016-04-11,37.109039306640625,37.45120989678146,37.08459966012635,37.14162757385179,465600
2016-04-12,37.59785842895508,37.63044359222391,37.09274955093082,37.18236574244443,625900
2016-04-13,38.388099670410156,38.3962482911919,37.91558222208096,37.940021868849705,760500
2016-04-14,38.436973571777344,38.64064553724552,38.217007476137205,38.27403537784529,482700
2016-04-15,38.37995147705078,38.54288969563579,38.32292356671424,38.53474107542313,456600
2016-04-18,38.63250732421875,38.640655945393405,38.20887225678874,38.233311904735906,361900
2016-04-19,38.990970611572266,39.031704392557785,38.69768241601529,38.72212206304894,499700
2016-04-20,39.28425979614258,39.34128771251568,39.023559861925996,39.0561450228618,313100
2016-04-21,38.88505172729492,39.3738663147862,38.80358418327351,39.28425015169009,376100
2016-04-22,39.24351119995117,39.30054220710021,38.91763793328305,38.91763793328305,296300
2016-04-25,39.170204162597656,39.170204162597656,38.9095011192669,39.11317313814616,285200
2016-04-26,39.42275619506836,39.46348997802846,39.17835038951932,39.235378307221154,426600
2016-04-27,39.47163391113281,39.57754422048054,39.26796191273459,39.43904564551996,419000
2016-04-28,39.096866607666016,39.47976773802387,38.974662201683145,39.194628267780026,393400
2016-04-29,38.84432601928711,39.02355838268761,38.56733196120826,38.925793580221026,448100
2016-05-02,39.25167465209961,39.308702573012496,38.86877023357999,38.93394677621677,481200
2016-05-03,38.762855529785156,38.844323084564124,38.43697909509327,38.844323084564124,586400
2016-05-04,38.55104064941406,38.713978890997275,38.37180827289369,38.42069067770519,345100
2016-05-05,38.54289245605469,38.76285860073009,38.45327627402527,38.640654151092114,389300
2016-05-06,38.73026657104492,38.74656070326647,38.29033432442708,38.306628456648625,315300
2016-05-09,38.73026657104492,38.86061652102933,38.551034224395885,38.713972438823376,252200
2016-05-10,39.20278549194336,39.20278549194336,38.86061802540873,38.86061802540873,351500
2016-05-11,38.77914047241211,39.17833888691022,38.762849450241795,39.11316236707889,303700
2016-05-12,38.828025817871094,39.023552284461026,38.59176557717969,38.95023024796327,324200
2016-05-13,38.388099670410156,38.909499520065104,38.31477762231567,38.73027026411387,355300
2016-05-16,38.616214752197266,38.78729849655819,38.37995447220079,38.37995447220079,216400
2016-05-17,38.29033660888672,38.65694683627411,38.184426297021886,38.5347423912156,380700
2016-05-18,38.90950012207031,38.96653114506018,38.1925768715967,38.1925768715967,5863400
2016-05-19,38.559181213378906,38.90134865219408,38.31477234818198,38.71397080125418,674300
2016-05-20,38.85246276855469,39.031695091526856,38.71396732464895,38.72211283578971,318000
2016-05-23,38.78730392456055,38.93394804247406,38.68954221521444,38.83618322533924,305500
2016-05-24,39.42275619506836,39.47978411277019,38.974678366930384,38.974678366930384,491100
2016-05-25,39.78121566772461,39.936005265559004,39.55310091938317,39.55310091938317,534900
2016-05-26,39.6101188659668,39.838233556928124,39.544945459825875,39.838233556928124,376200
2016-05-27,39.88711929321289,39.88711929321289,39.64271354198195,39.65085905364829,275800
2016-05-31,39.83009338378906,40.04191399117972,39.683449304145654,40.02561985924291,484000
2016-06-01,39.936012268066406,39.96045191732873,39.40646374359978,39.55310785475089,360200
2016-06-02,40.00117874145508,40.025621494252704,39.69974505778051,39.84638914341419,280000
2016-06-03,39.52865982055664,39.6182759925603,39.137609976367145,39.57754221650079,429200
2016-06-06,39.756778717041016,39.89527731029516,39.553106691740815,39.56125531311437,316000
2016-06-07,39.65085983276367,39.862680433703645,39.65085983276367,39.797503907941255,285200
2016-06-08,39.748619079589844,39.78935284861827,39.6264146647172,39.6264146647172,295600
2016-06-09,39.520511627197266,39.57754264364157,39.308694124729044,39.55309989151174,281700
2016-06-10,39.03169250488281,39.19463068698795,38.909488091357126,39.11316004204171,317900
2016-06-13,38.73026657104492,39.19463846210111,38.70582381881863,38.84432238880778,303100
2016-06-14,38.17628479003906,38.72212432425389,37.99705241389045,38.59992297416131,292300
2016-06-15,38.249610900878906,38.66510050773201,38.22516814203664,38.28219917414274,330600
2016-06-16,38.34735870361328,38.34735870361328,37.7607824287811,38.00519128181962,364600
2016-06-17,38.29848861694336,38.45328135464179,38.127404851076456,38.347371024814755,253300
2016-06-20,38.55104064941406,39.08058915761238,38.526601000902545,38.746567160871614,251400
2016-06-21,38.701019287109375,38.791174637231286,38.496121901009026,38.668234954976676,276100
2016-06-22,38.660037994384766,38.96328838226172,38.62725678815665,38.7010199735205,868500
2016-06-23,39.430458068847656,39.43865258959121,39.08622879437768,39.08622879437768,353400
2016-06-24,37.49623107910156,38.307626307614996,37.47164438706645,37.47164438706645,1314900
2016-06-27,36.47992706298828,37.23395102449558,36.266835169847454,37.05364033504009,1130300
2016-06-28,37.35689163208008,37.365086151584556,36.840549361693405,37.070033425649314,827100
2016-06-29,38.20106887817383,38.20106887817383,37.5699845585413,37.69292423987352,756000
2016-06-30,38.815765380859375,38.815765380859375,38.143702134312115,38.33220737405232,943600
2016-07-01,38.643653869628906,38.87313797484422,38.56989067488306,38.71741706437475,460400
2016-07-05,38.11091232299805,38.356788551397635,37.938799275766925,38.34039638597288,647000
2016-07-06,38.25025177001953,38.274841588297974,37.774891345288566,37.88143888719714,451900
2016-07-07,38.27484130859375,38.52891212588254,38.09453056614101,38.27484130859375,289700
2016-07-08,38.9550895690918,39.02065823255627,38.68462664851572,38.68462664851572,485300
2016-07-11,39.225563049316406,39.340305105636666,39.08623117629427,39.135407683211476,256900
2016-07-12,39.700923919677734,39.733708258015696,39.40587425409582,39.44685311377498,480800
2016-07-13,39.709110260009766,39.750089108019864,39.504212893473586,39.67632593100741,2828800
2016-07-14,39.96318817138672,40.5860780283665,39.93860148346176,40.56149134044154,429300
2016-07-15,39.96318817138672,40.176283221690525,39.73370408012378,40.176283221690525,390600
2016-07-18,40.07794189453125,40.11892075864485,39.938610004760726,39.97139434664637,439600
2016-07-19,40.110713958740234,40.110713958740234,39.87303535051258,39.9304063724799,209500
2016-07-20,40.15169906616211,40.23365678207193,39.995975028852406,40.23365678207193,248100
2016-07-21,40.02875518798828,40.18447608255885,39.9631865209147,40.15169487550819,226400
2016-07-22,40.2828369140625,40.32381577570663,40.028762969490145,40.06154730940014,352300
2016-07-25,40.20087432861328,40.3074218654772,40.11071896099663,40.28283517484961,423700
2016-07-26,40.2336540222168,40.29921956514985,40.10251980986445,40.15989083236321,314400
2016-07-27,40.2172737121582,40.33201579098524,40.094333983993714,40.2172737121582,235400
2016-07-28,40.332008361816406,40.40577155983046,39.99597671008272,40.13530858476998,327500
2016-07-29,40.332008361816406,40.479534757844526,40.17628744444743,40.17628744444743,241600
2016-08-01,40.209068298339844,40.48772889707956,40.1434996273487,40.31561269897097,218000
2016-08-02,39.84844970703125,40.23365786040185,39.774686510140846,40.11891580445823,488000
2016-08-03,40.209068298339844,40.209068298339844,39.86483902860899,39.86483902860899,253900
2016-08-04,40.127105712890625,40.25004540240436,40.03695035744538,40.15169552668508,199000
2016-08-05,40.807373046875,40.82376521650872,40.372988367798094,40.41397035512573,297900
2016-08-08,40.84834671020508,40.97948092410276,40.79097568703024,40.88113104530107,264500
2016-08-09,40.897518157958984,40.93849700852089,40.80736281083126,40.83194949587122,267700
2016-08-10,40.64345169067383,40.92211230236988,40.561493974610585,40.889327965350006,219200
2016-08-11,40.635257720947266,40.733607606854726,40.5369047085533,40.70082326939007,242700
2016-08-12,40.5696907043457,40.61886721255283,40.4057721368086,40.44675099707122,400000
2016-08-15,40.807373046875,40.864744077349684,40.67623881629191,40.67623881629191,434600
2016-08-16,40.66804122924805,40.76639424719794,40.6352600164181,40.709020090150496,275100
2016-08-17,40.78278732299805,40.79917949427723,40.56150082694655,40.64345855685547,244700
2016-08-18,40.79096984863281,40.85653538295414,40.63524896894456,40.717206668467675,193200
2016-08-19,40.73360824584961,40.75819493609055,40.53690534446248,40.700823907870664,326600
2016-08-22,40.78278732299805,40.79098497188113,40.59428204301793,40.70082959308912,174700
2016-08-23,40.85654067993164,41.01226470629507,40.84015163909087,40.89752266149227,229400
2016-08-24,40.799171447753906,40.93850331290406,40.733605902055174,40.87293464071896,190600
2016-08-25,40.92210388183594,40.98766941589783,40.76638300276385,40.76638300276385,225200
2016-08-26,40.92210388183594,41.233548766465915,40.709008861541705,41.004061581034755,493500
2016-08-29,41.29912185668945,41.422061554466765,40.995874562388174,40.995874562388174,328200
2016-08-30,41.61056900024414,41.61056900024414,41.29912404215064,41.340102901416124,580400
2016-08-31,41.63515090942383,41.66793524366612,41.340098154215575,41.651543076544975,485500
2016-09-01,41.43846130371094,41.79907968921988,41.11062413398501,41.708924311220905,1025700
2016-09-02,41.6761360168457,41.684333664879304,41.397475386949864,41.536807265141114,448600
2016-09-06,41.43025207519531,41.676128320524164,41.15159149675966,41.676128320524164,589600
2016-09-07,41.479427337646484,41.52040618956467,41.2335510996514,41.34829313561671,342000
2016-09-08,41.51221466064453,41.6351512252564,41.3810804491668,41.47123267928769,323100
2016-09-09,40.93851089477539,41.53681107008182,40.93851089477539,41.33191362128563,854200
2016-09-12,41.34009552001953,41.43025087019803,40.45494043728315,40.67622998958875,684200
2016-09-13,40.684425354003906,40.922107077320476,40.47952796352122,40.905714910903534,1456800
2016-09-14,40.479530334472656,40.91391182726284,40.40576714451902,40.651643402202396,526800
2016-09-15,40.823760986328125,40.88932653158239,40.364789663602835,40.397573999473146,910700
2016-09-16,40.38117218017578,40.668027234264905,40.274624677305994,40.5860695406639,877800
2016-09-19,40.610679626464844,40.90573249583773,40.463153191778396,40.55330858258538,283100
2016-09-20,40.62797164916992,40.949499338665056,40.60323971765666,40.89178940183032,352400
2016-09-21,40.891788482666016,40.94949841820355,40.53728279581798,40.78461468521381,520700
2016-09-22,41.089656829833984,41.17209870328028,40.94950187102823,41.04843589311084,261200
2016-09-23,40.801124572753906,41.09791733103086,40.784635562023425,40.93303351364052,9941900
2016-09-26,40.16629409790039,40.54553174257931,40.108584158273416,40.54553174257931,802400
2016-09-27,40.46309280395508,40.47957866365306,39.935454089893675,40.05087712247203,639300
2016-09-28,40.70216369628906,40.73514169602614,40.28994813444101,40.58674384216443,595300
2016-09-29,40.141563415527344,40.87530999747258,39.9601906475357,40.685688009414655,712900
2016-09-30,40.69393539428711,40.87531131307265,40.281719684288184,40.33942963209153,398600
2016-10-03,40.496070861816406,40.685689712857176,40.355919028638745,40.545537879679515,466200
2016-10-04,40.6692008972168,40.89179459903842,40.4218689708264,40.5702668686782,524200
2016-10-05,41.26279067993164,41.336989631260415,40.75988702592061,40.82584304708227,347500
2016-10-06,41.23805236816406,41.36171517128691,40.99072361696266,41.27927330253834,554400
2016-10-07,41.2957763671875,41.35348632395385,41.00722658335575,41.21333447036608,386200
2016-10-10,41.51836013793945,41.67500095036621,41.29576331293988,41.29576331293988,565700
2016-10-11,41.07317352294922,41.51836724920109,40.883554671758155,41.42767928885834,612200
2016-10-12,41.13912582397461,41.336987587765925,41.04843787183857,41.07316980607348,493200
2016-10-13,40.70216369628906,40.83407255028223,40.298194206852855,40.77636262321992,420500
2016-10-14,40.87531280517578,41.246304441752386,40.759889760399425,41.13088454193243,469100
2016-10-17,40.71042251586914,40.99072931149314,40.61973456067371,40.908284286335416,364900
2016-10-18,40.982486724853516,41.188594587857146,40.85882389402517,41.106152700638255,516600
2016-10-19,41.361717224121094,41.44416224191721,41.0566785206651,41.08965652778355,321300
2016-10-20,41.28752517700195,41.56782882811011,41.16385921154918,41.3205000421607,365000
2016-10-21,41.32048034667969,41.34521541495391,41.007198834782834,41.04841975530035,1001400
2016-10-24,41.493629455566406,41.63378126907159,41.435916370348885,41.51011531425041,445700
2016-10-25,41.378204345703125,41.55133730272256,41.295762476612516,41.4359142830577,312300
2016-10-26,41.592552185058594,41.66675111442561,41.22155753822353,41.23804653863345,353800
2016-10-27,41.62553787231445,41.83988862731422,41.51011484813137,41.75744675499642,446100
2016-10-28,41.452415466308594,41.732722306520465,41.17210862609672,41.699747436168266,350400
2016-10-31,41.452415466308594,41.666769420859424,41.444172534959705,41.60081339024174,314100
2016-11-01,41.254539489746094,41.642020029142536,40.91652281136101,41.534846233647535,588600
2016-11-02,40.916526794433594,41.12263462192627,40.75988283276741,41.12263462192627,768200
2016-11-03,40.982486724853516,41.30401448794616,40.89179876193889,40.982486724853516,355300
2016-11-04,40.82585144042969,41.19684627334605,40.69394251594352,41.03195933149913,319200
2016-11-07,41.84813690185547,41.84813690185547,41.51012015024807,41.54309816136983,451200
2016-11-08,41.8646240234375,42.045999931488694,41.46889734265351,41.716226125023994,373000
2016-11-09,43.554710388183594,43.77730408848566,42.31806334449806,42.581881128887815,2542600
2016-11-10,45.11288070678711,45.29425345005361,44.05760652844173,44.271960422696345,2392500
2016-11-11,45.41792678833008,45.45090479972697,44.807846157312554,44.96449013896968,1657300
2016-11-14,46.41549301147461,46.76999880952585,45.77243744522194,45.89610028375544,1797700
2016-11-15,46.48143768310547,46.48143768310547,45.615785445075645,46.28357278686296,1612100
2016-11-16,45.88785934448242,46.118699169064264,45.755950424013264,46.118699169064264,903700
2016-11-17,46.440216064453125,46.489679929069894,45.79715751983309,45.97028733590335,780300
2016-11-18,46.539154052734375,46.646331017380355,46.26709017593065,46.49793311093401,645600
2016-11-21,46.662811279296875,46.82769817167066,46.39075058009263,46.78647723481619,829200
2016-11-22,46.769981384277344,46.94311118069465,46.48143172358183,46.94311118069465,983600
2016-11-23,47.025569915771484,47.37182960969195,46.654575140173584,46.918392948386234,675900
2016-11-25,47.13273620605469,47.14922520955246,46.92662837976628,47.1409822802815,615000
2016-11-28,46.51441955566406,47.000834222910264,46.431977671028285,46.88541432643766,577600
2016-11-29,46.654571533203125,46.81945843682734,46.49793070448598,46.588615513771,534000
2016-11-30,47.190452575683594,47.322361467892065,47.06678661331987,47.23991644466423,1246100
2016-12-01,47.89121627807617,48.04785709922191,47.40480166562198,47.5449534827067,1532500
2016-12-02,47.470767974853516,47.88298373089098,47.289392035810906,47.83351670798209,924800
2016-12-05,48.0313720703125,48.18801604937829,47.8252642199259,47.87473123620292,1013000
2016-12-06,48.53427505493164,48.53427505493164,47.940686592625774,48.29519234196769,1112800
2016-12-07,49.2267951965332,49.25977320535133,48.50129787227042,48.63320676258692,1219300
2016-12-08,49.787410736083984,50.01825051703032,49.235043218832075,49.507103939953666,1233600
2016-12-09,49.86985397338867,49.86985397338867,49.441149292033025,49.80389795550809,1422500
2016-12-12,49.3339729309082,49.902829439692034,49.21030696836751,49.82038756130228,1108700
2016-12-13,49.41642379760742,49.704976714368314,49.037186056105654,49.47413375196827,1674900
2016-12-14,49.121612548828125,49.85032245666521,48.947716835474395,49.11333315437399,1294100
2016-12-15,49.5853385925293,49.949691974233396,49.23754400006158,49.38659837413795,1406300
2016-12-16,49.196144104003906,50.00766066393563,49.12161691182299,49.8254823810781,836300
2016-12-19,49.328636169433594,49.34519811855732,48.87319362457182,49.27067092693494,1283300
2016-12-20,49.88345718383789,49.88345718383789,49.53566252274228,49.60191032823448,1265800
2016-12-21,49.75924301147461,49.91657680768449,49.59362666032944,49.91657680768449,948100
2016-12-22,49.61846923828125,49.75096484957953,49.46113543816839,49.668155092518106,1037100
2016-12-23,49.71783447265625,49.71783447265625,49.52737679451962,49.6184627771224,646200
2016-12-27,49.81721496582031,49.89174217592336,49.73440835853674,49.8586182694621,674300
2016-12-28,49.31208038330078,49.93313933815059,49.27895648091352,49.88345664343889,652400
2016-12-29,48.997413635253906,49.428014924894306,48.798676522416464,49.353487717862905,644500
2016-12-30,49.14646911621094,49.245840833656324,48.947731999059215,49.15475167209948,748900
2017-01-03,49.519107818603516,49.93314718691771,49.10506845028932,49.717848105296994,1616200
2017-01-04,50.07389831542969,50.12358099423818,49.676421090620806,49.684700484132826,1065000
2017-01-05,49.527381896972656,49.974541937467365,49.113342599532594,49.95798314537461,1238000
2017-01-06,49.72611618041992,49.90001191738813,49.48597264334822,49.750960684893215,909700
2017-01-09,49.30378723144531,49.60189595202034,49.22926005130156,49.57705145272688,837700
2017-01-10,49.527381896972656,49.81720814163303,49.17130784846467,49.3617655462228,816500
2017-01-11,49.75924301147461,49.76752240754075,49.23755261097152,49.535661411259,688200
2017-01-12,49.34520721435547,49.66815738462558,48.906326537718584,49.66815738462558,1255600
2017-01-13,49.64331817626953,50.17328803329373,49.42801594756,49.7178453848429,1072400
2017-01-17,48.51712417602539,49.31207885547462,48.43431758149201,49.303799459568914,1011100
2017-01-18,48.90631103515625,48.91459042918541,48.243845793561526,48.69100888397745,632900
2017-01-19,48.641334533691406,49.063653196620756,48.48399759037213,49.005687951882784,520300
2017-01-20,48.85662841796875,49.030524133870344,48.64132941145276,48.75725988872049,682600
2017-01-23,48.641334533691406,48.96428465690836,48.41775295018684,48.76554441861467,2927200
2017-01-24,49.220985412597656,49.39488430013904,48.641332983689125,48.77382541870662,825000
2017-01-25,49.957984924316406,50.02422957165375,49.55222500847412,49.70127941356971,1114300
2017-01-26,50.11532974243164,50.22298087174731,49.875186130446664,50.11532974243164,1112800
2017-01-27,49.86688995361328,50.13187482979264,49.775800810138705,50.10703032592846,983500
2017-01-30,49.46112823486328,49.643306514997526,49.0139650884622,49.643306514997526,950100
2017-01-31,49.220985412597656,49.593621373230874,48.93115919814339,49.320357108012395,1203500
2017-02-01,49.270668029785156,49.8834474758561,49.13817560345476,49.66814530877633,1457200
2017-02-02,49.063663482666016,49.33693097275092,48.81524050186947,49.030539576194585,1058300
2017-02-03,50.040794372558594,50.107039023667944,49.51910392501864,49.866898609668425,1060400
2017-02-06,49.86688995361328,50.20640202364739,49.75095946514342,49.90001069398403,961000
2017-02-07,49.75096130371094,50.22296582927786,49.676434107102004,50.131876682437046,948900
2017-02-08,49.39488220214844,49.66814645576033,49.16301808156437,49.65158450722799,1211800
2017-02-09,50.057342529296875,50.09874581968819,49.39488040643008,49.39488040643008,1059300
2017-02-10,50.1981201171875,50.35545706117173,50.03250377772097,50.33061255698694,853400
2017-02-13,50.71981430053711,50.968237249010805,50.421705498821005,50.463108797088424,1256100
2017-02-14,51.31602478027344,51.357428072793255,50.62043872578692,50.71980725960822,1298600
2017-02-15,51.67210388183594,51.763189870822025,51.19181679637035,51.506487536541975,1273500
2017-02-16,51.62242126464844,51.713510418210156,51.282909157016995,51.67210711901008,1423500
2017-02-17,51.58101272583008,51.58101272583008,51.13384955860603,51.29946589745222,1116500
2017-02-21,51.80459213256836,51.9288020123319,51.64725519578489,51.84599542582287,1446300
2017-02-22,51.879127502441406,52.01161995706386,51.547894786450634,51.680387241073085,1135000
2017-02-23,51.937076568603516,52.01160374853285,51.58100261548208,51.96191790895719,1135900
2017-02-24,51.5561637878418,51.622411581230445,51.299461485632406,51.440233308280305,1102900
2017-02-27,51.771480560302734,51.837725213507895,51.55617832992949,51.5644608858736,1494000
2017-02-28,51.605865478515625,51.655551338813204,51.32431858790191,51.589303525083096,1312500
2017-03-01,52.98875427246094,53.129529285756476,52.54159104274952,52.61611824770142,1493700
2017-03-02,52.185516357421875,53.16264624806409,52.16067500901933,53.137804899661546,1704500
2017-03-03,52.36769485473633,52.50018731146779,52.16895459020447,52.16895459020447,1183300
2017-03-06,52.05302047729492,52.38425001672926,51.7880355821998,52.119265121634136,1203700
2017-03-07,51.85429000854492,52.08615420464481,51.73835948992984,52.02818894533726,1657000
2017-03-08,51.82115936279297,52.52502489645777,51.7963148572133,52.39253244921961,1686700
2017-03-09,51.945377349853516,52.24348619231092,51.75491962469898,51.97850125654203,1405400
2017-03-10,51.945377349853516,52.3262928001626,51.572741296781764,52.260048145655176,1243300
2017-03-13,51.978492736816406,52.11098518298419,51.77147309224992,52.00333408332627,1022100
2017-03-14,51.92052459716797,51.928803992587085,51.50648533109624,51.845997402920304,1103500
2017-03-15,51.8625602722168,52.21035174562675,51.66382003107613,52.00333210892017,2022300
2017-03-16,52.08614730834961,52.342849663046685,51.95365485335036,52.077864753048175,1166300
2017-03-17,51.638973236083984,52.193784287651695,51.51476020362056,52.193784287651695,1139700
2017-03-20,51.14213562011719,51.56445749716546,51.14213562011719,51.481647737514166,879400
2017-03-21,49.60190963745117,51.39055929553099,49.510820485602565,51.3657147893828,2583100
2017-03-22,49.494266510009766,49.717848148156534,48.898048808285054,49.278964269333756,2063400
2017-03-23,49.62675094604492,50.15672074671186,49.33692469845181,49.394889947970434,1498700
2017-03-24,49.5993537902832,49.98120579587258,49.267306640513816,49.78198003932,2007100
2017-03-27,49.37522506713867,49.43333284644561,48.39568940648396,48.61982076951205,1576000
2017-03-28,50.055904388427734,50.25513326442103,49.18428478505762,49.23409279571484,1548900
2017-03-29,49.8400764465332,50.12231550946485,49.73216067247933,50.072507498370236,1451600
2017-03-30,50.54568099975586,50.653596791912975,49.84008480737837,49.88988966019233,1167700
2017-03-31,50.19702911376953,50.53737596116037,50.19702911376953,50.421160427900446,1577100
2017-04-03,49.972900390625,50.296644583387604,49.44992729720452,50.21363438865112,2038000
2017-04-04,49.923099517822266,50.047617994381596,49.70727108064069,49.79858420789934,1498800
2017-04-05,49.532936096191406,50.53737715736078,49.49973391921396,50.346451181538065,1685900
2017-04-06,49.83177947998047,50.01440570917149,49.217496436287696,49.50803528578618,1079300
2017-04-07,49.674068450927734,49.93970492660356,49.383529545231234,49.55785288864914,1412300
2017-04-10,49.54954147338867,49.95629903827085,49.32541014171515,49.67405993541931,1242700
2017-04-11,49.51633834838867,49.51633834838867,48.9269545615604,49.292207020998084,1153100
2017-04-12,49.05148696899414,49.44164196464819,48.918668718696125,49.40013368853761,1117500
2017-04-13,48.412288665771484,49.30881405462915,48.412288665771484,48.82734601247161,1433600
2017-04-17,49.19260787963867,49.225813235833364,48.34589346313352,48.4953112327355,826400
2017-04-18,48.83565139770508,49.12619028840564,48.50360423693037,48.910358683911156,1022300
2017-04-19,48.77754211425781,49.32541773155085,48.686232150239405,49.15939731214537,702100
2017-04-20,49.50804901123047,49.6159648280921,48.93527090629442,49.051486478313024,668600
2017-04-21,49.159400939941406,49.624263215200436,49.08469047904096,49.44164010705014,1287400
2017-04-24,50.16383361816406,50.44607275432883,50.02271246676348,50.039315141436276,925000
2017-04-25,50.56229782104492,50.82793433250246,50.45438199869123,50.63700828780717,1212500
2017-04-26,50.64529800415039,51.06865828742759,50.49588026688145,50.55398804432947,1171100
2017-04-27,50.404563903808594,50.72000519923214,50.15552696886683,50.72000519923214,847200
2017-04-28,49.856689453125,50.43776720318589,49.856689453125,50.321551653173714,588900
2017-05-01,50.13892364501953,50.387957394366346,49.87328722349814,50.0891156284958,969300
2017-05-02,50.03099822998047,50.22192417328764,49.7985671975431,50.21362442211573,1154300
2017-05-03,50.354759216308594,50.371361890845996,49.82348629765713,49.94800160673311,545300
2017-05-04,50.487579345703125,50.83622919083477,50.27175090186848,50.64530000978857,840500
2017-05-05,50.396270751953125,50.60379946020525,50.20534472035759,50.60379946020525,446000
2017-05-08,50.354759216308594,50.50418012050886,50.23854366118314,50.42946966840873,328700
2017-05-09,50.12232208251953,50.59548716674482,49.964598276687106,50.48757137853884,411500
2017-05-10,50.255149841308594,50.27175251700413,49.98951336345318,49.98951336345318,559100
2017-05-11,49.93970489501953,50.12233115941987,49.55785285730661,50.10572848387106,397700
2017-05-12,49.690677642822266,49.7155800761086,49.42504113231141,49.682374720635494,482500
2017-05-15,50.0891227722168,50.18043589888211,49.75707561464046,49.78198120977233,628100
2017-05-16,50.16383361816406,50.221941396200656,49.914799831344894,50.16383361816406,598400
2017-05-17,48.66132354736328,49.54124628237219,48.47870046397375,49.26730690733341,1590900
2017-05-18,48.810752868652344,49.13449715562602,48.553419290102426,48.5783217224429,679800
2017-05-19,49.17599868774414,49.47483733475793,48.96016708160278,48.96016708160278,430900
2017-05-22,49.35032272338867,49.46653828220386,49.05148090550023,49.40012758194576,671700
2017-05-23,49.765384674072266,49.89820292015941,49.18430365995223,49.400132122355046,427700
2017-05-24,49.723880767822266,49.80689098614443,49.50804913356567,49.80689098614443,518400
2017-05-25,49.8234748840332,50.03930327030448,49.690656684796494,49.80687221329916,521600
2017-05-26,49.781978607177734,49.88989123610746,49.682362565130916,49.765375933503265,392300
2017-05-30,49.38352966308594,49.6491661393957,49.29221653061009,49.60765786708008,435000
2017-05-31,49.05148696899414,49.425039287531334,48.6613319733401,49.425039287531334,674500
2017-06-01,49.74047088623047,49.74047088623047,48.993369562487345,49.308814032495995,570400
2017-06-02,49.541263580322266,49.773694767594094,49.27562703297234,49.42504798668635,584300
2017-06-05,49.541263580322266,49.88991036123,49.532960656984024,49.56616601706212,498700
2017-06-06,49.292213439941406,49.466536772845096,49.084684757921856,49.209200067151755,556200
2017-06-07,49.70726013183594,49.79857323898144,49.38351596405511,49.41671813940608,688600
2017-06-08,50.379661560058594,50.711708716975444,49.67406530990575,49.72387333343419,787000
2017-06-09,51.34259033203125,51.3923983515016,50.59548903979275,50.64529389262699,1178900
2017-06-12,51.45880889892578,51.72444533541251,51.11846201676241,51.425603552705915,926100
2017-06-13,51.66633987426758,51.832360279522035,51.48371362852417,51.60822893246502,1187700
2017-06-14,51.741050720214844,51.78255582184686,50.952441122661405,51.367498472254134,1322700
2017-06-15,51.55011749267578,51.8157539221627,51.284481063188856,51.40069660525988,612400
2017-06-16,51.49201583862305,51.63313698978519,51.359197608101475,51.58332896585095,512700
2017-06-19,51.91537094116211,52.039886238608915,51.7327447049435,51.782552723903876,546400
2017-06-20,51.442203521728516,51.88216325278866,51.442203521728516,51.81575256383984,833400
2017-06-21,51.03545379638672,51.533524539989756,50.98564577203549,51.533524539989756,490100
2017-06-22,50.75320816040039,50.99394216398885,50.6535952910878,50.919231720345394,428800
2017-06-23,50.54568099975586,50.985640755005164,50.437765207598744,50.985640755005164,518000
2017-06-26,50.811317443847656,51.06035120785995,50.52077858027266,50.63699412570266,440700
2017-06-27,51.08526611328125,51.467118165483974,50.91094276335871,51.01885540856598,947000
2017-06-28,51.86067581176758,51.927375990883476,51.39376183559133,51.39376183559133,731400
2017-06-29,52.19417953491211,52.90288837115932,51.810644784335615,52.861200364460316,1402700
2017-06-30,52.1524772644043,52.60271524703102,52.019073771098995,52.60271524703102,1013400
2017-07-03,52.85285949707031,53.24473374727468,52.4026214028684,52.4026214028684,925300
2017-07-05,52.96957778930664,53.06963280177547,52.62773111484744,53.06963280177547,1074200
2017-07-06,52.53601837158203,53.11965991929718,52.52768204373335,52.95290473700849,1064900
2017-07-07,52.82784652709961,52.95291054208362,52.49433612596044,52.736131007756796,477100
2017-07-10,52.777809143066406,52.94456431245204,52.64440564367597,52.819497140265234,617300
2017-07-11,52.45264434814453,52.81950321853742,52.21918899249366,52.78615472529492,392800
2017-07-12,52.53601837158203,52.62773388087034,52.302563024732194,52.369266369883896,775700
2017-07-13,52.802833557128906,52.82784572362711,52.53602333192101,52.6027266833707,711500
2017-07-14,52.57770919799805,52.72778854298664,52.010743490394596,52.30256267198878,536800
2017-07-17,52.5026741027832,52.61106227648736,52.294230903303315,52.51934994041249,710300
2017-07-18,52.37760925292969,52.460985264213484,51.96072283532879,52.18584188250419,457900
2017-07-19,52.485992431640625,52.60272010148123,52.244197583776256,52.53601675837777,749600
2017-07-20,52.51100540161133,52.71944858112579,52.31923805812889,52.50266907389057,371900
2017-07-21,52.460975646972656,52.611054984243445,52.319235817656015,52.40261181365517,317600
2017-07-24,52.644412994384766,52.711116343688886,52.4776578017152,52.4776578017152,361400
2017-07-25,53.32810974121094,53.51988029210169,53.13634237091113,53.2363942205043,559400
2017-07-26,52.919559478759766,53.461513059167345,52.802831798202014,53.461513059167345,494800
2017-07-27,52.6694221496582,52.98625667956202,52.41929096524596,52.97792035167085,448800
2017-07-28,52.63609313964844,52.719469171782215,52.335934335020035,52.58606561201312,374100
2017-07-31,52.97792053222656,53.161348371772384,52.77781367566044,52.786153184170594,1338800
2017-08-01,53.36980056762695,53.403152244130155,53.119666174443864,53.27808504753861,748700
2017-08-02,53.36980056762695,53.45317657829403,53.136342012695465,53.394812734708886,488900
2017-08-03,53.13633346557617,53.35311614738598,53.08630595886842,53.22804897091183,387000
2017-08-04,53.461517333984375,53.67829369453578,53.361462302142336,53.51154166931439,435300
2017-08-07,53.41982650756836,53.50320252074168,53.32811098472309,53.49486937225179,427100
2017-08-08,53.32810974121094,53.92008769047437,53.28642173559636,53.3197734123244,536200
2017-08-09,53.22805404663086,53.23639037491521,52.87786782746443,52.944571176102116,1799100
2017-08-10,52.27756118774414,53.10299457321769,52.26088534816199,52.89455134932764,579200
2017-08-11,51.98573303222656,52.5193502982269,51.90235702410289,52.30256758816002,519600
2017-08-14,52.73613357543945,52.89454927436871,52.22753162020468,52.49433868187029,349000
2017-08-15,52.836181640625,53.219719547290914,52.79449363658916,53.18636787182591,391100
2017-08-16,52.71946334838867,53.08632230208249,52.611071974114274,53.01962211986152,400500
2017-08-17,51.760616302490234,52.63607709540876,51.71892511853967,52.54436157966278,660500
2017-08-18,51.72726058959961,52.06910727940961,51.36039855525388,51.593857080907675,425700
2017-08-21,51.56884765625,51.7189270183307,51.393756127352816,51.7189270183307,414300
2017-08-22,52.09413146972656,52.16083482976683,51.75228470099834,51.75228470099834,405800
2017-08-23,51.98573303222656,52.285891750417115,51.70225015177891,51.78562934049342,268400
2017-08-24,52.01909637451172,52.21086378067827,51.935720347688545,52.202527450232566,515000
2017-08-25,52.1524772644043,52.37759625571766,52.09411343487011,52.16915309864123,296300
2017-08-28,51.88568115234375,52.202515708069484,51.74394130250826,52.16082770403498,403400
2017-08-29,51.62720489501953,51.74393574660957,50.96018736031459,51.31870988157922,349500
2017-08-30,51.86067581176758,52.044103689779725,51.55218072460017,51.76896028246588,328200
2017-08-31,51.91069793701172,52.177508183869826,51.81064608230938,52.00241346240183,296000
2017-09-01,52.135826110839844,52.36094520872274,51.919046524318354,52.002422554382385,795000
2017-09-05,50.91015625,51.81896851388323,50.7767527608332,51.80229268016362,1468900
2017-09-06,51.018550872802734,51.25200939391424,50.8684715308705,51.085254216146154,679400
2017-09-07,50.15142822265625,51.02688890487468,49.959657706386814,51.02688890487468,941400
2017-09-08,50.64335632324219,50.82678415851822,50.08472694791705,50.093066456233075,425000
2017-09-11,51.5438346862793,51.69391404602146,51.193651633941464,51.193651633941464,442300
2017-09-12,52.210845947265625,52.25253394643804,51.45211291220202,51.727259431802786,515600
2017-09-13,52.30257034301758,52.3109098526237,51.96906311236572,52.12747880838103,330500
2017-09-14,52.11079788208008,52.36926858458784,52.04409453410748,52.310904745407164,403500
2017-09-15,52.31090545654297,52.33591762207737,51.90235539613356,52.085786424961135,308000
2017-09-18,52.86119079589844,52.92789095842504,52.360925264291836,52.46931660656183,582800
2017-09-19,53.211387634277344,53.369806525055665,52.82785285345107,52.84452869356412,553200
2017-09-20,53.56156921386719,53.75333977942582,53.01128240871972,53.26974997165395,651800
2017-09-21,53.711639404296875,53.82003393371164,53.38646853841519,53.43649286818735,390400
2017-09-22,53.744998931884766,53.78669012024164,53.4198280184843,53.494870885290226,339000
2017-09-25,53.694969177246094,53.87006070055107,53.344782950045335,53.67829015911328,1305200
2017-09-26,53.68663024902344,53.87006128337939,53.544890399268986,53.69496975818007,374400
2017-09-27,54.469905853271484,54.679341060382804,54.126435437165675,54.34424984216893,442500
2017-09-28,54.58721923828125,54.67099207934258,54.21861106786169,54.58721923828125,354400
2017-09-29,54.75475311279297,54.8469051355257,54.46991784485816,54.520186651821184,458500
2017-10-02,55.207130432128906,55.21550963131995,54.69610793623211,54.897163976623155,806200
2017-10-03,55.383056640625,55.383056640625,55.073090177428035,55.32441502774519,641600
2017-10-04,55.140113830566406,55.38305949400134,55.09822422286988,55.33279707793093,385700
2017-10-05,55.659515380859375,55.81030902002768,55.05634082418615,55.20713446335446,359000
2017-10-06,55.693023681640625,55.93596294362288,55.441698828715964,55.93596294362288,451400
2017-10-09,55.4752082824707,55.89407876918044,55.374677064736055,55.89407876918044,926900
2017-10-10,55.73490524291992,55.75166364139461,55.458449191194475,55.55060120843629,517300
2017-10-11,55.659515380859375,55.72652980491225,55.4249489180324,55.64275698125359,488900
2017-10-12,55.316036224365234,55.78516913076233,55.2406426036042,55.76841712330093,1058500
2017-10-13,55.240638732910156,55.458446771929076,54.805009871960245,55.11497631565707,386600
2017-10-16,55.59247970581055,55.62599010460824,55.27414050441508,55.27414050441508,338200
2017-10-17,55.28252410888672,55.76841539918002,55.198751291256634,55.74328419303663,430100
2017-10-18,55.57573699951172,55.70977863254193,55.34954973309429,55.50872257445346,320000
2017-10-19,55.68465042114258,55.72653364012602,54.81339893392625,55.23226947250388,337900
2017-10-20,56.31294631958008,56.35482953119331,56.07000068298151,56.25430471015671,493800
2017-10-23,56.12864303588867,56.39671988129736,56.0867534322645,56.34645747011328,511000
2017-10-24,56.48887634277344,56.6480491793276,56.27106189140301,56.27106189140301,3006700
2017-10-25,56.23755645751953,56.74857902816355,55.894085937922775,56.7402062192041,821200
2017-10-26,56.56426239013672,56.79045601088991,56.304564758081234,56.48048957896938,368900
2017-10-27,56.62291717529297,56.70669639741455,56.229184232025055,56.5056339340715,410300
2017-10-30,56.229164123535156,56.60614492243848,56.195653724961865,56.50561372671859,402900
2017-10-31,56.1453971862793,56.53076365825898,56.011361954185126,56.35483242948476,317100
2017-11-01,56.23755645751953,56.656426997951854,56.137031618348395,56.39672930815012,415000
2017-11-02,56.68156051635742,56.78208534828762,56.028117151527276,56.25431080628376,439300
2017-11-03,56.480491638183594,56.64804365808282,56.304566810881425,56.49725003590153,1097900
2017-11-06,56.463748931884766,56.539142559665244,56.26269286634643,56.37997610386522,323400
2017-11-07,55.66788864135742,56.61454009161397,55.50034299267923,56.50562966766202,378200
2017-11-08,55.36628341674805,55.55896660259183,55.14847542234779,55.55896660259183,312300
2017-11-09,55.140113830566406,55.38305949400134,54.637470495491996,55.022830598764266,1149500
2017-11-10,55.05633544921875,55.25739148466247,55.01444584575058,55.232260279164024,342100
2017-11-13,55.198753356933594,55.2573949706148,54.679351641859675,54.73799325554088,249200
2017-11-14,55.207130432128906,55.223882439054705,54.83852236519842,54.92229518274,299400
2017-11-15,55.34117126464844,55.533854516811985,54.6626030649702,54.78826549973278,491600
2017-11-16,55.383056640625,55.684643904423,55.33279422714415,55.567360678663384,623200
2017-11-17,55.35792922973633,55.46683326356445,55.05634194525871,55.1484939705967,281100
2017-11-20,55.64276123046875,55.71816125153928,55.3495531295439,55.45845716947106,292000
2017-11-21,55.852195739746094,55.885706149603024,55.73491250097541,55.885706149603024,332900
2017-11-22,55.63437271118164,55.97784313485785,55.62599351310502,55.91920153123238,283900
2017-11-24,55.53385543823242,55.74329070249271,55.50872422915431,55.734911502314326,146800
2017-11-27,55.500335693359375,55.776791729630446,55.500335693359375,55.52546689821021,281300
2017-11-28,56.874237060546875,56.95800988384909,55.52547351357413,55.567363120953594,494400
2017-11-29,57.896305084228516,58.239775713424635,57.24286785527943,57.38528235052028,695000
2017-11-30,58.122467041015625,58.893193602105484,57.93816939376487,58.34028148598383,774900
2017-12-01,58.22300720214844,58.432442479854004,56.84073309100018,58.2397592121236,1675400
2017-12-04,59.06912612915039,59.605279916193005,59.052367728110575,59.605279916193005,1272300
2017-12-05,58.63349914550781,59.39584663190942,58.53297430173266,59.26180498493254,1070200
2017-12-06,58.44081115722656,58.76752962029899,58.290017528773426,58.507825576517504,851100
2017-12-07,58.60835647583008,58.80103970782277,58.14760278521009,58.23974841016908,627600
2017-12-08,58.8931999206543,58.92670393905341,58.45757098398001,58.85131031046968,461900
2017-12-11,58.73402786254883,59.0104839539926,58.59998622131891,58.893200713645044,678100
2017-12-12,59.24504852294922,59.47123579590447,58.81779879463705,58.901571621973915,499900
2017-12-13,58.591609954833984,59.345571772160504,58.53296833812066,59.2450469386273,617700
2017-12-14,58.16388702392578,58.83746609359335,58.104948775032526,58.79537101511951,386200
2017-12-15,58.82063674926758,59.174266287129754,58.3743890338051,58.534360630197135,776400
2017-12-18,59.35106658935547,59.595241141349376,59.140571950442094,59.36790975778903,548500
2017-12-19,59.08163833618164,59.74680221810255,59.05638000533948,59.74680221810255,822000
2017-12-20,58.9637565612793,59.56998214233576,58.92166148824213,59.544723813756164,547400
2017-12-21,59.47736740112305,59.63734538968863,59.16583300859715,59.27529433710492,695200
2017-12-22,59.342655181884766,59.66260474070424,59.039542368777056,59.66260474070424,737600
2017-12-26,59.123741149902344,59.44369072065419,58.88798815842338,59.31739263985125,601300
2017-12-27,59.09006118774414,59.17425776695192,58.955341521981914,59.1068979340708,570800
2017-12-28,59.3342399597168,59.359498292886464,59.106902113614424,59.27530170772501,657100
2017-12-29,58.9721794128418,59.5278819248958,58.96375782853876,59.5278819248958,436600
2018-01-02,58.93007278442383,59.300545376062765,58.68589825118781,59.300545376062765,873700
2018-01-03,59.11531448364258,59.2416125535897,58.854303183195434,58.887983096767115,702600
2018-01-04,59.738380432128906,60.12569624969516,59.2500377153212,59.418430869560126,851700
2018-01-05,59.898353576660156,60.10042663014689,59.5531457112781,59.98255014696408,757300
2018-01-08,59.814151763916016,59.948864979837985,59.645752214281075,59.91519149369698,1059200
2018-01-09,60.302486419677734,60.57191921095697,59.96569382463257,60.10040700837996,841600
2018-01-10,60.740333557128906,61.0518679407523,60.36986093052667,60.39512568362049,2587700
2018-01-11,61.136077880859375,61.136077880859375,60.790863508080776,60.98452144809113,987300
2018-01-12,61.62441635131836,61.632831512268474,61.12764563242109,61.43918002982402,740400
2018-01-16,61.338134765625,62.17169171356575,61.085545060320804,62.079079984938026,1095400
2018-01-17,61.85175704956055,61.95279681023815,61.04345823550361,61.56548736332261,623400
2018-01-18,61.70860290527344,62.036973995033044,61.61598475956832,61.86015928699217,678900
2018-01-19,62.19696807861328,62.19696807861328,61.7843938958124,61.851753732651844,511800
2018-01-22,62.66004943847656,62.66004943847656,62.095925286061295,62.095925286061295,608100
2018-01-23,62.718997955322266,62.82845930870035,62.26432864013754,62.5506047676783,984400
2018-01-24,63.030513763427734,63.19890690123222,62.59268132707777,62.963153938791365,712200
2018-01-25,62.89578628540039,63.283102016956406,62.68529167745222,63.283102016956406,639600
2018-01-26,63.25785827636719,63.283123033691496,62.7442507484984,62.988425345664524,520300
2018-01-29,63.005287170410156,63.55257477961892,62.954764064591565,63.35049520392389,490000
2018-01-30,62.297977447509766,62.92104606293329,62.28114070666987,62.500056880299354,756900
2018-01-31,62.34011459350586,62.67690741701376,62.1717149698575,62.39905285583558,621700
2018-02-01,62.988426208496094,62.99684779438623,62.22222891097862,62.23906565897102,530200
2018-02-02,61.7338752746582,62.98000652156632,61.658100278454704,62.79477018801901,767200
2018-02-05,58.79536437988281,61.38865988609935,58.197560373204574,60.622456313168115,1869400
2018-02-06,59.671051025390625,59.87312417651192,57.17037249402715,57.540838867117905,2205500
2018-02-07,59.86466979980469,60.52983358270971,59.477360462376346,59.569978610868574,892200
2018-02-08,57.33872985839844,60.00779994259008,57.33872985839844,59.93202496722768,1264000
2018-02-09,58.357547760009766,58.7785371541493,56.56413525353917,58.1302163136413,1325700
2018-02-12,59.09848403930664,59.679444944941594,58.399640211709844,58.89640453633265,870800
2018-02-13,59.401580810546875,59.50261411093179,58.68589400596376,58.795355313094916,548100
2018-02-14,60.748756408691406,60.82453139819339,59.2584507106173,59.29213062499157,694900
2018-02-15,61.127647399902344,61.34656364288798,60.52984334202253,61.20342881715348,950900
2018-02-16,61.16133499145508,61.59916753237197,60.83296379766139,60.83296379766139,595800
2018-02-20,60.917144775390625,61.5486286668227,60.672970233182525,61.009762926703566,460400
2018-02-21,60.9676628112793,61.89383782400382,60.92556131915217,60.95081964491413,419500
2018-02-22,60.40354537963867,61.39708042430124,60.294090469827104,61.17817060467811,499500
2018-02-23,61.270782470703125,61.28762564073171,60.58878183165092,60.630883332935184,346300
2018-02-26,62.06224822998047,62.07909140103665,61.253949461548565,61.57389904995257,3391900
2018-02-27,61.46443557739258,62.50848720497842,61.447598832467655,62.07908275963265,535000
2018-02-28,60.6477165222168,62.003302559589635,60.63929493769642,61.70861133924485,463300
2018-03-01,59.76364517211914,61.09396650737165,59.44368918584121,60.62246053658782,985100
2018-03-02,60.04149627685547,60.15095761403959,58.786949870279976,59.34265887011117,545900
2018-03-05,60.88345718383789,61.16973318554522,59.5531361691049,59.63733272591805,390400
2018-03-06,61.21182632446289,61.27076455475464,60.51298914351358,61.14447293540468,1230900
2018-03-07,61.17817687988281,61.27078862919991,60.353034907799106,60.58878792159793,374900
2018-03-08,61.270782470703125,61.405502135783024,60.66456324920516,61.338142303243075,444700
2018-03-09,62.66004943847656,62.66847102361647,61.63283446017575,61.74229579563268,587700
2018-03-12,62.48322677612305,62.83685622174391,62.35692871017661,62.68529982736547,449100
2018-03-13,61.885414123535156,62.80316752167799,61.725436167468374,62.76949403767132,534900
2018-03-14,61.169742584228516,62.09591769905027,61.00134302094224,62.09591769905027,461000
2018-03-15,61.21182632446289,61.456000828181686,60.976073403295864,61.413905762993465,407500
2018-03-16,61.32842254638672,61.86068880356579,61.25238819294644,61.29463379759612,1881500
2018-03-19,60.931365966796875,61.40448597350411,60.33151554521401,61.31155076564709,390700
2018-03-20,61.01585388183594,61.27775869240329,60.93981305071114,61.14258430319262,404000
2018-03-21,61.032737731933594,61.759318480176034,60.83842337238961,61.167918543595384,513000
2018-03-22,58.88679504394531,60.47513746952684,58.734719842469985,60.40754705869862,823200
2018-03-23,57.121036529541016,59.089563648370756,57.053446121718935,58.96283324514837,924900
2018-03-26,58.91214370727539,59.030423698166565,57.73778131923976,58.01658691738727,821800
2018-03-27,57.78847122192383,59.25852698557189,57.39983608651229,59.13179659568706,602300
2018-03-28,57.948974609375,58.37985523951173,57.23929493223086,57.839145072418965,4903100
2018-03-29,58.692474365234375,59.03886390341092,57.957443229431945,58.23624880981655,949600
2018-04-02,57.433631896972656,58.70092291773239,56.60566559393509,58.62488210468357,1034300
2018-04-03,58.16864776611328,58.31227251309103,57.340688034074326,57.70397832957801,650300
2018-04-04,58.802303314208984,58.92058329631232,57.180172320412666,57.264657101089966,516200
2018-04-05,59.199398040771484,59.54579407469611,58.97973242037481,59.25853804098099,344200
2018-04-06,57.83071517944336,58.92058630951065,57.306905644991126,58.62488633913021,529000
2018-04-09,58.008121490478516,59.190920961810484,57.94053110760992,58.11795102830972,395300
2018-04-10,58.91214370727539,59.18249889299465,58.52350208488888,58.8952428824189,542000
2018-04-11,58.28694152832031,58.67557670109829,58.1433167473368,58.39677755147618,320000
2018-04-12,59.24161911010742,59.58800855470755,58.59107293162043,58.71780329262981,478500
2018-04-13,58.39678955078125,59.98512577186632,58.101083069931875,59.98512577186632,784400
2018-04-16,58.675567626953125,59.02196357598859,58.481253293502746,58.75160843474567,501000
2018-04-17,58.582645416259766,59.19094623021116,58.430576658548354,59.1740518501687,470900
2018-04-18,58.37141799926758,58.988169097068266,58.27003884867438,58.810749137755074,432900
2018-04-19,59.199398040771484,59.292333247640215,58.48971803825751,58.48971803825751,411300
2018-04-20,59.292320251464844,59.545781022965144,59.03885947996455,59.35146023871156,392600
2018-04-23,59.275421142578125,59.50353066209753,59.08955078441989,59.45284109015426,347700
2018-04-24,59.0304069519043,59.96820264633942,58.64177188554525,59.5880115442371,456000
2018-04-25,58.9459228515625,59.25007319161283,58.447458177786984,58.962823673662534,368500
2018-04-26,58.92057418823242,59.22472450827491,58.633324689178174,58.97971417014209,287300
2018-04-27,59.0304069519043,59.190926067847094,58.76005184288174,58.90367658453685,249000
2018-04-30,58.48124694824219,59.45283784740075,58.472796538121,59.19937710995963,254600
2018-05-01,58.540401458740234,58.59109104050116,57.94055110672424,58.413671058562,334600
2018-05-02,57.957435607910156,58.607981876592746,57.91519644556669,58.38831631677234,291900
2018-05-03,57.5434684753418,57.80537325555789,56.63946769489862,57.754683671200254,616900
2018-05-04,58.236244201660156,58.55728892453893,57.02809322803522,57.213963600250615,397800
2018-05-07,58.582645416259766,58.836106237331656,58.21091104333781,58.439020625681366,598200
2018-05-08,58.99661636352539,59.38525146022587,58.58263003475282,58.70091644709837,590400
2018-05-09,59.76546096801758,59.942880991559846,59.07267525647173,59.25854569421433,429400
2018-05-10,60.23014450073242,60.356874946278666,59.604949134023364,59.81616439467437,531200
2018-05-11,60.1878776550293,60.53427365437145,60.11184328196938,60.280812852619825,361600
2018-05-14,60.13719940185547,60.466694638738524,60.04426418675746,60.348414627846,852700
2018-05-15,60.1033821105957,60.38218765345831,59.8921669622043,60.018897340394105,494500
2018-05-16,60.213191986083984,60.39906228723909,59.9259425721335,59.9850825365217,403000
2018-05-17,60.196319580078125,60.37373953797904,59.78233967830934,60.16252438155771,939700
2018-05-18,59.723209381103516,60.20477975803721,59.723209381103516,60.20477975803721,554700
2018-05-21,60.24701690673828,60.4159929210819,60.06959692600938,60.06959692600938,278800
2018-05-22,60.576515197753906,60.922911210669106,60.33151124444339,60.33151124444339,292800
2018-05-23,60.196319580078125,60.3821899490529,59.689404493821954,60.29770517563938,522600
2018-05-24,59.81614685058594,60.061150808796555,59.2078460470013,60.027362049287476,746800
2018-05-25,59.63027572631836,59.757006133168424,59.38526532528191,59.6049309341036,324100
2018-05-29,57.79690170288086,59.03039708446787,57.42516107294913,59.03039708446787,886800
2018-05-30,58.86144256591797,59.038862536844455,58.27849307452395,58.379872231753076,582100
2018-05-31,58.38833999633789,58.77697525469398,58.160223933225716,58.74318004364857,441200
2018-06-01,58.98817443847656,59.25007919559139,58.827648841134874,58.979724026570246,327900
2018-06-04,59.24161911010742,59.326103868855704,59.08954396605095,59.21626788128641,291100
2018-06-05,59.005062103271484,59.15713727140465,58.69246780183519,59.07265249928066,337000
2018-06-06,60.04423522949219,60.04423522949219,59.26696511968414,59.275415529466024,611900
2018-06-07,60.17096710205078,60.46666699409159,59.84147201580899,60.25545186466612,385000
2018-06-08,60.32304000854492,60.356835201488444,59.85836416278905,60.12027529665781,545100
2018-06-11,60.15407943725586,60.66100101535585,60.11184026959794,60.407540226305855,581000
2018-06-12,59.875301361083984,60.37376625686587,59.62184048289726,60.23859184873674,2709900
2018-06-13,59.714744567871094,60.36528436215943,59.62180939071925,59.96820531388056,2202300
2018-06-14,59.233192443847656,59.87528847010882,59.07266682583824,59.8583876441202,724100
2018-06-15,59.20783615112305,59.41060090316946,58.49814985029773,59.005064953301385,471700
2018-06-18,59.19093322753906,59.22472842597651,58.574188581937044,58.82764290155533,409300
2018-06-19,59.08955383300781,59.22472818042211,58.53194272976448,58.61642750262029,438000
2018-06-20,58.99661636352539,59.520425802403324,58.95437075584664,59.44439144351127,427600
2018-06-21,58.81919479370117,59.12334511244214,58.42210929724632,58.80229397278525,1670900
2018-06-22,58.50661087036133,59.22474126697943,58.48971649036711,59.140256475455494,300500
2018-06-25,57.94054412841797,58.35452403641665,57.518113809218264,58.278489672932764,545400
2018-06-26,57.72933578491211,57.95744534807176,57.36604540967571,57.95744534807176,550300
2018-06-27,56.9436149597168,58.00814129309351,56.92671413534326,57.69554049994197,567600
2018-06-28,57.36830520629883,57.580654571225736,56.83318713962284,56.99456825030321,870900
2018-06-29,57.2918586730957,58.31113955937634,57.274873574499246,57.97987505344201,1115800
2018-07-02,57.6316032409668,57.64009902814086,56.6972675438128,56.93509774159161,661400
2018-07-03,57.189937591552734,57.954396669193464,57.1219842334538,57.8184899529956,292600
2018-07-05,57.35980224609375,57.54667070072934,57.15594869575834,57.54667070072934,451400
2018-07-06,57.640106201171875,57.869440640316185,57.03703484450148,57.24938418757081,509300
2018-07-09,58.94818878173828,58.98216545995304,57.894937678635905,57.894937678635905,1147700
2018-07-10,58.68486022949219,59.10955890759378,58.49799825465302,59.10106959991078,466500
2018-07-11,58.37059783935547,58.68487077015062,58.209210238965284,58.37909362895198,439600
2018-07-12,58.387569427490234,58.735825436086266,58.06480078178605,58.735825436086266,440800
2018-07-13,58.081809997558594,58.34512768036375,57.61464517006024,58.22621252569945,459800
2018-07-16,59.00764083862305,59.06709839984977,58.22619675381803,58.23468606228746,573300
2018-07-17,59.14354705810547,59.33891133931915,58.86325080125288,59.058608602077754,361200
2018-07-18,59.933475494384766,60.026909722176484,59.25396149635756,59.25396149635756,516800
2018-07-19,59.24547576904297,59.68715961874583,59.10107974898518,59.67867030960501,513400
2018-07-20,59.389869689941406,59.53426570489546,58.93119427739167,59.118062758103235,387000
2018-07-23,60.120357513427734,60.1968066626808,59.355898422842145,59.355898422842145,414300
2018-07-24,60.213802337646484,60.5620585046732,60.04392539007599,60.205306546150915,442400
2018-07-25,60.25625228881836,60.34968651917016,59.840042906201155,60.162818058466556,476200
2018-07-26,60.29872131347656,60.655473156640994,60.273240427619406,60.40065133729327,422600
2018-07-27,60.31569290161133,60.68093393209074,60.03539028930218,60.39213553384878,693800
2018-07-30,60.32420349121094,60.77438957908465,60.25625662093274,60.40914841973803,420400
2018-07-31,59.9759635925293,60.46861574381446,59.814575978738475,60.46861574381446,548900
2018-08-01,60.01842498779297,60.613000591421006,59.916494964147574,60.23926365177593,269800
2018-08-02,60.07790756225586,60.19682273249311,59.500316815221744,59.636217089611144,487900
2018-08-03,60.30722427368164,60.30722427368163,59.992944856498525,60.001440646257215,304900
2018-08-06,60.49407958984375,60.64697137025465,60.179800241113725,60.3241962336164,254100
2018-08-07,60.723419189453125,61.10565191321231,60.59600828153339,60.64697653293407,354900
2018-08-08,60.893310546875,61.012225681760135,60.59601622927335,60.723427153904225,375500
2018-08-09,60.621490478515625,60.92727403929505,60.57901801936782,60.84232912099944,202700
2018-08-10,60.01842498779297,60.17980609141312,59.67016893396223,60.03541008487318,615000
2018-08-13,59.483314514160156,60.15433941411602,59.44933783158636,59.9929517919879,303800
2018-08-14,60.02693557739258,60.16284232376924,59.585251612449106,59.61073250729714,230600
2018-08-15,59.593727111816406,59.88251912894415,59.33890528932522,59.653184673012596,389700
2018-08-16,60.32420349121094,60.562040218543316,59.865534575183275,59.865534575183275,442200
2018-08-17,60.50259017944336,60.57903284815646,60.12885318469751,60.20529585341061,559500
2018-08-20,60.689449310302734,60.808364442905145,60.45161904509791,60.48559572303984,464300
2018-08-21,61.00371551513672,61.28401818718734,60.663955289656016,60.70642774798634,338900
2018-08-22,60.83384323120117,61.0122159049458,60.731913211752335,60.799866558051555,266100
2018-08-23,60.528072357177734,60.82536020914838,60.42614231633531,60.78288773870008,288400
2018-08-24,60.663970947265625,60.79138187475456,60.56204738958565,60.71493920649458,235700
2018-08-27,61.33498001098633,61.58980180043511,60.81684712472449,60.92727292433304,406300
2018-08-28,61.26702117919922,61.530338732801916,61.165097656863594,61.47937049124739,430900
2018-08-29,61.224578857421875,61.40295157080523,60.969756992366094,61.292532218821975,797600
2018-08-30,60.7913703918457,61.165107313780865,60.748897930575716,61.05468150663398,362100
2018-08-31,60.79987335205078,60.84233933794226,60.45161727364269,60.69794332121191,274700
2018-09-04,61.08018493652344,61.1396425097069,60.56205187861486,60.70644791629051,381100
2018-09-05,61.08866882324219,61.3859566627663,60.99523457647906,61.020715465525576,281500
2018-09-06,60.75739669799805,61.17359962122295,60.65547315457288,61.0801718665459,260800
2018-09-07,60.7064323425293,60.88480501631959,60.460106322422384,60.84233255477476,271600
2018-09-10,60.62998962402344,60.94426902370574,60.5875236383724,60.84233899344402,259200
2018-09-11,60.680973052978516,60.87633089267826,60.29025089318892,60.51108962672863,570400
2018-09-12,60.10337448120117,60.77439934599722,60.03542111961415,60.64698841311886,615400
2018-09-13,60.001434326171875,60.51956728026555,59.89101499249498,60.21378368505,430100
2018-09-14,60.426116943359375,60.50256606198744,60.07786745739234,60.07786745739234,283600
2018-09-17,60.17130661010742,60.57052441106779,60.06938307310489,60.51106685435375,313000
2018-09-18,60.34120178222656,60.40915514045299,60.00144147148335,60.23927174488693,379100
2018-09-19,61.241554260253906,61.402941847926854,60.324203467778524,60.324203467778524,282500
2018-09-20,61.7851676940918,61.93805949182187,61.54733744882016,61.58980991278502,660500
2018-09-21,61.53035354614258,61.9805331592029,61.50487265942419,61.9805331592029,540800
2018-09-24,60.919193267822266,61.56790071440618,60.83383119813506,61.49962017575265,367300
2018-09-25,60.68019104003906,61.106975356862115,60.663122532739365,61.05576332275115,374000
2018-09-26,59.9290771484375,60.808252153596136,59.80104049932767,60.808252153596136,384700
2018-09-27,59.7071418762207,60.168069863115925,59.6473923137832,60.0400332258316,551400
2018-09-28,59.212059020996094,59.519344252994756,59.11816594942918,59.50226923332154,635200
2018-10-01,59.22913360595703,59.766879561026826,59.092565995617726,59.46813180821027,927400
2018-10-02,59.203529357910156,59.36570950524122,58.81942602310929,59.177923337218466,791800
2018-10-03,59.8010139465332,60.10829916307049,59.42544819137443,59.536409764819496,475600
2018-10-04,60.1509895324707,60.6204484273254,59.732742677582394,59.82662924678325,582900
2018-10-05,59.83517074584961,60.49242235955318,59.65592208180674,60.30463618420931,511000
2018-10-08,60.159515380859375,60.33022648912888,59.59615700158957,59.690050064801206,534600
2018-10-09,59.97174072265625,60.21073892482102,59.6047059086996,59.946134702740395,1153600
2018-10-10,58.34141540527344,60.0741587073819,58.31580938795549,59.937591110948865,666800
2018-10-11,56.60014343261719,58.281674962696044,56.48064432499652,57.94878366115092,1566000
2018-10-12,56.5233154296875,57.61588222851131,55.60999726077587,57.539064178068294,1959500
2018-10-15,56.35260772705078,56.9245037562618,56.3013956843981,56.54039389972787,745100
2018-10-16,57.16350555419922,57.214717600061505,56.21604363246671,56.659896558437715,839300
2018-10-17,57.6414909362793,58.042669250997484,56.74524774487792,57.04399547534505,497700
2018-10-18,56.745243072509766,57.79512879773473,56.58306295551909,57.419556531950676,401800
2018-10-19,56.81352233886719,57.30005616673482,56.39527556001536,56.67695475304699,522700
2018-10-22,55.661216735839844,56.93303233460684,55.64414822641897,56.88182029413155,4909000
2018-10-23,55.24297332763672,55.53318359140874,54.244296146602096,54.568653199667914,974600
2018-10-24,53.68947982788086,55.191762767433666,53.58704922556593,55.17468774427454,1082800
2018-10-25,54.67961120605469,55.08078955438215,53.971150847549225,54.013828633176196,1467000
2018-10-26,54.02236557006836,54.50889948448116,53.416332554726985,54.08211512053265,877400
2018-10-29,54.48329544067383,55.39661375216064,53.92847444497523,54.57718526901854,917600
2018-10-30,55.362464904785156,55.413676941491325,54.40646889836558,54.722288397109295,814900
2018-10-31,56.04533004760742,56.74525619704627,55.85754387128257,55.92582442540818,816600
2018-11-01,56.35260772705078,56.54039389972787,55.99411040405614,56.267252151892,531300
2018-11-02,56.327003479003906,57.17204128265417,55.93436261114209,56.8135374361602,537100
2018-11-05,57.00132369995117,57.18057236735951,56.45504018626486,56.45504018626486,544800
2018-11-06,57.29152297973633,57.334197499581364,56.74523963291499,56.92448824557094,510400
2018-11-07,57.99998092651367,58.10241149789675,57.103737847704046,57.63294618598841,447700
2018-11-08,58.247520446777344,58.512131145652255,57.692699544750774,57.7012370543175,343700
2018-11-09,57.70124435424805,58.25606532646643,57.41103411438115,58.051210656430236,2045400
2018-11-12,56.65135955810547,57.795138542630156,56.54039145420706,57.5134592957979,491100
2018-11-13,56.92450714111328,57.487859180429695,56.78793300296789,56.813539025816816,567100
2018-11-14,56.15629577636719,57.4110430357177,55.55879367027889,57.300074916702705,588800
2018-11-15,56.9671745300293,57.0269240799205,55.42221723126211,55.806320550246625,656300
2018-11-16,57.035465240478516,57.25739494522486,56.44650070228023,56.67696791818954,509700
2018-11-19,56.9757080078125,57.291530756147274,56.53185517035341,57.018389045661976,467700
2018-11-20,55.87460708618164,56.548927149887305,55.695358438190894,56.4294280512268,1428400
2018-11-21,55.968509674072266,56.64282985233983,55.7039054124001,56.11361481678193,588200
2018-11-23,55.575862884521484,56.011184778673815,55.37953920293502,55.62707492658192,237600
2018-11-26,56.694034576416016,56.881820742589504,56.10507656966873,56.10507656966873,814400
2018-11-27,56.60868453979492,56.83061425899382,56.3696863093715,56.48918542458321,861800
2018-11-28,57.61589050292969,57.62442801383117,56.26725031785598,56.753784243836655,531500
2018-11-29,57.1976318359375,57.539060567196486,56.950096168580025,57.231775360284544,345600
2018-11-30,57.54759216308594,57.726840783614975,57.02691480774429,57.02691480774429,466800
2018-12-03,57.82075500488281,58.51215023671532,57.41104558296577,58.29875801340449,588400
2018-12-04,55.31978988647461,57.573210917755105,55.072254161768655,57.504930365453355,836900
2018-12-06,54.67108154296875,54.67108154296875,53.271226045021926,54.13332905772877,1406100
2018-12-07,53.69800567626953,55.2856406903077,53.433398212543445,54.525968340101066,1015200
2018-12-10,52.955406188964844,53.64679479461308,52.05915965002051,53.51022392445115,1534400
2018-12-11,52.485939025878906,53.8516475973852,52.29815287625701,53.55289986490135,1178500
2018-12-12,52.75908660888672,53.56144007688395,52.56276618340143,53.11758392774513,1074200
2018-12-13,52.33208465576172,53.1053395590715,52.194617481559526,52.8647695461107,998400
2018-12-14,51.816566467285156,52.546859974638515,51.6790993384607,51.88529839295994,1324000
2018-12-17,51.258094787597656,52.25473210379484,51.01752817669725,51.558803051223165,4448100
2018-12-18,51.000370025634766,52.04855926161559,50.73402594572012,51.55023871418998,2066600
2018-12-19,50.227115631103516,51.94545693858548,49.96077482602842,50.94881911134498,1648600
2018-12-20,49.83187484741211,50.553577993542575,49.54834708974773,49.83187484741211,2002700
2018-12-21,48.8953971862793,50.68247355159811,48.792297635195716,49.83189324210056,2213200
2018-12-24,47.88157653808594,48.77511473735978,47.84720892792717,48.336935901524704,1538900
2018-12-26,50.00373077392578,50.01232103804234,47.391851300733144,48.03622926617684,2483600
2018-12-27,50.459083557128906,50.459083557128906,48.7149684741423,49.2562468120426,2203300
2018-12-28,50.5106315612793,51.163599661438234,50.330206553304805,50.67387276695024,1400800
2018-12-31,51.000370025634766,51.206569145105014,50.34739849986852,50.794167628688605,2037600
2019-01-02,51.386985778808594,51.53304318207622,50.20991990288341,50.27006157216715,735800
2019-01-03,50.502044677734375,51.28388975948222,50.42471919591423,51.060506855043805,878700
2019-01-04,52.15164566040039,52.27192899598274,51.26669789044794,51.309659033848845,751100
2019-01-07,52.271942138671875,52.71011772524556,51.790805397895596,52.07433328374838,628000
2019-01-08,52.34925842285156,52.75306960352463,51.79079629117499,52.718701997196,601900
2019-01-09,52.641380310058594,52.83898914445624,52.20320149152313,52.538280761128426,453600
2019-01-10,52.72728729248047,52.83898036378798,52.24615395910966,52.38362109399775,353300
2019-01-11,52.80462646484375,52.91631956513847,52.177432294301774,52.409408759155795,685600
2019-01-14,53.13109588623047,53.354478740654045,52.2891093157495,52.34925097953565,1033300
2019-01-15,53.55210494995117,53.65520450402455,52.804624169860865,52.933501070559394,626100
2019-01-16,54.7463493347168,55.012690111718676,54.076194066751825,54.11915521689138,1835600
2019-01-17,55.04705047607422,55.23606902388952,54.265205497577035,54.497181912402596,695300
2019-01-18,55.923404693603516,55.99213990678552,55.0126860612695,55.36494911261422,1037700
2019-01-22,55.32197952270508,55.72579064483354,55.04704526688673,55.459449928089114,1297700
2019-01-23,55.36494445800781,55.58832404964342,54.806482369018475,55.519595397190244,687200
2019-01-24,55.46803283691406,55.665644891397406,55.081408821339174,55.17591807935956,576400
2019-01-25,55.91481018066406,56.26706662963571,55.71719810810691,55.87184903947126,744600
2019-01-28,55.846073150634766,55.90621481336824,55.39930744960752,55.510997236126926,892800
2019-01-29,55.67424392700195,56.02650037853695,55.63987632478758,55.828894859491676,552500
2019-01-30,55.871856689453125,56.232706727060936,55.43367789810036,55.83748908278323,563400
2019-01-31,55.803123474121094,55.87185868992192,55.32199007341723,55.519602180106865,1437900
2019-02-01,56.09524917602539,56.29285474295465,55.88045652634921,55.93200466468702,613200
2019-02-04,56.404541015625,56.404541015625,55.84607891548014,56.00072985775179,495600
2019-02-05,56.30143356323242,56.4389039694576,56.02649930573184,56.4389039694576,597300
2019-02-06,56.23270797729492,56.44750060754426,56.00073482080403,56.11242462875137,1014000
2019-02-07,55.846073150634766,56.258477805771136,55.38212037171246,56.11241386346161,651700
2019-02-08,55.5539665222168,55.76875914275438,54.90099512039638,55.62269517902638,420800
2019-02-11,55.760162353515625,55.811710481856856,55.49381506220214,55.74297527410175,437300
2019-02-12,56.55919647216797,56.7396214933938,56.06946954171192,56.12101767493335,673300
2019-02-13,56.679473876953125,57.10905908862632,56.67088033733362,56.76538960829774,448900
2019-02-14,56.078060150146484,56.44750375698617,55.7429841526583,56.30144633345568,1243200
2019-02-15,57.20356750488281,57.21215448942388,56.53341563347774,56.53341563347774,439900
2019-02-19,57.392601013183594,57.5300649061445,56.79977117772584,56.9973767529106,841100
2019-02-20,57.744842529296875,57.744842529296875,57.212154514763306,57.34962492688166,2341400
2019-02-21,57.45273971557617,57.71048695961652,57.237947068066845,57.6417517392252,342500
2019-02-22,57.418365478515625,57.57301642907156,57.229346921730524,57.469913610384054,467000
2019-02-25,57.59020233154297,58.11429690430554,57.53865419486181,57.710485687099826,495300
2019-02-26,57.40116882324219,57.804979935389724,57.20356331407396,57.306659560614065,511500
2019-02-27,57.61597442626953,57.68470964279074,57.21216322289623,57.30667250687513,347400
2019-02-28,57.53865051269531,57.7362560606282,57.4699152982183,57.57301811993383,329100
2019-03-01,57.83935546875,58.346269451912164,57.63315639243934,57.91668421921053,655800
2019-03-04,57.50428009033203,58.32048941869887,57.02314672244847,57.9854134582156,451100
2019-03-05,57.315269470214844,57.54724920108865,56.859910104734716,57.54724920108865,411000
2019-03-06,56.77399826049805,57.40118916571979,56.748224189728916,57.26372526996714,454500
2019-03-07,56.1381950378418,56.69665715109301,55.84608022611219,56.60214787554509,710300
2019-03-08,56.1381950378418,56.172562643036535,55.49381718907897,55.57973947954103,629900
2019-03-11,56.68806457519531,56.82552842746656,56.318621049475986,56.344395112092485,557600
2019-03-12,56.76538848876953,56.98877462982001,56.66228568021932,56.73961442536948,357600
2019-03-13,57.16061019897461,57.34962875076546,56.87708237128833,56.96300466206633,879300
2019-03-14,57.40116882324219,57.555819748001895,57.09186697372278,57.14342165194238,429400
2019-03-15,57.719078063964844,57.91669017550872,57.36681499054566,57.43555020803494,796500
2019-03-18,58.303306579589844,58.45795752097935,57.81357969101479,57.81357969101479,375700
2019-03-19,57.78779983520508,58.7071118516245,57.641735893289216,58.61260258830524,649700
2019-03-20,56.53343200683594,57.65894347299236,56.490470851887956,57.63316940200434,486700
2019-03-21,56.39433670043945,56.653504491927755,55.824176786440205,56.264752804695306,888200
2019-03-22,54.761592864990234,56.005587630413096,54.56289998894745,55.83280691804311,1172200
2019-03-25,54.63201141357422,55.150340360701236,54.28645658518615,54.709761085188774,828500
2019-03-26,55.3231201171875,55.38359172039742,54.79615046453943,55.0293994892585,718800
2019-03-27,55.13306427001953,55.46133774377862,54.87389978714729,55.219451332491886,897700
2019-03-28,55.62547302246094,55.642754388024805,55.02075375046712,55.22808729631968,430800
2019-03-29,55.75505828857422,56.06605696736792,55.547728033015076,56.04014150928678,583800
2019-04-01,57.033599853515625,57.1027121323997,56.10061045221926,56.10061045221926,599200
2019-04-02,57.0076904296875,57.2754988909776,56.82627562160023,56.97313428658845,454300
2019-04-03,57.21503448486328,57.60377960953139,56.964507359066275,57.38780863117995,1072800
2019-04-04,57.577850341796875,57.77653990333207,57.18909871942474,57.18909871942474,388900
2019-04-05,57.655609130859375,57.88022078832888,57.49147567312989,57.681524593084504,562800
2019-04-08,57.74198532104492,57.7506260037954,57.42235255928506,57.52601438865159,435800
2019-04-09,57.17182159423828,57.50009501639802,57.04223772544308,57.50009501639802,436200
2019-04-10,57.50874328613281,57.56057420412561,56.98177365017201,57.24094142195642,3922900
2019-04-11,57.776546478271484,58.02707357251192,57.49146983184857,57.63832849681043,689000
2019-04-12,58.78729248046875,59.13284071160027,58.243041493707544,58.52812471621008,1042300
2019-04-15,58.40719223022461,58.88233102154582,58.2776083243269,58.78730326328158,544500
2019-04-16,59.184669494628906,59.26241585789995,58.47628517977566,58.49355995242176,372100
2019-04-17,59.288330078125,59.36608303068653,58.8736696341599,59.288330078125,886300
2019-04-18,59.08101272583008,59.3747366459541,59.05509726630068,59.271068216926146,523900
2019-04-22,58.925506591796875,59.22786456967048,58.74409180507271,58.93414727428172,492000
2019-04-23,59.348819732666016,59.409291340439076,58.70090682470717,58.88232823893726,636300
2019-04-24,59.288330078125,59.49566689101647,59.04644372066054,59.141471445508564,413300
2019-04-25,59.392005920410156,59.58206139390103,58.847761547976084,59.10692271017385,651700
2019-04-26,59.93627166748047,59.94491235324145,59.296999330321924,59.34883026306361,755000
2019-04-29,60.463218688964844,60.7828580326558,60.01400206220556,60.01400206220556,654900
2019-04-30,60.52369689941406,60.64464010410228,60.0485647641133,60.558253042312174,954200
2019-05-01,60.01400375366211,60.78285974578207,60.00536307091082,60.53233267327301,553900
2019-05-02,60.169517517089844,60.39412918611597,59.69437871547907,60.065849071944385,440600
2019-05-03,60.7137451171875,60.79149807712204,60.307718725409266,60.39411236776088,510200
2019-05-06,60.43730163574219,60.65327255636345,59.607974091465714,59.685720459252835,1016600
2019-05-07,59.47838592529297,60.03127091488044,59.08100025095878,59.89305296293805,1447600
2019-05-08,59.271060943603516,59.78938984331694,59.0982868406689,59.33153253872159,1091800
2019-05-09,59.210594177246094,59.262425094171505,58.3380697271779,58.69226523526176,965000
2019-05-10,59.50430679321289,59.64253134864028,58.36398057457516,58.89959084049196,742000
2019-05-13,57.73335266113281,58.48492730632023,57.586494005281246,58.329427967503875,936300
2019-05-14,58.294883728027344,58.735459735717754,57.880216589771614,57.880216589771614,468500
2019-05-15,58.03569412231445,58.320777260746915,57.46552784544952,57.759251664385175,507600
2019-05-16,58.614501953125,58.942781944970626,58.19984150887959,58.19984150887959,318300
2019-05-17,58.260318756103516,58.81320379606219,58.052981922936844,58.113453518216396,592500
2019-05-20,58.363983154296875,58.57131999660237,57.97523810906631,58.02706902418776,372800
2019-05-21,58.85639572143555,58.882317769510074,58.58859387618658,58.58859387618658,497000
2019-05-22,58.54539489746094,58.72681627275225,58.40717693403603,58.61450717462815,506800
2019-05-23,57.61241912841797,57.98388946730273,57.21503332720119,57.89749580498124,780600
2019-05-24,58.139373779296875,58.21712014616356,57.78517831003479,57.88020604125587,569800
2019-05-28,57.482826232910156,58.19121065310965,57.482826232910156,57.99251448813087,447700
2019-05-29,57.482826232910156,57.54329783252804,56.800357270988314,57.07679981080007,376800
2019-05-30,57.119998931884766,57.85429883988667,56.85219047345749,57.59513106486938,549000
2019-05-31,56.28202438354492,56.688050777165216,56.24746824462941,56.42888303075367,818300
2019-06-03,56.696693420410156,56.921305061784906,56.195645807834964,56.238836044811656,920400
2019-06-04,58.268943786621094,58.294865829918145,57.30139841260475,57.39642613196829,372200
2019-06-05,58.53676986694336,58.58860078738696,57.85430085382371,58.31215822683689,544100
2019-06-06,58.726810455322266,58.925499993859084,58.24303115398408,58.42444592039507,581900
2019-06-07,58.5799674987793,58.87369146383047,58.55405203528594,58.65772048017072,372500
2019-06-10,59.0637321472168,59.50430809775405,59.01189464234029,59.01189464234029,572500
2019-06-11,59.08963394165039,59.60796273420093,58.934134644794405,59.400632535362355,410300
2019-06-12,58.64042663574219,59.029178278175785,58.4676525219339,59.01189691224898,395400
2019-06-13,58.77001190185547,58.994623527828665,58.57995641764047,58.71818098467324,967200
2019-06-14,58.94279098510742,59.09829032327583,58.441736829796994,58.795925738957855,291400
2019-06-17,58.363983154296875,59.055092780162155,58.32942701391262,58.916868218625154,274100
2019-06-18,59.1414794921875,59.38336588256257,58.38126418087874,58.38126418087874,442100
2019-06-19,59.046443939208984,59.62524438112825,58.99461303124874,59.25377416195893,273900
2019-06-20,59.296974182128906,59.51294509817422,58.69225825356575,59.42655804993796,341600
2019-06-21,59.16233825683594,59.683514477089005,59.084158178884614,59.31000363760319,702300
2019-06-24,58.85832977294922,59.422940206198376,58.81489565226991,59.049429300551985,351500
2019-06-25,58.65855026245117,58.8930839433859,58.371900931138626,58.80621568993316,399500
2019-06-26,58.56298065185547,59.03204122775116,58.51955316695395,58.875687702452595,409600
2019-06-27,59.10153579711914,59.179709249704125,58.73671309749185,58.73671309749185,529800
2019-06-28,59.94411849975586,60.13521803367394,59.561919431919705,59.735642666145274,388600
2019-07-01,60.630332946777344,60.899605931999,60.300249543353445,60.55215285702887,509300
2019-07-02,60.413169860839844,60.67375467196085,60.12652060420274,60.560835249853305,621400
2019-07-03,60.89961624145508,60.92567406674373,60.50873560789067,60.578220932954636,346500
2019-07-05,61.1515007019043,61.25573197085135,60.830105492715276,61.0038353194858,247900
2019-07-08,60.7606086730957,61.0733157090064,60.61294330255864,60.85615841335257,244200
2019-07-09,60.96040725708008,60.99515322588315,60.40448501046285,60.40448501046285,423000
2019-07-10,60.6998176574707,61.22100057830985,60.62164419561451,60.943039446516494,574500
2019-07-11,61.04726791381836,61.08201388207975,60.630329548913366,60.77799494368739,314700
2019-07-12,61.45552062988281,61.46420877814365,61.04726381412322,61.12544389424003,362800
2019-07-15,61.05595779418945,61.54238810941223,60.8822279479556,61.51633028925615,292300
2019-07-16,60.87356185913086,61.1862690345158,60.76063577366993,61.05597327358579,277200
2019-07-17,60.395790100097656,60.821416572832945,60.33498631827833,60.708497157201386,680800
2019-07-18,60.93434143066406,61.02120302770041,60.35236144069396,60.38710077781646,806900
2019-07-19,60.70850372314453,61.14281839086033,60.673757754473364,61.04726863379358,258700
2019-07-22,60.75193405151367,60.873541620719855,60.456596649787585,60.63032648230749,244200
2019-07-23,61.45552062988281,61.45552062988281,60.88222213274414,60.88222213274414,316800
2019-07-24,62.080936431884766,62.11568239874716,61.290480596775176,61.290480596775176,340200
2019-07-25,61.68136215209961,62.15042272147133,61.525008628975705,62.089618941762865,1653800
2019-07-26,62.33283615112305,62.37626363687702,61.69873388965533,61.750849523406174,1479400
2019-07-29,61.85508728027344,62.367581977104415,61.80297164663865,62.22859811792477,323800
2019-07-30,61.83772659301758,61.846408115140875,61.307862150386875,61.45552755187645,229200
2019-07-31,61.585819244384766,62.080937684713504,61.386031587673024,61.80297657132045,299900
2019-08-01,60.169960021972656,61.855103301875324,60.01360645345471,61.472904217249926,626200
2019-08-02,59.961490631103516,60.24813994373493,59.25790288838719,59.978866931508556,927800
2019-08-05,58.0765495300293,58.91912092434711,57.564054849859566,58.745391106020534,558400
2019-08-06,58.89308166503906,58.9365091629681,57.84203415755405,58.44139062218125,815300
2019-08-07,58.3371467590332,58.50218181900054,57.19054972512933,57.85070984634549,1335600
2019-08-08,59.37080383300781,59.41423794336977,58.58903623629608,58.754077903133776,504100
2019-08-09,59.12760543823242,59.44900071528614,58.6672328975316,59.11023576544528,261400
2019-08-12,58.059181213378906,58.68459539107179,57.92889211562277,58.55430629331565,234400
2019-08-13,58.71066665649414,59.15366957166875,57.76386365134557,57.92890538245554,571300
2019-08-14,56.68675231933594,57.75516269136286,56.599890711164655,57.41639778051375,2249200
2019-08-15,56.764923095703125,57.19923774314862,56.44353449794744,56.869160996851654,1063900
2019-08-16,57.88546371459961,57.99838315284457,57.095014392651876,57.095014392651876,444100
2019-08-19,58.44139099121094,58.86701758545852,58.371899041545234,58.70198248889881,440000
2019-08-20,57.72041320800781,58.23290793110898,57.68567386854735,58.13735817980395,312700
2019-08-21,57.95494842529297,58.16341760338746,57.859398671350554,58.11130196564276,339200
2019-08-22,58.31976318359375,58.52823233323401,57.91150640467528,58.224213442693056,352500
2019-08-23,56.78230285644531,58.36320800449582,56.49565358113825,57.98100897075306,632700
2019-08-26,57.399044036865234,57.399044036865234,56.86917946474246,57.1992563182297,334800
2019-08-27,56.8517951965332,57.72042465180257,56.63463783271586,57.57275923491481,319500
2019-08-28,57.416385650634766,57.50324724045552,56.617248420900594,56.617248420900594,365300
2019-08-29,58.23291015625,58.45875563406584,57.84202298767075,57.85939928518046,573300
2019-08-30,58.40663146972656,58.75408451035085,58.25027793280141,58.554303485294874,264200
2019-09-03,57.7899055480957,58.02443916735612,57.40770654018423,57.98100505205144,392000
2019-09-04,58.432701110839844,58.4848233851046,58.12868212394911,58.22423189513147,322200
2019-09-05,59.57927322387695,60.06571007886058,59.032039217524535,59.136277106545634,519000
2019-09-06,59.561912536621094,59.81381583606771,59.35344335426093,59.527166568375094,780200
2019-09-09,60.51741027832031,60.71719796143734,59.80513441691669,59.9267420059039,317600
2019-09-10,60.804054260253906,60.93434998766336,60.23075571049869,60.62164289272706,387800
2019-09-11,61.22966003417969,61.22966003417969,60.31760350563505,60.830091465420075,392700
2019-09-12,61.472900390625,61.69005774298672,60.83011648322691,60.969100369754315,3944500
2019-09-13,61.941951751708984,62.15910907141305,61.7161129107399,61.820344182843954,318500
2019-09-16,61.73348617553711,61.81166626128356,61.32522933037949,61.368663447695944,278800
2019-09-17,61.77692413330078,61.785605655611086,61.29917532158326,61.594512758040345,477900
2019-09-18,61.99407958984375,62.13305684085217,61.403411362046825,61.533700463893446,316500
2019-09-19,61.78559875488281,62.358897264913104,61.70742530012352,61.93327077017625,263200
2019-09-20,61.403411865234375,62.08094170885328,61.351289596952526,61.88115403919113,484600
2019-09-23,61.585819244384766,61.72479648752344,61.082012655386194,61.09938232561015,278800
2019-09-24,60.995155334472656,61.79429276322144,60.760621693723145,61.68137333104482,579400
2019-09-25,61.472900390625,61.58582645520763,60.87355060454584,61.04727383558863,342100
2019-09-26,61.17477035522461,61.46329094804119,61.10482475629099,61.41957328111282,360100
2019-09-27,61.24471664428711,61.847979098343856,60.99990704526085,61.585693104956434,842200
2019-09-30,61.20100402832031,61.5419805171334,61.10483048835969,61.410834174425275,325600
2019-10-01,59.85456848144531,61.428310920373924,59.81959568609371,61.428310920373924,652600
2019-10-02,58.717979431152344,59.452388082150264,58.481914743061374,59.452388082150264,600700
2019-10-03,58.787925720214844,58.78792572021484,57.81745225941925,58.55186767289822,662000
2019-10-04,59.82834243774414,59.89828803065136,58.90158667804962,58.90158667804962,330700
2019-10-07,59.57478713989258,60.090627484441285,59.53106948225389,59.64473272396325,418500
2019-10-08,58.40324401855469,59.0502241658079,58.36827121730049,59.0502241658079,627500
2019-10-09,58.90158462524414,59.163870583936834,58.665519925004205,58.82289416837128,479100
2019-10-10,59.53982925415039,59.889550591681406,59.05022338383479,59.05022338383479,560300
2019-10-11,60.274234771728516,60.97367066085276,60.274234771728516,60.37040829041962,693500
2019-10-14,60.34418487548828,60.42287534644658,60.0644091339096,60.07315400187826,247900
2019-10-15,61.11357879638672,61.507011176275164,60.475336783486746,60.61522800235048,433700
2019-10-16,61.01740264892578,61.29717840434175,60.89500117283006,61.25346073271606,550500
2019-10-17,61.13978576660156,61.4895070234559,60.947438741812775,61.323387925615,357000
2019-10-18,61.297176361083984,61.507006503056516,60.938710142766794,60.95619987898614,338600
2019-10-21,62.1364860534668,62.21517650347363,61.76053687546945,61.76053687546945,207000
2019-10-22,62.00535583496094,62.40753304382856,61.769297764461605,62.206447774584646,389600
2019-10-23,62.1889533996582,62.23267106556122,61.81300415218188,61.8304938866948,518000
2019-10-24,62.07529830932617,62.320101235398006,61.87420637983604,62.250155636411925,314500
2019-10-25,62.39004135131836,62.538670733317105,61.996609064761955,61.996609064761955,239700
2019-10-28,62.704803466796875,62.949606424520276,62.52120124850433,62.66108579418328,425700
2019-10-29,62.92336654663086,63.17691432483121,62.55616217973893,62.59112830673707,1048800
2019-10-30,62.8621826171875,62.97583923625101,62.39880460127668,62.8621826171875,312400
2019-10-31,62.45123291015625,62.61735200116934,61.97911023336477,62.59111740492157,2620100
2019-11-01,63.32553482055664,63.40421860082453,62.800956274303054,62.914612847038256,512800
2019-11-04,63.92007827758789,63.990023883670155,63.72773119605172,63.83264960517512,381000
2019-11-05,64.14736938476562,64.43588320725844,63.98125031243859,64.05993408119741,577900
2019-11-06,64.34846496582031,64.38343775882,63.97251577904655,64.04246136504591,430300
2019-11-07,64.8205795288086,65.20527353313611,64.71566116297998,64.74189575722018,542900
2019-11-08,64.86431884765625,64.90802984523515,64.43590704687757,64.7244276464927,274400
2019-11-11,64.65447235107422,64.79436353126131,64.39218639379135,64.47087017986263,337400
2019-11-12,64.71568298339844,64.93425798312272,64.50585285136943,64.6632271179861,2086800
2019-11-13,64.35720825195312,64.5932662609339,64.02497673217847,64.32223545981189,393200
2019-11-14,64.43590545654297,64.48836799087428,64.1124187350005,64.1911025309283,300200
2019-11-15,64.67194366455078,64.72439950699167,64.49707973911997,64.72439950699167,358300
2019-11-18,64.68071746826172,64.72442846639433,64.40094173277014,64.53208139754769,372700
2019-11-19,64.8468246459961,65.02168863540678,64.71567832153288,64.82059671517928,308700
2019-11-20,64.56703186035156,64.78560678653446,64.19108272050188,64.61949437849208,747300
2019-11-21,64.48837280273438,64.85557721855565,64.34848159458535,64.80312135068974,456300
2019-11-22,64.98674011230469,65.03919599353239,64.63701867322949,64.63701867322949,256600
2019-11-25,65.4588394165039,65.5200401459631,65.08289017257478,65.10037323654345,473600
2019-11-26,65.41512298583984,65.43260605013853,65.13534726440523,65.41512298583984,257800
2019-11-27,65.65117645263672,65.72986691242961,65.41511841401584,65.55500960014591,268300
2019-11-29,65.53752136230469,65.75609634283681,65.42386477376445,65.57249415963531,126800
2019-12-02,65.03915405273438,65.75607953885407,65.02167099372639,65.65990603836678,360200
2019-12-03,64.23481750488281,64.33972922838832,63.788922668846894,64.33099103168232,312000
2019-12-04,64.82935333251953,64.97798274767322,64.27854000401528,64.42717608954933,235400
2019-12-05,65.1091079711914,65.19653661818724,64.85556022563873,64.96047860426066,298100
2019-12-06,65.91346740722656,66.10581444805115,65.74734829553648,65.74734829553648,264100
2019-12-09,65.80855560302734,66.02713059485009,65.72112694037412,65.83479020516477,260300
2019-12-10,65.76483917236328,65.9222134202861,65.52003626901197,65.70363844652546,180000
2019-12-11,65.63369750976562,65.88724529775888,65.62495264248881,65.79981663612863,319600
2019-12-12,66.89266967773438,67.08501667256243,65.65990394017841,65.72984951472992,450200
2019-12-13,66.63040161132812,67.19869794038702,66.32439794810551,66.89269427716441,364000
2019-12-16,66.95056915283203,67.32882122137156,66.91538213352165,67.23205859607741,480900
2019-12-17,67.28485107421875,67.44318934151269,66.99456984354589,66.99456984354589,320800
2019-12-18,67.02974700927734,67.43439444875204,67.01215685206662,67.43439444875204,549000
2019-12-19,67.06494903564453,67.17930857242973,66.94179777390694,67.07374747183734,687500
2019-12-20,67.11771392822266,67.46957074137458,66.98576426767143,67.35521794822405,641200
2019-12-23,66.90660858154297,67.22328516186172,66.78345732377903,67.22328516186172,299100
2019-12-24,66.93299865722656,67.02096959577939,66.81864583284438,66.97698412650298,216600
2019-12-26,67.29365539550781,67.32884242589999,66.93299336741782,67.05615132941037,182200
2019-12-27,67.12650299072266,67.42558932353639,67.08252424644064,67.42558932353639,283200
2019-12-30,66.95056915283203,67.41678541402867,66.8977919794853,67.3464113754079,244500
2019-12-31,67.10012817382812,67.15290536229408,66.84502724417665,66.90660286780013,249500
2020-01-02,67.67190551757812,67.67190551757812,67.10012803582762,67.35522896495445,390400
2020-01-03,67.0209732055664,67.28486590171725,66.66910956612458,66.88022506529339,375900
2020-01-06,66.98577880859375,66.98577880859375,66.39641113626506,66.50196551862842,393100
2020-01-07,66.54593658447266,66.90659183156599,66.52833971706019,66.7834406046328,341700
2020-01-08,66.95938873291016,67.29365545507201,66.57233810949339,66.57233810949339,614400
2020-01-09,67.43438720703125,67.4695675176747,67.18807805385964,67.38160331858965,252100
2020-01-10,66.93299865722656,67.45199900747879,66.81864583284438,67.45199900747879,433600
2020-01-13,67.39041900634766,67.39041900634766,66.87141868975738,67.0913325993953,440400
2020-01-14,67.25846099853516,67.68949032896057,67.13530976127075,67.39920910468824,1176400
2020-01-15,66.92420959472656,67.10013805635026,66.66031019105039,66.92420959472656,592500
2020-01-16,67.50476837158203,67.52236524174764,67.11772447405319,67.16170322698805,295100
2020-01-17,67.77745056152344,67.85661632531975,67.59271702352267,67.71587495260252,260500
2020-01-21,67.22328186035156,67.69829670750049,67.17930310544732,67.46079263954596,323800
2020-01-22,67.40799713134766,67.54874522978234,67.30244276876036,67.39920540862452,446900
2020-01-23,67.28485107421875,67.4168007488369,66.63390784700555,67.1441096762015,366300
2020-01-24,66.44038391113281,67.35522650629126,66.02694472078589,67.35522650629126,351600
2020-01-27,65.39359283447266,65.74545641000475,65.02413910022173,65.1560887799512,522300
2020-01-28,66.15009307861328,66.45797788267221,65.69267515660081,65.82462482816334,280100
2020-01-29,65.98298645019531,66.53716721345461,65.9390009736903,66.3788288937746,190100
2020-01-30,66.765869140625,66.79225773789308,65.36721308425273,65.49916278183356,471100
2020-01-31,65.4903564453125,66.34362344732996,65.21766535811749,66.34362344732996,471100
2020-02-03,65.88622283935547,66.51077767169603,65.84223736347234,65.84223736347234,300400
2020-02-04,66.63391876220703,67.1880994328957,66.59873172912897,66.78345861935853,519300
2020-02-05,67.94459533691406,68.00617095926101,67.3728178658412,67.41680332947739,465200
2020-02-06,67.82144165039062,68.31405332266986,67.71588727944734,68.21729067514569,284600
2020-02-07,67.58393859863281,67.76866546173999,67.35522627282612,67.53115470114551,355300
2020-02-10,67.70710754394531,67.7159059810336,67.28486980984202,67.28486980984202,412000
2020-02-11,68.09415435791016,68.35804705434043,67.89183058386362,67.92701761896915,331100
2020-02-12,68.11172485351562,68.56914275533272,67.99737205587104,68.3756241849893,233000
2020-02-13,68.15573120117188,68.25248716037838,67.75988208263979,67.90063022555987,296600
2020-02-14,68.18209075927734,68.23486793477251,67.8742127168256,68.16449389328697,279500
2020-02-18,67.59274291992188,68.12054172572839,67.26727459574721,67.98859202427676,414600
2020-02-19,68.0413589477539,68.22608581740064,67.79505645489161,67.83904191914827,323700
2020-02-20,68.0589599609375,68.4108168514512,67.5223694782921,67.8918232400755,330100
2020-02-21,67.30245208740234,67.8390425423127,67.02096256279688,67.69829442439014,521700
2020-02-24,65.16490173339844,65.75426949476066,64.9010023151438,65.27925456864692,602400
2020-02-25,62.9041633605957,65.27923040061313,62.69304121965839,65.27923040061313,1215600
2020-02-26,62.517120361328125,63.91577619113804,62.45554474059682,63.22963921711018,1305900
2020-02-27,59.82537841796875,62.1212800395073,59.79019138910063,61.12726492989158,2141200
2020-02-28,58.15402603149414,58.717005018366635,56.82574433844862,57.8725365380579,5702300
2020-03-02,60.96893310546875,60.99532170210159,57.696612898191674,58.303577465707974,1088700
2020-03-03,58.77859878540039,61.575904426361895,58.27719526066394,60.907364156299636,1102700
2020-03-04,60.66984176635742,60.66984176635742,58.69061686338137,59.70222204492803,485100
2020-03-05,57.82855987548828,58.89294239419043,57.22160204773048,58.76099941722564,658000
2020-03-06,56.01646423339844,56.59703339143204,54.82013217965995,55.567838035436736,1195400
2020-03-09,49.69174575805664,52.22515144133704,49.26071304246239,51.06400633092858,1696000
2020-03-10,52.630516052246094,52.630516052246094,49.77940351724627,51.98414570376938,3014700
2020-03-11,49.58461380004883,51.4528917533015,48.96480545201146,50.957044399334855,2609000
2020-03-12,44.26312255859375,47.95540369129562,44.20999497206662,45.6444060314624,2192900
2020-03-13,49.67314910888672,49.67314910888672,45.20168080362483,47.59236786493496,1306500
2020-03-16,42.87297058105469,45.99857370138736,42.58963026670201,43.09433041274791,1599100
2020-03-17,45.201690673828125,45.591286257558046,41.98754399647632,43.873531280604865,1219200
2020-03-18,40.72136306762695,42.970376774057186,39.05673590371685,42.146917789540595,1937300
2020-03-19,41.89899444580078,42.607345329283795,38.631724095788435,40.09269715965651,1916100
2020-03-20,40.19009780883789,42.81985416833343,39.92446663804766,42.35057232068124,4331900
2020-03-23,37.89680099487305,39.942166973891354,37.48949973148916,39.77393134681504,1739300
2020-03-24,42.616207122802734,42.73131183408697,39.9421792366019,40.17239203685427,1567900
2020-03-25,43.908939361572266,45.60012845660303,41.739612186643825,43.421948373980136,1295500
2020-03-26,47.00797653198242,47.220483468064124,44.325096307839495,44.325096307839495,1093600
2020-03-27,45.44076156616211,46.875172821792674,44.51105062969201,45.19283955048586,1232300
2020-03-30,46.29962158203125,46.44129173423359,44.45790622571793,45.48501567360563,2475300
2020-03-31,44.909488677978516,46.255357008135334,44.50218397579179,45.980869570656964,1232400
2020-04-01,42.129207611083984,43.0234999048465,41.73075921181031,42.83755844441318,1121500
2020-04-02,43.05891418457031,43.51934302674576,41.80158861984449,41.80158861984449,896000
2020-04-03,41.95212173461914,43.21830040770593,41.420856042468344,42.67818180731016,762100
2020-04-06,45.11314010620117,45.45846094708604,43.90008902015644,44.006340807117155,1186300
2020-04-07,45.688682556152344,47.83144817021253,45.688682556152344,47.45956177736265,858600
2020-04-08,47.75175094604492,48.00852920330478,45.91889151110536,46.50328142691676,799400
2020-04-09,50.425777435302734,51.01902024648251,48.88511130360853,49.06219986943413,1378400
2020-04-13,48.58405303955078,50.61170983026285,48.123624202073614,50.61170983026285,884800
2020-04-14,48.62833023071289,49.90336512853508,47.86685518390418,49.84138464074464,3237900
2020-04-15,46.35275650024414,46.999130307972734,46.21994260177892,46.999130307972734,902800
2020-04-16,45.56471633911133,46.3527569619793,45.077725284520476,46.3527569619793,1279800
2020-04-17,48.16790771484375,48.33613999536881,47.09652340699251,47.57466152345338,1010000
2020-04-20,47.13194274902344,48.03509141693108,46.64495171434241,47.13194274902344,1609900
2020-04-21,45.67982482910156,46.52099304600862,45.52044544578513,45.85691340808469,969000
2020-04-22,46.051700592041016,46.795469805127695,45.99857639104544,46.75119851173699,940900
2020-04-23,45.980865478515625,46.95484740741797,45.97200919355879,46.211078222147485,903300
2020-04-24,46.64494705200195,46.88401609117137,45.812635246425,46.388168819818155,590800
2020-04-27,48.51322555541992,48.74343831332839,47.061105479287235,47.061105479287235,1046700
2020-04-28,49.195011138916016,50.45233338534934,48.96479501811245,49.84138145432396,759800
2020-04-29,50.88620376586914,51.46173735341015,50.2575392202957,50.57629794702403,860800
2020-04-30,49.416378021240234,50.266399101530844,49.23928945175881,49.90336905405151,793800
2020-05-01,47.72518539428711,48.34499027711728,47.424135860762476,48.212176392660794,922900
2020-05-04,47.32673263549805,47.486111984343054,46.41472783317764,47.11422571114372,1076100
2020-05-05,47.26475524902344,48.44238787298322,47.25589896368359,48.026233659456764,695700
2020-05-06,46.175662994384766,47.73403474870717,46.175662994384766,47.69861636441544,551600
2020-05-07,47.309024810791016,48.14133658505797,46.79546836574244,46.79546836574244,729200
2020-05-08,48.504371643066406,48.566352133908225,47.831439152062316,48.24759677144319,763200
2020-05-11,47.46841049194336,47.93769232983677,47.21163223518965,47.804878436045335,607100
2020-05-12,46.087127685546875,47.83144467171472,46.07827477626933,47.73404578124267,1274500
2020-05-13,44.50218963623047,45.74180633890318,44.174577953345,45.74180633890318,942900
2020-05-14,45.653255462646484,45.69752675592936,43.12975121332441,43.705288159051335,794600
2020-05-15,45.44961929321289,45.76837473302598,44.84752005520332,45.228259378582436,687900
2020-05-18,47.99082565307617,48.33614654698697,46.99027798731324,46.99027798731324,740400
2020-05-19,46.80432891845703,47.98196160668477,46.78661972449408,47.751748840533125,841200
2020-05-20,47.98197555541992,48.247610164402914,47.530402799980685,47.530402799980685,580100
2020-05-21,47.84915542602539,48.309584410177926,47.618939245107164,47.87571753240676,593000
2020-05-22,47.76945877075195,47.875710558483924,47.238193076725224,47.875710558483924,477300
2020-05-26,50.257545471191406,50.744539907421434,49.38981515032908,49.40752434598142,1106300
2020-05-27,52.47999572753906,52.49770492156436,51.20496415686779,52.338325553020034,2137800
2020-05-28,51.5502815246582,53.22376140399498,51.35548378118131,53.13521543983131,2194200
2020-05-29,50.84193801879883,51.320076192829355,50.33723773877234,51.010173697263575,2245400
2020-06-01,51.452880859375,51.736221179455704,50.726820866957816,51.08985086316641,936600
2020-06-02,51.86904525756836,52.20550982088695,51.49715892747479,51.94873156649896,803200
2020-06-03,53.887847900390625,54.091498577763154,52.83417274560125,52.83417274560125,2073200
2020-06-04,55.02119827270508,55.02119827270508,53.303447224469444,53.81700026871188,1627700
2020-06-05,57.155120849609375,58.439005387025986,56.986885187535314,58.315044400876815,1136200
2020-06-08,58.3327522277832,58.36817061866997,57.51814950348942,58.341608514346724,2054500
2020-06-09,57.11084747314453,57.62440400194311,56.51760463230853,57.07542908267215,1348200
2020-06-10,54.8618278503418,56.89834130007197,54.84411865591036,56.89834130007197,1309400
2020-06-11,50.37265396118164,52.966992035750714,50.32838266053487,51.93988232340036,1295900
2020-06-12,51.96643829345703,52.67479253091701,50.540883665892984,52.488847685857934,681100
2020-06-15,52.64822769165039,52.85187835520709,50.00076568772993,50.20441635128663,898600
2020-06-16,53.54252624511719,54.78213948607712,52.38259931449626,54.77328657748953,835100
2020-06-17,52.73677062988281,53.71960550333156,52.639371757762255,53.666481302308114,432900
2020-06-18,52.70135498046875,53.20605518249591,52.11696509508555,52.24977898222338,533500
2020-06-19,52.311771392822266,53.54253185412663,51.691963018570625,53.54253185412663,771300
2020-06-22,52.08885192871094,52.40983821892989,51.6252088442695,52.04427125535549,397700
2020-06-23,52.213687896728516,53.18556164058003,52.213687896728516,52.85565714129876,469400
2020-06-24,50.359092712402344,51.74111388655114,50.09160529180694,51.66978549499301,1019000
2020-06-25,51.76787567138672,51.81245635045307,50.055949704678966,50.14511446409946,2073100
2020-06-26,49.467472076416016,50.95649113148122,49.324811873651164,50.90299227996157,1304300
2020-06-29,50.21644592285156,50.50176636776531,49.610139127087855,49.886544796161544,647200
2020-06-30,51.001075744628906,51.25073026842003,49.96678834440995,49.96678834440995,511600
2020-07-01,50.37692642211914,51.35771477955704,50.24318100915618,51.16155914884175,491600
2020-07-02,50.368019104003906,51.72328937628598,50.26993957348494,51.482553039378246,586600
2020-07-06,51.25071716308594,51.848108993911204,50.96539680848748,51.50037162303785,862100
2020-07-07,50.11836242675781,50.92082824055097,49.975702215559885,50.82274870761095,819000
2020-07-08,50.653343200683594,50.82275114670898,49.913290981192276,50.162945512448196,655700
2020-07-09,49.476383209228516,50.70682600743599,49.075150383166495,50.62657944222359,936500
2020-07-10,51.18831253051758,51.232893206005215,49.48530487710475,49.48530487710475,1867300
2020-07-13,51.366634368896484,52.178014840039374,51.04564808997627,51.7767819913891,2482700
2020-07-14,51.65195846557617,51.70545731634052,50.697917735313965,51.143731287821076,566100
2020-07-15,52.864559173583984,53.07854772266251,52.23150489740391,52.76647967138689,846600
2020-07-16,52.837825775146484,53.42629958440936,52.19585651131558,52.38309740487927,519900
2020-07-17,52.39201736450195,52.980491231995444,52.356354858356994,52.9537435020647,928100
2020-07-20,52.106689453125,52.38309509425612,51.90161561665519,52.222601935055806,2026500
2020-07-21,53.221221923828125,53.444128705317034,52.400926600566976,52.400926600566976,478300
2020-07-22,53.21230697631836,53.26580582816547,52.81107409068389,52.918068393090564,1213400
2020-07-23,53.328216552734375,53.64028466830863,52.9893973120485,53.1142245582782,391600
2020-07-24,53.03396987915039,53.5867776285071,52.93589037173663,53.31929022728849,286200
2020-07-27,52.59708786010742,52.962654861012204,52.16910382858639,52.94482190959152,504900
2020-07-28,52.40092849731445,52.73082959349889,52.29393419068744,52.43659439995268,656400
2020-07-29,53.542205810546875,53.56003876041353,52.34742537977967,52.45442307897965,374100
2020-07-30,52.58816909790039,52.677333854010485,51.90161578164716,52.57033614667837,604200
2020-07-31,52.5257453918457,52.61490672956192,51.803526311711074,52.61490672956192,1362700
2020-08-03,52.63275146484375,53.06073210404755,52.3830969422968,52.775411677911684,641900
2020-08-04,52.42768096923828,52.51684573390478,52.16910825363743,52.51684573390478,536400
2020-08-05,53.24796676635742,53.35496105648451,52.65057489379956,52.71298851314763,375700
2020-08-06,53.1944694519043,53.470875060750316,52.900234295263154,53.14988877984197,478000
2020-08-07,54.42491912841797,54.42491912841797,52.90023760013806,52.98939894983295,870300
2020-08-10,54.826148986816406,55.05797052403542,54.51407747748675,54.72806946677815,596400
2020-08-11,55.45921325683594,56.324089339447006,55.28980190976169,55.73561551568274,674100
2020-08-12,55.26304244995117,56.35974327954227,54.8528948358837,56.35974327954227,3321600
2020-08-13,54.88856506347656,55.245213859864684,54.64782534023868,54.90639801348908,397100
2020-08-14,55.0401496887207,55.37896899580049,54.47842356932569,54.60325424130416,295500
2020-08-17,54.26443099975586,54.93315138821564,54.21985032078276,54.93315138821564,781500
2020-08-18,53.854278564453125,54.36250574278464,53.774031988859335,54.30009211746586,354000
2020-08-19,53.82752990722656,54.5230013947001,53.6848696997708,53.925609437593835,363000
2020-08-20,53.30146789550781,53.56895875128484,53.11422701749392,53.32821902185803,383000
2020-08-21,53.096405029296875,53.568969811124404,52.91807888905752,53.096405029296875,332800
2020-08-24,54.35359191894531,54.35359191894531,53.24797612367113,53.399551111213654,436600
2020-08-25,54.46058654785156,54.93314783673283,54.15743318863078,54.82615353385713,361400
2020-08-26,54.10393142700195,54.47841316757217,54.03259962806246,54.433832493878676,349800
2020-08-27,55.0668830871582,55.29870801635712,54.06826178022826,54.095009502333085,388700
2020-08-28,55.25413131713867,55.423539238123944,54.81723255073074,55.423539238123944,354200
2020-08-31,54.55866622924805,55.25413774646914,54.54975145396409,55.15605821190669,500000
2020-09-01,54.73698806762695,54.89748122049441,54.068267731108385,54.38033926225623,537300
2020-09-02,55.4770393371582,55.61969953732977,54.52299861076942,54.73698721038304,436200
2020-09-03,54.683494567871094,56.53807726529196,54.353590074495216,55.7266966974289,540800
2020-09-04,55.0758056640625,55.9050191284594,54.21984447542293,55.503786258382284,689900
2020-09-08,53.56896209716797,54.736991515026915,53.354970079438054,54.736991515026915,475600
2020-09-09,54.05043411254883,54.39816813903427,53.68486713582215,54.059352288313185,475000
2020-09-10,53.25688934326172,54.56758234418979,53.176642763586784,54.1930971719442,379800
2020-09-11,53.612083435058594,53.82735506628001,53.127717132289064,53.378868509274355,367400
2020-09-14,54.31172561645508,54.80506018340597,53.89911877294569,54.015726244957,277500
2020-09-15,53.647972106933594,54.553913597278715,53.61209235519995,54.553913597278715,394900
2020-09-16,54.239967346191406,54.8319694869135,53.62105368429034,53.773540898701114,472600
2020-09-17,53.68384552001953,53.96190844832428,53.33402651382789,53.54930159085112,1734000
2020-09-18,53.50445556640625,54.08748612410197,53.387848086194545,53.70178735405521,628500
2020-09-21,52.06929397583008,52.69717590499176,51.35171609465155,52.37426500304111,615400
2020-09-22,51.62080383300781,52.5267486259957,51.244076754349805,52.024442432770684,728100
2020-09-23,50.49061965942383,52.1858983730001,50.48164801174252,51.737411796004004,3717200
2020-09-24,50.580318450927734,51.37862405541074,49.95243652348318,50.47268262446563,2149400
2020-09-25,51.17231369018555,51.324800893537876,50.230492637567316,50.30225212659918,388800
2020-09-28,52.437049865722656,52.795840496707264,51.75535177286916,51.85401936747398,734900
2020-09-29,51.86299514770508,52.37426964723622,51.51317611346604,52.34736154358138,306000
2020-09-30,52.472930908203125,52.930385723401606,52.015476093004644,52.024444319244125,332900
2020-10-01,52.706146240234375,53.09184500836444,52.2397231650682,52.66129826243163,594000
2020-10-02,53.199485778808594,53.51342505406537,51.818146124315795,51.818146124315795,611900
2020-10-05,54.204097747802734,54.356581569082316,53.66591512699267,53.66591512699267,401800
2020-10-06,53.7017822265625,55.18178931186504,53.6210545051518,54.62566690974745,774700
2020-10-07,54.5808219909668,54.93961266685148,54.23997461272597,54.311730694894024,977200
2020-10-08,55.486759185791016,55.56748690554621,54.876817174680866,54.90372527403893,1292800
2020-10-09,55.44190979003906,55.881424702785225,55.13693879231113,55.728940914761715,473900
2020-10-12,56.15949249267578,56.30300806753562,55.44191461837658,55.513670694965896,472700
2020-10-13,55.101070404052734,56.11465119685026,54.95755481210914,56.00701193663135,912300
2020-10-14,54.58979034423828,55.38809595712295,54.553910594479554,55.17282088025187,2615300
2020-10-15,55.11900329589844,55.11900329589844,53.98881515859232,54.042634781881574,616100
2020-10-16,55.110042572021484,55.486773166361274,54.8230113676111,55.18180208396501,432100
2020-10-19,54.3386344909668,55.41499952216397,54.257906771458906,55.271483956558946,473700
2020-10-20,54.751251220703125,55.423981197761194,54.67949171407643,54.67949171407643,1266800
2020-10-21,54.64360427856445,55.08312264065825,54.580816429934075,54.7871232716409,270600
2020-10-22,55.657188415527344,55.755856018612555,54.58979150021195,54.58979150021195,357400
2020-10-23,55.89936828613281,56.240219052495405,55.45985334421368,55.98009600917445,256600
2020-10-26,54.71535873413086,55.20869325149587,54.15923637392015,55.16384528113193,405600
2020-10-27,53.56724548339844,54.643610684200446,53.56724548339844,54.643610684200446,407900
2020-10-28,52.31147766113281,52.97523934623021,52.01547827925299,52.53572096503742,751500
2020-10-29,52.733055114746094,53.09184234082254,51.495231143831525,52.248688766777626,640700
2020-10-30,52.86759948730469,53.002146836768944,52.123113506197846,52.49984061000779,1058500
2020-11-02,53.917057037353516,54.12336045294832,53.145659574541,53.57620627947986,503800
2020-11-03,55.17280960083008,55.58541979533966,54.82299066640198,54.82299066640198,891300
2020-11-04,54.41039276123047,55.37912543446408,53.69281490421361,54.37451301295935,417600
2020-11-05,55.72895050048828,56.114649282242105,54.831977226024776,54.831977226024776,536300
2020-11-06,55.2535514831543,56.06082878635032,55.07415956838313,55.99804093184412,353300
2020-11-09,59.684600830078125,60.73405788936001,58.89526683429875,59.09259520072149,1980300
2020-11-10,60.222782135009766,60.438053794140714,59.379625108649805,59.83708337224539,618600
2020-11-11,59.79224395751953,60.58157800443953,59.451389720946956,60.58157800443953,437300
2020-11-12,58.805564880371094,59.209206954381685,58.28532558924722,59.10156769930628,1782600
2020-11-13,59.82810974121094,60.09720443872933,59.25404744030998,59.26301908845724,301800
2020-11-16,61.30811309814453,61.44266043858025,60.70714273334194,61.397809043981006,600000
2020-11-17,61.24533462524414,61.308122481275475,60.15999777478074,60.64436416846378,466700
2020-11-18,60.62642288208008,61.95394639511293,60.62642288208008,61.37091237355551,605500
2020-11-19,60.751991271972656,60.82374391925152,59.962650561649994,60.339377622470344,330700
2020-11-20,60.29454803466797,60.60848732991831,60.14206421174114,60.50084806724818,281900
2020-11-23,61.35295867919922,61.541322200615895,60.760953174722786,60.94931669613946,351500
2020-11-24,63.496734619140625,63.55952247036524,62.32170189906752,62.34861000054057,776400
2020-11-25,63.191776275634766,63.23662768509757,62.474201627779884,63.18281146843363,336100
2020-11-27,62.9316291809082,63.218660268159375,62.73429402529285,63.218660268159375,242200
2020-11-30,61.52338790893555,62.779151745478686,61.4336919584744,62.581816548446746,1325800
2020-12-01,62.57284927368164,63.06618040342481,62.43830193162001,62.61769382546078,494800
2020-12-02,63.281463623046875,63.36218792830672,62.39345520501298,62.483158002007386,352800
2020-12-03,63.317352294921875,63.67614304214545,62.967533198304075,63.20971986110982,362900
2020-12-04,64.22327423095703,64.22327423095703,63.71199982463859,63.71199982463859,436700
2020-12-07,63.76581954956055,63.92727499434845,63.469823603584565,63.81964259339799,371300
2020-12-08,63.83759689331055,63.97214427547723,63.236626342112054,63.29941420800795,309800
2020-12-09,63.747886657714844,64.31297732435354,63.46982714857935,64.16946516728325,328900
2020-12-10,63.86449432373047,63.96316193126577,63.227644120869925,63.35321983166705,268600
2020-12-11,63.37117385864258,63.5326293489121,62.850927629622554,63.263534584008184,385800
2020-12-14,62.66255187988281,64.12461581581177,62.66255187988281,64.11565101052048,380900
2020-12-15,63.89141845703125,63.981114428588626,62.8868057828423,63.18280864800922,506100
2020-12-16,63.99905014038086,64.06183800407635,63.712018928720916,64.03492989725883,304800
2020-12-17,64.1778564453125,64.25913211319963,63.834710120784685,64.16882428454281,246700
2020-12-18,63.509613037109375,64.29523868474521,63.238703365119605,64.21396991685978,391800
2020-12-21,64.1688003540039,64.4397099599037,63.157419189615275,64.02432028317016,528500
2020-12-22,63.65408706665039,64.42165521132236,63.62699747994127,64.42165521132236,475700
2020-12-23,64.70159149169922,65.00861596754557,64.02432432372508,64.02432432372508,348100
2020-12-24,64.72869110107422,64.98153644728826,64.24105783786757,64.86414593355146,154600
2020-12-28,64.97248840332031,65.55042245037771,64.86413007544536,65.2524301592043,368500
2020-12-29,64.62030792236328,65.28854973991432,64.60225049815352,65.28854973991432,874400
2020-12-30,65.00862884521484,65.21632718259143,64.80996266759878,64.9092957564068,824800
2020-12-31,65.78521728515625,65.83037118623666,64.71964998112789,65.03570662013672,611300
2021-01-04,64.84607696533203,66.12837481272061,64.29523240506755,66.00194525915964,660200
2021-01-05,65.18019104003906,65.48721550890757,64.57516737055037,64.87315968165282,784100
2021-01-06,68.19628143310547,68.76519022815712,66.23672353563693,66.23672353563693,1980800
2021-01-07,69.13543701171875,69.77658249954834,68.927745584847,69.26185967751509,699000
2021-01-08,68.954833984375,69.36119156179112,68.04277886296376,69.36119156179112,483300
2021-01-11,69.21672058105469,69.30702151130888,68.08794172907898,68.26854358958734,478300
2021-01-12,70.02037811279297,70.26419120040552,69.37020069313795,69.52371289235755,1980600
2021-01-13,69.86688995361328,70.12876744272182,69.40634630797284,69.94815871427531,664100
2021-01-14,70.29129028320312,70.59832161267722,69.8849327857266,70.18293195828518,1055000
2021-01-15,69.07221984863281,69.55985304248122,68.61168312904097,69.40634080261728,535200
2021-01-19,69.40633392333984,69.632089626476,68.93675820268696,69.50566698388114,623100
2021-01-20,69.17156219482422,69.60501627732103,68.92774900996403,69.60501627732103,423700
2021-01-21,68.41303253173828,69.41538873190943,68.34982118981395,69.24381213689217,915100
2021-01-22,67.99762725830078,68.20531866757541,67.54611580742102,67.78992895950817,1532000
2021-01-25,67.47386169433594,67.5731947490455,66.64308240905324,67.54610516858233,979900
2021-01-26,66.91398620605469,67.8621628749945,66.87786446833614,67.79895155636632,455900
2021-01-27,64.9273452758789,66.0200021141792,64.8099478943103,66.0200021141792,605900
2021-01-28,66.12837219238281,66.78757507312365,65.69491815461384,65.74007205691915,619700
2021-01-29,64.78284454345703,66.14641070688884,64.53903145346725,65.91162288316504,437000
2021-02-01,65.69493103027344,65.84844330496945,64.98154194904427,65.36984216061155,326700
2021-02-02,67.29328155517578,67.60031300621014,66.46250191746839,66.46250191746839,444100
2021-02-03,67.53707885742188,67.65446934609501,67.09459959601969,67.27520140775029,346100
2021-02-04,69.10834503173828,69.15349893489572,67.7267210251482,67.80798978340957,461600
2021-02-05,69.23475646972656,69.71335745173016,69.0180329266436,69.5327556474139,516800
2021-02-08,70.19197082519531,70.19197082519531,69.54179325546554,69.55081852372673,443000
2021-02-09,70.33645629882812,70.52609028962988,69.80367607079249,70.08361097775912,377400
2021-02-10,70.31839752197266,70.81505599610767,70.0294304620794,70.67960117970061,332800
2021-02-11,70.25518035888672,70.6795953104252,69.63209238886674,70.4267500152048,1126400
2021-02-12,70.82408905029297,70.88730038014677,70.13778969079587,70.13778969079587,520000
2021-02-16,71.92578887939453,72.15154464681918,71.24852157712061,71.46524518478287,488900
2021-02-17,72.08834075927734,72.19669912954983,71.43816297956256,71.72713011615579,657100
2021-02-18,71.67292785644531,71.99801664164275,71.11305119537911,71.69098528250395,401600
2021-02-19,72.63915252685547,72.79266474153124,72.01606462203199,72.02509677863551,509200
2021-02-22,73.26225280761719,73.51510503238956,72.37729413422925,72.40438372164662,619600
2021-02-23,73.64151763916016,73.75890813177051,72.85588526379561,73.49703067331566,717500
2021-02-24,75.15858459472656,75.31209680482262,73.79501834798026,73.89435139910516,942300
2021-02-25,73.65056610107422,75.79976561296155,73.50608597924847,75.79976561296155,795800
2021-02-26,72.40438079833984,73.74988307205483,72.03413807986776,73.44285857436242,620900
2021-03-01,74.62582397460938,75.04121374905118,73.65958959091405,73.65958959091405,1043200
2021-03-02,74.31880187988281,74.8425500277116,74.20140447075897,74.61679425880493,719200
2021-03-03,74.86964416503906,75.98939081472183,74.4181326413503,74.49940140864511,769800
2021-03-04,74.06592559814453,75.33015887169955,72.93714711988417,74.79737873692886,989100
2021-03-05,75.42951202392578,75.57399901460371,73.20807621364456,75.22182058672492,779400
2021-03-08,76.50411987304688,77.41617515384078,75.7365515985061,76.03454399224381,891900
2021-03-09,75.89005279541016,76.89240886400646,75.07733072769442,76.1970773045924,2604700
2021-03-10,77.29875946044922,77.59675867324029,76.1699808267116,76.31446779879866,709900
2021-03-11,77.32585906982422,77.82252448886345,76.69374570879147,77.253622463934,862900
2021-03-12,78.30110931396484,78.53589718048313,77.94893095894615,78.17468666803596,672300
2021-03-15,77.93090057373047,78.56301402270289,77.14526795327629,78.56301402270289,836300
2021-03-16,77.1271743774414,77.6509223227795,76.54020822731225,77.6509223227795,713800
2021-03-17,77.58773803710938,77.95798079092609,76.77501592222309,77.48840495142777,493400
2021-03-18,77.80447387695312,79.4299113289653,77.55162162086634,78.29210028989311,762200
2021-03-19,76.91949462890625,77.40712784530325,76.08871517408987,77.24458343983758,1007000
2021-03-22,75.9171371459961,76.64858351172589,75.70041357272767,76.55828259699055,650300
2021-03-23,74.73417663574219,75.94422400672123,74.48133132774764,75.46562297522898,625100
2021-03-24,74.94188690185547,76.26933199238748,74.9147973105417,75.21279659403248,738900
2021-03-25,76.18804931640625,76.35059372414904,74.2465485821225,74.81545056446305,771900
2021-03-26,77.47891998291016,77.54241957922875,76.44477282424927,77.07070236005896,501200
2021-03-29,76.58992004394531,77.12512994779384,75.85513799936106,76.48106062510664,606400
2021-03-30,77.27934265136719,77.52426767186591,76.89833817812762,76.89833817812762,962100
2021-03-31,76.65340423583984,77.43354594505105,76.62619111683364,77.11604802175246,949800
2021-04-01,77.58776092529297,77.62404739220543,76.5264077216129,76.55362084156327,2358100
2021-04-05,78.15926361083984,78.56747424926628,77.87804522436292,78.44954842328296,738900
2021-04-06,78.05040740966797,78.37697870216779,77.71476276989424,78.12298034598707,513100
2021-04-07,78.27717590332031,78.49488774477804,77.77824572400608,78.18646321279081,471400
2021-04-08,78.32254028320312,78.39511321465183,77.46075921529075,78.0957550631277,429300
2021-04-09,78.93940734863281,78.93940734863281,78.3951241288635,78.82148150931273,412600
2021-04-12,79.26597595214844,79.34762223883499,78.94847799489271,79.00290423872615,592600
2021-04-13,78.5402603149414,78.96661764275014,78.14111610662076,78.9303311764541,746000
2021-04-14,79.15713500976562,79.64699203852275,78.24999390190517,78.44049270404338,594700
2021-04-15,79.08455657958984,79.38391478546339,78.26812825490605,79.38391478546339,652700
2021-04-16,79.61068725585938,79.85561225344456,79.23875616511855,79.72861308122471,375200
2021-04-19,79.40203857421875,79.80118276835249,79.06640088454768,79.62882378980646,1608100
2021-04-20,77.8236312866211,78.97569737160184,77.53334642829182,78.95755759586618,785500
2021-04-21,79.00289154052734,79.00289154052734,77.33375573584371,77.68754010576981,578900
2021-04-22,78.15019226074219,79.03918649365438,78.00504639034409,79.03918649365438,466700
2021-04-23,79.77397155761719,80.10054282954825,78.0231893745729,78.21368812971006,389000
2021-04-26,80.07333374023438,80.7718361921999,79.9916943715545,80.14590668190759,504700
2021-04-27,80.7446060180664,80.78089248124023,80.04610371360708,80.20938933742165,384200
2021-04-28,80.9441909790039,81.18911599321281,80.70833239132907,80.90790451005883,440200
2021-04-29,82.22325897216797,82.25047209458175,81.42497739063867,81.54290322807725,787300
2021-04-30,81.46125793457031,82.0327542264933,81.37961165233216,81.84225546251896,676300
2021-05-03,81.86036682128906,82.3592969258497,81.54286899153848,82.15065154005154,477600
2021-05-04,82.4319076538086,82.46819412541808,80.99862316944946,81.64269246841005,647000
2021-05-05,83.12133026123047,83.38440199099317,82.77661916064667,82.77661916064667,559100
2021-05-06,84.10103607177734,84.1282491927424,82.80382424526593,83.40254059024173,691600
2021-05-07,84.57274627685547,84.59995939558053,83.01246287455321,83.40253372512878,552600
2021-05-10,84.27339935302734,85.50711165307064,84.2280395351539,85.03539446255829,707900
2021-05-11,82.93081665039062,84.12824232160689,82.53167937394227,83.456960015863,620300
2021-05-12,81.59732818603516,83.7926146122578,81.47940235045638,83.40254371496013,730100
2021-05-13,83.32089233398438,83.72910990160506,81.48847071604209,81.54289695668378,759000
2021-05-14,84.64531707763672,84.79953629403394,83.64746344926824,83.79260931859834,1429200
2021-05-17,84.7450942993164,84.79045410898806,83.92866617177347,84.4275963944206,298200
2021-05-18,83.60210418701172,84.93559542498296,83.54767102969166,84.69974378669266,409900
2021-05-19,83.12133026123047,83.15761673301878,81.71526581435144,82.53169412724655,595800
2021-05-20,83.27555084228516,83.70190132057981,82.57704836071177,83.12133160445843,371100
2021-05-21,84.0012435913086,84.46388737514792,83.56581984728915,83.65653255054856,382100
2021-05-24,84.28245544433594,84.49109395358835,83.90145104664289,84.42759437412869,333500
2021-05-25,83.34810638427734,85.02632264610517,83.2392539017794,84.40946653518465,841500
2021-05-26,83.78353881835938,84.03753717738152,83.03061016773218,83.6111798229074,376700
2021-05-27,84.63623809814453,84.86302329463373,84.05566854880696,84.23709393762435,446800
2021-05-28,84.82676696777344,85.06261867283642,84.17362426250305,85.06261867283642,317300
2021-06-01,85.33474731445312,85.7883177810806,85.11703542833405,85.65224525690513,510700
2021-06-02,85.33474731445312,85.6976050719423,85.00817602480647,85.52524607992433,513300
2021-06-03,85.5615463256836,85.9788303916635,84.81769091746948,85.00818971361657,716300
2021-06-04,85.71575164794922,85.77925124147906,84.96282987350584,85.62503893161181,451500
2021-06-07,85.34382629394531,85.88810950563122,85.15332751590206,85.88810950563122,481100
2021-06-08,85.271240234375,85.43452586485272,84.30059979790624,84.96281566621458,416800
2021-06-09,84.3913345336914,85.03540387737155,84.27340868347525,84.88119155302644,1066200
2021-06-10,83.48417663574219,85.18053262482971,83.41160370209509,85.07167322435906,505200
2021-06-11,83.99217987060547,84.01032656589842,83.56582942433086,83.6837552599894,602700
2021-06-14,83.12133026123047,83.99218482133965,82.70404621707004,83.91961879869984,534600
2021-06-15,83.5204849243164,83.85612963942764,82.80384258941687,83.18484020920518,541900
2021-06-16,83.44790649414062,84.00126310981715,82.46819938198462,83.30276751938824,466100
2021-06-17,81.00767517089844,83.91959627109289,80.78088997380291,83.91959627109289,814000
2021-06-18,79.0391845703125,80.18218404860757,78.95754521090221,79.98261194213461,807400
2021-06-21,80.950439453125,81.03242508278264,79.64772560744676,79.70238269388518,712900
2021-06-22,81.01422882080078,81.3695138729151,80.32187543321973,81.10532630462374,984400
2021-06-23,81.25106048583984,81.66100250018263,81.08708229004469,81.29660573727229,356400
2021-06-24,82.2440414428711,82.46267673884972,81.34216476545484,81.6883378966119,477400
2021-06-25,83.24613189697266,83.43743866004657,82.26226953691985,82.75419724180068,527300
2021-06-28,82.44446563720703,83.11859523335238,82.05274027384733,83.10037852006899,640200
2021-06-29,82.1802749633789,83.21880133795148,81.96163966091387,82.84529965250252,960400
2021-06-30,82.39891052246094,82.62665765707281,81.91608770913031,81.98896846027594,303500
2021-07-01,83.09126281738281,83.16414356770362,82.41713325264254,82.79063493502764,1294100
2021-07-02,82.92728424072266,83.17325503440425,82.61755147865354,83.08215062175722,703700
2021-07-06,81.65191650390625,82.75421202150872,81.05977939590508,82.75421202150872,550700
2021-07-07,81.6883544921875,81.87055640109426,80.92312732565553,81.11443411728852,471800
2021-07-08,80.10323333740234,80.88668414284086,79.63862717364417,80.17611409844126,473000
2021-07-09,82.34425354003906,82.47179137956229,81.07798002599345,81.1599656584194,2286200
2021-07-12,83.22791290283203,83.29168182210888,81.61545930780296,81.9616393984124,2857000
2021-07-13,82.14382934570312,82.96372036548725,81.89786551491315,82.95460853463118,1289000
2021-07-14,81.66101837158203,82.71776849437994,80.8957912760041,82.22583381138348,789300
2021-07-15,82.080078125,82.51735574658274,81.03243975999912,81.03243975999912,1486100
2021-07-16,80.91400909423828,82.55379139327015,80.7500308643351,82.55379139327015,778400
2021-07-19,78.63652801513672,79.65683764986797,78.20836230279154,79.25600048081448,1144600
2021-07-20,80.61335754394531,81.26015844160814,78.59096228490091,78.73672375776049,488400
2021-07-21,81.98898315429688,82.4171489561494,81.33307017701574,81.33307017701574,271400
2021-07-22,81.12354278564453,81.9707625157072,80.79558631269822,81.8614413746278,916600
2021-07-23,81.32394409179688,82.14383516971138,81.11442061928545,81.71566944289542,647600
2021-07-26,81.78856658935547,81.98898522083095,81.22375802824354,81.22375802824354,243400
2021-07-27,81.81585693359375,82.09826803256493,80.85021156045715,81.2054964411504,327900
2021-07-28,81.77943420410156,82.32603286177573,81.07797612051264,82.1073906185898,310900
2021-07-29,82.68132781982422,83.10038174451468,82.0163030793708,82.34425953352707,444400
2021-07-30,82.16206359863281,83.14592599890943,81.88876424004455,82.42625112519042,334400
2021-08-02,81.98898315429688,83.65609414650437,81.97076643839117,82.59023903356865,268600
2021-08-03,82.82707977294922,82.98194616300704,81.15086412700064,82.35336877092196,229600
2021-08-04,82.34425354003906,83.10948752746941,82.03452077270865,82.22582753199349,353300
2021-08-05,83.36456298828125,83.41010824496833,82.799747593092,82.799747593092,253400
2021-08-06,85.04989624023438,85.22298629830365,84.19356473225982,84.19356473225982,462200
2021-08-09,85.20476531982422,85.58737887576133,84.46686675476096,84.95880144823369,794700
2021-08-10,86.02465057373047,86.25239771525254,85.00434087760674,85.21387130593517,745000
2021-08-11,86.95384979248047,86.99940199772645,85.86066636948395,86.28883207774965,597200
2021-08-12,87.04496765136719,87.19072222015006,86.50748073764417,87.00852727159854,307500
2021-08-13,86.50747680664062,87.21804680411091,86.29795332035654,87.12694933397472,308100
2021-08-16,86.33438873291016,86.33438873291016,85.20476478661143,85.94266334705691,303700
2021-08-17,85.54183959960938,86.19775257013191,84.69461983773313,85.6329370787837,300000
2021-08-18,84.60350799560547,85.86066967548663,84.54884395714735,85.15921155960802,298500
2021-08-19,83.86561584472656,84.5215288078438,83.31902402555956,83.71986126975166,555300
2021-08-20,84.58528900146484,84.7492672253082,83.63786003595779,83.9384879380525,260900
2021-08-23,85.22298431396484,85.5873741851967,85.04989425992581,85.04989425992581,591600
2021-08-24,85.79690551757812,85.9699955734352,85.3596279370992,85.54182982492016,259800
2021-08-25,86.81722259521484,87.2909336431079,85.88801026431683,86.08842888275726,433900
2021-08-26,86.28882598876953,87.1815907661508,86.20683341517072,87.0813814819135,457500
2021-08-27,87.5368881225586,87.57332849929671,86.39815241308442,86.46192828509452,452300
2021-08-30,86.28882598876953,87.6370849853058,86.2706023278408,87.54598753153284,707700
2021-08-31,86.36170959472656,86.9083012857736,85.93354390248108,86.28882884917617,422100
2021-09-01,85.9426498413086,86.49835336996532,85.52359597466902,86.43458445439605,368500
2021-09-02,86.20684814453125,86.5074760486087,85.88800352670279,86.0975339614423,273500
2021-09-03,85.78778839111328,86.24328265711723,85.53271271419761,86.08841627474571,244800
2021-09-07,85.24119567871094,85.99731781962545,85.14098638532272,85.89710852623723,273800
2021-09-08,84.91323852539062,85.32318752671777,84.46685609977246,84.97700744333608,285800
2021-09-09,85.13187408447266,85.91532476466442,84.7310438634214,84.77658911907066,530300
2021-09-10,84.44862365722656,85.69668029330249,84.43951877724582,85.68756846303171,279600
2021-09-13,85.37785339355469,85.48716757825098,84.78570940871427,85.13188257740502,369700
2021-09-14,84.17533111572266,85.94264391839761,83.97491255194848,85.71489681416149,285100
2021-09-15,85.04989624023438,85.31408376823273,84.19356473225982,84.29377403426923,296200
2021-09-16,84.90412902832031,85.81511756703745,84.494186966014,85.36873512914752,234300
2021-09-17,84.576171875,85.27763693597568,84.31199131728755,84.85858304578478,261500
2021-09-20,82.54466247558594,82.91816411898964,81.3421580219584,82.6539835896576,849300
2021-09-21,82.44446563720703,83.30990199913857,82.2076066627755,83.04572142992755,346100
2021-09-22,83.70162963867188,84.30288544774288,83.29168755088084,83.3554564745437,435600
2021-09-23,85.71491241455078,86.16130182430669,84.45775067246443,84.54884814068089,359200
2021-09-24,86.22505950927734,86.43458296383865,85.51448961939046,85.59647524501261,866100
2021-09-27,87.47311401367188,87.69175626113505,86.77165591636047,86.83542483429787,855000
2021-09-28,86.02465057373047,87.77374695255014,85.8971127305014,87.50955943434958,755100
2021-09-29,86.16667175292969,86.5148544228947,85.69020389862254,86.33160185778412,345600
2021-09-30,84.8930435180664,86.64312850084221,84.8930435180664,86.56066694765074,743000
2021-10-01,86.2308120727539,86.84471586428208,84.80142247083464,85.06713659682231,696900
2021-10-04,85.6902084350586,87.266205744737,85.45198148593056,86.14834686272614,630100
2021-10-05,87.13792419433594,87.53192350660873,85.85513524805442,86.25829928590679,627400
2021-10-06,87.25703430175781,87.27535676010558,85.67187251516926,86.36824477320555,448800
2021-10-07,87.83428955078125,88.64977529658417,87.73349854933264,87.99005492006118,298100
2021-10-08,88.32908630371094,88.61312987916271,87.57773959555036,87.88927035693135,359200
2021-10-11,87.41280364990234,89.11707897003696,87.41280364990234,88.48484577335051,461900
2021-10-12,87.30284881591797,87.81596156593424,87.04629244090982,87.4769436378036,840900
2021-10-13,86.94552612304688,87.33036079482,85.67190162076996,87.33036079482,408700
2021-10-14,88.3473892211914,88.402370571525,87.15623382037865,87.95338999854019,385900
2021-10-15,89.4286117553711,89.97837642171193,88.97963809343373,89.19037783672317,614800
2021-10-18,89.47441864013672,90.00586078896332,89.10790657230334,89.36446292259583,591800
2021-10-19,90.31739807128906,90.37237243873955,89.630190515611,89.97837316052532,365700
2021-10-20,91.1878662109375,91.19703093653207,90.0425201839226,90.30824130106654,1205100
2021-10-21,90.94047546386719,91.49024016426182,90.5189889605434,91.18786713232167,790100
2021-10-22,92.0583267211914,92.2690664601485,91.30698006148967,91.41692879811532,761800
2021-10-25,92.0583267211914,92.44316128065493,91.87506717575387,92.31488309416709,420000
2021-10-26,92.06748962402344,92.73636772738138,92.0216729909116,92.37902035914648,767000
2021-10-27,90.37237548828125,92.15911938771845,90.32656584407229,91.82925919061118,430000
2021-10-28,91.51770782470703,91.60934108075338,90.81217789134747,90.81217789134747,436100
2021-10-29,91.30699157714844,91.7926172001906,91.06875763335195,91.59103517010418,352300
2021-11-01,91.71930694580078,92.10414152683354,91.21535889653518,91.8934017760649,499700
2021-11-02,91.89339447021484,92.0949764701495,91.39860419509432,91.64599583733623,494200
2021-11-03,92.49813842773438,92.7821889840366,91.60935582055036,91.62767828032611,394000
2021-11-04,91.33446502685547,92.34236803504788,90.69307410999757,92.34236803504788,491900
2021-11-05,91.55437469482422,92.45232902015536,91.18786258263525,91.96670344252573,430200
2021-11-08,91.9575424194336,92.58061093804798,91.7101437627252,92.02168151735108,569200
2021-11-09,91.51770782470703,91.71928980299147,90.95877851787691,91.3894296550053,774600
2021-11-10,91.24284362792969,91.83842493434808,90.99544498203669,91.37112181815678,319600
2021-11-11,91.60935974121094,91.82926422111672,91.02293614373322,91.34363862394932,349600
2021-11-12,91.70098876953125,91.80177978222046,90.98629394547144,91.79261505634756,285300
2021-11-15,91.73764038085938,92.23243071680623,91.5452230819863,91.93005767973244,374400
2021-11-16,91.6368408203125,92.15911829443037,91.35279027078388,91.81092865126051,320000
2021-11-17,90.66559600830078,91.49024661233135,90.39071713404921,91.43527223560862,1273600
2021-11-18,90.28990936279297,90.8396739999239,89.83177100007774,90.74804772550819,324200
2021-11-19,89.28202056884766,89.85010775499696,88.66810975224442,89.4927603344715,854200
2021-11-22,90.4640121459961,91.34363704101318,89.80429172707396,90.35405641262999,1179100
2021-11-23,91.71014404296875,91.76512540609272,90.63810183565613,90.9129876793638,593300
2021-11-24,91.55437469482422,91.8200958013953,91.17870484804241,91.55437469482422,355600
2021-11-26,88.42988586425781,88.87885958934079,87.38533075410835,88.87885958934079,780900
2021-11-29,88.6497802734375,89.67601280460178,87.96257267441861,89.52940516130522,496300
2021-11-30,86.42323303222656,87.87095214671335,86.35909393174362,87.66020539333356,1191800
2021-12-01,85.43364715576172,88.63145823154369,85.42448942099037,87.9534083640536,1024000
2021-12-02,88.01754760742188,88.44819882405916,85.90095042593086,86.2308106348174,851800
2021-12-03,86.5331802368164,88.32908186384036,85.78183356642234,88.25577804462216,1466600
2021-12-06,87.80681610107422,88.62230197443047,87.11960843314674,87.61439879293107,601100
2021-12-07,89.29116821289062,89.6851675026129,88.54898626808422,88.70475164083473,515200
2021-12-08,88.9704818725586,89.67601897082164,88.66810883044585,89.42862030340662,300800
2021-12-09,88.54898834228516,89.02545618738962,88.14582431806402,88.4298748763276,532000
2021-12-10,88.56732177734375,89.22703522306185,87.9350885273968,89.07126983965496,426500
2021-12-13,87.39448547363281,88.37490144636189,87.23872008325478,88.31076234499224,410200
2021-12-14,87.87094116210938,88.59480062886426,87.13791697053469,87.13791697053469,401400
2021-12-15,88.20082092285156,88.42989015972428,86.97300617808185,87.9625869591252,517200
2021-12-16,88.87323760986328,89.73912048064733,88.52319342383478,89.10352687841012,1062600
2021-12-17,87.13227081298828,88.42189251522122,86.50589055851219,88.41268600174214,1084000
2021-12-20,85.40970611572266,86.05451341559484,84.32274021888634,85.77817044188069,2668400
2021-12-21,87.29806518554688,87.60204874974667,86.36770146899124,86.36770146899124,703100
2021-12-22,87.89681243896484,87.89681243896484,87.00328889046558,87.21515812451158,564100
2021-12-23,88.52320098876953,89.07589387493934,88.28369816120978,88.3666059594645,391900
2021-12-27,89.41674041748047,89.41674041748047,88.34820158500223,88.72587243021411,370200
2021-12-28,89.38908386230469,90.03389100698152,89.23248884543614,89.33381668643833,606900
2021-12-29,89.278564453125,89.72993659334705,89.11275585685155,89.52728086147144,1271200
2021-12-30,89.04827117919922,89.9694284448027,88.97457691126161,89.37988835704626,478500
2021-12-31,88.95614624023438,89.3246105080696,88.74427700217093,88.8456048515224,410200
2022-01-03,89.96942138671875,90.35630572123188,89.41672847628975,89.61017064354633,953000
2022-01-04,92.02361297607422,92.35523015657607,90.82610571005395,90.82610571005395,937900
2022-01-05,90.71556854248047,92.65920386298723,90.65108781647191,92.28153304718633,1008300
2022-01-06,92.20783233642578,92.25389300658638,90.83531010567256,91.76568082551876,1571600
2022-01-07,93.0921401977539,93.28558235771234,92.0236015482876,92.31837155792017,1407700
2022-01-10,92.82500457763672,93.67247451201449,91.76567945843954,93.598780252004,1620200
2022-01-11,93.71853637695312,93.73696345750837,92.29995337269905,93.10136270792209,1088100
2022-01-12,93.72774505615234,94.31728510164682,93.26716645636782,93.9580343560446,1054000
2022-01-13,93.3592758178711,94.43702799750099,93.06450581076194,93.93039578133877,1350400
2022-01-14,92.5394515991211,92.56708519070058,91.34195145415583,91.88543082954364,1290400
2022-01-18,90.47606658935547,91.94070324946479,90.03390801528406,91.84858892966261,1255000
2022-01-19,88.85484313964844,91.17616375405848,88.81799599981473,91.17616375405848,1031000
2022-01-20,88.13632202148438,90.33788718834623,88.00736057447862,89.14959354561745,1729000
2022-01-21,86.45059967041016,88.15473904257236,86.10056247312507,87.72180107272166,1634900
2022-01-24,86.76380157470703,86.9111830767284,83.30024842880583,84.70961786351879,1790100
2022-01-25,87.04014587402344,87.68496016048186,84.38721554571825,85.75052432897863,857100
2022-01-26,87.00331115722656,88.66139724146286,86.00846653455781,87.97974275255373,1307400
2022-01-27,86.2479476928711,88.88245789557406,85.67683471620089,87.87839990247848,1080000
2022-01-28,87.39020538330078,87.39020538330078,84.88465612180211,86.09137007123599,753500
2022-01-31,88.44950866699219,88.46793574606185,86.34006492516319,86.93881146536876,867900
2022-02-01,89.64701080322266,89.81281936624441,88.10868009666426,88.56004511849584,1164600
2022-02-02,90.07074737548828,90.19970881765612,88.9469344984216,89.63780237912277,1228800
2022-02-03,89.02985382080078,90.33789549085864,88.92852595628774,89.83125616829349,545700
2022-02-04,90.48528289794922,91.2314180474074,89.26935556689364,89.2969891608925,2256500
2022-02-07,90.82611083984375,91.36038377503564,90.23657071407085,90.66030224022808,609500
2022-02-08,91.9959716796875,92.18020030770906,91.20377592902578,91.22219598067926,1194800
2022-02-09,92.47499084472656,93.11059169979004,92.29996868976745,92.48420438653315,2896400
2022-02-10,91.738037109375,93.38690924967838,91.32351920341098,92.11571491390022,588300
2022-02-11,90.32867431640625,92.4657587755683,89.78519493255914,91.49854791587296,1354700
2022-02-14,89.3614730834961,90.64188118893779,88.62454442044981,90.22735618052202,800200
2022-02-15,90.84453582763672,91.09324520739018,90.26420222842447,90.38395717575271,2656200
2022-02-16,90.918212890625,91.24062353314142,90.27340566133557,90.33788638426451,521200
2022-02-17,88.58767700195312,90.2641826500608,88.31133408748519,90.02468686309611,531700
2022-02-18,88.52320098876953,89.30618316316604,88.1363166712378,88.43108667905312,646800
2022-02-22,87.97972106933594,88.87324462629965,87.20594541143707,87.952087479388,862000
2022-02-23,86.43218231201172,88.89167036495387,86.19267947068548,88.55083966875388,1199900
2022-02-24,85.58472442626953,85.74131947382831,82.99626774592132,83.51212059063285,3303100
2022-02-25,88.36663818359375,88.47717961228672,86.07295800423726,86.07295800423726,759000
2022-02-28,87.2796401977539,87.74021877399535,86.29400232571207,86.29400232571207,2720000
2022-03-01,83.96349334716797,86.66248464735989,83.39237326360893,86.23875311228298,1676800
2022-03-02,86.22953796386719,86.71775022283741,84.64514623657863,84.64514623657863,727500
2022-03-03,85.83343505859375,86.92040092285336,85.12414704999193,86.29401369551948,1285800
2022-03-04,83.99110412597656,84.4148355459424,83.0515269822038,84.40562200719701,867800
2022-03-07,80.6749496459961,83.26339914137552,80.61967543478072,83.20813195803187,3294800
2022-03-08,80.38018035888672,82.53568486351803,79.91960175247438,81.08946832049814,1699500
2022-03-09,83.33709716796875,84.00953802192336,82.80282427861299,82.96863286400367,1134100
2022-03-10,82.74755859375,83.17129009124078,81.78955419721215,82.05669064673569,650000
2022-03-11,82.18565368652344,83.91742684374204,82.1119594173978,83.42921460956123,609700
2022-03-14,82.9041748046875,84.30433110912433,82.53571039998076,83.21736498057014,486600
2022-03-15,83.9266357421875,84.10165786471195,83.05153918530905,83.49369071986189,543000
2022-03-16,86.43218231201172,86.55193021873896,84.76488299046238,85.01359937165127,700500
2022-03-17,87.28886413574219,87.30728418872282,85.39127539661655,85.66762538643133,471300
2022-03-18,87.67574310302734,87.81391808943052,86.46902941270797,87.0862030537208,465400
2022-03-21,87.43622589111328,88.37581002193107,86.93880023853984,88.05339943068991,887300
2022-03-22,88.92852020263672,89.3983123597224,88.19159160437965,88.2284387370797,496900
2022-03-23,87.16911315917969,88.43110119586308,87.10463242900593,88.2560790591604,360400
2022-03-24,87.85093688964844,87.92494948314888,87.1108321293322,87.74917133814267,549200
2022-03-25,88.89633178710938,89.0351036251914,88.01745524297138,88.02670858103788,517900
2022-03-28,88.6280517578125,88.71131062877804,87.58264332305097,88.71131062877804,622400
2022-03-29,89.22013854980469,90.06200883250112,88.67430451440949,89.69195293603084,1639300
2022-03-30,88.33200073242188,89.22013056957489,87.81391970041122,89.15537132285212,419600
2022-03-31,86.39846801757812,88.59104332371777,86.35220838489461,88.21173409875408,1833600
2022-04-01,86.30594635009766,87.26808872697286,85.69535314510394,87.13857023953084,1042600
2022-04-04,86.02841186523438,86.62049845896497,85.44557860965772,86.21344333716829,1300200
2022-04-05,85.2235336303711,86.42620623451641,85.04775552602622,85.76010716355457,558400
2022-04-06,84.5019302368164,84.86273981899686,84.15963438796524,84.66845502158104,825000
2022-04-07,84.17815399169922,84.60371586309034,83.0864928230941,84.5112036403062,601200
2022-04-08,84.83499145507812,85.28831330032287,84.32617075159592,84.4094296262963,462300
2022-04-11,84.43718719482422,85.53810165305818,84.3261753558291,84.64071831062174,536000
2022-04-12,83.623046875,85.27904124911412,83.2437447653221,84.60368882796169,1734200
2022-04-13,83.88209533691406,83.91910163092078,82.80894104363477,82.96621249949166,3317500
2022-04-14,82.92920684814453,84.30765778398987,82.91070723011225,83.6970715737195,3062400
2022-04-18,83.36402893066406,83.74333112688191,82.49439858786631,82.54065822414559,905900
2022-04-19,84.65922546386719,84.83499656267145,83.6230702586484,83.6230702586484,456300
2022-04-20,85.33456420898438,85.91740455340565,85.14953978556039,85.26055867455237,361000
2022-04-21,83.891357421875,86.36146957398047,83.69707965175509,85.97291403374065,378300
2022-04-22,81.43972778320312,83.72481502423067,81.34721558708716,83.72481502423067,509900
2022-04-25,81.5877685546875,81.72653334629881,79.5247116012357,80.7643978527228,2987000
2022-04-26,79.44144439697266,81.41198187177021,79.4229377212119,80.66262384272007,4130100
2022-04-27,79.30268859863281,80.17231902130237,79.04365155142831,79.38594748170705,915100
2022-04-28,80.47760772705078,80.7181451502212,78.90487878237289,80.12605846105564,860300
2022-04-29,77.64669036865234,80.41284594457133,77.52642518995322,80.08904964943531,743500
2022-05-02,77.98897552490234,78.4330368972859,76.4069865933797,77.89645626894654,1144000
2022-05-03,78.98812866210938,79.69123417219589,78.2572701944797,78.41454871760632,871500
2022-05-04,81.39348602294922,81.53225080643642,78.79384850003346,79.11764475855206,1322400
2022-05-05,79.04364776611328,80.57937035452309,78.09075850600233,80.5423640555189,798300
2022-05-06,78.35903930664062,78.73834856558578,77.32289120070185,78.65508263094164,1420600
2022-05-09,76.4532470703125,77.74843902756513,76.11094417086846,77.26736430087468,898100
2022-05-10,75.77790069580078,77.54490696152497,74.71399277818482,77.26736331058925,4763500
2022-05-11,74.93604278564453,77.33214249417335,74.88053686443693,75.77792023452011,1338600
2022-05-12,74.56597900390625,75.19507192497706,73.1320220770063,74.38095458050927,1175500
2022-05-13,75.79640197753906,76.49025406189654,75.18580875535486,75.48185202901824,705000
2022-05-16,75.26908874511719,75.86117540311729,74.70475504636245,75.58363169420424,591800
2022-05-17,77.37840270996094,77.54492753305331,76.32374784978595,76.72155675727161,739000
2022-05-18,75.29683685302734,76.7308008263057,74.96378724708178,76.67528785316192,539600
2022-05-19,74.75101470947266,75.30609506925875,74.1589280512702,74.32544580679928,1620200
2022-05-20,74.69550323486328,75.71315175797436,73.08576804164285,75.44486844096251,668600
2022-05-23,76.8973388671875,77.4616726267328,75.61139985661191,75.8981898773469,583700
2022-05-24,76.65677642822266,76.8973137861887,75.03778828241964,76.49025165089664,1308300
2022-05-25,77.37840270996094,77.85947755810784,76.3330011894661,76.39776045076702,439100
2022-05-26,79.2471694946289,79.5617124115619,78.03523628504311,78.03523628504311,683800
2022-05-27,80.68111419677734,80.68111419677734,79.59870671059835,79.63571299964224,979900
2022-05-31,80.37580871582031,80.95864888101126,79.49693238747739,79.96875369781597,723300
2022-06-01,79.06214141845703,80.4498457643284,78.34053628792061,80.22781504529318,572100
2022-06-02,80.33882904052734,80.39434201545399,78.65508133782855,79.08989650723491,1168000
2022-06-03,79.20091247558594,79.8392587269601,79.09914692657762,79.58021465606578,583600
2022-06-06,79.47845458984375,80.59786854851674,79.44144829473525,79.92251601468756,365300
2022-06-07,80.08904266357422,80.13530229808568,78.83085683373824,78.91412276421302,325300
2022-06-08,78.69210052490234,79.67274991597048,78.36830419408155,79.39520617056371,531400
2022-06-09,76.70304870605469,78.56256745827973,76.68454202872834,78.46080190767286,434900
2022-06-10,73.94615173339844,75.3061033523071,73.87213912842493,75.02855961277169,2207100
2022-06-13,71.52227783203125,72.76196401843366,71.10596936259493,72.03110556865707,1358800
2022-06-14,71.06896209716797,72.33640122313315,70.50462845451572,71.78131386049034,1330500
2022-06-15,71.82757568359375,72.83597783546226,70.68040874506238,71.86458197944691,1124600
2022-06-16,69.77377319335938,70.40286611588196,69.24644582140877,70.32885352306064,2577200
2022-06-17,70.17157745361328,70.9024358787623,69.43147274864016,69.9680463658213,1406700
2022-06-21,71.53154754638672,71.92935648839453,71.20775121178286,71.6518127397451,653500
2022-06-22,71.42977142333984,72.00335845863749,70.54164144038938,70.68041329421314,522100
2022-06-23,71.22794342041016,71.60928546170746,70.12110841727672,71.58138325090374,515100
2022-06-24,73.86014556884766,73.89734377813267,71.5162609974521,71.5162609974521,450900
2022-06-27,73.63690948486328,74.362395159207,73.26486354781404,74.25078634542244,399900
2022-06-28,72.93933868408203,75.02279345499528,72.86492806450929,74.32520986292215,527800
2022-06-29,72.35338592529297,73.14397940659113,72.09295579933017,72.95795991552876,397500
2022-06-30,71.7953109741211,72.40918089136093,70.37224147450516,71.26514768806442,863100
2022-07-01,72.77192687988281,72.96724945704719,71.06052500595416,71.59068831431121,400200
2022-07-05,72.68821716308594,72.68821716308594,70.77218259446228,71.65579280171629,990900
2022-07-06,72.36267852783203,72.90213781210505,71.72089931327747,72.49289357191735,568700
2022-07-07,73.46019744873047,73.62761777535779,72.93003426377503,72.93003426377503,1969100
2022-07-08,73.24626922607422,73.76712931423552,72.87422326473623,73.5625036806903,455400
2022-07-11,72.57659149169922,73.03234409130123,72.36266984331304,72.6696012125709,469400
2022-07-12,72.18594360351562,73.45089562757849,71.98131796783096,72.15804139795618,683600
2022-07-13,71.4139633178711,71.86041998196984,70.62336992354692,71.47907084219925,718600
2022-07-14,70.08389282226562,70.26991936064529,69.3398079573075,70.13040123090725,1056100
2022-07-15,72.42778778076172,72.79053071169507,70.83729790754904,71.03262047834485,834900
2022-07-18,72.16734313964844,73.91595718637817,71.94411838123999,73.27417802274336,668000
2022-07-19,74.39959716796875,74.65073118023534,73.06024178856121,73.06024178856121,497700
2022-07-20,74.87396240234375,74.95766901625146,74.09267228779308,74.35310232597664,331600
2022-07-21,75.29252624511719,75.29252624511719,74.01827797822133,74.6042456931757,296400
2022-07-22,74.74375915527344,75.78548656826437,74.25080120590215,75.3297268334754,497100
2022-07-25,75.25531768798828,75.5994543685801,74.77165578028915,75.18090707200581,325700
2022-07-26,74.2787094116211,75.27392849244926,74.12988815652737,74.85538113082721,242300
2022-07-27,75.4599380493164,75.86918935085845,74.45542309418416,74.64144254241941,455200
2022-07-28,76.0738296508789,76.12963407685811,74.48333964477554,75.46925568341321,320300
2022-07-29,77.1434326171875,77.3852564431888,76.17611602462439,76.17611602462439,358500
2022-08-01,76.6225814819336,76.93882307644769,76.02731069998791,76.54817795633099,252300
2022-08-02,75.71106719970703,76.67838387940284,75.64595968742879,76.21332819279063,244100
2022-08-03,76.87370300292969,77.07832863134324,75.95289477125502,76.26912921794046,361700
2022-08-04,76.6225814819336,77.00393059646714,76.52957175278974,76.79930493463816,274500
2022-08-05,77.19923400878906,77.47827022319873,76.14821084739265,76.30632805733812,298500
2022-08-08,77.17135620117188,78.01775401904689,77.17135620117188,77.65501108335931,287900
2022-08-09,77.51546478271484,77.61777758344036,77.04111317518968,77.31084627744919,299700
2022-08-10,79.36641693115234,79.58033860480225,78.65022709386744,78.65022709386744,368100
2022-08-11,80.22210693359375,80.72436793289431,79.96167688125718,80.138400315137,231800
2022-08-12,81.4777603149414,81.51496562389673,80.2965219144052,80.64065860391447,527600
2022-08-15,81.55216217041016,81.70097629405487,80.59414863035335,80.74296275399807,225000
2022-08-16,82.04512786865234,82.41717385753127,81.27313368356133,81.27313368356133,483100
2022-08-17,81.58937072753906,81.91490828866257,81.03130532330067,81.21732475931793,354100
2022-08-18,81.71028137207031,81.82189728964518,81.18011818191611,81.58006634965956,237300
2022-08-19,80.07328796386719,81.14291750571512,79.85006321216775,81.14291750571512,329200
2022-08-22,78.32469177246094,78.99437321528815,78.13867230331466,78.99437321528815,313700
2022-08-23,78.06425476074219,78.83624897205807,78.03635255246115,78.3711932442081,272700
2022-08-24,78.3711929321289,78.65952521146781,77.79452127726388,78.02704914026293,240100
2022-08-25,79.59893035888672,79.6268325637595,78.39908587605218,78.64091681192697,291100
2022-08-26,77.20853424072266,79.980261698208,77.199231141605,79.8593497944202,314500
2022-08-29,76.56676483154297,77.13413331372267,76.19471887821732,76.68767675049462,419900
2022-08-30,76.20404052734375,76.90162419855847,75.72038563762429,76.89232109600961,279900
2022-08-31,75.64596557617188,76.80860488320937,75.56225185604785,76.51096950445525,496700
2022-09-01,75.76688385009766,75.8412944750601,74.39032276923132,75.35763250899198,438600
2022-09-02,75.19019317626953,77.19923696613583,74.83675344117201,76.54816190248619,331000
2022-09-06,74.95767211914062,75.71106715642867,74.25079258514849,75.56224593062825,394900
2022-09-07,76.45514678955078,76.52025429735737,74.59492417086403,74.7158431826378,506400
2022-09-08,77.70150756835938,77.75731198183873,75.74827503852666,75.9621966876554,368400
2022-09-09,78.50140380859375,78.7060294525815,78.10145562157776,78.15726003496101,678200
2022-09-12,79.20829010009766,79.6268373909356,78.77113660742563,78.83624412147124,257200
2022-09-13,76.25984191894531,77.8782410810878,76.0366171399624,77.63641009774676,513100
2022-09-14,76.20404052734375,76.74350693616827,75.46925154212167,76.51097904576336,339700
2022-09-15,76.43656158447266,77.36667306294217,76.03661336488327,76.09241778281145,342900
2022-09-16,75.70176696777344,75.80407979040022,74.91117368981033,75.5436497314182,583300
2022-09-19,76.57608032226562,76.6411878424184,74.8739746003163,74.9297790186794,350100
2022-09-20,75.49713897705078,76.11101589374015,74.82745764836662,76.00870307429192,723000
2022-09-21,74.02755737304688,76.26912908525865,73.99965516852744,75.84127872485932,366700
2022-09-22,72.65100860595703,74.25080149433398,72.51149046407534,74.11128335245228,774700
2022-09-23,71.40464782714844,71.98131943985396,70.39082982476103,71.80459600611474,739900
2022-09-26,70.214111328125,71.55347408603808,69.79556401437077,70.86519360041595,1353000
2022-09-27,69.90718078613281,71.20003514869526,69.23749939909871,70.90239976514536,2257400
2022-09-28,71.29336547851562,71.71455940777503,69.9642798690753,70.08595430680568,991600
2022-09-29,70.32929992675781,70.60073407012788,69.46820293871689,70.51649244035396,631300
2022-09-30,69.67411804199219,71.2371976461955,69.5337200882335,70.31058257688659,625100
2022-10-03,71.51799774169922,71.9017445541123,69.54308592840562,70.41354472355842,919900
2022-10-04,74.43824768066406,74.47568761657732,72.67861353836699,72.67861353836699,1585500
2022-10-05,73.84858703613281,74.13873762224263,72.9687663673639,73.28700226197859,425100
2022-10-06,72.91260528564453,73.9328167258332,72.73476738138004,73.37123198823795,1154200
2022-10-07,71.10616302490234,72.40717028588317,70.74113262165947,72.2106160026706,480100
2022-10-10,70.8440933227539,71.72390674641728,70.43226120469637,71.42439442626734,1012700
2022-10-11,70.04849243164062,71.17166875028994,69.71154739107486,70.4041681459672,1031400
2022-10-12,69.91746520996094,70.72240584197277,69.63667645007966,70.03914676608558,1717800
2022-10-13,72.6598892211914,72.9032452315505,68.28887850852784,68.63519255631049,3522500
2022-10-14,71.49928283691406,74.20425580994674,71.33080669038542,73.31508051161866,429500
2022-10-17,73.22147369384766,73.67073859259504,72.83771974943649,72.96875593998254,675900
2022-10-18,74.34464263916016,75.23381780413565,73.55841835962654,74.93430549310779,846200
2022-10-19,73.14659118652344,74.19488067300142,72.66924100053848,73.69881409230216,432200
2022-10-20,71.83621978759766,73.66137170107089,71.60222558633512,72.9313109356816,452000
2022-10-21,73.75497436523438,73.83920884920677,71.53670678845674,71.83621907747457,309900
2022-10-24,74.72837829589844,75.03725232897114,73.9796012004644,74.15743906331275,358900
2022-10-25,75.75796508789062,75.91707943134875,74.27912001814288,74.36335450317259,310200
2022-10-26,75.95451354980469,76.83432682575295,75.87963369710482,75.92643539027618,292100
2022-10-27,76.59098052978516,77.47079383461104,76.51610067462754,76.63777508355665,338000
2022-10-28,78.56590270996094,78.62205903846,76.75010525183,76.79690695287054,482400
2022-10-31,78.13534545898438,78.62205024707337,77.9855857451501,78.15406185274557,537100
2022-11-01,78.46293640136719,78.98708112121837,78.09790602276566,78.77181045739502,429000
2022-11-02,77.38656616210938,79.6048338650096,77.31168630036346,78.31318124317092,465800
2022-11-03,76.544189453125,77.161937632464,75.9826047434131,76.53482768469765,267800
2022-11-04,78.097900390625,78.42549081690734,76.97472403359676,77.58311033437009,395000
2022-11-07,78.8466796875,78.88411961453907,78.11661896257787,78.63140903319523,860900
2022-11-08,79.12747955322266,79.65162427628408,78.38805702408314,78.94964167606841,464200
2022-11-09,77.75160217285156,78.94028971486811,77.6112042071804,78.68757908940975,322300
2022-11-10,81.81373596191406,81.92604860832746,80.11961308883656,80.11961308883656,591500
2022-11-11,82.32852172851562,82.80587191486472,81.8230933796054,82.18812377477336,675100
2022-11-14,80.95263671875,82.06645146858179,80.93392032353978,81.89797534794283,831500
2022-11-15,81.16793060302734,82.2162203247519,80.46594781825614,81.86055161787223,1069300
2022-11-16,80.61569213867188,81.22407858440396,80.43786137399628,81.05560244775411,475900
2022-11-17,80.10089874267578,81.71078003116654,79.39891612089922,79.66098849047928,819900
2022-11-18,80.66249084472656,81.39255169609736,80.05410442160517,81.18663563218514,864500
2022-11-21,80.91519165039062,81.04622783135339,80.43784862299893,80.43784862299893,321900
2022-11-22,81.76693725585938,81.80437718634529,81.29894883619028,81.3083106040459,217800
2022-11-23,82.04773712158203,82.24429141041139,81.63590500730893,81.63590500730893,220500
2022-11-25,82.41276550292969,82.48763822473002,82.01029516688882,82.04773509825736,135200
2022-11-28,80.91519165039062,82.19748243945352,80.793517236907,81.80437389656521,340200
2022-11-29,81.476806640625,81.6359210283888,80.77482383949706,80.9526546266114,1234100
2022-11-30,82.92754364013672,82.92754364013672,80.17577668445115,81.42998217769963,481100
2022-12-01,82.32852172851562,83.14282414747156,81.74821351881796,83.039866124123,303200
2022-12-02,82.02900695800781,82.14132674580918,81.31766258380517,81.40190420989028,241700
2022-12-05,79.75457763671875,81.51421134773311,79.38954727720478,81.48613318791448,723800
2022-12-06,79.0806884765625,80.11026166695272,78.4910255839327,79.71715307186618,526900
2022-12-07,78.75309753417969,79.58611642230399,78.63142310522954,78.78117569924993,363600
2022-12-08,78.85604095458984,79.38954741487663,78.59396860791365,79.01515528779527,1178300
2022-12-09,78.57524108886719,79.15554921345804,78.53780830489985,78.53780830489985,337700
2022-12-12,79.56739044189453,79.67034846204213,78.25702148260028,78.67820818979584,319400
2022-12-13,79.73588562011719,81.61719431246483,79.16493905947297,81.49551986907467,424200
2022-12-14,78.68756103515625,80.15704417135356,78.35997061771141,79.58609781197733,1090100
2022-12-15,77.15725708007812,77.72299379619105,76.66694665070965,77.60984357547541,574000
2022-12-16,76.4500732421875,76.74236894426177,75.80890313906244,76.32749205584803,372000
2022-12-19,76.24266052246094,77.0064048758833,75.7806429550343,76.48781578412435,506200
2022-12-20,76.57266235351562,77.06297280821862,76.29922136795685,76.46894311093358,641000
2022-12-21,77.87386322021484,78.05301596013074,77.23270013784959,77.23270013784959,338300
2022-12-22,77.11011505126953,77.35527028405956,75.91263903362048,77.35527028405956,373000
2022-12-23,77.62870025634766,77.69470274883753,76.76123687112876,77.05353259590788,379100
2022-12-27,77.5438461303711,77.92100636359542,77.23269559216415,77.66642734256554,632800
2022-12-28,77.05353546142578,77.80784866168588,77.05353546142578,77.58155542098109,333000
2022-12-29,78.27928924560547,78.41130141596484,77.38354016224166,77.48725938583937,432200
2022-12-30,78.005859375,78.18500488432413,77.3835440025303,77.71355646047694,360700
2023-01-03,78.25101470947266,79.11848535788582,77.66642321310367,78.5621724248687,294500
2023-01-04,79.42963409423828,79.98594701475135,78.87332836745777,78.94876184714303,381500
2023-01-05,78.76018524169922,79.0619119938836,78.37360121252541,79.0619119938836,259200
2023-01-06,80.6648178100586,80.8439632963131,78.88274357290308,79.30704422223302,278400
2023-01-09,80.37252807617188,81.37200366119752,80.21223733298942,80.9476957487511,466300
2023-01-10,80.99485778808594,80.99485778808594,80.10853226177944,80.26882303329721,276300
2023-01-11,81.69258117675781,81.7302979133908,81.08912777809381,81.1645612513598,784900
2023-01-12,82.10746765136719,82.51291362524069,81.40971873296817,82.03203416931332,395400
2023-01-13,82.6449203491211,82.82406588057688,80.83455990439145,81.08913891947755,545800
2023-01-17,82.14517974853516,82.64491394985845,81.97545802037513,82.45633025538487,380300
2023-01-18,80.60826110839844,82.24890703924198,80.58940633397025,81.87174680708026,771400
2023-01-19,79.68421173095703,80.06137189514044,79.16561560598838,79.71249748436772,1329200
2023-01-20,81.07028198242188,81.10799152949797,79.68422233106114,80.02366580460796,285800
2023-01-23,82.07917785644531,82.3620426096336,81.02313074083803,81.11741899190079,325300
2023-01-24,81.99431610107422,82.33375957108935,81.02313341498254,81.86231110648308,236400
2023-01-25,82.55062866210938,82.58833820862505,81.23057152834899,81.23057152834899,317300
2023-01-26,83.09750366210938,83.21065388319573,82.37147619290347,82.85235564035462,355000
2023-01-27,83.27666473388672,83.74811324510523,83.03150949380775,83.25780995868067,180600
2023-01-30,82.83348846435547,83.46522763979574,82.76748597130548,82.85235043021673,306100
2023-01-31,84.11582946777344,84.12526045078106,82.71091513639331,82.95607033846555,301500
2023-02-01,84.37982940673828,85.07757819167274,83.20120845158989,83.47464937643208,296400
2023-02-02,84.68155670166016,85.09643358289493,84.0969653076273,84.86070939014452,288200
2023-02-03,84.68155670166016,85.379305491688,84.00266987554195,84.00266987554195,295200
2023-02-06,84.40813446044922,84.49299892936637,83.87068346975077,84.15355544116387,173500
2023-02-07,85.46418762207031,85.68105710776146,83.98383954849812,84.01212530886359,220800
2023-02-08,84.96443939208984,85.60560956548204,84.80414864717488,84.85128917546803,165500
2023-02-09,83.78582000732422,85.46417535631181,83.60666729241008,85.24731309547815,266100
2023-02-10,84.03096771240234,84.14411072751986,83.13521141157473,83.42751431933603,168300
2023-02-13,85.03987884521484,85.03987884521484,83.91782916450393,84.0121174214478,664900
2023-02-14,84.55899047851562,85.45473961575547,84.10639682161907,84.83243143047136,666800
2023-02-15,84.82300567626953,84.86072241614684,83.91782550041188,84.02154473664133,431600
2023-02-16,83.9649658203125,84.6532764796189,83.8612465932282,84.21954479987181,209400
2023-02-17,84.03096771240234,84.13468693874799,83.33321888176225,83.57837407073666,234700
2023-02-21,82.2489013671875,83.42752251532956,81.91888169072165,83.21065305882907,391300
2023-02-22,82.11687469482422,82.56003731934831,81.74914553697047,82.2111701250278,217100
2023-02-23,82.29602813720703,82.8900577005394,81.51342209919443,82.49403559374069,165900
2023-02-24,82.27717590332031,82.41861186055577,81.3342791133928,81.52285559388565,204600
2023-02-27,82.20174407958984,83.15407187073035,82.06030811952236,82.83348321499527,205800
2023-02-28,82.37147521972656,82.83349269467182,82.16403674705204,82.23947022688506,299000
2023-03-01,82.0508804321289,82.44690257496738,81.76801569436662,81.96602316891983,191700
2023-03-02,81.57001495361328,81.70201994754609,80.71197529931743,81.54172919687521,305400
2023-03-03,82.83348846435547,82.83348846435547,81.69258411664427,81.91887735085395,244800
2023-03-06,82.6731948852539,83.35208175831082,82.53175892107839,82.86177137499996,267100
2023-03-07,80.71198272705078,82.55063621529199,80.51397521792941,82.55063621529199,206600
2023-03-08,80.3819580078125,81.02312816588804,80.00479782181532,80.6836847178638,438900
2023-03-09,77.01581573486328,80.05194477199788,76.6858032729426,79.9199397872296,562100
2023-03-10,75.11117553710938,77.11954347886402,74.29085258942952,76.1483607578221,2347000
2023-03-13,71.9336166381836,73.65911996211224,70.60412834782538,72.48049865239052,3028400
2023-03-14,73.63081359863281,75.08287565101503,72.81992890345381,74.88486817029003,735400
2023-03-15,71.72616577148438,71.91474227103687,70.67954965338359,71.40558428349864,1256400
2023-03-16,73.15937805175781,73.98913205288841,70.51927064982164,71.32073169694988,899600
2023-03-17,70.70784759521484,72.5276391850879,70.57584258403098,72.5276391850879,892500
2023-03-20,71.6130142211914,72.38618936492232,71.24528501830306,71.53758793901518,872900
2023-03-21,73.79110717773438,73.97025268187026,73.42337799328197,73.43280178199892,998500
2023-03-22,71.66014862060547,73.82881389056351,71.66014862060547,73.79109715962075,515500
2023-03-23,70.915283203125,72.43334796353074,70.44383469849548,72.10333544903672,678000
2023-03-24,71.08123779296875,71.08123779296875,69.4689910652101,69.9716324367261,1007700
2023-03-27,72.2003173828125,72.61760776853254,71.69767609214807,72.38999811976718,628400
2023-03-28,72.2382583618164,72.49432556493706,71.71665258035935,72.09599960848057,358000
2023-03-29,73.30045318603516,73.30045318603516,72.66503891723238,73.02542150948294,652600
2023-03-30,73.03491973876953,73.90742967987917,72.61762922972474,73.86000767273048,466500
2023-03-31,73.8694839477539,73.90742010143984,73.09181088614606,73.43322903373794,360200
2023-04-03,73.73670959472656,74.27728711197848,73.40477730090194,73.8315463593077,411800
2023-04-04,72.83576202392578,74.06865464701113,72.29518441355839,73.88846693394373,481800
2023-04-05,72.7503890991211,72.92109816437709,72.2382619033531,72.32362005377166,431600
2023-04-06,73.07283020019531,73.30043983618533,72.67450429273794,72.67450429273794,375000
2023-04-10,73.3668441772461,73.39529448423701,72.71245817412864,72.85471694466483,346700
2023-04-11,74.0117416381836,74.37212423958351,73.47116411829303,73.57548673051589,2832100
2023-04-12,73.84102630615234,74.68508574396786,73.58495910310494,74.36263932304092,386900
2023-04-13,74.27728271484375,74.41954147108456,73.30045034988099,73.8884498324052,1828100
2023-04-14,74.9032211303711,75.65243661894603,74.53334545617352,75.1497952657279,449900
2023-04-17,75.984375,75.984375,74.34367081480065,74.80837600892835,380900
2023-04-18,76.20250701904297,76.33527994592464,75.58605715247415,76.18354255902352,331600
2023-04-19,76.75257873535156,76.94225229841723,75.99387001192362,75.99387001192362,313600
2023-04-20,76.26888275146484,76.59133641108104,76.02230862799574,76.10765953944716,955100
2023-04-21,75.81366729736328,76.02231251680301,75.33947624793885,76.02231251680301,374600
2023-04-24,75.63346862792969,76.0128228957502,75.45327372270926,75.73779123246986,255100
2023-04-25,74.10657501220703,75.12134354646471,74.0591530140643,75.08340739506673,291000
2023-04-26,73.35734558105469,74.2677914244469,73.0538636332573,73.8315365767119,482300
2023-04-27,74.59973907470703,74.77044090566953,73.68928589608664,73.68928589608664,503600
2023-04-28,75.47224426269531,75.5101804124559,74.10657181363689,74.22038026291867,455000
2023-05-01,75.187744140625,76.14561224569127,75.0929073620877,75.69987142742531,313900
2023-05-02,73.19613647460938,74.8747697388386,72.4658853843266,74.8747697388386,703800
2023-05-03,72.2382583618164,73.78412572017533,72.18135775471437,73.28147716031127,1175900
2023-05-04,70.7967300415039,71.75459805380746,70.05699311073586,71.41317989567118,1020200
2023-05-05,72.74092102050781,72.87369396640777,72.14344276395798,72.14344276395798,339800
2023-05-08,72.72193908691406,73.46167596080745,72.68400293497322,73.23406628474359,261600
2023-05-09,72.57020568847656,72.92110972144468,72.19085858163587,72.28569535834605,241800
2023-05-10,72.34258270263672,73.31941507111235,71.70716845613444,73.23406415840948,301300
2023-05-11,72.03909301757812,72.13392976673099,71.47955113267015,71.72612523335155,605700
2023-05-12,71.82099151611328,72.4943420504057,71.34680038754827,72.44692004331624,362200
2023-05-15,72.54173278808594,72.76934966400465,71.82096772108338,72.0675418166253,370800
2023-05-16,71.78305053710938,72.65556041853755,71.75460022899918,72.41846487017672,438500
2023-05-17,73.61343383789062,73.83155770639229,72.4089843122977,72.4089843122977,285300
2023-05-18,74.0876235961914,74.21091068325171,73.09181934454743,73.46168784131066,473700
2023-05-19,73.7461929321289,74.5902524086642,73.40477480279091,74.38160719233753,269900
2023-05-22,74.18244171142578,74.42902305909594,73.47115520649993,74.00224681479214,507500
2023-05-23,73.64187622070312,74.68509515028924,73.64187622070312,73.99277298936714,254100
2023-05-24,72.63658905029297,73.22458861768885,72.51330196939888,73.14871630533159,436000
2023-05-25,72.67452239990234,72.90213932818395,72.17188101221505,72.60813593804896,333100
2023-05-26,73.24356079101562,73.42374848956126,72.63658952378285,72.8072986099085,224500
2023-05-30,73.49012756347656,73.65135802096722,72.93058559252707,73.50909925757253,300700
2023-05-31,72.49433135986328,73.15819594772303,72.04859060705117,73.15819594772303,295700
2023-06-01,73.39529418945312,73.5565174188085,72.43742618964376,72.77884434332667,353600
2023-06-02,75.19723510742188,75.40588037575473,74.12556568940107,74.12556568940107,375300
2023-06-05,74.65663146972656,75.1308224651028,74.25831277014981,75.1308224651028,333100
2023-06-06,75.7662582397461,75.90851702598874,74.4480074760236,74.48594363472714,309600
2023-06-07,76.26888275146484,76.4016556596654,75.61450405692811,75.99385108859776,304300
2023-06-08,76.1645736694336,76.24993183162044,75.548131015736,76.08870859097898,178500
2023-06-09,76.09817504882812,76.4680434762026,75.94643768057291,76.04127444018005,282600
2023-06-12,76.03179931640625,76.46805426058938,75.52915790757746,76.0981857810519,237200
2023-06-13,76.62928771972656,76.95173420754644,76.00335196960715,76.10767459462706,268000
2023-06-14,76.3163070678711,77.20778853766946,76.03178954989004,76.81894841213406,4293800
2023-06-15,77.28365325927734,77.41642617091968,75.92746660271834,75.95591690727298,333900
2023-06-16,77.00862121582031,77.6724930063935,76.95172060698697,77.5776562464776,244200
2023-06-20,76.4395980834961,76.63875746214231,75.98437871389943,76.6197930032347,239500
2023-06-21,76.20250701904297,76.63876195530872,76.03179793654056,76.27837933028445,276600
2023-06-22,75.58605194091797,76.05076438854437,75.2730913408933,76.01282823553927,218500
2023-06-23,75.10237121582031,75.39636731385974,74.65663052809585,74.93166217021478,224400
2023-06-26,75.05496215820312,75.6998623043511,74.92218923713574,75.0265118516289,209500
2023-06-27,75.75676727294922,75.98438420979232,75.15928909379542,75.20671109786656,164600
2023-06-28,75.67142486572266,75.72832548854707,75.31104219519679,75.66193901672433,221000
2023-06-29,76.91114807128906,76.96836420303877,76.00518475626575,76.11008584827586,207900
2023-06-30,77.47379302978516,77.81710437284727,77.29260618673266,77.4547234110388,359200
2023-07-03,78.07459259033203,78.24624826422072,77.47379409386978,77.55962556866592,218200
2023-07-05,77.75989532470703,78.02691366570174,77.23538981510735,77.6549942227871,374900
2023-07-06,76.93976593017578,77.073275105054,76.25314315897104,77.073275105054,421700
2023-07-07,77.2258529663086,77.89339876972807,76.72995556173677,76.74903245652223,353300
2023-07-10,77.64545440673828,78.09366687509885,77.24492690230271,77.24492690230271,223800
2023-07-11,78.65630340576172,78.79934371796723,77.82663321645698,77.94107274192395,606000
2023-07-12,79.27616882324219,79.82928231531066,79.05683548115837,79.4859709944201,341700
2023-07-13,79.8578872680664,79.93418028655915,79.29524262701338,79.46689828077074,233400
2023-07-14,79.29524993896484,80.34425357501127,79.19034884778986,80.33471512789444,2737500
2023-07-17,80.11538696289062,80.344258778594,79.16174590913876,79.1808155289041,4105400
2023-07-18,81.2025375366211,81.25021522409453,80.2107499633048,80.28704299410695,421500
2023-07-19,81.7175064086914,81.97498629877767,81.19300090482528,81.25021704135467,1953100
2023-07-20,82.10848999023438,82.10848999023438,81.37418960951213,81.45048263693104,1627700
2023-07-21,81.69842529296875,82.2420003890342,81.58399302582045,82.2420003890342,287000
2023-07-24,82.5280990600586,82.77604777542318,81.72703677799761,81.72703677799761,3333100
2023-07-25,81.96543884277344,82.55669886617895,81.96543884277344,82.34689668768979,261300
2023-07-26,82.69021606445312,82.90955671122052,81.9559156440133,81.99406215978607,263400
2023-07-27,81.55537414550781,82.9381579444294,81.42186498915723,82.86186491917097,384800
2023-07-28,81.79378509521484,82.23246635636714,81.44094258284476,82.19431984341027,248500
2023-07-31,82.13709259033203,82.41364933954294,81.81285815893493,81.9940522680704,252800
2023-08-01,82.04173278808594,82.13709543145997,81.62212842639619,81.87961556677973,302800
2023-08-02,81.31696319580078,81.5553734408961,80.82107308731197,81.39325622040008,282100
2023-08-03,81.42185974121094,81.59351539912689,80.63034330120676,80.8782847037609,323200
2023-08-04,81.14530944824219,82.10848889841348,81.03087718433902,81.44094310663345,268100
2023-08-07,82.10848999023438,82.21339108400949,81.48862187493694,81.48862187493694,369000
2023-08-08,81.25021362304688,81.35511471940676,80.2965725839233,80.94504878155549,355400
2023-08-09,80.63987731933594,81.42186261618623,80.57312274310614,81.24067578110717,322000
2023-08-10,80.73524475097656,81.69841685325981,80.5445121992599,81.07854879266074,277200
2023-08-11,80.81153106689453,80.94504021618799,80.29656408717565,80.40146517243522,330900
2023-08-14,80.6303482055664,80.75431891438403,80.21074384387092,80.59220169307561,308200
2023-08-15,79.07592010498047,79.92466012166415,78.98055744790337,79.90559050053047,431600
2023-08-16,78.8375015258789,79.51458577827111,78.79935501192254,78.86610959242027,329500
2023-08-17,78.40835571289062,79.22848746634004,78.25576967703834,79.14265600224746,341400
2023-08-18,78.48466491699219,78.70399829413546,77.81711178602052,77.94108978464459,337400
2023-08-21,78.37975311279297,78.75167250647563,77.77895464938008,78.67537948323222,558200
2023-08-22,77.6072769165039,78.55138644034167,77.49284468988193,78.46555499467411,331800
2023-08-23,78.3225326538086,78.39882567992196,77.58823228565191,77.65498686457525,355800
2023-08-24,78.16041564941406,79.22849619088788,78.16041564941406,78.25577829447164,324300
2023-08-25,78.42742919921875,78.78981741439725,77.78849151289236,78.4178980282847,342000
2023-08-28,78.90425872802734,79.20942357411391,78.71353342761218,78.74214149510406,332400
2023-08-29,79.71483612060547,79.76252107396152,78.81841865827131,78.91378128928103,279100
2023-08-30,79.7816162109375,80.22029023446497,79.60996052558292,79.74346969466937,265700
2023-08-31,79.62902069091797,80.04862504434062,79.49551153768405,79.93418550912449,203200
2023-09-01,80.31564331054688,80.57312317002514,80.02954811050154,80.02954811050154,366900
2023-09-05,79.47642517089844,80.50635903797286,79.47642517089844,80.21073270186349,240300
2023-09-06,79.22850036621094,79.5718117270734,78.78028790754585,79.31432456857463,224000
2023-09-07,79.07592010498047,79.37155380033518,78.7993633064638,78.95194937835066,336400
2023-09-08,79.38106536865234,79.45735838575402,78.8374903542824,79.16173203911323,229800
2023-09-11,79.6385498046875,80.11537023198657,79.49550222135731,79.71483554352159,257800
2023-09-12,80.22027587890625,80.70662750395738,79.58133094038539,79.59086938667151,228100
2023-09-13,80.06771087646484,80.57313952687403,79.78162289404503,80.40148382714028,217300
2023-09-14,80.8878402709961,80.97367175597265,80.33472667000537,80.59221384923062,281500
2023-09-15,80.48729705810547,80.94504063643008,80.315641397308,80.35378790811887,313200
2023-09-18,80.5635986328125,80.70663896891053,80.06770121532675,80.3347195436481,296300
2023-09-19,80.43960571289062,80.82106351500458,79.9913933410844,80.56358368210655,279300
2023-09-20,79.89604187011719,81.01180009470569,79.88650342291375,80.68756564682326,270900
2023-09-21,78.55139923095703,79.49550163282301,78.55139923095703,79.4478166801652,450800
2023-09-22,78.09365844726562,78.7135265328747,78.04597348848678,78.64677195600622,401200
2023-09-25,78.24625396728516,78.28439320808153,77.65499387508419,77.83618800953533,436700
2023-09-26,77.1495590209961,78.04597662125448,77.04465792803444,77.68359565738011,551200
2023-09-27,77.05419921875,77.3498256139855,76.41525419012264,77.3498256139855,357300
2023-09-28,77.61559295654297,77.95147243460052,77.09738706288537,77.09738706288537,1115300
2023-09-29,77.07819366455078,78.11460540021301,76.92465525267316,78.11460540021301,532000
2023-10-02,76.36805725097656,77.06858947302932,75.95541227525369,76.92464951059587,518700
2023-10-03,75.04375457763672,76.09936316187701,74.7462688792399,76.07056784656409,810800
2023-10-04,75.62913513183594,75.6771200027349,74.65030673008228,75.09173972079184,731100
2023-10-05,76.070556640625,76.2337007841788,75.32203962494638,75.43719890484397,356100
2023-10-06,76.70392608642578,77.15495747333556,75.50437764101156,75.72509777641135,374800
2023-10-09,76.74230194091797,77.00140114798253,76.05136096013024,76.08014894741945,3715600
2023-10-10,77.34688568115234,77.89387950334225,77.04939999653803,77.04939999653803,340100
2023-10-11,77.47164154052734,77.98984003622925,76.96302683966104,77.5963919455722,260900
2023-10-12,76.8862533569336,77.80750560731919,76.42562357100977,77.673156778396,354900
2023-10-13,76.86705780029297,78.0186286241004,76.52158728529696,77.42364999906012,476800
2023-10-16,77.759521484375,78.17216641183792,77.37566454603193,77.46203583485364,368600
2023-10-17,78.38329315185547,78.88230207887763,77.43325284228608,77.43325284228608,722500
2023-10-18,76.95343780517578,77.88428861370225,76.78070252811455,77.88428861370225,3070600
2023-10-19,75.85945129394531,77.212538216641,75.77307999338939,76.9342420815701,2594400
2023-10-20,74.6886978149414,75.8882464475026,74.58313694955892,75.72510959062559,442000
2023-10-23,74.10330200195312,75.00536472789135,74.10330200195312,74.37199966802946,754000
2023-10-24,74.59271240234375,75.04373639917084,74.23764348079573,74.52553799247916,410100
2023-10-25,74.27603149414062,74.7078659494504,73.98813697629295,74.28562993045867,523200
2023-10-26,74.3144302368164,74.96698490684285,73.99774767898086,74.00734611689002,490600
2023-10-27,72.90376281738281,74.18008421372198,72.65425467249426,74.18008421372198,4009100
2023-10-30,74.0553207397461,74.26644243663453,73.21084127365498,73.41236453301322,1363200
2023-10-31,74.84222412109375,74.87101211218227,74.0745175133702,74.18007836166987,873200
2023-11-01,75.3316421508789,75.638726259145,74.77504991668953,74.96698206027,411400
2023-11-02,77.23171997070312,77.27009907292084,75.99378526252353,76.04176280102652,273300
2023-11-03,78.46965789794922,78.85351486484365,78.12419468135317,78.12419468135317,286400
2023-11-06,78.1625747680664,78.69997745703708,77.76912668013033,78.58481816908706,369800
2023-11-07,78.04740905761719,78.27772027149722,77.80749940773256,77.8842722528464,311000
2023-11-08,78.07621002197266,78.13378600464756,77.62517863378542,78.01863403929777,340100
2023-11-09,77.66357421875,78.4024929288881,77.51962692362962,78.26814407249935,4197200
2023-11-10,78.54644012451172,78.5560385632312,77.55801325884792,77.94187027152819,248900
2023-11-13,78.40249633789062,78.64240606636821,78.12420749574484,78.21057148369411,2136000
2023-11-14,80.29297637939453,80.66723492446813,79.17979918215235,79.17979918215235,548400
2023-11-15,80.6864242553711,80.96472035902369,80.32175686091348,80.32175686091348,302400
2023-11-16,80.7343978881836,80.98390598997253,80.48489710785661,80.81117073818972,4201200
2023-11-17,81.3101806640625,81.32937021435148,80.96471018716957,81.01268772362275,272100
2023-11-20,81.5884780883789,81.80919820821391,80.98390835024986,81.14704517017104,410500
2023-11-21,81.47333526611328,81.7036465272042,81.38696396728982,81.49252482059461,349900
2023-11-22,81.84758758544922,82.0107244112525,81.57888991437032,81.72283718715185,592600
2023-11-24,82.1642837524414,82.28903417143503,81.81881316903666,81.81881316903666,99300
2023-11-27,81.94355010986328,82.07789894559355,81.73242841901218,81.81879971138873,312100
2023-11-28,81.885986328125,82.19307047289345,81.69405416173001,82.02033518386973,494200
2023-11-29,82.59610748291016,83.1239117275946,82.20265939988758,82.20265939988758,234100
2023-11-30,83.40221405029297,83.47897959221586,82.54812875768302,82.74965935443738,689500
2023-12-01,84.33305358886719,84.50578886261358,83.21027797024706,83.30624038422553,1006700
2023-12-04,84.47700500488281,84.7265131506081,83.87243517791414,83.87243517791414,370000
2023-12-05,84.06436157226562,84.21790730215993,83.70929988444594,84.06436157226562,339400
2023-12-06,83.6900863647461,84.87044513382476,83.53654798684802,84.37142893236673,290800
2023-12-07,84.11234283447266,84.13153238915446,83.66131142408837,83.8148498259319,442500
2023-12-08,84.6113510131836,84.81287428207055,83.93000834557635,84.0259707610278,321300
2023-12-11,85.12955474853516,85.26390359115535,84.63054580758337,84.63054580758337,389100
2023-12-12,85.66694641113281,85.66694641113281,84.95681579923902,85.14874793857688,293400
2023-12-13,87.24076843261719,87.34632196681956,85.5326051870585,85.6669540358213,483700
2023-12-14,88.38272094726562,88.71859302091072,87.9508864699308,88.09483373619643,506600
2023-12-15,87.88372039794922,88.14281964465383,87.53824985470122,87.85493240625568,340100
2023-12-18,88.03726196289062,88.41152051130298,87.9796859774312,88.23878523346166,351200
2023-12-19,88.89639282226562,88.9446618103006,87.94072725064426,88.13379583797061,273500
2023-12-20,87.33256530761719,89.02187654035933,87.33256530761719,88.65504995919818,317300
2023-12-21,88.13380432128906,88.32686556238497,87.40015834845896,87.79593610214984,1398000
2023-12-22,88.41373443603516,88.8095195255531,88.14344577237107,88.51992032030516,488200
2023-12-26,88.89639282226562,89.07980613902227,88.40408449541394,88.4330429423095,404200
2023-12-27,89.17633819580078,89.25356563198315,88.62610560142531,88.78056047379005,294600
2023-12-28,89.45628356933594,89.63004162113837,89.07980901789962,89.07980901789962,245300
2023-12-29,89.06050872802734,89.50455546040297,88.79022005308687,89.39836957170293,262800
2024-01-02,89.11841583251953,89.23425697968476,88.51991428605236,88.56818327190783,285800
2024-01-03,88.1241455078125,88.67437812411599,88.02761489114441,88.62610913337495,496300
2024-01-04,88.44270324707031,89.19565236846732,88.28824836841761,88.28824836841761,486800
2024-01-05,88.92536163330078,89.34044990403582,88.37512902928584,88.48131491469346,252600
2024-01-08,89.51419830322266,89.54315674797218,88.51026381796538,88.87708305948105,406000
2024-01-09,88.82881927490234,88.98327414235867,88.58748906811192,88.97361887193928,312800
2024-01-10,89.03153991699219,89.10875998312046,88.44269364448664,88.72263755803954,273700
2024-01-11,88.58748626708984,89.00257450423736,87.8924614799525,88.857782276592,2340900
2024-01-12,88.35581970214844,89.38871275773784,88.08553103187292,88.97362448129645,205700
2024-01-16,87.73802185058594,87.98900736343639,87.28431981902284,87.68010494947218,299400
2024-01-17,87.47737884521484,87.88281183821385,86.89818043828633,86.89818043828633,377300
2024-01-18,87.69940185546875,87.84420146271074,86.90783901600172,87.54495434194087,394300
2024-01-19,89.1956558227539,89.27288326507106,87.7573296924648,87.9600462049366,2839300
2024-01-22,89.75553131103516,90.18992272552859,89.53350428630331,89.54315955646032,358700
2024-01-23,89.69761657714844,90.01617424282857,89.49490007121037,89.78449928815849,278700
2024-01-24,90.05477905273438,90.61466688887135,89.98720689077393,90.2092265522954,1147800
2024-01-25,90.45055389404297,90.57605030858198,89.81344601067875,90.42159544909184,2222700
2024-01-26,90.75946807861328,90.9428814069623,90.28646289819181,90.31542134691766,340500
2024-01-29,91.26142883300781,91.30969045386458,90.47952134588431,90.57605195241102,1567200
2024-01-30,92.15918731689453,92.28467638231031,91.28074176454221,91.28074176454221,1410500
2024-01-31,90.72085571289062,92.48738725145319,90.72085571289062,91.84062405671337,1689800
2024-02-01,90.76911163330078,91.04905554287208,89.32113046540216,90.67258102840348,508700
2024-02-02,91.1842041015625,91.58963707986629,90.3636828745724,90.3636828745724,508700
2024-02-05,90.44091796875,90.76912354142112,90.05478813369088,90.6243239326722,806000
2024-02-06,90.71118927001953,90.89460256362679,90.30575633502595,90.46020382057999,264100
2024-02-07,91.25177764892578,91.42553569437956,90.37333951594141,91.01044743939627,281200
2024-02-08,91.0587158203125,91.26143231118854,90.51813114649626,90.90426095213259,399300
2024-02-09,91.46414947509766,91.54137690975588,90.84634472745886,91.10697811341348,447100
2024-02-12,92.07230377197266,92.5356610393642,91.39658209537448,91.4641542630343,508700
2024-02-13,90.62432861328125,91.32901615102125,89.88103471837402,91.12629963422836,501800
2024-02-14,91.63790130615234,91.67651502086284,90.89460755121131,91.23246834891178,562000
2024-02-15,93.24999237060547,93.49132258241595,91.95646597041184,91.95646597041184,385600
2024-02-16,92.93143463134766,93.45270877211924,92.83490401968186,93.12450321949282,340200
2024-02-20,92.5549545288086,92.88316742652611,92.15917683531724,92.25570744118247,348900
2024-02-21,92.66114807128906,92.67080334211839,92.01438485718583,92.33294251122966,409400
2024-02-22,93.80020904541016,93.99327760099195,93.05691535965423,93.11483224392258,332400
2024-02-23,94.14774322509766,94.55317622273722,94.05121261110925,94.10912950653953,358100
2024-02-26,93.86780548095703,94.71729261564272,93.63613051914014,94.11879098573364,274300
2024-02-27,94.19600677490234,94.24426839670267,93.6457742056479,94.02224873383182,285300
2024-02-28,94.45664978027344,94.85243488936301,93.98364459547109,94.01260304446514,190300
2024-02-29,94.53386688232422,94.98756883978383,94.12843391111858,94.84276924583517,2829900
2024-03-01,94.51456451416016,94.75589471786522,94.06086255282452,94.59178458208764,413600
2024-03-04,94.67867279052734,95.05514734101352,94.33115668779953,94.33115668779953,389800
2024-03-05,94.86207580566406,95.35439149672763,94.30219531513579,94.41802910257648,374500
2024-03-06,95.3543930053711,95.58606794873145,94.58214073923203,95.14202123861841,305400
2024-03-07,95.26751708984375,95.97219718639285,95.04549005371715,95.68260535013935,334000
2024-03-08,95.48953247070312,96.08803402243744,95.38334659273714,95.52814618676469,274400
2024-03-11,95.6053695678711,95.74051388595356,95.01652331130624,95.23855032804913,422700
2024-03-12,95.952880859375,96.21351421276421,95.4026483446088,95.73085385367763,567200
2024-03-13,96.44520568847656,96.72514224241708,96.02046217522063,96.02046217522063,336700
2024-03-14,95.65364074707031,96.76376121210599,95.08410497320433,96.54174153798708,347100
2024-03-15,95.61502838134766,96.04941979631019,94.98756838710258,95.16132642605024,341000
2024-03-18,95.89496612548828,96.13629632898284,95.39300254273746,95.82739396310234,314900
2024-03-19,96.38728332519531,96.46451075908858,95.95289189796925,95.95289189796925,278300
2024-03-20,97.73873901367188,97.8738833475674,96.09769646504687,96.29075769495081,401400
2024-03-21,98.71370697021484,98.97434034543318,98.0476332621489,98.09590224802534,269900
2024-03-22,97.38602447509766,98.96568114527994,97.38602447509766,98.73308903334538,287300
2024-03-25,97.38602447509766,97.67676091814842,97.23097046087616,97.50232053106494,230400
2024-03-26,97.4732437133789,97.83181026312859,97.34725447699375,97.72520739868015,331000
2024-03-27,98.78154754638672,98.78154754638672,97.78336376256239,97.94811096317255,352400
2024-03-28,99.22733306884766,99.43084561131602,98.69431874781063,98.84938014801577,306900
2024-04-01,98.39390563964844,99.33394513268219,98.34545449289801,99.29517977904072,256500
2024-04-02,97.8221206665039,98.16130822486008,97.62829392334736,98.035326387109,253200
2024-04-03,97.84150695800781,98.48112416763709,97.63799440778072,97.80274160647863,426600
2024-04-04,96.74641418457031,98.86876359114959,96.63981131554866,98.57803454323721,320800
2024-04-05,97.57015228271484,97.90933985040655,96.79486007621855,96.97899363885168,284600
2024-04-08,98.23884582519531,98.38420665060917,97.69613829995609,97.79305537521168,159100
2024-04-09,97.6476821899414,98.50049769518128,96.91115533911848,98.3938948328095,209000
2024-04-10,96.04865264892578,97.02745744924924,95.72884404182977,96.49444310408923,541300
2024-04-11,95.57378387451172,96.23278002530755,94.86632918864518,96.07771862806882,220200
2024-04-12,94.17826080322266,95.20551668108361,93.87783858846733,94.80818478999441,682000
2024-04-15,93.49989318847656,95.69977333234117,93.23822890824086,95.23459649733046,335100
2024-04-16,92.93780517578125,93.63556672021642,92.71490625152313,93.57741499569026,365200
2024-04-17,93.06379699707031,93.70341427925976,92.75368154339121,93.40298461926065,222700
2024-04-18,93.42236328125,94.22672771441941,93.21885072473756,93.47081442685675,272000
2024-04-19,94.73066711425781,94.85664897143741,93.79062759774783,93.82939295235741,328600
2024-04-22,96.00019836425781,96.41691667246441,94.81788095987002,95.10861741442726,350700
2024-04-23,96.73670196533203,96.94021447695025,96.15523659017519,96.3199837576185,252800
2024-04-24,96.63980865478516,96.78517687160638,96.19401821193883,96.52351260258126,662800
2024-04-25,96.058349609375,96.27154796208058,95.17645445704937,96.07772858917183,185300
2024-04-26,95.87422180175781,96.4363083682637,95.67070922983028,95.87422180175781,203800
2024-04-29,95.6900863647461,96.30063146248565,95.42842946124016,95.94205747482489,302900
2024-04-30,94.64344787597656,95.62224532506816,94.64344787597656,95.37996741106299,235500
2024-05-01,94.74036407470703,96.00020487788665,94.58530265009286,94.58530265009286,263900
2024-05-02,95.33151245117188,95.56409716906744,94.51745484793508,95.52533181712904,194300
2024-05-03,95.65131378173828,96.14556277738433,95.18614434538249,96.00988774230265,202600
2024-05-06,96.76579284667969,96.81425138470713,96.16494838005441,96.17463417267204,216100
2024-05-07,96.99837493896484,97.36664207304736,96.95961698207317,97.04683347568137,191300
2024-05-08,97.37633514404297,97.54108233870905,96.67857362106359,96.86269979415259,242800
2024-05-09,98.15161895751953,98.16131214349788,97.24065171265318,97.24065171265318,144200
2024-05-10,98.39390563964844,98.62649036776205,98.25823059877091,98.41329201333677,179500
2024-05-13,98.0450210571289,98.84938547816327,97.97718353931485,98.64587292472113,172300
2024-05-14,98.51019287109375,98.62648152785998,98.06440243477594,98.25822179187603,148800
2024-05-15,99.3242416381836,99.45023087287727,98.8203068806122,98.8203068806122,180500
2024-05-16,99.19825744628906,99.72157856313454,99.19825744628906,99.4211489591449,203900
2024-05-17,99.81848907470703,99.86694760942149,99.31455432485451,99.3533122801449,201900
2024-05-20,98.82032012939453,99.86696252821297,98.70402406494733,99.67313575413432,305600
2024-05-21,99.3630142211914,99.38240059427915,98.90753057218417,98.91722375872804,125100
2024-05-22,98.71371459960938,99.45992732698873,98.51020203759681,99.14981189053124,188500
2024-05-23,97.26972961425781,98.73308274148435,96.97899318973452,98.73308274148435,782400
2024-05-24,98.00625610351562,98.00625610351562,97.53139347688632,97.53139347688632,226700
2024-05-28,96.9499282836914,97.87058137404449,96.65919183740361,97.802743855742,409100
2024-05-29,95.97112274169922,96.29093135144906,95.8257545196552,96.14556312940505,214800
2024-05-30,96.64950561523438,96.8045596304934,96.02926737299347,96.16494980273066,781100
2024-05-31,97.88996124267578,97.92872659252066,96.56227573699286,96.89177751380711,666700
2024-06-03,97.26004791259766,97.95780949885547,96.43630447082923,97.95780949885547,224100
2024-06-04,96.73670196533203,97.39569802883868,96.38782126149125,96.78516049398401,174300
2024-06-05,97.12437438964844,97.17282553772502,96.35877527017853,97.06623005446237,171700
2024-06-06,96.98869323730469,97.49262802923178,96.67857781294919,97.18251260487628,367200
2024-06-07,97.13406372070312,97.79305993701396,96.74641758280231,96.79486872895548,138000
2024-06-10,96.96929931640625,97.13405389912636,96.34906851597279,96.65918391618952,361600
2024-06-11,95.87422180175781,96.4363083682637,95.4962688262159,96.4363083682637,128600
2024-06-12,96.15525817871094,97.22127950479445,95.9614314143189,97.08560446658755,237200
2024-06-13,95.74822235107422,96.07771672307184,95.27335237674697,96.07771672307184,142600
2024-06-14,95.4574966430664,95.58347849465781,94.80819361806176,95.00201298877701,249700
2024-06-17,96.26187133789062,96.32970886424366,95.02140948815762,95.14739135317443,219000
2024-06-18,96.81425476074219,96.94992979946839,96.15525854675698,96.19402389978377,154800
2024-06-20,97.41509246826172,97.58953284787373,96.62042127085915,96.73671732184535,166300
2024-06-21,97.05652618408203,97.28911089296047,96.47506071501866,97.28911089296047,127800
2024-06-24,97.99657440185547,98.51020240222668,97.18251675705683,97.31819179890073,405500
2024-06-25,97.24066162109375,98.01595391620067,97.04684224418466,97.77367599819667,171800
2024-06-26,96.67857360839844,96.86269978146332,96.22308998130575,96.81424863854502,463300
2024-06-27,96.74641418457031,96.74641418457031,96.11649015682457,96.4072265984718,136100
2024-06-28,97.24392700195312,97.76967601130977,96.78633765732552,96.94211101489229,409300
2024-07-01,97.43865966796875,98.14938912393764,97.02000806298702,97.56522599392613,285600
2024-07-02,98.47066497802734,98.47066497802734,97.17576518055559,97.2439174105259,314100
2024-07-03,98.10070037841797,98.65565639362467,98.10070037841797,98.5680278501519,146400
2024-07-05,97.90597534179688,98.110432041134,97.47759305996321,98.110432041134,180100
2024-07-08,97.67231750488281,98.64592513847536,97.56522007094469,98.06176204392717,200900
2024-07-09,98.34410095214844,98.99641622955677,97.63336417052892,97.68204751936554,171700
2024-07-10,98.85038757324219,98.91853981441795,98.0325606791329,98.0325606791329,135300
2024-07-11,100.01871490478516,100.07712898550042,98.93800984333247,99.15219728196735,250400
2024-07-12,100.27184295654297,100.6904945146184,99.71688693100452,99.89213659317647,233000
2024-07-15,101.85883331298828,102.08275890904133,100.70023785189986,100.70023785189986,1036700
2024-07-16,103.34844207763672,103.42633246373195,101.91723780229006,102.16063968781062,298900
2024-07-17,104.07864379882812,104.22468641022557,102.9687318370647,102.9687318370647,616000
2024-07-18,102.62797546386719,104.72122575501747,102.4527258076554,103.61131374168815,339100
2024-07-19,101.78093719482422,102.98820851287236,101.71278496141916,102.64744734584704,177800
2024-07-22,102.55009460449219,102.6085086859777,101.49859656953222,102.09249782475757,169900
2024-07-23,102.78375244140625,103.27055623385925,102.54035054517975,102.64744797376233,148100
2024-07-24,101.32334899902344,102.66692489732063,101.25519675986423,102.36510889933517,217000
2024-07-25,101.96592712402344,103.27055774138479,101.43043997329363,101.52779924759818,349900
2024-07-26,103.4847640991211,103.67948266936398,102.49168007798534,102.54036343456471,235400
2024-07-29,103.10504150390625,103.76709493806682,102.7448040346596,103.76709493806682,308100
2024-07-30,104.19548034667969,104.58492486579478,103.72815286617067,103.72815286617067,399100
2024-07-31,104.06891632080078,105.08146912152661,104.06891632080078,104.56545827928018,224700
2024-08-01,102.24826049804688,104.53624415758672,101.76145672844879,104.45835377172239,629100
2024-08-02,99.64873504638672,101.07993938779907,98.79196304389795,100.76838525707258,682000
2024-08-05,96.6500244140625,97.54574906277321,95.87114278096888,96.61108664623892,661500
2024-08-06,98.01307678222656,99.15219590861666,96.68896983208477,97.05894547958817,625400
2024-08-07,97.95466613769531,99.95056478890288,97.89625205574049,99.18141385500464,210400
2024-08-08,99.67794036865234,99.80451410672876,98.63618056560054,98.69460207088052,375200
2024-08-09,100.04792022705078,100.33026732572043,99.21061708700606,99.64873754092027,163100
2024-08-12,99.49295806884766,100.55418673456896,99.32743913977839,100.34973004010988,435100
2024-08-13,100.4665756225586,100.4957826635268,99.42481573581752,100.06739292122833,211400
2024-08-14,101.49858856201172,101.67383822067909,100.60287138572794,100.60287138572794,141900
2024-08-15,102.73506164550781,103.12450613685358,102.35535530915554,102.8421590663288,146200
2024-08-16,103.39712524414062,103.42633971200077,102.4429939457333,102.4429939457333,119100
2024-08-19,104.07864379882812,104.07864379882812,103.43605927989363,103.43605927989363,507400
2024-08-20,103.52369689941406,104.05917661746456,103.3095020409793,103.93261030476967,210600
2024-08-21,103.49449157714844,103.83525275393131,102.87138330302074,103.70867901110014,177600
2024-08-22,103.91314697265625,104.07865848918475,103.51396427369562,103.59185466783967,407400
2024-08-23,105.16908264160156,105.46116787325829,104.21495141719008,104.2344202995504,314200
2024-08-26,105.44171142578125,106.08428861195567,105.2761924800367,105.56827774613944,326500
2024-08-27,105.7727279663086,105.87008723968562,105.36381456130324,105.49038087388973,245000
2024-08-28,106.05508422851562,106.5613569506716,105.36382367132329,105.52933519317841,176600
2024-08-29,106.89237976074219,107.34997652322026,105.74352249061894,106.46399003790542,193000
2024-08-30,107.92440032958984,107.98282183630562,106.72686714844504,107.11630424368911,276500
2024-09-03,106.85342407226562,108.07043345805452,106.39582735472327,107.34996598151753,651500
2024-09-04,106.71713256835938,107.62258795840967,106.33742618814829,106.98974151537895,272100
2024-09-05,105.78245544433594,107.34022594523563,105.30538985331822,107.30128075420868,339600
2024-09-06,104.10786437988281,106.3666337888495,103.85472431572954,105.8214158919379,224300
2024-09-09,105.48064422607422,106.14269769375356,104.91595746120025,104.96463338456641,163000
2024-09-10,104.43888854980469,105.84088593207267,103.29976939073036,105.84088593207267,533900
2024-09-11,104.06891632080078,104.2344278309484,101.9464514444409,103.99102592965959,180100
2024-09-12,104.49730682373047,104.6336112952263,103.51396105533637,104.31231900039903,148600
2024-09-13,105.14962768554688,105.43197479940028,104.80886648884001,104.86728057169347,134900
2024-09-16,106.4542465209961,106.51266802537317,105.57800566373774,105.57800566373774,200300
2024-09-17,107.04814910888672,107.55442920384534,106.67818090721407,106.67818090721407,142100
2024-09-18,106.87289428710938,108.08990368807783,106.60028536977819,107.11629616730306,305100
2024-09-19,108.27489471435547,108.45988252577614,107.34997051332431,108.23594952100184,243800
2024-09-20,107.7978286743164,108.02175425018106,107.35970082182439,107.9341331365043,214600
2024-09-23,107.95360565185547,108.37225720781673,107.72968006845545,107.98282011876691,308400
2024-09-24,106.97026824951172,107.58363835518118,106.63923780737838,107.58363835518118,262500
2024-09-25,106.24979400634766,107.19419456054436,106.00639210796857,106.99947601305567,186700
2024-09-26,106.80474853515625,107.04815043011152,106.30821401763367,106.6781822238726,142900
2024-09-27,107.23824310302734,107.89387087092393,106.99360799333087,107.24803059780311,174600
2024-09-30,107.55138397216797,107.64923652360534,106.50433852820755,106.95447370302752,216100
2024-10-01,106.85661315917969,107.46331092017456,106.13249532330724,107.46331092017456,262400
2024-10-02,106.93489837646484,107.21867600070904,106.29884559561894,106.77833578779247,149600
2024-10-03,106.53369903564453,106.74897165854318,105.87807127527218,106.61197659593904,137300
2024-10-04,108.36356353759766,108.43206106806562,107.21867304305975,107.60030320790571,129600
2024-10-07,107.08168029785156,108.31464333860977,106.63155259280325,108.26571333050126,257700
2024-10-08,107.65901184082031,107.91343443595896,107.27738168094773,107.50244925850707,101800
2024-10-09,108.61798858642578,108.92133373310286,107.4339555526705,107.58073811146204,265400
2024-10-10,108.38314056396484,108.77455823071256,107.97214790776069,108.6962732042288,355600
2024-10-11,110.5848617553711,110.75121184524032,108.74520087460564,109.00941098502985,180600
2024-10-14,111.43619537353516,111.47533789149558,110.43808729539603,110.89800254934113,245800
2024-10-15,111.76889038085938,112.93335589482386,111.60254029762763,112.19945056397319,303600
2024-10-16,113.13884735107422,113.20734488263628,112.03309188570971,112.29730198292837,190800
2024-10-17,113.54004669189453,113.93146436321165,113.40305162678422,113.67704175700486,252600
2024-10-18,113.56940460205078,113.7455421853441,113.03121182275044,113.5889795922341,146300
2024-10-21,112.36579895019531,113.4519794207039,112.22880388775918,113.35411940553155,181700
2024-10-22,112.24835968017578,112.38535472829439,111.39702691057855,111.93522707509464,135600
2024-10-23,112.0233154296875,112.34622810839599,111.47532769404185,112.0233154296875,154600
2024-10-24,112.19944763183594,112.3070802091305,111.51446486154015,112.03309008728056,212600
2024-10-25,110.94691467285156,112.80614304008122,110.68271203353335,112.62021796365688,149500
2024-10-28,112.42450714111328,112.55171470680963,111.5829617910091,111.5829617910091,153800
2024-10-29,111.75910186767578,112.43429715492056,111.75910186767578,112.0330919941893,217000
2024-10-30,112.41471862792969,113.13884390026631,111.97437843355728,111.97437843355728,103200
2024-10-31,110.80014038085938,112.47344368381391,110.80014038085938,112.26795108159192,173900
2024-11-01,110.76099395751953,111.86674195874102,110.76099395751953,111.13283663427438,346500
2024-11-04,110.16407775878906,110.81969802154853,109.66502007466187,110.73163297088112,225400
2024-11-05,111.41661834716797,111.41661834716797,110.14451275177518,110.14451275177518,468400
2024-11-06,118.9611587524414,119.13729632695203,116.72030029115045,117.39549557105302,2008900
2024-11-07,116.91602325439453,118.52082909127185,116.62245811554094,118.52082909127185,1296500
2024-11-08,117.94347381591797,118.52081653699611,117.08236094719031,117.57163114967278,499000
2024-11-11,120.11583709716797,120.66381734582669,119.22536172742657,119.41128679708048,739800
2024-11-12,119.73420715332031,120.27240737402673,119.25472443484522,119.94948724160287,744500
2024-11-13,119.46021270751953,120.57574815584226,119.36236016156803,120.0179804316809,650200
2024-11-14,119.08837127685547,119.92991667169574,118.90245366567302,119.84185161361005,400200
2024-11-15,119.63636016845703,119.88099528639844,119.0590174079662,119.11773491292864,480000
2024-11-18,120.0473403930664,120.30176299555532,119.30364757499859,119.85163529310326,321600
2024-11-19,119.48957824707031,119.83206592089563,118.63824534441477,118.99052051339835,393500
2024-11-20,119.12750244140625,119.93969273950356,118.48166967996217,119.93969273950356,242500
2024-11-21,120.60511016845703,121.1824454490273,119.45043214164536,119.85163730868936,887700
2024-11-22,122.112060546875,122.21970059089212,120.64424990919176,120.73231496393069,290500
2024-11-25,123.08081817626953,123.50159087376292,122.7187629831814,122.86553808001645,393300
2024-11-26,123.08081817626953,123.33524078690236,122.34691282940928,123.08081817626953,276200
2024-11-27,123.39395141601562,124.12785676638725,123.22760132835916,123.42330643552307,331300
2024-11-29,123.49179077148438,124.04955847952887,123.34501568963358,123.93213841404823,150700
2024-12-02,122.37625885009766,123.79514689576197,122.02398371225485,123.70707437846592,468900
2024-12-03,121.60321044921875,122.92424594248477,121.47600288671586,122.92424594248477,506100
2024-12-04,121.29986572265625,121.53471332562478,120.72253047667724,121.50535830846255,368400
2024-12-05,121.36837005615234,122.21970292994305,121.36837005615234,121.43686758859496,350600
2024-12-06,121.60321044921875,121.90656304544972,121.12372775060102,121.49557787520595,292600
2024-12-09,119.84184265136719,121.80871092390807,119.76355762847574,121.71085091245841,300800
2024-12-10,119.57764434814453,120.38004724767003,119.01009654043486,119.93970701544036,387500
2024-12-11,120.11583709716797,120.26261965396469,119.5580693538772,120.25283215933264,617600
2024-12-12,119.5874252319336,120.5268231502475,119.55807021349737,120.40940307650264,240700
2024-12-13,119.17645263671875,120.04735311549216,119.10795509790529,119.98864307241541,409400
2024-12-16,119.37214660644531,119.65592423092723,118.99051643075232,119.49936164212372,437300
2024-12-17,118.24681854248047,118.8926587910402,117.93368591260416,118.8926587910402,390900
2024-12-18,114.24928283691406,118.74565878721477,114.19024434628366,118.53904283621647,690500
2024-12-19,114.60348510742188,116.50239268689496,114.5739621085166,115.66608036702867,818400
2024-12-20,116.1973876953125,117.13208753990365,114.04267406694773,114.32799551261392,1156700
2024-12-23,116.45320129394531,116.58110426996657,115.2626954961846,115.72512491896846,457400
2024-12-24,117.92903137207031,117.92903137207031,116.52206866564278,116.72868462171465,178900
2024-12-26,118.17500305175781,118.30290602187956,117.31901623375835,117.50595769557606,278200
2024-12-27,117.34854125976562,118.3324311278181,116.58110836372214,117.73226521427135,338600
2024-12-30,116.14818572998047,116.69916157718451,115.16429599912586,116.1580192226213,397200
2024-12-31,116.16786193847656,116.90577924752247,115.85301752020962,116.61060932131089,449400
2025-01-02,115.9317398071289,117.28950506242604,115.28236891993225,116.75820365648795,464900
2025-01-03,116.98450469970703,117.04353568864906,115.68577039759548,116.65981924755818,629100
2025-01-06,116.6696548461914,118.16516404652509,116.57126736701531,117.49611867905077,501700
2025-01-07,116.36463928222656,117.47643952157611,115.72511693973152,117.30918006296919,438000
2025-01-08,116.55158233642578,116.61061332109966,115.4201075891154,116.26625339969651,331200
2025-01-10,113.60975646972656,115.39059460663452,113.12765256927591,115.39059460663452,708000
2025-01-13,114.31815338134766,114.39685885705858,112.85215223729502,112.95054721827917,721100
2025-01-14,116.04979705810547,116.11866904274862,114.81010133452862,115.0167172884581,454600
2025-01-15,119.10970306396484,119.30648553822694,118.14549521277408,118.765343117111,1015200
2025-01-16,119.70986938476562,119.91648534064191,118.9522775465526,119.15889350242888,830100
2025-01-17,120.82167053222656,120.98892999679461,119.94600921009561,120.31988463203894,387500
2025-01-21,121.98265838623047,122.06136386380572,121.35296202024514,121.41200051153074,681900
2025-01-22,121.50054168701172,121.98265306347092,121.02827881623425,121.96297106507345,532500
2025-01-23,122.12039947509766,122.3171744241202,121.56941610616488,121.62845459605816,386500
2025-01-24,122.4254150390625,122.66154650260354,121.7957261319638,121.81540062622395,383000
2025-01-27,123.47816467285156,123.48800567225034,121.80555508625082,122.1203995086633,459600
2025-01-28,123.38963317871094,123.83238062112983,122.86816523802737,123.31092018693032,413400
2025-01-29,123.42897033691406,124.33415464265723,123.03542042870254,123.06493592117006,446500
2025-01-30,124.64900207519531,125.23933445821365,123.75365874753875,124.46206060975416,473800
2025-01-31,123.85205078125,125.02288209693671,123.66511681541843,124.81626613060678,780000
2025-02-03,123.1141357421875,123.4585031991095,121.22506900851243,121.71701393956222,540200
2025-02-04,122.99605560302734,123.57654693284667,122.65169570343258,123.10428407239752,448300
2025-02-05,124.24559783935547,124.30462882295097,122.93702265544503,123.58639350092834,361100
2025-02-06,125.1802978515625,125.29835981897536,124.39318303855526,125.03271288581324,510300
2025-02-07,124.6194839477539,125.61320722734365,124.53092996360712,125.56401724191397,579700
2025-02-10,123.5864028930664,124.97368365837167,123.15348896317758,124.97368365837167,452200
2025-02-11,123.9012451171875,124.04883009122732,122.69105733784126,123.35026922102132,660000
2025-02-12,123.26171112060547,123.35026510466764,122.2975033344915,123.03542067358178,398600
2025-02-13,124.3144760131836,124.39318899955292,123.20268323003003,123.7831746149159,675800
2025-02-14,124.4423828125,124.97367668857211,124.30463133718564,124.48173179803746,684200
2025-02-18,125.28851318359375,125.31803618060209,124.36366195236911,124.71786285164079,414500
2025-02-19,125.14095306396484,125.30821253776465,124.530938651509,124.983527084047,282000
2025-02-20,123.12396240234375,125.0031954231915,122.28765761826052,125.0031954231915,308500
2025-02-21,121.28409576416016,123.43881688901223,120.9889333197247,123.3305884074408,492500
2025-02-24,121.50054168701172,122.5336289148723,120.73310889213609,121.68748313937276,365500
2025-02-25,121.15618133544922,122.23845854236737,119.79841620384094,121.95312961851462,505500
2025-02-26,121.10698699951172,122.21878723286693,120.89053755767853,121.30376945547347,244400
2025-02-27,121.64813232421875,123.33058295450918,121.38248538532378,121.54974484709037,474300
2025-02-28,124.0783462524414,124.20624922717295,121.73669117465042,122.21879508639016,446800
2025-03-03,122.87799835205078,125.16062242179673,122.00233701752433,124.58013103426094,833400
2025-03-04,118.5587158203125,121.52022609324098,117.7027290286535,121.52022609324098,1030400
2025-03-05,119.27696228027344,119.91648463716976,117.70273261457471,118.61775041750667,582900
2025-03-06,117.2501449584961,118.67678966379653,116.56142510523617,117.95854681126826,715200
2025-03-07,116.77787780761719,117.22062519623206,114.5247693604689,116.7680368082195,662700
2025-03-10,113.51136779785156,115.18397743860032,112.31102105276871,114.67235805054837,861100
2025-03-11,112.70457458496094,113.88523928990885,111.9666572677477,113.37361991949359,1472200
2025-03-12,113.03909301757812,114.19024222597234,111.91745930070944,114.13121124292128,838000
2025-03-13,112.23230743408203,113.83604508071775,111.81907552608754,113.17684072656226,1047300
2025-03-14,114.92816162109375,115.06590558836247,112.73409163782541,113.19652103072036,486100
2025-03-17,116.34496307373047,116.80739245780923,114.45589655307447,114.52476853539578,589500
2025-03-18,116.05963897705078,116.62045585829672,115.57753508073002,116.27609593235333,350700
2025-03-19,117.37805938720703,118.06677926365153,115.69560117699436,116.26625907832477,432100
2025-03-20,117.45675659179688,118.36194087396146,116.64013379769467,116.70900578048601,313700
2025-03-21,117.10255432128906,117.54530921108767,116.06947459139172,116.67948143005023,338300
2025-03-24,119.37535095214844,119.69019538714163,118.18484519775281,118.52920512563858,348900
2025-03-25,119.98893737792969,120.23595017224312,119.27753932418982,119.9197740970512,369700
2025-03-26,119.46527099609375,121.10543202408374,119.00088573847101,120.29523036341182,406700
2025-03-27,119.0700454711914,119.78144350097088,118.25984383466078,119.22812973434685,359300
2025-03-28,116.61968231201172,119.2577772154802,116.24422556854512,118.68471324665909,319000
2025-03-31,118.04247283935547,118.53649841746395,115.11784232154116,115.40437806143193,326700
2025-04-01,117.94366455078125,118.45744781480244,116.57027410120132,117.55832521820741,387100
2025-04-02,119.11944580078125,119.45538711608687,116.79752707534385,116.82716740411715,268000
2025-04-03,112.4896240234375,115.12771883409485,112.39082041423626,114.19895586172453,1095800
2025-04-04,104.4468765258789,109.2092823279808,104.2393867081093,108.66585876855507,1449600
2025-04-07,104.0911865234375,107.9841104434313,99.66472161927308,101.1863212857771,3257800
2025-04-08,103.61692810058594,109.14013047930075,102.03604021037482,108.36945177885052,1162500
2025-04-09,111.73869323730469,112.62794071868952,101.5617716163471,102.24352927511406,1485300
2025-04-10,108.1520767211914,110.03925801417492,105.06935445514915,110.03925801417492,809100
2025-04-11,109.89104461669922,110.43446819909937,106.91700869313827,107.32211326274229,486900
2025-04-14,111.18538665771484,112.04499380977494,110.28626409615839,111.47192237506822,504400
2025-04-15,111.54109191894531,112.87495944225566,111.4422883131875,111.58061486889483,414400
2025-04-16,109.80211639404297,111.62013434396361,109.01168003435582,111.13599141405996,428800
2025-04-17,110.2665023803711,111.40276266464129,109.67367322195284,109.8910456722936,286400
2025-04-21,107.86553955078125,109.81200147393704,106.68976383755248,109.46618508769329,514500
2025-04-22,111.4818115234375,111.6991839795514,109.04132401053828,109.37725777854561,641600
2025-04-23,112.85520935058594,115.50318687000332,112.52915064517768,113.7642146460583,529500
2025-04-24,114.31751251220703,114.50524463879061,112.1635607513005,112.64771123162325,290900
2025-04-25,113.81361389160156,114.23847618580493,113.0725755322863,113.82348897553206,237200
2025-04-28,114.22859191894531,115.08819911713766,113.32946177090403,114.14954601924745,438000
2025-04-29,115.35497283935547,115.52293972724777,113.75432724764967,114.2187124986019,261100
2025-04-30,115.31544494628906,115.74030722807605,112.44022011605348,113.91241416949738,289100
2025-05-01,115.3747329711914,116.20469988226796,114.71274048977051,115.22653132477797,486700
2025-05-02,117.8250961303711,118.24995841375411,116.72835878345752,117.13346336125075,799300
2025-05-05,117.28166198730469,118.19067472396299,116.60978694102592,117.01489150841724,343800
2025-05-06,116.60979461669922,117.50892479088444,116.20469756087459,116.21458018318215,299000
2025-05-07,117.27178955078125,117.90414166293603,116.83704464683791,117.06429972068969,306200
2025-05-08,118.55625915527344,119.69251952162374,118.12152176141947,118.25984832376832,439800
2025-05-09,118.50685119628906,119.00087674566397,118.20055022967908,118.76373905443722,317500
2025-05-12,121.29315948486328,122.01443259225053,120.55212113335939,122.01443259225053,329400
2025-05-13,121.96503448486328,122.60726169186044,121.53028957334232,121.57969514537221,1087600
2025-05-14,121.70813751220703,122.23180340076163,121.40184407661438,122.15275750182424,859700
2025-05-15,122.38990020751953,122.55786709596178,121.53029298241691,121.53029298241691,487300
2025-05-16,123.20010375976562,123.37795327328108,122.13300667867286,122.21205258206467,501800
2025-05-19,123.20997619628906,123.54591750936893,122.14288667635982,122.25157290662989,317200
2025-05-20,122.54798126220703,122.99260879660106,122.07372093806508,122.72583076831826,254200
2025-05-21,119.72215270996094,122.08359428979202,119.72215270996094,121.6686146274975,256000
2025-05-22,119.7122802734375,120.43355338743706,119.13920880051182,119.46526748733837,185700
2025-05-23,119.32693481445312,119.85060825934092,118.01283250579654,118.16103414863714,244700
2025-05-27,121.57970428466797,121.57970428466797,119.84073204609534,120.44344388665348,527500
2025-05-28,120.65091705322266,121.76741205126578,120.54223083220067,121.46111863105736,294000
2025-05-29,121.26351928710938,121.29315961508425,120.22606257859732,121.11531010900309,255000
2025-05-30,121.4117202758789,121.72789633630182,120.35450586713054,120.85841405469678,209300
2025-06-02,121.53028106689453,121.56980401410569,119.8407146493328,120.80900047219603,529300
2025-06-03,122.03419494628906,122.08359297894697,120.32486320581265,121.32279693957591,292800
2025-06-04,121.30303955078125,122.32073859409314,121.27339922162083,122.08360088434532,333600
2025-06-05,121.00662231445312,121.58956885903086,120.53235445829903,121.55992853143971,258800
2025-06-06,122.70606994628906,122.97284042956528,122.11323324881879,122.47881487382789,250500
2025-06-09,122.13301086425781,122.92345484880056,121.3919724555862,122.92345484880056,792000
2025-06-10,122.24168395996094,122.29108199228939,121.81682168313137,122.02431151066696,1278000
2025-06-11,122.11324310302734,122.9135696939037,121.72790374151487,122.46894213492075,309000
2025-06-12,122.08358764648438,122.12311059382344,120.91768708379222,121.33267426173659,302400
2025-06-13,119.52454376220703,120.700326993171,119.22812541446145,120.46318929968186,480600
2025-06-16,120.95722198486328,121.8069465910494,120.38415049915969,120.38415049915969,850000
2025-06-17,120.07785034179688,120.75960802078048,119.79131461495204,120.34462836323904,388900
2025-06-18,120.30509948730469,121.46111742131757,120.04820410033581,120.12724999451567,336500
2025-06-20,120.6904525756836,121.13507258929464,120.3248709270434,120.78925618557136,216200
2025-06-23,122.18241119384766,122.25157447415796,119.72215835516906,120.57188296368555,381600
2025-06-24,123.97077941894531,124.43516466714445,123.28902171088853,123.28902171088853,310800
2025-06-25,123.62496185302734,124.10910480289016,123.39770677308162,124.10910480289016,353600
2025-06-26,124.76750183105469,124.85675952565057,123.69636409524541,123.75586922497602,398300
2025-06-27,125.1047134399414,125.82872534117237,124.5393919810316,124.76750760017408,316500
2025-06-30,126.25519561767578,126.41387849217855,125.62044898611126,125.94773477939096,419500
2025-07-01,127.07838439941406,127.29657997131326,125.82872366648563,125.82872366648563,542800
2025-07-02,127.27674102783203,127.28665350535177,126.38412621056781,127.28665350535177,390200
2025-07-03,128.5164794921875,128.75451515050187,127.50484686129296,127.58419208073107,411200
2025-07-07,127.3858413696289,128.7247522722135,126.74117467940987,128.3577938604283,686100
2025-07-08,126.37420654296875,127.31640645097038,126.314701410566,127.04863335515803,479200
2025-07-09,126.81059265136719,127.13788600012612,126.24527121568197,127.04862830506993,313800
2025-07-10,127.62385559082031,127.76272107333405,126.62215058285747,126.69157575733783,461500
2025-07-11,126.2750244140625,126.81059328741527,126.09650145627825,126.7213280251349,235300
2025-07-14,127.28665924072266,127.30649933020956,125.89815564772164,126.15601627683492,919600
2025-07-15,124.96585845947266,127.05854129774721,124.96585845947266,126.92961099321745,671200
2025-07-16,126.01715850830078,126.09650372802915,124.16251128950404,125.54110232348381,632900
2025-07-17,127.40567779541016,127.5346005362595,125.66011321969394,125.66011321969394,436400
2025-07-18,127.41559600830078,127.77264194817351,127.20731290439419,127.63379159008711,401400
2025-07-21,127.00894927978516,128.4172928597891,126.95935662645377,127.5544381993244,574300
2025-07-22,127.68338775634766,127.87181564256625,127.00896090313655,127.19740392290957,458500
2025-07-23,128.54623413085938,128.6255793515771,127.37591104221468,127.96108015331376,356700
2025-07-24,128.34786987304688,129.26031714860326,128.29827722179385,128.66523560067185,342100
2025-07-25,129.23057556152344,129.3594983054692,128.09000502003255,128.41729838584018,472300
2025-07-28,128.476806640625,129.26033126877732,128.15944087833154,129.21073861210687,560800
2025-07-29,127.80239868164062,129.06197955691343,127.56436300278101,128.8735365361772,384600
2025-07-30,127.4453353881836,128.3974628405082,126.88993401330777,127.58418573190255,667500
2025-07-31,126.73125457763672,128.1792784022397,126.45355386610527,127.14780564493391,582300
2025-08-01,124.20218658447266,125.05512123127387,123.16080136165999,125.04520875367601,750500
2025-08-04,125.73946380615234,125.76921637327608,124.61874089942202,124.74767121255054,537600
2025-08-05,125.26339721679688,126.27502224904542,124.33110983471045,126.27502224904542,678900
2025-08-06,125.76921081542969,125.97748634286896,125.12455171149813,125.5510152437952,416600
2025-08-07,124.5096435546875,126.57257397279366,124.1724301369312,126.52298131622517,589500
2025-08-08,125.62045288085938,125.94773868428626,124.88652091735192,125.16422163142417,626800
2025-08-11,125.6006088256836,126.12625767026182,125.40225334097447,125.93782222982117,356200
2025-08-12,127.41559600830078,127.45526105337375,126.21552787525295,126.21552787525295,2135900
2025-08-13,128.1197509765625,128.46688441335752,127.40567428220497,127.97098815139486,567500
2025-08-14,128.66525268554688,128.72475782153094,127.49494465504826,127.85199060450714,476000
2025-08-15,127.28665924072266,128.9826312533313,127.20731401632915,128.9826312533313,415300
2025-08-18,127.43544006347656,127.54453785776492,126.8502784789502,127.12797163698795,257400
2025-08-19,127.4453353881836,128.15942719403895,127.09820196210998,127.45524786503765,353800
2025-08-20,127.98090362548828,128.27844441634397,127.01887877762167,127.55444009431929,747700
2025-08-21,127.57427215576172,127.86188531757537,126.82050774865657,127.49492694095566,243500
2025-08-22,130.08351135253906,130.3711245263386,128.14951895339613,128.14951895339613,284500
2025-08-25,129.3694305419922,130.1033473883272,129.2999977951474,129.86532684726902,367100
2025-08-26,130.31161499023438,130.34136755432655,129.01236924636794,129.0520342873067,362000
2025-08-27,130.4901580810547,130.9463741967927,130.00417426480394,130.00417426480394,334900
2025-08-28,130.638916015625,130.75792627899628,130.2620300035448,130.72817371315347,572800
2025-08-29,130.88687133789062,131.25382975913047,130.50998530512268,130.74802097848467,646300
2025-09-02,129.89508056640625,130.01409083799035,128.71484492801602,130.01409083799035,305000
2025-09-03,129.67686462402344,129.93472521649727,128.76441737347912,129.58760693434618,382700
2025-09-04,131.07530212402344,131.1248947763741,129.86531404772023,130.03391695887032,336600
2025-09-05,128.91319274902344,131.66046237842008,128.33795124802916,131.2935039738501,500200
2025-09-08,129.14132690429688,129.30992983784208,128.39748242089198,128.9627963588312,857500
2025-09-09,129.61737060546875,130.16285953394126,128.9231188481189,128.9231188481189,275200
2025-09-10,129.22064208984375,129.86531631454991,128.74458591278366,129.36942004949273,335400
2025-09-11,131.2042236328125,131.31332141354258,129.2900713651108,129.2900713651108,646600
2025-09-12,130.57940673828125,131.25381838737835,130.44055639090521,130.9364526506129,1284800
2025-09-15,130.3017120361328,131.36292221126507,130.1132690274089,130.96621123867524,451500
2025-09-16,129.90499877929688,130.2124520834982,129.1809943726078,130.18269951428871,452800
2025-09-17,131.2042236328125,131.92824305654503,130.05375583022126,130.22235873979452,1169100
2025-09-18,131.6208038330078,132.40431333555549,131.1348200063933,131.4125207263004,316400
2025-09-19,131.69021606445312,132.10676712729065,131.07530951458156,131.78940137474694,476700
2025-09-22,131.4918670654297,131.65055751630837,130.79761525977835,131.00588323469657,621800
2025-09-23,130.9066925048828,132.75142708950858,130.5992241294852,131.4422537755894,1159400
2025-09-24,130.34852600097656,131.32358891898903,130.13959479122212,131.11464252748706,199400
2025-09-25,130.0201873779297,130.52762209638468,129.46301725564334,129.87095080294128,482900
2025-09-26,130.86590576171875,131.46288244329605,130.34852698313492,130.60722396330067,1004800
2025-09-29,131.33352661132812,131.40318046570897,130.53756280763739,131.39322123979923,757900
2025-09-30,130.57737731933594,131.61211970008063,129.44313376390048,131.09474091883442,1028400
2025-10-01,129.3933868408203,130.40824116076448,129.3933868408203,130.01025163247843,339500
2025-10-02,129.37347412109375,129.62221186495216,128.6073576191207,129.23418159180292,528900
2025-10-03,130.3385772705078,130.8459968005595,129.5625167272537,129.5625167272537,291700
2025-10-06,130.1992950439453,131.22409341117051,129.30384517141297,130.82611906376687,462700
2025-10-07,130.28883361816406,131.10470074546947,129.81126137730723,130.82611567315732,345200
2025-10-08,129.75157165527344,130.74652271739794,129.41329193777074,130.74652271739794,340400
2025-10-09,129.2142791748047,130.38832922807887,128.90584679946275,129.89085373707647,366300
2025-10-10,126.2393798828125,130.10974624830786,126.22943583826242,129.5824234339524,1040800
2025-10-13,127.54277038574219,127.89099412469153,126.77665386925787,127.25423368649635,318900
2025-10-14,129.24412536621094,130.11968708092303,126.62740703899982,126.89604805269504,502400
2025-10-15,128.94566345214844,130.35849213557643,128.13974034085825,129.89086392282405,744200
2025-10-16,125.1150894165039,128.64716853578454,124.59771823166466,128.64716853578454,822800
2025-10-17,126.1796875,126.58762106003239,125.09519453657038,125.433474238269,502200
2025-10-20,127.80145263671875,128.05019038617976,126.61746611107844,126.63736179105089,559500
2025-10-21,127.79151153564453,128.69692060815666,127.59252436784185,127.63231572870329,666700
2025-10-22,127.08509826660156,127.96065243935492,126.37867635608448,127.96065243935492,983800
2025-10-23,127.33383178710938,127.72185447734194,126.72691107237937,127.41342209771227,423200
2025-10-24,128.75660705566406,129.14463732182514,128.08999173593847,128.1098798242311,377900
2025-10-27,129.25408935546875,129.59236905525654,129.04514296339536,129.36353457384098,303800
2025-10-28,128.4680633544922,129.40331968784594,128.3486740972119,129.29387447475673,467200
2025-10-29,126.22943878173828,127.49302323857145,125.7618105872738,127.29403607069776,1053700
2025-10-30,126.4582748413086,127.97059707226357,126.03044559326311,126.03044559326311,621600
2025-10-31,126.87615203857422,127.18459201974864,125.99064622891412,126.02050113615599,554200
2025-11-03,126.46822357177734,126.76671191132372,125.22453480845712,126.76671191132372,404800
2025-11-04,126.99554443359375,127.31392844845674,125.66231374350302,125.88119658613645,493200
2025-11-05,127.51292419433594,128.03028778506305,126.43837528923368,127.07514332391493,396300
2025-11-06,126.93585205078125,127.76166321331871,126.39857759289688,127.4034802413958,458300
2025-11-07,127.93080139160156,127.93080139160156,126.119990875381,126.61746637534131,495800
2025-11-10,128.3884735107422,128.81631034575017,127.68206678518521,128.21933365840113,501300
2025-11-11,128.96554565429688,129.3635351691855,128.28898625160772,128.5476680499746,356500
2025-11-12,130.08984375,130.70670851421173,129.0948927461759,129.0948927461759,351000
2025-11-13,128.18948364257812,130.24903950698572,128.03028783840463,129.72171668969003,680500
2025-11-14,127.06519317626953,127.90095597587086,126.59756498482132,127.68206553809732,585000
2025-11-17,124.42857360839844,127.05524372509257,124.00074436108753,127.05524372509257,858300
2025-11-18,124.33902740478516,125.24442886549373,123.7122034180363,123.9111981721128,688000
2025-11-19,124.83650207519531,125.03548923707754,123.93109302962174,124.43852016055719,622400
2025-11-20,123.70226287841797,126.85625580887597,123.66246392647503,125.96079836734441,933700
2025-11-21,125.31407928466797,126.02050119645858,123.84155601007024,124.56786601161704,891700
2025-11-24,125.83145904541016,126.04039785257662,124.61761756397966,125.44342874769045,588700
2025-11-25,127.65221405029297,127.95070238129698,126.06028640610299,126.22943384213784,581600
2025-11-26,128.56756591796875,129.1048327633046,127.80144941803422,127.92085385835654,815400
2025-11-28,129.3436279296875,129.8908540072779,128.80636107825603,128.856096482062,334000
2025-12-01,128.49790954589844,129.5923616672263,128.38846433376565,128.6770086120006,544500
2025-12-02,128.29893493652344,129.11480208524188,128.00044658499843,128.8063696886404,755100
2025-12-03,130.09979248046875,130.19929365713392,128.43822606604687,128.50787992606212,376800
2025-12-04,130.40823364257812,130.8459993258328,129.98039682205444,130.09978608278325,572500
2025-12-05,130.35848999023438,131.00520209590923,129.97045969047983,130.09979300256595,555600
2025-12-08,129.93064880371094,130.49777816687427,129.54261851692726,130.49777816687427,668700
2025-12-09,129.66201782226562,131.23402699643927,129.59236396706012,129.930643653566,1778200
2025-12-10,131.3932342529297,131.85091841944842,129.5426246783075,129.63216662988236,556700
2025-12-11,133.69155883789062,133.93035253943668,131.5026697098335,131.5026697098335,531300
2025-12-12,133.7114715576172,134.49747621041274,133.1642454414946,134.25869767373982,774000
2025-12-15,133.76121520996094,134.58702636387517,133.3234343397657,134.43777460444633,906800
2025-12-16,133.01499938964844,134.11939558840783,132.58716257231063,133.85075457202117,497700
2025-12-17,132.8800048828125,134.07000732421875,132.80999755859375,133.4199981689453,483500
2025-12-18,132.86000061035156,134.00999450683594,132.4199981689453,133.32000732421875,670400
2025-12-19,133.63999938964844,133.97999572753906,132.94000244140625,132.94000244140625,789000
2025-12-22,135.1699981689453,135.4600067138672,133.75,133.75,403500
2025-12-23,135.27999877929688,135.67999267578125,135.1300048828125,135.1300048828125,350000
2025-12-24,136.0,136.36000061035156,135.2899932861328,135.41000366210938,269600
2025-12-26,135.7100067138672,136.1300048828125,135.30999755859375,135.89999389648438,305400
2025-12-29,134.9600067138672,135.83999633789062,134.82000732421875,135.66000366210938,413700
2025-12-30,134.5,135.0500030517578,134.4600067138672,135.0500030517578,316300
2025-12-31,133.49000549316406,134.6199951171875,133.42999267578125,134.6199951171875,288000
2026-01-02,133.9600067138672,134.14999389648438,132.47999572753906,133.5800018310547,576900
2026-01-05,136.99000549316406,137.88999938964844,133.6999969482422,133.6999969482422,475900
2026-01-06,137.6699981689453,137.86000061035156,136.58999633789062,136.63999938964844,893400
2026-01-07,135.72999572753906,137.4499969482422,135.50999450683594,137.30999755859375,384300
2026-01-08,136.6300048828125,137.41000366210938,135.36000061035156,135.36000061035156,656200
2026-01-09,136.16000366210938,137.32000732421875,136.16000366210938,136.82000732421875,745500
2026-01-12,135.0,135.2100067138672,134.0800018310547,134.47000122070312,691500
2026-01-13,132.57000732421875,134.8699951171875,132.38999938964844,134.8699951171875,1143500
2026-01-14,132.5399932861328,132.60000610351562,131.39999389648438,132.14999389648438,1341800
2026-01-15,133.27000427246094,134.0399932861328,132.74000549316406,132.74000549316406,1315100
2026-01-16,133.3800048828125,134.17999267578125,133.02999877929688,133.1999969482422,429000
2026-01-20,130.42999267578125,132.66000366210938,130.2100067138672,131.41000366210938,970700
2026-01-21,131.38999938964844,132.17999267578125,130.77999877929688,130.82000732421875,684200
2026-01-22,132.17999267578125,132.9199981689453,131.88999938964844,131.88999938964844,961900
2026-01-23,130.2100067138672,131.5500030517578,129.83999633789062,131.5500030517578,585000
2026-01-26,131.0,131.3300018310547,130.2899932861328,130.2899932861328,437100
2026-01-27,130.1300048828125,131.0800018310547,129.75,130.82000732421875,313000
2026-01-28,130.0,130.66000366210938,129.5500030517578,129.92999267578125,426300
2026-01-29,131.30999755859375,131.52999877929688,129.99000549316406,130.88999938964844,438500
2026-01-30,130.88999938964844,131.4499969482422,129.91000366210938,130.91000366210938,450100
2026-02-02,132.3000030517578,132.52000427246094,130.75,130.92999267578125,417800
2026-02-03,131.1699981689453,132.8000030517578,130.3000030517578,131.80999755859375,269400
2026-02-04,132.25999450683594,132.77999877929688,130.86000061035156,131.17999267578125,489200
2026-02-05,130.58999633789062,132.47000122070312,130.41000366210938,132.0800018310547,580800
2026-02-06,133.02999877929688,133.27999877929688,132.0399932861328,132.0399932861328,239700
2026-02-09,132.38999938964844,133.3800048828125,132.3300018310547,132.6999969482422,296700
2026-02-10,131.4199981689453,133.10000610351562,130.3699951171875,131.94000244140625,342600
2026-02-11,129.3800048828125,132.3699951171875,129.2899932861328,131.77000427246094,705200
2026-02-12,126.87000274658203,130.2100067138672,126.06999969482422,129.89999389648438,1607500
2026-02-13,126.80999755859375,127.44000244140625,125.72000122070312,126.58000183105469,447400
2026-02-17,127.98999786376953,128.55999755859375,127.30000305175781,127.33000183105469,500500
2026-02-18,128.9199981689453,129.4499969482422,128.1999969482422,128.27000427246094,593900
2026-02-19,127.87999725341797,128.39999389648438,126.83000183105469,127.91000366210938,517000
2026-02-20,128.58999633789062,128.6199951171875,126.81999969482422,127.55000305175781,740800
2026-02-23,124.18000030517578,128.52999877929688,123.9800033569336,127.91000366210938,1394700
2026-02-24,124.81999969482422,125.2699966430664,123.01000213623047,123.4800033569336,1037700
2026-02-25,126.88999938964844,127.02999877929688,125.25,125.5199966430664,722400
2026-02-26,128.49000549316406,128.8699951171875,127.2300033569336,127.29000091552734,666700
2026-02-27,125.55999755859375,127.31999969482422,124.58000183105469,126.8499984741211,479400
2026-03-02,125.66999816894531,126.4000015258789,123.51000213623047,123.5999984741211,913300
2026-03-03,125.41999816894531,126.13999938964844,122.52999877929688,123.33999633789062,956100
2026-03-04,126.04000091552734,126.37000274658203,125.04000091552734,125.73999786376953,630900
