Date,Close,High,Low,Open,Volume
2014-01-02,85.69496154785156,86.06984062729255,85.45640036085143,86.01872223016532,255000
2014-01-03,85.89090728759766,86.2487555165344,85.80570780463324,85.9335102792318,149500
2014-01-06,85.54159545898438,86.41064066699882,85.35415267874677,86.30840387799977,252400
2014-01-07,86.53844451904297,86.7599683992105,85.95055697180413,85.95055697180413,263800
2014-01-08,87.38195037841797,87.47567179128993,86.52142686067518,86.68330398265815,303700
2014-01-09,88.16577911376953,88.19985370902305,87.43305181003697,87.85905575405337,263600
2014-01-10,88.72808837890625,88.72808837890625,87.79940303256605,88.42988696037057,287700
2014-01-13,88.02944946289062,89.30746121844962,87.78236641011276,88.915538393448,533500
2014-01-14,89.21372985839844,89.2648482428063,88.02943961739295,88.40432510385911,198600
2014-01-15,89.22227478027344,89.48639516827623,88.91555139406798,89.29895237667236,275100
2014-01-16,89.48639678955078,89.56308088764392,89.0689147008815,89.18819529764416,215000
2014-01-17,89.45230102539062,89.81866465547188,89.23078366789326,89.59714729797452,379700
2014-01-21,90.00608825683594,90.14241260193664,89.26483925603155,90.10833151566146,262000
2014-01-22,90.0401611328125,90.26168492325026,89.75899707190709,90.26168492325026,289300
2014-01-23,89.48639678955078,89.9805629763132,88.91555300500023,89.97204107645729,289100
2014-01-24,87.34783935546875,89.00925851433644,87.34783935546875,88.864418744165,364500
2014-01-27,86.47025299072266,87.40746008845396,86.02721188099049,87.36486360691758,438100
2014-01-28,87.6716079711914,87.96980941490997,86.98999909957416,86.98999909957416,249600
2014-01-29,86.93887329101562,87.73976267178226,86.5895469865354,87.04111656312521,239900
2014-01-30,88.48102569580078,88.66846848779072,87.71421722870778,87.71421722870778,329900
2014-01-31,87.748291015625,88.25097905228456,87.33080896844643,87.50120794679971,255500
2014-02-03,85.737548828125,88.08909234774634,85.63531204486154,87.79941279476105,448600
2014-02-04,86.58955383300781,86.70883440974859,86.01871014427638,86.17207181441509,578200
2014-02-05,86.08689880371094,86.61514616336459,85.29453101438341,86.58958046022649,446500
2014-02-06,86.43618774414062,86.6662334877404,86.16354551119896,86.34246636716347,361200
2014-02-07,88.05503845214844,88.09764145853708,86.50438392407146,86.70886405406344,305900
2014-02-10,88.97518920898438,88.97518920898438,88.04649717657678,88.34470515506568,607500
2014-02-11,90.0572509765625,90.12541318267311,88.86444487115565,89.23932400415248,892400
2014-02-12,90.0998306274414,90.63659323575074,89.88682866378315,90.28727339550932,275300
2014-02-13,90.8921890258789,90.91774821889163,89.61417737281553,89.72493604263848,520200
2014-02-14,91.07962799072266,91.23298964273029,90.62806493211774,91.06258419588674,268700
2014-02-18,92.06796264648438,92.24688350805982,91.47155977456622,91.65048063614167,315300
2014-02-19,91.4289321899414,92.36614573700106,91.34373273120018,92.01681950576936,380200
2014-02-20,92.39173126220703,92.51952723659797,91.2244781937733,91.63344481273597,829000
2014-02-21,92.40873718261719,93.03070554812275,92.24685366961539,92.6728574404187,263100
2014-02-24,93.06481170654297,93.6271334553665,92.62176402535745,92.80920677506644,796300
2014-02-25,92.94551849365234,93.42264723417856,92.6217579021156,93.34596315968382,247800
2014-02-26,92.94551849365234,93.45672832280921,92.69844197661033,93.15000502543629,301500
2014-02-27,93.40559387207031,93.43967495721,92.62174841476438,92.85179411438172,208900
2014-02-28,92.96259307861328,94.09576527476867,92.272468681097,93.53343687656638,405000
2014-03-03,92.4002456665039,92.68993170605012,91.70159951269741,92.01684474684691,424200
2014-03-04,94.2235336303711,94.35985799005081,93.52488753777065,93.74641137209858,259200
2014-03-05,94.01907348632812,94.4195182522455,93.78903420606954,94.4109963528864,203200
2014-03-06,93.2607650756836,94.7006602153107,93.05628504116063,94.47061448870716,280300
2014-03-07,93.00518035888672,93.75494492945967,92.34060877325372,93.72086383530126,243300
2014-03-10,93.2607650756836,93.30336806218146,92.43431653992846,93.05628504116063,275400
2014-03-11,93.02220916748047,93.82309855636143,92.8262445190275,93.44821305513146,170200
2014-03-12,93.07335662841797,93.15004073230774,92.2469077881581,92.485475500022,160700
2014-03-13,91.76976776123047,93.58454220129826,91.48008820285055,93.58454220129826,279100
2014-03-14,91.3522720336914,92.04239623138629,91.2244695710767,91.62491425379461,261200
2014-03-17,92.10205841064453,92.60474648302613,91.81237882679788,91.81237882679788,173600
2014-03-18,93.3630142211914,93.43969180135144,92.24687960764622,92.4343223595532,248800
2014-03-19,93.03073120117188,93.8316140909189,92.40876266415965,93.61861214678235,310000
2014-03-20,92.94551849365234,93.12444583403905,92.46839625342915,93.03072446538049,181900
2014-03-21,91.19891357421875,93.67825283448573,91.02850811799371,93.46525088943206,361300
2014-03-24,89.81864929199219,91.53118657226148,89.12000324486435,91.48006819086034,972200
2014-03-25,90.4321060180664,91.32671679479415,89.61417932234848,90.31282544787652,774600
2014-03-26,90.329833984375,91.65044823426909,90.329833984375,90.86660287963717,861600
2014-03-27,90.22765350341797,90.66217942759901,89.3586016550559,90.31285300808148,164400
2014-03-28,89.71644592285156,91.3011813391749,89.42675981971345,90.32137082903657,238800
2014-03-31,91.0966796875,91.16484187701376,90.2191126234989,90.40655539450965,160400
2014-04-01,91.81236267089844,92.27244766455254,91.17335681865168,91.44599905559815,173700
2014-04-02,92.18722534179688,92.24686561742188,91.72714693000546,92.05090749764082,338800
2014-04-03,91.64197540283203,92.38322467869999,91.11373462030299,92.3406216799712,706500
2014-04-04,90.0401611328125,92.51098440988955,89.83568113410945,92.24685764041692,389200
2014-04-07,88.99221801757812,90.53435665815863,88.50657379935105,89.54602442440299,402100
2014-04-08,88.51510620117188,89.17967136809713,87.75681963887973,89.17967136809713,385900
2014-04-09,90.45765686035156,90.46617875752223,88.5150803248272,88.83032551711256,189900
2014-04-10,87.36487579345703,90.52582377780323,87.04963058466278,90.52582377780323,396700
2014-04-11,86.27432250976562,87.96129452598034,86.21468221626924,86.7258856605675,627800
2014-04-14,86.58955383300781,87.31376569218186,85.64382461720312,86.77699659654445,361800
2014-04-15,87.4245376586914,87.74829834472621,85.46491674243131,86.98148987748074,389300
2014-04-16,88.00389099121094,88.37025462416148,87.45008459252237,88.09761237407996,287000
2014-04-17,88.01242065429688,88.52362410576069,87.5438136986107,87.93573656140978,160400
2014-04-21,89.1114730834961,89.1114730834961,88.11462573680642,88.16575061376896,265300
2014-04-22,90.10833740234375,90.57693774355987,89.61417136952416,89.75901112042898,210000
2014-04-23,89.63123321533203,90.312842171465,89.32450983510267,90.24467997579075,175100
2014-04-24,89.4608383178711,90.0316821070643,88.60030843396615,89.98056370812313,224700
2014-04-25,88.6939926147461,89.51191915611437,88.52359368957441,89.23076157961133,175900
2014-04-28,89.06888580322266,89.82717213675339,87.88459561938015,89.21372555225597,211300
2014-04-29,89.69087219238281,89.81867468231624,89.03482894450472,89.35858961873869,181100
2014-04-30,89.87831115722656,89.89535495532238,89.12002464957239,89.58863159264155,140400
2014-05-01,90.04869842529297,90.5939828486023,89.26484637902063,89.8186526996544,201100
2014-05-02,89.418212890625,90.27022066090368,89.18817365278326,90.27022066090368,115300
2014-05-05,89.9720230102539,89.9720230102539,88.48100934980835,88.86441676267657,136900
2014-05-06,89.10297393798828,89.86978222925305,89.10297393798828,89.86978222925305,136400
2014-05-07,89.23078155517578,89.333018333045,88.02092551452516,89.23929695312903,245600
2014-05-08,88.64288330078125,89.84421079676989,88.42988137238653,89.01776877485291,150500
2014-05-09,89.24781799316406,89.35006127035388,88.0890868528944,88.6088121364111,112600
2014-05-12,90.40654754638672,90.44062863818505,89.58862084413771,89.58862084413771,127300
2014-05-13,90.40654754638672,90.86663253520871,90.38950375033575,90.4576659339324,91900
2014-05-14,90.45765686035156,90.76438015546624,90.11685247685713,90.6110185079089,114800
2014-05-15,89.58009338378906,90.23614298463924,89.0433308469779,90.1935399974608,174100
2014-05-16,89.8527603149414,89.92092251305365,89.15411403505334,89.6738394201255,100600
2014-05-19,90.52584075927734,90.56844375505058,89.59715525422246,89.82719453060616,193900
2014-05-20,89.86125946044922,90.52582447300249,89.54601424923403,90.52582447300249,303900
2014-05-21,90.52584075927734,90.62808404895038,90.09131490354756,90.09131490354756,135500
2014-05-22,91.0966796875,91.48008712828677,90.31283400900428,90.53435787477191,192500
2014-05-23,91.28414154052734,91.40342214695873,90.91777782068651,91.20746393652382,75600
2014-05-27,91.94015502929688,91.95719232334932,91.3693049238444,91.74419039602759,152500
2014-05-28,91.72715759277344,92.110558480602,91.60787052735446,92.05091819804414,84200
2014-05-29,92.30653381347656,92.32357761184048,91.8549706614003,91.8549706614003,148200
2014-05-30,92.44287872314453,92.50251903005045,92.04243387664509,92.4514006242185,128100
2014-06-02,92.53655242919922,92.64731108483832,91.79530342523815,92.64731108483832,135900
2014-06-03,92.76660919189453,92.79217488677463,92.13612522456516,92.29800879062014,157800
2014-06-04,93.06481170654297,93.07332710403634,92.39172478727133,92.74104459329892,123000
2014-06-05,93.40559387207031,93.70380174196704,92.65582949990407,93.29483522059306,138100
2014-06-06,93.43118286132812,93.55046343891247,93.21818090131266,93.48230125163458,127700
2014-06-09,93.2011489868164,93.47379127038397,92.97962510007252,93.47379127038397,323700
2014-06-10,93.3971176147461,93.41415491430438,92.56214692967897,93.15854991879473,85400
2014-06-11,93.35450744628906,93.4908318335066,93.03926217607692,93.17558656329446,78100
2014-06-12,92.86882019042969,93.31186124313209,92.638781018898,93.29482395277111,84400
2014-06-13,92.80068969726562,92.96257326229576,92.45136987309463,92.91997027140243,182400
2014-06-16,93.05631256103516,93.72087774499633,92.71550806917416,93.14151205892415,384000
2014-06-17,93.12444305419922,93.32892307957627,92.7751167813899,93.03923708501453,562500
2014-06-18,93.83161926269531,93.83161926269531,92.90293385521873,93.04777362514197,122000
2014-06-19,94.11280822753906,94.12985202867478,93.71236340482169,93.96796841941315,121200
2014-06-20,94.99034881591797,94.99034881591797,94.33430566304844,94.57286680954645,106300
2014-06-23,94.61546325683594,95.15222579933577,94.54730107674932,94.97330495183583,103900
2014-06-24,94.5302505493164,95.35669904817472,94.40245459613445,94.75177436866981,104000
2014-06-25,95.4589614868164,95.49304258127874,94.39395166100888,94.48767304570427,140000
2014-06-26,95.43341827392578,95.68901677474392,94.74328737101482,95.62086107470887,125500
2014-06-27,95.34822082519531,95.4334203273012,94.9988944161642,95.31413972429189,101000
2014-06-30,95.10963439941406,95.62084431204389,94.96479462431084,95.35671745710405,136100
2014-07-01,96.38763427734375,96.52395863729124,95.32262459139116,95.32262459139116,142900
2014-07-02,96.96701049804688,97.0010915917915,96.22576783508893,96.47285088950957,106200
2014-07-03,97.25670623779297,97.31634653271412,96.76254007970073,97.31634653271412,101000
2014-07-07,96.3791275024414,97.27373181849363,96.3365245110706,97.13741394665398,245300
2014-07-08,95.2885513305664,96.25984622423834,94.92219420878897,96.22576513145128,237000
2014-07-09,95.67196655273438,95.77420983943512,94.96479844540566,95.51008297386763,134600
2014-07-10,95.6123275756836,95.85088874762899,94.43655251351785,94.91368135771306,109000
2014-07-11,95.78270721435547,95.88495048181676,95.17778250755815,95.57822717973599,77000
2014-07-14,96.13204193115234,96.33652198369923,95.90199618427138,96.17463842110179,84800
2014-07-15,95.1692886352539,96.27690160785566,94.94777124097756,96.24282050866584,136000
2014-07-16,94.91366577148438,95.61231187472688,94.53025837927238,95.56119348921996,140500
2014-07-17,93.79753112792969,95.2800293097527,93.62713217614245,94.55582401420192,149400
2014-07-18,95.37376403808594,95.4930446211,93.95090594018237,94.03611192831035,97200
2014-07-21,95.0158920288086,95.2033347553309,94.57285090273076,95.2033347553309,199500
2014-07-22,95.85086822509766,96.16611342070262,95.45042355779765,95.45042355779765,104600
2014-07-23,96.80513000488281,96.84772649532931,96.41320719113475,96.668805634725,109800
2014-07-24,96.54955291748047,97.06927835312679,96.44730961036286,96.98407884734827,121600
2014-07-25,96.19170379638672,96.38766199478232,95.73161869971578,96.34506549527704,129200
2014-07-28,96.14054107666016,96.3705867846525,95.60377859184895,96.22574704276255,367200
2014-07-29,96.41321563720703,96.7284543952812,96.1576106709213,96.40469373824969,99100
2014-07-30,96.89034271240234,97.28226557965107,96.40469845295233,96.84773971583644,148800
2014-07-31,94.85401916503906,96.35354804257486,94.80289428263693,96.35354804257486,168800
2014-08-01,94.81140899658203,95.42485553650796,94.10424109637283,94.58988519043045,159500
2014-08-04,95.30560302734375,95.4674866064255,94.3257926544828,95.00740156611764,157400
2014-08-05,94.54730224609375,95.3481916212587,94.1809386489761,95.00738721691383,146400
2014-08-06,94.4535903930664,94.93071270705991,93.79754071102136,94.12130785292037,124200
2014-08-07,93.41413879394531,94.74326894049702,93.2096587330075,94.74326894049702,134600
2014-08-08,94.4535903930664,94.50470878376457,93.20965971708051,93.50786116332644,147600
2014-08-11,94.53878021240234,95.13518954422373,94.41097774841894,94.99034328488078,349400
2014-08-12,94.39395904541016,94.67512322149169,94.1468759664571,94.47063663872078,108100
2014-08-13,95.55265808105469,95.6293356484734,94.80288719801428,94.91365235135567,109400
2014-08-14,96.63471221923828,96.63471221923828,95.73158613317344,95.92754426490683,236000
2014-08-15,96.66880798339844,97.19705518013863,95.80827825170512,97.05221540855474,237200
2014-08-18,97.4697036743164,97.63158075280796,97.0948181235488,97.2822608989326,304300
2014-08-19,98.13426971435547,98.19391000705907,97.35042401016393,97.87866474545179,152200
2014-08-20,98.08313751220703,98.2194553762078,97.71677390851872,98.10017480759333,130500
2014-08-21,98.0746078491211,98.4239276294616,97.95532728995089,98.25352868787643,168600
2014-08-22,98.20242309570312,98.4750653379311,97.90422165893874,98.27057878103227,113600
2014-08-25,99.0629653930664,99.31004848834708,98.76476389886733,98.77328579878875,190900
2014-08-26,99.60823059082031,99.68490816926645,99.10554263100559,99.1992640048642,181300
2014-08-27,99.5656509399414,99.94053652324591,99.38673004799287,99.94053652324591,124500
2014-08-28,99.36967468261719,99.70195722903257,99.13111352111939,99.41227767587213,167500
2014-08-29,99.82976531982422,99.94904590727775,99.3696802680872,99.63380714056674,136500
2014-09-02,99.82976531982422,100.14501058683972,99.49748275473156,100.13648868764889,172200
2014-09-03,100.13648986816406,100.59657492532504,99.90645058973585,100.59657492532504,210100
2014-09-04,99.52301025390625,100.62210088850006,99.32705213706149,100.62210088850006,207900
2014-09-05,100.00868225097656,100.00868225097656,98.52619036524739,99.5571191162657,132700
2014-09-08,100.25574493408203,100.28982602226631,99.77010080298624,99.89790325860153,196600
2014-09-09,99.82976531982422,100.33245336721085,99.66788823702555,100.20465088056648,238600
2014-09-10,100.63917541503906,100.68177190982549,99.7956829144323,99.8297640104441,144700
2014-09-11,100.46024322509766,100.46875862291353,99.83827466844454,100.27280046828977,458500
2014-09-12,99.70195007324219,100.45172109877042,99.34410835667845,100.45172109877042,175700
2014-09-15,99.20779418945312,99.6423135042169,98.89254895102303,99.59119511431619,191400
2014-09-16,100.4772720336914,100.55394960937929,98.93514011980588,99.00329579809407,109100
2014-09-17,100.64765167236328,101.04809626939002,99.983086809341,100.45169357188333,197900
2014-09-18,101.40596771240234,101.42301150894492,100.80104294121631,101.21853145256041,192600
2014-09-19,101.42304992675781,102.05353413127365,101.21856979291873,101.92573161000938,174200
2014-09-22,100.74140930175781,101.27817842310577,100.3409645605313,101.27817842310577,258100
2014-09-23,100.13648986816406,100.63065602218563,99.83828839601469,99.8553256942927,137800
2014-09-24,101.8575439453125,101.8575439453125,100.34096446921053,100.37504556420988,152000
2014-09-25,100.21316528320312,101.7638193044053,100.19612148609646,101.68713521803332,309500
2014-09-26,100.50283813476562,100.62211870534894,99.72751442597409,100.52839732841868,211800
2014-09-29,100.43467712402344,100.65620097210876,99.59971312019238,99.68491260013177,307400
2014-09-30,99.67640686035156,100.63065809115352,99.62528846416198,100.58805509412574,200600
2014-10-01,98.65396881103516,99.62525703404005,98.25352416640457,99.56561675719948,350600
2014-10-02,98.53469848632812,98.92662127486659,97.47821068677646,98.6198979620446,288800
2014-10-03,100.39208221435547,100.5539592786971,99.28446945679896,99.4719122157981,335800
2014-10-06,99.9320297241211,101.3293224726472,99.58270328683663,101.3293224726472,430500
2014-10-07,98.36430358886719,99.66788105838332,98.36430358886719,99.65083726122926,285900
2014-10-08,100.75843811035156,100.8095564951405,98.15981187852628,98.48357248269498,311100
2014-10-09,98.74771118164062,100.69028804090175,98.59434950852506,100.58804475872336,446600
2014-10-10,97.92125701904297,99.73603129858678,97.92125701904297,98.53470367700247,470400
2014-10-13,95.7912368774414,97.99793395154224,95.72307469360803,97.85309418612401,437200
2014-10-14,95.26299285888672,96.76252845137687,94.46210992337699,96.30244344571612,929000
2014-10-15,94.67510986328125,95.03295158218363,92.25540431100481,93.87422044452512,752100
2014-10-16,94.50470733642578,95.54415793339587,92.9796125343488,92.9796125343488,478500
2014-10-17,95.90199279785156,96.48135834319602,95.20334668437474,96.12351663879889,366800
2014-10-20,97.06925201416016,97.09481120892787,95.93608004389661,95.93608004389661,1462100
2014-10-21,99.59972381591797,99.59972381591797,97.90422993192658,97.90422993192658,552800
2014-10-22,99.03738403320312,99.77011125517018,98.84994127870407,99.74455206143006,375200
2014-10-23,100.76697540283203,101.27818536301302,99.68492818776556,99.68492818776556,292000
2014-10-24,102.1472396850586,102.18984268563322,100.89478687170529,101.02258937312394,266100
2014-10-27,102.26651763916016,102.36876093770958,101.64455544882344,102.24095843959907,354600
2014-10-28,103.16963195800781,103.17815385696643,102.32614596962517,103.02479217723284,375800
2014-10-29,103.10148620605469,103.42524689434478,102.45395832916957,103.11852350530998,300800
2014-10-30,104.92476654052734,105.01848792272341,102.88846832791086,102.88846832791086,293500
2014-10-31,105.41891479492188,106.39871844237221,105.09514771114267,106.39871844237221,362000
2014-11-03,105.51264190673828,105.81084983436656,104.9332828481095,105.5552448964862,372000
2014-11-04,105.4615249633789,105.7597263947869,104.79695991615432,105.4359657693016,292500
2014-11-05,105.15479278564453,106.33056761669488,104.9503127499283,106.2879646299484,352500
2014-11-06,105.85343170166016,105.99827794661249,105.35075029365164,105.35075029365164,367000
2014-11-07,104.7032241821289,105.89603624452174,104.3368606165433,105.87899245060457,296500
2014-11-10,105.77677917480469,105.77677917480469,104.56692955016456,104.9077275005446,295000
2014-11-11,106.15166473388672,106.5265503026733,105.71714537039824,105.89606625541785,393700
2014-11-12,106.10903930664062,106.23684176118162,105.58931409172939,105.80231601586341,228200
2014-11-13,105.98124694824219,106.65433387266265,105.52968386610905,106.2112926883915,246300
2014-11-14,105.01850128173828,105.91310572517652,104.67769680315502,105.91310572517652,265800
2014-11-17,105.49559020996094,105.83639458051081,104.83954715940216,104.83954715940216,376800
2014-11-18,107.20814514160156,107.2763073270144,105.53821060080995,105.66600657307929,306400
2014-11-19,106.60322570800781,107.16554751505247,106.40726104021243,107.16554751505247,268500
2014-11-20,106.34761810302734,106.66286334326756,105.84493659864037,106.12609424501251,191600
2014-11-21,106.78217315673828,107.56601902241239,106.56917113887212,107.53193791951712,385000
2014-11-24,107.54042053222656,107.55745782729706,107.06329826661282,107.12293854981453,455500
2014-11-25,107.61711120605469,107.99199674625737,107.19110727411679,107.99199674625737,382400
2014-11-26,108.36688232421875,108.38391962136838,107.68527343275896,107.68527343275896,222500
2014-11-28,108.86956787109375,109.58525138332642,108.68212509399346,108.75028728572164,214700
2014-12-01,108.42652130126953,109.24444806093081,108.22203473612616,108.46911779377969,350100
2014-12-02,109.61079406738281,109.78972141879012,108.74174900483479,108.74174900483479,351900
2014-12-03,109.87491607666016,109.93454985391469,109.34666247491963,109.80675390222248,316300
2014-12-04,109.7215576171875,110.2838858554708,109.32111293240453,109.83232278549964,292900
2014-12-05,110.5650634765625,110.65878486105476,109.77268940756284,109.86641079205509,313900
2014-12-08,110.96549987792969,111.69822710150152,109.73860657328781,110.53096758218147,352300
2014-12-09,110.78656768798828,110.87177366399656,109.16775814868414,109.9942067136592,314300
2014-12-10,108.9632797241211,110.69285456096368,108.89511753835788,110.64173617179318,279800
2014-12-11,109.36370849609375,110.58207326239213,109.10810358689797,109.2018249535829,397200
2014-12-12,107.7534408569336,109.31261688419175,107.71935976067442,108.71620745011315,415500
2014-12-15,106.62879180908203,108.40948523039694,106.16870675517517,108.40948523039694,607800
2014-12-16,105.47857666015625,107.94087887869007,105.38485527465046,106.11758256116615,547900
2014-12-17,107.7108383178711,107.87272190071184,105.47858175602661,105.77678322417708,314700
2014-12-18,109.4233627319336,109.4489349281792,107.69379432419306,108.63100166595618,594300
2014-12-19,110.03680419921875,110.51393949652892,109.18479638350476,109.72156546759898,398400
2014-12-22,108.97181701660156,109.48302048143448,108.38392945687612,109.38929908784623,329200
2014-12-23,106.5009765625,109.5256068969965,105.89605179566145,109.5256068969965,613200
2014-12-24,107.25074768066406,107.83863518747202,106.43282091049447,106.43282091049447,174100
2014-12-26,108.10275268554688,108.30723924790757,107.62563037397983,107.62563037397983,235300
2014-12-29,108.41798400878906,108.50318348201628,107.83009659300589,108.15386369169373,204400
2014-12-30,107.91531372070312,108.45207630778744,107.87271072953449,108.37539222374464,245800
2014-12-31,107.0036849975586,108.8781065572605,106.91848549491426,108.20501943585124,190800
2015-01-02,107.25074768066406,108.45208189017525,106.80770645110293,107.42115315380616,284600
2015-01-05,106.7225112915039,107.61711568562902,106.57766500838463,107.22519283196881,364500
2015-01-06,106.2113037109375,107.83863535507271,105.5211729191717,107.09738617143691,529800
2015-01-07,108.75880432128906,108.75880432128906,107.13146619314821,107.13146619314821,358600
2015-01-08,110.65026092529297,110.76102611159935,109.73861923992172,110.10497639369098,466300
2015-01-09,109.89197540283203,111.07626586489616,109.4148530584909,111.07626586489616,336000
2015-01-12,109.84085083007812,111.01662582721352,109.56821507748053,110.65878408908712,338800
2015-01-13,109.50005340576172,111.46818947504595,108.554324164606,110.65878461113621,304500
2015-01-14,109.4233627319336,109.56821550802339,107.98347387515632,108.36688131063038,407900
2015-01-15,108.0431137084961,109.9260567830164,107.97495802051893,109.71305481986565,295300
2015-01-16,110.08792877197266,110.20720933876241,107.94086556915052,107.9664247619907,247600
2015-01-20,110.1135025024414,110.50541884480434,108.78436579654382,110.28390147740826,378800
2015-01-21,110.08792877197266,110.69284700333253,109.46595374457702,110.0112381928454,249000
2015-01-22,111.519287109375,111.52780250613985,109.01438239630052,110.66727941108331,283600
2015-01-23,111.09331512451172,111.53636289486995,110.89735693786864,111.37447930566545,327900
2015-01-26,111.8089828491211,111.84307044234389,110.51394032002325,111.18702077918545,322100
2015-01-27,111.14441680908203,111.88567244816136,110.5565293369392,110.79509048496709,350200
2015-01-28,109.49153137207031,111.71527252781543,109.35521998750806,111.60452034039666,331300
2015-01-29,110.43727111816406,110.53952091702213,108.68213674498735,109.68751292999575,272300
2015-01-30,108.80992126464844,110.75250461435553,108.63100039697225,110.13905792500634,232300
2015-02-02,109.24443054199219,109.36371110237874,107.38705345844055,109.16775296758784,330600
2015-02-03,109.84085083007812,109.86641002561514,108.12831972605717,109.86641002561514,413500
2015-02-04,108.47762298583984,109.10810688050466,107.84713909117501,108.75878709438203,270400
2015-02-05,110.33502197265625,110.46281795616488,109.26149670935764,109.37224889486222,351100
2015-02-06,109.51707458496094,110.89733603230128,109.20183586579519,110.76101166702695,296500
2015-02-09,108.23054504394531,109.33815773545602,108.0175431032935,109.09959660197454,229600
2015-02-10,110.0112533569336,110.11350314299528,108.8440067209816,108.8440067209816,226700
2015-02-11,110.17311096191406,110.79507292781265,109.55966439259296,109.90899066135188,221000
2015-02-12,110.67581176757812,110.87178292865157,109.75565475295322,110.69285556432533,212800
2015-02-13,111.23815155029297,111.25519534880151,110.24130384759371,110.73546999946848,317600
2015-02-17,111.94532012939453,111.99643852451561,111.12738680562973,111.16998980176702,309300
2015-02-18,112.2179183959961,112.2179183959961,111.36591085916723,111.9963881160345,262300
2015-02-19,112.37983703613281,112.55876441576113,112.01347987868706,112.03903907568984,230400
2015-02-20,113.58114624023438,113.58967463775973,112.04752975535888,112.34573765541461,252800
2015-02-23,114.04976654052734,114.51837343850688,113.5811596425478,113.85380838341136,339300
2015-02-24,113.85382080078125,114.48429833172756,113.419288447714,114.29685555209245,240900
2015-02-25,114.05826568603516,114.33942978475918,113.37666993221339,113.8197045720764,215600
2015-02-26,114.43318176269531,114.43318176269531,113.44484945441987,114.2287081820929,197200
2015-02-27,113.84528350830078,114.4672585924176,113.77712132097533,114.28833122561228,175600
2015-03-02,114.79102325439453,114.8165824519086,113.89641233957447,113.89641233957447,245500
2015-03-03,113.92196655273438,114.58653158440315,113.22331392935554,114.51836940159006,500500
2015-03-04,114.4075927734375,114.60355090402379,112.89953550614644,113.76007160246218,486700
2015-03-05,115.08069610595703,115.55781837860127,114.62060462833088,114.70581060584888,241400
2015-03-06,113.02733612060547,114.58651165467806,112.79729041869842,114.58651165467806,357500
2015-03-09,113.53854370117188,113.63226507007765,112.51613704076729,113.25737959445456,217600
2015-03-10,112.49909210205078,113.18922926639553,112.10717583650803,113.18922926639553,257000
2015-03-11,112.56726837158203,113.11255285322542,112.35426641780558,112.7973141218307,189000
2015-03-12,113.92196655273438,113.92196655273438,112.80582543485303,112.97623739218928,235900
2015-03-13,113.76858520507812,114.54391531903057,113.02734267888486,113.79414439559474,270900
2015-03-16,116.17979431152344,116.21386890624296,114.6547059361122,114.68026513230394,286900
2015-03-17,115.94123840332031,116.12868118429726,115.15739268314805,116.0094005964582,283800
2015-03-18,117.22775268554688,117.73043417856596,115.17441072179528,115.75378279897924,281400
2015-03-19,118.15645599365234,118.27574958696287,117.1510928552598,117.26185804869984,297300
2015-03-20,118.75285339355469,119.57930201400478,118.13087832827902,119.17885730097814,349100
2015-03-23,118.30980682373047,118.83804751380461,117.84119992095131,118.56541177075616,279800
2015-03-24,117.35558319091797,118.81250954825094,117.33853939124221,118.41206475983545,267900
2015-03-25,114.93585205078125,118.17348443262182,114.86770286433261,117.54300695341294,368000
2015-03-26,114.61212921142578,115.54933028801686,113.5556345244531,114.23724358054479,293000
2015-03-27,115.6685562133789,116.00083868354696,114.7569147698328,114.79951775331183,241200
2015-03-30,116.93807983398438,117.02328582099199,116.36723612273664,116.92956443552694,329900
2015-03-31,115.464111328125,117.17664248359652,115.3789053400363,116.70803555032566,325100
2015-04-01,114.02420806884766,115.28517600181499,113.07847886897025,115.28517600181499,392300
2015-04-02,114.27130889892578,114.63767909956096,113.77714269842389,114.08386609871435,213600
2015-04-06,114.45018005371094,115.01250817799347,113.36812678436799,113.8878519294284,195300
2015-04-07,114.62915802001953,115.54932827965814,114.51840581326525,114.51840581326525,257100
2015-04-08,115.7878646850586,116.17127862821188,114.91029761633713,115.01254740146193,247800
2015-04-09,116.54615020751953,116.67395918771614,115.53227176803293,115.86455431557083,290400
2015-04-10,117.551513671875,117.72191262663051,116.23941441898305,116.54613773778573,219400
2015-04-13,117.12548828125,118.21605699219268,117.06584150770252,117.51740450517387,291500
2015-04-14,117.21073913574219,117.44930032009356,116.29908439506342,117.36409432542114,197200
2015-04-15,117.47486114501953,118.00310191759635,117.26185915599861,117.74749693064929,240400
2015-04-16,117.50891876220703,117.90936348374835,117.29591680396625,117.65375853373784,269800
2015-04-17,116.4609603881836,117.2107314904452,115.68563008930931,117.09143790544117,305300
2015-04-20,117.12548828125,117.43221154374042,116.73355905672162,117.21069424328799,169200
2015-04-21,117.97754669189453,118.23315168744918,117.730457095968,117.95198749240008,181400
2015-04-22,118.07122039794922,118.40350285776894,117.46628925283899,118.31829689346445,204000
2015-04-23,118.6761245727539,118.9146986446023,117.47480382134256,117.96896975480824,235200
2015-04-24,118.25019073486328,118.93179977034903,117.80715591231692,118.93179977034903,179600
2015-04-27,115.87308502197266,118.94031894338653,115.66008302744697,118.94031894338653,333800
2015-04-28,116.1201400756836,116.42686341092943,114.2116508791385,116.26499284562846,286300
2015-04-29,115.18292236328125,116.21384439385746,114.33943006504151,115.77080975290843,294500
2015-04-30,113.17216491699219,115.16585947248682,112.60132141609091,114.65466274063368,422300
2015-05-01,114.71434783935547,114.88474682622021,113.7941777095547,113.94754589815952,192500
2015-05-04,115.52374267578125,116.1371893753407,115.02106115827256,115.02106115827256,247300
2015-05-05,114.02420806884766,115.62598693005454,113.85380910503169,115.48113416017299,248300
2015-05-06,113.86231231689453,114.62911407230325,112.98474539658665,114.62911407230325,228400
2015-05-07,114.45872497558594,114.76544830426337,113.38519982551857,113.74304154220769,184600
2015-05-08,116.29908752441406,116.59729551318213,115.4726387561698,115.66008154900518,210800
2015-05-11,116.33313751220703,116.87842197584163,116.27350372743504,116.55466785720701,171400
2015-05-12,115.83898162841797,116.08605816038227,115.08921063386684,115.77081944703998,192600
2015-05-13,115.7623291015625,116.631380949042,115.5493270899673,116.17130232426524,138600
2015-05-14,117.27885437011719,117.32998575248014,115.82192848761358,116.36721289403346,154800
2015-05-15,117.54302978515625,117.6452665852957,117.15110038360434,117.5345013847377,181900
2015-05-18,118.38648986816406,118.56541723951727,117.432245222569,117.50892281003112,219600
2015-05-19,118.92327880859375,119.19591460967142,118.24166980498394,118.59951160674174,167200
2015-05-20,119.21292877197266,119.6900510556973,118.66764430477204,119.08513280333469,221100
2015-05-21,119.14474487304688,119.29811300806658,118.84655000037189,119.10214189106335,195900
2015-05-22,118.95735931396484,119.57933454846395,118.87216630966584,118.95735931396483,159300
2015-05-26,117.92639923095703,119.20441089316509,117.64523510519844,119.20441089316509,249300
2015-05-27,119.28959655761719,119.37480253011721,117.97751038511717,118.3268366715187,181100
2015-05-28,119.31521606445312,119.57934951248323,118.74437216183195,119.22149464756829,195700
2015-05-29,119.12776184082031,120.09905041666632,118.65915485233977,119.19591103859018,229900
2015-06-01,119.4344482421875,119.90305513654042,118.64208722132408,119.84342135031773,267000
2015-06-02,118.80398559570312,119.28110794739526,118.24165725237637,119.21294575420937,228200
2015-06-03,119.08514404296875,119.22998382129795,118.68469930263164,119.22998382129795,149700
2015-06-04,118.21609497070312,119.04254366568213,117.74748803015697,118.83805709145963,242700
2015-06-05,118.32687377929688,118.40355137822962,117.20221699250907,118.03718118231171,232400
2015-06-08,117.8071517944336,118.84660261207846,117.79862339389861,118.84660261207846,259800
2015-06-09,117.6281967163086,118.03715682684307,117.0232784487316,118.03715682684307,241500
2015-06-10,118.99994659423828,119.10218338613406,117.55153570640763,118.00309887142643,265500
2015-06-11,119.8178482055664,119.99676254401062,119.21291701226976,119.28959458588872,189900
2015-06-12,118.47169494628906,119.63894154851265,118.25869298234414,119.63894154851265,275300
2015-06-15,118.5142822265625,118.74431495668739,116.98918108657436,117.83267343218488,215500
2015-06-16,119.08514404296875,119.19589622603907,118.32685755606391,118.46316893527418,229000
2015-06-17,119.29814147949219,119.59633642333371,118.6676509972372,119.34925986983028,226900
2015-06-18,121.1725845336914,121.51338254957314,119.61340825984108,119.698614264117,425200
2015-06-19,121.10438537597656,122.30571946638649,120.98510480675473,122.30571946638649,257800
2015-06-22,122.13533782958984,122.57837257774764,121.9138074549021,122.05864723802394,272000
2015-06-23,122.29718780517578,122.6379987085785,121.84562473369803,122.43351216653687,357000
2015-06-24,120.9765853881836,122.20346563056914,120.9510261956718,122.20346563056914,343400
2015-06-25,121.59856414794922,122.09273027222193,121.04476423314117,121.41112137665239,405400
2015-06-26,121.3514404296875,122.19493266311223,120.8743182372631,122.19493266311223,210400
2015-06-29,118.53132629394531,120.97659763007016,118.41204571661785,120.14162058817003,1655700
2015-06-30,119.24701690673828,119.87749435569795,118.68468864095756,119.57077102896368,311500
2015-07-01,120.0223388671875,121.29183521426793,119.46853897786009,120.43131198607716,380200
2015-07-02,119.62191009521484,120.55912403352848,119.30667131624094,120.41428424317265,268800
2015-07-06,119.6900863647461,120.35465159892725,118.47172110228432,118.5995171086226,273800
2015-07-07,120.15013885498047,120.15865425242582,118.09679701786071,119.88601852749997,429300
2015-07-08,118.06275939941406,119.56228885760832,117.90087579301024,119.27260924647038,265600
2015-07-09,118.76138305664062,120.59319487834857,118.63358706930624,119.23850541016778,272100
2015-07-10,120.37165069580078,120.53353424411557,119.53668676305763,120.15864876393525,296200
2015-07-13,121.56446075439453,121.81155028472347,121.07030769495,121.3258996220397,350400
2015-07-14,122.90214538574219,123.06402897449337,121.36852849311191,121.70933946959055,311100
2015-07-15,122.91059875488281,123.89041519208332,122.65500690227672,123.52404520234315,304000
2015-07-16,123.6944580078125,123.95859128619941,123.13214286827078,123.95859128619941,390800
2015-07-17,123.61782836914062,123.78822735629463,123.02994081294133,123.75415275910757,250300
2015-07-20,123.84783172607422,124.12046741200302,123.48999007545238,124.0949082227161,374800
2015-07-21,123.30257415771484,124.39314313971302,122.55280310736318,124.39314313971302,313500
2015-07-22,123.56672668457031,123.66896349056763,122.646556428761,123.00439825036277,192200
2015-07-23,123.13214874267578,124.20567369731239,122.89358764164542,124.06083395744432,262800
2015-07-24,120.1842041015625,122.70615261424157,119.94564298557194,122.68910882006917,395700
2015-07-27,119.79229736328125,120.09049228167295,119.15329153737599,119.69857598879088,304200
2015-07-28,121.90528106689453,121.90528106689453,119.7752615060401,120.8743458791736,285200
2015-07-29,121.96488952636719,122.55277688317625,121.41108975579328,122.54426148691995,1649700
2015-07-30,121.85419464111328,122.11831505584345,120.74658157880938,121.81159163859947,200500
2015-07-31,122.67210388183594,123.25999146124026,122.25462829692148,122.39093969165953,215500
2015-08-03,122.5869369506836,123.20038385957575,121.72640039760876,122.8084543897675,241500
2015-08-04,122.501708984375,123.16627418315669,122.12682338493705,122.69766718385925,362500
2015-08-05,123.42183685302734,123.75411933845575,123.02139219102311,123.26846870558029,240400
2015-08-06,120.6357650756836,123.69446954663243,120.38016016990001,123.61779197507903,371800
2015-08-07,120.21826171875,120.65278085727469,118.85504453814319,120.50794114443313,346100
2015-08-10,121.07881927490234,121.79450264940252,120.89989193097416,121.14698145351278,275900
2015-08-11,120.20125579833984,120.84026161545567,119.49408780065887,120.13309361777469,255800
2015-08-12,120.29503631591797,120.39727313672824,117.81568940636483,119.28965990903593,443900
2015-08-13,119.95417022705078,120.82322180717576,119.68153449640018,120.31202493697823,180700
2015-08-14,120.12457275390625,120.22680951979815,119.14475607855331,119.86043944100875,145300
2015-08-17,121.59856414794922,121.62412334397985,119.28110170337779,119.69006184047616,182100
2015-08-18,121.31744384765625,122.03312759645252,121.15556021386858,121.50488668671429,235600
2015-08-19,120.6868896484375,121.50482278878707,119.83488191918455,121.25774626757045,350800
2015-08-20,117.66229248046875,120.19275690373443,117.55152729676624,119.58782559353943,417300
2015-08-21,114.27981567382812,117.47484507199503,114.27981567382812,116.2138641090808,994200
2015-08-24,109.9345703125,113.20627729073267,77.79683361858689,107.55746766411035,1937500
2015-08-25,108.38392639160156,114.16906093074056,108.35836719412849,114.16906093074056,1671800
2015-08-26,112.92513275146484,112.99329495042245,108.63101822201597,109.46598240817904,615200
2015-08-27,115.11480712890625,115.41301514399122,112.84846261597133,114.9870111227904,817100
2015-08-28,114.97846221923828,115.36186316982949,113.91345235614676,114.90178462924177,483600
2015-08-31,112.78878784179688,115.31072345084809,112.49057993503857,114.78248281664268,321500
2015-09-01,109.78971099853516,111.66412530864781,109.24442659921864,111.66412530864781,777000
2015-09-02,112.10718536376953,112.10718536376953,110.21572705024319,111.50225411910189,356800
2015-09-03,111.18702697753906,113.3085312529617,110.93142201654949,112.780277533421,374100
2015-09-04,109.95162200927734,110.93142589326884,109.18480709951075,109.7982538270805,293700
2015-09-08,113.17216491699219,113.21476789479749,111.28922250306711,111.98787493738432,243200
2015-09-09,111.41706848144531,114.49281729295087,111.14441973332141,114.49281729295087,294700
2015-09-10,112.52467346191406,113.27443146601583,111.09329363479807,111.20405880611375,199200
2015-09-11,113.42780303955078,113.42780303955078,111.80898041254491,112.26054350834895,137000
2015-09-14,113.06143951416016,113.51300263628612,112.44799281983659,113.33408826746313,146600
2015-09-15,114.53541564941406,114.8080644174509,113.09553322027432,113.58117096250281,169800
2015-09-16,114.81654357910156,114.96991171287013,113.70894406019444,114.38202436786591,184900
2015-09-17,116.08605194091797,117.55150626051419,114.85064334607162,114.85064334607162,284000
2015-09-18,114.52692413330078,115.60044962994161,114.22020070560175,114.90180976722309,226500
2015-09-21,112.61840057373047,115.3874263124623,111.83455484776255,115.1829527321458,276700
2015-09-22,111.68120574951172,111.83456094310745,110.44579679886556,111.0848027734008,268000
2015-09-23,111.48607635498047,112.59482882241704,110.93599527311851,111.87284986152963,161000
2015-09-24,110.29995727539062,110.97036817544317,108.94194175311391,110.66094675119066,363900
2015-09-25,106.90493774414062,111.4774916011347,106.03684478498715,111.4774916011347,627500
2015-09-28,102.4441146850586,106.36344435438899,101.33535556913291,106.1915464612544,1285700
2015-09-29,102.9770278930664,104.99686470970815,101.85967819272864,102.78793622874369,740200
2015-09-30,105.34062957763672,105.57269893645086,103.85369385035375,104.31782601049805,319200
2015-10-01,106.13997650146484,106.18295425537517,104.40378409773163,105.65006027131618,351300
2015-10-02,108.4950180053711,108.4950180053711,104.37799969153662,104.90229681142372,326500
2015-10-05,108.79582214355469,109.77565441599761,107.73003437977057,109.54358508134973,338100
2015-10-06,105.95088195800781,108.55518032810376,104.30923541210586,108.55518032810376,745400
2015-10-07,107.47220611572266,108.10823620495755,105.20311977157465,106.62989068066744,379400
2015-10-08,107.6527099609375,108.0222963732026,105.71023208083595,107.31750444254416,397100
2015-10-09,108.28012084960938,108.709872071884,107.35185663570019,107.67846520393493,330400
2015-10-12,108.47779846191406,108.89036250432115,107.66127379478468,108.15118990655891,218000
2015-10-13,107.00810241699219,109.52644597312126,106.92215344542358,108.07388409091268,324500
2015-10-14,106.78458404541016,108.58094760092568,106.56970842990488,107.27450018646287,251100
2015-10-15,109.45764923095703,109.49203012010639,106.19154345157766,106.5783169789107,194300
2015-10-16,110.36013793945312,110.60940105894362,109.34593108075381,109.73270466051254,223000
2015-10-19,110.69532775878906,111.27120600905862,109.36310273939696,110.17963409723475,253300
2015-10-20,108.9935073852539,110.73829637037407,108.5723530061692,110.73829637037407,271700
2015-10-21,107.9105453491211,109.99053989955615,106.08839762339788,109.63814071438752,426700
2015-10-22,107.02523803710938,108.426231173053,105.57268341204382,108.426231173053,468800
2015-10-23,109.38031005859375,109.91319750959494,107.66130474313724,107.73005997206698,371700
2015-10-26,109.7928466796875,110.60937798297361,108.77863347509425,109.23416874743566,209300
2015-10-27,111.65796661376953,111.6923409412417,110.15383732375481,110.15383732375481,215100
2015-10-28,112.95584106445312,112.9644313698968,110.50626628605269,111.72675852253107,317900
2015-10-29,113.16210174560547,114.31383194239535,112.71515677559474,113.43713572448088,272800
2015-10-30,112.53466033935547,113.73797175441695,112.53466033935547,113.27383304226095,198300
2015-11-02,115.03580474853516,115.2077026155241,113.09333393312362,113.24803807892368,301200
2015-11-03,114.93270111083984,115.2593163308387,113.95286856581352,114.8897233532131,327600
2015-11-04,114.65763092041016,115.34523555939407,113.81532212301286,115.33664525558254,296000
2015-11-05,114.2278823852539,114.56308785144664,113.04177779755467,114.56308785144664,211700
2015-11-06,113.97004699707031,113.97863730145473,112.48309809554958,113.4543402046979,195800
2015-11-09,113.18787384033203,113.62621534560077,112.55183733908986,113.57464729968278,295500
2015-11-10,113.91849517822266,114.09899653655172,112.90428817086205,113.0246180380908,159700
2015-11-11,112.60343933105469,114.38261614138072,112.60343933105469,114.38261614138072,174800
2015-11-12,110.66095733642578,112.4057465271735,110.61797958436938,112.06195074065941,223100
2015-11-13,110.56640625,111.56343234425381,110.19682645288769,110.51483819598135,191800
2015-11-16,111.70954895019531,111.73533297783888,110.0163278551029,110.60078330164836,232000
2015-11-17,112.30261993408203,113.08477049691818,111.42592355469459,112.44873381148498,219800
2015-11-18,114.48573303222656,114.59747255660764,112.4315225341828,112.65500158294496,182200
2015-11-19,112.56047821044922,114.06460792005336,112.38856718023253,114.06460792005336,260500
2015-11-20,113.4371337890625,113.99581827078568,113.14490609306597,113.17069011830289,231500
2015-11-23,113.45435333251953,114.05600258325858,113.1019540874545,113.23088735795075,162000
2015-11-24,113.8153076171875,113.88406938381894,112.60340607086975,112.84406569659677,132300
2015-11-25,114.46858215332031,114.6061057555748,113.83255844409531,113.85834248014646,125400
2015-11-27,114.72640228271484,114.958471654695,114.46854888217786,114.5287203587896,80800
2015-11-30,113.2910385131836,114.8811236099521,113.21368642479227,114.85533958048832,162800
2015-12-01,114.93270111083984,115.01865662609332,113.44576512474076,113.82393529293331,340600
2015-12-02,113.99584197998047,115.44840357361495,113.84112468141329,114.92410642647415,278400
2015-12-03,111.40872955322266,114.41698883516253,110.91021644127626,114.41698883516253,264100
2015-12-04,113.90988159179688,114.01301770978013,111.9158423259617,112.16509231607765,212000
2015-12-07,112.99022674560547,114.03021763170894,112.50030392862041,113.76377390245878,186800
2015-12-08,113.3769760131836,113.69498773603833,111.9931764868898,112.22524583017231,152000
2015-12-09,112.18228149414062,113.83252488983675,111.73533647604522,112.87847649225023,196000
2015-12-10,113.06755828857422,113.69499145131962,112.0963162514037,112.47449945578754,144400
2015-12-11,111.19381713867188,112.16505901118985,111.0477033099244,111.83844391459826,316500
2015-12-14,111.70954895019531,111.821288479963,110.0163278551029,111.21103589080568,256400
2015-12-15,113.2910385131836,113.73798354883769,112.61203721235553,112.61203721235553,242200
2015-12-16,114.9584732055664,115.13037110325384,113.29103605656354,114.0989706021603,370400
2015-12-17,113.68638610839844,115.15612786786514,113.68638610839844,115.15612786786514,224000
2015-12-18,112.28539276123047,113.35977075883677,112.28539276123048,113.33398673609149,200200
2015-12-21,113.2910385131836,113.2910385131836,112.33699007811633,113.20509611996074,223500
2015-12-22,113.94427490234375,114.12476311809867,112.947248660655,113.67781805889857,183500
2015-12-23,115.19155883789062,115.44172012323891,114.46697824447683,114.9069125179421,386900
2015-12-24,115.33821868896484,115.69187458416864,115.0535591911952,115.13981126910174,74600
2015-12-28,114.81204223632812,115.06219039477251,114.38074232283662,114.82928475606305,309800
2015-12-29,116.24395751953125,116.45098623346017,115.37273636092813,115.45036719281526,212000
2015-12-30,115.70915985107422,116.33023288460919,115.64015027376689,116.15771552245637,242300
2015-12-31,114.62227630615234,115.73502436035807,114.62227630615234,115.28646873717787,167800
2016-01-04,112.37088775634766,113.13860110736766,111.38752443973517,113.03508017356732,513300
2016-01-05,112.88843536376953,113.43187746773349,112.43989292967527,112.69866234848779,227700
2016-01-06,111.73255157470703,112.62966274183994,110.95621701589026,111.4824034228927,269100
2016-01-07,109.26551818847656,110.83545618691524,104.4522095883639,109.78307676694672,379100
2016-01-08,107.67832946777344,110.27475000329439,107.46267952807884,109.92108752437447,401300
2016-01-11,106.11701965332031,108.17001129546118,104.55571619259078,108.01474307530863,359900
2016-01-12,107.34193420410156,108.27353709915937,105.52184787941977,107.10902854450086,379500
2016-01-13,103.94329071044922,108.20453643557302,103.75351767443097,107.77323647411887,291500
2016-01-14,106.60010528564453,107.30743699390878,103.23596410492807,104.27970927315242,506900
2016-01-15,105.15089416503906,105.34928839065142,103.30493151928472,103.40843926095629,380900
2016-01-19,104.70237731933594,106.60872237827296,103.58962261793451,106.29819245754985,421800
2016-01-20,105.20269775390625,106.26369867525054,101.54527550818777,103.32222944519476,698600
2016-01-21,104.65922546386719,105.90999242371039,103.82250268363386,105.47869256430052,367800
2016-01-22,106.41893768310547,106.74672323170681,105.72022738315854,106.66046456956057,192500
2016-01-25,105.50458526611328,106.94513201341775,105.37520055385008,106.19466777671835,409300
2016-01-26,106.20330810546875,106.44483503824529,104.59024383140353,105.72024765880033,251700
2016-01-27,104.82313537597656,107.03139556192687,104.13305941502293,106.22054956216361,167600
2016-01-28,102.20945739746094,105.35794825901795,101.62288921892124,105.35794825901795,283000
2016-01-29,103.95191192626953,103.99503797099692,102.07144395094996,102.442362157402,488300
2016-02-01,104.24517822265625,104.80586937504178,102.82188732232798,103.4084554141736,243500
2016-02-02,102.6493911743164,103.73626892358024,102.34748251649734,103.29634111869235,276200
2016-02-03,103.14105224609375,103.4257117441701,100.80340770421994,103.16692918571636,489300
2016-02-04,102.83052062988281,103.99502903529812,101.97654867672681,102.72700628542499,316400
2016-02-05,100.61363220214844,102.70112197387546,99.99255934220335,102.41646906399535,282900
2016-02-08,98.80219268798828,99.54402912361401,97.58592367802693,99.29387436452022,493800
2016-02-09,99.46637725830078,100.5187500294682,97.49102299753989,97.63766995991777,385400
2016-02-10,100.34623718261719,102.06280895677331,100.19959679481447,100.19959679481447,332300
2016-02-11,98.75904846191406,99.42325398797526,97.98270733195935,98.56065419493984,540600
2016-02-12,100.11334228515625,100.16510275431293,98.46577989838353,99.29387501262586,372600
2016-02-16,102.1576919555664,102.1576919555664,100.94142310984476,101.19157783515874,256300
2016-02-17,103.76215362548828,103.79665841483502,102.30435753588822,102.89092579255134,271000
2016-02-18,102.83917236328125,104.15894930145157,102.62352236472752,103.93467146024331,241300
2016-02-19,102.98577880859375,103.16692395788657,102.01966476458517,102.41646642240394,140300
2016-02-22,104.3314437866211,104.36594856855623,103.64136789126108,103.77938043788738,166800
2016-02-23,103.39984130859375,104.5384727914074,103.36533652655524,103.98640944101983,156700
2016-02-24,103.83975219726562,103.94326653313853,101.61424991546386,102.55448045380004,191200
2016-02-25,105.0819320678711,105.0819320678711,103.88291859058224,104.19345511805,156800
2016-02-26,105.05602264404297,105.90999454002697,104.91800352733937,105.35793123543998,171300
2016-02-29,103.40846252441406,104.97839391037185,103.40846252441406,104.83175352260609,218900
2016-03-01,105.64258575439453,105.6684626922798,103.30494136946628,103.87425374628245,178100
2016-03-02,106.00489044189453,106.02214612357021,105.34069148189555,105.40107320553182,153100
2016-03-03,105.78060150146484,105.98763017307188,104.87487574236003,105.73747546404857,165600
2016-03-04,105.62535095214844,106.37581520471923,105.1595528159207,105.72886530526276,251600
2016-03-07,106.60010528564453,107.0400265295213,104.95253619307262,105.01291792739583,227500
2016-03-08,105.07328033447266,106.47932223112348,104.93526778759806,106.24641659792087,263300
2016-03-09,105.10778045654297,105.64259468211753,104.51259109154282,105.63396684172217,186500
2016-03-10,105.05602264404297,106.43618090551048,104.26243246633837,105.58220900952648,241600
2016-03-11,107.33328247070312,107.34191031053838,105.78060035603136,105.8582377523217,208000
2016-03-14,106.95374298095703,107.27290726309262,106.60870175885904,106.91923820063585,120600
2016-03-15,104.90938568115234,106.19465748697529,104.60747049882013,106.16015270667693,239800
2016-03-16,104.61612701416016,105.31483090865152,103.81390875040069,104.80590006726045,268200
2016-03-17,103.46883392333984,104.55571141474101,102.3302025546241,104.55571141474101,510600
2016-03-18,104.9007797241211,105.15956233978643,103.43436245165829,103.67588938301778,266000
2016-03-21,105.48579406738281,105.67618707401066,104.71557261519922,104.84538662904686,239900
2016-03-22,106.68004608154297,106.93101802828299,105.06171907005243,105.06171907005243,306600
2016-03-23,105.71945190429688,106.81852971209267,105.61559938125052,106.56755773335816,188300
2016-03-24,105.6069564819336,106.0829390184652,104.79346145681242,105.1569420313526,163700
2016-03-28,105.3559799194336,106.11755194497566,105.08770246640765,105.91850291031398,255200
2016-03-29,106.7060317993164,106.78391624258562,104.71556794931656,105.19155044467753,302000
2016-03-30,106.7666244506836,107.65800396276599,106.5243018567387,107.12144240866851,233400
2016-03-31,106.7060317993164,107.51952015145869,106.60217927234272,106.62814075343246,327700
2016-04-01,108.13396453857422,108.35031901472392,106.01369331335302,106.34254974015928,230700
2016-04-04,109.16378784179688,109.66573169100784,108.17721219478945,108.3070261699458,180200
2016-04-05,107.88299560546875,108.80033644131164,107.7012520411844,108.0647325671387,260100
2016-04-06,110.91197204589844,110.98985649523627,107.83107953176888,107.99551106163572,261000
2016-04-07,109.78692626953125,110.91197229276021,109.19844177474637,110.40137224748652,279800
2016-04-08,109.25899505615234,110.47058127234726,108.79166866122229,110.4359637687287,326000
2016-04-11,108.4974594116211,109.64846035882533,108.22917533597072,109.44076188301175,215100
2016-04-12,109.34552764892578,109.56188207901967,108.34164652664904,108.51472742967886,154100
2016-04-13,110.47059631347656,110.66963873311681,109.38016791017243,109.98595779944439,164900
2016-04-14,110.712890625,111.03309756250931,110.23690823175822,110.50519221822782,153800
2016-04-15,110.60905456542969,110.89464404383561,109.8301837735798,110.89464404383561,139200
2016-04-18,111.68219757080078,111.81200499106767,110.1157864725538,110.31483552132214,187100
2016-04-19,111.82064056396484,112.59951130755518,111.30138459808612,111.76005497901363,286200
2016-04-20,112.50431823730469,113.04087306784037,111.91584044964983,112.04564784244778,197600
2016-04-21,113.2052993774414,113.42165382566837,112.3571936378554,112.52162513134431,193800
2016-04-22,113.6380386352539,113.80247017267497,112.77262061112711,113.3005261340537,137400
2016-04-25,113.10148620605469,113.44764814132603,112.76397369733415,113.20533214558981,155200
2016-04-26,112.51294708251953,113.33510443728993,112.15813587202602,113.27451886158022,189100
2016-04-27,112.45240783691406,112.9110782829873,111.95911327874305,112.67741174463106,105300
2016-04-28,111.6562271118164,113.00627699499877,111.33601349217862,111.79468394722828,171100
2016-04-29,109.9599838256836,110.89463663661031,109.30227104994746,110.83406425717968,200900
2016-05-02,110.64368438720703,110.6696458694764,109.69172595584499,110.07251196943582,177700
2016-05-03,110.12442779541016,110.79080327599783,109.69171884532996,110.05519277876982,125200
2016-05-04,108.87821960449219,109.62247949743309,108.51474568541342,109.59651801787237,160300
2016-05-05,109.22438049316406,109.38881198912577,108.52339418320328,108.99072059071509,153200
2016-05-06,108.67052459716797,109.146507079527,107.70991020739942,108.78302654635532,163800
2016-05-09,109.94270324707031,110.34079473379606,108.77439027041201,108.77439027041201,316900
2016-05-10,110.8167724609375,110.83408451760847,109.95135450061035,110.5398389777374,127100
2016-05-11,109.45804595947266,110.92059754782466,109.43207787934577,110.73020457591032,162300
2016-05-12,108.71378326416016,109.66574149606491,107.96086742302658,109.66574149606491,222600
2016-05-13,108.5926284790039,109.31092023521487,108.35030594874166,108.50608141688905,121200
2016-05-16,110.23692321777344,110.35808118841231,108.6099400387555,108.61859606597662,125300
2016-05-17,109.00802612304688,110.23691782374672,108.60993472433906,109.95133496556569,121700
2016-05-18,109.51861572265625,110.05517048639979,108.71377697442767,108.84358435106675,126100
2016-05-19,108.67052459716797,109.47536350203852,107.87434171996244,108.86957361777662,168800
2016-05-20,109.72633361816406,110.04654061018186,108.83495425963935,108.98207371437141,177800
2016-05-23,109.35420989990234,109.8907713921527,109.31959239047185,109.46671185359033,112100
2016-05-24,111.0677490234375,111.24082999185467,109.71769898245965,109.91674803849354,146900
2016-05-25,111.82064056396484,112.00237090836298,111.31003402226726,111.43119198694193,119600
2016-05-26,111.60430145263672,111.83795478469331,111.35332285938095,111.71679680336523,134700
2016-05-27,112.24471282958984,112.40914436370218,111.72546994870072,111.78604234245059,112200
2016-05-31,112.57355499267578,112.89375537002375,112.16680754863617,112.51296940494596,143100
2016-06-01,113.04951477050781,113.2831680342917,112.0715885750303,112.21005857186752,122400
2016-06-02,114.57268524169922,114.57268524169922,113.11878938145273,113.11878938145273,150100
2016-06-03,113.98420715332031,114.44287762307151,113.17936157086896,114.39094145224375,152800
2016-06-06,114.72847747802734,114.94483199100071,113.72458936857537,113.98421742518971,146400
2016-06-07,114.13133239746094,114.45153283832903,113.69862338862036,114.35633632817488,131900
2016-06-08,114.69381713867188,114.72844124474234,113.80243788315357,113.97551879782392,113900
2016-06-09,114.24381256103516,115.00538454094779,113.93226158790992,114.17457754420408,177000
2016-06-10,113.04087829589844,113.59474520616583,112.64279346942153,113.4649378073644,142400
2016-06-13,112.18413543701172,113.62938185919528,112.15817395438562,112.72933977738992,160900
2016-06-14,112.21874237060547,112.31393887193933,111.32736295140197,111.80334545807125,134300
2016-06-15,111.6129379272461,112.7985561216168,111.50909201393713,112.51296665478914,115400
2016-06-16,111.98506927490234,112.01103075508921,110.57444049629565,111.2148478838246,121200
2016-06-17,110.60041046142578,112.03700734728353,110.31482096928086,112.03700734728353,94300
2016-06-20,111.46582794189453,112.20142523231078,111.37928086997302,111.59563534454765,117600
2016-06-21,111.04821014404297,111.92519882787062,110.70088467906737,111.76023099081819,109600
2016-06-22,111.36073303222656,112.66319774605377,111.02209273660573,111.10023743958988,129000
2016-06-23,112.84557342529297,112.87162166534321,111.90779703540665,112.35063036561999,111100
2016-06-24,109.53729248046875,111.16103433789247,109.03367116109516,109.1031375412871,348800
2016-06-27,107.76595306396484,109.17261762840843,107.28837992103291,108.61689314177877,345800
2016-06-28,110.1017074584961,110.1017074584961,108.51269861463153,108.79924249624895,209200
2016-06-29,112.16829681396484,112.4548407482705,110.91793472507938,110.94398296916523,152900
2016-06-30,113.3057861328125,113.3057861328125,111.864388232584,112.44615439124871,213700
2016-07-01,114.01779174804688,114.24356084301819,113.09738520523774,113.24499632537128,164200
2016-07-05,113.8528060913086,114.22618629124379,113.41865107936876,113.54021395273753,165100
2016-07-06,115.17268371582031,115.32898646770515,113.36659660696374,113.53157769253379,231700
2016-07-07,115.17268371582031,115.59816055495548,114.56486912374464,115.18136204950554,392100
2016-07-08,116.40560913085938,116.66610471952833,115.16393248228097,115.44178472733344,206100
2016-07-11,116.3275146484375,117.01347385368815,116.31883631649924,116.65747675315545,165300
2016-07-12,116.9266357421875,117.18713140979827,116.62272192174827,116.7095582274052,254400
2016-07-13,116.83113098144531,117.54313840045005,116.70956809286591,117.04820851457718,1102100
2016-07-14,117.16979217529297,117.4476445772923,116.761685280706,117.36082149826403,222400
2016-07-15,117.22183227539062,117.94253105633996,117.0394813732451,117.4562796497614,313600
2016-07-18,117.25658416748047,117.50840150343713,116.85716896124298,117.23922750589448,260200
2016-07-19,116.9266357421875,117.65601301200964,116.5706254380981,117.25658455509178,184100
2016-07-20,118.10753631591797,118.35066206915627,117.31737099321359,117.31737099321359,228200
2016-07-21,118.45487976074219,118.81089013421018,117.95994982025475,118.22043228926782,165400
2016-07-22,118.697998046875,118.81956094116933,118.07281366211511,118.59380506586895,123000
2016-07-25,118.50695037841797,118.81086419172344,117.7949430363122,118.70667122686886,115500
2016-07-26,118.47222137451172,118.55036609654844,117.90781191129668,118.1683075674452,113300
2016-07-27,119.00186920166016,119.27104313890317,118.08146286811039,118.55034436373417,144400
2016-07-28,118.95848846435547,119.21898415466059,118.35067401988428,118.86297381955562,123400
2016-07-29,119.44473266601562,119.57498712782935,118.68061555466168,118.7327252890034,348900
2016-08-01,120.1567611694336,120.68643088373437,119.18424480503926,119.58367329834856,269500
2016-08-02,119.58362579345703,120.130665203031,118.81083060739276,120.130665203031,367000
2016-08-03,119.43604278564453,119.5662839855037,119.14949889659528,119.43604278564453,108500
2016-08-04,119.27104949951172,119.73125269082878,119.23632293290719,119.67915621624311,99000
2016-08-05,119.59235382080078,119.6705118041887,118.9845393627704,119.43606435274789,155200
2016-08-08,118.60249328613281,119.65315451320102,118.22912624015768,119.6097363510413,177200
2016-08-09,118.88899230957031,119.27105079315277,118.70665464654277,118.7500595429298,140700
2016-08-10,118.26383209228516,118.76745353647017,117.94256159746527,118.69798713906253,130100
2016-08-11,118.86298370361328,119.05401300909801,118.26384754089864,118.4809250926438,150100
2016-08-12,118.75877380371094,118.77613046583758,118.22041254249557,118.77613046583758,102200
2016-08-15,119.08001708984375,119.27972465355846,118.8282130529302,118.9324059993279,96100
2016-08-16,117.94257354736328,118.93244662433484,117.8644288108723,118.74141732444895,118100
2016-08-17,118.02936553955078,118.18566822074119,117.26526179055249,117.99463897115203,113500
2016-08-18,118.15091705322266,118.29852812456184,117.5865077517257,117.87305156645081,137700
2016-08-19,117.97727966308594,118.04674605548374,117.47365825522158,117.78625039633188,120100
2016-08-22,118.47222137451172,118.8455883238157,118.08148451496866,118.08148451496866,115100
2016-08-23,118.62847900390625,119.21893654944685,118.53296439724627,118.68057547129244,126600
2016-08-24,116.53588104248047,118.82821871801761,116.31011198204551,118.52430494405887,140200
2016-08-25,115.62420654296875,116.80510911990821,115.08584512963773,116.45777703882946,201500
2016-08-26,116.17119598388672,116.72691388698435,115.39840056787031,115.76310244901056,170300
2016-08-29,116.45777130126953,116.77036353415775,115.9367930793648,116.2580636453409,156600
2016-08-30,116.09305572509766,116.57062892176282,115.80651180709857,116.42301779722276,120900
2016-08-31,115.64155578613281,116.11045075314632,115.29423697671511,115.61550753789464,149500
2016-09-01,115.45918273925781,116.01490061399697,114.88609495455077,115.71967839133913,349500
2016-09-02,115.62420654296875,115.88470229143678,115.31161429467996,115.78049604243108,190800
2016-09-06,116.27538299560547,116.43167241940144,115.73702184291794,115.80648822550206,175200
2016-09-07,116.31012725830078,116.72691236785985,115.9714868725291,116.18856438262274,131900
2016-09-08,116.47510528564453,116.5966681581913,115.95411397509586,116.06699851723194,126100
2016-09-09,114.00043487548828,115.7283768606089,114.00043487548828,115.7283768606089,263200
2016-09-12,115.83255767822266,116.09305334828501,113.37525184719748,113.54021963052216,200400
2016-09-13,114.25225830078125,115.11189017302733,113.60970397966538,115.06847201292884,262800
2016-09-14,114.25225830078125,115.08582867747843,113.93098776490444,114.35645128552783,154500
2016-09-15,115.55470275878906,115.90202147818809,113.92227562902195,114.26091601771195,167700
2016-09-16,115.78044128417969,115.91069572149205,115.17262699146225,115.34628632518753,114700
2016-09-19,115.41576385498047,116.39695839685741,115.34629746490998,116.02357820639838,94300
2016-09-20,115.82367706298828,116.24202961316844,115.8236770629883,115.83238803098803,85000
2016-09-21,116.96540069580078,117.20072974674072,115.42270871614657,116.18969922339765,173300
2016-09-22,117.85442352294922,118.07231736716423,117.40992486845714,117.53194488925016,129300
2016-09-23,117.45352935791016,118.00262627105444,117.40996121492768,117.72372897969741,127800
2016-09-26,116.10258483886719,117.22691144645088,115.85853144967415,117.11360236923848,151900
2016-09-27,117.00027465820312,117.00027465820312,115.78006124202197,115.98924410458602,118200
2016-09-28,116.76498413085938,117.16590145909052,116.1723058076118,117.07875187865203,120200
2016-09-29,114.55985260009766,116.74750168248688,114.2635202079046,116.61677071510255,178200
2016-09-30,115.82367706298828,116.1461557684201,114.69935042838294,114.8823738506921,300000
2016-10-03,115.54476928710938,115.64935409034545,114.76034336527903,115.45760641828825,128200
2016-10-04,115.35302734375,116.02413093009218,114.856222905333,115.60577839718492,139700
2016-10-05,115.95438385009766,116.20714816034048,115.56217758505656,115.71034380521941,115900
2016-10-06,115.23973846435547,115.55350624382079,114.7690801455627,115.44019714870593,181200
2016-10-07,115.28329467773438,115.69293622513769,114.52501495212259,115.48375331821259,150600
2016-10-10,115.98925018310547,116.35531023738837,115.28327627133241,115.28327627133241,99600
2016-10-11,113.05207061767578,115.28330190127016,112.50297376458323,115.22228522906545,330400
2016-10-12,112.28507995605469,113.41813083345174,112.18920611337062,113.05207069752731,192000
2016-10-13,112.37222290039062,112.74700728119784,111.2391787394509,111.56166406850254,200600
2016-10-14,111.36119079589844,112.8167268311596,111.36119079589844,112.65983633673108,249500
2016-10-17,111.11719512939453,111.4919729834735,110.75113489506498,111.26536806675266,279800
2016-10-18,112.32865142822266,112.59883769749335,111.86671749059474,111.94515609150824,285800
2016-10-19,111.87542724609375,112.51167361192361,111.82313484605105,112.39837784489315,132000
2016-10-20,112.42452239990234,112.75571202838884,111.64009651318108,111.84927940947728,134200
2016-10-21,111.60526275634766,111.8754490754116,111.31764120080541,111.70113660819506,160600
2016-10-24,111.39606475830078,112.07589259798223,111.39606475830078,112.032311162272,363700
2016-10-25,110.968994140625,111.57910098998386,110.89055553619522,111.13459561610138,163100
2016-10-26,109.91439056396484,110.7859660935184,109.58319425658819,110.7859660935184,216300
2016-10-27,110.1845932006836,110.96901262360146,110.08871934623838,110.6552448544343,221400
2016-10-28,108.03178405761719,109.47860262619479,107.73545156984216,109.47860262619479,333800
2016-10-31,107.50883483886719,107.9969216326175,107.43039623695333,107.96205781523582,220200
2016-11-01,107.01203155517578,107.82259698108598,106.03587131724035,107.51754690673116,321600
2016-11-02,106.3147964477539,107.41297693498977,106.28864359364371,106.73314901919778,261500
2016-11-03,105.0771484375,106.99461867844921,104.92026456914591,106.45423943198651,377400
2016-11-04,105.92254638671875,106.67210168547258,105.0248248811301,105.0248248811301,240700
2016-11-07,108.6593017578125,108.93820561530028,107.24735388847735,107.30836389950304,421100
2016-11-08,109.0079345703125,109.78363614120192,107.82259149914815,108.51113686030925,288400
2016-11-09,112.8428955078125,114.0718203120829,110.402481135278,111.90159225129825,1915500
2016-11-10,114.27228546142578,115.24844594613978,113.29612497671178,115.24844594613978,877700
2016-11-11,112.94745635986328,114.04564990903864,112.26762859093833,114.04564990903864,389100
2016-11-14,112.82545471191406,114.09796089389857,112.61628508689968,113.30482393455165,259900
2016-11-15,113.18277740478516,113.30479742388965,112.0584510358355,113.29608645794814,288200
2016-11-16,112.59880065917969,113.42679442789616,112.49421589236385,113.08688063656278,340300
2016-11-17,113.19151306152344,113.25252973397775,112.43324658448437,112.73830334838085,216700
2016-11-18,112.09334564208984,113.3919981571448,112.04105323060385,113.31354624072672,217400
2016-11-21,112.45939636230469,112.6337088189923,112.1804990914421,112.33737631270456,229600
2016-11-22,110.85568237304688,112.53781658911684,110.1497017447226,112.53781658911684,321000
2016-11-23,111.47451782226562,111.51809261143511,109.20842264803976,109.55704755977146,239800
2016-11-25,111.98873138427734,112.04973474858068,111.47449842464478,111.59651180284422,158800
2016-11-28,110.83824157714844,111.7795446012719,110.78594918122799,111.70110600739122,195900
2016-11-29,111.47451782226562,111.8928770257752,111.16075008203192,111.16075008203192,123000
2016-11-30,110.38506317138672,111.71856627204893,110.30661790099786,111.71856627204893,342200
2016-12-01,109.28685760498047,110.59422092905274,109.0515351324687,110.42861944680025,293300
2016-12-02,109.67904663085938,110.14969815119002,109.04280030400712,109.33042178580796,284900
2016-12-05,109.71392822265625,110.31531748212294,109.3478680862825,110.13228741393607,272400
2016-12-06,110.2891616821289,110.2891616821289,109.43501478865741,109.99282256209436,207000
2016-12-07,109.1822509765625,109.60932772413335,107.66571159321701,109.60932772413335,492100
2016-12-08,109.46115112304688,109.55702494886438,108.15378802509102,108.82490480581353,509000
2016-12-09,110.66392517089844,110.94282902174729,109.75748599324159,109.75748599324159,350100
2016-12-12,111.12588500976562,111.20432361914392,110.45477474768481,110.5244957394898,377200
2016-12-13,111.78826904296875,111.99745195105147,111.45707274622781,111.45707274622781,629100
2016-12-14,111.299072265625,112.3492326358482,110.85275394136228,111.71913774905714,330000
2016-12-15,112.09545135498047,112.14795704319224,111.29033297772922,111.4478567190797,354200
2016-12-16,112.09545135498047,112.64678778806473,111.84166941081348,112.33174030536377,211300
2016-12-19,111.65789031982422,112.708044183581,111.49162007537058,112.37550369467371,359900
2016-12-20,111.68413543701172,112.01668255974371,111.36033481037022,111.96417687634249,290800
2016-12-21,110.95777130126953,111.77164274560019,110.80900075299866,111.68413105112992,232000
2016-12-22,110.94902038574219,110.99277957222463,110.38893751768207,110.84400902092744,397700
2016-12-23,111.9291763305664,111.99918836299845,110.87026937771262,110.87026937771262,166300
2016-12-27,112.04293823242188,112.83055021019894,112.01668539005794,112.11295026320221,352900
2016-12-28,111.15031433105469,112.21796781404869,111.12406148724463,112.03419790737838,187700
2016-12-29,111.24657440185547,111.69288608076855,111.07154432282746,111.15030952756878,175100
2016-12-30,110.94026947021484,111.4478466661944,110.5377103179011,111.34283529924316,350700
2017-01-03,112.31421661376953,112.31421661376953,111.14154524669803,111.39533382838832,392900
2017-01-04,113.40811157226562,113.67939977896071,112.50672859686043,112.52423493860965,334400
2017-01-05,113.89818572998047,113.94194490895289,113.17183944342983,113.40811497371307,231700
2017-01-06,114.2482681274414,114.6070747703132,113.65317255469924,114.05573838509211,264400
2017-01-09,115.11463928222656,115.26342319134693,114.21325609846755,114.29202797783401,301300
2017-01-10,115.52592468261719,116.05975460080703,114.8695770792736,115.28964915988034,270800
2017-01-11,114.17823028564453,116.05975474282809,113.22434163910685,115.67469534518047,397300
2017-01-12,114.35326385498047,114.47578155122551,113.39937512325633,113.89819240317283,343400
2017-01-13,114.65084075927734,115.18467089264804,114.29204740676121,114.5983350663936,182000
2017-01-17,113.93328094482422,114.3008342782708,113.15441506726059,114.3008342782708,271600
2017-01-18,113.89818572998047,114.40576282852216,113.60940452630093,114.19574013493704,183100
2017-01-19,113.1630859375,113.8631927800147,112.96180972705875,113.8631927800147,167000
2017-01-20,112.9093017578125,113.65315441321886,112.75177137856775,113.30310767578376,204800
2017-01-23,112.28795623779297,113.05807510343452,111.9816619965554,112.68176216556789,286200
2017-01-24,111.71914672851562,112.67303563117191,111.06279894813987,112.18296475837344,278100
2017-01-25,112.72553253173828,112.83054389531677,111.80664971685471,111.97291993475876,210000
2017-01-26,111.91167449951172,112.7343058987074,111.91167449951172,112.43675141050804,233100
2017-01-27,112.74305725097656,112.81306928924859,112.11296225995919,112.19172079547864,205600
2017-01-30,112.07794189453125,112.76928894346297,111.57911122294773,112.44549501144249,244400
2017-01-31,113.88945770263672,113.94196338454674,111.68413226512848,111.93792085555093,321200
2017-02-01,114.694580078125,114.79084494953986,113.83695608497484,114.16075003726608,215400
2017-02-02,114.91336059570312,115.03587830680635,114.16074798366074,114.59831314523355,300100
2017-02-03,115.57847595214844,115.6309816385159,114.75585125657828,115.31593416688116,171400
2017-02-06,115.57847595214844,115.57847595214844,115.04464588502928,115.42094553961611,131400
2017-02-07,115.49970245361328,116.07729170243626,115.25466701837257,115.67472585686669,177300
2017-02-08,115.42967224121094,115.67470763785806,114.72081888995123,114.8958422656381,167700
2017-02-09,116.18231201171875,116.4448538135113,115.38595346263669,115.42969930174316,144900
2017-02-10,116.26982116699219,116.65488066526348,116.04229207866355,116.28732751330352,163400
2017-02-13,116.98743438720703,117.0662062778234,116.47111061664046,116.65489389017037,219600
2017-02-14,118.01132202148438,118.01132202148438,116.72487945881068,116.92615568155954,416600
2017-02-15,119.2802734375,119.46404333933738,117.73128892629268,117.73128892629268,239600
2017-02-16,119.0527114868164,119.45527727107694,118.20384744264427,119.35026591580362,195200
2017-02-17,119.28901672363281,119.28901672363281,118.66768164861718,118.71142748368597,322500
2017-02-21,119.77032470703125,120.14662429909826,119.38526526640513,119.52528930907421,468700
2017-02-22,119.50778198242188,120.00661262279216,119.45527630520975,119.73532438824449,197900
2017-02-23,120.14665222167969,120.35668833449657,119.28902812951462,119.67408765963017,248700
2017-02-24,120.85551452636719,120.89926036396511,119.92786507823234,119.92786507823234,238800
2017-02-27,121.6868667602539,121.75687878429179,120.68045893731599,120.79423014555607,376900
2017-02-28,121.19681549072266,121.77439141368106,121.06553791694502,121.41559809358836,253200
2017-03-01,122.61450958251953,122.88579784497882,121.57310236590828,121.71312642183209,541500
2017-03-02,122.21195983886719,122.92957320481752,122.150707652235,122.36074376375403,458200
2017-03-03,122.78076171875,122.78076171875,121.98439008389393,122.11565426395755,169000
2017-03-06,122.13317108154297,122.46572483746344,121.6518467909811,122.30819445444891,161400
2017-03-07,121.18804931640625,121.76563856265443,120.82049616518368,121.19680916625919,341400
2017-03-08,121.64308166503906,122.13315237548684,121.17926378883489,121.17926378883489,167400
2017-03-09,122.38700103759766,122.43074687816204,121.65188129739303,121.66064114825086,134700
2017-03-10,122.728271484375,122.89453501556069,122.22944083053414,122.8420293369307,147100
2017-03-13,122.77202606201172,122.86829093083507,122.15943751196711,122.74577322082615,308000
2017-03-14,122.2207260131836,122.68454409920116,122.01068989079717,122.24697885930297,356700
2017-03-15,123.70845794677734,123.98849278547706,122.25573799531382,122.26449784721345,131100
2017-03-16,122.70203399658203,123.85719913125108,122.20320328033135,123.85719913125108,447300
2017-03-17,122.0193862915039,122.57948238791201,121.96688062082211,122.57948238791201,153900
2017-03-20,121.8968734741211,122.34319839958253,121.65183809887525,122.24693354834834,109300
2017-03-21,120.5754623413086,122.50950635105475,120.40918543303809,122.30821674976423,255800
2017-03-22,120.79423522949219,120.90800644252064,120.03287613535723,120.62795833458254,132600
2017-03-23,120.33042907714844,121.22306581726298,120.18165851270103,120.58421101569283,144500
2017-03-24,120.61396789550781,121.0441590754283,120.10475025288333,120.45592836668614,162300
2017-03-27,121.03540802001953,121.24612296752821,119.41117878320544,119.78870805625156,237800
2017-03-28,121.08812713623047,121.28127922538577,120.48233316538831,121.07056420178169,288400
2017-03-29,121.1759262084961,121.55344221442088,121.00911182575034,121.32517765711242,204600
2017-03-30,121.25486755371094,121.54459551070306,120.8334511601704,121.3251058520653,133400
2017-03-31,121.00032806396484,121.28126800618797,120.83351369361709,121.01787760019641,115200
2017-04-03,120.86863708496094,121.57100709887722,120.56135941403078,121.09690164593138,270700
2017-04-04,120.7193374633789,120.96516486066817,120.41204651847312,120.79835054181008,259300
2017-04-05,120.26283264160156,121.56222174298937,120.1135812035893,121.01787799639999,204800
2017-04-06,120.53497314453125,120.64033732366156,120.01698060158746,120.2803709545285,223300
2017-04-07,120.7369155883789,121.00908071273697,120.1311217843096,120.40328690866767,185400
2017-04-10,120.57890319824219,121.20226007245432,120.47355238998954,120.78961821134061,103300
2017-04-11,120.3506088256836,120.61399917764109,119.74481503515828,120.34183405936793,109800
2017-04-12,120.3506088256836,120.6930122642514,119.89406644206325,120.32427113014681,91100
2017-04-13,120.23648834228516,120.66669309642431,120.13113754396204,120.24527650654,83500
2017-04-17,120.54379272460938,120.64036876597189,119.80631026143747,120.13992562529523,90000
2017-04-18,119.37608337402344,120.1047909337428,118.87564032593306,120.1047909337428,172700
2017-04-19,119.79750061035156,120.17502993945578,119.67458688853434,119.86773893661724,109900
2017-04-20,120.51742553710938,120.7193523390677,119.49021520116048,120.05210837800236,98500
2017-04-21,119.85015869140625,120.42961475194222,119.60433128328596,120.28036335391126,124300
2017-04-24,121.00032806396484,121.31638047524366,120.89496386361269,121.08811593490033,119800
2017-04-25,121.68513488769531,122.00997546316486,121.16712884465336,121.4041815493273,129700
2017-04-26,122.28215026855469,122.69479214391465,121.97485920508454,121.97485920508454,175800
2017-04-27,122.70353698730469,123.20398001491864,122.29089521258135,122.36992169881903,144300
2017-04-28,123.02837371826172,123.07226094198552,122.46648060939488,122.9493472430643,171400
2017-05-01,123.326904296875,123.58150651752598,123.08107684362872,123.23910303646213,305600
2017-05-02,123.51123046875,123.69560770067248,122.81764895103422,123.53758155609952,216000
2017-05-03,122.95816040039062,123.36201403754765,122.6684323233391,123.36201403754765,114500
2017-05-04,123.6604995727539,123.67804910281792,123.11615601924916,123.16883140261689,110000
2017-05-05,123.64297485351562,123.84490168435272,123.09864452839301,123.79222628470757,111100
2017-05-08,122.6508560180664,123.52881492069622,122.51037937846411,123.52881492069622,122700
2017-05-09,122.8791732788086,123.11621261292484,122.7035707247453,122.77380906705181,205600
2017-05-10,122.68597412109375,122.73864950846749,122.07139221082979,122.73864950846749,104700
2017-05-11,122.73863220214844,122.75619512765957,122.13283853959042,122.51914252131361,107200
2017-05-12,122.61577606201172,122.85281538301652,122.4928623189226,122.68601440043312,85700
2017-05-15,123.34445190429688,123.43223975721176,122.65964502724772,122.68598272278116,106200
2017-05-16,122.97572326660156,123.38835167075199,122.60696869848219,123.38835167075199,134500
2017-05-17,121.21976470947266,122.16794832093586,121.21097654861589,122.02748510968107,133700
2017-05-18,121.80801391601562,122.45769488183414,120.95639277206388,121.01784292445191,111800
2017-05-19,122.0889663696289,122.53673399667304,122.00995328129999,122.03629097740962,114600
2017-05-22,122.42259979248047,122.58941413869827,122.03629570578464,122.09775926348199,92100
2017-05-23,122.8791732788086,123.04597427061833,122.65968348282348,122.68602118661417,413900
2017-05-24,123.23029327392578,123.3005315829914,122.58059896250955,122.96690296407662,205300
2017-05-25,123.74832153320312,123.959036521361,123.3269049534789,123.44981868075645,85700
2017-05-26,123.48491668701172,123.99413446798663,123.39712883300291,123.78343290109353,104700
2017-05-30,123.17762756347656,123.5902692887714,123.01081324092051,123.26541540926115,91300
2017-05-31,123.63420104980469,123.84490265002826,123.23033398838936,123.27423462063331,158400
2017-06-01,125.29352569580078,125.29352569580078,123.79221002020498,123.81854771656717,196600
2017-06-02,126.15391540527344,126.29439204325325,125.54812162600135,125.59202224994372,177600
2017-06-05,125.68859100341797,126.10123273077843,125.33739942875546,126.10123273077843,114900
2017-06-06,125.36376953125,125.83787493046265,125.07405482756613,125.45157079676116,103800
2017-06-07,125.7763671875,125.89928087808796,125.41641427715578,125.64467873207985,73900
2017-06-08,125.71498107910156,126.09249710800248,125.31990211500232,125.76765648810222,176700
2017-06-09,126.26805877685547,126.77726316336012,125.71494036827868,125.82907931521422,119100
2017-06-12,125.96955871582031,126.5051142635657,125.39011593355474,126.15393600785373,83700
2017-06-13,126.37335968017578,126.60162408735906,125.96949284037565,126.25044601529481,449100
2017-06-14,126.926513671875,127.33914199447509,126.5489844111629,126.61922272470443,117500
2017-06-15,126.78606414794922,126.87385201120122,126.09246902632418,126.49633606637576,280300
2017-06-16,126.979248046875,127.11971134262261,126.29444091744948,126.90022153456073,121800
2017-06-19,128.5068817138672,128.60345776015032,127.28651898170416,127.3040819164631,128200
2017-06-20,128.8755645751953,129.72718567114472,128.51561165358032,128.53316118379416,220900
2017-06-21,130.66665649414062,130.70176896418627,129.13900281359255,129.26191655364175,365100
2017-06-22,132.00115966796875,132.7737545874987,131.06173697481069,131.23732612031327,354200
2017-06-23,132.05380249023438,132.18549096772145,131.28996913104,132.18549096772145,284500
2017-06-26,131.69381713867188,132.44008746109282,131.50066513514147,132.44008746109282,251200
2017-06-27,130.2451934814453,131.8342967677336,130.2451934814453,131.52700582876142,285800
2017-06-28,131.1683807373047,131.3710010856267,130.62221714482627,130.6838877138923,163000
2017-06-29,129.9703826904297,131.25652638005226,129.20398982432474,131.25652638005226,184600
2017-06-30,129.8206329345703,130.37561451391795,129.8206329345703,130.37561451391795,175400
2017-07-03,130.1377716064453,130.68394889633893,130.07611445022397,130.63990038948535,381400
2017-07-05,130.9658203125,131.08914805269222,129.8999191526349,130.37560802431472,280700
2017-07-06,129.1423797607422,130.55183826470355,128.96618568624143,130.49018109200483,288500
2017-07-07,129.94393920898438,130.02323187987187,129.31849625655246,129.4153975727803,153800
2017-07-10,129.4947052001953,130.23467171818436,129.2304276032801,130.23467171818436,182900
2017-07-11,129.52110290527344,129.72370985992,128.84279369328317,129.49467649561146,116700
2017-07-12,130.4284210205078,130.7543556396879,129.94391453138104,130.13771712703175,106100
2017-07-13,130.49893188476562,130.86891509434264,129.46826149200496,130.59583320930116,176600
2017-07-14,131.2740936279297,131.6000282156562,130.5076876402852,130.631015330915,247500
2017-07-17,130.90415954589844,131.5560289653085,130.78083180911423,131.46794540572847,112300
2017-07-18,130.91293334960938,130.92173767100027,130.06724803616137,130.85126277473694,153000
2017-07-19,131.8202667236328,131.9171680191116,131.42385722093263,131.44147930421363,175200
2017-07-20,132.69241333007812,132.965495205155,132.04053049410632,132.04053049410632,160500
2017-07-21,132.63070678710938,133.1944924723433,132.39285571064335,132.85975354285853,143500
2017-07-24,132.79808044433594,132.85975101331303,132.15501555976047,132.63070426192476,141800
2017-07-25,131.83792114257812,133.27380540194508,131.62649641648372,133.22095258085008,152200
2017-07-26,131.3710174560547,131.67052569301293,131.05388713406583,131.67052569301293,132400
2017-07-27,130.19940185546875,131.59125090206064,129.67084682045967,131.59125090206064,194900
2017-07-28,130.86886596679688,130.99219365702592,129.69724618876586,130.24342319553173,123600
2017-07-31,130.59580993652344,131.20364418740795,130.5517614438178,130.96579308016777,381600
2017-08-01,130.0937042236328,130.7808312590723,129.98799857589526,130.7808312590723,219100
2017-08-02,129.8294677734375,130.2082553863674,129.36258314080774,130.2082553863674,241700
2017-08-03,130.014404296875,130.26987749387067,129.57394624577773,129.8382237647787,115000
2017-08-04,129.85585021972656,130.32273469426173,129.67966968170236,130.32273469426173,94200
2017-08-07,130.1641387939453,130.20818728075562,129.67964576416486,129.94390980160475,105400
2017-08-08,129.52987670898438,130.34913554061976,129.27441699520352,130.032005257682,124100
2017-08-09,129.5475311279297,129.67967661980293,128.9132704037377,129.17754794577004,215600
2017-08-10,127.63594055175781,129.15992172896213,127.63594055175781,129.08944682389247,238200
2017-08-11,128.27020263671875,128.71946503944693,127.64474624856254,127.64474624856254,123100
2017-08-14,129.0277862548828,129.29206378144397,128.80755722303405,128.93968926545796,130600
2017-08-15,129.18634033203125,129.51228842849713,129.11587887293297,129.47704425723506,109100
2017-08-16,129.51229858398438,129.75895403530814,129.23921672299832,129.4770544099587,82300
2017-08-17,127.82093811035156,129.6532318645934,127.82093811035156,129.43300282818117,216000
2017-08-18,127.38046264648438,128.10280679760498,127.18666004556405,127.58306956864223,104000
2017-08-21,127.90019226074219,128.01471563857092,127.23068751861844,127.37163730029827,119300
2017-08-22,129.51229858398438,129.62680854528287,127.95307320534093,128.02354811167828,72700
2017-08-23,128.5345001220703,129.17756525520377,128.50807370849742,129.17756525520377,127600
2017-08-24,129.01011657714844,129.21272344802838,128.5784764366524,128.7546569087962,148600
2017-08-25,128.90443420410156,129.7060709547339,128.90443420410156,129.4858419644532,96300
2017-08-28,129.83822631835938,129.95274971524518,129.20396563696804,129.20396563696804,110300
2017-08-29,130.0672607421875,130.19940622623233,129.15111388469154,129.2568195185567,130300
2017-08-30,130.78077697753906,131.09790723083958,129.94389614125328,130.04079742536481,125600
2017-08-31,133.07119750976562,133.2385737365387,131.25651230905302,131.25651230905302,244600
2017-09-01,133.14163208007812,133.60851644398576,132.59546850910172,133.3442389787129,268800
2017-09-05,132.5338134765625,133.3090238811015,131.83789573009634,132.76286024611002,537200
2017-09-06,133.14163208007812,133.22091128714692,132.33999536404417,132.99187798615588,184300
2017-09-07,134.31326293945312,134.58634474744576,133.01831535043976,133.088790243101,210400
2017-09-08,134.87710571289062,135.07971271395613,134.07546859157807,134.3661726061766,179600
2017-09-11,135.88131713867188,135.91654787057743,135.20300793449425,135.66108809954923,117300
2017-09-12,136.23367309570312,136.23367309570312,135.6434609060802,135.99583542043865,114200
2017-09-13,135.6963348388672,136.24251206068652,135.48492353906715,136.1632328232615,281000
2017-09-14,135.86366271972656,136.07508738598753,135.13250087083185,135.46725323198405,166700
2017-09-15,135.50254821777344,136.17203974946162,135.30874556144238,135.81966517353442,117200
2017-09-18,135.54653930664062,136.03985011119184,135.26465317905905,135.89009600564674,193100
2017-09-19,134.4277801513672,135.7227276809556,134.26040396919157,135.7227276809556,199600
2017-09-20,134.7361602783203,134.8418793863639,133.76716030632346,134.4102255126698,146700
2017-09-21,134.075439453125,134.81540581580504,134.0313909559315,134.74494435035237,104700
2017-09-22,134.0842742919922,134.3397341015024,133.38834289617108,133.9609465491742,110000
2017-09-25,133.75831604003906,134.45424738339108,133.52928266113508,134.04902000656037,518200
2017-09-26,133.4147491455078,134.46304152188213,133.3442742400181,133.89925571967837,210100
2017-09-27,133.61366271972656,133.85231196646396,132.99491997110678,133.7727622175515,168600
2017-09-28,133.86996459960938,134.23237580355973,133.3131029927058,133.58711661456869,103800
2017-09-29,134.60357666015625,134.68312636506496,133.59590660192706,134.10858273507142,200100
2017-10-02,136.05323791503906,136.05323791503906,134.62128895634694,135.16048177830493,300000
2017-10-03,136.03558349609375,136.40684258630833,135.42568867663527,136.36264379103721,165600
2017-10-04,136.56590270996094,136.67196899798358,136.0090277226925,136.06206086670383,212200
2017-10-05,136.76922607421875,136.76922607421875,136.23003319833,136.7427094973371,173700
2017-10-06,136.65432739257812,137.14047363420212,136.39798249555488,136.67199611903823,138100
2017-10-09,135.66432189941406,136.76922421303746,135.46102365022895,136.76922421303746,116900
2017-10-10,135.86761474609375,136.30072776076778,135.19582560076225,136.30072776076778,201300
2017-10-11,136.1504669189453,136.26538106318307,135.78805576217673,135.98251962739033,86500
2017-10-12,136.00906372070312,136.25656078331176,135.8411163951662,136.12397788819226,258600
2017-10-13,135.56712341308594,135.84998494921825,135.27542751179212,135.72623639905547,159800
2017-10-16,135.12510681152344,136.14162486545175,134.8776098129752,135.55823330277028,276200
2017-10-17,136.66310119628906,136.9636312638661,135.28418583910363,135.28418583910363,321500
2017-10-18,136.8488006591797,137.54709305435884,136.67200548184772,136.99906576984918,147700
2017-10-19,137.52059936523438,137.5471159487321,136.5040808766921,136.66319386525913,98800
2017-10-20,137.812255859375,137.9448387389473,137.17583106227448,137.7150239184964,438800
2017-10-23,137.3879852294922,138.3691391550271,137.3084354892653,138.33378821078588,176200
2017-10-24,136.40684509277344,137.4233499647944,135.7173735465478,137.4233499647944,161200
2017-10-25,136.11509704589844,136.5216934438122,135.5228711706249,136.22116332577616,134800
2017-10-26,134.80691528320312,135.5847708202761,134.04674195949372,135.4521879389918,219400
2017-10-27,134.9306640625,135.0632604316176,134.35612025905456,134.63898172311056,211900
2017-10-30,133.53407287597656,134.8953065142171,133.27772800078804,134.63897512660492,189600
2017-10-31,133.59593200683594,134.09092602604994,133.2600374276941,133.59593200683594,240100
2017-11-01,133.54290771484375,134.29423315540546,133.54290771484375,133.86112010366293,319400
2017-11-02,133.23355102539062,133.84345932559995,132.941855164961,133.68435984949934,231800
2017-11-03,134.4710235595703,134.5417389198758,133.21585626119364,133.3042403458936,119400
2017-11-06,133.9672088623047,134.506401792428,133.9672088623047,134.36497104311533,136800
2017-11-07,134.09976196289062,134.3737755215012,133.64895328091586,134.18814603699846,173500
2017-11-08,134.37379455566406,134.55941057888518,133.91415144744192,134.0555821711374,99600
2017-11-09,134.34725952148438,134.40912702486537,133.45449000245335,133.92296740869614,257000
2017-11-10,133.5517578125,133.9318512463946,132.72086906115544,133.9318512463946,215900
2017-11-13,133.6489715576172,133.89646857908357,132.72085098333022,133.1804940893004,136900
2017-11-14,132.9860076904297,133.26886908852057,132.51753030146875,133.13627275032528,231200
2017-11-15,132.650146484375,133.08325951958219,132.0579070294688,132.41148382997815,125800
2017-11-16,134.18821716308594,134.34733016093625,132.65020128016067,132.88001617974294,157500
2017-11-17,133.7904052734375,134.09978330097914,133.47219288335162,133.72852427289862,108700
2017-11-20,133.28656005859375,133.7904019502049,133.0390630377386,133.78156758788012,107300
2017-11-21,134.4710235595703,134.70083836488124,133.78156565606164,133.86111537856436,100500
2017-11-22,134.47988891601562,134.842300163267,134.3384581628084,134.47988891601562,103500
2017-11-24,134.81576538085938,134.87763289729764,134.3826388154829,134.66550028370685,28500
2017-11-27,134.7715606689453,135.19583936506223,134.59477900286132,134.90414354661416,131200
2017-11-28,135.77040100097656,135.83226851668402,134.7008496323073,135.07209518928306,172700
2017-11-29,136.30960083007812,136.90182687890564,135.84110981898647,135.84110981898647,271000
2017-11-30,137.4410400390625,137.80343781747646,136.47755478464285,136.7692506703758,266700
2017-12-01,137.2642364501953,137.82994597010506,135.1693457024572,137.41451505379626,151800
2017-12-04,135.3284149169922,138.1127628204221,135.3284149169922,138.06856403880465,169300
2017-12-05,134.99256896972656,136.20353779415615,134.9748867531977,135.469880915371,133100
2017-12-06,134.79808044433594,135.32843894275425,134.17933785456583,135.09861063257043,91000
2017-12-07,135.15162658691406,135.4168058023793,134.50636750308965,135.0367259340201,122400
2017-12-08,136.67198181152344,136.67198181152344,135.54941085783892,135.54941085783892,90100
2017-12-11,136.9990692138672,137.31728165845453,136.60129354244896,136.92835383867236,468000
2017-12-12,137.48516845703125,137.64428136866982,137.14043955065077,137.29955246228934,129700
2017-12-13,137.95367431640625,138.43982048997304,137.53823001393692,137.5912631610478,221100
2017-12-14,136.57595825195312,138.40347462830104,136.38078528586186,138.2970215692539,188900
2017-12-15,138.0131072998047,138.11956033190705,137.10821591667306,137.1259626009414,135500
2017-12-18,138.18167114257812,138.7494432811934,138.05747141027965,138.70509686996618,155900
2017-12-19,138.00424194335938,138.61637401689885,137.9598819963229,138.57201406986238,137000
2017-12-20,137.72921752929688,138.58088241511845,137.67599101207443,138.36796280947453,224400
2017-12-21,137.516357421875,138.20832951866575,137.39215764903463,138.02203662778516,204200
2017-12-22,137.13482666015625,137.4275860298235,136.79770734900848,137.37435951474828,137000
2017-12-26,137.19692993164062,137.46307606352374,137.06386363407637,137.06386363407637,311200
2017-12-27,137.54293823242188,137.8800576234698,137.32115200920757,137.40100533749987,113200
2017-12-28,137.72921752929688,137.95100370889315,137.2412852268342,137.9155238763296,133400
2017-12-29,136.7444610595703,138.19051101485292,136.7178478058812,138.08404446334487,155700
2018-01-02,138.44775390625,138.48324726308803,137.12591740414436,137.4364098243557,329600
2018-01-03,139.82289123535156,139.84950449617625,138.17280138044555,138.59862709039558,208300
2018-01-04,139.8583984375,140.35521098920273,139.52129255550625,140.3197176099879,252000
2018-01-05,140.95848083496094,140.99396068188986,140.03585591045365,140.29312202677716,157400
2018-01-08,140.28424072265625,140.9584660376044,139.54790876115274,140.82539970464038,280000
2018-01-09,142.0229949951172,142.30688780319744,140.6035715649784,140.6035715649784,289000
2018-01-10,141.85446166992188,141.8810749335263,140.6923040366731,141.6681688246909,216800
2018-01-11,142.58192443847656,142.59079101393488,141.72139283254657,142.1294854284876,399600
2018-01-12,143.57550048828125,143.77955352354527,142.7504623833807,142.93675519692079,189500
2018-01-16,143.7973175048828,145.29659459255902,143.62875780341523,144.60462263467113,549200
2018-01-17,145.24334716796875,145.49174662805183,144.27636258859138,144.67557503967095,394000
2018-01-18,145.27880859375,145.38527516083354,144.48038379276824,145.20783539461218,152800
2018-01-19,145.95310974121094,145.96197631861887,145.2345244051459,145.43856397960352,160000
2018-01-22,147.42568969726562,147.42568969726562,145.9530398835999,146.01513296925455,201000
2018-01-23,147.0886688232422,148.05565378953614,146.9467223501823,147.54998809230636,342800
2018-01-24,147.35475158691406,147.95800353236083,146.7603526791731,147.65637755963743,287000
2018-01-25,148.57901000976562,148.68547659269117,147.52330551272834,148.0289845555468,191000
2018-01-26,151.42677307128906,151.51547944387707,149.04035099952262,149.18229743977258,239400
2018-01-29,151.23158264160156,151.96791448654193,150.9033433810792,151.10738290491017,283300
2018-01-30,148.19757080078125,149.18230226463234,147.71850493363314,148.55242337612515,517400
2018-01-31,146.02403259277344,149.3596920098792,145.5804602137392,148.83627985143994,459000
2018-02-01,146.21922302246094,146.95554134743847,145.1014118299885,145.52723757453418,461000
2018-02-02,144.07232666015625,146.21034912265037,144.07232666015625,145.27884426826327,403300
2018-02-05,137.77359008789062,144.00135037149434,136.8509519157058,143.35372492130998,1069300
2018-02-06,139.3083038330078,139.90268904100984,134.8459679502266,135.28954021322076,583000
2018-02-07,139.28175354003906,141.09152323495934,138.83818107653573,138.99786066575342,256200
2018-02-08,134.420166015625,139.6543142250621,134.33144613271782,139.31719491411914,348300
2018-02-09,136.0170135498047,137.16142410222557,131.88291655676895,135.54681446843188,494800
2018-02-12,137.516357421875,138.5454489892725,135.79530729444676,136.93971852013607,222800
2018-02-13,137.569580078125,137.91556608270733,135.9549696989019,136.75339477508936,179300
2018-02-14,139.4237060546875,139.6898522517423,136.79775100010883,136.85985764535002,168200
2018-02-15,141.13584899902344,141.13584899902344,139.05993362153254,140.42613052199334,219200
2018-02-16,141.9520263671875,142.97225095025195,140.63905592939417,140.8164821717844,281100
2018-02-20,140.46160888671875,141.8189390682978,140.12448960037145,141.27778031025466,195100
2018-02-21,140.0624237060547,142.4754586165735,140.02693033388974,140.54147593623986,124900
2018-02-22,139.6365509033203,141.33100029297572,139.41476475923196,140.47934908025758,112900
2018-02-23,141.84556579589844,141.84556579589844,139.72529050056633,140.43500896918982,116000
2018-02-26,143.57550048828125,143.69083363545184,142.03187731478874,142.20042344335928,161000
2018-02-27,142.0496063232422,143.9126156248755,142.0496063232422,143.59324298850277,105000
2018-02-28,139.90272521972656,142.58190617133542,139.90272521972656,142.4665730213715,113300
2018-03-01,137.7469482421875,140.22207576331908,136.58479096173582,139.84947664921071,437800
2018-03-02,139.39707946777344,139.72531874194476,136.86871114250226,136.86871114250226,239800
2018-03-05,140.71893310546875,141.15363902109385,138.69624362380918,138.7494701569963,162100
2018-03-06,140.82537841796875,141.26895084314432,139.95596671816023,141.26895084314432,134100
2018-03-07,141.53504943847656,141.68587593911727,139.4147742974018,139.67205382272735,104700
2018-03-08,142.5198211669922,142.63515433445693,141.74800944443706,141.98754235503432,104700
2018-03-09,144.6045684814453,144.66667510052014,143.04319887291328,143.34482478534238,124300
2018-03-12,144.29412841796875,145.23451348612605,144.06347559186887,144.7643141836682,123500
2018-03-13,144.30299377441406,145.27884504974185,143.97474095393628,144.9062458133341,213700
2018-03-14,143.60215759277344,145.03046159194753,143.09649197916045,144.79094218712171,125200
2018-03-15,143.18519592285156,144.29412715997637,142.9545430987626,143.9925011123004,165000
2018-03-16,143.21897888183594,143.79700719832098,143.21897888183594,143.29901106669507,73900
2018-03-19,140.9690704345703,143.1389219785554,139.79521098184085,142.97884406710386,201100
2018-03-20,141.0935821533203,141.61825563654807,140.39104129259943,141.33367868805968,106700
2018-03-21,140.75564575195312,142.06289223080066,140.58667989056292,141.21807649322494,173100
2018-03-22,136.771728515625,139.6618982741145,136.70947219213892,139.34175585039884,207500
2018-03-23,134.0593719482422,137.1540720584674,133.93487290844513,137.0562504150999,235100
2018-03-26,136.83389282226562,136.97618127776062,134.0949011161702,135.63336959863344,155800
2018-03-27,134.9308319091797,137.46529249918817,134.2283046943765,137.33189198060262,209400
2018-03-28,135.43777465820312,136.66497570865636,135.03760010763406,135.19766450011016,129900
2018-03-29,136.5316162109375,137.50983292655658,135.3488682072823,136.03361990821563,100900
2018-04-02,133.14337158203125,136.45150343332324,131.88948005126966,136.06021697810345,251100
2018-04-03,134.975341796875,135.2688067481099,132.93889016296916,133.7925940489447,163900
2018-04-04,137.05624389648438,137.3852877190949,133.39240355439105,133.4546598560174,188700
2018-04-05,136.9228973388672,137.6610038180746,136.42490105636122,137.5809716089678,179700
2018-04-06,133.57916259765625,136.4782193637319,132.43198029639498,135.80236938527244,218200
2018-04-09,134.99310302734375,136.8783778199561,134.28167422486007,134.64628335192214,120900
2018-04-10,137.50975036621094,137.85656998090457,136.0513276827078,136.34479252119831,132400
2018-04-11,136.5582275390625,137.37636586471868,136.34480840938045,136.54933959845076,84700
2018-04-12,137.56317138671875,138.20345614823557,137.0918525441272,137.23414106210424,126700
2018-04-13,137.41192626953125,138.15892026161902,136.72717499209756,138.15892026161902,117900
2018-04-16,138.327880859375,138.8258768352473,138.034416037299,138.31897935092346,130200
2018-04-17,139.6618194580078,139.9108174726703,138.77253695724926,139.4839656717309,125500
2018-04-18,139.8218994140625,140.3643623428976,139.20829224889442,140.06200951551426,133800
2018-04-19,138.6125030517578,140.08871572827115,138.17676317246563,139.50178583480752,103800
2018-04-20,137.95443725585938,138.8881732872219,137.50979588116184,138.69254356618265,80100
2018-04-23,138.30123901367188,138.72809087848805,137.71430921868952,138.25677216810482,122600
2018-04-24,137.09181213378906,138.83479847240088,136.06912897783613,138.6925235657419,125400
2018-04-25,137.55419921875,137.57198866670456,135.90014693204566,137.01174996517898,104000
2018-04-26,139.2705535888672,139.80412859600372,138.06112866615035,138.23898247873714,123700
2018-04-27,139.8218994140625,140.06200951551426,139.00376105029693,139.2972259366545,94000
2018-04-30,137.77651977539062,140.2309479560572,137.76763183610305,140.2309479560572,110300
2018-05-01,137.91880798339844,138.06109642799305,136.7983170133049,137.74095421234162,135200
2018-05-02,136.3092498779297,137.42085324238917,136.051363867901,137.18074311624036,129000
2018-05-03,135.18875122070312,135.74010211729495,133.48133017405885,135.64228048376643,114500
2018-05-04,136.3092498779297,136.82503546736413,134.2905743686457,134.69965037729267,109600
2018-05-07,136.4515380859375,137.34082077568488,136.06025153134834,136.75389094380114,82700
2018-05-08,135.43777465820312,135.9980136012483,134.68187884205582,135.61562850630284,412400
2018-05-09,136.38925170898438,136.8694718544051,135.0642294778444,135.73119134808232,226900
2018-05-10,138.08779907226562,138.72808362068034,136.93172899488488,136.93172899488488,108700
2018-05-11,140.18646240234375,140.3643161499579,138.02551290855843,138.09664355210717,134500
2018-05-14,141.05801391601562,141.6627331925908,140.2487769924857,140.40884136108167,248400
2018-05-15,139.41285705566406,140.2220940253456,138.96821569170336,140.2220940253456,264600
2018-05-16,140.31100463867188,140.73785647841288,139.39504466517798,139.45730095918987,81900
2018-05-17,140.3910369873047,140.56890435934326,139.56401069870176,140.12426306799753,97400
2018-05-18,140.75564575195312,141.00464378893597,140.0264410920392,140.4355034802073,104100
2018-05-21,140.80902099609375,141.59159412282406,140.53334552718937,141.18251810583942,93700
2018-05-22,140.40882873535156,141.1469349193853,140.25765232214593,141.0846786242783,70700
2018-05-23,140.93350219726562,141.10246806182465,140.00865426675253,140.00865426675253,92600
2018-05-24,140.52447509765625,141.1558583013717,139.90197983716953,140.71121689111277,77100
2018-05-25,140.52447509765625,141.1380824149142,140.159865884593,140.52447509765625,70300
2018-05-29,139.21719360351562,139.80412337557402,138.18562253190552,139.72407762892925,121400
2018-05-30,141.20028686523438,141.57378392024054,139.94639517168667,139.94639517168667,108700
2018-05-31,139.89306640625,141.15584627547625,139.8219221583443,140.90684819249518,109800
2018-06-01,141.3959197998047,141.54709619893868,140.55110412493858,140.55110412493858,84200
2018-06-04,142.00955200195312,142.08069624400787,140.89794866242926,141.45820108774984,164200
2018-06-05,141.9739532470703,142.40970658021726,141.2002817731281,141.9205984653329,98400
2018-06-06,143.48573303222656,143.48573303222656,141.8850218604153,142.29408420081646,143500
2018-06-07,143.20115661621094,143.96594009150476,142.5341947564561,143.805875758463,112900
2018-06-08,144.20603942871094,144.22381530703242,143.0855349033109,143.0855349033109,77900
2018-06-11,144.3750457763672,145.00642886829252,143.8325828091224,144.28611208231004,161600
2018-06-12,144.5973358154297,144.81965643410692,143.91258451047915,144.58843430628343,129500
2018-06-13,144.5973358154297,145.51329567883005,144.48172475151793,144.97083282648262,148300
2018-06-14,145.37997436523438,145.43332917168343,144.68633474263441,145.095410874379,148000
2018-06-15,145.80674743652344,145.80674743652344,144.68624293456492,145.06864142044088,164300
2018-06-18,144.5350799560547,144.87301163964239,144.01040655107548,144.87301163964239,138000
2018-06-19,145.01531982421875,145.095352001419,143.73475071151245,143.73475071151245,148900
2018-06-20,145.65560913085938,145.86904186627987,145.1309355885001,145.25543462515108,101800
2018-06-21,144.6328887939453,145.56663802653327,144.34832548241113,145.5577365181471,96500
2018-06-22,145.03314208984375,145.62007204910506,144.74857862344368,145.13986526295122,74300
2018-06-25,143.46798706054688,144.94419967576377,142.44530376087732,144.66851062618787,212400
2018-06-26,143.1477813720703,143.7080335963623,142.78317235088437,143.6190999333607,92700
2018-06-27,141.4849090576172,143.70811621710595,141.4849090576172,143.21010641510156,126900
2018-06-28,141.89553833007812,142.19016986361717,140.00276879460014,141.0741475199024,136300
2018-06-29,142.0830535888672,143.36871366700674,142.0830535888672,142.29733480966422,144900
2018-07-02,142.6990966796875,142.82409064959094,140.88667730442694,141.33308628598513,184300
2018-07-03,143.16336059570312,143.77939352411892,142.77051852657738,143.22585076670742,163000
2018-07-05,144.65435791015625,144.65435791015625,143.40440469398513,143.81510691639045,129300
2018-07-06,146.67213439941406,146.86855544184633,145.35076762395042,145.35076762395042,178700
2018-07-09,147.63638305664062,147.90423117773398,147.18997406259217,147.29710786170097,180100
2018-07-10,148.109619140625,148.2613966085238,147.57392274059657,147.99354840850958,196200
2018-07-11,147.10964965820312,147.60070236292506,146.94893530787425,147.32391729420996,108600
2018-07-12,148.79702758789062,148.83273430797507,147.73457215639684,147.89527283175588,98000
2018-07-13,149.0023956298828,149.23452340572823,148.44885282877055,148.5381264548704,94500
2018-07-16,147.9667205810547,149.0738197849165,147.7792364335921,149.0738197849165,123500
2018-07-17,148.9219970703125,149.10055788802995,147.85061854069068,147.85061854069068,147300
2018-07-18,148.9488525390625,148.9488525390625,148.43993965798958,148.91313218425543,126700
2018-07-19,148.3773956298828,148.9309383186132,147.6899220942114,148.71667076081758,108500
2018-07-20,148.02023315429688,148.3327247831396,147.81488890800048,147.85060924328803,73000
2018-07-23,148.42208862304688,148.6274329753552,147.9399592109729,147.94889611106672,68600
2018-07-24,149.15420532226562,149.81489569027718,148.57387894544735,149.1899256790903,100800
2018-07-25,150.78799438476562,150.9844153863164,148.60951682088844,149.01128209739932,102500
2018-07-26,150.6897735595703,151.19868619871625,150.2522879727598,150.9219012621725,131400
2018-07-27,149.2166748046875,150.45769126399603,148.60955148826963,150.45769126399603,162400
2018-07-30,148.9666748046875,149.29701307430193,148.51132894838625,149.18987928379352,99200
2018-07-31,150.5380401611328,150.84159500475266,149.39523423653475,149.46666130973728,191000
2018-08-01,150.88621520996094,151.2790572399428,150.4933731799791,150.4933731799791,202200
2018-08-02,151.66299438476562,151.85941544121602,150.243416986774,150.30592078806367,152500
2018-08-03,152.2522430419922,152.28796338884496,151.44871234097346,151.6987002756602,127500
2018-08-06,152.52015686035156,152.8147885438801,151.58269488972928,152.12731461564687,282200
2018-08-07,152.55575561523438,153.09145168307123,152.47540529205392,152.72539315749327,449800
2018-08-08,152.74330139160156,152.97542916160836,152.32367585185455,152.7343781162125,198200
2018-08-09,152.65402221679688,153.39506281291264,152.4933215113684,152.8236598214082,99400
2018-08-10,152.03799438476562,152.90402906654916,151.44874476873315,152.08263801623022,164900
2018-08-13,152.03799438476562,152.77903507244244,151.63622894823143,152.1362049246583,104400
2018-08-14,152.8772430419922,153.0736641184751,151.99336182114249,152.24334980515286,122800
2018-08-15,152.41297912597656,152.52011293519593,151.4665805256893,152.2433415124975,209200
2018-08-16,153.82357788085938,154.01107561935194,152.60934508756534,152.79684282605794,212400
2018-08-17,154.4039306640625,154.7699892746942,153.35933535005398,153.68967361542795,174000
2018-08-20,155.05575561523438,155.06467889401475,154.5468562582256,154.88611795512264,1567800
2018-08-21,155.06463623046875,155.42177163331922,154.5646602898007,155.19856711528368,327000
2018-08-22,155.5021209716797,155.6896187598634,154.4843089210371,154.68965326175447,142500
2018-08-23,155.31463623046875,155.8056752664504,154.9932211828626,155.40390986277336,130800
2018-08-24,156.00209045410156,156.02887390511634,155.51103781329368,155.51103781329368,97900
2018-08-27,156.8056182861328,156.84132500927237,156.24313862761085,156.58241380237908,142700
2018-08-28,157.02882385253906,157.13595764601692,156.59133815697007,157.01988695420215,153600
2018-08-29,158.08233642578125,158.21626728581663,156.939530594744,157.10024490212245,492700
2018-08-30,158.001953125,158.47514542711417,157.69839836955265,157.85017574727632,122400
2018-08-31,158.08233642578125,158.17162366580482,157.42165989355917,157.7609214343445,181400
2018-09-04,157.02882385253906,158.07341920891014,156.4484840167858,158.07341920891014,162200
2018-09-05,157.21633911132812,157.32348654933594,156.2878142629749,156.89492404395136,124900
2018-09-06,157.04669189453125,157.39489039430617,156.3770783470162,157.31454003820176,105800
2018-09-07,157.2609405517578,157.50200519344813,156.5824038685891,156.79667144047414,171200
2018-09-10,156.74314880371094,157.80560455868934,156.73422552680282,157.7431007503619,96100
2018-09-11,156.88600158691406,157.17169630200658,156.00210674117872,156.5645865178579,417200
2018-09-12,157.5287628173828,157.7608905233138,156.69843524247892,157.18948771975354,172500
2018-09-13,159.1448211669922,159.17160461925826,157.98415494994566,157.98415494994566,152000
2018-09-14,158.7609100341797,159.40372648799357,158.4841249988478,159.40372648799357,205500
2018-09-17,157.81451416015625,158.92161345038645,157.56452619515625,158.76983601615947,197000
2018-09-18,158.769775390625,159.18940080521193,157.60018636740836,157.68945996463543,102500
2018-09-19,158.56442260742188,158.99297127169896,158.2876376879408,158.6894165354742,164800
2018-09-20,159.9929656982422,160.1358198325023,158.9751538324489,158.9751538324489,249600
2018-09-21,159.939453125,160.53763968914518,159.939453125,160.28765168094495,148200
2018-09-24,160.48397827148438,160.70790524016158,159.8121973654528,159.97343188995748,203300
2018-09-25,160.17945861816406,161.02142630044622,160.05406004851048,160.7258410289587,159300
2018-09-26,160.3585662841797,161.60359957904492,160.15255731712875,160.60041121697117,220100
2018-09-27,161.06625366210938,161.51410775815472,160.36758869825005,160.5646455939038,150400
2018-09-28,161.5946807861328,161.74694950342854,160.73479510722967,160.91393397067057,158100
2018-10-01,162.024658203125,162.94723656969202,161.64846239352295,162.19484495048792,445200
2018-10-02,161.56781005859375,162.08732232789635,161.29014277114666,162.08732232789635,239800
2018-10-03,161.3438720703125,162.23061416433384,161.17368537865477,162.04252315480977,427300
2018-10-04,159.4091796875,161.34391256122657,158.66574028692668,161.22746612878086,261400
2018-10-05,159.1852264404297,160.3854718771353,157.87748675015771,159.37331746618685,445200
2018-10-08,158.76425170898438,159.4091625977544,157.4206896352835,158.98817872126784,227800
2018-10-09,158.90756225585938,159.54350729289254,158.038724387727,158.52240070226745,185700
2018-10-10,155.1455841064453,158.97921313970213,154.90373912671856,158.94337716700682,307100
2018-10-11,151.1955108642578,155.02913995332702,150.1116981868597,154.5096276810338,575700
2018-10-12,153.50643920898438,153.9901155083735,151.73292755391276,153.0137970825756,442200
2018-10-15,152.29727172851562,153.85580899431594,152.29727172851562,153.30046058884326,208000
2018-10-16,157.0355224609375,157.16987318485013,153.31832631280562,153.55120545672702,297700
2018-10-17,157.68040466308594,157.93121543632296,155.88898895442028,156.84740291891669,396100
2018-10-18,155.8531951904297,157.58190510545631,154.5544212973267,157.58190510545631,342000
2018-10-19,154.03492736816406,156.51604270159035,153.80204817590774,155.98756452053658,214900
2018-10-22,152.87940979003906,154.3752539318797,152.18972458376783,154.0348805741654,249200
2018-10-23,152.1360321044922,152.89737581832776,149.52951815304112,150.93577281707945,305600
2018-10-24,146.7259521484375,152.8884286899287,146.51994309760914,152.03750866766885,251400
2018-10-25,148.75918579101562,149.88777294703416,145.21217610901255,146.81550107749618,294800
2018-10-26,147.2096405029297,148.5711070557822,145.1674270062292,147.1558865330824,342300
2018-10-29,147.12005615234375,149.8967567430398,145.04200678970807,148.920424521973,253100
2018-10-30,148.8577117919922,148.9920625223937,146.32285656153707,147.1827422383641,304700
2018-10-31,149.16224670410156,150.66704319625393,149.11745857225188,150.14753093511914,305500
2018-11-01,151.75975036621094,151.75975036621094,149.59213935351022,149.80711412364312,327200
2018-11-02,150.81927490234375,153.38099960697056,149.79816861685842,153.03167413213126,267700
2018-11-05,151.93896484375,152.49429947560787,151.0790790797379,151.0790790797379,203800
2018-11-06,152.53909301757812,152.78093803281013,151.01639197253644,151.74191335081142,149000
2018-11-07,156.94598388671875,157.05346449165765,153.69455891309946,153.83787549796583,365000
2018-11-08,156.97279357910156,157.55499818817728,156.39954112784886,156.936971280393,280200
2018-11-09,155.98753356933594,156.7847130958078,155.25306015954166,156.42643538382308,226000
2018-11-12,153.48855590820312,155.88904729583783,153.23775870852256,155.88904729583783,188400
2018-11-13,152.46742248535156,154.67085659298883,152.08226092406608,153.9811712480547,239900
2018-11-14,150.989501953125,153.5153913698114,150.27293282992645,153.5153913698114,263600
2018-11-15,152.70925903320312,152.77195148499263,148.6606551207462,150.00421709604916,340000
2018-11-16,154.1692657470703,154.75148418211705,151.45527143919998,152.16288845500102,299900
2018-11-19,151.8135528564453,154.58128727832838,151.14177186079877,154.10656313479836,226000
2018-11-20,150.2550506591797,151.93002062082158,149.98633546549993,150.47897770934242,240100
2018-11-21,149.8877716064453,150.9178439942975,149.73550288839814,150.8372198880449,209600
2018-11-23,150.13858032226562,151.18655711013207,148.97417078069424,149.0099930893526,74400
2018-11-26,151.8046112060547,152.1539368327284,150.90890306920707,151.59860216145776,224900
2018-11-27,152.91525268554688,152.9421228289609,150.55953655185508,151.24923545678945,229200
2018-11-28,156.8206024169922,156.82955457924078,153.61396523439907,153.87371461384058,330400
2018-11-29,157.30422973632812,158.27159598659205,156.27417103505528,156.36374729926118,377400
2018-11-30,158.89859008789062,158.99711851232715,157.07135182347213,157.3848550832481,303700
2018-12-03,159.97344970703125,160.46607815905367,158.98816546814834,160.4302558537393,418000
2018-12-04,155.9069061279297,160.7079007488932,155.68297916551055,159.92863929324798,361600
2018-12-06,155.3336944580078,155.3336944580078,150.75662559703764,154.0170024796862,416700
2018-12-07,151.4015655517578,155.20832564311374,150.61333791220747,154.92170610800122,261200
2018-12-10,151.9568328857422,152.4046868154584,148.28443886251966,151.24922969045417,292900
2018-12-11,152.4047088623047,154.18717268069642,151.24925157015215,153.57809780853395,382700
2018-12-12,153.7661590576172,155.74567934367482,153.73033675865798,154.133402542178,510000
2018-12-13,153.4300079345703,154.93131358325473,152.52203660475104,154.22112035972384,218900
2018-12-14,148.55743408203125,152.43206148417653,148.09895616777118,151.85671100223863,388700
2018-12-17,145.28514099121094,148.25179779979553,144.43110695838297,147.16401860692022,1815800
2018-12-18,144.0985107421875,146.89435873725836,142.75003126644484,146.74153270943395,568200
2018-12-19,141.9499053955078,145.7616115506432,140.7182987786984,144.51202137022963,459400
2018-12-20,139.92715454101562,141.8599825213021,138.668579725779,141.28463207470298,865000
2018-12-21,137.53591918945312,141.77913562945614,137.3201575388379,139.9002438342741,646300
2018-12-24,134.5332794189453,137.19428460812097,134.44338902935905,136.34923538485356,351500
2018-12-26,140.76329040527344,140.77227533088177,134.4883692522946,134.83897339523105,528900
2018-12-27,142.07577514648438,142.07577514648438,136.96055511429756,139.16306859389394,805000
2018-12-28,142.2645721435547,144.2872911787711,141.5903324651492,142.92082825631908,476300
2018-12-31,144.37718200683594,144.50303951986174,142.98375072283866,143.1096082358645,484300
2019-01-02,142.45339965820312,143.35238611297106,140.7633007336571,142.21066947453127,345200
2019-01-03,139.2349853515625,142.64213697243505,139.01922372790892,142.39940686050483,366900
2019-01-04,143.6669921875,144.53900995813746,141.05093887558766,141.05093887558766,328200
2019-01-07,144.9435272216797,146.2111009337511,143.91868360110777,144.18838217861395,366600
2019-01-08,146.49880981445312,146.75950979924897,144.5479975209641,146.32800022694045,540900
2019-01-09,147.07415771484375,147.93717684321547,146.6516330749845,147.02920565832733,706900
2019-01-10,147.64952087402344,147.7214414270507,145.77062900511302,146.31901121918338,300400
2019-01-11,148.00914001464844,148.0540920841104,146.75056437438738,147.10116856827764,266900
2019-01-14,146.3190155029297,148.28779783268158,146.30104565222894,147.05619090495907,209700
2019-01-15,149.0249481201172,149.0249481201172,146.53475247339745,146.59768809257363,244500
2019-01-16,148.72830200195312,150.06778286684596,148.72830200195312,149.15981160344967,286800
2019-01-17,150.1127166748047,150.7510029330572,148.41363325072325,148.41363325072325,207700
2019-01-18,151.8028106689453,151.8387640813633,150.03180675302056,151.209476483242,312900
2019-01-22,150.6161651611328,151.02970491263994,149.5823363585294,150.7330377747541,376200
2019-01-23,150.60716247558594,151.6949418528903,149.0609050578568,151.17352819180107,199600
2019-01-24,149.53733825683594,150.58915030325474,148.97098636564962,150.4273393964697,151200
2019-01-25,150.15769958496094,150.58022429680122,149.53739676470843,150.2655735650243,284300
2019-01-28,148.27880859375,149.45647850022405,147.65850582653715,149.2227469909242,303600
2019-01-29,148.80918884277344,149.01595183380098,147.79333001815093,148.11696560810068,435100
2019-01-30,151.00270080566406,151.41622674219755,149.1148244525373,149.4834120566856,484800
2019-01-31,152.9445037841797,153.27712423898888,150.70602354176637,150.70602354176637,395800
2019-02-01,153.16928100585938,153.49291660316518,152.1084701023519,153.06139332846308,330500
2019-02-04,152.93556213378906,153.1693073771906,151.6410195216829,153.1693073771906,223100
2019-02-05,152.78268432617188,154.1761155189564,152.72874735518292,153.19622396615253,235000
2019-02-06,153.3490753173828,153.492916408768,151.82080144437919,152.43210550660405,280600
2019-02-07,151.53311157226562,152.60290734431527,150.73301440351736,152.42311284792794,219700
2019-02-08,151.77586364746094,151.77586364746094,150.71505264563743,150.8678923929939,250600
2019-02-11,151.79380798339844,152.53096944995733,151.42522039139936,152.17138049809043,174600
2019-02-12,153.86148071289062,153.96036974234775,152.26128639435973,152.5399699180732,236200
2019-02-13,154.30197143554688,154.74247955648795,153.60974830762206,154.27500295033,337500
2019-02-14,154.67059326171875,155.20099187831354,153.7266549178575,154.07725902072687,145200
2019-02-15,156.96302795410156,157.02594986783902,155.55161274846068,155.55161274846068,146000
2019-02-19,156.5135040283203,157.1877436831509,156.4595533332835,156.74723550371618,383400
2019-02-20,156.32467651367188,156.44154908439012,155.43467542672698,156.22578750401132,942900
2019-02-21,154.9403076171875,155.95615289569167,154.23909934027742,155.8662624884263,181900
2019-02-22,156.4056396484375,156.5135273371374,155.08412863076788,155.24595330509626,165100
2019-02-25,156.98094177246094,157.82599086561513,156.8730678345906,157.32256086563527,591200
2019-02-26,156.32467651367188,156.94497905450274,156.23477242582123,156.68426543019862,172400
2019-02-27,155.93817138671875,156.50452343422486,155.29988507086856,155.8842206854607,166200
2019-02-28,155.45265197753906,156.31568454269728,155.34477805093326,155.72235051149084,192500
2019-03-01,157.84402465820312,158.023819184349,156.4236245819976,156.44160814984508,128900
2019-03-04,155.64144897460938,158.49123291931303,154.4547808823999,158.42829731558786,320300
2019-03-05,155.43470764160156,156.11794592902112,154.70653101838082,155.68642267882748,206500
2019-03-06,152.71080017089844,155.52463171226847,152.3961631926975,155.44372623651188,468900
2019-03-07,151.65895080566406,152.7107628860237,151.1555207895028,152.5489519740172,268500
2019-03-08,151.34432983398438,151.43422022208077,150.12170807286066,150.77796414747073,211300
2019-03-11,153.3760528564453,153.47494189792684,151.47919121889382,151.82979532642975,492900
2019-03-12,154.53575134277344,154.90433904624663,153.627780048371,153.69071567857327,254400
2019-03-13,156.1898956298828,156.6483737366862,155.01221197182122,155.04817910810578,140700
2019-03-14,155.83924865722656,156.30671156087507,155.4616624172527,156.2977266379955,105900
2019-03-15,156.69329833984375,156.96299694494354,155.83926418822844,156.2258216721668,145900
2019-03-18,156.5224609375,156.96296903809196,155.83023784155216,156.79215949464938,186500
2019-03-19,157.6552276611328,158.10472082430414,156.70230435000042,157.1967495729774,288400
2019-03-20,156.6573028564453,157.77205048762718,155.96509348014928,157.529320415225,259700
2019-03-21,157.486083984375,157.68511153774813,155.24234754477354,155.45044502271946,214700
2019-03-22,154.22000122070312,157.25083292206693,154.13856517703852,156.897989416384,152100
2019-03-25,154.10240173339844,154.58190671741428,152.83577359415628,154.1566832327118,455200
2019-03-26,155.1066436767578,156.07469591466116,154.4914211679923,155.15188285910327,242600
2019-03-27,153.6499786376953,155.20611211216084,152.51906848503464,155.06135229940693,194600
2019-03-28,154.21095275878906,154.61807777709018,153.2881259269294,153.93953147823507,237000
2019-03-29,156.04757690429688,156.21947753811983,154.8081032047176,155.16998910377282,153000
2019-04-01,156.26470947265625,157.39562011103231,155.92090822097026,157.04277654406144,194100
2019-04-02,156.08370971679688,156.45463777931906,155.7489509022485,156.3189340741349,152900
2019-04-03,156.08370971679688,156.8708188169779,155.57706414403407,156.8708188169779,337500
2019-04-04,155.68565368652344,156.41848142973768,154.70854542721816,156.22848240498715,364600
2019-04-05,156.8617706298828,157.16937488681685,156.06560544247142,156.06560544247142,118500
2019-04-08,156.77133178710938,156.78943022003426,155.59518213806095,156.6989518604692,313000
2019-04-09,156.0385284423828,156.60851182575266,155.69472718827888,156.25566825630028,136000
2019-04-10,156.38232421875,156.77135084103108,156.1651844124385,156.30088816321998,168900
2019-04-11,154.48239135742188,156.7442126071645,153.8762249190982,156.6627903553885,215100
2019-04-12,153.14337158203125,155.16995424963045,152.93527412200817,155.14281350355077,399100
2019-04-15,153.5323944091797,153.8219141003955,152.85384816358368,153.35145150469916,203800
2019-04-16,150.6282501220703,154.9980903520776,150.2934911958797,154.7990489813895,315600
2019-04-17,145.78793334960938,151.3339228411897,145.05510555680254,151.10774074192537,971600
2019-04-18,146.08651733398438,147.0364850546862,143.8518367529766,146.2855587156576,461000
2019-04-22,146.26742553710938,147.11787236497048,145.49841474972538,145.8331598098185,407300
2019-04-23,148.76446533203125,149.5334898965935,146.11361808241287,146.23123717712565,594000
2019-04-24,148.61973571777344,149.1625644659145,147.8869079344943,148.76448176757532,396600
2019-04-25,150.12158203125,150.40205944130093,147.61549421532317,148.42070196725703,495900
2019-04-26,151.65960693359375,151.6686492466289,149.81395350012693,150.3115568182213,333900
2019-04-29,151.3339385986328,151.95820346641264,150.73681448118592,151.6958244731127,243700
2019-04-30,151.84059143066406,151.98535130923582,150.4834986304431,151.70487386760485,185000
2019-05-01,151.16201782226562,152.37435052570197,150.5920345311467,151.9400847732139,207400
2019-05-02,152.05767822265625,152.06672053501555,150.2482217866923,151.07151397321257,293600
2019-05-03,153.4509735107422,153.48715656993028,152.3833868963998,152.46482293842593,226900
2019-05-06,154.49143981933594,154.65429813442893,150.61016047458045,150.9991871185849,351600
2019-05-07,151.23439025878906,153.67715397751562,150.3025211875899,152.9895654197067,422700
2019-05-08,151.4876708984375,152.1481185269509,150.2753385926582,151.0353068615,333200
2019-05-09,151.3339385986328,151.71392290835504,149.4249609298698,150.20302798455666,448900
2019-05-10,151.1439208984375,151.605341207306,148.06784992959192,150.85441499557484,168400
2019-05-13,148.0497589111328,149.12638794566578,147.44359252300504,148.56546073979894,266800
2019-05-14,148.9182891845703,149.88634132257963,148.64686792356605,148.7192478468378,249000
2019-05-15,149.4430694580078,149.8954337759774,147.47076765809078,148.095032625699,251200
2019-05-16,150.6825714111328,152.00346761442552,149.86830727828848,149.86830727828848,346300
2019-05-17,150.2120819091797,151.48775249366582,149.57877467736247,149.62401386643418,122800
2019-05-20,149.92251586914062,150.3929645927872,148.94540775801383,149.424912598883,145700
2019-05-21,151.42437744140625,152.0124591438618,150.66440895106192,150.72774656112003,148600
2019-05-22,152.1572265625,152.48292936198519,150.97203448258637,150.99917523212173,101300
2019-05-23,151.23439025878906,151.37009398563995,150.18490208761335,151.3610516722028,158800
2019-05-24,151.81346130371094,152.5915284491597,151.0353941582622,151.91298200156123,213500
2019-05-28,149.71446228027344,152.781491219453,149.71446228027344,151.9943818737974,141800
2019-05-29,148.26687622070312,149.14446376426443,147.23548652482444,148.9454224365459,207000
2019-05-30,149.09927368164062,149.40687808755797,148.34834729891588,148.61976863563342,115000
2019-05-31,147.77833557128906,148.61068405410725,146.98218395580125,147.87785624885754,231700
2019-06-03,148.2759552001953,149.42496427523818,147.8688301310253,148.09501225890438,268000
2019-06-04,151.08966064453125,151.1710828969333,148.9002193145532,149.58780800993972,109300
2019-06-05,152.01243591308594,152.43765927116507,151.31579133420317,152.10290044998266,111100
2019-06-06,152.18438720703125,153.02577808641897,151.8405859590777,152.03962733367592,144900
2019-06-07,154.18385314941406,154.43717606417155,152.88104169919637,152.88104169919637,163400
2019-06-10,154.6180419921875,155.21516591019557,154.2742546677746,154.75375950358384,178600
2019-06-11,154.18385314941406,155.72188907617414,153.794826460702,155.30572163267118,142600
2019-06-12,154.99810791015625,155.06143173251516,154.13860470979316,154.13860470979316,101800
2019-06-13,155.08853149414062,155.48661417539392,154.50046359096305,155.45043111576138,149500
2019-06-14,154.509521484375,155.91185332380732,154.38286005530074,155.1790254980877,140300
2019-06-17,155.6585235595703,155.80328341639273,154.76283747617381,154.8080766570633,131800
2019-06-18,157.13323974609375,157.56751936709912,156.11994824053727,156.51803099059487,216600
2019-06-19,158.5626983642578,158.77983815548868,157.13322580003992,157.13322580003992,158500
2019-06-20,159.12362670898438,160.23643871472078,158.25508141824878,159.64837080889936,344600
2019-06-21,159.6828155517578,159.92872350811038,157.87952296491036,158.8267028790738,169700
2019-06-24,158.65365600585938,159.50976867288685,158.29846180326612,159.48244711092048,493800
2019-06-25,158.04342651367188,159.47331955185874,157.87949716757643,158.79935536928917,210500
2019-06-26,156.15821838378906,158.47153233886897,155.83034569203423,158.43510821624406,261000
2019-06-27,157.4150390625,157.80667130765025,156.2037321044775,156.67732904150867,200800
2019-06-28,158.41688537597656,158.53528809145178,157.05075150953598,157.62453218049137,153800
2019-07-01,159.1727752685547,159.83762302873117,158.5989947388382,159.83762302873117,166000
2019-07-02,159.6372528076172,159.6372528076172,158.38040553532414,159.26383964743903,164000
2019-07-03,161.17645263671875,161.17645263671875,160.05622691057533,160.05622691057533,77000
2019-07-05,160.1108856201172,160.7757335177635,159.71925336737223,160.43875829103064,113600
2019-07-08,158.73561096191406,159.54618301030266,157.95236047381712,159.54618301030266,117800
2019-07-09,159.0361785888672,159.172800301587,157.93417181689549,158.07989608498414,117100
2019-07-10,159.65553283691406,160.07447282312296,158.89050111659293,159.53713010744747,133100
2019-07-11,159.5279998779297,160.59358256718755,158.444198180291,160.56626100313207,221600
2019-07-12,157.98880004882812,159.10902572295979,156.91410104427996,159.10902572295979,157100
2019-07-15,158.32579040527344,158.58080092631903,157.56075884213666,158.15274457377154,141800
2019-07-16,157.52432250976562,158.40774281251385,157.41502236848427,158.31667557464775,115000
2019-07-17,157.5790252685547,158.24387333441572,157.55170369715185,157.78849528165483,249500
2019-07-18,158.5899200439453,158.88135468845329,156.93233773226103,157.46968034656388,109000
2019-07-19,156.94146728515625,158.990668111426,156.80484555851876,158.87226539441335,95900
2019-07-22,156.7320098876953,157.26025007977051,156.60450459285198,157.13274478492718,87300
2019-07-23,157.42413330078125,157.70646535321842,156.17638850219544,156.87767430462387,140400
2019-07-24,157.742919921875,157.77935794040275,155.86676498163203,157.05985299331866,130500
2019-07-25,156.90499877929688,157.85219253729355,156.6408857277002,157.5061009068298,164600
2019-07-26,157.5699005126953,157.7065222595476,156.97791463410576,157.28756835838232,134200
2019-07-29,158.1618194580078,158.2437841260095,157.3057069779168,157.70644166196175,194600
2019-07-30,157.9068603515625,157.9068603515625,156.39500224178244,157.16003385262343,104400
2019-07-31,156.34945678710938,158.39865747169722,155.53888462775367,157.84309584132768,102600
2019-08-01,156.45872497558594,158.2438123693812,155.547969220942,156.43140341470902,215900
2019-08-02,155.830322265625,156.5680322369132,154.7829447619313,156.19461902523898,212400
2019-08-05,151.91404724121094,154.51880899110145,150.68452153837413,153.90860436504337,237300
2019-08-06,154.1180877685547,154.1363067745625,152.06888734911382,152.633551462088,344000
2019-08-07,154.22740173339844,154.61903399929975,151.0215509512507,152.9796705896604,129800
2019-08-08,156.43142700195312,156.50428914095463,154.71921537503002,154.71921537503002,178700
2019-08-09,156.35855102539062,157.28752584415645,155.14725802565593,156.0671163922083,151400
2019-08-12,154.65550231933594,156.20378502207265,154.10905695797746,155.6937637926569,114800
2019-08-13,156.59535217285156,157.3877052601505,153.9268304916352,154.473289522412,163000
2019-08-14,152.37855529785156,155.18368491460677,152.28748805330684,154.91045538691046,231200
2019-08-15,152.7246551513672,153.28931934773797,151.9231855330098,152.8977009914245,197300
2019-08-16,154.7738494873047,155.0470790183829,153.64450724412933,153.64450724412933,93200
2019-08-19,156.28570556640625,156.62268077554984,155.8030060895672,156.0306950464547,109900
2019-08-20,154.91958618164062,156.37678730254248,154.86492915341643,156.2857200495668,78600
2019-08-21,156.1490478515625,156.44959887300124,155.3840164680973,155.86671583364281,116300
2019-08-22,155.2292022705078,156.6044383616336,154.64631918387508,156.38586588978947,183200
2019-08-23,151.58621215820312,155.52067036624427,150.90314524249172,154.82850089458822,185500
2019-08-26,153.15272521972656,153.20736835367669,152.0324853856167,152.7155523540594,317400
2019-08-27,152.1326446533203,154.51883432966738,151.98693428520932,154.04523741647188,168700
2019-08-28,153.25289916992188,153.47147169180096,151.43138737009122,151.58621420543295,111600
2019-08-29,154.51882934570312,154.7829424078518,153.4532467481565,154.44596721548237,161800
2019-08-30,154.5097198486328,155.28386785717305,153.85397454415968,155.06528145667167,123400
2019-09-03,153.34396362304688,154.24561695043874,152.8157235430929,153.58076904680357,139200
2019-09-04,153.42591857910156,154.3639958826208,152.75195432635687,154.22737418295415,131800
2019-09-05,154.88314819335938,155.2838830182219,153.87220857501342,154.6554592153268,132300
2019-09-06,155.2292022705078,155.7574422391795,155.08347802459238,155.22008581949498,98900
2019-09-09,153.69007873535156,155.38408549240478,153.15273601757983,155.38408549240478,172100
2019-09-10,154.23651123046875,154.23651123046875,151.27655467048717,152.86126098080783,213800
2019-09-11,156.08535766601562,156.08535766601562,154.23652421695144,154.39135105932746,102300
2019-09-12,155.830322265625,157.28752320111153,155.830322265625,156.72285905460066,153100
2019-09-13,155.8212432861328,157.02344789662538,155.52069213350967,156.28573774792946,111900
2019-09-16,155.7210693359375,156.0125179496226,154.72834855251287,154.88317541714503,118200
2019-09-17,155.91229248046875,156.2765892530003,155.5297767002013,155.5297767002013,109200
2019-09-18,155.90316772460938,156.0033514162744,154.71919632842514,155.9122841765073,231000
2019-09-19,156.3767547607422,157.1326836779974,155.73922853445148,155.88495278532636,310600
2019-09-20,157.37864685058594,157.88866801062446,156.63182022550504,156.87772824803585,344100
2019-09-23,156.48605346679688,157.16000380113022,156.41319134202556,156.85945274783452,243500
2019-09-24,154.88314819335938,157.24200267048917,154.2456218342746,156.95967056125394,139900
2019-09-25,154.13633728027344,154.8740473537504,153.88132673381307,154.77386364642436,115700
2019-09-26,152.85006713867188,154.48644830651844,151.88104380760066,154.48644830651844,160000
2019-09-27,151.9816131591797,153.61798048050642,151.4605266470154,153.32545169673412,130600
2019-09-30,153.2888946533203,154.19393314554677,152.09132734340483,152.19188717587443,117000
2019-10-01,151.47879028320312,154.12990607524657,151.24110981186257,153.80080252689646,192600
2019-10-02,149.4950408935547,151.13142200173326,148.76369808287618,150.94857583716072,262200
2019-10-03,151.07656860351562,151.07656860351562,148.17863527565342,149.33050480321577,455500
2019-10-04,153.17002868652344,153.27058849754224,151.42395103574427,151.42395103574427,154600
2019-10-07,152.54840087890625,153.70027048076554,152.4112801878304,152.74952052528783,141200
2019-10-08,149.7144775390625,151.47882899275172,149.68705339879216,151.43311744256562,192700
2019-10-09,150.70176696777344,151.0948555551208,150.16239307114603,150.5280714713345,161900
2019-10-10,151.40565490722656,151.9358780666711,150.26293618839,150.31778445502164,146500
2019-10-11,152.8592529296875,154.53218139733934,152.78611723423265,152.98723690943154,235300
2019-10-14,152.72206115722656,153.48082802096056,152.53009223400372,152.72206115722656,80600
2019-10-15,155.5102996826172,155.95825042516415,154.27615793329136,154.27615793329136,172400
2019-10-16,155.4555206298828,156.15028887225722,155.22697679301123,155.40067234090705,79100
2019-10-17,156.64390563964844,157.0735690434645,155.67486833688568,155.86685124146072,117100
2019-10-18,155.9948272705078,156.64389768240872,155.1720753194485,156.12281121732155,107700
2019-10-21,155.98570251464844,156.6987579800852,155.7662954678967,156.66218316435737,183700
2019-10-22,156.1319580078125,158.03344387530313,156.12282127859555,157.01870896402698,146300
2019-10-23,156.9730224609375,157.53980659494619,156.23252886589293,156.2599530046865,107800
2019-10-24,156.1319580078125,157.29296428178904,155.75715682104945,157.29296428178904,121900
2019-10-25,156.6530303955078,157.03698222610714,155.61087144125142,155.93083827468604,78000
2019-10-28,158.31686401367188,158.64596766354077,157.04616096680175,157.04616096680175,489500
2019-10-29,160.23658752441406,160.62053933766708,158.3168145089459,158.6093571947785,267300
2019-10-30,161.01368713378906,161.05024800520405,159.64242429381255,160.41946486694175,458800
2019-10-31,160.62057495117188,160.91311770186834,159.70639977905455,160.75770959651314,251300
2019-11-01,161.42501831054688,162.49460135441842,161.15989975698034,161.5712896539489,462500
2019-11-04,161.02281188964844,162.49463445307066,160.95882688212882,162.11981929020774,185300
2019-11-05,159.66070556640625,161.18739054490948,159.66070556640625,161.11425484929435,133900
2019-11-06,160.16348266601562,160.54743455313525,159.61498594836146,159.88922733258568,246300
2019-11-07,160.7667999267578,161.29702304746007,160.2822883413096,161.04105518907997,97700
2019-11-08,162.07412719726562,162.0832778774425,160.49260788870902,160.66630342157853,131400
2019-11-11,161.52565002441406,161.8547537189794,160.89486678072979,161.49822587896773,83800
2019-11-12,162.3574981689453,162.99741792872425,161.6535794585862,161.6535794585862,95600
2019-11-13,162.5128936767578,162.98825463339267,161.58043127086046,161.8821106948038,131400
2019-11-14,162.55862426757812,162.72316909126542,161.63529848176,162.46720117717064,117700
2019-11-15,165.91366577148438,166.05078647486113,163.1071411492477,163.1437159696194,225000
2019-11-18,165.39256286621094,166.68155314748014,165.29200304393024,165.8313630228878,191100
2019-11-19,166.84608459472656,167.13862730852043,165.8130762660023,165.9959084875213,460800
2019-11-20,166.87351989746094,167.36718227272226,165.7582390868006,166.59927852143272,208100
2019-11-21,167.1477813720703,167.24834119671536,165.81309346227889,166.95581240178802,188800
2019-11-22,167.86082458496094,167.9979592171856,167.0563599959029,167.49516013077135,240100
2019-11-25,170.13711547851562,170.19196374847112,168.601294173742,168.601294173742,449000
2019-11-26,170.03656005859375,170.43879931426096,169.53376098900972,170.21025555074135,789000
2019-11-27,170.91412353515625,171.20665221207707,170.18278091905387,170.35647635966322,393700
2019-11-29,170.4662322998047,170.95074398768364,170.25597593222827,170.6764886673811,85400
2019-12-02,169.4423065185547,170.74043307412566,168.9212201815294,170.74043307412566,169700
2019-12-03,169.33265686035156,169.46979150053798,167.83341019240362,168.1259529321035,295500
2019-12-04,170.85015869140625,171.08783916064957,169.88113546014887,170.0365435303314,95200
2019-12-05,170.6216278076172,171.10613945975715,169.32350093309083,170.93244397140433,142900
2019-12-06,171.80093383789062,172.3220203829434,170.96904503054205,171.50840503565533,116400
2019-12-09,170.6307830810547,172.3128759280215,170.58508548374598,171.91977336704585,423700
2019-12-10,170.89593505859375,171.15190303001924,169.89948731631534,170.48455895803193,183600
2019-12-11,170.96902465820312,171.57236960004695,170.6764819416205,171.12443274543597,223700
2019-12-12,172.34945678710938,173.07166303787082,170.95990651729048,171.0696170314914,126200
2019-12-13,172.43167114257812,173.4464058746689,171.7277664886395,172.55051834743637,110400
2019-12-16,174.32855224609375,174.9709139546773,173.44758904401132,173.44758904401132,165900
2019-12-17,174.11746215820312,175.01676838812273,173.86968911439732,174.83323850481318,132400
2019-12-18,174.39276123046875,174.74147783295228,173.93392949138345,174.42947561095832,173600
2019-12-19,175.00759887695312,175.20030035586942,174.50288119002258,175.04429925307866,198600
2019-12-20,176.1730194091797,176.6043223366721,175.64995854116853,175.70501610596628,217500
2019-12-23,177.03561401367188,177.3659733838968,176.31983771192316,176.76949779991673,196000
2019-12-24,177.17327880859375,177.2283363720335,176.53090322864418,177.2283363720335,61300
2019-12-26,176.7327880859375,177.43022122060452,176.39325711401722,177.35680646945895,129200
2019-12-27,176.74197387695312,177.27420631909158,176.28314218360944,177.27420631909158,81700
2019-12-30,175.45729064941406,176.9989728940483,175.25540352211152,176.6961422030945,190200
2019-12-31,175.95277404785156,176.0537175754609,174.81486646411275,175.27369813462224,131900
2020-01-02,176.25563049316406,177.0264644521431,174.92500725149537,176.7144622309992,505100
2020-01-03,174.71392822265625,175.66829196512145,173.438376700144,174.35604006892783,197200
2020-01-06,175.87017822265625,175.93442137934477,173.69532052935665,173.69532052935665,188000
2020-01-07,175.56739807128906,175.83351434117924,174.57631975155445,175.68668481178864,146400
2020-01-08,176.6868896484375,177.51279503872212,175.60405365092143,175.6407540226885,248800
2020-01-09,177.60458374023438,178.1001298607472,177.04480845739343,177.30176711400634,110700
2020-01-10,177.677978515625,178.52222714189597,177.3935051092375,178.3295256741511,132400
2020-01-13,176.9438934326172,178.0175581118956,176.27398895557664,178.0175581118956,152700
2020-01-14,178.13685607910156,178.38462917529952,176.03541256635222,176.62271671858903,176700
2020-01-15,179.66014099121094,180.16485866635915,178.38458941352678,178.38458941352678,170700
2020-01-16,180.82557678222656,180.88980593932115,179.83449862438948,180.55027496019977,168700
2020-01-17,180.63284301757812,181.3394476886712,180.42178437644728,181.16508941895972,123100
2020-01-21,180.59616088867188,181.1651077189437,180.12814359060616,180.12814359060616,393700
2020-01-22,180.8622589111328,181.51380602411737,180.68790064135817,181.04578877315788,154900
2020-01-23,179.95379638671875,181.3578202532768,178.82506033522532,180.77968783677687,191500
2020-01-24,176.76951599121094,180.08228162711504,176.384099020024,180.08228162711504,1039500
2020-01-27,175.48480224609375,176.16387833525468,174.36525155980854,174.50290949808394,251100
2020-01-28,176.55845642089844,177.17330330413535,175.60409251698636,176.13633904121133,243700
2020-01-29,176.12710571289062,177.36595673555806,176.12710571289062,176.87959631982767,195800
2020-01-30,174.89744567871094,175.0901611335433,173.33742086302206,175.0901611335433,258700
2020-01-31,171.55714416503906,174.37437710275628,170.95148305106053,174.37437710275628,356100
2020-02-03,173.16310119628906,174.31018058153532,172.62168308703696,172.62168308703696,456400
2020-02-04,176.31983947753906,176.94385785084893,175.1085311095391,175.2094606379766,310500
2020-02-05,179.47662353515625,180.08228478726397,177.3935235330221,177.4577666972305,209800
2020-02-06,179.76109313964844,180.1006241362751,178.95354482071693,180.1006241362751,127300
2020-02-07,178.21942138671875,179.7519176387003,177.93493396060052,179.476615808464,117900
2020-02-10,179.37570190429688,179.37570190429688,177.35684481976304,177.7789622270856,79700
2020-02-11,180.4860382080078,180.58698174625343,179.69686109391108,179.9629773297771,266600
2020-02-12,180.87147521972656,181.4495936831547,180.16487042838853,181.23853500610738,103200
2020-02-13,180.08226013183594,180.87145116980838,179.687657611634,180.23826122042647,121300
2020-02-14,180.49522399902344,180.60533913088938,179.55003177735324,180.3851088671575,87800
2020-02-18,179.99969482421875,180.64207049365336,179.30227558610883,180.33923985011725,155400
2020-02-19,180.99075317382812,181.2660550014827,180.05474656320828,180.44016352095161,103500
2020-02-20,179.80697631835938,180.62369621824672,178.0450641973361,180.50439549050418,151200
2020-02-21,179.69683837890625,179.7977679019608,178.39374413993517,179.1737635643632,377000
2020-02-24,173.9706268310547,175.96195470333777,173.02543466131738,175.1727636293168,373600
2020-02-25,168.77664184570312,175.0167554333619,168.0700371447101,174.5212093824307,406000
2020-02-26,168.2260284423828,171.3460777936919,167.83142597597805,169.35475028385122,357000
2020-02-27,162.72007751464844,168.90511974386607,162.72007751464844,166.00530009799365,341600
2020-02-28,160.8572235107422,160.8572235107422,156.46162165008894,157.8840028292128,1457200
2020-03-02,168.08840942382812,168.08840942382812,160.30662742889572,161.50876428631943,493200
2020-03-03,163.70196533203125,171.33693116650358,161.6647515638154,168.6389986625187,315400
2020-03-04,172.8602294921875,173.01623057122802,168.09755477571596,169.34557741047067,818800
2020-03-05,169.08865356445312,171.57552754719077,167.14321163123333,169.3272550107454,261500
2020-03-06,167.5745086669922,168.18934144500835,163.72949690375174,164.0323274963445,442700
2020-03-09,158.5814208984375,162.57326256592253,156.00278880620658,157.38845559531515,715100
2020-03-10,163.99583435058594,164.03262948285956,156.3779644586778,163.13100133700948,335300
2020-03-11,157.169189453125,160.8585155644376,155.19111070449097,159.97529202489932,262400
2020-03-12,144.73956298828125,153.33266574267148,144.73035367583066,147.20524408823795,1103800
2020-03-13,155.15428161621094,155.17268619717728,143.3962672848875,152.04456724625078,473500
2020-03-16,138.00486755371094,148.94405282692517,138.00486755371094,140.78336948459503,663400
2020-03-17,146.4416046142578,148.0516618550887,138.98013878234948,141.65743733493443,668600
2020-03-18,141.49183654785156,144.48194311431035,134.91360771707676,138.87894679442215,494300
2020-03-19,140.2774200439453,143.06511866067723,137.370112655599,140.2498201795094,563500
2020-03-20,134.3247528076172,143.41467892831474,134.3247528076172,141.7494222526949,578200
2020-03-23,128.76776123046875,134.31555635611437,127.06569540605489,133.97513476808206,625800
2020-03-24,138.9617156982422,139.4493458846197,134.435157056958,135.4103893525467,588300
2020-03-25,140.73739624023438,145.5767629475796,137.31487364342215,139.6517504081824,497000
2020-03-26,150.222900390625,150.92212001306117,141.59299134047265,141.59299134047265,682500
2020-03-27,147.1132049560547,150.64614075730105,145.66876109540976,146.60719826438014,587200
2020-03-30,153.433837890625,153.9858490176094,149.05447380819987,149.05447380819987,1192300
2020-03-31,152.8082275390625,154.61149780527046,151.59379167699174,154.26188088746022,511100
2020-04-01,146.82797241210938,149.27526204979688,145.4111286442055,148.30922518875383,423600
2020-04-02,150.8577423095703,150.88534216370874,144.8683353056203,146.10117558574677,251500
2020-04-03,149.16488647460938,151.43736806704894,147.53642487953297,150.48052632360964,294700
2020-04-06,157.1875762939453,157.96959558561372,153.40624172310328,154.28026989077193,301900
2020-04-07,155.9179229736328,161.58532705451938,155.72470995421443,161.17130116127757,503800
2020-04-08,162.0545654296875,163.13100204532827,155.38432809894817,157.50960147125835,356900
2020-04-09,163.526611328125,164.42823941121105,162.22016662528236,163.94062322066358,487300
2020-04-13,162.18333435058594,163.74738685433556,159.92925744471893,163.74738685433556,403700
2020-04-14,167.64837646484375,168.12679744744088,165.02627739246702,165.5231029617065,527100
2020-04-15,166.29586791992188,167.48270362187665,164.24419945536405,165.51383470984518,348400
2020-04-16,170.0772247314453,170.39003244201746,167.09631409327275,167.7587386795333,334700
2020-04-17,174.17135620117188,175.65260913765692,171.50326747664758,175.60660470338948,628500
2020-04-20,173.31576538085938,175.72624657450805,172.07371561424432,172.5245366933784,697700
2020-04-21,167.85995483398438,171.16286869099827,167.56555168490954,170.51884864122434,307600
2020-04-22,170.55564880371094,171.34687740553787,169.2399948785248,170.8040474992757,219400
2020-04-23,171.66888427734375,174.2725782929663,171.42968084852788,171.80689759436285,308200
2020-04-24,174.32781982421875,174.59463721131286,171.78853422176715,172.99377500450962,241800
2020-04-27,176.76585388183594,177.47426881975446,175.39500036289485,175.74461721545566,402400
2020-04-28,172.98452758789062,178.40351885881324,172.7545194455958,178.32071929684702,516100
2020-04-29,174.70497131347656,175.8458166703047,173.33411783105595,175.60659923499614,258800
2020-04-30,173.35255432128906,174.9534162239763,172.6809344017354,173.85857509845323,354700
2020-05-01,169.85641479492188,171.42048145200656,168.28316690427408,171.42048145200656,356300
2020-05-04,170.38087463378906,170.57407365808928,168.56840891432222,169.35044240129122,286200
2020-05-05,173.96896362304688,175.42261683788922,171.47568310055536,172.0828939565104,303300
2020-05-06,172.80055236816406,175.38584206757287,172.71773875396298,175.38584206757287,329900
2020-05-07,173.05810546875,174.75096176844386,172.8648924817309,174.64975763973493,298900
2020-05-08,174.12535095214844,174.9625839207186,173.60093971198378,174.9625839207186,213600
2020-05-11,177.62152099609375,178.05393751296424,173.38937875668208,173.407769303955,783800
2020-05-12,174.80616760253906,178.86351412509958,174.80616760253906,178.68870571132405,303400
2020-05-13,172.53367614746094,175.71699445239503,171.043228140589,174.62215364198204,286900
2020-05-14,174.01498413085938,174.10699301619522,170.50966179377158,170.73047469542666,258400
2020-05-15,176.00222778320312,176.01142305471728,173.38933873777194,173.56413312803568,250600
2020-05-18,177.90670776367188,180.40919767683138,177.77790375513797,179.4063654647756,482700
2020-05-19,175.6526336669922,178.17352820791083,175.58823868089107,177.6859120214629,269500
2020-05-20,176.22305297851562,177.79631503497436,175.91024523723573,176.87628235691497,236300
2020-05-21,175.1833953857422,175.93781475157684,174.1437541464886,175.93781475157684,346800
2020-05-22,175.74462890625,175.7722287608058,174.32777085899696,175.12820875686495,136600
2020-05-26,175.31222534179688,179.01995582097905,174.93500858372022,179.01995582097905,269700
2020-05-27,176.77505493164062,176.91305419975066,172.37730043248607,175.68942325295433,363100
2020-05-28,178.7715606689453,180.74043018428085,177.97113667209425,177.97113667209425,267900
2020-05-29,180.89678955078125,181.06240270440802,176.81184291669496,179.17633323110104,352400
2020-06-01,179.4615478515625,180.04117285329875,178.25630745122677,179.9399687107509,227000
2020-06-02,180.63919067382812,180.63919067382812,178.21030526066556,179.80195766934764,212900
2020-06-03,179.884765625,181.22800526786156,179.47075379092848,181.22800526786156,281100
2020-06-04,178.1090850830078,179.92155019829934,176.9774490592867,179.00151771494654,223000
2020-06-05,180.91522216796875,182.16646715034275,178.21032389441137,179.50757331762102,280300
2020-06-08,182.304443359375,182.38725695783089,179.81116302152762,180.8875994156286,204500
2020-06-09,180.5380096435547,182.79208691155083,180.30800147256355,181.9272679810353,690200
2020-06-10,180.37237548828125,181.65122010922195,179.35113884576154,181.27400341275478,185500
2020-06-11,170.39002990722656,178.30231565953076,169.84721405779416,178.21951609712576,512800
2020-06-12,171.457275390625,174.5853806059433,168.3659653022212,174.0701645976399,296700
2020-06-15,172.69932556152344,173.5273492862749,168.05315812276973,168.9731907229751,179700
2020-06-16,176.57266235351562,177.6214990002022,173.9413684450095,176.5450624974384,299300
2020-06-17,176.48068237304688,177.81472700391845,176.02066601491288,177.31790147552604,148400
2020-06-18,176.25985717773438,176.68306433610232,174.99020762546215,175.63422767422915,223900
2020-06-19,177.9987030029297,178.8451312853719,176.25064672984422,177.93429398430655,173500
2020-06-22,178.0504150390625,178.19818700037013,175.90755952308209,177.5701174072645,157800
2020-06-23,178.85397338867188,180.28562080369593,178.58612350412128,179.15877683266953,166700
2020-06-24,174.14341735839844,177.93035434514658,172.74872332542606,177.66250442652736,204700
2020-06-25,176.09230041503906,176.1569621048489,172.6748286342723,174.44821916763794,319200
2020-06-26,173.6631622314453,176.04616013785213,172.89653772679966,175.60280185736417,327600
2020-06-29,174.89158630371094,175.24256061573752,173.32138391638793,174.52212111518838,198000
2020-06-30,177.93954467773438,178.8170154533019,174.59596666945228,174.8822933041524,154900
2020-07-01,179.27886962890625,180.00854041148614,177.72714415746688,178.66001725289783,288400
2020-07-02,180.7105255126953,181.72653720313602,180.30413493017545,180.8952651608892,334100
2020-07-06,182.30841064453125,183.49990228461212,181.65261880974575,182.75175473227594,239500
2020-07-07,181.2554473876953,183.45370499065623,180.9968288461705,181.4678810267364,247300
2020-07-08,181.67111206054688,182.44696780785074,180.1101551277878,181.97591555277106,129400
2020-07-09,180.2671661376953,182.095972932371,177.96729301103048,181.5879812237121,161500
2020-07-10,179.83303833007812,180.57195451767922,178.64154672398254,180.35952087035216,204100
2020-07-13,179.85147094726562,184.12793552946857,179.528190790306,181.00602280262058,780200
2020-07-14,183.47219848632812,183.6846321447238,179.0941314739427,179.66679894834002,321800
2020-07-15,186.4647979736328,186.8896652792906,184.756055126404,185.26406089938993,207400
2020-07-16,186.06764221191406,186.18772015873665,184.69142491715698,186.0399340847482,124100
2020-07-17,188.6446075439453,189.3003853338027,186.77884714947527,186.8989250942332,415200
2020-07-20,188.9586639404297,189.91001398175453,188.16433133281643,189.20805120275145,164800
2020-07-21,188.52450561523438,190.00233795438797,188.06268477095557,189.70676584909577,742100
2020-07-22,189.84532165527344,189.99310771974456,188.18277775776534,189.27266827251643,206800
2020-07-23,188.884765625,191.39707268158787,188.09043303955445,190.27022845354523,178900
2020-07-24,186.400146484375,188.38598477947411,185.1532385300922,188.38598477947411,175400
2020-07-27,188.12738037109375,188.42295255181682,185.95683030524515,186.7326861391572,146300
2020-07-28,187.57318115234375,188.9032276185951,187.40691829723454,188.28438929486953,112900
2020-07-29,189.3373565673828,190.00237985730007,188.11814250464892,188.33982163250695,166700
2020-07-30,188.55221557617188,188.93091205464845,186.54791478370493,187.84100752282754,109700
2020-07-31,187.2129669189453,188.52453664130778,185.00546348374309,188.52453664130778,238800
2020-08-03,189.63287353515625,190.11317116123354,188.37672027025286,188.4690900769171,164300
2020-08-04,188.85704040527344,189.67908104540663,187.73942762350987,189.27267639749263,193000
2020-08-05,189.9746551513672,190.24251918906836,189.346585437797,190.07625632193373,131900
2020-08-06,188.93092346191406,190.58423599916262,187.61935386342728,189.93768959056416,148000
2020-08-07,189.50357055664062,189.80837401637257,188.17352422095726,188.8939636371767,150200
2020-08-10,188.607666015625,189.66986261657647,188.05348935281484,189.66986261657647,151700
2020-08-11,186.7511749267578,189.5590403558078,186.46484816681533,189.4943927456554,174400
2020-08-12,189.81761169433594,190.24249310216803,187.8502643430012,187.8502643430012,128300
2020-08-13,189.80838012695312,189.95616618982106,188.46910240464229,189.46663718851886,120600
2020-08-14,189.2080078125,190.0392797047311,188.4598461971074,189.48508904747445,229000
2020-08-17,190.85211181640625,191.23079424753863,189.54054213671552,189.54054213671552,171200
2020-08-18,190.6396026611328,191.4247035847066,189.39269507467273,191.0552526169372,166000
2020-08-19,189.83607482910156,191.10145943050557,189.34654586241297,190.602699120661,144800
2020-08-20,189.3650665283203,189.57750021937022,188.81087575014317,189.1156792687749,239000
2020-08-21,189.1987762451172,189.44816346852983,187.9610996593217,189.03252749194536,169700
2020-08-24,188.099609375,190.2794041515102,187.03742715454632,190.27017280906935,141400
2020-08-25,189.40199279785156,189.54054752956412,188.0165300426616,188.73696954786791,131200
2020-08-26,189.0602569580078,189.33735233822674,187.42540689900684,189.2449825136016,315600
2020-08-27,190.33485412597656,191.2954353040839,187.96108816406127,189.45738322571742,132900
2020-08-28,190.87059020996094,190.9814368200288,189.5867285514574,190.9814368200288,105900
2020-08-31,191.62794494628906,192.3945692498069,190.68582646449374,190.78742761540943,176900
2020-09-01,189.99310302734375,191.72032266417492,189.07870672502878,191.56329116601844,149600
2020-09-02,193.7430877685547,194.11255292353133,189.55899178231954,190.43644862320033,171300
2020-09-03,188.15504455566406,193.7153570771939,186.7972902183095,193.7153570771939,317500
2020-09-04,186.400146484375,189.18031727878272,183.80471532199894,189.18031727878272,240100
2020-09-08,183.3428497314453,185.53187571952978,183.065754444607,185.4118119003662,426800
2020-09-09,186.945068359375,188.26588327609588,185.09778501948531,185.19015482394116,162900
2020-09-10,183.9617156982422,187.66551384153647,183.67538902622607,187.3052941422817,146600
2020-09-11,184.7410125732422,185.56566592065212,183.25848302941668,184.8892542168651,161000
2020-09-14,188.32684326171875,189.1700320294514,186.60340885378577,186.60340885378577,161300
2020-09-15,188.84573364257812,190.16147182616993,188.33611325565377,189.52213117152382,116600
2020-09-16,188.87351989746094,190.42090234476126,188.65115038646326,190.02248087859175,206900
2020-09-17,188.27125549316406,188.7067479821738,186.3903045889087,187.07596278470817,134200
2020-09-18,188.27125549316406,189.17929734455842,186.1864564392255,188.7160086659054,122900
2020-09-21,184.62979125976562,185.77875222370858,182.32262278699054,185.6027002711704,343700
2020-09-22,184.54640197753906,184.9263020695987,182.50793471393408,184.70391842434356,162100
2020-09-23,182.28555297851562,185.3710571638253,182.21142509598727,185.09308113895588,352500
2020-09-24,181.00685119628906,182.40597759744838,180.2285156481305,181.70178405605708,207600
2020-09-25,184.60195922851562,185.01891611288943,180.85859381224523,181.00684954753885,135500
2020-09-28,186.23280334472656,187.6041339867728,185.88996008037782,186.5200400867988,127500
2020-09-29,186.1678466796875,187.68743237403996,185.61190897011042,186.77013020478282,90400
2020-09-30,189.0217742919922,190.45797197337092,186.77019817879258,186.77019817879258,126900
2020-10-01,188.5121612548828,190.43018317847708,187.80796755041237,190.09661476300192,151300
2020-10-02,186.87210083007812,188.512146590119,185.87140979994706,186.2420350601106,89800
2020-10-05,191.19921875,191.21774011508165,188.44728322158468,188.44728322158468,161400
2020-10-06,189.04029846191406,192.1906555224979,188.98470608790157,191.56985044861304,192800
2020-10-07,192.95974731445312,193.37670432489773,190.46725179767515,190.46725179767515,142000
2020-10-08,193.9141082763672,194.3125438921467,193.35815620640224,193.78438801183518,1004000
2020-10-09,195.54486083984375,196.0822773530573,194.52563432591222,194.82213170031966,158800
2020-10-12,196.92550659179688,197.5092549163428,195.9433367456054,196.64753052589646,135600
2020-10-13,195.9803466796875,196.81427467763692,195.42440881950117,195.9710859971407,427200
2020-10-14,194.4422607421875,196.68457621169273,194.00676826066703,196.08229245673235,113900
2020-10-15,193.4693603515625,193.7473363940854,191.80151823487384,192.46865508154931,116000
2020-10-16,195.1279296875,196.56412747352178,193.71954223062548,194.21062711755985,111000
2020-10-19,191.88490295410156,196.00816939699766,191.37528257611473,195.60048723305675,136800
2020-10-20,191.97755432128906,193.46006952804441,191.80150237097087,192.77441137010734,82700
2020-10-21,190.55064392089844,192.60764695841416,190.31899956206513,191.94978489685937,93300
2020-10-22,193.552734375,193.96043065493055,190.98611125885375,190.98611125885375,147500
2020-10-23,194.4422607421875,195.4614873346272,193.2655035598802,194.48857829849752,86800
2020-10-26,192.2462158203125,193.14499675274584,190.43013259283003,193.14499675274584,130300
2020-10-27,191.41236877441406,192.8207704384673,191.41236877441406,192.04243464558675,146100
2020-10-28,185.44522094726562,189.22565885739144,185.31550066234,188.42880163900534,345200
2020-10-29,184.37957763671875,186.40876955899677,183.249152471736,185.54705966386496,200400
2020-10-30,183.60130310058594,185.00044399991998,181.37752303295605,183.79589057226676,185300
2020-11-02,186.31617736816406,186.93698250315927,184.3425630657603,185.76950011863156,177100
2020-11-03,189.5035858154297,190.92124789695268,188.37316042332748,188.37316042332748,781800
2020-11-04,197.85206604003906,200.65959435929088,193.75659573320456,194.21988442137746,425500
2020-11-05,198.67669677734375,200.6873677590646,198.19487263759515,200.6873677590646,400200
2020-11-06,198.03738403320312,199.5291742149254,197.22200553415462,198.62113232036157,125700
2020-11-09,199.65884399414062,209.22112714440541,199.50132757235798,209.22112714440541,688100
2020-11-10,200.19631958007812,200.7800678920364,197.69456331782072,200.52988802427575,289000
2020-11-11,200.2333526611328,201.78073499737252,199.32529676157293,201.7621994933037,333000
2020-11-12,199.51063537597656,201.01168611042777,198.48213398499573,200.00172022461672,269200
2020-11-13,202.2069549560547,202.77216765987805,200.52059166594958,200.72443979771847,178400
2020-11-16,201.90121459960938,204.48637352453628,200.7893245208927,204.1991367858665,664800
2020-11-17,200.7058868408203,201.09504756623542,199.67738558849254,201.09504756623542,247800
2020-11-18,196.8328094482422,201.37304671043805,196.8328094482422,201.37304671043805,387400
2020-11-19,197.00885009765625,197.48141354310727,195.91549573062602,196.9625325459779,236800
2020-11-20,197.20347595214844,197.99105828389432,196.4992821958022,197.24053282839841,145400
2020-11-23,196.7587432861328,198.38025395650632,195.87848332574066,198.18566645514306,178800
2020-11-24,196.96255493164062,198.42653470916622,196.7772281500768,197.8150044007302,222000
2020-11-25,196.5455780029297,197.41656295212456,195.78579194707646,197.31463888065605,147700
2020-11-27,199.214111328125,199.214111328125,197.15710867542862,197.30536443057449,73200
2020-11-30,199.82568359375,200.02953175090454,198.46361369751241,199.5199113580182,309600
2020-12-01,201.2711181640625,203.5875613671859,200.92828909430338,201.82707018819104,252600
2020-12-02,202.25328063964844,202.67023757371842,200.60397426865396,201.3267033912944,225400
2020-12-03,202.2440643310547,203.15210627490862,201.8085717977018,202.41084148589627,218200
2020-12-04,204.8570098876953,204.8570098876953,202.36451422590656,202.56836240081904,252100
2020-12-07,203.7728729248047,205.13494265215857,203.2354564078908,204.7550425756156,253400
2020-12-08,205.81137084960938,205.87623805510057,203.4486097526456,203.4486097526456,201300
2020-12-09,204.6068115234375,206.63600398721002,203.37446198559476,206.58968643175677,211400
2020-12-10,204.96815490722656,205.8576611289256,203.84699023999016,204.29174335083968,188300
2020-12-11,204.32882690429688,204.95889267181894,202.901889967466,204.45854715869538,174500
2020-12-14,203.44859313964844,207.47919608180337,203.44859313964844,206.12640108420175,382300
2020-12-15,205.47781372070312,205.7743252962076,203.65245498204789,204.977468110102,186300
2020-12-16,204.7457733154297,205.82986698676513,204.11569344189442,205.50555929823932,264000
2020-12-17,207.25013732910156,207.2687471156058,205.29652140428627,205.38955614169953,251500
2020-12-18,207.5757598876953,207.82692814587602,205.5663286515958,207.7432053931491,291600
2020-12-21,206.1058807373047,206.208213268859,202.3847184191231,205.3244400573124,325400
2020-12-22,206.1151885986328,206.7384816139542,205.25002513105645,206.60824149426182,254600
2020-12-23,206.38497924804688,207.53853052931146,206.27333472123124,206.7384800301562,195800
2020-12-24,206.67337036132812,207.33386876126477,205.91983722008084,206.69196595350343,122600
2020-12-28,206.05934143066406,208.23621774820768,206.05934143066406,207.8175898710041,232300
2020-12-29,206.3756561279297,207.91994187710895,205.61282524388568,206.92452415603674,239000
2020-12-30,206.67337036132812,207.84553144825628,206.496612869903,207.20362864049497,193300
2020-12-31,208.13389587402344,208.39437608627892,205.4639666008512,206.73846008189463,204000
2021-01-04,207.06410217285156,209.03631388073202,203.8266945667757,208.8688683712445,322200
2021-01-05,208.33859252929688,209.14795506417886,206.20823314266684,206.74780343421847,201200
2021-01-06,211.64111328125,212.40395839332223,206.3384596556425,206.73847780335734,248200
2021-01-07,214.96224975585938,215.41808305226752,212.3202137373189,212.3202137373189,324300
2021-01-08,215.8460235595703,217.3716995374056,213.76216755772623,215.6413584971076,309900
2021-01-11,216.9530792236328,217.26006263298248,215.63205406683556,215.97627124492303,230800
2021-01-12,215.35296630859375,217.31587995311207,214.35754859821992,216.86933026494626,208400
2021-01-13,215.8832550048828,216.63678819170912,214.608761303466,215.43671944882084,507500
2021-01-14,216.0600128173828,217.4833564379015,215.70649781264166,216.5251581625225,174700
2021-01-15,216.1064910888672,216.78559919526347,214.23659805487188,215.79949351320965,422300
2021-01-19,218.311279296875,218.66479424447445,216.96236085302934,217.68798633854928,267200
2021-01-20,219.2509002685547,219.98583785374146,217.995016369798,218.94391683638315,228400
2021-01-21,218.2926788330078,219.52066921177604,217.53914573472176,219.3904290984316,373700
2021-01-22,217.96707153320312,218.78571753759786,217.2042264936482,217.59494680838117,585100
2021-01-25,219.72532653808594,219.84626885161427,217.57635764601733,218.52524378335463,201300
2021-01-26,218.02285766601562,220.7393039175731,218.0042478834755,220.56254647120414,266700
2021-01-27,211.4364471435547,215.62275485763527,210.98991162868302,215.62275485763527,340300
2021-01-28,214.32965087890625,216.99958035987572,212.78536507526823,213.11097246348265,329700
2021-01-29,213.06442260742188,216.19019911626694,210.96197128112658,214.32961819898074,346000
2021-02-01,214.2552032470703,215.56691626173222,213.36213231439885,214.69244091862427,201600
2021-02-02,215.64137268066406,217.22286392589942,215.64137268066406,216.22744612980313,162700
2021-02-03,214.26449584960938,215.82737693792313,213.68770613787956,215.790171567056,167500
2021-02-04,215.74368286132812,216.3855856061066,214.16219177998107,214.70174780229488,187100
2021-02-05,216.7762908935547,217.39958380964103,216.01344588887497,216.99025372860376,293000
2021-02-08,218.07872009277344,218.37641989753004,217.35309456256422,217.93918218123628,212800
2021-02-09,218.22756958007812,218.72062246004896,217.96708934896552,218.246179366617,183000
2021-02-10,218.44151306152344,220.04161387931038,217.3065575001837,219.4741360986405,224900
2021-02-11,218.82296752929688,219.37183560522,217.5856792630762,219.17648251824812,184300
2021-02-12,220.2835235595703,220.32074313597883,217.9112936850153,218.43225419386047,273900
2021-02-16,217.47401428222656,220.66490388537426,216.80420398624045,220.47884862429066,415800
2021-02-17,217.67869567871094,217.9484736982803,216.2646500370691,216.76700069923908,324000
2021-02-18,215.83670043945312,216.82282032370102,214.9994446417202,216.82282032370102,155200
2021-02-19,214.571533203125,216.55305683429552,214.33896054012786,216.55305683429552,152700
2021-02-22,212.59930419921875,213.74355763307693,211.8550688993918,213.74355763307693,231900
2021-02-23,211.83645629882812,212.6365066977578,210.05959803450315,211.69690420656792,216000
2021-02-24,213.53890991210938,214.61805047473942,211.4457559461104,212.39465638532707,218000
2021-02-25,210.33871459960938,213.86450979919618,209.24096428791222,213.35284711980805,200200
2021-02-26,208.96188354492188,211.3434253637393,207.80833221118095,211.29692218681797,193400
2021-03-01,212.1992950439453,213.0737562985022,211.13876431022783,211.13876431022783,194500
2021-03-02,210.9062042236328,212.6458432355998,210.76665210594686,212.45978794046098,226800
2021-03-03,206.8036346435547,210.61781816606836,206.8036346435547,210.61781816606836,195000
2021-03-04,202.99868774414062,207.29662513160048,201.1753121947027,206.52448234554453,608300
2021-03-05,206.81289672851562,207.44550170486085,201.2032456623862,204.33832037697613,272300
2021-03-08,205.37091064453125,209.07347678412287,205.37091064453125,207.41756095088058,176200
2021-03-09,208.0222625732422,210.98057959652712,207.47339457635954,207.47339457635954,182900
2021-03-10,208.4687957763672,210.62707656076674,208.30135029918443,209.501418804314,252700
2021-03-11,210.98056030273438,211.62246297043487,209.57582686414585,209.8270092547907,216700
2021-03-12,211.34339904785156,211.52946851280385,209.51073973501474,210.56195839743782,521700
2021-03-15,212.7760772705078,213.01794772775327,211.0550339007471,211.41784668416963,244400
2021-03-16,212.255126953125,213.56684023109554,211.43646660458575,213.54823044268983,192100
2021-03-17,211.80853271484375,212.57137773305107,210.11541139838155,211.3340896734678,221900
2021-03-18,210.1619415283203,212.74814812135477,209.95727647173996,210.73871712680636,139600
2021-03-19,211.56668090820312,212.4783616972674,209.5014346956541,210.82244560902288,281100
2021-03-22,213.3528289794922,213.7528612930405,211.02710263011662,211.43643273882387,175500
2021-03-23,210.34803771972656,213.18542728783336,209.6689294608387,213.17611529565445,204200
2021-03-24,208.91534423828125,211.24107048649594,208.81301171555555,210.75731545223746,181300
2021-03-25,209.6316680908203,210.1619405153427,206.36635338674836,208.73859711650823,194500
2021-03-26,212.9761962890625,213.07881800824046,209.6270185448707,210.58792453570877,180100
2021-03-29,213.0135040283203,213.79715296569225,211.43686784834634,212.64966600488182,274100
2021-03-30,211.5394744873047,212.5097044022721,211.13832597719156,212.40708269860264,161300
2021-03-31,213.40538024902344,214.35696232386564,212.01532477867673,212.60306874184764,199600
2021-04-01,213.29336547851562,214.4968252325623,212.7895810343322,214.39420352987457,208400
2021-04-05,214.47816467285156,215.01925963385239,213.82512393896107,214.49682704673998,246300
2021-04-06,213.89981079101562,215.66302831541068,213.5266486345646,214.64614933914143,142800
2021-04-07,212.6589813232422,214.03037402481624,212.21118398248967,213.7691577231089,146900
2021-04-08,213.46128845214844,214.26359971614062,213.11611282486572,213.5359237133594,132900
2021-04-09,214.9912872314453,215.28048998711142,213.45197581280001,213.53593514795057,124200
2021-04-12,214.9539794921875,215.50439856557716,214.1050193541124,215.0939117192454,119500
2021-04-13,216.67987060546875,216.83846520686984,214.80470759866822,214.95397813006502,185300
2021-04-14,216.8291778564453,218.16326032449388,216.64259677821283,216.6705832281865,200200
2021-04-15,220.8406982421875,221.1578874457713,217.9393181189113,217.9393181189113,626800
2021-04-16,221.8389434814453,222.00687641029361,220.49555122677532,221.65236241012087,196200
2021-04-19,220.99932861328125,221.5684101519225,220.27165244717915,221.28853141837007,212000
2021-04-20,221.6150665283203,222.0628639761221,220.17836229025434,220.3649576091273,395900
2021-04-21,224.74966430664062,224.8429477255291,222.07217537404318,222.07217537404318,268600
2021-04-22,223.87269592285156,225.76652138907437,223.2196551129854,224.74964253976697,353700
2021-04-23,225.59860229492188,226.1863319051085,223.90068195717342,223.98464129645407,180600
2021-04-26,225.92514038085938,226.27031608149468,224.73100441816166,225.76654575529116,276500
2021-04-27,224.69366455078125,225.58925928822222,224.3764611058501,225.58925928822222,138600
2021-04-28,224.23654174804688,224.79629916749445,223.62081143369906,224.1992312298542,249200
2021-04-29,222.82786560058594,224.42315024112793,221.71768893195684,224.42315024112793,218600
2021-04-30,222.2493896484375,223.3595660369103,221.79226824275153,222.16543031701198,298400
2021-05-03,223.77003479003906,224.2644809043564,222.94906121069582,223.27558867572174,171500
2021-05-04,222.68785095214844,223.21962182638427,221.2978102002644,223.21962182638427,344700
2021-05-05,222.3893585205078,223.5741560550889,222.03484454956939,223.1356827442615,157700
2021-05-06,222.1467742919922,222.2680583754426,219.34801594938432,221.6056793041948,151800
2021-05-07,224.04066467285156,225.34676081970693,223.1357314072131,223.14506971494092,148500
2021-05-10,222.6412353515625,224.68433135595257,222.6412353515625,224.68433135595257,145000
2021-05-11,221.22320556640625,222.48263835013728,220.22497486860743,220.80338040327405,160500
2021-05-12,218.6296844482422,220.80337429588855,218.3404674536867,219.9264419478253,144300
2021-05-13,220.15032958984375,220.93399275289357,218.69497751381317,218.69497751381317,116900
2021-05-14,221.90426635742188,222.35206379919828,220.84073853618787,221.2045766267357,95900
2021-05-17,221.4657440185547,222.40798752285636,221.18586534112006,221.85756847287482,108200
2021-05-18,221.82022094726562,223.25691037338788,220.89662573640373,221.4936935055377,163300
2021-05-19,221.26052856445312,221.27919094136598,218.76963506743442,220.2623120455657,292400
2021-05-20,224.03128051757812,224.77761893916053,221.3258197539659,221.54971131578566,135800
2021-05-21,223.90065002441406,226.22362439309654,223.77936595038045,224.68429888304672,90900
2021-05-24,224.24588012695312,225.46800252766207,224.13393433000985,224.88959692982385,129600
2021-05-25,223.67677307128906,224.82427429988232,223.46220557322943,224.7962878538407,255800
2021-05-26,223.04238891601562,223.82603785548747,221.79228024087416,223.82603785548747,91900
2021-05-27,222.78115844726562,223.52749682395873,222.67853674253007,223.52749682395873,106600
2021-05-28,223.88201904296875,225.99042623687257,223.68611391845147,223.80738377426914,111500
2021-06-01,220.52352905273438,224.55373412960057,220.39292088439203,224.35782899469837,180100
2021-06-02,220.0476837158203,221.30713053919962,219.62787285310043,220.76603560505546,716600
2021-06-03,220.71009826660156,221.15789564327224,218.43377239609075,219.50662413307026,113000
2021-06-04,221.57772827148438,222.50132379683086,221.28852547416406,221.62437709836067,113300
2021-06-07,223.37826538085938,225.02953701495397,221.80162902101333,221.9229131210701,216100
2021-06-08,223.07974243164062,224.3485137266359,220.92470031508208,223.9007162799388,216700
2021-06-09,224.9642333984375,225.53331492795422,223.78875981863308,223.78875981863308,125800
2021-06-10,228.8078155517578,228.93842370327658,225.46796226552576,225.6172327916103,336800
2021-06-11,227.66969299316406,228.84518080008218,226.36361124683657,228.84518080008218,113100
2021-06-14,227.9215545654297,227.9215545654297,226.4008912665372,227.91223049536327,112800
2021-06-15,227.12860107421875,228.40669630901849,226.4102490311632,228.09883114770898,107200
2021-06-16,226.438232421875,228.39736915458639,225.337379959762,227.43644892971452,125600
2021-06-17,228.35072326660156,228.8638318684543,225.953113179409,225.953113179409,118500
2021-06-18,225.88780212402344,226.95132978006527,225.69188276636388,226.8393697605933,167900
2021-06-21,228.64923095703125,228.9384337169566,225.4213375417862,226.68077029325684,741600
2021-06-22,229.3955841064453,229.49820582480027,227.94023190811876,228.72388090179882,113800
2021-06-23,228.49063110351562,229.43287462794532,228.3227124346003,229.31160477880243,139300
2021-06-24,229.79017639160156,231.25904473064304,229.6966117154484,229.91180761540767,161600
2021-06-25,231.18421936035156,231.62394765910824,229.8837502552532,230.03343375672918,110000
2021-06-28,231.62396240234375,232.01690838616577,230.8754877434589,231.71751281222515,182700
2021-06-29,231.54910278320312,232.5969586915238,231.20292488237385,231.86719985880532,132600
2021-06-30,231.21224975585938,231.64261295375402,230.6228237718259,231.54906256445514,173900
2021-07-01,233.32669067382812,233.4202553445751,231.2309648223894,231.91395551172076,311200
2021-07-02,234.76751708984375,235.05756188929914,233.09281780455004,233.85064317907825,313400
2021-07-06,234.18748474121094,234.56172923348302,232.71861615245004,234.38396488414975,122700
2021-07-07,234.80496215820312,234.92659339476805,232.73730251643335,234.59913126984716,90200
2021-07-08,234.15003967285156,234.15003967285156,231.78299885920416,232.12916248204846,186700
2021-07-09,234.91720581054688,235.53469841634077,234.3558605765241,234.86107271474114,105500
2021-07-12,235.33824157714844,236.12414782404147,234.95466062588923,234.95466062588923,276700
2021-07-13,234.30905151367188,235.36627228398217,233.9909544897433,234.64586432605617,545100
2021-07-14,232.99925231933594,234.8797967506358,232.80278647711904,234.8797967506358,151400
2021-07-15,232.60630798339844,232.87763699249973,230.866110560352,232.23207781163262,96100
2021-07-16,233.36412048339844,234.35585750818845,232.66242824308293,233.47640094950523,162600
2021-07-19,231.79234313964844,232.84956404599095,230.0147284586509,231.6145788163556,325300
2021-07-20,234.87042236328125,236.09605681177058,232.5314482093147,232.54081324254835,197100
2021-07-21,235.54403686523438,235.88084969843393,232.98053045095978,235.87149894161004,190800
2021-07-22,236.66677856445312,236.86324440838243,235.1604785651425,235.83410429626068,202800
2021-07-23,238.9963836669922,239.28641418699453,237.3123193683074,237.49008369371938,817400
2021-07-26,237.15322875976562,239.03377284131517,236.52638549123682,238.73437734090328,198200
2021-07-27,237.80821228027344,237.83629310860846,236.02124658368916,236.81648936071159,152500
2021-07-28,239.510986328125,240.18461211925023,237.00361254246673,237.64915750599175,172400
2021-07-29,239.69808959960938,240.4465499295904,239.5109602411484,240.10038631317587,168100
2021-07-30,239.90390014648438,240.71785853815453,239.4080245197364,239.52964146127277,225700
2021-08-02,240.12844848632812,241.18566938331278,239.6045205545017,240.68044296621912,173000
2021-08-03,243.01002502441406,243.01002502441406,240.16585329778903,240.39038565727844,208300
2021-08-04,242.45806884765625,243.79595528717786,242.1586732864965,242.38323423333242,280600
2021-08-05,242.15867614746094,242.43000516246332,240.27816021406076,242.39257357889306,172400
2021-08-06,241.32601928710938,242.31774212516584,240.01619936438695,242.16804434086427,264600
2021-08-09,241.87802124023438,242.48614887819596,241.3634582893285,241.6347587642762,188300
2021-08-10,240.6617431640625,242.2428920041252,239.90391780899472,242.08382919600666,345200
2021-08-11,238.35081481933594,241.3072958245216,238.02336700641945,241.1295315063267,278000
2021-08-12,240.23133850097656,240.29683662739913,238.43502240431124,238.57535513812422,258700
2021-08-13,241.12014770507812,241.25111539927843,240.37168746183258,240.62428636974414,128100
2021-08-16,243.02882385253906,243.1317250291111,240.01622345197202,241.2137772946358,145500
2021-08-17,245.70458984375,245.70458984374997,242.20549311219042,242.20549311219042,334800
2021-08-18,242.28033447265625,245.77945985347813,241.95287232164694,245.56426391380097,242800
2021-08-19,242.72000122070312,244.13275064252426,240.44652536253963,240.44652536253963,196600
2021-08-20,244.52572631835938,244.91868658097212,242.3083831522978,242.99137395677062,184100
2021-08-23,245.59228515625,246.54657632844788,245.4800189656303,245.94781379449935,291500
2021-08-24,245.19003295898438,245.61103125022134,244.1795799561444,245.60169476726207,243400
2021-08-25,244.890625,245.17129051332375,243.8053374285912,245.06838934241645,206000
2021-08-26,243.73046875,245.4238837315944,243.253308892094,244.98415545421224,118900
2021-08-27,244.15145874023438,245.38644388856613,243.26266573421367,244.44148923768557,471900
2021-08-30,245.56422424316406,246.4623823406607,244.1889062726546,244.33860404755924,158000
2021-08-31,245.58291625976562,246.6495021577351,244.78768790474243,245.77004560914168,141700
2021-09-01,246.09750366210938,246.11620517596853,243.99242699980695,245.9665074093066,187800
2021-09-02,248.71710205078125,248.72646708212625,246.6494573102006,246.67752385231074,132400
2021-09-03,248.71710205078125,248.9322979082423,247.2856512993139,248.5206362560102,150300
2021-09-07,247.27635192871094,248.25873826727468,245.9852620968885,248.09967545179705,281500
2021-09-08,246.78982543945312,247.26698527573137,245.92907043800022,246.85532356441854,179600
2021-09-09,244.48825073242188,247.13595640844014,244.2917563834592,246.69622820902507,197400
2021-09-10,242.29905700683594,245.43325999948092,242.1586956951003,245.40519344752076,179900
2021-09-13,240.4839630126953,243.42169956141655,239.48287527060646,243.42169956141655,240700
2021-09-14,240.05357360839844,242.27094500501266,239.81033972101923,241.53182120614127,261400
2021-09-15,241.77513122558594,242.61715634406843,239.4174266315128,240.0536208497498,132100
2021-09-16,241.2979278564453,242.29901562527596,239.60451288954823,241.87798886584477,116000
2021-09-17,242.12124633789062,242.19608094482209,240.25006709338078,241.41018908835946,134200
2021-09-20,239.1460723876953,241.0453325220442,236.89129789195096,238.80925954071287,257200
2021-09-21,239.688720703125,241.92476517545947,239.688720703125,240.2874832470735,130000
2021-09-22,240.2593994140625,241.42888642163084,239.18347707748543,240.6149280326719,158800
2021-09-23,242.1774139404297,243.30946955013152,240.83952744242447,241.0921263977331,149400
2021-09-24,240.79269409179688,242.13994541846026,240.33426431811597,241.59731600585403,264600
2021-09-27,237.91110229492188,240.62432103341987,237.2281258003888,240.4465567034534,354300
2021-09-28,233.1676788330078,236.245762831669,232.7653678166671,236.245762831669,323300
2021-09-29,234.46621704101562,235.7525794768618,234.05307497561355,234.4286508565419,135300
2021-09-30,232.07191467285156,236.7103505365805,232.07191467285156,235.46153977886092,249400
2021-10-01,232.56951904296875,233.4615224793902,228.56956582505828,232.75730697790468,375700
2021-10-04,228.94517517089844,232.40991802036186,227.66819704830792,232.13761331372365,271400
2021-10-05,229.98741149902344,232.37234852556048,229.34891528316732,229.34891528316732,175200
2021-10-06,229.64002990722656,229.64002990722656,227.0485072096697,228.62595767696132,255600
2021-10-07,232.41928100585938,234.10001667853246,230.982682541117,230.982682541117,284600
2021-10-08,231.10479736328125,233.10476002805345,230.9263937763613,233.039040685522,148800
2021-10-11,229.48977661132812,232.12823535826044,229.42404294676695,230.9639271083557,138600
2021-10-12,228.83255004882812,230.36303575701794,228.13771873543982,230.16586338481244,332800
2021-10-13,229.06729125976562,229.7527238689502,227.97810086208517,229.26446363424773,98900
2021-10-14,232.39112854003906,233.26434893381187,231.43339139259317,231.54607562172328,129300
2021-10-15,233.27377319335938,234.39113093320893,233.1047539948031,233.79020084547093,106200
2021-10-18,231.45217895507812,232.4756354559213,230.69162844844598,232.36296555191714,146800
2021-10-19,234.4380645751953,235.1516788964787,232.43810198440121,232.78551043409766,182200
2021-10-20,237.33944702148438,237.79014100661402,235.68687853050318,235.78077967741928,133500
2021-10-21,238.65399169921875,238.65399169921875,236.58829528655596,237.97794351655756,228800
2021-10-22,239.14224243164062,239.29247853901555,237.7713630246259,238.44741118050936,125000
2021-10-25,239.3863525390625,239.7149922154302,237.77135028954123,239.3863525390625,131000
2021-10-26,240.54124450683594,241.09522396435858,238.71028695306498,240.13750113764883,258500
2021-10-27,238.25961303710938,240.93563806716665,238.22206117552088,240.93563806716665,118500
2021-10-28,240.74783325195312,241.13280788388718,238.59763459781206,238.76663946414234,215800
2021-10-29,242.67269897460938,242.81353635890179,239.43329586285805,240.48491987171496,123800
2021-11-01,243.10459899902344,243.76184964795254,242.32525108301112,243.2078701913651,199600
2021-11-02,244.57879638671875,245.5365193396122,241.95910618768283,243.80884707803173,190500
2021-11-03,246.40036010742188,246.54119749868983,243.65860138744378,244.35341828743677,138100
2021-11-04,244.935546875,246.23130808654156,243.58347936578755,246.23130808654156,153400
2021-11-05,242.71022033691406,244.2407200050016,240.80414478420087,243.64917437577972,244600
2021-11-08,243.8651580810547,243.99659675362673,242.2125897085726,242.7102342314762,245400
2021-11-09,242.59756469726562,243.85575974475196,242.14688507106447,243.74308983820168,121000
2021-11-10,242.3722381591797,243.9402755355626,241.71495879549653,242.31590320281902,134000
2021-11-11,241.8651885986328,242.56000547872424,241.1328055304104,242.56000547872424,103700
2021-11-12,242.75714111328125,243.3392879268429,241.56465136169717,243.3392879268429,246800
2021-11-15,241.2079620361328,243.39571274896952,240.93565729050306,243.39571274896952,139700
2021-11-16,242.25013732910156,243.2360275889487,240.578800318519,241.02950856409058,105300
2021-11-17,242.2126007080078,243.18912103196644,241.7431236403785,242.51307290839603,96100
2021-11-18,241.63986206054688,242.97316093911957,241.07648382603972,242.67271738137543,105200
2021-11-19,240.1468963623047,243.03887672046906,240.1468963623047,242.2313899456394,741400
2021-11-22,238.78543090820312,241.04831387966217,238.78543090820312,240.84174281761094,383800
2021-11-23,238.6070098876953,238.76663036446936,236.54131374544548,237.81829188694033,133000
2021-11-24,238.78543090820312,238.87933205542768,237.0108081131655,237.94037789239607,222700
2021-11-26,237.23614501953125,240.47551945367547,236.40986083140942,239.11405320904265,114500
2021-11-29,237.22674560546875,239.26428859307126,237.20797683928708,238.95443202344464,225100
2021-11-30,233.02963256835938,237.30187678879167,232.8042927432855,236.34415387762118,291400
2021-12-01,231.84654235839844,236.94507052114133,231.74325683532842,234.57890220091195,627500
2021-12-02,232.9639129638672,233.9310345848527,230.61652760665893,231.715102234556,444000
2021-12-03,232.2221221923828,235.33005780108834,230.45688399616023,234.76667964096995,202200
2021-12-06,233.63058471679688,234.22211610452135,231.8371788038697,232.89818727912672,150500
2021-12-07,237.59295654296875,237.9122118490763,235.60237829006914,235.60237829006914,150700
2021-12-08,239.59291076660156,239.78069871705668,237.08590509340502,238.37226759768993,194300
2021-12-09,238.7478485107422,240.28773256807654,238.67273046803055,239.27366048242197,216700
2021-12-10,239.0764923095703,239.9685101811588,237.95913461973024,238.26899119712894,154400
2021-12-13,241.2079620361328,241.88398156248212,239.19858626189924,239.23613812648387,672500
2021-12-14,240.0436248779297,241.1422138513483,238.7384791707703,240.17507788702116,155700
2021-12-15,245.3862762451172,245.3862762451172,240.37226447929717,240.56006677276437,240400
2021-12-16,245.43148803710938,247.41888808321727,244.8004008515106,245.82707090425626,207700
2021-12-17,245.49742126464844,247.2493456881278,243.41579655342693,244.38595474101064,292400
2021-12-20,243.98095703125,245.1677631538406,241.72982543149502,245.1677631538406,291200
2021-12-21,245.6669921875,245.72350403223743,242.82242852767527,244.96996486143806,294000
2021-12-22,248.30422973632812,248.37016978275105,245.12059600414972,245.308987924052,314400
2021-12-23,249.43453979492188,250.15979411846416,248.18179381067156,248.66217311609103,235800
2021-12-27,251.1864776611328,251.1864776611328,249.34978557500048,249.93376035350124,158500
2021-12-28,250.17874145507812,251.94952298231965,249.7360748178546,251.30903609851347,165100
2021-12-29,251.1205596923828,251.81758694426688,249.9902941733374,250.11274607209717,198900
2021-12-30,251.96829223632812,253.10798596526072,251.77047205820222,251.77990027942064,162100
2021-12-31,250.94161987304688,252.9195916794778,250.82856745319725,252.0153735327171,130400
2022-01-03,249.33091735839844,250.59306282690397,246.3074194170936,250.59306282690397,302200
2022-01-04,245.32786560058594,248.99187935381062,243.95269628775432,248.95419521323825,512000
2022-01-05,242.3326416015625,247.05158169295692,241.92763047949396,245.54453214583617,1072500
2022-01-06,239.28085327148438,242.31379419072505,238.77223235477229,241.12698809791598,311100
2022-01-07,237.81149291992188,239.40331013487003,237.6231153310208,239.19609047539223,301700
2022-01-10,240.36404418945312,240.36404418945312,235.59802097092359,237.13331190814233,327200
2022-01-11,242.34205627441406,242.34205627441406,238.88526210793333,240.55243324072836,254400
2022-01-12,240.9668731689453,241.77690974212507,240.0626406144909,241.4189822600281,317600
2022-01-13,236.7942352294922,240.938614021143,236.34212614446636,240.938614021143,272400
2022-01-14,236.6246795654297,236.7471314545626,233.54465524655038,235.83348514092648,302700
2022-01-18,232.15065002441406,234.75029507513983,231.99052836568015,234.4959918142442,371200
2022-01-19,231.1616668701172,234.66554466879862,230.89793536890795,232.38614276703944,397200
2022-01-20,229.79591369628906,234.42065760800406,229.54159604173475,231.86809595771808,274800
2022-01-21,227.3657684326172,230.90731548307812,226.77236545544685,229.76762188484972,466800
2022-01-24,227.10205078125,227.42229409508028,218.77563838793716,224.37995386911743,2026500
2022-01-25,224.97337341308594,227.16799315675306,221.9121908930585,224.6248597838034,313800
2022-01-26,223.75833129882812,227.94038024419714,221.94046656995997,225.76458800506893,1760700
2022-01-27,223.08956909179688,227.04555594096212,222.64687385389408,224.83207975144805,328000
2022-01-28,228.20408630371094,228.29828228188725,221.75204985041867,223.15548944043104,419100
2022-01-31,231.0863037109375,231.12398785091,227.63893789015825,227.94035352078495,188800
2022-02-01,231.9717254638672,232.20720106746234,229.7770911136856,231.6137979472697,202900
2022-02-02,234.12867736816406,234.60904239947206,230.8791027166146,231.82100508001108,307100
2022-02-03,232.54627990722656,233.902621644981,232.1883524007942,233.6954019699191,162700
2022-02-04,232.1223907470703,233.79897558753464,230.2480001120399,230.91675702746195,161400
2022-02-07,231.9717254638672,233.46934685338266,231.4725183340287,232.17894514481415,126600
2022-02-08,233.8837432861328,234.2699266544949,230.16323230668388,231.14280431403245,244200
2022-02-09,236.70005798339844,237.0014592548733,235.21185057996482,235.25894857083904,156800
2022-02-10,232.9983673095703,236.3986351868446,231.81157558580963,233.86491570073838,296500
2022-02-11,229.616943359375,234.51483248363587,229.39088163156407,232.97011327431616,182000
2022-02-14,227.3092803955078,229.81474392551178,225.87758489660723,229.19308496742872,212700
2022-02-15,230.4364013671875,230.98270644819712,229.11774384219126,229.35321942681838,177200
2022-02-16,230.31393432617188,230.95442093559322,228.232324100978,229.24958022090064,144800
2022-02-17,226.00946044921875,229.5886921656435,225.83049670755418,229.20250876229247,178000
2022-02-18,224.2198486328125,227.0832253424245,223.35330022895243,226.03771319940955,169300
2022-02-22,223.33447265625,225.3124733921797,222.01581508048997,223.10841091228127,286700
2022-02-23,221.60134887695312,225.11464028477192,221.46005491448952,224.46472542538788,205900
2022-02-24,223.7489013671875,224.06914471003992,217.14615683558628,217.28745080846045,311000
2022-02-25,230.26687622070312,230.5117656657259,224.49301002634508,224.6625599285068,225500
2022-02-28,228.82574462890625,229.1083181903599,226.4238909149828,227.2715972270554,169700
2022-03-01,227.5918426513672,229.62634056505001,226.28259911380323,227.96859779812277,174800
2022-03-02,231.0674591064453,232.12238499187507,228.67501942333342,228.9293370465307,269200
2022-03-03,231.35946655273438,232.4803325893228,229.46623373143206,231.87750131991385,155600
2022-03-04,231.7550811767578,231.84926279045064,228.29830120108937,229.04239775010788,190100
2022-03-07,227.82733154296875,230.74722003190712,226.9984529248577,230.69070819381565,219000
2022-03-08,223.4380645751953,228.63736929123388,223.4380645751953,226.37679514968784,278000
2022-03-09,228.11932373046875,229.26844570334816,226.08481128285052,227.29987331640947,178100
2022-03-10,227.91209411621094,228.27002157903385,225.00161954239084,225.82106992065582,128200
2022-03-11,225.28416442871094,229.5792505931329,225.21823874738382,228.78804181119716,167500
2022-03-14,225.7457275390625,229.41915521416766,225.11465470869604,226.49925227028578,179300
2022-03-15,230.1632843017578,230.50236976018877,227.309321015085,227.53538277813595,180500
2022-03-16,233.91200256347656,233.968514399212,229.71112655454775,231.56667514672935,250600
2022-03-17,238.30128479003906,238.30128479003906,233.10198000674285,233.4881634037756,136700
2022-03-18,240.1097412109375,240.25103518438286,237.43474203225793,237.83033928778468,150600
2022-03-21,239.5069122314453,241.67327599229338,238.1976686282658,239.7329739542008,400600
2022-03-22,239.98727416992188,240.4582253071206,238.92293437300867,239.52575125373153,257700
2022-03-23,235.20240783691406,239.04535621678716,235.20240783691406,239.04535621678716,278300
2022-03-24,238.39720153808594,238.39720153808594,235.90336915416012,236.24343786169393,141600
2022-03-25,238.93557739257812,239.42679080242954,237.2446755143051,238.9450185376661,156600
2022-03-28,240.77767944335938,240.77767944335938,238.2649503813829,239.2284807761946,137400
2022-03-29,242.85586547851562,243.8666304187818,241.4578116902087,242.60082476701785,1394400
2022-03-30,242.9597625732422,244.1877746670891,241.82619077282322,242.997527159442,287100
2022-03-31,240.2958984375,243.753260853529,240.2958984375,242.78971613703908,393300
2022-04-01,243.37539672851562,243.37539672851562,240.3147644855342,241.41054284068463,551200
2022-04-04,241.80728149414062,243.25258402313676,240.81541342732356,243.25258402313676,378100
2022-04-05,241.6372528076172,244.62228372072374,241.05157023460768,241.11770149848107,305700
2022-04-06,244.7356719970703,245.0757550997038,240.4564971534438,240.4564971534438,193500
2022-04-07,248.90150451660156,249.4777460181214,244.0271915543984,244.08389609356942,424400
2022-04-08,249.8272705078125,251.07419388414164,248.20249942506206,248.75982983692157,750000
2022-04-11,244.62234497070312,249.58167210027236,244.2822906620838,249.05267951268635,492200
2022-04-12,242.56300354003906,245.69919386703413,241.49556300848312,244.86791172465678,365100
2022-04-13,244.33895874023438,244.49010359309497,241.72231932920567,242.56304275403872,281500
2022-04-14,242.8747100830078,245.40634982159233,242.65746282364512,244.47114303536816,173800
2022-04-18,239.54022216796875,242.7803233461061,238.53891272381068,242.24187520313424,372900
2022-04-19,242.0812530517578,242.77084598845724,239.98417962741394,239.98417962741394,142400
2022-04-20,244.99070739746094,246.12425031646816,242.29849611943732,242.65746146689742,138900
2022-04-21,241.69398498535156,246.2943610186586,241.25000598234706,246.09596718068204,160000
2022-04-22,233.13555908203125,239.83300737897088,232.82382828612486,239.83300737897088,322500
2022-04-25,234.81703186035156,235.21377625930586,230.14109822714641,231.9642342328625,216300
2022-04-26,229.74432373046875,233.99517455176502,229.74432373046875,233.49450552752143,264200
2022-04-27,229.30979919433594,231.55803170415788,228.56354501593023,230.15996364203505,1023800
2022-04-28,231.8603515625,232.6538404548857,227.96846511644594,231.0574215216218,233700
2022-04-29,226.22085571289062,231.43523734114004,225.84300802975648,229.90493548629195,302000
2022-05-02,225.55015563964844,227.67558111650234,221.6677111920367,226.02247241228264,339900
2022-05-03,226.12640380859375,228.11012579064257,225.37069401897094,226.1075071000127,211700
2022-05-04,231.00070190429688,231.77530840082835,223.62311554853449,226.15474117621022,560000
2022-05-05,225.76742553710938,230.01827664554867,223.55698642007243,230.01827664554867,273100
2022-05-06,224.1993408203125,224.81336132418073,221.89443247193438,223.9348445587575,229100
2022-05-09,217.30352783203125,221.91334485438557,216.34945299360334,221.48826257643123,541200
2022-05-10,218.75823974609375,220.94978209191578,216.18883533101678,219.61785973793906,4434100
2022-05-11,216.40609741210938,222.30061597770427,216.16049787711282,218.0308682779984,334000
2022-05-12,218.73936462402344,218.83383375415028,215.37647115261188,215.70709869409026,327000
2022-05-13,222.06446838378906,222.8485160013452,220.23187689383434,220.23187689383434,220600
2022-05-16,223.4625244140625,225.05895752075892,221.837753452191,221.837753452191,213900
2022-05-17,227.1371307373047,227.26937885572147,224.7850024587521,225.79575284651648,187400
2022-05-18,220.94979858398438,225.84300824483316,220.298013492052,225.34235357791928,232800
2022-05-19,221.64881896972656,223.09410717011187,218.65433230031547,219.22111820452963,156400
2022-05-20,224.32211303710938,224.85110547823302,219.8067661681374,223.3774795596849,216200
2022-05-23,226.08856201171875,226.9765197434679,225.08725288066964,225.710714404744,326300
2022-05-24,226.06973266601562,226.4853593654415,223.56644483816785,225.36125742654343,171600
2022-05-25,226.27752685546875,227.6189192556325,224.1332189553295,225.67296192628103,210900
2022-05-26,227.5433349609375,228.3746026864539,226.16416363079608,227.00488691678376,238600
2022-05-27,231.7091827392578,231.7091827392578,227.1749527294351,227.83619340470375,167000
2022-05-31,228.3935089111328,229.89547286431397,226.79707583308695,229.89547286431397,228300
2022-06-01,224.82278442382812,229.09253209669478,223.1413378615065,228.96972512298638,284100
2022-06-02,227.42054748535156,227.477223197182,221.611056399287,225.37069422834742,215600
2022-06-03,225.07785034179688,227.06157223961503,224.68110596223323,226.17361435555915,241700
2022-06-06,224.79444885253906,226.85374308937998,224.1332082450197,226.60814355343396,240700
2022-06-07,227.958984375,228.24236292022843,224.32213929561195,224.32213929561195,148300
2022-06-08,226.3530731201172,228.4596161888629,225.76740496656336,227.11822394368605,118700
2022-06-09,220.99700927734375,226.12637678982878,220.99700927734375,225.66350117567484,134600
2022-06-10,217.19960021972656,219.17389543006706,216.47224271409252,218.3426132362395,547700
2022-06-13,210.25650024414062,213.69496518376803,209.31186686057308,212.8636831937609,1544100
2022-06-14,208.47119140625,210.3604586054889,206.81808260691597,210.30378289574608,442200
2022-06-15,210.7949676513672,213.01486222506315,207.3753988658102,209.6614102917206,255600
2022-06-16,207.3565216064453,207.40375617043637,205.09884782173938,206.8842047944653,396800
2022-06-17,208.01776123046875,210.73829606399593,207.42263747908896,207.42263747908896,284400
2022-06-21,213.4021759033203,214.35625063181953,210.54937845064785,210.54937845064785,232500
2022-06-22,216.51947021484375,218.74880605050782,211.78684673222907,211.78684673222907,211500
2022-06-23,221.9912872314453,222.0955491177362,217.6407362150704,217.6407362150704,426000
2022-06-24,225.76365661621094,225.76365661621094,222.32302868271887,223.89643013917296,178000
2022-06-27,226.4840087890625,227.26123644504645,225.20444677923987,225.89635873104353,291400
2022-06-28,222.39883422851562,227.82042307346592,221.8206573406288,227.15694495525275,298400
2022-06-29,224.1333770751953,225.10964088707593,221.9344043778889,222.7116319748559,466100
2022-06-30,223.2139892578125,224.44617128426768,221.00554338228076,222.3135535525051,224100
2022-07-01,226.0574951171875,226.29445265923906,221.0908598292002,223.18557086454186,192200
2022-07-05,225.72572326660156,225.73521082336555,220.7780491906244,223.9627587744403,321500
2022-07-06,226.92945861816406,228.1711136137214,225.65936987940606,225.792065501922,230900
2022-07-07,228.6261444091797,228.7588400676684,226.7020356669804,227.01482138971994,154100
2022-07-08,229.37486267089844,231.4032183160076,227.4792026488249,227.85832886814433,122700
2022-07-11,227.99102783203125,229.41277286941985,227.460245332111,228.3417347759159,142600
2022-07-12,225.25181579589844,228.5407873753289,224.27555195721624,227.60244483949737,118500
2022-07-13,223.51731872558594,225.17602153120495,222.58843474126598,222.74009104026607,154300
2022-07-14,222.6642608642578,223.02444095541975,219.4132103369485,220.910783734778,277900
2022-07-15,227.76358032226562,227.89627596031934,224.70209308969385,225.87739318024384,277500
2022-07-18,222.9959716796875,228.43650670966113,222.27561161213157,228.43650670966113,206400
2022-07-19,227.10009765625,227.47922391100585,224.53147172264948,225.1380824079026,123200
2022-07-20,225.6404266357422,227.327563021908,224.6452021587313,226.84417488746925,146600
2022-07-21,229.01470947265625,229.01470947265625,225.59304215338165,225.91531538657645,158000
2022-07-22,227.6214141845703,230.02891096462528,226.3513252019144,229.73508591996887,253000
2022-07-25,228.6734619140625,228.88198567228582,227.30859885488002,227.9815500596332,136000
2022-07-26,229.68765258789062,231.16626511860832,228.46494375174743,228.9009519285496,239800
2022-07-27,231.6401824951172,232.55010569554315,228.8345992179808,229.95304618386402,176300
2022-07-28,232.8723602294922,234.36044584219584,227.79199073720173,231.69704579658392,241300
2022-07-29,232.01930236816406,232.38895549448475,230.2847861727088,231.98139553127348,202600
2022-08-01,230.152099609375,232.02879905820683,229.81088021297475,230.9482733800626,306100
2022-08-02,229.97203063964844,232.73969290261027,229.80141369445906,230.2942894149904,139800
2022-08-03,232.27525329589844,233.08091470520267,231.043071213385,231.58334133879282,190200
2022-08-04,231.75390625,233.04295561825617,231.24208441767587,232.83443186289577,288800
2022-08-05,232.06671142578125,232.2752351987018,229.37487749156574,230.1331444419369,121700
2022-08-08,233.09034729003906,234.62582723182888,231.77286419440438,232.91974483550143,608300
2022-08-09,231.6686248779297,234.09506755256032,231.1094086055048,233.02402940394333,135000
2022-08-10,234.711181640625,234.88178412330583,233.09038574145637,234.18039907752,139100
2022-08-11,233.08090209960938,236.63526495535768,232.60698705217627,234.3888977958619,162400
2022-08-12,236.0570831298828,236.13291127143032,233.47898416822383,233.60220670608095,179800
2022-08-15,237.37457275390625,237.54517522993203,235.336729359581,235.78221066396776,235900
2022-08-16,236.2182159423828,237.10917854009915,235.3556870903179,236.81535352654151,197400
2022-08-17,234.37940979003906,235.88645607393903,233.98132291105068,235.1566373604963,203600
2022-08-18,233.34628295898438,234.69219989812092,232.04776041502467,234.65429305962277,161600
2022-08-19,233.4126434326172,234.46473545914722,232.80603272578165,232.80603272578165,122000
2022-08-22,230.2847900390625,232.69227194733634,229.59286370523273,231.96243877597954,118100
2022-08-23,227.56451416015625,229.79192057182246,226.7493797353272,229.79192057182246,301700
2022-08-24,228.34176635742188,229.28959651344013,227.3749755487159,227.71619498339209,568300
2022-08-25,230.9198455810547,230.9198455810547,227.8867777737434,229.43174542260292,132300
2022-08-26,224.05755615234375,230.91985126430404,223.8869536769218,230.91985126430404,176100
2022-08-29,222.36094665527344,223.75425805559678,221.43206274656487,222.61685036842215,218200
2022-08-30,220.60745239257812,223.05285574861318,220.14301044411286,223.05285574861318,133300
2022-08-31,219.4795379638672,222.8917321450611,219.47006486935322,221.46998698002025,157000
2022-09-01,222.541015625,222.63580441703317,218.35160845389026,218.87291788459447,187000
2022-09-02,219.3563232421875,224.05756711914125,218.4938088029937,223.91539838266434,126000
2022-09-06,219.18572998046875,221.8206967341336,218.64545983364454,220.2188614096432,132600
2022-09-07,223.20449829101562,223.59309761045,218.64542371191018,219.2141275132723,138800
2022-09-08,227.4413299560547,227.4413299560547,222.29460470286176,222.55052289382746,104200
2022-09-09,229.55496215820312,230.09521776616052,227.73513019745695,228.20904522252852,93300
2022-09-12,230.99569702148438,231.98143403436774,229.87724990061182,230.51229437878274,152900
2022-09-13,223.32769775390625,227.51710457676987,222.7021409518,227.062150230855,223000
2022-09-14,223.55519104003906,224.9485023385762,222.01022346592572,223.8490160347564,168000
2022-09-15,224.56939697265625,226.8062767696644,224.08600878880466,224.08600878880466,133000
2022-09-16,223.49835205078125,223.80165017786888,221.7164267423927,223.60261394569207,162200
2022-09-19,222.16189575195312,222.2471969895852,218.94875230315665,221.85859764168154,127100
2022-09-20,219.77333068847656,221.19507564459346,218.4084532165663,220.91073822356014,133500
2022-09-21,215.83984375,221.75430801938288,215.83984375,220.50316550629245,122600
2022-09-22,216.01046752929688,217.55543517405818,214.22855682937828,215.48917256011603,373200
2022-09-23,214.88255310058594,215.32801991028433,212.0485360959163,214.8446318001402,210800
2022-09-26,212.63619995117188,214.64560958638356,211.7926317454888,213.5555962999516,454200
2022-09-27,212.4561004638672,215.65029757517024,211.58409855117347,214.27594689171536,323700
2022-09-28,217.42291259765625,218.36470457895982,214.2264955804703,215.06365691132325,224600
2022-09-29,215.32054138183594,216.45260806945214,213.91259984939558,216.45260806945214,212100
2022-09-30,212.8090362548828,217.45145534383227,212.47608491210062,215.53931855477217,193700
2022-10-03,216.7855224609375,217.70829855762054,213.40835355702686,214.43577481465042,274500
2022-10-04,222.16046142578125,222.28413694885836,218.49789500210971,218.91647568091864,521400
2022-10-05,222.63613891601562,223.7206369026062,219.7726873984504,220.61935675187718,223200
2022-10-06,220.05807495117188,222.5885604642848,219.6490021719088,221.89410495054418,188400
2022-10-07,215.0351104736328,218.43131000538247,213.8174291469315,218.43131000538247,213600
2022-10-10,213.2371063232422,215.52026947896434,212.4760664539065,215.47270085815458,257600
2022-10-11,214.41676330566406,216.6618659883087,212.06701545288277,213.20858988970573,236100
2022-10-12,213.2847137451172,215.80570594760556,213.2847137451172,214.74022380807247,309000
2022-10-13,218.16494750976562,219.1352923263375,209.76483906079636,210.28806491855113,206300
2022-10-14,215.96743774414062,220.9237785248926,215.663010114107,219.51583702575812,279400
2022-10-17,220.05807495117188,220.4576252953476,217.46097594016896,217.7654035448212,167800
2022-10-18,221.2852325439453,223.45422811057085,220.31488783806384,222.9310023125022,176100
2022-10-19,217.69879150390625,220.89520858147813,215.83422334293465,220.89520858147813,141800
2022-10-20,215.86277770996094,218.97356568836744,215.59641080996113,217.08996703382383,130400
2022-10-21,220.5242156982422,220.96182676273412,214.30262514871612,215.71056656836868,152800
2022-10-24,224.09164428710938,224.7195153493037,221.94167871415286,222.02729353647732,245600
2022-10-25,226.44137573242188,226.77434159387326,223.69207757246755,223.8062306605508,168100
2022-10-26,229.15261840820312,231.43576717271208,226.93605410374025,226.93605410374025,472200
2022-10-27,227.6590576171875,229.70439238444072,227.38318281500693,229.70439238444072,183700
2022-10-28,231.4072265625,231.71165413650678,227.26900313826775,227.69710622870298,245600
2022-10-31,231.1979522705078,232.26341982162222,229.90416402305172,230.55106540473312,879900
2022-11-01,231.37869262695312,232.6439425378009,229.15262038496803,231.8067812095032,201400
2022-11-02,227.4593048095703,233.74749429196822,227.36416755234862,231.1979638606826,258600
2022-11-03,226.49844360351562,227.64001798835494,224.25334102310575,225.46151438404775,166000
2022-11-04,227.4497833251953,228.54380372418882,224.1962894341341,228.54380372418882,214600
2022-11-07,229.64730834960938,230.15150385984745,227.1643769904019,227.73517148149367,251000
2022-11-08,230.4939727783203,232.53930756490186,228.039594259873,229.8661162704815,211700
2022-11-09,227.82078552246094,231.49285996231507,227.53538827788958,230.09442652823157,216300
2022-11-10,234.52755737304688,235.0412753206727,230.88402117615712,233.18620047368793,305300
2022-11-11,232.50128173828125,234.27072746962563,229.86615075561664,234.15657436305784,429300
2022-11-14,232.17779541015625,235.18395246619096,232.17779541015625,232.9103115792325,281200
2022-11-15,232.35855102539062,235.12687951835403,230.5700752403713,234.35631714763164,282200
2022-11-16,231.59750366210938,234.13751154242001,231.29309058150065,232.72006227937675,219800
2022-11-17,231.15036010742188,232.03509001423998,229.35237654004243,230.02781612550163,174000
2022-11-18,233.8711395263672,234.29922812316389,232.38709131565528,232.92934751659578,143100
2022-11-21,233.77601623535156,234.70830032418755,233.25279038899745,233.48109656492912,130700
2022-11-22,235.84988403320312,235.9259909334776,234.02336197433667,234.4419426678928,166100
2022-11-23,236.87728881835938,237.2007322349365,235.37421030402894,236.03061957149225,212100
2022-11-25,238.27574157714844,238.37087883255344,237.00098364380133,237.00098364380133,171100
2022-11-28,236.25897216796875,238.89410299624788,235.73574626700628,237.1531956435407,143800
2022-11-29,235.69769287109375,236.1923805124384,234.66076347258397,235.88796739800904,108600
2022-11-30,241.96685791015625,241.96685791015625,235.21251890176075,236.2970168915916,170700
2022-12-01,242.81350708007812,243.67919220332314,241.2818902246201,242.95619844217714,642900
2022-12-02,243.4984893798828,243.88851733055154,239.8073841174597,240.58745453470584,395300
2022-12-05,240.6730194091797,242.38537360352416,240.07368673161622,242.38537360352416,337500
2022-12-06,238.3423309326172,240.75867791676535,237.2197867785271,240.5113413699084,111900
2022-12-07,240.1117706298828,240.6825651282494,238.29477099242692,238.29477099242692,223400
2022-12-08,242.49957275390625,242.756417206941,239.96907280365565,240.86331071960186,160000
2022-12-09,239.11293029785156,242.47106967151004,239.08439202115034,241.90978302593226,114100
2022-12-12,241.8431396484375,241.976323079241,239.61706751247675,239.61706751247675,186600
2022-12-13,242.95619201660156,246.42849840021208,242.16659929675433,246.0099177279166,183700
2022-12-14,243.3557586669922,245.3535249130487,241.37702277529152,243.00377694889838,350300
2022-12-15,238.61907958984375,241.5986050181655,237.9697049966812,241.23571064449797,241300
2022-12-16,235.51544189453125,237.17710019773054,234.19758903366605,237.0051974765635,612400
2022-12-19,234.3885498046875,235.75415405083197,233.4049288880538,235.75415405083197,380200
2022-12-20,234.675048828125,235.37217497435728,233.17573436065706,234.48404258818826,193500
2022-12-21,237.68319702148438,238.54266677575657,235.24801328874037,235.90694690048954,199400
2022-12-22,237.4540252685547,237.4540252685547,234.27397807336396,236.56590739300603,210000
2022-12-23,237.1770782470703,237.35852543583582,235.49633113064095,237.04338261930582,141400
2022-12-27,236.0311279296875,237.6545790998824,235.4008422584736,237.42538033624152,171900
2022-12-28,234.73236083984375,237.81691947781985,234.61775417373917,236.72825086607938,164500
2022-12-29,237.6163787841797,238.838743006637,235.7541698557154,235.96426507255003,528600
2022-12-30,236.88104248046875,236.9860900875358,234.38856250526902,236.45130756855102,170300
2023-01-03,235.90696716308594,237.95060869746433,234.27397157536106,237.4253706595265,236700
2023-01-04,236.93833923339844,237.97925625179738,235.3721841780956,237.03384235710124,176600
2023-01-05,234.78964233398438,236.0597580642441,233.8633174372666,235.7923668127926,162600
2023-01-06,236.76641845703125,237.38715957026812,233.25212526325768,236.1743399361026,153600
2023-01-09,233.06114196777344,237.339416531243,232.68870311515468,237.08156976505148,394200
2023-01-10,235.40081787109375,235.44856943003833,232.81283492228852,232.81283492228852,290100
2023-01-11,236.88104248046875,236.88104248046875,234.67505730379108,235.58227868933534,214600
2023-01-12,236.76641845703125,237.37761508731853,233.87285180476485,236.83327355286755,261900
2023-01-13,237.7882537841797,238.53313148571704,235.40082151727026,235.6109167224967,320800
2023-01-17,236.85238647460938,238.13204668358176,236.5085956423166,237.7214007528039,239200
2023-01-18,233.52908325195312,237.5781738832891,233.52908325195312,236.92879925928875,373600
2023-01-19,233.8633575439453,234.90427470644698,232.64099316432757,232.64099316432757,467400
2023-01-20,235.42947387695312,235.55362502007375,232.96564198349435,234.5031489745846,210500
2023-01-23,236.37490844726562,237.4444734873307,234.95199350724772,235.70643029722495,177300
2023-01-24,234.77053833007812,236.64229165825796,233.5959257226928,235.17162520646016,158000
2023-01-25,235.07615661621094,235.07615661621094,232.66962058186925,233.40495387019922,202100
2023-01-26,235.65866088867188,235.76370848798933,233.7773631556323,235.75414943331432,175200
2023-01-27,234.2166748046875,235.50589419477703,233.84423591426435,235.07615925532443,147900
2023-01-30,231.8101348876953,234.99974098512385,231.60958416030297,233.86332086393853,229700
2023-01-31,234.99974060058594,235.02838862277645,232.3162689960499,232.3162689960499,179600
2023-02-01,236.3844451904297,237.7787120620565,233.35718278944313,234.92333779185293,193600
2023-02-02,235.6109161376953,235.6873157186544,233.96836157640013,235.51541301856392,299700
2023-02-03,234.58908081054688,236.26028334105234,233.89195469219175,235.5249647192753,202600
2023-02-06,232.946533203125,234.47449567641218,232.62184591336376,234.1593528698568,125200
2023-02-07,234.42674255371094,235.07613170063325,231.25624011461736,232.05841385046548,218800
2023-02-08,233.29989624023438,234.7991962049795,233.11844904698125,233.93972637262684,121200
2023-02-09,231.23715209960938,234.82784518568565,230.83606520476025,234.35035870537988,151000
2023-02-10,233.01339721679688,233.2330369127773,231.08434779909783,231.4376976954575,161800
2023-02-13,234.8087615966797,234.88516118388634,232.88925657597423,232.97521521891377,144400
2023-02-14,233.6627655029297,235.8687651735775,232.41175331760277,234.80874465662265,163900
2023-02-15,232.9943084716797,233.3285548503892,232.0584390117173,232.8701718904509,187800
2023-02-16,230.77877807617188,232.96565982891443,230.46363523838485,231.1607614464844,131300
2023-02-17,233.10888671875,233.2521268226001,229.71873006757608,230.11027244707276,120400
2023-02-21,229.1648712158203,231.8387985212998,229.04072006327792,231.20851284617427,231200
2023-02-22,228.68736267089844,230.1484700494574,228.23852423991835,229.58503953285862,116100
2023-02-23,229.30809020996094,230.40631779817585,227.61779865294326,228.97385843490176,156300
2023-02-24,226.27130126953125,227.69420169046924,225.7078707059151,227.69420169046924,132200
2023-02-27,225.7460479736328,228.2958239213992,225.28766505212198,227.52229818768396,150800
2023-02-28,224.18942260742188,225.44999377277668,224.18942260742188,225.41178669833778,244700
2023-03-01,224.22764587402344,224.75288389751697,223.2535694097018,223.5400642017647,198500
2023-03-02,225.4691162109375,226.1280352970868,223.2249239807278,223.46366721493177,154100
2023-03-03,228.3531494140625,228.3531494140625,225.6505739533521,226.50049937888255,174100
2023-03-06,227.53182983398438,228.72554591662418,227.06390245549647,228.29581104121976,159400
2023-03-07,224.06532287597656,228.1716951776586,223.80747608218277,228.076206619324,166900
2023-03-08,222.75701904296875,224.07488657790537,222.02170025097436,224.05578303590733,140100
2023-03-09,220.15945434570312,223.8361059795288,219.40503213750992,223.4350190948492,280200
2023-03-10,217.9534912109375,220.86616187552542,216.90302961782407,220.07353250963874,738900
2023-03-13,220.0735321044922,222.900258688134,217.25636457707,217.25636457707,494000
2023-03-14,222.55642700195312,223.09120946982875,220.26448340454837,222.0216445340775,162000
2023-03-15,221.99302673339844,222.21266644008998,219.49098760134308,220.12127326930803,206900
2023-03-16,224.3804473876953,224.41863989356256,219.87297396537127,220.80884336228965,206800
2023-03-17,221.10488891601562,223.64512049433273,220.5701063883133,223.58782444804046,154100
2023-03-20,223.8074493408203,224.12259214630677,221.77335240164876,221.77335240164876,182800
2023-03-21,225.38314819335938,225.6409949556546,223.66420863600447,224.71467007975136,214200
2023-03-22,221.7447052001953,226.0420832644306,221.7160571788388,225.53594879149242,179600
2023-03-23,221.37228393554688,224.07485921478607,220.0735201012081,222.86203945134375,137300
2023-03-24,224.08277893066406,224.42769912691912,220.09703768940537,220.84436234469152,145000
2023-03-27,225.24209594726562,226.6888515294188,225.1271274155553,225.44330549735832,124600
2023-03-28,223.9294891357422,225.7882250306473,223.40252566766088,225.1846110017906,127300
2023-03-29,224.84925842285156,225.57743141385296,223.89114837751214,225.57743141385296,198800
2023-03-30,225.82652282714844,225.92233967445787,224.37019154171512,225.92233967445787,181400
2023-03-31,228.47091674804688,228.49006842191218,226.41097147885367,226.42056193538468,105700
2023-04-03,230.69374084472656,230.799133536918,228.23140557385264,228.7296122827582,200100
2023-04-04,230.55960083007812,231.8243131079063,230.09971210159472,230.90452103134044,455900
2023-04-05,234.123779296875,234.38247311148035,231.50814287684182,231.85306308978244,349700
2023-04-06,234.8231658935547,235.36929558654725,233.8937980655341,234.46866988767388,167400
2023-04-10,234.75613403320312,234.7752857085395,233.01236668402538,234.3633053948148,123700
2023-04-11,235.65676879882812,236.54780418262587,234.95733789327502,234.95733789327502,285600
2023-04-12,235.5034637451172,237.4005176354615,235.16811936478166,236.53822439974132,219800
2023-04-13,238.85682678222656,239.05802169597445,236.30825066436492,236.56694445878205,136600
2023-04-14,236.80650329589844,238.76104152893973,235.94419540693286,238.28198646382566,130900
2023-04-17,237.14181518554688,237.37176686251584,236.0112523345478,237.11307305337567,105100
2023-04-18,235.6855010986328,237.7166897663158,235.2543398719723,237.7166897663158,98400
2023-04-19,236.44239807128906,236.65318345283927,234.97649085752565,235.5801048701103,118900
2023-04-20,235.34059143066406,235.7142537894677,234.44954142453227,235.36933356444897,159900
2023-04-21,237.1801300048828,237.71666925801264,236.05914307539405,236.4232149288189,104300
2023-04-24,238.24365234375,238.31071244612863,236.89271364298705,237.21846755648184,134100
2023-04-25,235.35972595214844,238.67479312984818,235.2639237197149,237.8316516146785,113800
2023-04-26,232.29376220703125,233.9800451318581,230.96198991686353,233.9800451318581,113100
2023-04-27,233.32855224609375,233.71179043950644,230.44464609872335,232.58122753521903,135100
2023-04-28,235.4459686279297,236.06873431173798,233.09858731296194,233.14649573931624,114200
2023-05-01,236.93101501464844,237.71667223055442,235.55134889774737,235.6854837127071,148800
2023-05-02,235.2926788330078,237.40051811762697,233.79802942427057,236.51905858477167,159400
2023-05-03,235.57049560546875,237.94661887694753,235.22557542861526,236.39447077130777,109400
2023-05-04,233.81716918945312,234.57408431275644,232.83031701165694,234.57408431275644,390900
2023-05-05,236.26992797851562,236.9597683367862,234.89024726197454,235.09144217170453,175900
2023-05-08,235.55136108398438,235.81963072778282,234.61240271109074,235.81963072778282,450100
2023-05-09,234.20042419433594,235.61842298231474,234.05669891431964,234.73696348602525,102300
2023-05-10,235.06271362304688,235.66632762630837,233.7021991210725,235.1489400179131,146600
2023-05-11,234.20042419433594,234.73696348602525,232.99319616843573,234.61240450059765,145800
2023-05-12,233.61598205566406,234.95733031692416,232.75367421376865,234.56451629586914,115900
2023-05-15,233.83631896972656,234.07584646430664,232.93569325096976,233.8842273925622,185700
2023-05-16,231.25901794433594,232.86865042951203,231.25901794433594,232.86865042951203,114300
2023-05-17,231.72848510742188,231.9775884442833,229.36195223864405,231.87219575953455,186300
2023-05-18,231.3069305419922,231.49854963140703,229.40987670346627,231.1919620122632,194800
2023-05-19,232.2171173095703,233.79800759009672,231.68057804573047,231.68057804573047,118100
2023-05-22,232.8111572265625,234.15250539637364,232.2171190774188,232.8111572265625,160100
2023-05-23,230.21470642089844,232.46627112855893,229.86978618099303,232.01595818702683,107100
2023-05-24,228.49966430664062,229.53442488428513,227.982276708019,229.5248344275263,123100
2023-05-25,225.96067810058594,227.80024770261898,224.56184556864397,227.80024770261898,211000
2023-05-26,225.8361358642578,227.94397513943673,225.3187482284122,226.09481506258084,137300
2023-05-30,224.30316162109375,226.3535167008166,223.8432728552532,224.8971852194545,171900
2023-05-31,225.97982788085938,226.44930704951597,223.09592200950806,223.83365619219882,177700
2023-06-01,227.8194122314453,228.30804310614084,224.68638819590464,226.3630808254436,188300
2023-06-02,231.03863525390625,231.24942061475096,228.57630025799875,229.03618894547915,225500
2023-06-05,231.6422576904297,232.34167389361158,231.1536122362136,231.1536122362136,159500
2023-06-06,230.21470642089844,232.43752899353353,229.35241313093525,232.1117604305779,141300
2023-06-07,229.41943359375,230.55001098124424,229.18949655328203,229.9655633040578,165500
2023-06-08,230.6266632080078,231.00032552107774,228.75833702305994,229.21824034652929,107200
2023-06-09,230.7991485595703,231.8626513883256,229.61108673568145,230.68418002227799,106100
2023-06-12,232.01593017578125,232.1213228646839,230.3679797418122,231.24943922190744,155200
2023-06-13,233.4818572998047,233.84594382339273,231.70934773134726,231.70934773134726,174700
2023-06-14,231.10572814941406,232.82073868073502,230.1380276567903,232.54289320299884,224200
2023-06-15,234.53573608398438,234.88065626232188,231.09612475697315,231.11529105010248,175200
2023-06-16,234.28663635253906,236.2603406068501,234.12375940743166,235.63757495675722,105500
2023-06-20,234.20042419433594,235.00523313186991,232.0542524079794,232.42791474466298,127200
2023-06-21,234.02793884277344,234.70820336233322,232.60036432673093,233.57762598185317,128600
2023-06-22,235.37887573242188,235.79087062373773,234.07584558203362,234.16207197105393,128300
2023-06-23,234.28663635253906,235.2830789362057,234.20998579844175,234.65072282960168,231100
2023-06-26,232.7728271484375,234.08544782118727,231.0961346082991,234.08544782118727,96600
2023-06-27,232.36087036132812,232.9453181192252,230.79914618768834,232.89740968931227,116900
2023-06-28,231.90093994140625,232.38958540210876,231.15361530461263,232.2937685534538,321100
2023-06-29,233.33082580566406,233.58084968720885,230.9076189959738,231.6480359625532,187100
2023-06-30,235.41751098632812,236.12908133972678,234.2443648292093,234.2443648292093,173900
2023-07-03,233.60008239746094,234.60014862687893,232.7538894411423,234.60014862687893,97100
2023-07-05,233.3885498046875,233.87895759615165,232.70581142259678,233.26353785533303,216800
2023-07-06,231.3018798828125,232.2923354825662,230.71530678959658,231.85960632167058,184100
2023-07-07,229.0806121826172,231.0422728244742,228.9267682417532,230.24414777313447,187800
2023-07-10,231.388427734375,231.41727438788703,229.0805927440658,229.0805927440658,169900
2023-07-11,231.4557342529297,231.90768472661833,230.4172106967577,231.0807130803757,109600
2023-07-12,231.0230255126953,232.3500303129019,230.74416962782217,232.11924240376382,132200
2023-07-13,231.13841247558594,232.22501870768076,230.97494320865593,231.74422156749924,420900
2023-07-14,234.3212890625,234.917487498554,232.60004174295528,232.7058177015484,666500
2023-07-17,233.3212127685547,234.03279774858578,232.6673357648203,233.74431655815357,833500
2023-07-18,234.82135009765625,235.7060151870047,233.10971323545243,233.4270411489306,194900
2023-07-19,235.77330017089844,237.50417278236247,235.7252175230981,235.81175748548029,428900
2023-07-20,238.79269409179688,239.7542883105021,236.86950565438644,236.86950565438644,172200
2023-07-21,241.1389923095703,241.84095199824904,239.0138625775458,239.23502514495567,193300
2023-07-24,240.36012268066406,241.83136081642724,240.15818141744964,241.28324501110592,189000
2023-07-25,240.13893127441406,241.21592682682942,238.60038925673558,238.8696344766484,112400
2023-07-26,240.0908660888672,240.95630979247264,238.67733591789866,238.8696518500004,123200
2023-07-27,238.36000061035156,241.36017014152728,238.19653133951334,240.53319845373338,227300
2023-07-28,239.3216094970703,239.763934686818,238.10999121044506,239.3119841628809,153500
2023-07-31,237.84072875976562,239.0619576194826,237.0233824148877,239.0619576194826,239500
2023-08-01,236.48487854003906,237.90804866472226,235.96562407540813,237.36955820576736,118200
2023-08-02,236.16757202148438,237.54264486291345,235.60022021859544,236.05217072503723,117400
2023-08-03,234.71554565429688,235.4655880232554,234.62900569005498,235.4655880232554,195600
2023-08-04,234.1866455078125,236.273317838262,233.71547373938327,234.97515979640824,193500
2023-08-07,236.1387176513672,236.379116224695,234.5905502522255,234.5905502522255,136900
2023-08-08,237.80224609375,237.99456199717494,236.1963855573693,237.5041542425269,192200
2023-08-09,237.62918090820312,238.89849243881474,237.3310890201014,237.8599688245229,615200
2023-08-10,237.45608520507812,240.3793252538268,237.2541439576145,238.36959680326436,183600
2023-08-11,238.8023223876953,239.11003960333275,237.08107506511217,237.25415499433493,278600
2023-08-14,239.42735290527344,239.92737134110058,238.4272866880921,238.63883859277416,133300
2023-08-15,238.53306579589844,239.5042853728132,238.3599858749218,238.6773137361427,191100
2023-08-16,236.59063720703125,238.87923616307825,236.55217989395874,238.07150053368406,163100
2023-08-17,234.51361083984375,236.50410331136476,234.436681538963,235.8309902696128,297700
2023-08-18,234.66748046875,235.18674963837267,233.7828154208817,233.7828154208817,125100
2023-08-21,235.0328826904297,235.3213639219115,234.00398439455458,234.48478155610263,124100
2023-08-22,234.36936950683594,235.3598104403617,234.18666424618792,234.6770867190356,306800
2023-08-23,235.01364135742188,236.3021888724036,234.64824550042522,235.6098398016794,143100
2023-08-24,233.2058563232422,236.30219117730365,233.07123370666406,234.81171706126858,163800
2023-08-25,234.88861083984375,235.59057047206045,232.9269505261049,233.62892483108413,497000
2023-08-28,235.32135009765625,236.45602428932466,234.53283575611252,235.53290201013073,243500
2023-08-29,237.45608520507812,237.51377851213522,235.54250737535625,235.62904733594192,130200
2023-08-30,237.57147216796875,238.79270096927073,237.42723890011422,237.88880003001242,188800
2023-08-31,235.0520782470703,237.9368607200628,235.0520782470703,237.78300213337357,253600
2023-09-01,235.84060668945312,237.12915416971916,235.50405749674016,236.70605034092412,203800
2023-09-05,233.50392150878906,236.0329189518284,233.41738155219213,235.89829635064552,176900
2023-09-06,232.1865692138672,233.50394872705695,231.26343221760575,233.36932611018185,204800
2023-09-07,232.83082580566406,233.75394809015913,232.46541528697085,232.75389650316214,133000
2023-09-08,232.6096649169922,233.37894332334713,232.26349036777074,232.6865942249042,145600
2023-09-11,234.4174346923828,234.73476254153775,232.6000222274141,232.90773941669033,125500
2023-09-12,233.79238891601562,234.628971125976,232.71539349730335,233.69622363251486,125600
2023-09-13,233.95590209960938,234.82133112260595,233.37893963576838,233.57125556612706,116700
2023-09-14,234.26358032226562,235.1867172339783,233.92703114728423,235.0328586365656,114400
2023-09-15,232.5904083251953,234.71552327705274,232.36923109620005,234.02317428359578,129900
2023-09-18,231.79229736328125,232.8500422367505,231.16725229586572,232.7250449614785,222300
2023-09-19,231.9365234375,232.38847389571106,230.5999080556827,231.62882091626292,99100
2023-09-20,231.7249755859375,233.49432013684586,231.7249755859375,232.65772317150845,96700
2023-09-21,229.36907958984375,231.21533882381394,229.36907958984375,231.06148021945873,118500
2023-09-22,228.9075164794922,230.27297856767382,228.7921151908369,229.55178287282524,139600
2023-09-25,229.93641662597656,230.04219258234738,228.01322809033536,228.72481313071768,125400
2023-09-26,228.35939025878906,229.9364041857835,228.15746369021943,229.22483385666317,178500
2023-09-27,227.43624877929688,229.12864917366616,225.73422305301577,228.811321348579,264400
2023-09-28,228.43714904785156,229.10312080477493,227.77119201830007,227.77119201830007,186000
2023-09-29,226.9121856689453,229.10311784744124,226.5261076197992,229.10311784744124,156800
2023-10-02,226.12074279785156,226.40065123193534,223.74642532304804,226.40065123193534,306100
2023-10-03,224.01666259765625,225.39685293950714,223.20590607252464,225.02043605287767,341300
2023-10-04,224.61509704589844,225.02046800233498,223.00325964981494,224.07460243731637,258700
2023-10-05,226.0628204345703,226.35237527901523,224.07456641801767,224.78878500996115,236900
2023-10-06,228.3310089111328,229.13208962957054,225.3582739753426,225.42582843457475,156700
2023-10-09,228.9293975830078,229.15138326035603,226.65158860091643,227.38511481545123,94000
2023-10-10,230.3192596435547,231.24581756449305,228.29239025952148,228.94871562027774,145700
2023-10-11,228.99696350097656,230.67636999020712,228.00283639008723,230.67636999020712,113300
2023-10-12,226.44886779785156,229.47951020459394,226.3426981866096,229.1803089531039,143700
2023-10-13,227.8194580078125,228.8425538915882,226.6033451718313,227.2210553829068,104200
2023-10-16,229.5953826904297,230.91766513013974,228.49508594097344,228.69776404548304,152200
2023-10-17,229.58570861816406,230.9659137374612,228.77496679098962,228.77496679098962,97300
2023-10-18,227.24032592773438,230.1744452702232,226.99903268574982,229.79802840182214,106000
2023-10-19,224.88531494140625,227.24998590840593,223.8429263065821,227.24998590840593,165900
2023-10-20,224.01666259765625,225.6767613610917,224.01666259765625,224.3641254720351,131000
2023-10-23,222.45306396484375,224.4123639330428,222.36620193134627,223.66919134329206,155700
2023-10-24,223.46652221679688,223.96841634247122,221.89328538235225,221.9898085813801,235300
2023-10-25,221.10183715820312,222.72332076243978,219.67338521246538,222.50133509153463,163100
2023-10-26,219.1135711669922,220.9087934753214,218.88192435297944,219.71197369397836,285200
2023-10-27,215.3301239013672,218.7950917861496,214.5290284633131,218.66961457073972,1284600
2023-10-30,216.45936584472656,217.18324563823793,214.85717503385206,216.66204393958137,432600
2023-10-31,217.93609619140625,218.09052742712439,216.121565990151,216.86475342559305,131900
2023-11-01,218.4282989501953,219.24870188992904,217.04810863137712,217.56929557056208,161100
2023-11-02,221.79676818847656,221.9125842408575,218.93984950164753,219.5092980623497,225500
2023-11-03,223.39895629882812,224.69228462616667,223.02253940572595,223.23486392342437,142400
2023-11-06,224.45101928710938,224.83708265669168,223.46653854908888,224.30623447798584,147000
2023-11-07,224.8563690185547,225.39686357590054,223.9394575568164,224.35447490357404,167200
2023-11-08,224.0359649658203,225.6478022014791,222.98392986972596,225.6478022014791,168400
2023-11-09,219.161865234375,223.87189999822778,218.98812641627964,223.87189999822778,613900
2023-11-10,220.32968139648438,220.7157446882498,217.5306857127587,220.0690805744889,221300
2023-11-13,221.77745056152344,222.14422101395098,219.23904086105708,220.46481469361402,290500
2023-11-14,224.31588745117188,225.48373867434378,223.1287139146402,223.39897593633594,337100
2023-11-15,224.56680297851562,225.7443152315748,224.1614320806812,224.1614320806812,227900
2023-11-16,225.17486572265625,225.85048388281433,224.13247710668176,225.01078807857294,171600
2023-11-17,225.0204315185547,225.95665050211636,224.43167540237027,225.7636188485448,134200
2023-11-20,226.43927001953125,226.9411641739013,224.16146082954194,224.2386764477045,206500
2023-11-21,227.59747314453125,228.07041327949466,226.9218548998501,227.14384059580823,305800
2023-11-22,228.73635864257812,229.34440762878688,228.1668953696415,228.32132658695895,125300
2023-11-24,229.90423583984375,230.09726751971363,228.99697074434482,228.99697074434482,119100
2023-11-27,228.63021850585938,230.02971661577138,228.13797077810096,229.41200639421288,331300
2023-11-28,227.32720947265625,228.6301989936252,227.27894787421812,228.05108926711188,168600
2023-11-29,227.53955078125,228.9197411993528,227.19208788767472,227.19208788767472,136200
2023-11-30,230.29029846191406,230.43506853025121,227.29825607905408,227.91596624957955,131700
2023-12-01,231.78631591796875,231.9600547355847,229.74015364245028,229.93318531851136,182600
2023-12-04,232.52947998046875,232.8672964251767,231.23615168064478,231.33266014529605,204900
2023-12-05,232.05653381347656,232.35574980994593,230.71494395284867,232.00828694610277,138900
2023-12-06,232.3654022216797,233.1664975874855,232.05653978925614,232.47157184190388,122400
2023-12-07,232.15306091308594,232.60669340205973,231.02381026841857,232.2978309723877,127600
2023-12-08,232.42330932617188,232.98311143719582,231.19753548431996,232.30749327815704,141700
2023-12-11,233.68771362304688,234.06413055481337,232.3847387334121,233.29200383238083,189400
2023-12-12,235.1161651611328,235.48292091221208,233.00243378668387,234.24750056385903,571500
2023-12-13,239.9130859375,239.9420399524793,234.04483168793809,234.34403299430613,238600
2023-12-14,239.43051147460938,241.2932885934112,238.53289278280764,241.1292109244525,304300
2023-12-15,237.1912841796875,238.63904379828173,236.63148202654637,238.62939736934518,235900
2023-12-18,237.5194091796875,238.55215131162456,237.07543786730693,238.069564833681,224500
2023-12-19,239.7135467529297,239.7910294346164,237.8633336286541,238.0376918341437,460100
2023-12-20,235.72250366210938,239.58760639338507,235.72250366210938,239.40355177078203,235700
2023-12-21,238.94825744628906,239.1516901243735,237.18523828778305,237.3692781246521,194800
2023-12-22,240.60475158691406,241.32157726941028,239.5779360451859,239.5779360451859,171200
2023-12-26,241.43783569335938,242.02874094086766,240.33352266470305,240.5950599848975,183300
2023-12-27,242.63897705078125,242.71647450678734,241.32154986093457,241.32154986093457,171000
2023-12-28,243.22988891601562,243.99516707694033,242.5711826935208,242.5711826935208,183500
2023-12-29,242.85211181640625,243.7336288239615,242.15464943472844,243.0071067414746,153400
2024-01-02,246.6106414794922,247.23060635847912,241.88340003901138,241.88340003901138,236600
2024-01-03,245.6903839111328,247.42434333707502,245.30289662242456,247.133731565826,280200
2024-01-04,246.8625030517578,248.05400986085195,246.04880190003183,246.2715978575244,460200
2024-01-05,246.678466796875,247.5018644305245,245.14793989898484,246.26193455050583,200200
2024-01-08,249.40048217773438,249.46829799765052,246.04880204929822,246.6784485830358,263200
2024-01-09,249.48768615722656,251.44447133575696,248.50932313022233,249.07115390007323,199800
2024-01-10,250.27230834960938,250.5726313356598,248.37367228512585,249.56517912170054,174600
2024-01-11,249.7686004638672,250.20452553654115,248.2961930249229,250.02047091139073,154300
2024-01-12,249.14865112304688,250.70823766904897,248.75148217078478,249.27455678495116,123000
2024-01-16,247.76341247558594,248.819272925134,247.33718381483857,248.4511932292701,167600
2024-01-17,246.9109649658203,248.16057651527765,246.29100001131434,247.05626347815357,139300
2024-01-18,247.0078125,247.17248905569076,244.02422687548338,245.22540052431702,367300
2024-01-19,247.279052734375,247.75370435414,245.6516356321158,247.32749049465062,145200
2024-01-22,248.5480194091797,249.26487458824815,247.02717429743217,247.48246262325316,212900
2024-01-23,248.34463500976562,248.71274428823585,246.94002850457818,248.38339113441023,147100
2024-01-24,246.10691833496094,249.82670765330036,246.10691833496094,249.16800142825494,209400
2024-01-25,245.8550567626953,246.10691241071552,243.74329171914795,245.6031863335466,197000
2024-01-26,247.0175018310547,247.84089941627656,246.8818849703142,247.3952927131982,133900
2024-01-29,249.10020446777344,249.24550297514273,246.9787723545324,247.317807132104,182600
2024-01-30,249.18736267089844,249.98170052756964,248.2477263190453,249.3617504273742,471900
2024-01-31,248.60618591308594,251.17322471333074,248.60618591308594,250.89229456167845,644100
2024-02-01,251.8610076904297,251.8610076904297,247.889347425936,248.93555585890113,191900
2024-02-02,251.36695861816406,252.53910226367822,250.15608841084352,251.52195355217242,217700
2024-02-05,251.91908264160156,253.1977684730219,250.77602844181197,251.88032652367048,164200
2024-02-06,254.9123992919922,255.04803094997075,252.62629044831348,253.54653410158605,142400
2024-02-07,255.2611083984375,256.50103817356285,254.9220588647629,255.44516301493917,139500
2024-02-08,255.2030029296875,255.2223662095444,253.97273994568104,255.0286151619382,113900
2024-02-09,255.2030029296875,255.59047546264048,254.48614770335215,255.27078919031626,113100
2024-02-12,255.97796630859375,256.0457821363335,254.07933006771157,254.89303131380393,432500
2024-02-13,253.16876220703125,255.5614430453381,251.6575984736019,254.17621455007162,161300
2024-02-14,255.60015869140625,255.60015869140625,253.74027858921167,254.0696317414282,126900
2024-02-15,257.6634216308594,258.0121675389383,255.80354199528466,255.8422685477627,100400
2024-02-16,258.3125,260.1723799170054,257.08226662195733,257.73127644008895,116300
2024-02-20,257.1597900390625,259.03906309520164,256.6657455005349,258.31254092078484,192000
2024-02-21,257.7312927246094,257.7312927246094,255.57108968931522,256.42354702274537,113900
2024-02-22,260.7148742675781,261.16046618200045,257.6925176992243,258.4190397511611,123900
2024-02-23,261.9645080566406,262.5166719893471,261.02487155374547,261.4704930936115,579900
2024-02-26,260.86016845703125,262.5263268511109,260.62766130191625,261.6254170542731,345500
2024-02-27,261.17987060546875,261.75139782888925,259.5718313297248,260.41459231277304,143600
2024-02-28,259.5815124511719,260.1820993433566,258.6418759888717,260.1820993433566,219300
2024-02-29,257.1016540527344,260.26927988653534,257.1016540527344,260.10461809248517,193000
2024-03-01,260.09490966796875,260.2014520518773,257.01446308416195,257.9444030871063,161500
2024-03-04,259.5330810546875,260.39520524099436,258.9324646197118,260.0174291213628,171200
2024-03-05,257.440673828125,260.09489156706195,256.8400870021399,259.4264889220766,157300
2024-03-06,259.21337890625,260.19177140095815,258.38998133086005,258.38998133086005,113400
2024-03-07,260.58892822265625,261.19921145089074,259.7267745669582,259.9108291774498,151700
2024-03-08,260.1239929199219,261.5479775356621,260.0077541043124,260.9183309096028,101600
2024-03-11,259.5815124511719,260.1917957649276,258.15752790649555,259.55245274871976,141100
2024-03-12,260.5792236328125,261.06357163213,258.93242861023066,259.8042786588068,121200
2024-03-13,259.6396484375,261.75139911658067,258.85500685892174,261.2767474254627,118300
2024-03-14,258.35125732421875,259.8914805496908,256.84976065726516,259.8624208496728,128700
2024-03-15,257.5181579589844,258.04126211067734,256.6366409937777,257.19850126544065,508100
2024-03-18,257.31475830078125,258.6806233945193,257.2178827751188,258.38032995854775,132900
2024-03-19,259.19403076171875,259.3877522504844,256.9757083451937,257.4213002878406,118700
2024-03-20,258.89373779296875,259.04873272161666,257.24694254306223,258.70968316284063,118800
2024-03-21,259.23272705078125,260.31769142266614,259.0487020047339,259.60083626738873,137700
2024-03-22,258.61962890625,260.06740737103087,258.50303327861775,259.49412576650013,146000
2024-03-25,258.1629333496094,259.53299122946555,257.94916482254655,258.9791323657564,105800
2024-03-26,259.3386535644531,259.63017228487723,258.45443052261334,258.9694143103873,112400
2024-03-27,262.8755798339844,262.8852763688176,260.9322400577506,261.48606935768834,171700
2024-03-28,262.8561096191406,263.8375056284984,262.8561096191406,263.3030990875072,125000
2024-04-01,260.5823974609375,262.9824230310791,259.678751671935,262.9824230310791,128400
2024-04-02,256.27789306640625,257.3564322407494,255.1604787997513,257.3564322407494,299000
2024-04-03,256.3070373535156,257.82283974328067,255.69488068591696,256.5208058778675,128800
2024-04-04,252.84788513183594,257.9782998523846,252.54666990349543,257.7451086183159,134400
2024-04-05,254.9467315673828,255.82122847289878,252.18719284288306,252.60500374786153,198400
2024-04-08,254.30543518066406,254.94674084217527,253.92646970444852,254.94674084217527,106700
2024-04-09,255.5006103515625,255.5977536185009,253.79046185007527,255.13137104755847,140400
2024-04-10,252.38150024414062,253.294872213475,251.45843174101063,252.63414387698032,144000
2024-04-11,251.293212890625,253.18798066547853,250.69078242153483,253.18798066547853,230400
2024-04-12,247.5523223876953,250.32157245859932,246.69724820784887,250.1564051960891,418000
2024-04-15,246.40574645996094,250.28269955853324,246.1045311875561,249.47622665406442,265900
2024-04-16,246.61952209472656,248.16447359685336,246.40575354174615,248.16447359685336,343400
2024-04-17,245.9587860107422,248.1741920117868,245.6769934604092,247.7758038276635,130900
2024-04-18,245.66726684570312,247.12477148360125,245.30775377950283,245.99763100526576,132400
2024-04-19,246.1531219482422,247.07620532944813,245.2980477459436,246.53207259216904,140500
2024-04-22,247.31912231445312,249.23331307860414,246.32801492973667,246.94017167125347,115700
2024-04-23,250.51593017578125,251.29325420181314,248.67945990874043,249.3110393865177,96900
2024-04-24,249.97178649902344,250.58394322794226,248.8543424875636,250.58394322794226,139300
2024-04-25,248.00900268554688,249.78716018149143,246.638944722466,249.33047419379778,123900
2024-04-26,248.0867462158203,248.81549858274934,247.15393666248897,247.2608209360321,124700
2024-04-29,249.2721710205078,249.9620482541493,248.15474188945564,248.5336925065767,94500
2024-04-30,248.7863311767578,250.53532486614475,248.7863311767578,249.90374545903322,122600
2024-05-01,249.9912109375,252.36208767845048,247.78551628732,248.04787129101663,168000
2024-05-02,249.85516357421875,251.59443100572952,248.42679308725866,251.2349179573503,100800
2024-05-03,250.71023559570312,251.5653097794463,249.6705714274336,251.5556132453194,86500
2024-05-06,251.81793212890625,251.85680722115563,250.53532096174035,251.63331250698053,107700
2024-05-07,253.6641082763672,253.95559734672977,252.38149706075546,252.40094943411842,115500
2024-05-08,252.39125061035156,254.02364888737432,252.1969047737011,253.7710348833424,177100
2024-05-09,254.6260223388672,254.71349870284166,252.69240920596977,252.69240920596977,114200
2024-05-10,254.76210021972656,255.79206780712715,254.61635568434124,255.0730416638874,392600
2024-05-13,254.74269104003906,255.8018075908134,254.40260067072387,255.44229450008382,130600
2024-05-14,255.82119750976562,256.09326383973035,254.43171695505316,254.9952723339065,78500
2024-05-15,259.6593322753906,259.92167244726346,257.1621337635676,257.1621337635676,108700
2024-05-16,259.4261169433594,259.9216780427966,258.65851913220376,259.4747182263882,136300
2024-05-17,259.5426940917969,259.63986699792355,258.2989579911952,259.40667574562565,124800
2024-05-20,259.2900695800781,259.75645206571687,258.5515911071415,259.48438573142545,195400
2024-05-21,259.348388671875,260.5532497293164,258.81395249255166,259.4552581159343,93400
2024-05-22,259.8148498535156,260.7865198322735,258.66825674229034,258.74600694627907,111300
2024-05-23,256.9094543457031,259.63014720851083,256.511066223374,259.63014720851083,147300
2024-05-24,256.0447082519531,257.9685954011228,255.898934065373,257.1135212668217,122400
2024-05-28,253.2754669189453,255.93783282171063,252.2940708804761,255.93783282171063,277400
2024-05-29,251.18638610839844,251.7596677699724,250.30216297352678,251.118362101175,132300
2024-05-30,251.5750274658203,252.49809596929958,250.02034988000275,250.43816077061996,163500
2024-05-31,255.0147247314453,255.0147247314453,252.06084053938457,252.26488287362713,135900
2024-06-03,256.54998779296875,257.5313838246313,254.6163742918613,254.94673848054734,117700
2024-06-04,257.33697509765625,257.9005600752625,255.54910657956643,256.69566959883,133800
2024-06-05,258.7945251464844,258.99856749704753,256.5888454252319,257.6771108322465,94900
2024-06-06,259.3289489746094,259.873081652221,257.7645452867207,258.5127203051849,158100
2024-06-07,259.30950927734375,260.81561522718016,258.77510275989084,258.881972202178,118000
2024-06-10,260.4657897949219,260.4657897949219,258.0463416158389,258.97913626935167,111200
2024-06-11,259.4455871582031,260.1840361115238,258.2601487047276,260.11604175542357,103000
2024-06-12,259.1929626464844,261.0585820228874,258.716853853549,261.0585820228874,96900
2024-06-13,258.8334045410156,259.2123403412147,256.9872378625123,258.4738914616187,116700
2024-06-14,258.45440673828125,258.56130582183505,257.11349784554824,258.1434949793183,122400
2024-06-17,258.0851745605469,258.49328888151683,256.95806380416604,257.5701908061121,123800
2024-06-18,258.10467529296875,259.1346429948211,257.7645849039394,258.25041984454947,189400
2024-06-20,259.0471496582031,259.29006708480443,257.02606006319706,257.4924721973537,141600
2024-06-21,260.04803466796875,260.5144172682011,259.2026865520338,259.7953909908337,150100
2024-06-24,261.73870849609375,262.8464263828571,260.7670386247622,261.2334508380854,149100
2024-06-25,261.0390625,262.5937399715987,260.6309778261717,262.02045839921664,179200
2024-06-26,260.10626220703125,260.8641633806224,259.81477316065224,260.72811539030835,103900
2024-06-27,259.8536376953125,260.40749657714247,258.4350081436673,260.27144857683004,158900
2024-06-28,259.4011535644531,261.6050977008067,258.3772135466911,260.7371622628595,99200
2024-07-01,258.18218994140625,262.55106264173395,257.77259603554313,260.171590786079,230500
2024-07-02,257.21673583984375,257.606806815732,256.0270000190545,257.606806815732,234400
2024-07-03,255.3834228515625,257.5093354105663,254.56426470296967,257.49957396196544,96500
2024-07-05,257.3727722167969,257.43128137561723,254.49594294592796,255.6954402227613,108500
2024-07-08,257.0997009277344,258.49421871276206,256.59258190735636,257.7238084967688,162400
2024-07-09,258.386962890625,258.57225182238847,256.4268464574839,257.7336006664145,99400
2024-07-10,260.9127197265625,260.9419743087039,258.357720351176,258.8843325902323,110300
2024-07-11,263.4482421875,264.0041090429217,261.01026099057606,261.01026099057606,144500
2024-07-12,265.36932373046875,266.22749771555533,264.4233860097038,264.7647092665688,171600
2024-07-15,264.5599365234375,266.49079829729976,264.1893586749768,266.2762547934808,116100
2024-07-16,268.8898010253906,268.8898010253906,265.9642239357202,266.26653118747873,156800
2024-07-17,269.34814453125,270.77191705868205,266.8516544445844,266.8516544445844,134000
2024-07-18,262.84356689453125,269.52363978308443,262.5510211226846,267.8950556251225,207000
2024-07-19,264.17962646484375,265.4083784645653,263.2921977717683,264.40393144018526,78700
2024-07-22,265.97393798828125,266.2274975092714,264.19911062287156,265.48634183899685,243300
2024-07-23,266.1300048828125,267.2807247933687,265.9252228080042,267.15397477787553,223700
2024-07-24,267.93408203125,268.5679510684855,265.58386503798624,266.21773407522176,149900
2024-07-25,266.7638854980469,271.17177446346653,266.7638854980469,267.21249545716387,130700
2024-07-26,268.5971984863281,270.5280898853847,267.27095129057653,267.33922189166833,163900
2024-07-29,268.6362609863281,269.58219883773535,267.6610685523211,268.59724495602467,174900
2024-07-30,268.8995056152344,270.67436267997334,267.20268059757524,268.92876019276275,197900
2024-07-31,267.8658142089844,269.73819652231623,267.0174016684382,268.7922587995275,233800
2024-08-01,270.3330993652344,270.69391582157596,267.84637044251997,269.2799045802235,253700
2024-08-02,269.0653076171875,270.53785749468454,265.3010499119487,269.80646327905464,523800
2024-08-05,262.27801513671875,264.6867416217453,260.6396692414274,263.321448415584,361600
2024-08-06,263.4287414550781,266.71513525207814,262.3267692241646,263.3897254241089,205800
2024-08-07,260.6591491699219,264.65744341351035,259.84972292307884,263.9162877678239,146100
2024-08-08,266.4615173339844,266.7053153932522,263.6334657985788,264.58916490469056,117500
2024-08-09,267.6610107421875,268.4411526166915,266.5980547899613,266.97836428161787,109400
2024-08-12,266.724853515625,268.41191713537205,266.0617001385642,268.41191713537205,89500
2024-08-13,269.9234924316406,270.3330565429571,267.592768485858,267.7293096966355,97900
2024-08-14,270.5281066894531,270.94743224705314,269.47488231163453,269.9820013678094,106400
2024-08-15,272.8393249511719,272.8685795323729,271.01571994845006,272.07867607943473,144900
2024-08-16,272.995361328125,273.443941496703,271.84464144500697,272.5857674277641,78100
2024-08-19,275.1505126953125,275.170035588832,273.00510740426927,273.0538551170511,97500
2024-08-20,275.8721923828125,277.2667103726023,275.37483473533786,275.735651161737,311400
2024-08-21,276.8961486816406,277.27645826448713,275.6088874955978,276.7401143172253,83900
2024-08-22,276.5450439453125,277.92983022914876,275.33581490908216,277.6177615228603,199700
2024-08-23,278.31988525390625,278.3491398334095,276.80834904539296,277.2081814722757,73100
2024-08-26,277.89080810546875,279.22681688435654,277.74453520276376,278.69047298760177,109900
2024-08-27,278.4173889160156,278.7977281806635,277.2276531740103,278.0760656745253,84800
2024-08-28,278.32965087890625,279.62664360369723,277.18866274013567,278.0273436326653,75000
2024-08-29,279.36334228515625,280.650603277104,278.1345904509782,279.5583926513935,92300
2024-08-30,280.9529113769531,281.1089457183216,277.9980798584623,279.58764809061387,130700
2024-09-03,279.83148193359375,281.9671557532371,278.98303951387004,280.4848442010396,208500
2024-09-04,279.3828430175781,280.4263059603682,278.0858503043919,279.4901296500793,90900
2024-09-05,275.8233947753906,279.3243316653957,274.7506772613412,279.3243316653957,99400
2024-09-06,274.4093933105469,277.8518211615282,273.7657627797036,276.6718169747276,242900
2024-09-09,276.3110046386719,277.37396075876677,274.48739965463244,275.0627595860319,107700
2024-09-10,277.4422302246094,277.5787714419261,275.4918454778634,276.65232678301805,116700
2024-09-11,276.77911376953125,277.23745538738694,272.7905804297063,276.56457025137513,188000
2024-09-12,278.1833801269531,278.26138242056555,274.44837674925526,277.1886648802146,181300
2024-09-13,279.04156494140625,279.83146839698,278.2808863066212,278.3394252297285,93100
2024-09-16,280.7188415527344,281.518506382281,279.880190458703,280.4457888988047,101000
2024-09-17,278.2808837890625,280.71886474359457,277.2081959774762,280.71886474359457,80100
2024-09-18,277.7640380859375,280.60185154006024,276.82786171525595,278.24190259889275,169600
2024-09-19,279.3438720703125,280.5531011107684,278.65146404571993,280.5531011107684,124900
2024-09-20,277.99810791015625,279.148827813292,277.49098880941057,278.61248389113007,115600
2024-09-23,277.05218505859375,278.7587718711117,276.64259112896406,278.5734829220545,225200
2024-09-24,276.3694763183594,276.93510448641916,275.5015706956546,276.93510448641916,106600
2024-09-25,273.6292419433594,277.23746585941075,273.50246216504513,277.11068608109645,230800
2024-09-26,274.66290283203125,274.8189371698657,273.4244193361356,273.79499716842906,110400
2024-09-27,274.47393798828125,276.55974486793,274.47393798828125,275.16919698671995,154000
2024-09-30,276.3443298339844,276.3932803745595,273.8766009948342,274.48373114277274,149300
2024-10-01,274.5424499511719,276.6772371523652,273.3869423999527,276.6772371523652,245300
2024-10-02,274.278076171875,274.91458257261104,272.1237445167429,274.3074524708526,149100
2024-10-03,271.5851135253906,273.475058311128,271.2521722069962,273.475058311128,135000
2024-10-04,272.0453796386719,272.58395506522135,270.66463385946514,272.08455799757803,122500
2024-10-07,270.62542724609375,272.54477813579314,270.0280992857146,272.1237079455919,93100
2024-10-08,272.0649719238281,272.32938850857033,271.20325716105214,271.2424056382235,114000
2024-10-09,274.39556884765625,274.5718565178107,271.6145030954535,272.3979208396642,174500
2024-10-10,273.4750671386719,274.39556429514045,272.6916792917896,274.39556429514045,239000
2024-10-11,275.9134521484375,276.03095735100936,274.05285349326863,274.1605865185157,151100
2024-10-14,277.42144775390625,277.84254786689564,275.30629454993465,276.1680092442821,107000
2024-10-15,274.65997314453125,276.96118608678034,274.18992251899704,274.2682493477545,162000
2024-10-16,275.71759033203125,276.18764102684185,273.7786648358136,274.5522805988349,167500
2024-10-17,274.0920104980469,275.14961700745255,273.8374258737568,274.9341808580797,134800
2024-10-18,275.4923400878906,276.0407474834168,273.5338404381057,274.14100043237875,78700
2024-10-21,272.15313720703125,275.15941159790856,271.86914637692195,274.66001448521183,106700
2024-10-22,271.69287109375,272.035584618971,270.51775937080447,270.6940171639465,84400
2024-10-23,269.9987487792969,271.17386046137966,268.68655766875895,270.8213150030222,137600
2024-10-24,268.3634033203125,271.2032517280334,268.3634033203125,270.1946256009026,108900
2024-10-25,266.982666015625,269.36223573438065,266.71824945732055,269.3328594372725,133800
2024-10-28,267.697509765625,268.91176993976586,267.5408262134243,267.7562623621588,80300
2024-10-29,267.1393127441406,268.5102862651567,267.1393127441406,267.50166024484514,102200
2024-10-30,266.71826171875,266.9924504658082,262.77188624269843,263.5258978260255,227800
2024-10-31,264.0840759277344,265.9642486717379,264.0840759277344,265.2004350316841,113200
2024-11-01,266.0817565917969,267.12956104901446,265.2787645843405,265.65088428947064,182300
2024-11-04,264.7010192871094,266.5420137499107,264.2603449096587,265.3865061221807,119000
2024-11-05,266.9434814453125,266.9434814453125,263.3006712670243,264.00573226554235,111900
2024-11-06,267.8835754394531,271.6928715420826,266.2873934688123,271.6928715420826,413500
2024-11-07,269.6462097167969,270.0477057196262,268.2654938014473,269.1663868793255,152100
2024-11-08,271.7124328613281,272.8287620509933,269.85186428899874,270.07707260845575,137900
2024-11-11,270.4296569824219,272.55461253814843,270.1358640807209,271.4676594895606,159400
2024-11-12,266.5028076171875,270.50793542037405,266.4832333809776,269.74412182756663,477300
2024-11-13,265.66070556640625,267.51147228061893,265.41589309893715,266.6987080377286,155200
2024-11-14,261.0386047363281,265.2493665738165,260.8623469591674,265.1710397454105,306700
2024-11-15,255.35897827148438,259.7852068173108,255.22189882930746,259.63832531343036,694700
2024-11-18,255.36874389648438,255.73106151580444,254.4384446974219,254.78118808046227,311100
2024-11-19,254.84974670410156,255.27081692315045,252.4701769906888,253.20461430107525,455100
2024-11-20,257.5524597167969,257.83642059825826,254.70283965241592,255.36872224142056,308800
2024-11-21,259.863525390625,260.2650214113479,256.494903548576,257.6993916107448,256700
2024-11-22,260.3139343261719,261.44009538744245,260.02997343018967,260.5097962196961,258500
2024-11-25,262.8893737792969,263.74131626170856,261.7338662717575,261.7338662717575,250400
2024-11-26,264.319091796875,264.5345279259415,261.67510565690674,263.5846545229204,179300
2024-11-27,265.74884033203125,266.9435263950134,264.69123371400246,264.69123371400246,177400
2024-11-29,266.5909423828125,267.12954767592265,265.69982152417344,265.96423808265087,76400
2024-12-02,266.01318359375,266.5126105198169,264.79892348963625,266.5126105198169,252900
2024-12-03,265.0339660644531,266.3265830393703,265.0339660644531,265.9642653761739,247700
2024-12-04,265.3571472167969,266.74766533200454,264.5933334943255,265.67048447099745,146000
2024-12-05,262.30181884765625,264.63243799111905,261.8905506954747,264.63243799111905,214600
2024-12-06,261.4107666015625,263.1636023645554,261.16595413232875,262.9285919570781,172500
2024-12-09,261.88079833984375,262.7621172889792,261.1463609015082,261.7143425890491,158600
2024-12-10,260.8329772949219,262.65439756690233,260.2258471657064,262.65439756690233,186100
2024-12-11,257.83642578125,260.4314613104281,257.7091484271714,260.39228295607336,233700
2024-12-12,255.30020141601562,258.3554559438123,255.26105294158967,257.56226601387783,310500
2024-12-13,255.0260009765625,255.72128980421087,253.7627903368008,255.05537727320046,346900
2024-12-16,252.83251953125,256.41657754524965,252.60728130884283,254.95747495681522,445400
2024-12-17,252.56814575195312,254.29160524365196,251.5399154328867,251.65742063864624,533400
2024-12-18,248.20370483398438,253.6284820634757,248.00715754229503,252.43936120161723,325900
2024-12-19,246.48388671875,249.0390464656707,245.75666024899948,247.93835465384794,1137100
2024-12-20,249.51077270507812,251.80058545338758,247.59441031783126,248.16440797581194,457100
2024-12-23,251.77108764648438,252.04625684329716,248.67541168894593,249.91368807019995,479500
2024-12-24,252.59661865234375,252.62609999790683,250.50335314377793,251.4468011885901,261300
2024-12-26,253.42213439941406,253.46145285848374,251.61387516776733,251.8006003593523,249700
2024-12-27,251.9578094482422,253.67762440314075,250.73919231035654,251.98729079067846,318600
2024-12-30,248.81300354003906,250.40507107725927,247.79094863574198,250.40507107725927,413400
2024-12-31,249.314208984375,250.50332979953336,247.98748857528116,249.314208984375,419300
2025-01-02,249.67782592773438,251.6236845561295,248.82283698215264,250.58195544393965,406900
2025-01-03,252.15435791015625,252.90125862138007,249.95300422384773,250.2281734346363,293100
2025-01-06,252.26246643066406,254.32625042752318,251.67280957567667,252.18382952136255,264200
2025-01-07,253.6875,255.95765368556422,252.9504363360844,253.00939902990189,364200
2025-01-08,254.896240234375,255.26969058608532,251.8202233798284,253.8741703230407,232600
2025-01-10,253.03884887695312,255.12227710900478,252.5376360507015,253.36314365257894,359500
2025-01-13,256.1541748046875,256.7045132503933,252.98971374628107,253.22559450243781,401600
2025-01-14,253.40245056152344,256.17381666446465,251.48607336474248,256.17381666446465,353800
2025-01-15,254.61122131347656,255.84949768340067,253.19608687938268,254.68002110984855,495300
2025-01-16,255.68243408203125,255.99689172337813,252.8127869197048,253.82501961909423,226900
2025-01-17,254.07073974609375,256.055886945281,254.07073974609375,255.45642293631667,241000
2025-01-21,258.66998291015625,258.66998291015625,255.57432205447867,255.57432205447867,517100
2025-01-22,258.25726318359375,259.1318963828742,256.45881122638605,257.4120813371129,305300
2025-01-23,261.40203857421875,261.62808219588914,257.4022631192545,258.5324212452202,450900
2025-01-24,261.8442687988281,262.5125325105343,260.4192673627808,260.5273856053398,521600
2025-01-27,267.11181640625,267.25925310803547,262.5813468839334,262.5813468839334,412700
2025-01-28,265.7654724121094,267.79977514966515,265.60822857821574,267.24943672663477,348800
2025-01-29,264.31103515625,265.86376937262565,263.4560161352419,264.87118073327366,234200
2025-01-30,267.0921630859375,268.084751555473,265.31338552586527,265.31338552586527,214500
2025-01-31,266.099609375,269.45079554507737,266.099609375,267.8587429345082,359000
2025-02-03,266.6991271972656,268.0258478216317,263.7311982466752,264.04568594853345,375000
2025-02-04,266.1782531738281,266.5811848929193,264.19307592410104,264.21275014871765,248600
2025-02-05,269.1068115234375,269.4606176345031,266.7973696503771,266.7973696503771,215200
2025-02-06,266.66961669921875,269.0478584554538,266.17824096547827,268.8120077004407,222300
2025-02-07,264.7630920410156,267.7997906553752,264.7139364700307,266.8170391300344,221000
2025-02-10,264.32086181640625,265.29380629397207,263.07277808181414,265.29380629397207,234200
2025-02-11,263.53466796875,264.1538062643322,262.71896736018357,263.6624304730699,161500
2025-02-12,263.31842041015625,264.4289343240427,262.2865434056954,262.6698008677661,318900
2025-02-13,264.6058349609375,265.0480851216956,262.3160372175684,263.87860846574813,132400
2025-02-14,262.0899963378906,265.22497597916805,262.05067788089536,264.8908440726965,178800
2025-02-18,261.8442687988281,262.5026953999769,260.9204801421558,260.9204801421558,237300
2025-02-19,264.9694519042969,264.9694519042969,261.5101774567308,261.5101774567308,230500
2025-02-20,266.1978759765625,266.1978759765625,264.51737942291896,264.51737942291896,196400
2025-02-21,264.1439208984375,265.3625230409747,263.3675388925343,263.3675388925343,264900
2025-02-24,265.6180419921875,267.0430434907664,263.6623763416564,264.40924699702344,240500
2025-02-25,267.34771728515625,267.60321227237745,264.79255747458154,265.95219700690876,273500
2025-02-26,265.7851257324219,267.64251026627136,264.91046259852794,266.60079619095,203300
2025-02-27,264.0555114746094,267.40669779693985,263.97687455699645,265.25446954303493,241600
2025-02-28,267.1610107421875,267.4066986258954,262.73862883544564,264.2127561376929,184400
2025-03-03,267.11181640625,268.9987122754182,266.2077019204844,267.2985415700653,217500
2025-03-04,264.91046142578125,267.6621533123368,264.58616666426275,267.0626893621627,265500
2025-03-05,267.6719970703125,268.0749287478482,263.7311543142135,263.8294354535722,227400
2025-03-06,266.7384033203125,267.62287359910493,264.5861753135748,266.29615318531967,228600
2025-03-07,266.86614990234375,268.62528343263057,265.1266905958378,265.7458288210401,232300
2025-03-10,263.6427307128906,267.40668570448673,262.7877417174928,264.69428200223535,247000
2025-03-11,261.1563720703125,263.996538279961,259.42674983719064,263.64273214717093,216000
2025-03-12,258.8960266113281,261.2546239311465,258.0606819379446,260.97945474368754,193300
2025-03-13,257.107421875,259.44637505476646,256.4391581068362,258.99431779879603,150100
2025-03-14,259.5053405761719,259.7215470907276,256.8912181697048,257.43174945169096,114700
2025-03-17,262.75823974609375,263.4953033037424,259.0729219578506,259.0729219578506,114800
2025-03-18,262.5223693847656,262.86633835086644,261.3725371246436,262.86633835086644,102700
2025-03-19,262.9842834472656,263.7115098938517,261.04826196893856,262.8565209653101,208600
2025-03-20,263.00396728515625,264.3601692344674,262.1686224621982,262.9056861310675,110600
2025-03-21,262.3356628417969,262.96460814651596,260.9303355284343,261.9818567400482,129000
2025-03-24,264.7237243652344,265.2052629259412,263.05306507748054,263.5837292088425,102300
2025-03-25,261.3706970214844,265.6705136157975,259.84211010042264,265.6705136157975,181800
2025-03-26,260.0295104980469,262.2385730933449,259.45750172847966,261.6073951539908,171700
2025-03-27,260.5028381347656,261.2424827802909,259.54622985603754,259.91111639910184,138600
2025-03-28,259.27008056640625,260.7296567420358,259.02353236691437,260.4140678235944,256300
2025-03-31,261.0748596191406,262.32731377885943,256.6369915288968,257.55414371112124,179600
2025-04-01,256.3410949707031,260.7099219826687,255.5916088856466,260.16752796488413,184300
2025-04-02,258.30364990234375,258.6487933300693,254.51664279467855,255.27603056659788,152300
2025-04-03,255.5126953125,258.9643701985788,255.49298229064607,257.49495252072313,318300
2025-04-04,241.5482177734375,252.1004937545325,241.48904860762502,251.6271103318142,611100
2025-04-07,240.22671508789062,245.60146316374826,231.17347185874414,234.812525918812,1384600
2025-04-08,237.24842834472656,248.8164666126825,233.89536352414328,248.52060573908557,400600
2025-04-09,248.28390502929688,248.85589868468477,230.87760734905362,231.75531837843482,804200
2025-04-10,240.93678283691406,245.66065521261584,234.1813705611847,245.53244532136722,506400
2025-04-11,244.68431091308594,245.68036028362002,238.59950277722075,241.05511336599014,226700
2025-04-14,247.9486083984375,248.59949930110915,245.0097578731897,247.36675821943203,185200
2025-04-15,246.4397430419922,248.4022723292199,245.5028627971352,248.28391894857134,157000
2025-04-16,243.7474365234375,247.39634718016134,242.51469541994234,246.58766179317612,241900
2025-04-17,242.7316436767578,244.32927123025527,241.72572278657768,241.86378917949588,259800
2025-04-21,237.42593383789062,242.05118081339577,235.8085781303897,241.6764227067926,373900
2025-04-22,241.96243286132812,242.36676051180496,238.87564428389635,239.26025891110754,297100
2025-04-23,243.46144104003906,247.7020736003491,242.94863155692045,245.05908380115244,242100
2025-04-24,246.98214721679688,247.23855194821726,243.08668835133508,244.21094763234623,104000
2025-04-25,247.99794006347656,248.15573454557432,244.26026039035054,247.09064436357968,145700
2025-04-28,248.984130859375,249.68431941447258,246.91311968198707,248.48117788114533,163600
2025-04-29,250.5028533935547,251.804635246112,247.59358734490297,248.75730279322931,335600
2025-04-30,252.3568878173828,253.09654750308763,248.70797728153016,250.8381574493532,157400
2025-05-01,246.2425079345703,250.09852579021955,246.0156877807408,250.09852579021955,215200
2025-05-02,249.73361206054688,250.6409076799292,248.1754255463548,249.92099111039593,241300
2025-05-05,248.97425842285156,250.00974889720513,248.2937829352874,249.1714939871042,197900
2025-05-06,241.8638153076172,247.1991226533703,241.42003150016095,247.1991226533703,432600
2025-05-07,243.7178497314453,244.46735089825668,242.0511813669311,242.7020722752223,237300
2025-05-08,242.0314483642578,244.27011035576578,241.06498358104244,242.36675032299047,286100
2025-05-09,239.34901428222656,243.23461672342174,239.22081943769362,242.56401277322027,336100
2025-05-12,245.4239501953125,245.75925214858904,239.74348486740163,239.920992355098,404300
2025-05-13,238.57977294921875,242.2484115624944,238.57977294921875,242.2484115624944,562400
2025-05-14,233.4417266845703,239.74349867867122,233.333244864248,239.05315161401506,826100
2025-05-15,236.45947265625,236.45947265625,230.89734537721648,232.85985959094896,810400
2025-05-16,241.0945587158203,241.14387136619786,236.26221994098387,236.83419853141731,319900
2025-05-19,243.1063995361328,243.21488135401142,240.13796440779512,240.53243553747603,443000
2025-05-20,243.97425842285156,244.57583668759622,242.6823481448202,243.2641983382969,195600
2025-05-21,237.99794006347656,242.72179754645774,237.99794006347656,241.94271175796467,274900
2025-05-22,236.2720947265625,237.60344610108228,235.3943836551439,236.3904330581351,242000
2025-05-23,235.82830810546875,236.36084563926514,234.5067982102904,234.91114090245773,268600
2025-05-27,239.1715087890625,239.6350206606934,237.63305025688734,237.96835223480048,212000
2025-05-28,237.80068969726562,239.82237302645504,237.31744977742864,238.97426161107768,271900
2025-05-29,239.96044921875,240.55215589429633,238.14584295532572,238.5797702129248,283400
2025-05-30,240.384521484375,241.4989242865489,237.03147161419574,239.29970326561192,227100
2025-06-02,240.90719604492188,240.90719604492188,237.67248459535662,239.83224941493722,361200
2025-06-03,241.63697814941406,242.5541302837638,239.11232684200243,240.3549244250885,299700
2025-06-04,242.10049438476562,244.08273664688164,242.10049438476562,242.3273145326235,238600
2025-06-05,241.96243286132812,243.3726814783994,240.857886585968,242.623180295352,225300
2025-06-06,244.25039672851562,245.0787951631146,243.14586548238364,243.14586548238364,218700
2025-06-09,243.934814453125,245.05907373239987,242.56400695428894,244.36872667914113,547500
2025-06-10,246.76519775390625,247.43580172757646,244.25040275642297,244.25040275642297,605300
2025-06-11,246.5482177734375,248.28391180924325,245.93678300875425,246.64684307979047,307400
2025-06-12,248.09654235839844,248.10639886957378,246.04525942577627,246.5383558504996,208500
2025-06-13,246.8144989013672,248.8756384308195,246.00581350812217,246.11429532799383,534700
2025-06-16,246.18331909179688,248.06693594617693,244.8519527622017,247.4160601199005,262000
2025-06-17,242.2779998779297,245.66064923742388,242.02159514977828,244.78293818754503,337200
2025-06-18,242.06103515625,243.63894975591884,240.8480221485185,242.40620867746156,310700
2025-06-20,240.91705322265625,243.1064026309067,240.59162281298669,242.78095717312792,257600
2025-06-23,241.1537322998047,242.01171524929848,238.86577275178513,240.87759951035594,309300
2025-06-24,244.3687286376953,244.85196856922767,241.11430415189096,242.02159980137495,224100
2025-06-25,244.28985595703125,245.05908523431754,242.57387485102575,243.91509783031387,274100
2025-06-26,244.83633422851562,246.52929029101833,244.0938059292622,244.9155390599159,263400
2025-06-27,244.49974060058594,246.6778207291248,243.99481165659074,245.18285398972304,257500
2025-06-30,245.86598205566406,246.25209619092627,244.47002514095539,244.69774471038073,266800
2025-07-01,248.7667999267578,250.75677044784615,245.4402723453647,245.5491771066249,268700
2025-07-02,247.10353088378906,248.36088311972463,246.80651652242457,247.89556414516844,291600
2025-07-03,247.47975158691406,247.77676595008472,246.55900857176277,247.48964652653447,132000
2025-07-07,245.0244598388672,246.91542055014725,243.70770775593152,246.85602069940666,393100
2025-07-08,246.1431884765625,248.29156865025183,244.45023232948265,244.84624139949096,321200
2025-07-09,247.78665161132812,248.21237570751305,245.6877763752631,246.6283092344369,292000
2025-07-10,249.1529083251953,251.17257872497123,246.8560134521389,247.60845182417066,188200
2025-07-11,246.63821411132812,248.24208563430537,245.51948165991504,248.24208563430537,224500
2025-07-14,246.8362274169922,247.2322364876547,245.61847006648856,245.7570747518982,225800
2025-07-15,242.14344787597656,247.78666033650842,242.064243038856,247.65795058784025,305300
2025-07-16,245.11355590820312,245.44027018911353,243.34137981842642,243.34137981842642,242500
2025-07-17,242.76718139648438,244.34133791054074,242.17315265955298,243.96511870336565,309600
2025-07-18,240.90589904785156,243.55919309356074,240.67819458435335,243.54929815402704,311900
2025-07-21,239.53964233398438,241.9553369794922,239.50004746902528,241.18310870517777,301900
2025-07-22,243.9156036376953,244.4205325751025,240.34156663863817,240.34156663863817,353700
2025-07-23,248.89549255371094,248.96480244976036,246.2323036076668,246.5590027820271,339100
2025-07-24,247.64805603027344,249.86574615273602,247.43024650455044,248.36088445868006,222100
2025-07-25,249.00439453125,249.29151394484927,247.64804761813846,248.48958576682634,174100
2025-07-28,246.92532348632812,248.95490393326577,246.4600045265549,248.7073944911216,240500
2025-07-29,245.25216674804688,246.60851370940964,243.31168599942788,245.00465729630753,252800
2025-07-30,245.07394409179688,247.0441247018057,244.12351628792086,245.97488209236204,376600
2025-07-31,239.07431030273438,244.8561422115418,238.2822770858095,243.38098053385397,394900
2025-08-01,239.99505615234375,240.3910652121892,237.80706606373786,238.70800404768013,375100
2025-08-04,243.49978637695312,243.55918622603625,240.3613684605831,240.47027321949463,254200
2025-08-05,242.7473602294922,243.54928839615124,241.85631718348867,242.60875554768418,283200
2025-08-06,239.19313049316406,241.64841992484386,238.77730133715855,241.64841992484386,310700
2025-08-07,236.7378387451172,238.59911468136494,234.8666678691071,237.93579115460773,660800
2025-08-08,238.75750732421875,239.15351638135627,237.2130508518944,237.59916496997548,286300
2025-08-11,238.94561767578125,240.57917392515475,238.7178981157626,238.87630778183367,320600
2025-08-12,241.02468872070312,241.133593478154,238.79710376929776,239.2723176623666,848100
2025-08-13,245.17295837402344,245.38087295746763,242.0345403840537,242.0741352487785,382100
2025-08-14,246.13330078125,246.46991001134174,243.48990163886234,244.3908396724415,260800
2025-08-15,250.0241241455078,250.68746272509355,248.17275840637342,248.74698210823252,303500
2025-08-18,249.51922607421875,251.74681112911784,249.4499312835909,250.41025405346718,285200
2025-08-19,250.68746948242188,251.72699705174188,249.2717076209157,249.4895171380705,259200
2025-08-20,252.09332275390625,252.89525093225438,250.97457523722042,250.97457523722042,219000
2025-08-21,251.54879760742188,253.80606740046065,251.20227834632254,251.43989284880016,206400
2025-08-22,253.9050750732422,255.1624423631534,252.96454222406663,252.96454222406663,380000
2025-08-25,250.11325073242188,253.99418193427778,249.99443592548297,253.61799295495268,222800
2025-08-26,251.77650451660156,252.0141190213939,250.538957296016,250.7171719513047,181100
2025-08-27,251.88540649414062,253.02395898857026,251.40028255058948,251.80620166008467,154400
2025-08-28,251.0339813232422,251.78641971709925,249.93503876459434,251.78641971709925,163100
2025-08-29,252.53883361816406,252.53883361816406,251.02407705399892,251.02407705399892,159700
2025-09-02,253.1031494140625,253.59816829819465,251.42999827538887,251.65770273219198,277400
2025-09-03,252.19232177734375,253.9149929687481,250.94487960156823,252.4794411959667,220800
2025-09-04,253.17245483398438,253.19225981889727,250.91516997078398,252.02400741747127,206100
2025-09-05,254.43971252441406,255.0337412422795,253.1625704198146,253.17246535929385,194400
2025-09-08,254.1724090576172,254.31099863518028,251.71710449675714,253.94468949230367,224800
2025-09-09,255.6376495361328,256.0930886737205,254.00409322381014,254.61791182001758,182300
2025-09-10,253.04376220703125,255.08323769446287,252.19232907951553,255.08323769446287,177500
2025-09-11,257.3603210449219,257.934529636692,253.81596903752632,253.95458882279553,216900
2025-09-12,254.3605194091797,257.18210290775926,254.3605194091797,256.59798424392625,161400
2025-09-15,252.1725311279297,255.04361955794204,251.82601186010638,254.6674305786354,563900
2025-09-16,252.2715301513672,253.00416356398665,251.5686117710718,252.0240207006309,211500
2025-09-17,252.717041015625,255.09314077737153,252.0438225692024,252.85564570205187,308200
2025-09-18,254.0238800048828,254.34069934536996,252.92495257285927,252.95465249768276,211600
2025-09-19,253.30116271972656,254.57831986864954,253.30116271972656,254.57831986864954,186700
2025-09-22,253.57838439941406,254.58821206997692,252.09332771199803,252.76654615903993,239400
2025-09-23,253.89520263671875,254.93473022795422,252.9447597139352,252.9447597139352,190200
2025-09-24,252.91787719726562,254.19046878833282,252.54007135381215,253.89220181563212,212300
2025-09-25,248.8415985107422,252.35118482887538,248.1257790114657,252.35118482887538,362900
2025-09-26,251.73475646972656,251.83418384894227,249.78610726919874,250.43233972263653,368300
2025-09-29,252.48040771484375,252.61959693871867,250.44226787414914,252.05290337383062,237400
2025-09-30,258.09771728515625,258.5053482820014,252.21196260074979,252.21196260074979,335100
2025-10-01,265.1466979980469,265.7034549150248,258.9129926913608,259.3504185481493,369000
2025-10-02,264.99755859375,265.265985198299,263.2179087135846,263.2179087135846,389100
2025-10-03,268.0100402832031,270.28676650155387,265.7531570636903,265.7531570636903,494200
2025-10-06,266.9163818359375,268.43752660640143,266.638003392355,268.20884667950435,720800
2025-10-07,267.005859375,267.4433155526243,265.6139671466386,266.9163838397098,152400
2025-10-08,267.75152587890625,268.58666123682764,266.77718612417675,267.62227332214894,129200
2025-10-09,267.4433288574219,269.27267735441416,266.9859993184179,268.42759013555417,127400
2025-10-10,263.19805908203125,268.2983470737089,262.87990359103645,268.2983470737089,135400
2025-10-13,263.168212890625,264.76888137650104,262.6114559963225,263.0986106935934,176700
2025-10-14,263.8741149902344,264.91802665820944,261.47805766501034,261.96521239793503,135500
2025-10-15,264.93792724609375,266.0613626026833,262.8202484131198,263.5559564242086,124400
2025-10-16,264.6297302246094,267.2544371904684,263.89399185412935,265.77306929074814,230300
2025-10-17,265.9519958496094,266.3198498304341,263.1980365723476,263.39686098148195,184700
2025-10-20,269.11358642578125,269.5908196219904,266.90643219739826,266.90643219739826,122500
2025-10-21,269.4317626953125,270.60492692632096,268.2884236450592,269.63061746099885,337600
2025-10-22,270.3861999511719,271.73834561334354,269.9984725997326,270.95290872886835,237300
2025-10-23,270.8733825683594,271.44006099993504,269.57096578012687,269.9586931280471,159600
2025-10-24,271.07220458984375,272.3348746867256,270.95290386846403,271.46988377476856,109800
2025-10-27,272.1856994628906,272.295078677179,270.2867488707497,271.26108859569933,142000
2025-10-28,270.3861999511719,272.4144032739406,270.02829778061255,272.4144032739406,273800
2025-10-29,268.0100402832031,270.70434936547827,267.11525453590997,269.98851469944844,205700
2025-10-30,268.3480529785156,270.455779829327,267.4930139622388,267.63221835550655,260100
2025-10-31,268.8153381347656,269.1732402808425,266.1011254964476,266.63800905653835,178900
2025-11-03,268.5668029785156,269.0340843725059,265.41513394398936,268.20887046732133,235700
2025-11-04,269.23291015625,270.5552306429479,266.8468046531666,267.0357075798377,193800
2025-11-05,270.5850524902344,271.6488678344909,268.2188203566459,268.60657804587066,249200
2025-11-06,270.6446838378906,271.1020133558154,269.04398501369116,269.8691988548985,167100
2025-11-07,271.09210205078125,271.09210205078125,268.2188115992439,270.25693633833123,147500
2025-11-10,273.1998291015625,273.4782075588347,270.4756645472099,270.4756645472099,165300
2025-11-11,279.6522521972656,279.69202921569246,273.6770219143498,273.6770219143498,213800
2025-11-12,282.8536376953125,283.5396471876513,279.63239683805324,279.8610464415148,239700
2025-11-13,282.10797119140625,285.38886233230784,280.9348069983301,281.8395445732884,310500
2025-11-14,280.90496826171875,282.7442685026594,279.32417312714085,280.6564149951315,234700
2025-11-17,280.61663818359375,283.6589277415834,279.71190065163313,280.08970647167985,586900
2025-11-18,282.257080078125,283.3606723458242,280.0300525453638,280.5868094285541,314400
2025-11-19,281.9190673828125,282.6746790564321,280.48739807541546,281.9986214226547,225300
2025-11-20,280.139404296875,284.3051594649353,279.87097769217695,282.53546142354026,420800
2025-11-21,286.1146545410156,288.0732556289916,280.5371334219283,280.7558615250872,383500
2025-11-24,288.21246337890625,289.34585058772853,286.40298817184583,287.1585695307349,247600
2025-11-25,294.31689453125,294.4958456024007,289.1271010810528,289.1271010810528,410700
2025-11-26,294.07830810546875,294.7941427675652,293.5712497036989,293.8695015041655,218700
2025-11-28,292.8255920410156,293.9192325524939,291.9904566525168,293.9192325524939,239200
2025-12-01,288.54052734375,292.8951855800506,288.29197406853626,291.6822443833686,475800
2025-12-02,286.6316223144531,288.83877659254193,286.4228460605865,288.5206514622132,306600
2025-12-03,288.26214599609375,289.0972813515132,287.1585536879132,287.1585536879132,215500
2025-12-04,286.66143798828125,288.22235977294577,285.8362544992341,288.1229323988381,338400
2025-12-05,285.53802490234375,287.8346548200842,285.0906168545857,287.5065474941344,194900
2025-12-08,282.4062194824219,286.1245971157091,282.0781425087963,285.92574235892175,188700
2025-12-09,279.4832458496094,284.3847397701144,279.3738969660678,283.25132220807745,277500
2025-12-10,283.1021728515625,283.3109491016516,279.4335241808349,280.31838838045695,356400
2025-12-11,285.62750244140625,286.69128744562164,283.35074584771763,284.04670718443623,209600
2025-12-12,286.23394775390625,287.1685105027987,285.14030726680056,285.89591893806926,211300
2025-12-15,289.435302734375,289.7236330188037,286.9795952492856,287.11879964210453,287100
2025-12-16,286.05499267578125,289.2762333918648,284.23559606343144,289.1668845151716,314900
2025-12-17,285.20001220703125,287.3299865722656,285.04998779296875,286.0799865722656,189200
2025-12-18,285.0799865722656,287.5199890136719,284.75,285.0799865722656,216400
2025-12-19,287.45001220703125,288.8399963378906,285.1700134277344,285.1700134277344,384300
2025-12-22,289.7900085449219,289.9100036621094,286.8999938964844,287.54998779296875,293000
2025-12-23,289.0199890136719,290.2900085449219,288.3500061035156,288.7699890136719,145900
2025-12-24,290.45001220703125,290.7099914550781,289.2300109863281,289.2300109863281,156300
2025-12-26,290.70001220703125,290.7900085449219,289.5299987792969,290.45001220703125,148900
2025-12-29,289.989990234375,291.3500061035156,289.75,290.489990234375,1292400
2025-12-30,289.4599914550781,290.1600036621094,288.57000732421875,289.7200012207031,158000
2025-12-31,287.8500061035156,289.4599914550781,287.7200012207031,289.05999755859375,129700
2026-01-02,288.75,288.9200134277344,285.7300109863281,288.07000732421875,230100
2026-01-05,288.32000732421875,288.57000732421875,284.3800048828125,287.04998779296875,299200
2026-01-06,293.9100036621094,294.32000732421875,288.5400085449219,288.5400085449219,468100
2026-01-07,297.260009765625,298.6099853515625,294.8699951171875,295.0,311300
2026-01-08,294.2900085449219,298.42999267578125,293.1400146484375,296.510009765625,225100
2026-01-09,292.9700012207031,295.8599853515625,292.8500061035156,294.989990234375,378500
2026-01-12,292.57000732421875,293.0,290.0,292.6600036621094,227800
2026-01-13,291.3699951171875,293.0400085449219,289.3999938964844,293.0400085449219,207600
2026-01-14,293.5199890136719,293.6400146484375,290.92999267578125,291.3599853515625,182900
2026-01-15,291.9599914550781,293.20001220703125,289.3500061035156,292.6700134277344,198800
2026-01-16,289.7099914550781,292.0,289.70001220703125,291.6199951171875,173600
2026-01-20,289.3599853515625,290.0199890136719,284.8399963378906,286.3299865722656,253100
2026-01-21,294.3699951171875,294.7699890136719,289.1199951171875,289.1199951171875,257300
2026-01-22,294.94000244140625,296.5899963378906,293.32000732421875,293.9200134277344,218800
2026-01-23,292.7300109863281,295.0,291.54998779296875,294.4700012207031,272900
2026-01-26,293.8699951171875,294.239990234375,291.3299865722656,292.4599914550781,261700
2026-01-27,289.510009765625,292.2699890136719,288.8999938964844,290.0899963378906,344700
2026-01-28,286.8399963378906,288.92999267578125,285.80999755859375,288.010009765625,224200
2026-01-29,286.0799865722656,287.57000732421875,285.44000244140625,286.6099853515625,181500
2026-01-30,287.2799987792969,287.7799987792969,284.7699890136719,286.6700134277344,171800
2026-02-02,289.010009765625,289.42999267578125,286.2300109863281,286.2300109863281,213200
2026-02-03,286.3399963378906,291.6600036621094,285.6600036621094,287.6600036621094,321200
2026-02-04,288.8500061035156,290.04998779296875,286.30999755859375,287.8299865722656,396300
2026-02-05,285.9200134277344,290.54998779296875,285.7099914550781,287.6499938964844,189300
2026-02-06,291.20001220703125,291.45001220703125,288.3599853515625,288.3599853515625,124500
2026-02-09,288.95001220703125,291.8900146484375,288.30999755859375,290.9800109863281,224500
2026-02-10,287.55999755859375,290.3299865722656,287.3399963378906,289.489990234375,177800
2026-02-11,288.7799987792969,289.0400085449219,285.5899963378906,287.30999755859375,231600
2026-02-12,287.80999755859375,290.3299865722656,287.1400146484375,288.8599853515625,189600
2026-02-13,290.3900146484375,292.7699890136719,288.3399963378906,288.75,176600
2026-02-17,290.6000061035156,292.95001220703125,290.0,290.6000061035156,197800
2026-02-18,291.4200134277344,291.6000061035156,289.25,290.4200134277344,186700
2026-02-19,290.8699951171875,291.1099853515625,288.80999755859375,290.5299987792969,423800
2026-02-20,289.8999938964844,290.489990234375,288.2300109863281,290.2300109863281,208800
2026-02-23,292.7200012207031,293.19000244140625,290.29998779296875,290.6000061035156,295400
2026-02-24,291.92999267578125,292.8399963378906,290.7699890136719,292.0,233100
2026-02-25,291.8800048828125,294.5,291.54998779296875,292.1199951171875,345500
2026-02-26,291.4200134277344,292.05999755859375,288.54998779296875,292.0199890136719,237200
2026-02-27,295.510009765625,295.6400146484375,289.80999755859375,289.82000732421875,154400
2026-03-02,292.69000244140625,294.4700012207031,291.6199951171875,293.3900146484375,273700
2026-03-03,289.44000244140625,290.57000732421875,285.8500061035156,289.04998779296875,247100
2026-03-04,290.239990234375,291.1300048828125,287.54998779296875,289.5299987792969,224700
