Date,Close,High,Low,Open,Volume
2014-01-02,42.5194091796875,42.5194091796875,42.5194091796875,42.5194091796875,0
2014-01-03,42.41188430786133,42.41188430786133,42.41188430786133,42.41188430786133,0
2014-01-06,42.250648498535156,42.250648498535156,42.250648498535156,42.250648498535156,0
2014-01-07,42.57315444946289,42.57315444946289,42.57315444946289,42.57315444946289,0
2014-01-08,42.62691116333008,42.62691116333008,42.62691116333008,42.62691116333008,0
2014-01-09,42.564205169677734,42.564205169677734,42.564205169677734,42.564205169677734,0
2014-01-10,42.71650695800781,42.71650695800781,42.71650695800781,42.71650695800781,0
2014-01-13,42.0893669128418,42.0893669128418,42.0893669128418,42.0893669128418,0
2014-01-14,42.6985969543457,42.6985969543457,42.6985969543457,42.6985969543457,0
2014-01-15,42.913604736328125,42.913604736328125,42.913604736328125,42.913604736328125,0
2014-01-16,42.913604736328125,42.913604736328125,42.913604736328125,42.913604736328125,0
2014-01-17,42.79713821411133,42.79713821411133,42.79713821411133,42.79713821411133,0
2014-01-21,43.01215362548828,43.01215362548828,43.01215362548828,43.01215362548828,0
2014-01-22,43.110694885253906,43.110694885253906,43.110694885253906,43.110694885253906,0
2014-01-23,42.79713821411133,42.79713821411133,42.79713821411133,42.79713821411133,0
2014-01-24,41.80269241333008,41.80269241333008,41.80269241333008,41.80269241333008,0
2014-01-27,41.489112854003906,41.489112854003906,41.489112854003906,41.489112854003906,0
2014-01-28,41.704139709472656,41.704139709472656,41.704139709472656,41.704139709472656,0
2014-01-29,41.20245361328125,41.20245361328125,41.20245361328125,41.20245361328125,0
2014-01-30,41.829566955566406,41.829566955566406,41.829566955566406,41.829566955566406,0
2014-01-31,41.6055908203125,41.6055908203125,41.6055908203125,41.6055908203125,0
2014-02-03,40.65593338012695,40.65593338012695,40.65593338012695,40.65593338012695,0
2014-02-04,41.11283493041992,41.11283493041992,41.11283493041992,41.11283493041992,0
2014-02-05,41.04117965698242,41.04117965698242,41.04117965698242,41.04117965698242,0
2014-02-06,41.61455154418945,41.61455154418945,41.61455154418945,41.61455154418945,0
2014-02-07,42.24168014526367,42.24168014526367,42.24168014526367,42.24168014526367,0
2014-02-10,42.37607955932617,42.37607955932617,42.37607955932617,42.37607955932617,0
2014-02-11,42.79713821411133,42.79713821411133,42.79713821411133,42.79713821411133,0
2014-02-12,42.850894927978516,42.850894927978516,42.850894927978516,42.850894927978516,0
2014-02-13,43.182376861572266,43.182376861572266,43.182376861572266,43.182376861572266,0
2014-02-14,43.298831939697266,43.298831939697266,43.298831939697266,43.298831939697266,0
2014-02-18,43.46010971069336,43.46010971069336,43.46010971069336,43.46010971069336,0
2014-02-19,43.173404693603516,43.173404693603516,43.173404693603516,43.173404693603516,0
2014-02-20,43.415306091308594,43.415306091308594,43.415306091308594,43.415306091308594,0
2014-02-21,43.32571029663086,43.32571029663086,43.32571029663086,43.32571029663086,0
2014-02-24,43.63927459716797,43.63927459716797,43.63927459716797,43.63927459716797,0
2014-02-25,43.63927459716797,43.63927459716797,43.63927459716797,43.63927459716797,0
2014-02-26,43.63927459716797,43.63927459716797,43.63927459716797,43.63927459716797,0
2014-02-27,43.8901252746582,43.8901252746582,43.8901252746582,43.8901252746582,0
2014-02-28,43.91700744628906,43.91700744628906,43.91700744628906,43.91700744628906,0
2014-03-03,43.60344696044922,43.60344696044922,43.60344696044922,43.60344696044922,0
2014-03-04,44.275360107421875,44.275360107421875,44.275360107421875,44.275360107421875,0
2014-03-05,44.29328536987305,44.29328536987305,44.29328536987305,44.29328536987305,0
2014-03-06,44.31120300292969,44.31120300292969,44.31120300292969,44.31120300292969,0
2014-03-07,44.20368576049805,44.20368576049805,44.20368576049805,44.20368576049805,0
2014-03-10,44.1678466796875,44.1678466796875,44.1678466796875,44.1678466796875,0
2014-03-11,44.00659942626953,44.00659942626953,44.00659942626953,44.00659942626953,0
2014-03-12,44.04243850708008,44.04243850708008,44.04243850708008,44.04243850708008,0
2014-03-13,43.424251556396484,43.424251556396484,43.424251556396484,43.424251556396484,0
2014-03-14,43.28988265991211,43.28988265991211,43.28988265991211,43.28988265991211,0
2014-03-17,43.70199203491211,43.70199203491211,43.70199203491211,43.70199203491211,0
2014-03-18,44.0513801574707,44.0513801574707,44.0513801574707,44.0513801574707,0
2014-03-19,43.71096420288086,43.71096420288086,43.71096420288086,43.71096420288086,0
2014-03-20,43.85430145263672,43.85430145263672,43.85430145263672,43.85430145263672,0
2014-03-21,43.56760025024414,43.56760025024414,43.56760025024414,43.56760025024414,0
2014-03-24,43.183048248291016,43.183048248291016,43.183048248291016,43.183048248291016,0
2014-03-25,43.28187561035156,43.28187561035156,43.28187561035156,43.28187561035156,0
2014-03-26,42.83261489868164,42.83261489868164,42.83261489868164,42.83261489868164,0
2014-03-27,42.751747131347656,42.751747131347656,42.751747131347656,42.751747131347656,0
2014-03-28,42.886531829833984,42.886531829833984,42.886531829833984,42.886531829833984,0
2014-03-31,43.21896743774414,43.21896743774414,43.21896743774414,43.21896743774414,0
2014-04-01,43.7401237487793,43.7401237487793,43.7401237487793,43.7401237487793,0
2014-04-02,43.84794616699219,43.84794616699219,43.84794616699219,43.84794616699219,0
2014-04-03,43.63229751586914,43.63229751586914,43.63229751586914,43.63229751586914,0
2014-04-04,42.8505744934082,42.8505744934082,42.8505744934082,42.8505744934082,0
2014-04-07,42.302486419677734,42.302486419677734,42.302486419677734,42.302486419677734,0
2014-04-08,42.59001541137695,42.59001541137695,42.59001541137695,42.59001541137695,0
2014-04-09,43.209999084472656,43.209999084472656,43.209999084472656,43.209999084472656,0
2014-04-10,42.10481262207031,42.10481262207031,42.10481262207031,42.10481262207031,0
2014-04-11,41.610618591308594,41.610618591308594,41.610618591308594,41.610618591308594,0
2014-04-14,41.9610481262207,41.9610481262207,41.9610481262207,41.9610481262207,0
2014-04-15,42.24857711791992,42.24857711791992,42.24857711791992,42.24857711791992,0
2014-04-16,42.787689208984375,42.787689208984375,42.787689208984375,42.787689208984375,0
2014-04-17,42.83261489868164,42.83261489868164,42.83261489868164,42.83261489868164,0
2014-04-21,43.08420181274414,43.08420181274414,43.08420181274414,43.08420181274414,0
2014-04-22,43.38970184326172,43.38970184326172,43.38970184326172,43.38970184326172,0
2014-04-23,43.14711380004883,43.14711380004883,43.14711380004883,43.14711380004883,0
2014-04-24,43.31782531738281,43.31782531738281,43.31782531738281,43.31782531738281,0
2014-04-25,42.751747131347656,42.751747131347656,42.751747131347656,42.751747131347656,0
2014-04-28,42.796669006347656,42.796669006347656,42.796669006347656,42.796669006347656,0
2014-04-29,43.102169036865234,43.102169036865234,43.102169036865234,43.102169036865234,0
2014-04-30,43.2639045715332,43.2639045715332,43.2639045715332,43.2639045715332,0
2014-05-01,43.416664123535156,43.416664123535156,43.416664123535156,43.416664123535156,0
2014-05-02,43.40766906738281,43.40766906738281,43.40766906738281,43.40766906738281,0
2014-05-05,43.623329162597656,43.623329162597656,43.623329162597656,43.623329162597656,0
2014-05-06,43.17405319213867,43.17405319213867,43.17405319213867,43.17405319213867,0
2014-05-07,43.209999084472656,43.209999084472656,43.209999084472656,43.209999084472656,0
2014-05-08,43.12013626098633,43.12013626098633,43.12013626098633,43.12013626098633,0
2014-05-09,43.27292251586914,43.27292251586914,43.27292251586914,43.27292251586914,0
2014-05-12,43.82100296020508,43.82100296020508,43.82100296020508,43.82100296020508,0
2014-05-13,43.76707458496094,43.76707458496094,43.76707458496094,43.76707458496094,0
2014-05-14,43.551422119140625,43.551422119140625,43.551422119140625,43.551422119140625,0
2014-05-15,43.183048248291016,43.183048248291016,43.183048248291016,43.183048248291016,0
2014-05-16,43.43463134765625,43.43463134765625,43.43463134765625,43.43463134765625,0
2014-05-19,43.68621826171875,43.68621826171875,43.68621826171875,43.68621826171875,0
2014-05-20,43.40766906738281,43.40766906738281,43.40766906738281,43.40766906738281,0
2014-05-21,43.78504943847656,43.78504943847656,43.78504943847656,43.78504943847656,0
2014-05-22,43.955772399902344,43.955772399902344,43.955772399902344,43.955772399902344,0
2014-05-23,44.22532272338867,44.22532272338867,44.22532272338867,44.22532272338867,0
2014-05-27,44.6116943359375,44.6116943359375,44.6116943359375,44.6116943359375,0
2014-05-28,44.47691345214844,44.47691345214844,44.47691345214844,44.47691345214844,0
2014-05-29,44.77341842651367,44.77341842651367,44.77341842651367,44.77341842651367,0
2014-05-30,44.800392150878906,44.800392150878906,44.800392150878906,44.800392150878906,0
2014-06-02,44.818363189697266,44.818363189697266,44.818363189697266,44.818363189697266,0
2014-06-03,44.79140090942383,44.79140090942383,44.79140090942383,44.79140090942383,0
2014-06-04,44.92616653442383,44.92616653442383,44.92616653442383,44.92616653442383,0
2014-06-05,45.240657806396484,45.240657806396484,45.240657806396484,45.240657806396484,0
2014-06-06,45.43833541870117,45.43833541870117,45.43833541870117,45.43833541870117,0
2014-06-09,45.48324966430664,45.48324966430664,45.48324966430664,45.48324966430664,0
2014-06-10,45.44731140136719,45.44731140136719,45.44731140136719,45.44731140136719,0
2014-06-11,45.38440704345703,45.38440704345703,45.38440704345703,45.38440704345703,0
2014-06-12,45.016048431396484,45.016048431396484,45.016048431396484,45.016048431396484,0
2014-06-13,45.096893310546875,45.096893310546875,45.096893310546875,45.096893310546875,0
2014-06-16,45.13283920288086,45.13283920288086,45.13283920288086,45.13283920288086,0
2014-06-17,45.2047119140625,45.2047119140625,45.2047119140625,45.2047119140625,0
2014-06-18,45.55514144897461,45.55514144897461,45.55514144897461,45.55514144897461,0
2014-06-19,45.5731315612793,45.5731315612793,45.5731315612793,45.5731315612793,0
2014-06-20,45.609046936035156,45.609046936035156,45.609046936035156,45.609046936035156,0
2014-06-23,45.59284210205078,45.59284210205078,45.59284210205078,45.59284210205078,0
2014-06-24,45.34053421020508,45.34053421020508,45.34053421020508,45.34053421020508,0
2014-06-25,45.673927307128906,45.673927307128906,45.673927307128906,45.673927307128906,0
2014-06-26,45.673927307128906,45.673927307128906,45.673927307128906,45.673927307128906,0
2014-06-27,45.82710647583008,45.82710647583008,45.82710647583008,45.82710647583008,0
2014-06-30,45.881160736083984,45.881160736083984,45.881160736083984,45.881160736083984,0
2014-07-01,46.25962448120117,46.25962448120117,46.25962448120117,46.25962448120117,0
2014-07-02,46.27763366699219,46.27763366699219,46.27763366699219,46.27763366699219,0
2014-07-03,46.53893280029297,46.53893280029297,46.53893280029297,46.53893280029297,0
2014-07-07,46.295650482177734,46.295650482177734,46.295650482177734,46.295650482177734,0
2014-07-08,45.881160736083984,45.881160736083984,45.881160736083984,45.881160736083984,0
2014-07-09,46.151485443115234,46.151485443115234,46.151485443115234,46.151485443115234,0
2014-07-10,45.89018249511719,45.89018249511719,45.89018249511719,45.89018249511719,0
2014-07-11,45.98027801513672,45.98027801513672,45.98027801513672,45.98027801513672,0
2014-07-14,46.27763366699219,46.27763366699219,46.27763366699219,46.27763366699219,0
2014-07-15,46.03435516357422,46.03435516357422,46.03435516357422,46.03435516357422,0
2014-07-16,46.05235290527344,46.05235290527344,46.05235290527344,46.05235290527344,0
2014-07-17,45.421634674072266,45.421634674072266,45.421634674072266,45.421634674072266,0
2014-07-18,46.016334533691406,46.016334533691406,46.016334533691406,46.016334533691406,0
2014-07-21,45.90821075439453,45.90821075439453,45.90821075439453,45.90821075439453,0
2014-07-22,46.17850112915039,46.17850112915039,46.17850112915039,46.17850112915039,0
2014-07-23,46.3407096862793,46.3407096862793,46.3407096862793,46.3407096862793,0
2014-07-24,46.349708557128906,46.349708557128906,46.349708557128906,46.349708557128906,0
2014-07-25,46.05235290527344,46.05235290527344,46.05235290527344,46.05235290527344,0
2014-07-28,46.07038879394531,46.07038879394531,46.07038879394531,46.07038879394531,0
2014-07-29,45.92620849609375,45.92620849609375,45.92620849609375,45.92620849609375,0
2014-07-30,46.088417053222656,46.088417053222656,46.088417053222656,46.088417053222656,0
2014-07-31,45.13330078125,45.13330078125,45.13330078125,45.13330078125,0
2014-08-01,45.007144927978516,45.007144927978516,45.007144927978516,45.007144927978516,0
2014-08-04,45.35857009887695,45.35857009887695,45.35857009887695,45.35857009887695,0
2014-08-05,44.980125427246094,44.980125427246094,44.980125427246094,44.980125427246094,0
2014-08-06,44.99815368652344,44.99815368652344,44.99815368652344,44.99815368652344,0
2014-08-07,44.772884368896484,44.772884368896484,44.772884368896484,44.772884368896484,0
2014-08-08,45.27745819091797,45.27745819091797,45.27745819091797,45.27745819091797,0
2014-08-11,45.484710693359375,45.484710693359375,45.484710693359375,45.484710693359375,0
2014-08-12,45.349552154541016,45.349552154541016,45.349552154541016,45.349552154541016,0
2014-08-13,45.718990325927734,45.718990325927734,45.718990325927734,45.718990325927734,0
2014-08-14,45.92620849609375,45.92620849609375,45.92620849609375,45.92620849609375,0
2014-08-15,46.03435516357422,46.03435516357422,46.03435516357422,46.03435516357422,0
2014-08-18,46.48486328125,46.48486328125,46.48486328125,46.48486328125,0
2014-08-19,46.7822151184082,46.7822151184082,46.7822151184082,46.7822151184082,0
2014-08-20,46.899349212646484,46.899349212646484,46.899349212646484,46.899349212646484,0
2014-08-21,46.935386657714844,46.935386657714844,46.935386657714844,46.935386657714844,0
2014-08-22,46.944400787353516,46.944400787353516,46.944400787353516,46.944400787353516,0
2014-08-25,47.15164566040039,47.15164566040039,47.15164566040039,47.15164566040039,0
2014-08-26,47.223716735839844,47.223716735839844,47.223716735839844,47.223716735839844,0
2014-08-27,47.19670104980469,47.19670104980469,47.19670104980469,47.19670104980469,0
2014-08-28,47.10658645629883,47.10658645629883,47.10658645629883,47.10658645629883,0
2014-08-29,47.259769439697266,47.259769439697266,47.259769439697266,47.259769439697266,0
2014-09-02,47.33184051513672,47.33184051513672,47.33184051513672,47.33184051513672,0
2014-09-03,47.16065979003906,47.16065979003906,47.16065979003906,47.16065979003906,0
2014-09-04,47.034515380859375,47.034515380859375,47.034515380859375,47.034515380859375,0
2014-09-05,47.28678894042969,47.28678894042969,47.28678894042969,47.28678894042969,0
2014-09-08,47.17866897583008,47.17866897583008,47.17866897583008,47.17866897583008,0
2014-09-09,46.83627700805664,46.83627700805664,46.83627700805664,46.83627700805664,0
2014-09-10,47.079566955566406,47.079566955566406,47.079566955566406,47.079566955566406,0
2014-09-11,47.097572326660156,47.097572326660156,47.097572326660156,47.097572326660156,0
2014-09-12,46.764198303222656,46.764198303222656,46.764198303222656,46.764198303222656,0
2014-09-15,46.52991485595703,46.52991485595703,46.52991485595703,46.52991485595703,0
2014-09-16,46.90836715698242,46.90836715698242,46.90836715698242,46.90836715698242,0
2014-09-17,46.9714241027832,46.9714241027832,46.9714241027832,46.9714241027832,0
2014-09-18,47.187679290771484,47.187679290771484,47.187679290771484,47.187679290771484,0
2014-09-19,47.079566955566406,47.079566955566406,47.079566955566406,47.079566955566406,0
2014-09-22,46.62002182006836,46.62002182006836,46.62002182006836,46.62002182006836,0
2014-09-23,46.436553955078125,46.436553955078125,46.436553955078125,46.436553955078125,0
2014-09-24,46.87036895751953,46.87036895751953,46.87036895751953,46.87036895751953,0
2014-09-25,46.047943115234375,46.047943115234375,46.047943115234375,46.047943115234375,0
2014-09-26,46.58116149902344,46.58116149902344,46.58116149902344,46.58116149902344,0
2014-09-29,46.490779876708984,46.490779876708984,46.490779876708984,46.490779876708984,0
2014-09-30,46.36424255371094,46.36424255371094,46.36424255371094,46.36424255371094,0
2014-10-01,45.69545364379883,45.69545364379883,45.69545364379883,45.69545364379883,0
2014-10-02,45.731605529785156,45.731605529785156,45.731605529785156,45.731605529785156,0
2014-10-03,46.23772048950195,46.23772048950195,46.23772048950195,46.23772048950195,0
2014-10-06,46.12022399902344,46.12022399902344,46.12022399902344,46.12022399902344,0
2014-10-07,45.44239807128906,45.44239807128906,45.44239807128906,45.44239807128906,0
2014-10-08,46.23772048950195,46.23772048950195,46.23772048950195,46.23772048950195,0
2014-10-09,45.31587219238281,45.31587219238281,45.31587219238281,45.31587219238281,0
2014-10-10,44.60186767578125,44.60186767578125,44.60186767578125,44.60186767578125,0
2014-10-13,43.761348724365234,43.761348724365234,43.761348724365234,43.761348724365234,0
2014-10-14,43.87885284423828,43.87885284423828,43.87885284423828,43.87885284423828,0
2014-10-15,43.734230041503906,43.734230041503906,43.734230041503906,43.734230041503906,0
2014-10-16,43.81558609008789,43.81558609008789,43.81558609008789,43.81558609008789,0
2014-10-17,44.357845306396484,44.357845306396484,44.357845306396484,44.357845306396484,0
2014-10-20,44.90011215209961,44.90011215209961,44.90011215209961,44.90011215209961,0
2014-10-21,45.9033203125,45.9033203125,45.9033203125,45.9033203125,0
2014-10-22,45.47853469848633,45.47853469848633,45.47853469848633,45.47853469848633,0
2014-10-23,46.20159149169922,46.20159149169922,46.20159149169922,46.20159149169922,0
2014-10-24,46.454647064208984,46.454647064208984,46.454647064208984,46.454647064208984,0
2014-10-27,46.39138412475586,46.39138412475586,46.39138412475586,46.39138412475586,0
2014-10-28,47.00593948364258,47.00593948364258,47.00593948364258,47.00593948364258,0
2014-10-29,46.85230255126953,46.85230255126953,46.85230255126953,46.85230255126953,0
2014-10-30,47.19572830200195,47.19572830200195,47.19572830200195,47.19572830200195,0
2014-10-31,47.783203125,47.783203125,47.783203125,47.783203125,0
2014-11-03,47.792240142822266,47.792240142822266,47.792240142822266,47.792240142822266,0
2014-11-04,47.56629180908203,47.56629180908203,47.56629180908203,47.56629180908203,0
2014-11-05,47.719932556152344,47.719932556152344,47.719932556152344,47.719932556152344,0
2014-11-06,47.95492935180664,47.95492935180664,47.95492935180664,47.95492935180664,0
2014-11-07,47.93684768676758,47.93684768676758,47.93684768676758,47.93684768676758,0
2014-11-10,48.08145523071289,48.08145523071289,48.08145523071289,48.08145523071289,0
2014-11-11,48.15375900268555,48.15375900268555,48.15375900268555,48.15375900268555,0
2014-11-12,48.217010498046875,48.217010498046875,48.217010498046875,48.217010498046875,0
2014-11-13,48.235103607177734,48.235103607177734,48.235103607177734,48.235103607177734,0
2014-11-14,48.28932571411133,48.28932571411133,48.28932571411133,48.28932571411133,0
2014-11-17,48.189903259277344,48.189903259277344,48.189903259277344,48.189903259277344,0
2014-11-18,48.5333366394043,48.5333366394043,48.5333366394043,48.5333366394043,0
2014-11-19,48.433921813964844,48.433921813964844,48.433921813964844,48.433921813964844,0
2014-11-20,48.551429748535156,48.551429748535156,48.551429748535156,48.551429748535156,0
2014-11-21,48.84062957763672,48.84062957763672,48.84062957763672,48.84062957763672,0
2014-11-24,49.120792388916016,49.120792388916016,49.120792388916016,49.120792388916016,0
2014-11-25,49.09368896484375,49.09368896484375,49.09368896484375,49.09368896484375,0
2014-11-26,49.27444839477539,49.27444839477539,49.27444839477539,49.27444839477539,0
2014-11-28,49.202152252197266,49.202152252197266,49.202152252197266,49.202152252197266,0
2014-12-01,48.64180374145508,48.64180374145508,48.64180374145508,48.64180374145508,0
2014-12-02,48.88582229614258,48.88582229614258,48.88582229614258,48.88582229614258,0
2014-12-03,49.120792388916016,49.120792388916016,49.120792388916016,49.120792388916016,0
2014-12-04,49.075618743896484,49.075618743896484,49.075618743896484,49.075618743896484,0
2014-12-05,49.09368896484375,49.09368896484375,49.09368896484375,49.09368896484375,0
2014-12-08,48.65083694458008,48.65083694458008,48.65083694458008,48.65083694458008,0
2014-12-09,48.76832962036133,48.76832962036133,48.76832962036133,48.76832962036133,0
2014-12-10,47.972999572753906,47.972999572753906,47.972999572753906,47.972999572753906,0
2014-12-11,48.18087387084961,48.18087387084961,48.18087387084961,48.18087387084961,0
2014-12-12,47.530155181884766,47.530155181884766,47.530155181884766,47.530155181884766,0
2014-12-15,47.20477294921875,47.20477294921875,47.20477294921875,47.20477294921875,0
2014-12-16,46.680580139160156,46.680580139160156,46.680580139160156,46.680580139160156,0
2014-12-17,47.69281005859375,47.69281005859375,47.69281005859375,47.69281005859375,0
2014-12-18,48.79543685913086,48.79543685913086,48.79543685913086,48.79543685913086,0
2014-12-19,48.84062957763672,48.84062957763672,48.84062957763672,48.84062957763672,0
2014-12-22,49.17451095581055,49.17451095581055,49.17451095581055,49.17451095581055,0
2014-12-23,49.129150390625,49.129150390625,49.129150390625,49.129150390625,0
2014-12-24,49.15635299682617,49.15635299682617,49.15635299682617,49.15635299682617,0
2014-12-26,49.410400390625,49.410400390625,49.410400390625,49.410400390625,0
2014-12-29,49.48298645019531,49.48298645019531,49.48298645019531,49.48298645019531,0
2014-12-30,49.183589935302734,49.183589935302734,49.183589935302734,49.183589935302734,0
2014-12-31,48.720855712890625,48.720855712890625,48.720855712890625,48.720855712890625,0
2015-01-02,48.6845817565918,48.6845817565918,48.6845817565918,48.6845817565918,0
2015-01-05,47.831756591796875,47.831756591796875,47.831756591796875,47.831756591796875,0
2015-01-06,47.37810516357422,47.37810516357422,47.37810516357422,47.37810516357422,0
2015-01-07,47.9859733581543,47.9859733581543,47.9859733581543,47.9859733581543,0
2015-01-08,48.81159210205078,48.81159210205078,48.81159210205078,48.81159210205078,0
2015-01-09,48.44868850708008,48.44868850708008,48.44868850708008,48.44868850708008,0
2015-01-12,48.02226638793945,48.02226638793945,48.02226638793945,48.02226638793945,0
2015-01-13,47.96783447265625,47.96783447265625,47.96783447265625,47.96783447265625,0
2015-01-14,47.75008010864258,47.75008010864258,47.75008010864258,47.75008010864258,0
2015-01-15,47.1966438293457,47.1966438293457,47.1966438293457,47.1966438293457,0
2015-01-16,47.813594818115234,47.813594818115234,47.813594818115234,47.813594818115234,0
2015-01-20,47.9859733581543,47.9859733581543,47.9859733581543,47.9859733581543,0
2015-01-21,48.24909210205078,48.24909210205078,48.24909210205078,48.24909210205078,0
2015-01-22,49.011199951171875,49.011199951171875,49.011199951171875,49.011199951171875,0
2015-01-23,48.9113883972168,48.9113883972168,48.9113883972168,48.9113883972168,0
2015-01-26,49.11099624633789,49.11099624633789,49.11099624633789,49.11099624633789,0
2015-01-27,48.50312423706055,48.50312423706055,48.50312423706055,48.50312423706055,0
2015-01-28,48.02226638793945,48.02226638793945,48.02226638793945,48.02226638793945,0
2015-01-29,48.484981536865234,48.484981536865234,48.484981536865234,48.484981536865234,0
2015-01-30,48.004119873046875,48.004119873046875,48.004119873046875,48.004119873046875,0
2015-02-02,48.466827392578125,48.466827392578125,48.466827392578125,48.466827392578125,0
2015-02-03,49.09284973144531,49.09284973144531,49.09284973144531,49.09284973144531,0
2015-02-04,48.920475006103516,48.920475006103516,48.920475006103516,48.920475006103516,0
2015-02-05,49.44669723510742,49.44669723510742,49.44669723510742,49.44669723510742,0
2015-02-06,49.165443420410156,49.165443420410156,49.165443420410156,49.165443420410156,0
2015-02-09,48.9658317565918,48.9658317565918,48.9658317565918,48.9658317565918,0
2015-02-10,49.56464767456055,49.56464767456055,49.56464767456055,49.56464767456055,0
2015-02-11,49.691673278808594,49.691673278808594,49.691673278808594,49.691673278808594,0
2015-02-12,50.181583404541016,50.181583404541016,50.181583404541016,50.181583404541016,0
2015-02-13,50.47191619873047,50.47191619873047,50.47191619873047,50.47191619873047,0
2015-02-17,50.54450225830078,50.54450225830078,50.54450225830078,50.54450225830078,0
2015-02-18,50.64430236816406,50.64430236816406,50.64430236816406,50.64430236816406,0
2015-02-19,50.716888427734375,50.716888427734375,50.716888427734375,50.716888427734375,0
2015-02-20,51.079795837402344,51.079795837402344,51.079795837402344,51.079795837402344,0
2015-02-23,51.106998443603516,51.106998443603516,51.106998443603516,51.106998443603516,0
2015-02-24,51.12517166137695,51.12517166137695,51.12517166137695,51.12517166137695,0
2015-02-25,51.19773864746094,51.19773864746094,51.19773864746094,51.19773864746094,0
2015-02-26,51.19773864746094,51.19773864746094,51.19773864746094,51.19773864746094,0
2015-02-27,51.02535629272461,51.02535629272461,51.02535629272461,51.02535629272461,0
2015-03-02,51.46084976196289,51.46084976196289,51.46084976196289,51.46084976196289,0
2015-03-03,51.23404312133789,51.23404312133789,51.23404312133789,51.23404312133789,0
2015-03-04,51.03443145751953,51.03443145751953,51.03443145751953,51.03443145751953,0
2015-03-05,51.106998443603516,51.106998443603516,51.106998443603516,51.106998443603516,0
2015-03-06,50.39934539794922,50.39934539794922,50.39934539794922,50.39934539794922,0
2015-03-09,50.57173538208008,50.57173538208008,50.57173538208008,50.57173538208008,0
2015-03-10,49.737030029296875,49.737030029296875,49.737030029296875,49.737030029296875,0
2015-03-11,49.582794189453125,49.582794189453125,49.582794189453125,49.582794189453125,0
2015-03-12,50.25416946411133,50.25416946411133,50.25416946411133,50.25416946411133,0
2015-03-13,49.93663024902344,49.93663024902344,49.93663024902344,49.93663024902344,0
2015-03-16,50.64430236816406,50.64430236816406,50.64430236816406,50.64430236816406,0
2015-03-17,50.608009338378906,50.608009338378906,50.608009338378906,50.608009338378906,0
2015-03-18,51.179595947265625,51.179595947265625,51.179595947265625,51.179595947265625,0
2015-03-19,51.12517166137695,51.12517166137695,51.12517166137695,51.12517166137695,0
2015-03-20,51.56066131591797,51.56066131591797,51.56066131591797,51.56066131591797,0
2015-03-23,51.36105728149414,51.36105728149414,51.36105728149414,51.36105728149414,0
2015-03-24,51.143558502197266,51.143558502197266,51.143558502197266,51.143558502197266,0
2015-03-25,50.188018798828125,50.188018798828125,50.188018798828125,50.188018798828125,0
2015-03-26,50.11522674560547,50.11522674560547,50.11522674560547,50.11522674560547,0
2015-03-27,50.26082229614258,50.26082229614258,50.26082229614258,50.26082229614258,0
2015-03-30,50.861454010009766,50.861454010009766,50.861454010009766,50.861454010009766,0
2015-03-31,50.406436920166016,50.406436920166016,50.406436920166016,50.406436920166016,0
2015-04-01,50.188018798828125,50.188018798828125,50.188018798828125,50.188018798828125,0
2015-04-02,50.38822555541992,50.38822555541992,50.38822555541992,50.38822555541992,0
2015-04-06,50.71583557128906,50.71583557128906,50.71583557128906,50.71583557128906,0
2015-04-07,50.58843231201172,50.58843231201172,50.58843231201172,50.58843231201172,0
2015-04-08,50.88875198364258,50.88875198364258,50.88875198364258,50.88875198364258,0
2015-04-09,51.07985305786133,51.07985305786133,51.07985305786133,51.07985305786133,0
2015-04-10,51.234554290771484,51.234554290771484,51.234554290771484,51.234554290771484,0
2015-04-13,51.007049560546875,51.007049560546875,51.007049560546875,51.007049560546875,0
2015-04-14,50.99794387817383,50.99794387817383,50.99794387817383,50.99794387817383,0
2015-04-15,51.20724868774414,51.20724868774414,51.20724868774414,51.20724868774414,0
2015-04-16,51.225460052490234,51.225460052490234,51.225460052490234,51.225460052490234,0
2015-04-17,50.57023620605469,50.57023620605469,50.57023620605469,50.57023620605469,0
2015-04-20,51.07075500488281,51.07075500488281,51.07075500488281,51.07075500488281,0
2015-04-21,51.15264892578125,51.15264892578125,51.15264892578125,51.15264892578125,0
2015-04-22,51.434776306152344,51.434776306152344,51.434776306152344,51.434776306152344,0
2015-04-23,51.54397201538086,51.54397201538086,51.54397201538086,51.54397201538086,0
2015-04-24,51.61676025390625,51.61676025390625,51.61676025390625,51.61676025390625,0
2015-04-27,51.380165100097656,51.380165100097656,51.380165100097656,51.380165100097656,0
2015-04-28,51.26186752319336,51.26186752319336,51.26186752319336,51.26186752319336,0
2015-04-29,51.007049560546875,51.007049560546875,51.007049560546875,51.007049560546875,0
2015-04-30,50.37003707885742,50.37003707885742,50.37003707885742,50.37003707885742,0
2015-05-01,50.99794387817383,50.99794387817383,50.99794387817383,50.99794387817383,0
2015-05-04,51.07985305786133,51.07985305786133,51.07985305786133,51.07985305786133,0
2015-05-05,50.38822555541992,50.38822555541992,50.38822555541992,50.38822555541992,0
2015-05-06,50.2335205078125,50.2335205078125,50.2335205078125,50.2335205078125,0
2015-05-07,50.51564025878906,50.51564025878906,50.51564025878906,50.51564025878906,0
2015-05-08,51.143558502197266,51.143558502197266,51.143558502197266,51.143558502197266,0
2015-05-11,50.89784622192383,50.89784622192383,50.89784622192383,50.89784622192383,0
2015-05-12,50.77045440673828,50.77045440673828,50.77045440673828,50.77045440673828,0
2015-05-13,50.71583557128906,50.71583557128906,50.71583557128906,50.71583557128906,0
2015-05-14,51.33466339111328,51.33466339111328,51.33466339111328,51.33466339111328,0
2015-05-15,51.407466888427734,51.407466888427734,51.407466888427734,51.407466888427734,0
2015-05-18,51.61676025390625,51.61676025390625,51.61676025390625,51.61676025390625,0
2015-05-19,51.54397201538086,51.54397201538086,51.54397201538086,51.54397201538086,0
2015-05-20,51.4893684387207,51.4893684387207,51.4893684387207,51.4893684387207,0
2015-05-21,51.66225814819336,51.66225814819336,51.66225814819336,51.66225814819336,0
2015-05-22,51.644065856933594,51.644065856933594,51.644065856933594,51.644065856933594,0
2015-05-26,51.09806823730469,51.09806823730469,51.09806823730469,51.09806823730469,0
2015-05-27,51.63498306274414,51.63498306274414,51.63498306274414,51.63498306274414,0
2015-05-28,51.507564544677734,51.507564544677734,51.507564544677734,51.507564544677734,0
2015-05-29,51.10715103149414,51.10715103149414,51.10715103149414,51.10715103149414,0
2015-06-01,51.289154052734375,51.289154052734375,51.289154052734375,51.289154052734375,0
2015-06-02,51.26186752319336,51.26186752319336,51.26186752319336,51.26186752319336,0
2015-06-03,51.407466888427734,51.407466888427734,51.407466888427734,51.407466888427734,0
2015-06-04,51.02523422241211,51.02523422241211,51.02523422241211,51.02523422241211,0
2015-06-05,50.99794387817383,50.99794387817383,50.99794387817383,50.99794387817383,0
2015-06-08,50.579345703125,50.579345703125,50.579345703125,50.579345703125,0
2015-06-09,50.52472686767578,50.52472686767578,50.52472686767578,50.52472686767578,0
2015-06-10,51.116249084472656,51.116249084472656,51.116249084472656,51.116249084472656,0
2015-06-11,51.21636199951172,51.21636199951172,51.21636199951172,51.21636199951172,0
2015-06-12,50.88875198364258,50.88875198364258,50.88875198364258,50.88875198364258,0
2015-06-15,50.65214538574219,50.65214538574219,50.65214538574219,50.65214538574219,0
2015-06-16,50.916046142578125,50.916046142578125,50.916046142578125,50.916046142578125,0
2015-06-17,51.052547454833984,51.052547454833984,51.052547454833984,51.052547454833984,0
2015-06-18,51.607666015625,51.607666015625,51.607666015625,51.607666015625,0
2015-06-19,51.3640251159668,51.3640251159668,51.3640251159668,51.3640251159668,0
2015-06-22,51.70164489746094,51.70164489746094,51.70164489746094,51.70164489746094,0
2015-06-23,51.75639724731445,51.75639724731445,51.75639724731445,51.75639724731445,0
2015-06-24,51.39140701293945,51.39140701293945,51.39140701293945,51.39140701293945,0
2015-06-25,51.254520416259766,51.254520416259766,51.254520416259766,51.254520416259766,0
2015-06-26,51.16326904296875,51.16326904296875,51.16326904296875,51.16326904296875,0
2015-06-29,50.022674560546875,50.022674560546875,50.022674560546875,50.022674560546875,0
2015-06-30,50.28730773925781,50.28730773925781,50.28730773925781,50.28730773925781,0
2015-07-01,50.64316940307617,50.64316940307617,50.64316940307617,50.64316940307617,0
2015-07-02,50.65229034423828,50.65229034423828,50.65229034423828,50.65229034423828,0
2015-07-06,50.50629425048828,50.50629425048828,50.50629425048828,50.50629425048828,0
2015-07-07,50.79829025268555,50.79829025268555,50.79829025268555,50.79829025268555,0
2015-07-08,49.88580322265625,49.88580322265625,49.88580322265625,49.88580322265625,0
2015-07-09,49.967926025390625,49.967926025390625,49.967926025390625,49.967926025390625,0
2015-07-10,50.67054748535156,50.67054748535156,50.67054748535156,50.67054748535156,0
2015-07-13,51.309288024902344,51.309288024902344,51.309288024902344,51.309288024902344,0
2015-07-14,51.59215545654297,51.59215545654297,51.59215545654297,51.59215545654297,0
2015-07-15,51.519168853759766,51.519168853759766,51.519168853759766,51.519168853759766,0
2015-07-16,51.984527587890625,51.984527587890625,51.984527587890625,51.984527587890625,0
2015-07-17,52.2856559753418,52.2856559753418,52.2856559753418,52.2856559753418,0
2015-07-20,52.431636810302734,52.431636810302734,52.431636810302734,52.431636810302734,0
2015-07-21,52.2856559753418,52.2856559753418,52.2856559753418,52.2856559753418,0
2015-07-22,52.07577133178711,52.07577133178711,52.07577133178711,52.07577133178711,0
2015-07-23,51.78377914428711,51.78377914428711,51.78377914428711,51.78377914428711,0
2015-07-24,51.28190994262695,51.28190994262695,51.28190994262695,51.28190994262695,0
2015-07-27,50.94429016113281,50.94429016113281,50.94429016113281,50.94429016113281,0
2015-07-28,51.61953353881836,51.61953353881836,51.61953353881836,51.61953353881836,0
2015-07-29,51.911521911621094,51.911521911621094,51.911521911621094,51.911521911621094,0
2015-07-30,51.93889236450195,51.93889236450195,51.93889236450195,51.93889236450195,0
2015-07-31,51.89326858520508,51.89326858520508,51.89326858520508,51.89326858520508,0
2015-08-03,51.75639724731445,51.75639724731445,51.75639724731445,51.75639724731445,0
2015-08-04,51.65602493286133,51.65602493286133,51.65602493286133,51.65602493286133,0
2015-08-05,51.79290771484375,51.79290771484375,51.79290771484375,51.79290771484375,0
2015-08-06,51.20891189575195,51.20891189575195,51.20891189575195,51.20891189575195,0
2015-08-07,51.11765670776367,51.11765670776367,51.11765670776367,51.11765670776367,0
2015-08-10,51.729034423828125,51.729034423828125,51.729034423828125,51.729034423828125,0
2015-08-11,51.24542236328125,51.24542236328125,51.24542236328125,51.24542236328125,0
2015-08-12,51.31841278076172,51.31841278076172,51.31841278076172,51.31841278076172,0
2015-08-13,51.29103469848633,51.29103469848633,51.29103469848633,51.29103469848633,0
2015-08-14,51.437042236328125,51.437042236328125,51.437042236328125,51.437042236328125,0
2015-08-17,51.838539123535156,51.838539123535156,51.838539123535156,51.838539123535156,0
2015-08-18,51.69253921508789,51.69253921508789,51.69253921508789,51.69253921508789,0
2015-08-19,51.35491180419922,51.35491180419922,51.35491180419922,51.35491180419922,0
2015-08-20,50.08655548095703,50.08655548095703,50.08655548095703,50.08655548095703,0
2015-08-21,48.38932418823242,48.38932418823242,48.38932418823242,48.38932418823242,0
2015-08-24,46.518707275390625,46.518707275390625,46.518707275390625,46.518707275390625,0
2015-08-25,46.098968505859375,46.098968505859375,46.098968505859375,46.098968505859375,0
2015-08-26,47.97868728637695,47.97868728637695,47.97868728637695,47.97868728637695,0
2015-08-27,49.1375732421875,49.1375732421875,49.1375732421875,49.1375732421875,0
2015-08-28,49.21055603027344,49.21055603027344,49.21055603027344,49.21055603027344,0
2015-08-31,48.64482879638672,48.64482879638672,48.64482879638672,48.64482879638672,0
2015-09-01,47.2669563293457,47.2669563293457,47.2669563293457,47.2669563293457,0
2015-09-02,48.27070236206055,48.27070236206055,48.27070236206055,48.27070236206055,0
2015-09-03,48.206825256347656,48.206825256347656,48.206825256347656,48.206825256347656,0
2015-09-04,47.595458984375,47.595458984375,47.595458984375,47.595458984375,0
2015-09-08,48.7725715637207,48.7725715637207,48.7725715637207,48.7725715637207,0
2015-09-09,48.12469482421875,48.12469482421875,48.12469482421875,48.12469482421875,0
2015-09-10,48.434940338134766,48.434940338134766,48.434940338134766,48.434940338134766,0
2015-09-11,48.73606872558594,48.73606872558594,48.73606872558594,48.73606872558594,0
2015-09-14,48.54444885253906,48.54444885253906,48.54444885253906,48.54444885253906,0
2015-09-15,49.11931228637695,49.11931228637695,49.11931228637695,49.11931228637695,0
2015-09-16,49.502559661865234,49.502559661865234,49.502559661865234,49.502559661865234,0
2015-09-17,49.48429870605469,49.48429870605469,49.48429870605469,49.48429870605469,0
2015-09-18,48.79585647583008,48.79585647583008,48.79585647583008,48.79585647583008,0
2015-09-21,48.96064758300781,48.96064758300781,48.96064758300781,48.96064758300781,0
2015-09-22,48.30148696899414,48.30148696899414,48.30148696899414,48.30148696899414,0
2015-09-23,48.20993423461914,48.20993423461914,48.20993423461914,48.20993423461914,0
2015-09-24,48.0085334777832,48.0085334777832,48.0085334777832,48.0085334777832,0
2015-09-25,47.7979621887207,47.7979621887207,47.7979621887207,47.7979621887207,0
2015-09-28,46.36063766479492,46.36063766479492,46.36063766479492,46.36063766479492,0
2015-09-29,46.259952545166016,46.259952545166016,46.259952545166016,46.259952545166016,0
2015-09-30,47.25783157348633,47.25783157348633,47.25783157348633,47.25783157348633,0
2015-10-01,47.450077056884766,47.450077056884766,47.450077056884766,47.450077056884766,0
2015-10-02,48.2007942199707,48.2007942199707,48.2007942199707,48.2007942199707,0
2015-10-05,48.942344665527344,48.942344665527344,48.942344665527344,48.942344665527344,0
2015-10-06,48.631065368652344,48.631065368652344,48.631065368652344,48.631065368652344,0
2015-10-07,48.997257232666016,48.997257232666016,48.997257232666016,48.997257232666016,0
2015-10-08,49.390933990478516,49.390933990478516,49.390933990478516,49.390933990478516,0
2015-10-09,49.555728912353516,49.555728912353516,49.555728912353516,49.555728912353516,0
2015-10-12,49.65641403198242,49.65641403198242,49.65641403198242,49.65641403198242,0
2015-10-13,49.26275634765625,49.26275634765625,49.26275634765625,49.26275634765625,0
2015-10-14,49.061344146728516,49.061344146728516,49.061344146728516,49.061344146728516,0
2015-10-15,49.84867858886719,49.84867858886719,49.84867858886719,49.84867858886719,0
2015-10-16,50.03177261352539,50.03177261352539,50.03177261352539,50.03177261352539,0
2015-10-19,50.178253173828125,50.178253173828125,50.178253173828125,50.178253173828125,0
2015-10-20,50.02261734008789,50.02261734008789,50.02261734008789,50.02261734008789,0
2015-10-21,49.693050384521484,49.693050384521484,49.693050384521484,49.693050384521484,0
2015-10-22,50.452911376953125,50.452911376953125,50.452911376953125,50.452911376953125,0
2015-10-23,51.0296630859375,51.0296630859375,51.0296630859375,51.0296630859375,0
2015-10-26,51.0296630859375,51.0296630859375,51.0296630859375,51.0296630859375,0
2015-10-27,50.9564208984375,50.9564208984375,50.9564208984375,50.9564208984375,0
2015-10-28,51.51486587524414,51.51486587524414,51.51486587524414,51.51486587524414,0
2015-10-29,51.64303970336914,51.64303970336914,51.64303970336914,51.64303970336914,0
2015-10-30,51.4874153137207,51.4874153137207,51.4874153137207,51.4874153137207,0
2015-11-02,52.08248519897461,52.08248519897461,52.08248519897461,52.08248519897461,0
2015-11-03,52.21979522705078,52.21979522705078,52.21979522705078,52.21979522705078,0
2015-11-04,52.11908721923828,52.11908721923828,52.11908721923828,52.11908721923828,0
2015-11-05,52.03670883178711,52.03670883178711,52.03670883178711,52.03670883178711,0
2015-11-06,51.972618103027344,51.972618103027344,51.972618103027344,51.972618103027344,0
2015-11-09,51.45078659057617,51.45078659057617,51.45078659057617,51.45078659057617,0
2015-11-10,51.505714416503906,51.505714416503906,51.505714416503906,51.505714416503906,0
2015-11-11,51.31345748901367,51.31345748901367,51.31345748901367,51.31345748901367,0
2015-11-12,50.6817626953125,50.6817626953125,50.6817626953125,50.6817626953125,0
2015-11-13,49.92192077636719,49.92192077636719,49.92192077636719,49.92192077636719,0
2015-11-16,50.59937286376953,50.59937286376953,50.59937286376953,50.59937286376953,0
2015-11-17,50.62683868408203,50.62683868408203,50.62683868408203,50.62683868408203,0
2015-11-18,51.51486587524414,51.51486587524414,51.51486587524414,51.51486587524414,0
2015-11-19,51.47825241088867,51.47825241088867,51.47825241088867,51.47825241088867,0
2015-11-20,51.81698989868164,51.81698989868164,51.81698989868164,51.81698989868164,0
2015-11-23,51.780372619628906,51.780372619628906,51.780372619628906,51.780372619628906,0
2015-11-24,51.80783462524414,51.80783462524414,51.80783462524414,51.80783462524414,0
2015-11-25,51.890220642089844,51.890220642089844,51.890220642089844,51.890220642089844,0
2015-11-27,51.917694091796875,51.917694091796875,51.917694091796875,51.917694091796875,0
2015-11-30,51.56980895996094,51.56980895996094,51.56980895996094,51.56980895996094,0
2015-12-01,52.06416702270508,52.06416702270508,52.06416702270508,52.06416702270508,0
2015-12-02,51.56980895996094,51.56980895996094,51.56980895996094,51.56980895996094,0
2015-12-03,50.7641716003418,50.7641716003418,50.7641716003418,50.7641716003418,0
2015-12-04,51.780372619628906,51.780372619628906,51.780372619628906,51.780372619628906,0
2015-12-07,51.395851135253906,51.395851135253906,51.395851135253906,51.395851135253906,0
2015-12-08,51.2859992980957,51.2859992980957,51.2859992980957,51.2859992980957,0
2015-12-09,50.69091796875,50.69091796875,50.69091796875,50.69091796875,0
2015-12-10,50.83740234375,50.83740234375,50.83740234375,50.83740234375,0
2015-12-11,49.77543258666992,49.77543258666992,49.77543258666992,49.77543258666992,0
2015-12-14,50.00429153442383,50.00429153442383,50.00429153442383,50.00429153442383,0
2015-12-15,50.35219955444336,50.35219955444336,50.35219955444336,50.35219955444336,0
2015-12-16,51.09019470214844,51.09019470214844,51.09019470214844,51.09019470214844,0
2015-12-17,50.30900955200195,50.30900955200195,50.30900955200195,50.30900955200195,0
2015-12-18,49.445098876953125,49.445098876953125,49.445098876953125,49.445098876953125,0
2015-12-21,49.81270980834961,49.81270980834961,49.81270980834961,49.81270980834961,0
2015-12-22,50.16194534301758,50.16194534301758,50.16194534301758,50.16194534301758,0
2015-12-23,50.67662811279297,50.67662811279297,50.67662811279297,50.67662811279297,0
2015-12-24,50.63066482543945,50.63066482543945,50.63066482543945,50.63066482543945,0
2015-12-28,50.593902587890625,50.593902587890625,50.593902587890625,50.593902587890625,0
2015-12-29,51.19129180908203,51.19129180908203,51.19129180908203,51.19129180908203,0
2015-12-30,50.82367706298828,50.82367706298828,50.82367706298828,50.82367706298828,0
2015-12-31,50.33656692504883,50.33656692504883,50.33656692504883,50.33656692504883,0
2016-01-04,49.454288482666016,49.454288482666016,49.454288482666016,49.454288482666016,0
2016-01-05,49.472652435302734,49.472652435302734,49.472652435302734,49.472652435302734,0
2016-01-06,48.91203689575195,48.91203689575195,48.91203689575195,48.91203689575195,0
2016-01-07,47.6896858215332,47.6896858215332,47.6896858215332,47.6896858215332,0
2016-01-08,47.23016357421875,47.23016357421875,47.23016357421875,47.23016357421875,0
2016-01-11,47.276126861572266,47.276126861572266,47.276126861572266,47.276126861572266,0
2016-01-12,47.71727752685547,47.71727752685547,47.71727752685547,47.71727752685547,0
2016-01-13,46.30192947387695,46.30192947387695,46.30192947387695,46.30192947387695,0
2016-01-14,47.018795013427734,47.018795013427734,47.018795013427734,47.018795013427734,0
2016-01-15,46.044593811035156,46.044593811035156,46.044593811035156,46.044593811035156,0
2016-01-19,46.0354118347168,46.0354118347168,46.0354118347168,46.0354118347168,0
2016-01-20,45.704532623291016,45.704532623291016,45.704532623291016,45.704532623291016,0
2016-01-21,45.92512130737305,45.92512130737305,45.92512130737305,45.92512130737305,0
2016-01-22,47.03715896606445,47.03715896606445,47.03715896606445,47.03715896606445,0
2016-01-25,46.36625671386719,46.36625671386719,46.36625671386719,46.36625671386719,0
2016-01-26,46.88093185424805,46.88093185424805,46.88093185424805,46.88093185424805,0
2016-01-27,46.044593811035156,46.044593811035156,46.044593811035156,46.044593811035156,0
2016-01-28,46.311119079589844,46.311119079589844,46.311119079589844,46.311119079589844,0
2016-01-29,47.35884475708008,47.35884475708008,47.35884475708008,47.35884475708008,0
2016-02-01,47.459938049316406,47.459938049316406,47.459938049316406,47.459938049316406,0
2016-02-02,46.57763671875,46.57763671875,46.57763671875,46.57763671875,0
2016-02-03,46.706302642822266,46.706302642822266,46.706302642822266,46.706302642822266,0
2016-02-04,46.733882904052734,46.733882904052734,46.733882904052734,46.733882904052734,0
2016-02-05,45.346107482910156,45.346107482910156,45.346107482910156,45.346107482910156,0
2016-02-08,44.48220443725586,44.48220443725586,44.48220443725586,44.48220443725586,0
2016-02-09,44.48220443725586,44.48220443725586,44.48220443725586,44.48220443725586,0
2016-02-10,44.647640228271484,44.647640228271484,44.647640228271484,44.647640228271484,0
2016-02-11,44.28000259399414,44.28000259399414,44.28000259399414,44.28000259399414,0
2016-02-12,45.042816162109375,45.042816162109375,45.042816162109375,45.042816162109375,0
2016-02-16,45.92512130737305,45.92512130737305,45.92512130737305,45.92512130737305,0
2016-02-17,46.816593170166016,46.816593170166016,46.816593170166016,46.816593170166016,0
2016-02-18,46.43059158325195,46.43059158325195,46.43059158325195,46.43059158325195,0
2016-02-19,46.56844711303711,46.56844711303711,46.56844711303711,46.56844711303711,0
2016-02-22,47.266929626464844,47.266929626464844,47.266929626464844,47.266929626464844,0
2016-02-23,46.71551513671875,46.71551513671875,46.71551513671875,46.71551513671875,0
2016-02-24,46.99121856689453,46.99121856689453,46.99121856689453,46.99121856689453,0
2016-02-25,47.53346252441406,47.53346252441406,47.53346252441406,47.53346252441406,0
2016-02-26,47.51508331298828,47.51508331298828,47.51508331298828,47.51508331298828,0
2016-02-29,47.14745330810547,47.14745330810547,47.14745330810547,47.14745330810547,0
2016-03-01,48.415748596191406,48.415748596191406,48.415748596191406,48.415748596191406,0
2016-03-02,48.43412780761719,48.43412780761719,48.43412780761719,48.43412780761719,0
2016-03-03,48.56279754638672,48.56279754638672,48.56279754638672,48.56279754638672,0
2016-03-04,48.67307662963867,48.67307662963867,48.67307662963867,48.67307662963867,0
2016-03-07,48.5811882019043,48.5811882019043,48.5811882019043,48.5811882019043,0
2016-03-08,48.0389404296875,48.0389404296875,48.0389404296875,48.0389404296875,0
2016-03-09,48.250308990478516,48.250308990478516,48.250308990478516,48.250308990478516,0
2016-03-10,48.26871109008789,48.26871109008789,48.26871109008789,48.26871109008789,0
2016-03-11,49.14179992675781,49.14179992675781,49.14179992675781,49.14179992675781,0
2016-03-14,49.169376373291016,49.169376373291016,49.169376373291016,49.169376373291016,0
2016-03-15,49.08666229248047,49.08666229248047,49.08666229248047,49.08666229248047,0
2016-03-16,49.42669677734375,49.42669677734375,49.42669677734375,49.42669677734375,0
2016-03-17,49.656471252441406,49.656471252441406,49.656471252441406,49.656471252441406,0
2016-03-18,49.882328033447266,49.882328033447266,49.882328033447266,49.882328033447266,0
2016-03-21,49.974517822265625,49.974517822265625,49.974517822265625,49.974517822265625,0
2016-03-22,50.00217819213867,50.00217819213867,50.00217819213867,50.00217819213867,0
2016-03-23,49.67029571533203,49.67029571533203,49.67029571533203,49.67029571533203,0
2016-03-24,49.68873596191406,49.68873596191406,49.68873596191406,49.68873596191406,0
2016-03-28,49.71638870239258,49.71638870239258,49.71638870239258,49.71638870239258,0
2016-03-29,50.343265533447266,50.343265533447266,50.343265533447266,50.343265533447266,0
2016-03-30,50.56451416015625,50.56451416015625,50.56451416015625,50.56451416015625,0
2016-03-31,50.50919723510742,50.50919723510742,50.50919723510742,50.50919723510742,0
2016-04-01,50.933258056640625,50.933258056640625,50.933258056640625,50.933258056640625,0
2016-04-04,50.81342315673828,50.81342315673828,50.81342315673828,50.81342315673828,0
2016-04-05,50.315608978271484,50.315608978271484,50.315608978271484,50.315608978271484,0
2016-04-06,50.99778366088867,50.99778366088867,50.99778366088867,50.99778366088867,0
2016-04-07,50.38014221191406,50.38014221191406,50.38014221191406,50.38014221191406,0
2016-04-08,50.45389175415039,50.45389175415039,50.45389175415039,50.45389175415039,0
2016-04-11,50.21420669555664,50.21420669555664,50.21420669555664,50.21420669555664,0
2016-04-12,50.64748764038086,50.64748764038086,50.64748764038086,50.64748764038086,0
2016-04-13,51.14529800415039,51.14529800415039,51.14529800415039,51.14529800415039,0
2016-04-14,51.1268424987793,51.1268424987793,51.1268424987793,51.1268424987793,0
2016-04-15,51.089988708496094,51.089988708496094,51.089988708496094,51.089988708496094,0
2016-04-18,51.38498306274414,51.38498306274414,51.38498306274414,51.38498306274414,0
2016-04-19,51.29279327392578,51.29279327392578,51.29279327392578,51.29279327392578,0
2016-04-20,51.283565521240234,51.283565521240234,51.283565521240234,51.283565521240234,0
2016-04-21,51.136070251464844,51.136070251464844,51.136070251464844,51.136070251464844,0
2016-04-22,51.016239166259766,51.016239166259766,51.016239166259766,51.016239166259766,0
2016-04-25,50.970130920410156,50.970130920410156,50.970130920410156,50.970130920410156,0
2016-04-26,50.96091079711914,50.96091079711914,50.96091079711914,50.96091079711914,0
2016-04-27,50.80419921875,50.80419921875,50.80419921875,50.80419921875,0
2016-04-28,50.35247802734375,50.35247802734375,50.35247802734375,50.35247802734375,0
2016-04-29,50.131229400634766,50.131229400634766,50.131229400634766,50.131229400634766,0
2016-05-02,50.592166900634766,50.592166900634766,50.592166900634766,50.592166900634766,0
2016-05-03,50.17732238769531,50.17732238769531,50.17732238769531,50.17732238769531,0
2016-05-04,49.946868896484375,49.946868896484375,49.946868896484375,49.946868896484375,0
2016-05-05,49.946868896484375,49.946868896484375,49.946868896484375,49.946868896484375,0
2016-05-06,50.14044189453125,50.14044189453125,50.14044189453125,50.14044189453125,0
2016-05-09,50.343265533447266,50.343265533447266,50.343265533447266,50.343265533447266,0
2016-05-10,50.97935485839844,50.97935485839844,50.97935485839844,50.97935485839844,0
2016-05-11,50.37092208862305,50.37092208862305,50.37092208862305,50.37092208862305,0
2016-05-12,50.30637741088867,50.30637741088867,50.30637741088867,50.30637741088867,0
2016-05-13,49.992950439453125,49.992950439453125,49.992950439453125,49.992950439453125,0
2016-05-16,50.50919723510742,50.50919723510742,50.50919723510742,50.50919723510742,0
2016-05-17,49.992950439453125,49.992950439453125,49.992950439453125,49.992950439453125,0
2016-05-18,49.98374557495117,49.98374557495117,49.98374557495117,49.98374557495117,0
2016-05-19,49.734840393066406,49.734840393066406,49.734840393066406,49.734840393066406,0
2016-05-20,50.14044189453125,50.14044189453125,50.14044189453125,50.14044189453125,0
2016-05-23,50.07592010498047,50.07592010498047,50.07592010498047,50.07592010498047,0
2016-05-24,50.8595085144043,50.8595085144043,50.8595085144043,50.8595085144043,0
2016-05-25,51.099205017089844,51.099205017089844,51.099205017089844,51.099205017089844,0
2016-05-26,51.163719177246094,51.163719177246094,51.163719177246094,51.163719177246094,0
2016-05-27,51.394195556640625,51.394195556640625,51.394195556640625,51.394195556640625,0
2016-05-31,51.36654281616211,51.36654281616211,51.36654281616211,51.36654281616211,0
2016-06-01,51.421852111816406,51.421852111816406,51.421852111816406,51.421852111816406,0
2016-06-02,51.59700393676758,51.59700393676758,51.59700393676758,51.59700393676758,0
2016-06-03,51.45872497558594,51.45872497558594,51.45872497558594,51.45872497558594,0
2016-06-06,51.606224060058594,51.606224060058594,51.606224060058594,51.606224060058594,0
2016-06-07,51.63389205932617,51.63389205932617,51.63389205932617,51.63389205932617,0
2016-06-08,51.80902862548828,51.80902862548828,51.80902862548828,51.80902862548828,0
2016-06-09,51.753719329833984,51.753719329833984,51.753719329833984,51.753719329833984,0
2016-06-10,51.18216323852539,51.18216323852539,51.18216323852539,51.18216323852539,0
2016-06-13,50.85484313964844,50.85484313964844,50.85484313964844,50.85484313964844,0
2016-06-14,50.83634567260742,50.83634567260742,50.83634567260742,50.83634567260742,0
2016-06-15,50.76238250732422,50.76238250732422,50.76238250732422,50.76238250732422,0
2016-06-16,50.85484313964844,50.85484313964844,50.85484313964844,50.85484313964844,0
2016-06-17,50.531219482421875,50.531219482421875,50.531219482421875,50.531219482421875,0
2016-06-20,50.86408996582031,50.86408996582031,50.86408996582031,50.86408996582031,0
2016-06-21,50.92881774902344,50.92881774902344,50.92881774902344,50.92881774902344,0
2016-06-22,50.8178596496582,50.8178596496582,50.8178596496582,50.8178596496582,0
2016-06-23,51.455867767333984,51.455867767333984,51.455867767333984,51.455867767333984,0
2016-06-24,49.61582565307617,49.61582565307617,49.61582565307617,49.61582565307617,0
2016-06-27,48.70969009399414,48.70969009399414,48.70969009399414,48.70969009399414,0
2016-06-28,49.68055725097656,49.68055725097656,49.68055725097656,49.68055725097656,0
2016-06-29,50.49423599243164,50.49423599243164,50.49423599243164,50.49423599243164,0
2016-06-30,51.02128601074219,51.02128601074219,51.02128601074219,51.02128601074219,0
2016-07-01,51.233951568603516,51.233951568603516,51.233951568603516,51.233951568603516,0
2016-07-05,50.9935302734375,50.9935302734375,50.9935302734375,50.9935302734375,0
2016-07-06,51.27093505859375,51.27093505859375,51.27093505859375,51.27093505859375,0
2016-07-07,51.34490203857422,51.34490203857422,51.34490203857422,51.34490203857422,0
2016-07-08,52.14934158325195,52.14934158325195,52.14934158325195,52.14934158325195,0
2016-07-11,52.352752685546875,52.352752685546875,52.352752685546875,52.352752685546875,0
2016-07-12,52.648624420166016,52.648624420166016,52.648624420166016,52.648624420166016,0
2016-07-13,52.54692077636719,52.54692077636719,52.54692077636719,52.54692077636719,0
2016-07-14,52.80582809448242,52.80582809448242,52.80582809448242,52.80582809448242,0
2016-07-15,52.731849670410156,52.731849670410156,52.731849670410156,52.731849670410156,0
2016-07-18,52.926029205322266,52.926029205322266,52.926029205322266,52.926029205322266,0
2016-07-19,52.83355712890625,52.83355712890625,52.83355712890625,52.83355712890625,0
2016-07-20,53.12943649291992,53.12943649291992,53.12943649291992,53.12943649291992,0
2016-07-21,52.926029205322266,52.926029205322266,52.926029205322266,52.926029205322266,0
2016-07-22,53.15717697143555,53.15717697143555,53.15717697143555,53.15717697143555,0
2016-07-25,53.05546951293945,53.05546951293945,53.05546951293945,53.05546951293945,0
2016-07-26,53.04621887207031,53.04621887207031,53.04621887207031,53.04621887207031,0
2016-07-27,53.12943649291992,53.12943649291992,53.12943649291992,53.12943649291992,0
2016-07-28,53.360595703125,53.360595703125,53.360595703125,53.360595703125,0
2016-07-29,53.471553802490234,53.471553802490234,53.471553802490234,53.471553802490234,0
2016-08-01,53.5825080871582,53.5825080871582,53.5825080871582,53.5825080871582,0
2016-08-02,53.17567443847656,53.17567443847656,53.17567443847656,53.17567443847656,0
2016-08-03,53.32361602783203,53.32361602783203,53.32361602783203,53.32361602783203,0
2016-08-04,53.379093170166016,53.379093170166016,53.379093170166016,53.379093170166016,0
2016-08-05,53.721221923828125,53.721221923828125,53.721221923828125,53.721221923828125,0
2016-08-08,53.601009368896484,53.601009368896484,53.601009368896484,53.601009368896484,0
2016-08-09,53.6934700012207,53.6934700012207,53.6934700012207,53.6934700012207,0
2016-08-10,53.591758728027344,53.591758728027344,53.591758728027344,53.591758728027344,0
2016-08-11,53.83216094970703,53.83216094970703,53.83216094970703,53.83216094970703,0
2016-08-12,53.83216094970703,53.83216094970703,53.83216094970703,53.83216094970703,0
2016-08-15,53.99860763549805,53.99860763549805,53.99860763549805,53.99860763549805,0
2016-08-16,53.665733337402344,53.665733337402344,53.665733337402344,53.665733337402344,0
2016-08-17,53.721221923828125,53.721221923828125,53.721221923828125,53.721221923828125,0
2016-08-18,53.77668762207031,53.77668762207031,53.77668762207031,53.77668762207031,0
2016-08-19,53.76742935180664,53.76742935180664,53.76742935180664,53.76742935180664,0
2016-08-22,53.78593063354492,53.78593063354492,53.78593063354492,53.78593063354492,0
2016-08-23,53.92462158203125,53.92462158203125,53.92462158203125,53.92462158203125,0
2016-08-24,53.51778030395508,53.51778030395508,53.51778030395508,53.51778030395508,0
2016-08-25,53.42533493041992,53.42533493041992,53.42533493041992,53.42533493041992,0
2016-08-26,53.406829833984375,53.406829833984375,53.406829833984375,53.406829833984375,0
2016-08-29,53.591758728027344,53.591758728027344,53.591758728027344,53.591758728027344,0
2016-08-30,53.406829833984375,53.406829833984375,53.406829833984375,53.406829833984375,0
2016-08-31,53.29587173461914,53.29587173461914,53.29587173461914,53.29587173461914,0
2016-09-01,53.38833999633789,53.38833999633789,53.38833999633789,53.38833999633789,0
2016-09-02,53.591758728027344,53.591758728027344,53.591758728027344,53.591758728027344,0
2016-09-06,53.81367111206055,53.81367111206055,53.81367111206055,53.81367111206055,0
2016-09-07,53.850650787353516,53.850650787353516,53.850650787353516,53.850650787353516,0
2016-09-08,53.56401824951172,53.56401824951172,53.56401824951172,53.56401824951172,0
2016-09-09,52.17707443237305,52.17707443237305,52.17707443237305,52.17707443237305,0
2016-09-12,53.01582336425781,53.01582336425781,53.01582336425781,53.01582336425781,0
2016-09-13,52.3570671081543,52.3570671081543,52.3570671081543,52.3570671081543,0
2016-09-14,52.505516052246094,52.505516052246094,52.505516052246094,52.505516052246094,0
2016-09-15,53.09931564331055,53.09931564331055,53.09931564331055,53.09931564331055,0
2016-09-16,52.913761138916016,52.913761138916016,52.913761138916016,52.913761138916016,0
2016-09-19,52.87664794921875,52.87664794921875,52.87664794921875,52.87664794921875,0
2016-09-20,52.96015930175781,52.96015930175781,52.96015930175781,52.96015930175781,0
2016-09-21,53.516849517822266,53.516849517822266,53.516849517822266,53.516849517822266,0
2016-09-22,53.943641662597656,53.943641662597656,53.943641662597656,53.943641662597656,0
2016-09-23,53.62818908691406,53.62818908691406,53.62818908691406,53.62818908691406,0
2016-09-26,53.21065902709961,53.21065902709961,53.21065902709961,53.21065902709961,0
2016-09-27,53.56324005126953,53.56324005126953,53.56324005126953,53.56324005126953,0
2016-09-28,53.730255126953125,53.730255126953125,53.730255126953125,53.730255126953125,0
2016-09-29,53.257049560546875,53.257049560546875,53.257049560546875,53.257049560546875,0
2016-09-30,53.6467399597168,53.6467399597168,53.6467399597168,53.6467399597168,0
2016-10-03,53.489013671875,53.489013671875,53.489013671875,53.489013671875,0
2016-10-04,53.26632308959961,53.26632308959961,53.26632308959961,53.26632308959961,0
2016-10-05,53.37767791748047,53.37767791748047,53.37767791748047,53.37767791748047,0
2016-10-06,53.386959075927734,53.386959075927734,53.386959075927734,53.386959075927734,0
2016-10-07,53.21065902709961,53.21065902709961,53.21065902709961,53.21065902709961,0
2016-10-10,53.424068450927734,53.424068450927734,53.424068450927734,53.424068450927734,0
2016-10-11,52.72819519042969,52.72819519042969,52.72819519042969,52.72819519042969,0
2016-10-12,52.82098388671875,52.82098388671875,52.82098388671875,52.82098388671875,0
2016-10-13,52.681800842285156,52.681800842285156,52.681800842285156,52.681800842285156,0
2016-10-14,52.644683837890625,52.644683837890625,52.644683837890625,52.644683837890625,0
2016-10-17,52.44984436035156,52.44984436035156,52.44984436035156,52.44984436035156,0
2016-10-18,52.830257415771484,52.830257415771484,52.830257415771484,52.830257415771484,0
2016-10-19,52.96943664550781,52.96943664550781,52.96943664550781,52.96943664550781,0
2016-10-20,52.93231964111328,52.93231964111328,52.93231964111328,52.93231964111328,0
2016-10-21,53.02510070800781,53.02510070800781,53.02510070800781,53.02510070800781,0
2016-10-24,53.37767791748047,53.37767791748047,53.37767791748047,53.37767791748047,0
2016-10-25,52.96943664550781,52.96943664550781,52.96943664550781,52.96943664550781,0
2016-10-26,52.65396499633789,52.65396499633789,52.65396499633789,52.65396499633789,0
2016-10-27,52.41273498535156,52.41273498535156,52.41273498535156,52.41273498535156,0
2016-10-28,52.273563385009766,52.273563385009766,52.273563385009766,52.273563385009766,0
2016-10-31,52.227169036865234,52.227169036865234,52.227169036865234,52.227169036865234,0
2016-11-01,51.82819747924805,51.82819747924805,51.82819747924805,51.82819747924805,0
2016-11-02,51.42924880981445,51.42924880981445,51.42924880981445,51.42924880981445,0
2016-11-03,51.13234329223633,51.13234329223633,51.13234329223633,51.13234329223633,0
2016-11-04,51.10450744628906,51.10450744628906,51.10450744628906,51.10450744628906,0
2016-11-07,52.23644256591797,52.23644256591797,52.23644256591797,52.23644256591797,0
2016-11-08,52.514793395996094,52.514793395996094,52.514793395996094,52.514793395996094,0
2016-11-09,52.75603103637695,52.75603103637695,52.75603103637695,52.75603103637695,0
2016-11-10,52.38489532470703,52.38489532470703,52.38489532470703,52.38489532470703,0
2016-11-11,52.310672760009766,52.310672760009766,52.310672760009766,52.310672760009766,0
2016-11-14,51.96737289428711,51.96737289428711,51.96737289428711,51.96737289428711,0
2016-11-15,52.375614166259766,52.375614166259766,52.375614166259766,52.375614166259766,0
2016-11-16,52.54262924194336,52.54262924194336,52.54262924194336,52.54262924194336,0
2016-11-17,52.89520263671875,52.89520263671875,52.89520263671875,52.89520263671875,0
2016-11-18,52.73746871948242,52.73746871948242,52.73746871948242,52.73746871948242,0
2016-11-21,53.19211959838867,53.19211959838867,53.19211959838867,53.19211959838867,0
2016-11-22,53.24776840209961,53.24776840209961,53.24776840209961,53.24776840209961,0
2016-11-23,53.24776840209961,53.24776840209961,53.24776840209961,53.24776840209961,0
2016-11-25,53.405513763427734,53.405513763427734,53.405513763427734,53.405513763427734,0
2016-11-28,53.13642501831055,53.13642501831055,53.13642501831055,53.13642501831055,0
2016-11-29,53.27560043334961,53.27560043334961,53.27560043334961,53.27560043334961,0
2016-11-30,52.848812103271484,52.848812103271484,52.848812103271484,52.848812103271484,0
2016-12-01,52.23644256591797,52.23644256591797,52.23644256591797,52.23644256591797,0
2016-12-02,52.31996154785156,52.31996154785156,52.31996154785156,52.31996154785156,0
2016-12-05,52.70964050292969,52.70964050292969,52.70964050292969,52.70964050292969,0
2016-12-06,52.85810089111328,52.85810089111328,52.85810089111328,52.85810089111328,0
2016-12-07,53.507564544677734,53.507564544677734,53.507564544677734,53.507564544677734,0
2016-12-08,53.65602493286133,53.65602493286133,53.65602493286133,53.65602493286133,0
2016-12-09,53.96220016479492,53.96220016479492,53.96220016479492,53.96220016479492,0
2016-12-12,53.79519271850586,53.79519271850586,53.79519271850586,53.79519271850586,0
2016-12-13,54.240535736083984,54.240535736083984,54.240535736083984,54.240535736083984,0
2016-12-14,53.906532287597656,53.906532287597656,53.906532287597656,53.906532287597656,0
2016-12-15,54.03643035888672,54.03643035888672,54.03643035888672,54.03643035888672,0
2016-12-16,53.887977600097656,53.887977600097656,53.887977600097656,53.887977600097656,0
2016-12-19,53.990028381347656,53.990028381347656,53.990028381347656,53.990028381347656,0
2016-12-20,54.18489074707031,54.18489074707031,54.18489074707031,54.18489074707031,0
2016-12-21,54.064640045166016,54.064640045166016,54.064640045166016,54.064640045166016,0
2016-12-22,53.88753128051758,53.88753128051758,53.88753128051758,53.88753128051758,0
2016-12-23,53.99005126953125,53.99005126953125,53.99005126953125,53.99005126953125,0
2016-12-27,54.16716003417969,54.16716003417969,54.16716003417969,54.16716003417969,0
2016-12-28,53.74768829345703,53.74768829345703,53.74768829345703,53.74768829345703,0
2016-12-29,53.75703048706055,53.75703048706055,53.75703048706055,53.75703048706055,0
2016-12-30,53.42144012451172,53.42144012451172,53.42144012451172,53.42144012451172,0
2017-01-03,53.87820816040039,53.87820816040039,53.87820816040039,53.87820816040039,0
2017-01-04,54.306983947753906,54.306983947753906,54.306983947753906,54.306983947753906,0
2017-01-05,54.446815490722656,54.446815490722656,54.446815490722656,54.446815490722656,0
2017-01-06,54.82898712158203,54.82898712158203,54.82898712158203,54.82898712158203,0
2017-01-09,54.81967544555664,54.81967544555664,54.81967544555664,54.81967544555664,0
2017-01-10,54.82898712158203,54.82898712158203,54.82898712158203,54.82898712158203,0
2017-01-11,54.89423751831055,54.89423751831055,54.89423751831055,54.89423751831055,0
2017-01-12,54.856956481933594,54.856956481933594,54.856956481933594,54.856956481933594,0
2017-01-13,54.996768951416016,54.996768951416016,54.996768951416016,54.996768951416016,0
2017-01-17,54.959495544433594,54.959495544433594,54.959495544433594,54.959495544433594,0
2017-01-18,55.117950439453125,55.117950439453125,55.117950439453125,55.117950439453125,0
2017-01-19,54.95018005371094,54.95018005371094,54.95018005371094,54.95018005371094,0
2017-01-20,55.04338455200195,55.04338455200195,55.04338455200195,55.04338455200195,0
2017-01-23,55.00609588623047,55.00609588623047,55.00609588623047,55.00609588623047,0
2017-01-24,55.32304763793945,55.32304763793945,55.32304763793945,55.32304763793945,0
2017-01-25,55.79842758178711,55.79842758178711,55.79842758178711,55.79842758178711,0
2017-01-26,55.73317337036133,55.73317337036133,55.73317337036133,55.73317337036133,0
2017-01-27,55.69587707519531,55.69587707519531,55.69587707519531,55.69587707519531,0
2017-01-30,55.37896728515625,55.37896728515625,55.37896728515625,55.37896728515625,0
2017-01-31,55.36964416503906,55.36964416503906,55.36964416503906,55.36964416503906,0
2017-02-01,55.58403015136719,55.58403015136719,55.58403015136719,55.58403015136719,0
2017-02-02,55.667930603027344,55.667930603027344,55.667930603027344,55.667930603027344,0
2017-02-03,55.96621322631836,55.96621322631836,55.96621322631836,55.96621322631836,0
2017-02-06,55.891639709472656,55.891639709472656,55.891639709472656,55.891639709472656,0
2017-02-07,56.01283264160156,56.01283264160156,56.01283264160156,56.01283264160156,0
2017-02-08,56.18060302734375,56.18060302734375,56.18060302734375,56.18060302734375,0
2017-02-09,56.46956253051758,56.46956253051758,56.46956253051758,56.46956253051758,0
2017-02-10,56.66532516479492,56.66532516479492,56.66532516479492,56.66532516479492,0
2017-02-13,56.89836502075195,56.89836502075195,56.89836502075195,56.89836502075195,0
2017-02-14,57.08478927612305,57.08478927612305,57.08478927612305,57.08478927612305,0
2017-02-15,57.40172576904297,57.40172576904297,57.40172576904297,57.40172576904297,0
2017-02-16,57.308509826660156,57.308509826660156,57.308509826660156,57.308509826660156,0
2017-02-17,57.52289962768555,57.52289962768555,57.52289962768555,57.52289962768555,0
2017-02-21,57.83983612060547,57.83983612060547,57.83983612060547,57.83983612060547,0
2017-02-22,57.80253982543945,57.80253982543945,57.80253982543945,57.80253982543945,0
2017-02-23,57.7093391418457,57.7093391418457,57.7093391418457,57.7093391418457,0
2017-02-24,57.87710952758789,57.87710952758789,57.87710952758789,57.87710952758789,0
2017-02-27,57.98898696899414,57.98898696899414,57.98898696899414,57.98898696899414,0
2017-02-28,57.783905029296875,57.783905029296875,57.783905029296875,57.783905029296875,0
2017-03-01,58.52030563354492,58.52030563354492,58.52030563354492,58.52030563354492,0
2017-03-02,58.25930404663086,58.25930404663086,58.25930404663086,58.25930404663086,0
2017-03-03,58.29658126831055,58.29658126831055,58.29658126831055,58.29658126831055,0
2017-03-06,58.12880325317383,58.12880325317383,58.12880325317383,58.12880325317383,0
2017-03-07,57.998294830322266,57.998294830322266,57.998294830322266,57.998294830322266,0
2017-03-08,57.94236755371094,57.94236755371094,57.94236755371094,57.94236755371094,0
2017-03-09,57.970340728759766,57.970340728759766,57.970340728759766,57.970340728759766,0
2017-03-10,58.18472671508789,58.18472671508789,58.18472671508789,58.18472671508789,0
2017-03-13,58.31521987915039,58.31521987915039,58.31521987915039,58.31521987915039,0
2017-03-14,58.14744186401367,58.14744186401367,58.14744186401367,58.14744186401367,0
2017-03-15,58.641475677490234,58.641475677490234,58.641475677490234,58.641475677490234,0
2017-03-16,58.56690979003906,58.56690979003906,58.56690979003906,58.56690979003906,0
2017-03-17,58.54825973510742,58.54825973510742,58.54825973510742,58.54825973510742,0
2017-03-20,58.52030563354492,58.52030563354492,58.52030563354492,58.52030563354492,0
2017-03-21,57.849151611328125,57.849151611328125,57.849151611328125,57.849151611328125,0
2017-03-22,58.035579681396484,58.035579681396484,58.035579681396484,58.035579681396484,0
2017-03-23,57.95703887939453,57.95703887939453,57.95703887939453,57.95703887939453,0
2017-03-24,57.975730895996094,57.975730895996094,57.975730895996094,57.975730895996094,0
2017-03-27,58.0037841796875,58.0037841796875,58.0037841796875,58.0037841796875,0
2017-03-28,58.36847686767578,58.36847686767578,58.36847686767578,58.36847686767578,0
2017-03-29,58.55549240112305,58.55549240112305,58.55549240112305,58.55549240112305,0
2017-03-30,58.58354568481445,58.58354568481445,58.58354568481445,58.58354568481445,0
2017-03-31,58.5461540222168,58.5461540222168,58.5461540222168,58.5461540222168,0
2017-04-03,58.47132873535156,58.47132873535156,58.47132873535156,58.47132873535156,0
2017-04-04,58.46199417114258,58.46199417114258,58.46199417114258,58.46199417114258,0
2017-04-05,58.312374114990234,58.312374114990234,58.312374114990234,58.312374114990234,0
2017-04-06,58.43394088745117,58.43394088745117,58.43394088745117,58.43394088745117,0
2017-04-07,58.424583435058594,58.424583435058594,58.424583435058594,58.424583435058594,0
2017-04-10,58.499385833740234,58.499385833740234,58.499385833740234,58.499385833740234,0
2017-04-11,58.38717269897461,58.38717269897461,58.38717269897461,58.38717269897461,0
2017-04-12,58.1721076965332,58.1721076965332,58.1721076965332,58.1721076965332,0
2017-04-13,57.90092468261719,57.90092468261719,57.90092468261719,57.90092468261719,0
2017-04-17,58.424583435058594,58.424583435058594,58.424583435058594,58.424583435058594,0
2017-04-18,58.36847686767578,58.36847686767578,58.36847686767578,58.36847686767578,0
2017-04-19,58.38717269897461,58.38717269897461,58.38717269897461,58.38717269897461,0
2017-04-20,58.80795669555664,58.80795669555664,58.80795669555664,58.80795669555664,0
2017-04-21,58.6864013671875,58.6864013671875,58.6864013671875,58.6864013671875,0
2017-04-24,59.247459411621094,59.247459411621094,59.247459411621094,59.247459411621094,0
2017-04-25,59.66825485229492,59.66825485229492,59.66825485229492,59.66825485229492,0
2017-04-26,59.64956283569336,59.64956283569336,59.64956283569336,59.64956283569336,0
2017-04-27,59.87397003173828,59.87397003173828,59.87397003173828,59.87397003173828,0
2017-04-28,59.90203094482422,59.90203094482422,59.90203094482422,59.90203094482422,0
2017-05-01,60.154510498046875,60.154510498046875,60.154510498046875,60.154510498046875,0
2017-05-02,60.29477310180664,60.29477310180664,60.29477310180664,60.29477310180664,0
2017-05-03,60.060997009277344,60.060997009277344,60.060997009277344,60.060997009277344,0
2017-05-04,60.14516067504883,60.14516067504883,60.14516067504883,60.14516067504883,0
2017-05-05,60.41633605957031,60.41633605957031,60.41633605957031,60.41633605957031,0
2017-05-08,60.46308898925781,60.46308898925781,60.46308898925781,60.46308898925781,0
2017-05-09,60.54724884033203,60.54724884033203,60.54724884033203,60.54724884033203,0
2017-05-10,60.565940856933594,60.565940856933594,60.565940856933594,60.565940856933594,0
2017-05-11,60.500484466552734,60.500484466552734,60.500484466552734,60.500484466552734,0
2017-05-12,60.565940856933594,60.565940856933594,60.565940856933594,60.565940856933594,0
2017-05-15,60.82778549194336,60.82778549194336,60.82778549194336,60.82778549194336,0
2017-05-16,60.83711242675781,60.83711242675781,60.83711242675781,60.83711242675781,0
2017-05-17,59.73371124267578,59.73371124267578,59.73371124267578,59.73371124267578,0
2017-05-18,60.09839630126953,60.09839630126953,60.09839630126953,60.09839630126953,0
2017-05-19,60.44438552856445,60.44438552856445,60.44438552856445,60.44438552856445,0
2017-05-22,60.818424224853516,60.818424224853516,60.818424224853516,60.818424224853516,0
2017-05-23,60.818424224853516,60.818424224853516,60.818424224853516,60.818424224853516,0
2017-05-24,61.098960876464844,61.098960876464844,61.098960876464844,61.098960876464844,0
2017-05-25,61.51973342895508,61.51973342895508,61.51973342895508,61.51973342895508,0
2017-05-26,61.55713653564453,61.55713653564453,61.55713653564453,61.55713653564453,0
2017-05-30,61.54779052734375,61.54779052734375,61.54779052734375,61.54779052734375,0
2017-05-31,61.585201263427734,61.585201263427734,61.585201263427734,61.585201263427734,0
2017-06-01,62.02470779418945,62.02470779418945,62.02470779418945,62.02470779418945,0
2017-06-02,62.44548416137695,62.445484161376946,62.445484161376946,62.445484161376946,0
2017-06-05,62.34261703491211,62.34261703491211,62.34261703491211,62.34261703491211,0
2017-06-06,62.10883712768555,62.10883712768555,62.10883712768555,62.10883712768555,0
2017-06-07,62.27714920043945,62.27714920043945,62.27714920043945,62.27714920043945,0
2017-06-08,62.24909210205078,62.24909210205078,62.24909210205078,62.24909210205078,0
2017-06-09,61.585201263427734,61.585201263427734,61.585201263427734,61.585201263427734,0
2017-06-12,61.379486083984375,61.379486083984375,61.379486083984375,61.379486083984375,0
2017-06-13,61.7722053527832,61.7722053527832,61.7722053527832,61.7722053527832,0
2017-06-14,61.716102600097656,61.716102600097656,61.716102600097656,61.716102600097656,0
2017-06-15,61.55713653564453,61.55713653564453,61.55713653564453,61.55713653564453,0
2017-06-16,61.49168014526367,61.49168014526367,61.49168014526367,61.49168014526367,0
2017-06-19,62.15562057495117,62.15562057495117,62.15562057495117,62.15562057495117,0
2017-06-20,61.7441520690918,61.7441520690918,61.7441520690918,61.7441520690918,0
2017-06-21,61.98728942871094,61.98728942871094,61.98728942871094,61.98728942871094,0
2017-06-22,62.002296447753906,62.002296447753906,62.002296447753906,62.002296447753906,0
2017-06-23,62.16167068481445,62.16167068481445,62.16167068481445,62.16167068481445,0
2017-06-26,62.058536529541016,62.058536529541016,62.058536529541016,62.058536529541016,0
2017-06-27,61.34598159790039,61.34598159790039,61.34598159790039,61.34598159790039,0
2017-06-28,62.002296447753906,62.002296447753906,62.002296447753906,62.002296447753906,0
2017-06-29,61.22408676147461,61.22408676147461,61.22408676147461,61.22408676147461,0
2017-06-30,61.29909896850586,61.29909896850586,61.29909896850586,61.29909896850586,0
2017-07-03,61.130348205566406,61.130348205566406,61.130348205566406,61.130348205566406,0
2017-07-05,61.336585998535156,61.336585998535156,61.336585998535156,61.336585998535156,0
2017-07-06,60.774070739746094,60.774070739746094,60.774070739746094,60.774070739746094,0
2017-07-07,61.29909896850586,61.29909896850586,61.29909896850586,61.29909896850586,0
2017-07-10,61.477230072021484,61.477230072021484,61.477230072021484,61.477230072021484,0
2017-07-11,61.52412033081055,61.52412033081055,61.52412033081055,61.52412033081055,0
2017-07-12,62.10541534423828,62.10541534423828,62.10541534423828,62.10541534423828,0
2017-07-13,62.21792221069336,62.21792221069336,62.21792221069336,62.21792221069336,0
2017-07-14,62.58360290527344,62.58360290527344,62.58360290527344,62.58360290527344,0
2017-07-17,62.56483840942383,62.56483840942383,62.56483840942383,62.56483840942383,0
2017-07-18,62.77111053466797,62.77111053466797,62.77111053466797,62.77111053466797,0
2017-07-19,63.16489028930664,63.16489028930664,63.16489028930664,63.16489028930664,0
2017-07-20,63.12739181518555,63.12739181518555,63.12739181518555,63.12739181518555,0
2017-07-21,63.20240020751953,63.20240020751953,63.20240020751953,63.20240020751953,0
2017-07-24,63.258628845214844,63.258628845214844,63.258628845214844,63.258628845214844,0
2017-07-25,63.2492790222168,63.2492790222168,63.2492790222168,63.2492790222168,0
2017-07-26,63.39927291870117,63.39927291870117,63.39927291870117,63.39927291870117,0
2017-07-27,63.16489028930664,63.16489028930664,63.16489028930664,63.16489028930664,0
2017-07-28,63.061763763427734,63.061763763427734,63.061763763427734,63.061763763427734,0
2017-07-31,62.855491638183594,62.855491638183594,62.855491638183594,62.855491638183594,0
2017-08-01,62.996131896972656,62.99613189697266,62.99613189697266,62.99613189697266,0
2017-08-02,63.042999267578125,63.042999267578125,63.042999267578125,63.042999267578125,0
2017-08-03,62.81797790527344,62.81797790527344,62.81797790527344,62.81797790527344,0
2017-08-04,62.89299392700195,62.89299392700195,62.89299392700195,62.89299392700195,0
2017-08-07,63.12739181518555,63.12739181518555,63.12739181518555,63.12739181518555,0
2017-08-08,62.939849853515625,62.939849853515625,62.939849853515625,62.939849853515625,0
2017-08-09,62.9117317199707,62.9117317199707,62.9117317199707,62.9117317199707,0
2017-08-10,61.86166000366211,61.86166000366211,61.86166000366211,61.86166000366211,0
2017-08-11,62.12416458129883,62.12416458129883,62.12416458129883,62.12416458129883,0
2017-08-14,62.82735061645508,62.82735061645508,62.82735061645508,62.82735061645508,0
2017-08-15,62.80861282348633,62.80861282348633,62.80861282348633,62.80861282348633,0
2017-08-16,63.0148811340332,63.0148811340332,63.0148811340332,63.0148811340332,0
2017-08-17,61.992916107177734,61.992916107177734,61.992916107177734,61.992916107177734,0
2017-08-18,61.89915466308594,61.89915466308594,61.89915466308594,61.89915466308594,0
2017-08-21,61.9835319519043,61.9835319519043,61.9835319519043,61.9835319519043,0
2017-08-22,62.696109771728516,62.696109771728516,62.696109771728516,62.696109771728516,0
2017-08-23,62.44295120239258,62.44295120239258,62.44295120239258,62.44295120239258,0
2017-08-24,62.30231857299805,62.30231857299805,62.30231857299805,62.30231857299805,0
2017-08-25,62.33045196533203,62.33045196533203,62.33045196533203,62.33045196533203,0
2017-08-28,62.46169662475586,62.46169662475586,62.46169662475586,62.46169662475586,0
2017-08-29,62.602352142333984,62.602352142333984,62.602352142333984,62.602352142333984,0
2017-08-30,63.099246978759766,63.099246978759766,63.099246978759766,63.099246978759766,0
2017-08-31,63.60554885864258,63.60554885864257,63.60554885864257,63.60554885864257,0
2017-09-01,63.69932556152344,63.69932556152344,63.69932556152344,63.69932556152344,0
2017-09-05,63.34300994873047,63.34300994873047,63.34300994873047,63.34300994873047,0
2017-09-06,63.54930114746094,63.549301147460945,63.549301147460945,63.549301147460945,0
2017-09-07,63.76494598388672,63.76494598388672,63.76494598388672,63.76494598388672,0
2017-09-08,63.577430725097656,63.577430725097656,63.577430725097656,63.577430725097656,0
2017-09-11,64.16809844970703,64.16809844970703,64.16809844970703,64.16809844970703,0
2017-09-12,64.29936981201172,64.29936981201172,64.29936981201172,64.29936981201172,0
2017-09-13,64.27123260498047,64.27123260498047,64.27123260498047,64.27123260498047,0
2017-09-14,64.1212387084961,64.1212387084961,64.1212387084961,64.1212387084961,0
2017-09-15,64.13997650146484,64.13997650146484,64.13997650146484,64.13997650146484,0
2017-09-18,64.1212387084961,64.1212387084961,64.1212387084961,64.1212387084961,0
2017-09-19,64.10247039794922,64.10247039794922,64.10247039794922,64.10247039794922,0
2017-09-20,64.06495666503906,64.06495666503906,64.06495666503906,64.06495666503906,0
2017-09-21,63.79409408569336,63.79409408569336,63.79409408569336,63.79409408569336,0
2017-09-22,63.81290054321289,63.81290054321289,63.81290054321289,63.81290054321289,0
2017-09-25,63.417911529541016,63.417911529541016,63.417911529541016,63.417911529541016,0
2017-09-26,63.46493911743164,63.46493911743164,63.46493911743164,63.46493911743164,0
2017-09-27,63.831703186035156,63.831703186035156,63.831703186035156,63.831703186035156,0
2017-09-28,63.935184478759766,63.935184478759766,63.935184478759766,63.935184478759766,0
2017-09-29,64.27375793457031,64.27375793457031,64.27375793457031,64.27375793457031,0
2017-10-02,64.39604187011719,64.39604187011719,64.39604187011719,64.39604187011719,0
2017-10-03,64.5276870727539,64.5276870727539,64.5276870727539,64.5276870727539,0
2017-10-04,64.64995574951172,64.64995574951172,64.64995574951172,64.64995574951172,0
2017-10-05,65.08260345458984,65.08260345458984,65.08260345458984,65.08260345458984,0
2017-10-06,65.10140228271484,65.10140228271484,65.10140228271484,65.10140228271484,0
2017-10-09,65.01677703857422,65.01677703857422,65.01677703857422,65.01677703857422,0
2017-10-10,65.11079406738281,65.11079406738281,65.11079406738281,65.11079406738281,0
2017-10-11,65.3553237915039,65.3553237915039,65.3553237915039,65.3553237915039,0
2017-10-12,65.31770324707031,65.31770324707031,65.31770324707031,65.31770324707031,0
2017-10-13,65.43058013916016,65.43058013916016,65.43058013916016,65.43058013916016,0
2017-10-16,65.50582122802734,65.50582122802734,65.50582122802734,65.50582122802734,0
2017-10-17,65.50582122802734,65.50582122802734,65.50582122802734,65.50582122802734,0
2017-10-18,65.45878601074219,65.45878601074219,65.45878601074219,65.45878601074219,0
2017-10-19,65.3459243774414,65.3459243774414,65.3459243774414,65.3459243774414,0
2017-10-20,65.54342651367188,65.54342651367188,65.54342651367188,65.54342651367188,0
2017-10-23,65.1484375,65.1484375,65.1484375,65.1484375,0
2017-10-24,65.26129150390625,65.26129150390625,65.26129150390625,65.26129150390625,0
2017-10-25,65.04496765136719,65.04496765136719,65.04496765136719,65.04496765136719,0
2017-10-26,65.01677703857422,65.01677703857422,65.01677703857422,65.01677703857422,0
2017-10-27,65.92902374267578,65.92902374267578,65.92902374267578,65.92902374267578,0
2017-10-30,65.91963195800781,65.91963195800781,65.91963195800781,65.91963195800781,0
2017-10-31,66.10773468017578,66.10773468017578,66.10773468017578,66.10773468017578,0
2017-11-01,66.11714172363281,66.11714172363281,66.11714172363281,66.11714172363281,0
2017-11-02,65.96669006347656,65.96669006347656,65.96669006347656,65.96669006347656,0
2017-11-03,66.3898696899414,66.3898696899414,66.3898696899414,66.3898696899414,0
2017-11-06,66.5968017578125,66.5968017578125,66.5968017578125,66.5968017578125,0
2017-11-07,66.64381408691406,66.64381408691406,66.64381408691406,66.64381408691406,0
2017-11-08,66.8695297241211,66.8695297241211,66.8695297241211,66.8695297241211,0
2017-11-09,66.6344223022461,66.6344223022461,66.6344223022461,66.6344223022461,0
2017-11-10,66.64381408691406,66.64381408691406,66.64381408691406,66.64381408691406,0
2017-11-13,66.71905517578125,66.71905517578125,66.71905517578125,66.71905517578125,0
2017-11-14,66.58738708496094,66.58738708496094,66.58738708496094,66.58738708496094,0
2017-11-15,66.17359161376953,66.17359161376953,66.17359161376953,66.17359161376953,0
2017-11-16,66.83191680908203,66.83191680908203,66.83191680908203,66.83191680908203,0
2017-11-17,66.65324401855469,66.65324401855469,66.65324401855469,66.65324401855469,0
2017-11-20,66.70027160644531,66.70027160644531,66.70027160644531,66.70027160644531,0
2017-11-21,67.32098388671875,67.32098388671875,67.32098388671875,67.32098388671875,0
2017-11-22,67.29277801513672,67.29277801513672,67.29277801513672,67.29277801513672,0
2017-11-24,67.53730010986328,67.53730010986328,67.53730010986328,67.53730010986328,0
2017-11-27,67.48086547851562,67.48086547851562,67.48086547851562,67.48086547851562,0
2017-11-28,67.79125213623047,67.79125213623047,67.79125213623047,67.79125213623047,0
2017-11-29,67.17047882080078,67.17047882080078,67.17047882080078,67.17047882080078,0
2017-11-30,67.78182220458984,67.78182220458984,67.78182220458984,67.78182220458984,0
2017-12-01,67.54671478271484,67.54671478271484,67.54671478271484,67.54671478271484,0
2017-12-04,67.13288879394531,67.13288879394531,67.13288879394531,67.13288879394531,0
2017-12-05,67.02940368652344,67.02940368652344,67.02940368652344,67.02940368652344,0
2017-12-06,67.11406707763672,67.11406707763672,67.11406707763672,67.11406707763672,0
2017-12-07,67.42443084716797,67.42443084716797,67.42443084716797,67.42443084716797,0
2017-12-08,67.71598815917969,67.71598815917969,67.71598815917969,67.71598815917969,0
2017-12-11,67.97932434082031,67.97932434082031,67.97932434082031,67.97932434082031,0
2017-12-12,67.95111083984375,67.95111083984375,67.95111083984375,67.95111083984375,0
2017-12-13,68.045166015625,68.045166015625,68.045166015625,68.045166015625,0
2017-12-14,67.93229675292969,67.93229675292969,67.93229675292969,67.93229675292969,0
2017-12-15,68.55303955078125,68.55303955078125,68.55303955078125,68.55303955078125,0
2017-12-18,68.97628021240234,68.97628021240234,68.97628021240234,68.97628021240234,0
2017-12-19,68.69410705566406,68.69410705566406,68.69410705566406,68.69410705566406,0
2017-12-20,68.55632781982422,68.55632781982422,68.55632781982422,68.55632781982422,0
2017-12-21,68.59407806396484,68.59407806396484,68.59407806396484,68.59407806396484,0
2017-12-22,68.54689025878906,68.54689025878906,68.54689025878906,68.54689025878906,0
2017-12-26,68.44309997558594,68.44309997558594,68.44309997558594,68.44309997558594,0
2017-12-27,68.5374526977539,68.5374526977539,68.5374526977539,68.5374526977539,0
2017-12-28,68.64126586914062,68.64126586914062,68.64126586914062,68.64126586914062,0
2017-12-29,68.27324676513672,68.27324676513672,68.27324676513672,68.27324676513672,0
2018-01-02,69.09423065185547,69.09423065185547,69.09423065185547,69.09423065185547,0
2018-01-03,69.74535369873047,69.74535369873047,69.74535369873047,69.74535369873047,0
2018-01-04,69.9151840209961,69.9151840209961,69.9151840209961,69.9151840209961,0
2018-01-05,70.53800201416016,70.53800201416016,70.53800201416016,70.53800201416016,0
2018-01-08,70.75505065917969,70.75505065917969,70.75505065917969,70.75505065917969,0
2018-01-09,70.87771606445312,70.87771606445312,70.87771606445312,70.87771606445312,0
2018-01-10,70.70787048339844,70.70787048339844,70.70787048339844,70.70787048339844,0
2018-01-11,71.22687530517578,71.22687530517578,71.22687530517578,71.22687530517578,0
2018-01-12,71.6515121459961,71.6515121459961,71.6515121459961,71.6515121459961,0
2018-01-16,71.37786102294922,71.37786102294922,71.37786102294922,71.37786102294922,0
2018-01-17,72.0855941772461,72.0855941772461,72.0855941772461,72.0855941772461,0
2018-01-18,72.01953125,72.01953125,72.01953125,72.01953125,0
2018-01-19,72.45360565185547,72.45360565185547,72.45360565185547,72.45360565185547,0
2018-01-22,73.04812622070312,73.04812622070312,73.04812622070312,73.04812622070312,0
2018-01-23,73.4444580078125,73.4444580078125,73.4444580078125,73.4444580078125,0
2018-01-24,73.21797943115234,73.21797943115234,73.21797943115234,73.21797943115234,0
2018-01-25,73.16134643554688,73.16134643554688,73.16134643554688,73.16134643554688,0
2018-01-26,74.04839324951172,74.04839324951172,74.04839324951172,74.04839324951172,0
2018-01-29,73.47278594970703,73.47278594970703,73.47278594970703,73.47278594970703,0
2018-01-30,72.84053802490234,72.84053802490234,72.84053802490234,72.84053802490234,0
2018-01-31,72.96318054199219,72.96318054199219,72.96318054199219,72.96318054199219,0
2018-02-01,72.70841979980469,72.70841979980469,72.70841979980469,72.70841979980469,0
2018-02-02,71.27406311035156,71.27406311035156,71.27406311035156,71.27406311035156,0
2018-02-05,68.5657958984375,68.5657958984375,68.5657958984375,68.5657958984375,0
2018-02-06,69.9151840209961,69.9151840209961,69.9151840209961,69.9151840209961,0
2018-02-07,69.39620208740234,69.39620208740234,69.39620208740234,69.39620208740234,0
2018-02-08,66.73509979248047,66.73509979248047,66.73509979248047,66.73509979248047,0
2018-02-09,67.72592163085938,67.72592163085938,67.72592163085938,67.72592163085938,0
2018-02-12,68.7545166015625,68.7545166015625,68.7545166015625,68.7545166015625,0
2018-02-13,68.95267486572266,68.95267486572266,68.95267486572266,68.95267486572266,0
2018-02-14,70.00011444091797,70.00011444091797,70.00011444091797,70.00011444091797,0
2018-02-15,71.019287109375,71.019287109375,71.019287109375,71.019287109375,0
2018-02-16,70.97209167480469,70.97209167480469,70.97209167480469,70.97209167480469,0
2018-02-20,70.75505065917969,70.75505065917969,70.75505065917969,70.75505065917969,0
2018-02-21,70.47196197509766,70.47196197509766,70.47196197509766,70.47196197509766,0
2018-02-22,70.5568618774414,70.5568618774414,70.5568618774414,70.5568618774414,0
2018-02-23,71.72702026367188,71.72702026367188,71.72702026367188,71.72702026367188,0
2018-02-26,72.50080108642578,72.50080108642578,72.50080108642578,72.50080108642578,0
2018-02-27,71.4816665649414,71.4816665649414,71.4816665649414,71.4816665649414,0
2018-02-28,70.84941864013672,70.84941864013672,70.84941864013672,70.84941864013672,0
2018-03-01,69.92461395263672,69.92461395263672,69.92461395263672,69.92461395263672,0
2018-03-02,70.37757110595703,70.37757110595703,70.37757110595703,70.37757110595703,0
2018-03-05,71.13249206542969,71.13249206542969,71.13249206542969,71.13249206542969,0
2018-03-06,71.46280670166016,71.46280670166016,71.46280670166016,71.46280670166016,0
2018-03-07,71.58545684814453,71.58545684814453,71.58545684814453,71.58545684814453,0
2018-03-08,72.01953125,72.01953125,72.01953125,72.01953125,0
2018-03-09,73.2840347290039,73.2840347290039,73.2840347290039,73.2840347290039,0
2018-03-12,73.38783264160156,73.38783264160156,73.38783264160156,73.38783264160156,0
2018-03-13,72.87825775146484,72.87825775146484,72.87825775146484,72.87825775146484,0
2018-03-14,72.6706314086914,72.6706314086914,72.6706314086914,72.6706314086914,0
2018-03-15,72.55743408203125,72.55743408203125,72.55743408203125,72.55743408203125,0
2018-03-16,72.55743408203125,72.55743408203125,72.55743408203125,72.55743408203125,0
2018-03-19,71.37786102294922,71.37786102294922,71.37786102294922,71.37786102294922,0
2018-03-20,71.6798095703125,71.6798095703125,71.6798095703125,71.6798095703125,0
2018-03-21,71.46700286865234,71.46700286865234,71.46700286865234,71.46700286865234,0
2018-03-22,69.6318359375,69.6318359375,69.6318359375,69.6318359375,0
2018-03-23,68.1750717163086,68.1750717163086,68.1750717163086,68.1750717163086,0
2018-03-26,70.01022338867188,70.01022338867188,70.01022338867188,70.01022338867188,0
2018-03-27,68.37371826171875,68.37371826171875,68.37371826171875,68.37371826171875,0
2018-03-28,67.9574966430664,67.9574966430664,67.9574966430664,67.9574966430664,0
2018-03-29,69.07372283935547,69.07372283935547,69.07372283935547,69.07372283935547,0
2018-04-02,67.41829681396484,67.41829681396484,67.41829681396484,67.41829681396484,0
2018-04-03,68.16561126708984,68.16561126708984,68.16561126708984,68.16561126708984,0
2018-04-04,68.97913360595703,68.97913360595703,68.97913360595703,68.97913360595703,0
2018-04-05,69.48048400878906,69.48048400878906,69.48048400878906,69.48048400878906,0
2018-04-06,67.88182830810547,67.88182830810547,67.88182830810547,67.88182830810547,0
2018-04-09,68.1183090209961,68.1183090209961,68.1183090209961,68.1183090209961,0
2018-04-10,69.33859252929688,69.33859252929688,69.33859252929688,69.33859252929688,0
2018-04-11,69.0547866821289,69.0547866821289,69.0547866821289,69.0547866821289,0
2018-04-12,69.54669952392578,69.54669952392578,69.54669952392578,69.54669952392578,0
2018-04-13,69.37641906738281,69.37641906738281,69.37641906738281,69.37641906738281,0
2018-04-16,69.88724517822266,69.88724517822266,69.88724517822266,69.88724517822266,0
2018-04-17,71.00345611572266,71.00345611572266,71.00345611572266,71.00345611572266,0
2018-04-18,71.15482330322266,71.15482330322266,71.15482330322266,71.15482330322266,0
2018-04-19,70.46427154541016,70.46427154541016,70.46427154541016,70.46427154541016,0
2018-04-20,69.67913055419922,69.67913055419922,69.67913055419922,69.67913055419922,0
2018-04-23,69.54669952392578,69.54669952392578,69.54669952392578,69.54669952392578,0
2018-04-24,68.23181915283203,68.23181915283203,68.23181915283203,68.23181915283203,0
2018-04-25,68.36424255371094,68.36424255371094,68.36424255371094,68.36424255371094,0
2018-04-26,69.55615234375,69.55615234375,69.55615234375,69.55615234375,0
2018-04-27,69.57508087158203,69.57508087158203,69.57508087158203,69.57508087158203,0
2018-04-30,69.27236938476562,69.27236938476562,69.27236938476562,69.27236938476562,0
2018-05-01,69.74532318115234,69.74532318115234,69.74532318115234,69.74532318115234,0
2018-05-02,69.46154022216797,69.46154022216797,69.46154022216797,69.46154022216797,0
2018-05-03,69.44265747070312,69.44265747070312,69.44265747070312,69.44265747070312,0
2018-05-04,70.49263763427734,70.49263763427734,70.49263763427734,70.49263763427734,0
2018-05-07,70.89940643310547,70.89940643310547,70.89940643310547,70.89940643310547,0
2018-05-08,70.91832733154297,70.91832733154297,70.91832733154297,70.91832733154297,0
2018-05-09,71.68455505371094,71.68455505371094,71.68455505371094,71.68455505371094,0
2018-05-10,72.32781219482422,72.32781219482422,72.32781219482422,72.32781219482422,0
2018-05-11,72.40348815917969,72.40348815917969,72.40348815917969,72.40348815917969,0
2018-05-14,72.3750991821289,72.3750991821289,72.3750991821289,72.3750991821289,0
2018-05-15,71.69400787353516,71.69400787353516,71.69400787353516,71.69400787353516,0
2018-05-16,72.03455352783203,72.03455352783203,72.03455352783203,72.03455352783203,0
2018-05-17,71.99674224853516,71.99674224853516,71.99674224853516,71.99674224853516,0
2018-05-18,71.93052673339844,71.93052673339844,71.93052673339844,71.93052673339844,0
2018-05-21,72.4129409790039,72.4129409790039,72.4129409790039,72.4129409790039,0
2018-05-22,72.04402923583984,72.04402923583984,72.04402923583984,72.04402923583984,0
2018-05-23,72.51698303222656,72.51698303222656,72.51698303222656,72.51698303222656,0
2018-05-24,72.46971130371094,72.46971130371094,72.46971130371094,72.46971130371094,0
2018-05-25,72.3845443725586,72.3845443725586,72.3845443725586,72.3845443725586,0
2018-05-29,71.81700897216797,71.81700897216797,71.81700897216797,71.81700897216797,0
2018-05-30,72.63050079345703,72.63050079345703,72.63050079345703,72.63050079345703,0
2018-05-31,72.28995513916016,72.28995513916016,72.28995513916016,72.28995513916016,0
2018-06-01,73.17919158935547,73.17919158935547,73.17919158935547,73.17919158935547,0
2018-06-04,73.6994400024414,73.6994400024414,73.6994400024414,73.6994400024414,0
2018-06-05,73.8697280883789,73.8697280883789,73.8697280883789,73.8697280883789,0
2018-06-06,74.45621490478516,74.45621490478516,74.45621490478516,74.45621490478516,0
2018-06-07,74.14402770996094,74.14402770996094,74.14402770996094,74.14402770996094,0
2018-06-08,74.37108612060547,74.37108612060547,74.37108612060547,74.37108612060547,0
2018-06-11,74.48458099365234,74.48458099365234,74.48458099365234,74.48458099365234,0
2018-06-12,74.84406280517578,74.84406280517578,74.84406280517578,74.84406280517578,0
2018-06-13,74.58863067626953,74.58863067626953,74.58863067626953,74.58863067626953,0
2018-06-14,75.12784576416016,75.12784576416016,75.12784576416016,75.12784576416016,0
2018-06-15,75.0710678100586,75.0710678100586,75.0710678100586,75.0710678100586,0
2018-06-18,75.04269409179688,75.04269409179688,75.04269409179688,75.04269409179688,0
2018-06-19,74.61701965332031,74.61701965332031,74.61701965332031,74.61701965332031,0
2018-06-20,74.93864440917969,74.93864440917969,74.93864440917969,74.93864440917969,0
2018-06-21,74.37521362304688,74.37521362304688,74.37521362304688,74.37521362304688,0
2018-06-22,74.34674835205078,74.34674835205078,74.34674835205078,74.34674835205078,0
2018-06-25,72.90496826171875,72.90496826171875,72.90496826171875,72.90496826171875,0
2018-06-26,73.24645233154297,73.24645233154297,73.24645233154297,73.24645233154297,0
2018-06-27,72.4117202758789,72.4117202758789,72.4117202758789,72.4117202758789,0
2018-06-28,73.03776550292969,73.03776550292969,73.03776550292969,73.03776550292969,0
2018-06-29,73.1515884399414,73.1515884399414,73.1515884399414,73.1515884399414,0
2018-07-02,73.43616485595703,73.43616485595703,73.43616485595703,73.43616485595703,0
2018-07-03,72.89546966552734,72.89546966552734,72.89546966552734,72.89546966552734,0
2018-07-05,73.65431213378906,73.65431213378906,73.65431213378906,73.65431213378906,0
2018-07-06,74.46057891845703,74.46057891845703,74.46057891845703,74.46057891845703,0
2018-07-09,75.12454986572266,75.12454986572266,75.12454986572266,75.12454986572266,0
2018-07-10,75.2953109741211,75.2953109741211,75.2953109741211,75.2953109741211,0
2018-07-11,74.89690399169922,74.89690399169922,74.89690399169922,74.89690399169922,0
2018-07-12,75.76956176757812,75.76956176757812,75.76956176757812,75.76956176757812,0
2018-07-13,75.88337707519531,75.88337707519531,75.88337707519531,75.88337707519531,0
2018-07-16,75.64627838134766,75.64627838134766,75.64627838134766,75.64627838134766,0
2018-07-17,76.08258819580078,76.08258819580078,76.08258819580078,76.08258819580078,0
2018-07-18,76.11104583740234,76.11104583740234,76.11104583740234,76.11104583740234,0
2018-07-19,75.91183471679688,75.91183471679688,75.91183471679688,75.91183471679688,0
2018-07-20,75.8169937133789,75.8169937133789,75.8169937133789,75.8169937133789,0
2018-07-23,75.8359603881836,75.8359603881836,75.8359603881836,75.8359603881836,0
2018-07-24,76.10154724121094,76.10154724121094,76.10154724121094,76.10154724121094,0
2018-07-25,77.01216888427734,77.01216888427734,77.01216888427734,77.01216888427734,0
2018-07-26,76.26280212402344,76.26280212402344,76.26280212402344,76.26280212402344,0
2018-07-27,75.41858673095703,75.41858673095703,75.41858673095703,75.41858673095703,0
2018-07-30,74.52696990966797,74.52696990966797,74.52696990966797,74.52696990966797,0
2018-07-31,74.9727783203125,74.9727783203125,74.9727783203125,74.9727783203125,0
2018-08-01,75.18148040771484,75.18148040771484,75.18148040771484,75.18148040771484,0
2018-08-02,75.84545135498047,75.84545135498047,75.84545135498047,75.84545135498047,0
2018-08-03,75.98773956298828,75.98773956298828,75.98773956298828,75.98773956298828,0
2018-08-06,76.36714935302734,76.36714935302734,76.36714935302734,76.36714935302734,0
2018-08-07,76.59478759765625,76.59478759765625,76.59478759765625,76.59478759765625,0
2018-08-08,76.5853042602539,76.5853042602539,76.5853042602539,76.5853042602539,0
2018-08-09,76.5853042602539,76.5853042602539,76.5853042602539,76.5853042602539,0
2018-08-10,76.07308197021484,76.07308197021484,76.07308197021484,76.07308197021484,0
2018-08-13,75.90237426757812,75.90237426757812,75.90237426757812,75.90237426757812,0
2018-08-14,76.36714935302734,76.36714935302734,76.36714935302734,76.36714935302734,0
2018-08-15,75.65575408935547,75.65575408935547,75.65575408935547,75.65575408935547,0
2018-08-16,76.05411529541016,76.05411529541016,76.05411529541016,76.05411529541016,0
2018-08-17,76.17743682861328,76.17743682861328,76.17743682861328,76.17743682861328,0
2018-08-20,76.3007583618164,76.3007583618164,76.3007583618164,76.3007583618164,0
2018-08-21,76.56636047363281,76.56636047363281,76.56636047363281,76.56636047363281,0
2018-08-22,76.71813201904297,76.71813201904297,76.71813201904297,76.71813201904297,0
2018-08-23,76.63276672363281,76.63276672363281,76.63276672363281,76.63276672363281,0
2018-08-24,77.29672241210938,77.29672241210938,77.29672241210938,77.29672241210938,0
2018-08-27,77.90377044677734,77.90377044677734,77.90377044677734,77.90377044677734,0
2018-08-28,77.97018432617188,77.97018432617188,77.97018432617188,77.97018432617188,0
2018-08-29,78.6626205444336,78.6626205444336,78.6626205444336,78.6626205444336,0
2018-08-30,78.39704132080078,78.39704132080078,78.39704132080078,78.39704132080078,0
2018-08-31,78.50137329101562,78.50137329101562,78.50137329101562,78.50137329101562,0
2018-09-04,78.37806701660156,78.37806701660156,78.37806701660156,78.37806701660156,0
2018-09-05,77.71406555175781,77.71406555175781,77.71406555175781,77.71406555175781,0
2018-09-06,77.32518005371094,77.32518005371094,77.32518005371094,77.32518005371094,0
2018-09-07,77.16389465332031,77.16389465332031,77.16389465332031,77.16389465332031,0
2018-09-10,77.34415435791016,77.34415435791016,77.34415435791016,77.34415435791016,0
2018-09-11,77.8279037475586,77.8279037475586,77.8279037475586,77.8279037475586,0
2018-09-12,77.76151275634766,77.76151275634766,77.76151275634766,77.76151275634766,0
2018-09-13,78.29269409179688,78.29269409179688,78.29269409179688,78.29269409179688,0
2018-09-14,78.21681213378906,78.21681213378906,78.21681213378906,78.21681213378906,0
2018-09-17,77.34415435791016,77.34415435791016,77.34415435791016,77.34415435791016,0
2018-09-18,77.88481140136719,77.88481140136719,77.88481140136719,77.88481140136719,0
2018-09-19,77.86583709716797,77.86583709716797,77.86583709716797,77.86583709716797,0
2018-09-20,78.49188995361328,78.49188995361328,78.49188995361328,78.49188995361328,0
2018-09-21,78.27372741699219,78.27372741699219,78.27372741699219,78.27372741699219,0
2018-09-24,78.2547378540039,78.2547378540039,78.2547378540039,78.2547378540039,0
2018-09-25,78.49188995361328,78.49188995361328,78.49188995361328,78.49188995361328,0
2018-09-26,78.37806701660156,78.37806701660156,78.37806701660156,78.37806701660156,0
2018-09-27,78.83566284179688,78.83566284179688,78.83566284179688,78.83566284179688,0
2018-09-28,78.84513092041016,78.84513092041016,78.84513092041016,78.84513092041016,0
2018-10-01,79.06398010253906,79.06398010253906,79.06398010253906,79.06398010253906,0
2018-10-02,78.77857208251953,78.77857208251953,78.77857208251953,78.77857208251953,0
2018-10-03,78.8261489868164,78.8261489868164,78.8261489868164,78.8261489868164,0
2018-10-04,77.64649963378906,77.64649963378906,77.64649963378906,77.64649963378906,0
2018-10-05,76.9900894165039,76.9900894165039,76.9900894165039,76.9900894165039,0
2018-10-08,76.58100128173828,76.58100128173828,76.58100128173828,76.58100128173828,0
2018-10-09,76.62861633300781,76.62861633300781,76.62861633300781,76.62861633300781,0
2018-10-10,73.54631805419922,73.54631805419922,73.54631805419922,73.54631805419922,0
2018-10-11,72.35718536376953,72.35718536376953,72.35718536376953,72.35718536376953,0
2018-10-12,73.93634796142578,73.93634796142578,73.93634796142578,73.93634796142578,0
2018-10-15,73.30847930908203,73.30847930908203,73.30847930908203,73.30847930908203,0
2018-10-16,75.16355895996094,75.16355895996094,75.16355895996094,75.16355895996094,0
2018-10-17,75.03990173339844,75.03990173339844,75.03990173339844,75.03990173339844,0
2018-10-18,73.58436584472656,73.58436584472656,73.58436584472656,73.58436584472656,0
2018-10-19,73.38459777832031,73.38459777832031,73.38459777832031,73.38459777832031,0
2018-10-22,73.3465347290039,73.3465347290039,73.3465347290039,73.3465347290039,0
2018-10-23,72.98505401611328,72.98505401611328,72.98505401611328,72.98505401611328,0
2018-10-24,70.35940551757812,70.35940551757812,70.35940551757812,70.35940551757812,0
2018-10-25,72.0527572631836,72.0527572631836,72.0527572631836,72.0527572631836,0
2018-10-26,70.45455932617188,70.45455932617188,70.45455932617188,70.45455932617188,0
2018-10-29,69.38904571533203,69.38904571533203,69.38904571533203,69.38904571533203,0
2018-10-30,70.55918884277344,70.55918884277344,70.55918884277344,70.55918884277344,0
2018-10-31,71.72930908203125,71.72930908203125,71.72930908203125,71.72930908203125,0
2018-11-01,72.83283233642578,72.83283233642578,72.83283233642578,72.83283233642578,0
2018-11-02,72.06227111816406,72.06227111816406,72.06227111816406,72.06227111816406,0
2018-11-05,71.99567413330078,71.99567413330078,71.99567413330078,71.99567413330078,0
2018-11-06,72.49989318847656,72.49989318847656,72.49989318847656,72.49989318847656,0
2018-11-07,74.34542846679688,74.34542846679688,74.34542846679688,74.34542846679688,0
2018-11-08,74.09807586669922,74.09807586669922,74.09807586669922,74.09807586669922,0
2018-11-09,73.23237609863281,73.23237609863281,73.23237609863281,73.23237609863281,0
2018-11-12,71.31072998046875,71.31072998046875,71.31072998046875,71.31072998046875,0
2018-11-13,71.17754364013672,71.17754364013672,71.17754364013672,71.17754364013672,0
2018-11-14,70.72087860107422,70.72087860107422,70.72087860107422,70.72087860107422,0
2018-11-15,71.62464904785156,71.62464904785156,71.62464904785156,71.62464904785156,0
2018-11-16,71.5485610961914,71.5485610961914,71.5485610961914,71.5485610961914,0
2018-11-19,69.53173828125,69.53173828125,69.53173828125,69.53173828125,0
2018-11-20,68.39969635009766,68.39969635009766,68.39969635009766,68.39969635009766,0
2018-11-21,68.83731079101562,68.83731079101562,68.83731079101562,68.83731079101562,0
2018-11-23,68.30455017089844,68.30455017089844,68.30455017089844,68.30455017089844,0
2018-11-26,69.52228546142578,69.52228546142578,69.52228546142578,69.52228546142578,0
2018-11-27,69.64590454101562,69.64590454101562,69.64590454101562,69.64590454101562,0
2018-11-28,71.70076751708984,71.70076751708984,71.70076751708984,71.70076751708984,0
2018-11-29,71.62464904785156,71.62464904785156,71.62464904785156,71.62464904785156,0
2018-11-30,72.20494079589844,72.20494079589844,72.20494079589844,72.20494079589844,0
2018-12-03,73.36555480957031,73.36555480957031,73.36555480957031,73.36555480957031,0
2018-12-04,70.70188903808594,70.70188903808594,70.70188903808594,70.70188903808594,0
2018-12-06,70.91120147705078,70.91120147705078,70.91120147705078,70.91120147705078,0
2018-12-07,69.01806640625,69.01806640625,69.01806640625,69.01806640625,0
2018-12-10,69.38904571533203,69.38904571533203,69.38904571533203,69.38904571533203,0
2018-12-11,69.40809631347656,69.40809631347656,69.40809631347656,69.40809631347656,0
2018-12-12,69.95034790039062,69.95034790039062,69.95034790039062,69.95034790039062,0
2018-12-13,69.8742446899414,69.8742446899414,69.8742446899414,69.8742446899414,0
2018-12-14,68.43775939941406,68.43775939941406,68.43775939941406,68.43775939941406,0
2018-12-17,66.8870849609375,66.8870849609375,66.8870849609375,66.8870849609375,0
2018-12-18,67.1820068359375,67.1820068359375,67.1820068359375,67.1820068359375,0
2018-12-19,65.89772033691406,65.89772033691406,65.89772033691406,65.89772033691406,0
2018-12-20,64.67053985595703,64.67053985595703,64.67053985595703,64.67053985595703,0
2018-12-21,62.9571647644043,62.9571647644043,62.9571647644043,62.9571647644043,0
2018-12-24,61.438621520996094,61.438621520996094,61.438621520996094,61.438621520996094,0
2018-12-26,64.96276092529297,64.96276092529297,64.96276092529297,64.96276092529297,0
2018-12-27,65.44985961914062,65.44985961914062,65.44985961914062,65.44985961914062,0
2018-12-28,65.40208435058594,65.40208435058594,65.40208435058594,65.40208435058594,0
2018-12-31,65.98466491699219,65.98466491699219,65.98466491699219,65.98466491699219,0
2019-01-02,66.03242492675781,66.03242492675781,66.03242492675781,66.03242492675781,0
2019-01-03,64.0077133178711,64.0077133178711,64.0077133178711,64.0077133178711,0
2019-01-04,66.55773162841797,66.55773162841797,66.55773162841797,66.55773162841797,0
2019-01-07,67.22627258300781,67.22627258300781,67.22627258300781,67.22627258300781,0
2019-01-08,68.0380630493164,68.0380630493164,68.0380630493164,68.0380630493164,0
2019-01-09,68.54424285888672,68.54424285888672,68.54424285888672,68.54424285888672,0
2019-01-10,68.91671752929688,68.91671752929688,68.91671752929688,68.91671752929688,0
2019-01-11,68.74481201171875,68.74481201171875,68.74481201171875,68.74481201171875,0
2019-01-14,68.25772094726562,68.25772094726562,68.25772094726562,68.25772094726562,0
2019-01-15,69.22232055664062,69.22232055664062,69.22232055664062,69.22232055664062,0
2019-01-16,69.27963256835938,69.27963256835938,69.27963256835938,69.27963256835938,0
2019-01-17,69.84310913085938,69.84310913085938,69.84310913085938,69.84310913085938,0
2019-01-18,70.71221160888672,70.71221160888672,70.71221160888672,70.71221160888672,0
2019-01-22,69.51836395263672,69.51836395263672,69.51836395263672,69.51836395263672,0
2019-01-23,69.57567596435547,69.57567596435547,69.57567596435547,69.57567596435547,0
2019-01-24,69.84310913085938,69.84310913085938,69.84310913085938,69.84310913085938,0
2019-01-25,70.693115234375,70.693115234375,70.693115234375,70.693115234375,0
2019-01-28,70.00547790527344,70.00547790527344,70.00547790527344,70.00547790527344,0
2019-01-29,69.65206909179688,69.65206909179688,69.65206909179688,69.65206909179688,0
2019-01-30,71.22793579101562,71.22793579101562,71.22793579101562,71.22793579101562,0
2019-01-31,72.12568664550781,72.12568664550781,72.12568664550781,72.12568664550781,0
2019-02-01,72.0683822631836,72.0683822631836,72.0683822631836,72.0683822631836,0
2019-02-04,72.76556396484375,72.76556396484375,72.76556396484375,72.76556396484375,0
2019-02-05,73.3194808959961,73.3194808959961,73.3194808959961,73.3194808959961,0
2019-02-06,73.03300476074219,73.03300476074219,73.03300476074219,73.03300476074219,0
2019-02-07,72.31670379638672,72.31670379638672,72.31670379638672,72.31670379638672,0
2019-02-08,72.51725006103516,72.51725006103516,72.51725006103516,72.51725006103516,0
2019-02-11,72.58413696289062,72.58413696289062,72.58413696289062,72.58413696289062,0
2019-02-12,73.53916931152344,73.53916931152344,73.53916931152344,73.53916931152344,0
2019-02-13,73.75884246826172,73.75884246826172,73.75884246826172,73.75884246826172,0
2019-02-14,73.76836395263672,73.76836395263672,73.76836395263672,73.76836395263672,0
2019-02-15,74.31278228759766,74.31278228759766,74.31278228759766,74.31278228759766,0
2019-02-19,74.37960815429688,74.37960815429688,74.37960815429688,74.37960815429688,0
2019-02-20,74.40826416015625,74.40826416015625,74.40826416015625,74.40826416015625,0
2019-02-21,74.08352661132812,74.08352661132812,74.08352661132812,74.08352661132812,0
2019-02-22,74.71387481689453,74.71387481689453,74.71387481689453,74.71387481689453,0
2019-02-25,74.81892395019531,74.81892395019531,74.81892395019531,74.81892395019531,0
2019-02-26,74.80938720703125,74.80938720703125,74.80938720703125,74.80938720703125,0
2019-02-27,74.89533996582031,74.89533996582031,74.89533996582031,74.89533996582031,0
2019-02-28,74.76165008544922,74.76165008544922,74.76165008544922,74.76165008544922,0
2019-03-01,75.42062377929688,75.42062377929688,75.42062377929688,75.42062377929688,0
2019-03-04,75.14364624023438,75.14364624023438,75.14364624023438,75.14364624023438,0
2019-03-05,75.09589385986328,75.09589385986328,75.09589385986328,75.09589385986328,0
2019-03-06,74.62792205810547,74.62792205810547,74.62792205810547,74.62792205810547,0
2019-03-07,73.92118835449219,73.92118835449219,73.92118835449219,73.92118835449219,0
2019-03-08,73.75884246826172,73.75884246826172,73.75884246826172,73.75884246826172,0
2019-03-11,75.00041198730469,75.00041198730469,75.00041198730469,75.00041198730469,0
2019-03-12,75.25826263427734,75.25826263427734,75.25826263427734,75.25826263427734,0
2019-03-13,75.7549057006836,75.7549057006836,75.7549057006836,75.7549057006836,0
2019-03-14,75.7453384399414,75.7453384399414,75.7453384399414,75.7453384399414,0
2019-03-15,76.21331024169922,76.21331024169922,76.21331024169922,76.21331024169922,0
2019-03-18,76.35657501220703,76.35657501220703,76.35657501220703,76.35657501220703,0
2019-03-19,76.4807357788086,76.4807357788086,76.4807357788086,76.4807357788086,0
2019-03-20,76.68128204345703,76.68128204345703,76.68128204345703,76.68128204345703,0
2019-03-21,77.77007293701172,77.77007293701172,77.77007293701172,77.77007293701172,0
2019-03-22,76.10828399658203,76.10828399658203,76.10828399658203,76.10828399658203,0
2019-03-25,76.08915710449219,76.08915710449219,76.08915710449219,76.08915710449219,0
2019-03-26,76.53802490234375,76.53802490234375,76.53802490234375,76.53802490234375,0
2019-03-27,76.15497589111328,76.15497589111328,76.15497589111328,76.15497589111328,0
2019-03-28,76.52845764160156,76.52845764160156,76.52845764160156,76.52845764160156,0
2019-03-29,77.12222290039062,77.12222290039062,77.12222290039062,77.12222290039062,0
2019-04-01,77.99372100830078,77.99372100830078,77.99372100830078,77.99372100830078,0
2019-04-02,78.21398162841797,78.21398162841797,78.21398162841797,78.21398162841797,0
2019-04-03,78.52043914794922,78.52043914794922,78.52043914794922,78.52043914794922,0
2019-04-04,78.5108642578125,78.5108642578125,78.5108642578125,78.5108642578125,0
2019-04-05,78.8939208984375,78.8939208984375,78.8939208984375,78.8939208984375,0
2019-04-08,78.9897232055664,78.9897232055664,78.9897232055664,78.9897232055664,0
2019-04-09,78.62577056884766,78.62577056884766,78.62577056884766,78.62577056884766,0
2019-04-10,78.99927520751953,78.99927520751953,78.99927520751953,78.99927520751953,0
2019-04-11,78.9897232055664,78.9897232055664,78.9897232055664,78.9897232055664,0
2019-04-12,79.56431579589844,79.56431579589844,79.56431579589844,79.56431579589844,0
2019-04-15,79.53557586669922,79.53557586669922,79.53557586669922,79.53557586669922,0
2019-04-16,79.4398193359375,79.4398193359375,79.4398193359375,79.4398193359375,0
2019-04-17,79.23870849609375,79.23870849609375,79.23870849609375,79.23870849609375,0
2019-04-18,79.44938659667969,79.44938659667969,79.44938659667969,79.44938659667969,0
2019-04-22,79.66007232666016,79.66007232666016,79.66007232666016,79.66007232666016,0
2019-04-23,80.5219955444336,80.5219955444336,80.5219955444336,80.5219955444336,0
2019-04-24,80.3879165649414,80.3879165649414,80.3879165649414,80.3879165649414,0
2019-04-25,80.57945251464844,80.57945251464844,80.57945251464844,80.57945251464844,0
2019-04-26,80.91465759277344,80.91465759277344,80.91465759277344,80.91465759277344,0
2019-04-29,80.96255493164062,80.96255493164062,80.96255493164062,80.96255493164062,0
2019-04-30,80.76141357421875,80.76141357421875,80.76141357421875,80.76141357421875,0
2019-05-01,80.16765594482422,80.16765594482422,80.16765594482422,80.16765594482422,0
2019-05-02,80.01443481445312,80.01443481445312,80.01443481445312,80.01443481445312,0
2019-05-03,80.9242172241211,80.9242172241211,80.9242172241211,80.9242172241211,0
2019-05-06,80.56031036376953,80.56031036376953,80.56031036376953,80.56031036376953,0
2019-05-07,79.06631469726562,79.06631469726562,79.06631469726562,79.06631469726562,0
2019-05-08,79.07592010498047,79.07592010498047,79.07592010498047,79.07592010498047,0
2019-05-09,78.82688903808594,78.82688903808594,78.82688903808594,78.82688903808594,0
2019-05-10,79.02802276611328,79.02802276611328,79.02802276611328,79.02802276611328,0
2019-05-13,76.77745819091797,76.77745819091797,76.77745819091797,76.77745819091797,0
2019-05-14,77.58190155029297,77.58190155029297,77.58190155029297,77.58190155029297,0
2019-05-15,78.35762023925781,78.35762023925781,78.35762023925781,78.35762023925781,0
2019-05-16,79.16207122802734,79.16207122802734,79.16207122802734,79.16207122802734,0
2019-05-17,78.56834411621094,78.56834411621094,78.56834411621094,78.56834411621094,0
2019-05-20,77.62980651855469,77.62980651855469,77.62980651855469,77.62980651855469,0
2019-05-21,78.39594268798828,78.39594268798828,78.39594268798828,78.39594268798828,0
2019-05-22,78.21398162841797,78.21398162841797,78.21398162841797,78.21398162841797,0
2019-05-23,77.16053009033203,77.16053009033203,77.16053009033203,77.16053009033203,0
2019-05-24,77.20841217041016,77.20841217041016,77.20841217041016,77.20841217041016,0
2019-05-28,76.90196228027344,76.90196228027344,76.90196228027344,76.90196228027344,0
2019-05-29,76.27946472167969,76.27946472167969,76.27946472167969,76.27946472167969,0
2019-05-30,76.63379669189453,76.63379669189453,76.63379669189453,76.63379669189453,0
2019-05-31,75.64739227294922,75.64739227294922,75.64739227294922,75.64739227294922,0
2019-06-03,74.50775146484375,74.50775146484375,74.50775146484375,74.50775146484375,0
2019-06-04,76.27946472167969,76.27946472167969,76.27946472167969,76.27946472167969,0
2019-06-05,77.06476593017578,77.06476593017578,77.06476593017578,77.06476593017578,0
2019-06-06,77.60106658935547,77.60106658935547,77.60106658935547,77.60106658935547,0
2019-06-07,78.79816436767578,78.79816436767578,78.79816436767578,78.79816436767578,0
2019-06-10,79.28659057617188,79.28659057617188,79.28659057617188,79.28659057617188,0
2019-06-11,79.2482681274414,79.2482681274414,79.2482681274414,79.2482681274414,0
2019-06-12,79.06631469726562,79.06631469726562,79.06631469726562,79.06631469726562,0
2019-06-13,79.41108703613281,79.41108703613281,79.41108703613281,79.41108703613281,0
2019-06-14,79.22915649414062,79.22915649414062,79.22915649414062,79.22915649414062,0
2019-06-17,79.55474853515625,79.55474853515625,79.55474853515625,79.55474853515625,0
2019-06-18,80.41665649414062,80.41665649414062,80.41665649414062,80.41665649414062,0
2019-06-19,80.7326889038086,80.7326889038086,80.7326889038086,80.7326889038086,0
2019-06-20,81.54672241210938,81.54672241210938,81.54672241210938,81.54672241210938,0
2019-06-21,81.33602905273438,81.33602905273438,81.33602905273438,81.33602905273438,0
2019-06-24,81.11576843261719,81.11576843261719,81.11576843261719,81.11576843261719,0
2019-06-25,79.90908813476562,79.90908813476562,79.90908813476562,79.90908813476562,0
2019-06-26,80.00509643554688,80.00509643554688,80.00509643554688,80.00509643554688,0
2019-06-27,80.38914489746094,80.38914489746094,80.38914489746094,80.38914489746094,0
2019-06-28,80.78276062011719,80.78276062011719,80.78276062011719,80.78276062011719,0
2019-07-01,81.5604476928711,81.5604476928711,81.5604476928711,81.5604476928711,0
2019-07-02,81.88690185546875,81.88690185546875,81.88690185546875,81.88690185546875,0
2019-07-03,82.5589370727539,82.5589370727539,82.5589370727539,82.5589370727539,0
2019-07-05,82.40534973144531,82.40534973144531,82.40534973144531,82.40534973144531,0
2019-07-08,81.9541015625,81.9541015625,81.9541015625,81.9541015625,0
2019-07-09,82.34771728515625,82.34771728515625,82.34771728515625,82.34771728515625,0
2019-07-10,82.90459442138672,82.90459442138672,82.90459442138672,82.90459442138672,0
2019-07-11,83.08700561523438,83.08700561523438,83.08700561523438,83.08700561523438,0
2019-07-12,83.49984741210938,83.49984741210938,83.49984741210938,83.49984741210938,0
2019-07-15,83.59587097167969,83.59587097167969,83.59587097167969,83.59587097167969,0
2019-07-16,83.23104095458984,83.23104095458984,83.23104095458984,83.23104095458984,0
2019-07-17,82.84700012207031,82.84700012207031,82.84700012207031,82.84700012207031,0
2019-07-18,83.02940368652344,83.02940368652344,83.02940368652344,83.02940368652344,0
2019-07-19,82.4437484741211,82.4437484741211,82.4437484741211,82.4437484741211,0
2019-07-22,82.93341064453125,82.93341064453125,82.93341064453125,82.93341064453125,0
2019-07-23,83.40386962890625,83.40386962890625,83.40386962890625,83.40386962890625,0
2019-07-24,83.9127197265625,83.9127197265625,83.9127197265625,83.9127197265625,0
2019-07-25,83.3558349609375,83.3558349609375,83.3558349609375,83.3558349609375,0
2019-07-26,84.13351440429688,84.13351440429688,84.13351440429688,84.13351440429688,0
2019-07-29,83.83589935302734,83.83589935302734,83.83589935302734,83.83589935302734,0
2019-07-30,83.57667541503906,83.57667541503906,83.57667541503906,83.57667541503906,0
2019-07-31,82.61656951904297,82.61656951904297,82.61656951904297,82.61656951904297,0
2019-08-01,82.11730194091797,82.11730194091797,82.11730194091797,82.11730194091797,0
2019-08-02,81.31083679199219,81.31083679199219,81.31083679199219,81.31083679199219,0
2019-08-05,78.58412170410156,78.58412170410156,78.58412170410156,78.58412170410156,0
2019-08-06,79.78428649902344,79.78428649902344,79.78428649902344,79.78428649902344,0
2019-08-07,80.12030029296875,80.12030029296875,80.12030029296875,80.12030029296875,0
2019-08-08,81.94448852539062,81.94448852539062,81.94448852539062,81.94448852539062,0
2019-08-09,81.31083679199219,81.31083679199219,81.31083679199219,81.31083679199219,0
2019-08-12,80.34113311767578,80.34113311767578,80.34113311767578,80.34113311767578,0
2019-08-13,81.73326110839844,81.73326110839844,81.73326110839844,81.73326110839844,0
2019-08-14,79.33301544189453,79.33301544189453,79.33301544189453,79.33301544189453,0
2019-08-15,79.68827056884766,79.68827056884766,79.68827056884766,79.68827056884766,0
2019-08-16,80.84038543701172,80.84038543701172,80.84038543701172,80.84038543701172,0
2019-08-19,81.90607452392578,81.90607452392578,81.90607452392578,81.90607452392578,0
2019-08-20,81.49324798583984,81.49324798583984,81.49324798583984,81.49324798583984,0
2019-08-21,82.30937194824219,82.30937194824219,82.30937194824219,82.30937194824219,0
2019-08-22,82.17491912841797,82.17491912841797,82.17491912841797,82.17491912841797,0
2019-08-23,79.93789672851562,79.93789672851562,79.93789672851562,79.93789672851562,0
2019-08-26,80.90760040283203,80.90760040283203,80.90760040283203,80.90760040283203,0
2019-08-27,80.78276062011719,80.78276062011719,80.78276062011719,80.78276062011719,0
2019-08-28,81.14762115478516,81.14762115478516,81.14762115478516,81.14762115478516,0
2019-08-29,82.32852935791016,82.32852935791016,82.32852935791016,82.32852935791016,0
2019-08-30,82.20372009277344,82.20372009277344,82.20372009277344,82.20372009277344,0
2019-09-03,81.45484161376953,81.45484161376953,81.45484161376953,81.45484161376953,0
2019-09-04,82.42456817626953,82.42456817626953,82.42456817626953,82.42456817626953,0
2019-09-05,83.68228149414062,83.68228149414062,83.68228149414062,83.68228149414062,0
2019-09-06,83.63427734375,83.63427734375,83.63427734375,83.63427734375,0
2019-09-09,83.0197982788086,83.0197982788086,83.0197982788086,83.0197982788086,0
2019-09-10,82.58775329589844,82.58775329589844,82.58775329589844,82.58775329589844,0
2019-09-11,83.135009765625,83.135009765625,83.135009765625,83.135009765625,0
2019-09-12,83.59587097167969,83.59587097167969,83.59587097167969,83.59587097167969,0
2019-09-13,83.35145568847656,83.35145568847656,83.35145568847656,83.35145568847656,0
2019-09-16,83.130126953125,83.130126953125,83.130126953125,83.130126953125,0
2019-09-17,83.61126708984375,83.61126708984375,83.61126708984375,83.61126708984375,0
2019-09-18,83.64976501464844,83.64976501464844,83.64976501464844,83.64976501464844,0
2019-09-19,83.73634338378906,83.73634338378906,83.73634338378906,83.73634338378906,0
2019-09-20,83.06277465820312,83.06277465820312,83.06277465820312,83.06277465820312,0
2019-09-23,83.04352569580078,83.04352569580078,83.04352569580078,83.04352569580078,0
2019-09-24,82.15823364257812,82.15823364257812,82.15823364257812,82.15823364257812,0
2019-09-25,82.8703384399414,82.8703384399414,82.8703384399414,82.8703384399414,0
2019-09-26,82.72598266601562,82.72598266601562,82.72598266601562,82.72598266601562,0
2019-09-27,81.81182861328125,81.81182861328125,81.81182861328125,81.81182861328125,0
2019-09-30,82.39881134033203,82.39881134033203,82.39881134033203,82.39881134033203,0
2019-10-01,81.55200958251953,81.55200958251953,81.55200958251953,81.55200958251953,0
2019-10-02,80.15672302246094,80.15672302246094,80.15672302246094,80.15672302246094,0
2019-10-03,81.0708999633789,81.0708999633789,81.0708999633789,81.0708999633789,0
2019-10-04,82.2256088256836,82.2256088256836,82.2256088256836,82.2256088256836,0
2019-10-07,81.8984375,81.8984375,81.8984375,81.8984375,0
2019-10-08,80.64750671386719,80.64750671386719,80.64750671386719,80.64750671386719,0
2019-10-09,81.56163787841797,81.56163787841797,81.56163787841797,81.56163787841797,0
2019-10-10,82.013916015625,82.013916015625,82.013916015625,82.013916015625,0
2019-10-11,82.9569320678711,82.9569320678711,82.9569320678711,82.9569320678711,0
2019-10-14,82.8895492553711,82.8895492553711,82.8895492553711,82.8895492553711,0
2019-10-15,83.755615234375,83.755615234375,83.755615234375,83.755615234375,0
2019-10-16,83.44767761230469,83.44767761230469,83.44767761230469,83.44767761230469,0
2019-10-17,83.64976501464844,83.64976501464844,83.64976501464844,83.64976501464844,0
2019-10-18,83.0242919921875,83.0242919921875,83.0242919921875,83.0242919921875,0
2019-10-21,83.5823745727539,83.5823745727539,83.5823745727539,83.5823745727539,0
2019-10-22,82.6393814086914,82.6393814086914,82.6393814086914,82.6393814086914,0
2019-10-23,82.9088134765625,82.9088134765625,82.9088134765625,82.9088134765625,0
2019-10-24,83.61126708984375,83.61126708984375,83.61126708984375,83.61126708984375,0
2019-10-25,83.94805908203125,83.94805908203125,83.94805908203125,83.94805908203125,0
2019-10-28,84.57353210449219,84.57353210449219,84.57353210449219,84.57353210449219,0
2019-10-29,84.1982421875,84.1982421875,84.1982421875,84.1982421875,0
2019-10-30,84.64088439941406,84.64088439941406,84.64088439941406,84.64088439941406,0
2019-10-31,84.45804595947266,84.45804595947266,84.45804595947266,84.45804595947266,0
2019-11-01,85.19900512695312,85.19900512695312,85.19900512695312,85.19900512695312,0
2019-11-04,85.29523468017578,85.29523468017578,85.29523468017578,85.29523468017578,0
2019-11-05,85.00653839111328,85.00653839111328,85.00653839111328,85.00653839111328,0
2019-11-06,84.95843505859375,84.95843505859375,84.95843505859375,84.95843505859375,0
2019-11-07,85.15089416503906,85.15089416503906,85.15089416503906,85.15089416503906,0
2019-11-08,85.35295104980469,85.35295104980469,85.35295104980469,85.35295104980469,0
2019-11-11,85.36259460449219,85.36259460449219,85.36259460449219,85.36259460449219,0
2019-11-12,85.64161682128906,85.64161682128906,85.64161682128906,85.64161682128906,0
2019-11-13,85.84370422363281,85.84370422363281,85.84370422363281,85.84370422363281,0
2019-11-14,86.14202880859375,86.14202880859375,86.14202880859375,86.14202880859375,0
2019-11-15,86.7963638305664,86.7963638305664,86.7963638305664,86.7963638305664,0
2019-11-18,86.91182708740234,86.91182708740234,86.91182708740234,86.91182708740234,0
2019-11-19,87.0561752319336,87.0561752319336,87.0561752319336,87.0561752319336,0
2019-11-20,86.76749420166016,86.76749420166016,86.76749420166016,86.76749420166016,0
2019-11-21,86.43070983886719,86.43070983886719,86.43070983886719,86.43070983886719,0
2019-11-22,86.46919250488281,86.46919250488281,86.46919250488281,86.46919250488281,0
2019-11-25,87.32561492919922,87.32561492919922,87.32561492919922,87.32561492919922,0
2019-11-26,87.66241455078125,87.66241455078125,87.66241455078125,87.66241455078125,0
2019-11-27,88.20126342773438,88.20126342773438,88.20126342773438,88.20126342773438,0
2019-11-29,87.81636047363281,87.81636047363281,87.81636047363281,87.81636047363281,0
2019-12-02,86.76749420166016,86.76749420166016,86.76749420166016,86.76749420166016,0
2019-12-03,86.35371398925781,86.35371398925781,86.35371398925781,86.35371398925781,0
2019-12-04,86.75787353515625,86.75787353515625,86.75787353515625,86.75787353515625,0
2019-12-05,86.89258575439453,86.89258575439453,86.89258575439453,86.89258575439453,0
2019-12-06,87.71048736572266,87.71048736572266,87.71048736572266,87.71048736572266,0
2019-12-09,87.402587890625,87.402587890625,87.402587890625,87.402587890625,0
2019-12-10,87.25825500488281,87.25825500488281,87.25825500488281,87.25825500488281,0
2019-12-11,87.56619262695312,87.56619262695312,87.56619262695312,87.56619262695312,0
2019-12-12,88.00882720947266,88.00882720947266,88.00882720947266,88.00882720947266,0
2019-12-13,88.33599090576172,88.33599090576172,88.33599090576172,88.33599090576172,0
2019-12-16,89.02881622314453,89.02881622314453,89.02881622314453,89.02881622314453,0
2019-12-17,88.96145629882812,88.96145629882812,88.96145629882812,88.96145629882812,0
2019-12-18,89.00957489013672,89.00957489013672,89.00957489013672,89.00957489013672,0
2019-12-19,89.62541961669922,89.62541961669922,89.62541961669922,89.62541961669922,0
2019-12-20,90.0391845703125,90.0391845703125,90.0391845703125,90.0391845703125,0
2019-12-23,90.15404510498047,90.15404510498047,90.15404510498047,90.15404510498047,0
2019-12-24,90.20225524902344,90.20225524902344,90.20225524902344,90.20225524902344,0
2019-12-26,90.92598724365234,90.92598724365234,90.92598724365234,90.92598724365234,0
2019-12-27,90.92598724365234,90.92598724365234,90.92598724365234,90.92598724365234,0
2019-12-30,90.28911590576172,90.28911590576172,90.28911590576172,90.28911590576172,0
2019-12-31,90.54963684082031,90.54963684082031,90.54963684082031,90.54963684082031,0
2020-01-02,91.74617767333984,91.74617767333984,91.74617767333984,91.74617767333984,0
2020-01-03,91.20579528808594,91.20579528808594,91.20579528808594,91.20579528808594,0
2020-01-06,91.7654800415039,91.7654800415039,91.7654800415039,91.7654800415039,0
2020-01-07,91.69791412353516,91.69791412353516,91.69791412353516,91.69791412353516,0
2020-01-08,92.39266204833984,92.39266204833984,92.39266204833984,92.39266204833984,0
2020-01-09,93.25146484375,93.25146484375,93.25146484375,93.25146484375,0
2020-01-10,93.068115234375,93.068115234375,93.068115234375,93.068115234375,0
2020-01-13,94.02340698242188,94.02340698242188,94.02340698242188,94.02340698242188,0
2020-01-14,93.637451171875,93.637451171875,93.637451171875,93.637451171875,0
2020-01-15,93.8883285522461,93.8883285522461,93.8883285522461,93.8883285522461,0
2020-01-16,94.82431030273438,94.82431030273438,94.82431030273438,94.82431030273438,0
2020-01-17,95.35502624511719,95.35502624511719,95.35502624511719,95.35502624511719,0
2020-01-21,95.35502624511719,95.35502624511719,95.35502624511719,95.35502624511719,0
2020-01-22,95.4032974243164,95.4032974243164,95.4032974243164,95.4032974243164,0
2020-01-23,95.66383361816406,95.66383361816406,95.66383361816406,95.66383361816406,0
2020-01-24,94.82431030273438,94.82431030273438,94.82431030273438,94.82431030273438,0
2020-01-27,93.18394470214844,93.18394470214844,93.18394470214844,93.18394470214844,0
2020-01-28,94.4383544921875,94.4383544921875,94.4383544921875,94.4383544921875,0
2020-01-29,94.66992950439453,94.66992950439453,94.66992950439453,94.66992950439453,0
2020-01-30,94.93046569824219,94.93046569824219,94.93046569824219,94.93046569824219,0
2020-01-31,93.34797668457031,93.34797668457031,93.34797668457031,93.34797668457031,0
2020-02-03,94.53485870361328,94.53485870361328,94.53485870361328,94.53485870361328,0
2020-02-04,96.37785339355469,96.37785339355469,96.37785339355469,96.37785339355469,0
2020-02-05,96.59015655517578,96.59015655517578,96.59015655517578,96.59015655517578,0
2020-02-06,97.22700500488281,97.22700500488281,97.22700500488281,97.22700500488281,0
2020-02-07,96.82172393798828,96.82172393798828,96.82172393798828,96.82172393798828,0
2020-02-10,97.97966766357422,97.97966766357422,97.97966766357422,97.97966766357422,0
2020-02-11,97.97966766357422,97.97966766357422,97.97966766357422,97.97966766357422,0
2020-02-12,98.79986572265625,98.79986572265625,98.79986572265625,98.79986572265625,0
2020-02-13,98.87704467773438,98.87704467773438,98.87704467773438,98.87704467773438,0
2020-02-14,99.38846588134766,99.38846588134766,99.38846588134766,99.38846588134766,0
2020-02-18,99.43672180175781,99.43672180175781,99.43672180175781,99.43672180175781,0
2020-02-19,100.14112091064453,100.14112091064453,100.14112091064453,100.14112091064453,0
2020-02-20,99.52356719970703,99.52356719970703,99.52356719970703,99.52356719970703,0
2020-02-21,97.89281463623047,97.89281463623047,97.89281463623047,97.89281463623047,0
2020-02-24,94.35150909423828,94.35150909423828,94.35150909423828,94.35150909423828,0
2020-02-25,91.6111068725586,91.6111068725586,91.6111068725586,91.6111068725586,0
2020-02-26,91.59178161621094,91.59178161621094,91.59178161621094,91.59178161621094,0
2020-02-27,87.36534118652344,87.36534118652344,87.36534118652344,87.36534118652344,0
2020-02-28,87.2978286743164,87.2978286743164,87.2978286743164,87.2978286743164,0
2020-03-02,91.43741607666016,91.43741607666016,91.43741607666016,91.43741607666016,0
2020-03-03,88.85135650634766,88.85135650634766,88.85135650634766,88.85135650634766,0
2020-03-04,92.45056915283203,92.45056915283203,92.45056915283203,92.45056915283203,0
2020-03-05,89.36279296875,89.36279296875,89.36279296875,89.36279296875,0
2020-03-06,87.69344329833984,87.69344329833984,87.69344329833984,87.69344329833984,0
2020-03-09,81.22836303710938,81.22836303710938,81.22836303710938,81.22836303710938,0
2020-03-10,85.69601440429688,85.69601440429688,85.69601440429688,85.69601440429688,0
2020-03-11,81.63363647460938,81.63363647460938,81.63363647460938,81.63363647460938,0
2020-03-12,74.24221801757812,74.24221801757812,74.24221801757812,74.24221801757812,0
2020-03-13,80.94853210449219,80.94853210449219,80.94853210449219,80.94853210449219,0
2020-03-16,70.62371063232422,70.62371063232422,70.62371063232422,70.62371063232422,0
2020-03-17,74.51240539550781,74.51240539550781,74.51240539550781,74.51240539550781,0
2020-03-18,70.942138671875,70.942138671875,70.942138671875,70.942138671875,0
2020-03-19,72.19654083251953,72.19654083251953,72.19654083251953,72.19654083251953,0
2020-03-20,69.36930847167969,69.36930847167969,69.36930847167969,69.36930847167969,0
2020-03-23,68.37539672851562,68.37539672851562,68.37539672851562,68.37539672851562,0
2020-03-24,74.64749145507812,74.64749145507812,74.64749145507812,74.64749145507812,0
2020-03-25,75.05577087402344,75.05577087402344,75.05577087402344,75.05577087402344,0
2020-03-26,79.38999938964844,79.38999938964844,79.38999938964844,79.38999938964844,0
2020-03-27,76.54568481445312,76.54568481445312,76.54568481445312,76.54568481445312,0
2020-03-30,79.16748809814453,79.16748809814453,79.16748809814453,79.16748809814453,0
2020-03-31,78.11295318603516,78.11295318603516,78.11295318603516,78.11295318603516,0
2020-04-01,74.57202911376953,74.57202911376953,74.57202911376953,74.57202911376953,0
2020-04-02,75.93614959716797,75.93614959716797,75.93614959716797,75.93614959716797,0
2020-04-03,74.82356262207031,74.82356262207031,74.82356262207031,74.82356262207031,0
2020-04-06,80.67674255371094,80.67674255371094,80.67674255371094,80.67674255371094,0
2020-04-07,80.33811950683594,80.33811950683594,80.33811950683594,80.33811950683594,0
2020-04-08,82.7470932006836,82.7470932006836,82.7470932006836,82.7470932006836,0
2020-04-09,83.53073120117188,83.53073120117188,83.53073120117188,83.53073120117188,0
2020-04-13,83.40496826171875,83.40496826171875,83.40496826171875,83.40496826171875,0
2020-04-14,86.59759521484375,86.59759521484375,86.59759521484375,86.59759521484375,0
2020-04-15,85.25281524658203,85.25281524658203,85.25281524658203,85.25281524658203,0
2020-04-16,86.24931335449219,86.24931335449219,86.24931335449219,86.24931335449219,0
2020-04-17,87.92302703857422,87.92302703857422,87.92302703857422,87.92302703857422,0
2020-04-20,86.5879135131836,86.5879135131836,86.5879135131836,86.5879135131836,0
2020-04-21,83.63714599609375,83.63714599609375,83.63714599609375,83.63714599609375,0
2020-04-22,86.1622314453125,86.1622314453125,86.1622314453125,86.1622314453125,0
2020-04-23,86.00745391845703,86.00745391845703,86.00745391845703,86.00745391845703,0
2020-04-24,87.31350708007812,87.31350708007812,87.31350708007812,87.31350708007812,0
2020-04-27,88.25196075439453,88.25196075439453,88.25196075439453,88.25196075439453,0
2020-04-28,87.04263305664062,87.04263305664062,87.04263305664062,87.04263305664062,0
2020-04-29,89.94503021240234,89.94503021240234,89.94503021240234,89.94503021240234,0
2020-04-30,89.92565155029297,89.92565155029297,89.92565155029297,89.92565155029297,0
2020-05-01,87.42963409423828,87.42963409423828,87.42963409423828,87.42963409423828,0
2020-05-04,88.35839080810547,88.35839080810547,88.35839080810547,88.35839080810547,0
2020-05-05,89.470947265625,89.470947265625,89.470947265625,89.470947265625,0
2020-05-06,89.57737731933594,89.57737731933594,89.57737731933594,89.57737731933594,0
2020-05-07,91.04792785644531,91.04792785644531,91.04792785644531,91.04792785644531,0
2020-05-08,92.19921112060547,92.19921112060547,92.19921112060547,92.19921112060547,0
2020-05-11,92.76034545898438,92.76034545898438,92.76034545898438,92.76034545898438,0
2020-05-12,90.88345336914062,90.88345336914062,90.88345336914062,90.88345336914062,0
2020-05-13,89.6064224243164,89.6064224243164,89.6064224243164,89.6064224243164,0
2020-05-14,90.39006805419922,90.39006805419922,90.39006805419922,90.39006805419922,0
2020-05-15,91.11564636230469,91.11564636230469,91.11564636230469,91.11564636230469,0
2020-05-18,93.35047912597656,93.35047912597656,93.35047912597656,93.35047912597656,0
2020-05-19,92.94415283203125,92.94415283203125,92.94415283203125,92.94415283203125,0
2020-05-20,94.63721466064453,94.63721466064453,94.63721466064453,94.63721466064453,0
2020-05-21,93.82455444335938,93.82455444335938,93.82455444335938,93.82455444335938,0
2020-05-22,94.29859924316406,94.29859924316406,94.29859924316406,94.29859924316406,0
2020-05-26,94.50176239013672,94.50176239013672,94.50176239013672,94.50176239013672,0
2020-05-27,95.20801544189453,95.20801544189453,95.20801544189453,95.20801544189453,0
2020-05-28,95.32410430908203,95.32410430908203,95.32410430908203,95.32410430908203,0
2020-05-29,96.20449829101562,96.20449829101562,96.20449829101562,96.20449829101562,0
2020-06-01,96.81402587890625,96.81402587890625,96.81402587890625,96.81402587890625,0
2020-06-02,97.50090026855469,97.50090026855469,97.50090026855469,97.50090026855469,0
2020-06-03,98.38127899169922,98.38127899169922,98.38127899169922,98.38127899169922,0
2020-06-04,97.33641815185547,97.33641815185547,97.33641815185547,97.33641815185547,0
2020-06-05,99.58097076416016,99.58097076416016,99.58097076416016,99.58097076416016,0
2020-06-08,100.38394165039062,100.38394165039062,100.38394165039062,100.38394165039062,0
2020-06-09,100.49034118652344,100.49034118652344,100.49034118652344,100.49034118652344,0
2020-06-10,101.19661712646484,101.19661712646484,101.19661712646484,101.19661712646484,0
2020-06-11,95.8078384399414,95.8078384399414,95.8078384399414,95.8078384399414,0
2020-06-12,96.8526840209961,96.8526840209961,96.8526840209961,96.8526840209961,0
2020-06-15,97.82984924316406,97.82984924316406,97.82984924316406,97.82984924316406,0
2020-06-16,99.67769622802734,99.67769622802734,99.67769622802734,99.67769622802734,0
2020-06-17,99.91956329345703,99.91956329345703,99.91956329345703,99.91956329345703,0
2020-06-18,100.08399963378906,100.08399963378906,100.08399963378906,100.08399963378906,0
2020-06-19,99.71639251708984,99.71639251708984,99.71639251708984,99.71639251708984,0
2020-06-22,100.98375701904297,100.98375701904297,100.98375701904297,100.98375701904297,0
2020-06-23,101.64163208007812,101.64163208007812,101.64163208007812,101.64163208007812,0
2020-06-24,99.20159912109375,99.20159912109375,99.20159912109375,99.20159912109375,0
2020-06-25,100.31643676757812,100.31643676757812,100.31643676757812,100.31643676757812,0
2020-06-26,97.75715637207031,97.75715637207031,97.75715637207031,97.75715637207031,0
2020-06-29,98.959228515625,98.959228515625,98.959228515625,98.959228515625,0
2020-06-30,100.79145050048828,100.79145050048828,100.79145050048828,100.79145050048828,0
2020-07-01,101.98384857177734,101.98384857177734,101.98384857177734,101.98384857177734,0
2020-07-02,102.47826385498047,102.47826385498047,102.47826385498047,102.47826385498047,0
2020-07-06,104.68855285644531,104.68855285644531,104.68855285644531,104.68855285644531,0
2020-07-07,103.79669189453125,103.79669189453125,103.79669189453125,103.79669189453125,0
2020-07-08,105.12479400634766,105.12479400634766,105.12479400634766,105.12479400634766,0
2020-07-09,105.54164123535156,105.54164123535156,105.54164123535156,105.54164123535156,0
2020-07-10,106.08451843261719,106.08451843261719,106.08451843261719,106.08451843261719,0
2020-07-13,103.89362335205078,103.89362335205078,103.89362335205078,103.89362335205078,0
2020-07-14,105.1441879272461,105.1441879272461,105.1441879272461,105.1441879272461,0
2020-07-15,105.77432250976562,105.77432250976562,105.77432250976562,105.77432250976562,0
2020-07-16,104.97938537597656,104.97938537597656,104.97938537597656,104.97938537597656,0
2020-07-17,105.38654327392578,105.38654327392578,105.38654327392578,105.38654327392578,0
2020-07-20,107.88765716552734,107.88765716552734,107.88765716552734,107.88765716552734,0
2020-07-21,107.1314926147461,107.1314926147461,107.1314926147461,107.1314926147461,0
2020-07-22,107.76164245605469,107.76164245605469,107.76164245605469,107.76164245605469,0
2020-07-23,105.36714172363281,105.36714172363281,105.36714172363281,105.36714172363281,0
2020-07-24,104.9018325805664,104.9018325805664,104.9018325805664,104.9018325805664,0
2020-07-27,106.39473724365234,106.39473724365234,106.39473724365234,106.39473724365234,0
2020-07-28,105.19266510009766,105.19266510009766,105.19266510009766,105.19266510009766,0
2020-07-29,106.71466827392578,106.71466827392578,106.71466827392578,106.71466827392578,0
2020-07-30,106.8406982421875,106.8406982421875,106.8406982421875,106.8406982421875,0
2020-07-31,108.47901153564453,108.47901153564453,108.47901153564453,108.47901153564453,0
2020-08-03,109.70049285888672,109.70049285888672,109.70049285888672,109.70049285888672,0
2020-08-04,109.99131774902344,109.99131774902344,109.99131774902344,109.99131774902344,0
2020-08-05,110.67961883544922,110.67961883544922,110.67961883544922,110.67961883544922,0
2020-08-06,111.87201690673828,111.87201690673828,111.87201690673828,111.87201690673828,0
2020-08-07,110.91226959228516,110.91226959228516,110.91226959228516,110.91226959228516,0
2020-08-10,110.47603607177734,110.47603607177734,110.47603607177734,110.47603607177734,0
2020-08-11,108.89588165283203,108.89588165283203,108.89588165283203,108.89588165283203,0
2020-08-12,111.08676147460938,111.08676147460938,111.08676147460938,111.08676147460938,0
2020-08-13,111.53273010253906,111.53273010253906,111.53273010253906,111.53273010253906,0
2020-08-14,111.3194351196289,111.3194351196289,111.3194351196289,111.3194351196289,0
2020-08-17,112.38581085205078,112.38581085205078,112.38581085205078,112.38581085205078,0
2020-08-18,113.24860382080078,113.24860382080078,113.24860382080078,113.24860382080078,0
2020-08-19,112.62816619873047,112.62816619873047,112.62816619873047,112.62816619873047,0
2020-08-20,113.86903381347656,113.86903381347656,113.86903381347656,113.86903381347656,0
2020-08-21,114.47978210449219,114.47978210449219,114.47978210449219,114.47978210449219,0
2020-08-24,115.15837860107422,115.15837860107422,115.15837860107422,115.15837860107422,0
2020-08-25,115.99210357666016,115.99210357666016,115.99210357666016,115.99210357666016,0
2020-08-26,118.4156723022461,118.4156723022461,118.4156723022461,118.4156723022461,0
2020-08-27,118.1635971069336,118.1635971069336,118.1635971069336,118.1635971069336,0
2020-08-28,118.91006469726562,118.91006469726562,118.91006469726562,118.91006469726562,0
2020-08-31,119.47232818603516,119.47232818603516,119.47232818603516,119.47232818603516,0
2020-09-01,121.2076187133789,121.2076187133789,121.2076187133789,121.2076187133789,0
2020-09-02,122.60359191894531,122.60359191894531,122.60359191894531,122.60359191894531,0
2020-09-03,116.69975280761719,116.69975280761719,116.69975280761719,116.69975280761719,0
2020-09-04,114.92572784423828,114.92572784423828,114.92572784423828,114.92572784423828,0
2020-09-08,110.5729751586914,110.5729751586914,110.5729751586914,110.5729751586914,0
2020-09-09,113.65576171875,113.65576171875,113.65576171875,113.65576171875,0
2020-09-10,111.53273010253906,111.53273010253906,111.53273010253906,111.53273010253906,0
2020-09-11,111.03829956054688,111.03829956054688,111.03829956054688,111.03829956054688,0
2020-09-14,112.84143829345703,112.84143829345703,112.84143829345703,112.84143829345703,0
2020-09-15,114.20834350585938,114.20834350585938,114.20834350585938,114.20834350585938,0
2020-09-16,112.82206726074219,112.82206726074219,112.82206726074219,112.82206726074219,0
2020-09-17,111.36791229248047,111.36791229248047,111.36791229248047,111.36791229248047,0
2020-09-18,110.00102233886719,110.00102233886719,110.00102233886719,110.00102233886719,0
2020-09-21,109.91377258300781,109.91377258300781,109.91377258300781,109.91377258300781,0
2020-09-22,111.82352447509766,111.82352447509766,111.82352447509766,111.82352447509766,0
2020-09-23,108.68260192871094,108.68260192871094,108.68260192871094,108.68260192871094,0
2020-09-24,109.02838134765625,109.02838134765625,109.02838134765625,109.02838134765625,0
2020-09-25,111.3786849975586,111.3786849975586,111.3786849975586,111.3786849975586,0
2020-09-28,113.2822494506836,113.2822494506836,113.2822494506836,113.2822494506836,0
2020-09-29,113.04917907714844,113.04917907714844,113.04917907714844,113.04917907714844,0
2020-09-30,113.9038314819336,113.9038314819336,113.9038314819336,113.9038314819336,0
2020-10-01,115.27326202392578,115.27326202392578,115.27326202392578,115.27326202392578,0
2020-10-02,113.1074447631836,113.1074447631836,113.1074447631836,113.1074447631836,0
2020-10-05,115.36063385009766,115.36063385009766,115.36063385009766,115.36063385009766,0
2020-10-06,113.35995483398438,113.35995483398438,113.35995483398438,113.35995483398438,0
2020-10-07,115.38978576660156,115.38978576660156,115.38978576660156,115.38978576660156,0
2020-10-08,115.99195861816406,115.99195861816406,115.99195861816406,115.99195861816406,0
2020-10-09,117.68184661865234,117.68184661865234,117.68184661865234,117.68184661865234,0
2020-10-12,120.3818359375,120.3818359375,120.3818359375,120.3818359375,0
2020-10-13,120.17788696289062,120.17788696289062,120.17788696289062,120.17788696289062,0
2020-10-14,119.2260971069336,119.2260971069336,119.2260971069336,119.2260971069336,0
2020-10-15,118.64335632324219,118.64335632324219,118.64335632324219,118.64335632324219,0
2020-10-16,118.32289123535156,118.32289123535156,118.32289123535156,118.32289123535156,0
2020-10-19,116.29301452636719,116.29301452636719,116.29301452636719,116.29301452636719,0
2020-10-20,116.77863311767578,116.77863311767578,116.77863311767578,116.77863311767578,0
2020-10-21,116.64265441894531,116.64265441894531,116.64265441894531,116.64265441894531,0
2020-10-22,116.52610778808594,116.52610778808594,116.52610778808594,116.52610778808594,0
2020-10-23,117.13797760009766,117.13797760009766,117.13797760009766,117.13797760009766,0
2020-10-26,115.07901000976562,115.07901000976562,115.07901000976562,115.07901000976562,0
2020-10-27,115.76856231689453,115.76856231689453,115.76856231689453,115.76856231689453,0
2020-10-28,111.2718505859375,111.2718505859375,111.2718505859375,111.2718505859375,0
2020-10-29,112.89376068115234,112.89376068115234,112.89376068115234,112.89376068115234,0
2020-10-30,110.18409729003906,110.18409729003906,110.18409729003906,110.18409729003906,0
2020-11-02,110.79595184326172,110.79595184326172,110.79595184326172,110.79595184326172,0
2020-11-03,112.89376068115234,112.89376068115234,112.89376068115234,112.89376068115234,0
2020-11-04,117.3030776977539,117.3030776977539,117.3030776977539,117.3030776977539,0
2020-11-05,119.99333953857422,119.99333953857422,119.99333953857422,119.99333953857422,0
2020-11-06,120.34298706054688,120.34298706054688,120.34298706054688,120.34298706054688,0
2020-11-09,118.51709747314453,118.51709747314453,118.51709747314453,118.51709747314453,0
2020-11-10,116.69122314453125,116.69122314453125,116.69122314453125,116.69122314453125,0
2020-11-11,118.86673736572266,118.86673736572266,118.86673736572266,118.86673736572266,0
2020-11-12,118.09947204589844,118.09947204589844,118.09947204589844,118.09947204589844,0
2020-11-13,119.09984588623047,119.09984588623047,119.09984588623047,119.09984588623047,0
2020-11-16,119.88650512695312,119.88650512695312,119.88650512695312,119.88650512695312,0
2020-11-17,119.64371490478516,119.64371490478516,119.64371490478516,119.64371490478516,0
2020-11-18,118.6142349243164,118.6142349243164,118.6142349243164,118.6142349243164,0
2020-11-19,119.52715301513672,119.52715301513672,119.52715301513672,119.52715301513672,0
2020-11-20,118.64335632324219,118.64335632324219,118.64335632324219,118.64335632324219,0
2020-11-23,118.8570327758789,118.8570327758789,118.8570327758789,118.8570327758789,0
2020-11-24,120.21671295166016,120.21671295166016,120.21671295166016,120.21671295166016,0
2020-11-25,120.82858276367188,120.82858276367188,120.82858276367188,120.82858276367188,0
2020-11-27,121.64440155029297,121.64440155029297,121.64440155029297,121.64440155029297,0
2020-11-30,121.79010009765625,121.79010009765625,121.79010009765625,121.79010009765625,0
2020-12-01,123.13035583496094,123.13035583496094,123.13035583496094,123.13035583496094,0
2020-12-02,122.79042053222656,122.79042053222656,122.79042053222656,122.79042053222656,0
2020-12-03,122.75159454345703,122.75159454345703,122.75159454345703,122.75159454345703,0
2020-12-04,123.47028350830078,123.47028350830078,123.47028350830078,123.47028350830078,0
2020-12-07,123.9461898803711,123.9461898803711,123.9461898803711,123.9461898803711,0
2020-12-08,124.25696563720703,124.25696563720703,124.25696563720703,124.25696563720703,0
2020-12-09,122.0426025390625,122.0426025390625,122.0426025390625,122.0426025390625,0
2020-12-10,122.42138671875,122.42138671875,122.42138671875,122.42138671875,0
2020-12-11,122.29512786865234,122.29512786865234,122.29512786865234,122.29512786865234,0
2020-12-14,122.71275329589844,122.71275329589844,122.71275329589844,122.71275329589844,0
2020-12-15,124.08216094970703,124.08216094970703,124.08216094970703,124.08216094970703,0
2020-12-16,124.72314453125,124.72314453125,124.72314453125,124.72314453125,0
2020-12-17,125.85948181152344,125.85948181152344,125.85948181152344,125.85948181152344,0
2020-12-18,125.86917877197266,125.86917877197266,125.86917877197266,125.86917877197266,0
2020-12-21,125.57783508300781,125.57783508300781,125.57783508300781,125.57783508300781,0
2020-12-22,126.03427124023438,126.03427124023438,126.03427124023438,126.03427124023438,0
2020-12-23,125.25006103515625,125.25006103515625,125.25006103515625,125.25006103515625,0
2020-12-24,125.77548217773438,125.77548217773438,125.77548217773438,125.77548217773438,0
2020-12-28,126.95276641845703,126.95276641845703,126.95276641845703,126.95276641845703,0
2020-12-29,126.61224365234375,126.61224365234375,126.61224365234375,126.61224365234375,0
2020-12-30,126.5635986328125,126.5635986328125,126.5635986328125,126.5635986328125,0
2020-12-31,126.93330383300781,126.93330383300781,126.93330383300781,126.93330383300781,0
2021-01-04,124.9776382446289,124.9776382446289,124.9776382446289,124.9776382446289,0
2021-01-05,125.86304473876953,125.86304473876953,125.86304473876953,125.86304473876953,0
2021-01-06,124.50089263916016,124.50089263916016,124.50089263916016,124.50089263916016,0
2021-01-07,127.36141204833984,127.36141204833984,127.36141204833984,127.36141204833984,0
2021-01-08,128.68467712402344,128.68467712402344,128.68467712402344,128.68467712402344,0
2021-01-11,126.97225189208984,126.97225189208984,126.97225189208984,126.97225189208984,0
2021-01-12,126.78736877441406,126.78736877441406,126.78736877441406,126.78736877441406,0
2021-01-13,127.25439453125,127.25439453125,127.25439453125,127.25439453125,0
2021-01-14,125.93115997314453,125.93115997314453,125.93115997314453,125.93115997314453,0
2021-01-15,125.27925872802734,125.27925872802734,125.27925872802734,125.27925872802734,0
2021-01-19,126.69009399414062,126.69009399414062,126.69009399414062,126.69009399414062,0
2021-01-20,129.60897827148438,129.60897827148438,129.60897827148438,129.60897827148438,0
2021-01-21,130.22193908691406,130.22193908691406,130.22193908691406,130.22193908691406,0
2021-01-22,130.15379333496094,130.15379333496094,130.15379333496094,130.15379333496094,0
2021-01-25,130.95166015625,130.95166015625,130.95166015625,130.95166015625,0
2021-01-26,130.7667999267578,130.7667999267578,130.7667999267578,130.7667999267578,0
2021-01-27,127.17656707763672,127.17656707763672,127.17656707763672,127.17656707763672,0
2021-01-28,128.246826171875,128.246826171875,128.246826171875,128.246826171875,0
2021-01-29,125.75604248046875,125.75604248046875,125.75604248046875,125.75604248046875,0
2021-02-01,128.7235565185547,128.7235565185547,128.7235565185547,128.7235565185547,0
2021-02-02,130.84461975097656,130.84461975097656,130.84461975097656,130.84461975097656,0
2021-02-03,130.63059997558594,130.63059997558594,130.63059997558594,130.63059997558594,0
2021-02-04,132.1192626953125,132.1192626953125,132.1192626953125,132.1192626953125,0
2021-02-05,132.7516326904297,132.7516326904297,132.7516326904297,132.7516326904297,0
2021-02-08,133.50086975097656,133.50086975097656,133.50086975097656,133.50086975097656,0
2021-02-09,133.44247436523438,133.44247436523438,133.44247436523438,133.44247436523438,0
2021-02-10,133.28677368164062,133.28677368164062,133.28677368164062,133.28677368164062,0
2021-02-11,133.9581298828125,133.9581298828125,133.9581298828125,133.9581298828125,0
2021-02-12,134.6294708251953,134.6294708251953,134.6294708251953,134.6294708251953,0
2021-02-16,134.20135498046875,134.20135498046875,134.20135498046875,134.20135498046875,0
2021-02-17,133.666259765625,133.666259765625,133.666259765625,133.666259765625,0
2021-02-18,133.208984375,133.208984375,133.208984375,133.208984375,0
2021-02-19,132.5278778076172,132.5278778076172,132.5278778076172,132.5278778076172,0
2021-02-22,129.560302734375,129.560302734375,129.560302734375,129.560302734375,0
2021-02-23,129.37545776367188,129.37545776367188,129.37545776367188,129.37545776367188,0
2021-02-24,130.35812377929688,130.35812377929688,130.35812377929688,130.35812377929688,0
2021-02-25,126.22303009033203,126.22303009033203,126.22303009033203,126.22303009033203,0
2021-02-26,126.74846649169922,126.74846649169922,126.74846649169922,126.74846649169922,0
2021-03-01,130.11488342285156,130.11488342285156,130.11488342285156,130.11488342285156,0
2021-03-02,128.30520629882812,128.30520629882812,128.30520629882812,128.30520629882812,0
2021-03-03,124.83170318603516,124.83170318603516,124.83170318603516,124.83170318603516,0
2021-03-04,122.60359954833984,122.60359954833984,122.60359954833984,122.60359954833984,0
2021-03-05,124.43276977539062,124.43276977539062,124.43276977539062,124.43276977539062,0
2021-03-08,121.6987533569336,121.6987533569336,121.6987533569336,121.6987533569336,0
2021-03-09,125.79492950439453,125.79492950439453,125.79492950439453,125.79492950439453,0
2021-03-10,125.71708679199219,125.71708679199219,125.71708679199219,125.71708679199219,0
2021-03-11,128.5386962890625,128.5386962890625,128.5386962890625,128.5386962890625,0
2021-03-12,127.79924774169922,127.79924774169922,127.79924774169922,127.79924774169922,0
2021-03-15,129.05435180664062,129.05435180664062,129.05435180664062,129.05435180664062,0
2021-03-16,129.3560028076172,129.3560028076172,129.3560028076172,129.3560028076172,0
2021-03-17,129.63815307617188,129.63815307617188,129.63815307617188,129.63815307617188,0
2021-03-18,126.20359802246094,126.20359802246094,126.20359802246094,126.20359802246094,0
2021-03-19,126.6316909790039,126.6316909790039,126.6316909790039,126.6316909790039,0
2021-03-22,128.2954864501953,128.2954864501953,128.2954864501953,128.2954864501953,0
2021-03-23,127.76032257080078,127.76032257080078,127.76032257080078,127.76032257080078,0
2021-03-24,126.03854370117188,126.03854370117188,126.03854370117188,126.03854370117188,0
2021-03-25,125.9118881225586,125.9118881225586,125.9118881225586,125.9118881225586,0
2021-03-26,127.92891693115234,127.92891693115234,127.92891693115234,127.92891693115234,0
2021-03-29,127.73403930664062,127.73403930664062,127.73403930664062,127.73403930664062,0
2021-03-30,127.10067749023438,127.10067749023438,127.10067749023438,127.10067749023438,0
2021-03-31,128.8350830078125,128.8350830078125,128.8350830078125,128.8350830078125,0
2021-04-01,131.06646728515625,131.06646728515625,131.06646728515625,131.06646728515625,0
2021-04-05,133.50247192382812,133.50247192382812,133.50247192382812,133.50247192382812,0
2021-04-06,133.59991455078125,133.59991455078125,133.59991455078125,133.59991455078125,0
2021-04-07,133.95068359375,133.95068359375,133.95068359375,133.95068359375,0
2021-04-08,135.4122772216797,135.4122772216797,135.4122772216797,135.4122772216797,0
2021-04-09,136.55235290527344,136.55235290527344,136.55235290527344,136.55235290527344,0
2021-04-12,136.49388122558594,136.49388122558594,136.49388122558594,136.49388122558594,0
2021-04-13,137.91648864746094,137.91648864746094,137.91648864746094,137.91648864746094,0
2021-04-14,136.38670349121094,136.38670349121094,136.38670349121094,136.38670349121094,0
2021-04-15,138.61805725097656,138.61805725097656,138.61805725097656,138.61805725097656,0
2021-04-16,138.66676330566406,138.66676330566406,138.66676330566406,138.66676330566406,0
2021-04-19,137.4975128173828,137.4975128173828,137.4975128173828,137.4975128173828,0
2021-04-20,136.53282165527344,136.53282165527344,136.53282165527344,136.53282165527344,0
2021-04-21,137.66317749023438,137.66317749023438,137.66317749023438,137.66317749023438,0
2021-04-22,136.4646453857422,136.4646453857422,136.4646453857422,136.4646453857422,0
2021-04-23,138.40370178222656,138.40370178222656,138.40370178222656,138.40370178222656,0
2021-04-26,139.1539764404297,139.1539764404297,139.1539764404297,139.1539764404297,0
2021-04-27,138.8226776123047,138.8226776123047,138.8226776123047,138.8226776123047,0
2021-04-28,138.46217346191406,138.46217346191406,138.46217346191406,138.46217346191406,0
2021-04-29,138.88113403320312,138.88113403320312,138.88113403320312,138.88113403320312,0
2021-04-30,137.78005981445312,137.78005981445312,137.78005981445312,137.78005981445312,0
2021-05-03,137.09799194335938,137.09799194335938,137.09799194335938,137.09799194335938,0
2021-05-04,134.89584350585938,134.89584350585938,134.89584350585938,134.89584350585938,0
2021-05-05,134.23324584960938,134.23324584960938,134.23324584960938,134.23324584960938,0
2021-05-06,134.84715270996094,134.84715270996094,134.84715270996094,134.84715270996094,0
2021-05-07,135.9676971435547,135.9676971435547,135.9676971435547,135.9676971435547,0
2021-05-10,133.06398010253906,133.06398010253906,133.06398010253906,133.06398010253906,0
2021-05-11,132.752197265625,132.752197265625,132.752197265625,132.752197265625,0
2021-05-12,129.1566619873047,129.1566619873047,129.1566619873047,129.1566619873047,0
2021-05-13,130.2674560546875,130.2674560546875,130.2674560546875,130.2674560546875,0
2021-05-14,132.83987426757812,132.83987426757812,132.83987426757812,132.83987426757812,0
2021-05-17,132.12855529785156,132.12855529785156,132.12855529785156,132.12855529785156,0
2021-05-18,131.30030822753906,131.30030822753906,131.30030822753906,131.30030822753906,0
2021-05-19,131.3393096923828,131.3393096923828,131.3393096923828,131.3393096923828,0
2021-05-20,133.64862060546875,133.64862060546875,133.64862060546875,133.64862060546875,0
2021-05-21,133.0347442626953,133.0347442626953,133.0347442626953,133.0347442626953,0
2021-05-24,135.13946533203125,135.13946533203125,135.13946533203125,135.13946533203125,0
2021-05-25,135.39280700683594,135.39280700683594,135.39280700683594,135.39280700683594,0
2021-05-26,135.7436065673828,135.7436065673828,135.7436065673828,135.7436065673828,0
2021-05-27,135.54867553710938,135.54867553710938,135.54867553710938,135.54867553710938,0
2021-05-28,135.77281188964844,135.77281188964844,135.77281188964844,135.77281188964844,0
2021-06-01,135.35379028320312,135.35379028320312,135.35379028320312,135.35379028320312,0
2021-06-02,135.54867553710938,135.54867553710938,135.54867553710938,135.54867553710938,0
2021-06-03,134.1942901611328,134.1942901611328,134.1942901611328,134.1942901611328,0
2021-06-04,136.1236114501953,136.1236114501953,136.1236114501953,136.1236114501953,0
2021-06-07,136.3671875,136.3671875,136.3671875,136.3671875,0
2021-06-08,136.54257202148438,136.54257202148438,136.54257202148438,136.54257202148438,0
2021-06-09,136.48410034179688,136.48410034179688,136.48410034179688,136.48410034179688,0
2021-06-10,137.85801696777344,137.85801696777344,137.85801696777344,137.85801696777344,0
2021-06-11,138.3647003173828,138.3647003173828,138.3647003173828,138.3647003173828,0
2021-06-14,139.553466796875,139.553466796875,139.553466796875,139.553466796875,0
2021-06-15,138.70578002929688,138.70578002929688,138.70578002929688,138.70578002929688,0
2021-06-16,138.17955017089844,138.17955017089844,138.17955017089844,138.17955017089844,0
2021-06-17,139.90428161621094,139.90428161621094,139.90428161621094,139.90428161621094,0
2021-06-18,138.9493865966797,138.9493865966797,138.9493865966797,138.9493865966797,0
2021-06-21,140.1381072998047,140.1381072998047,140.1381072998047,140.1381072998047,0
2021-06-22,141.56072998046875,141.56072998046875,141.56072998046875,141.56072998046875,0
2021-06-23,141.72564697265625,141.72564697265625,141.72564697265625,141.72564697265625,0
2021-06-24,142.47686767578125,142.47686767578125,142.47686767578125,142.47686767578125,0
2021-06-25,142.5452117919922,142.5452117919922,142.5452117919922,142.5452117919922,0
2021-06-28,143.8135528564453,143.8135528564453,143.8135528564453,143.8135528564453,0
2021-06-29,144.23312377929688,144.23312377929688,144.23312377929688,144.23312377929688,0
2021-06-30,143.89163208007812,143.89163208007812,143.89163208007812,143.89163208007812,0
2021-07-01,144.27212524414062,144.27212524414062,144.27212524414062,144.27212524414062,0
2021-07-02,145.89175415039062,145.89175415039062,145.89175415039062,145.89175415039062,0
2021-07-06,146.73080444335938,146.73080444335938,146.73080444335938,146.73080444335938,0
2021-07-07,147.0527801513672,147.0527801513672,147.0527801513672,147.0527801513672,0
2021-07-08,145.9893035888672,145.9893035888672,145.9893035888672,145.9893035888672,0
2021-07-09,147.21865844726562,147.21865844726562,147.21865844726562,147.21865844726562,0
2021-07-12,147.53086853027344,147.53086853027344,147.53086853027344,147.53086853027344,0
2021-07-13,147.27720642089844,147.27720642089844,147.27720642089844,147.27720642089844,0
2021-07-14,147.42356872558594,147.42356872558594,147.42356872558594,147.42356872558594,0
2021-07-15,146.59422302246094,146.59422302246094,146.59422302246094,146.59422302246094,0
2021-07-16,145.65757751464844,145.65757751464844,145.65757751464844,145.65757751464844,0
2021-07-19,143.89163208007812,143.89163208007812,143.89163208007812,143.89163208007812,0
2021-07-20,146.11614990234375,146.11614990234375,146.11614990234375,146.11614990234375,0
2021-07-21,147.12110900878906,147.12110900878906,147.12110900878906,147.12110900878906,0
2021-07-22,148.16506958007812,148.16506958007812,148.16506958007812,148.16506958007812,0
2021-07-23,150.43836975097656,150.43836975097656,150.43836975097656,150.43836975097656,0
2021-07-26,150.55543518066406,150.55543518066406,150.55543518066406,150.55543518066406,0
2021-07-27,149.1212158203125,149.1212158203125,149.1212158203125,149.1212158203125,0
2021-07-28,149.53099060058594,149.53099060058594,149.53099060058594,149.53099060058594,0
2021-07-29,149.66758728027344,149.66758728027344,149.66758728027344,149.66758728027344,0
2021-07-30,148.6138916015625,148.6138916015625,148.6138916015625,148.6138916015625,0
2021-08-02,148.3601837158203,148.3601837158203,148.3601837158203,148.3601837158203,0
2021-08-03,149.15048217773438,149.15048217773438,149.15048217773438,149.15048217773438,0
2021-08-04,149.38462829589844,149.38462829589844,149.38462829589844,149.38462829589844,0
2021-08-05,150.52615356445312,150.52615356445312,150.52615356445312,150.52615356445312,0
2021-08-06,150.0188446044922,150.0188446044922,150.0188446044922,150.0188446044922,0
2021-08-09,150.028564453125,150.028564453125,150.028564453125,150.028564453125,0
2021-08-10,149.1602020263672,149.1602020263672,149.1602020263672,149.1602020263672,0
2021-08-11,148.9651336669922,148.9651336669922,148.9651336669922,148.9651336669922,0
2021-08-12,149.76513671875,149.76513671875,149.76513671875,149.76513671875,0
2021-08-13,150.17491149902344,150.17491149902344,150.17491149902344,150.17491149902344,0
2021-08-16,150.38955688476562,150.38955688476562,150.38955688476562,150.38955688476562,0
2021-08-17,149.07240295410156,149.07240295410156,149.07240295410156,149.07240295410156,0
2021-08-18,147.75527954101562,147.75527954101562,147.75527954101562,147.75527954101562,0
2021-08-19,148.35044860839844,148.35044860839844,148.35044860839844,148.35044860839844,0
2021-08-20,149.9309844970703,149.9309844970703,149.9309844970703,149.9309844970703,0
2021-08-23,151.75550842285156,151.75550842285156,151.75550842285156,151.75550842285156,0
2021-08-24,152.0774688720703,152.0774688720703,152.0774688720703,152.0774688720703,0
2021-08-25,152.23358154296875,152.23358154296875,152.23358154296875,152.23358154296875,0
2021-08-26,151.36524963378906,151.36524963378906,151.36524963378906,151.36524963378906,0
2021-08-27,152.8287353515625,152.8287353515625,152.8287353515625,152.8287353515625,0
2021-08-30,154.36053466796875,154.36053466796875,154.36053466796875,154.36053466796875,0
2021-08-31,154.01907348632812,154.01907348632812,154.01907348632812,154.01907348632812,0
2021-09-01,154.5068817138672,154.5068817138672,154.5068817138672,154.5068817138672,0
2021-09-02,154.4288787841797,154.4288787841797,154.4288787841797,154.4288787841797,0
2021-09-03,154.9069061279297,154.9069061279297,154.9069061279297,154.9069061279297,0
2021-09-07,155.12156677246094,155.12156677246094,155.12156677246094,155.12156677246094,0
2021-09-08,154.72157287597656,154.72157287597656,154.72157287597656,154.72157287597656,0
2021-09-09,154.21417236328125,154.21417236328125,154.21417236328125,154.21417236328125,0
2021-09-10,152.91656494140625,152.91656494140625,152.91656494140625,152.91656494140625,0
2021-09-13,152.6140899658203,152.6140899658203,152.6140899658203,152.6140899658203,0
2021-09-14,152.40919494628906,152.40919494628906,152.40919494628906,152.40919494628906,0
2021-09-15,153.4921875,153.4921875,153.4921875,153.4921875,0
2021-09-16,153.73611450195312,153.73611450195312,153.73611450195312,153.73611450195312,0
2021-09-17,152.175048828125,152.175048828125,152.175048828125,152.175048828125,0
2021-09-20,149.2383270263672,149.2383270263672,149.2383270263672,149.2383270263672,0
2021-09-21,149.5602264404297,149.5602264404297,149.5602264404297,149.5602264404297,0
2021-09-22,151.092041015625,151.092041015625,151.092041015625,151.092041015625,0
2021-09-23,152.65374755859375,152.65374755859375,152.65374755859375,152.65374755859375,0
2021-09-24,152.83932495117188,152.83932495117188,152.83932495117188,152.83932495117188,0
2021-09-27,151.41336059570312,151.41336059570312,151.41336059570312,151.41336059570312,0
2021-09-28,146.9597625732422,146.9597625732422,146.9597625732422,146.9597625732422,0
2021-09-29,146.77420043945312,146.77420043945312,146.77420043945312,146.77420043945312,0
2021-09-30,145.87567138671875,145.87567138671875,145.87567138671875,145.87567138671875,0
2021-10-01,147.4969024658203,147.4969024658203,147.4969024658203,147.4969024658203,0
2021-10-04,144.22509765625,144.22509765625,144.22509765625,144.22509765625,0
2021-10-05,146.0905303955078,146.0905303955078,146.0905303955078,146.0905303955078,0
2021-10-06,147.1453399658203,147.1453399658203,147.1453399658203,147.1453399658203,0
2021-10-07,148.6005859375,148.6005859375,148.6005859375,148.6005859375,0
2021-10-08,147.89735412597656,147.89735412597656,147.89735412597656,147.89735412597656,0
2021-10-11,146.92071533203125,146.92071533203125,146.92071533203125,146.92071533203125,0
2021-10-12,146.87185668945312,146.87185668945312,146.87185668945312,146.87185668945312,0
2021-10-13,147.91693115234375,147.91693115234375,147.91693115234375,147.91693115234375,0
2021-10-14,150.5441131591797,150.5441131591797,150.5441131591797,150.5441131591797,0
2021-10-15,151.6477508544922,151.6477508544922,151.6477508544922,151.6477508544922,0
2021-10-18,153.1226043701172,153.1226043701172,153.1226043701172,153.1226043701172,0
2021-10-19,154.12855529785156,154.12855529785156,154.12855529785156,154.12855529785156,0
2021-10-20,153.8355712890625,153.8355712890625,153.8355712890625,153.8355712890625,0
2021-10-21,155.07591247558594,155.07591247558594,155.07591247558594,155.07591247558594,0
2021-10-22,154.02110290527344,154.02110290527344,154.02110290527344,154.02110290527344,0
2021-10-25,155.261474609375,155.261474609375,155.261474609375,155.261474609375,0
2021-10-26,155.57398986816406,155.57398986816406,155.57398986816406,155.57398986816406,0
2021-10-27,155.59356689453125,155.59356689453125,155.59356689453125,155.59356689453125,0
2021-10-28,157.2245635986328,157.2245635986328,157.2245635986328,157.2245635986328,0
2021-10-29,157.96685791015625,157.96685791015625,157.96685791015625,157.96685791015625,0
2021-11-01,158.0449981689453,158.0449981689453,158.0449981689453,158.0449981689453,0
2021-11-02,158.49427795410156,158.49427795410156,158.49427795410156,158.49427795410156,0
2021-11-03,159.63693237304688,159.63693237304688,159.63693237304688,159.63693237304688,0
2021-11-04,161.3461151123047,161.3461151123047,161.3461151123047,161.3461151123047,0
2021-11-05,161.60984802246094,161.60984802246094,161.60984802246094,161.60984802246094,0
2021-11-08,161.85398864746094,161.85398864746094,161.85398864746094,161.85398864746094,0
2021-11-09,161.04335021972656,161.04335021972656,161.04335021972656,161.04335021972656,0
2021-11-10,158.6505126953125,158.6505126953125,158.6505126953125,158.6505126953125,0
2021-11-11,158.7482147216797,158.7482147216797,158.7482147216797,158.7482147216797,0
2021-11-12,160.74057006835938,160.74057006835938,160.74057006835938,160.74057006835938,0
2021-11-15,160.67222595214844,160.67222595214844,160.67222595214844,160.67222595214844,0
2021-11-16,162.1763153076172,162.1763153076172,162.1763153076172,162.1763153076172,0
2021-11-17,161.87353515625,161.87353515625,161.87353515625,161.87353515625,0
2021-11-18,163.08462524414062,163.08462524414062,163.08462524414062,163.08462524414062,0
2021-11-19,163.7194366455078,163.7194366455078,163.7194366455078,163.7194366455078,0
2021-11-22,161.46334838867188,161.46334838867188,161.46334838867188,161.46334838867188,0
2021-11-23,160.68203735351562,160.68203735351562,160.68203735351562,160.68203735351562,0
2021-11-24,161.62937927246094,161.62937927246094,161.62937927246094,161.62937927246094,0
2021-11-26,158.16220092773438,158.16220092773438,158.16220092773438,158.16220092773438,0
2021-11-29,161.2777862548828,161.2777862548828,161.2777862548828,161.2777862548828,0
2021-11-30,158.73838806152344,158.73838806152344,158.73838806152344,158.73838806152344,0
2021-12-01,155.70095825195312,155.70095825195312,155.70095825195312,155.70095825195312,0
2021-12-02,157.47854614257812,157.47854614257812,157.47854614257812,157.47854614257812,0
2021-12-03,154.8024139404297,154.8024139404297,154.8024139404297,154.8024139404297,0
2021-12-06,156.32601928710938,156.32601928710938,156.32601928710938,156.32601928710938,0
2021-12-07,160.90663146972656,160.90663146972656,160.90663146972656,160.90663146972656,0
2021-12-08,162.20559692382812,162.20559692382812,162.20559692382812,162.20559692382812,0
2021-12-09,160.04718017578125,160.04718017578125,160.04718017578125,160.04718017578125,0
2021-12-10,161.43402099609375,161.43402099609375,161.43402099609375,161.43402099609375,0
2021-12-13,159.3341827392578,159.3341827392578,159.3341827392578,159.3341827392578,0
2021-12-14,157.1757049560547,157.1757049560547,157.1757049560547,157.1757049560547,0
2021-12-15,160.4768829345703,160.4768829345703,160.4768829345703,160.4768829345703,0
2021-12-16,156.81436157226562,156.81436157226562,156.81436157226562,156.81436157226562,0
2021-12-17,156.2381591796875,156.2381591796875,156.2381591796875,156.2381591796875,0
2021-12-20,154.29458618164062,154.29458618164062,154.29458618164062,154.29458618164062,0
2021-12-21,158.0547637939453,158.0547637939453,158.0547637939453,158.0547637939453,0
2021-12-22,160.09596252441406,160.09596252441406,160.09596252441406,160.09596252441406,0
2021-12-23,161.20907592773438,161.20907592773438,161.20907592773438,161.20907592773438,0
2021-12-27,163.69342041015625,163.69342041015625,163.69342041015625,163.69342041015625,0
2021-12-28,162.90115356445312,162.90115356445312,162.90115356445312,162.90115356445312,0
2021-12-29,162.95004272460938,162.95004272460938,162.95004272460938,162.95004272460938,0
2021-12-30,162.4707794189453,162.4707794189453,162.4707794189453,162.4707794189453,0
2021-12-31,161.53179931640625,161.53179931640625,161.53179931640625,161.53179931640625,0
2022-01-03,162.63710021972656,162.63710021972656,162.63710021972656,162.63710021972656,0
2022-01-04,160.55372619628906,160.55372619628906,160.55372619628906,160.55372619628906,0
2022-01-05,155.2720184326172,155.2720184326172,155.2720184326172,155.2720184326172,0
2022-01-06,154.85145568847656,154.85145568847656,154.85145568847656,154.85145568847656,0
2022-01-07,153.09091186523438,153.09091186523438,153.09091186523438,153.09091186523438,0
2022-01-10,152.87570190429688,152.87570190429688,152.87570190429688,152.87570190429688,0
2022-01-11,154.74386596679688,154.74386596679688,154.74386596679688,154.74386596679688,0
2022-01-12,155.4090118408203,155.4090118408203,155.4090118408203,155.4090118408203,0
2022-01-13,151.27166748046875,151.27166748046875,151.27166748046875,151.27166748046875,0
2022-01-14,151.59442138671875,151.59442138671875,151.59442138671875,151.59442138671875,0
2022-01-18,148.0439453125,148.0439453125,148.0439453125,148.0439453125,0
2022-01-19,146.54750061035156,146.54750061035156,146.54750061035156,146.54750061035156,0
2022-01-20,144.7184295654297,144.7184295654297,144.7184295654297,144.7184295654297,0
2022-01-21,140.8061065673828,140.8061065673828,140.8061065673828,140.8061065673828,0
2022-01-24,141.65701293945312,141.65701293945312,141.65701293945312,141.65701293945312,0
2022-01-25,138.175048828125,138.175048828125,138.175048828125,138.175048828125,0
2022-01-26,138.14569091796875,138.14569091796875,138.14569091796875,138.14569091796875,0
2022-01-27,136.9230499267578,136.9230499267578,136.9230499267578,136.9230499267578,0
2022-01-28,141.94064331054688,141.94064331054688,141.94064331054688,141.94064331054688,0
2022-01-31,146.4202880859375,146.4202880859375,146.4202880859375,146.4202880859375,0
2022-02-01,147.53533935546875,147.53533935546875,147.53533935546875,147.53533935546875,0
2022-02-02,148.57211303710938,148.57211303710938,148.57211303710938,148.57211303710938,0
2022-02-03,142.71334838867188,142.71334838867188,142.71334838867188,142.71334838867188,0
2022-02-04,144.80648803710938,144.80648803710938,144.80648803710938,144.80648803710938,0
2022-02-07,143.66209411621094,143.66209411621094,143.66209411621094,143.66209411621094,0
2022-02-08,145.04119873046875,145.04119873046875,145.04119873046875,145.04119873046875,0
2022-02-09,148.12220764160156,148.12220764160156,148.12220764160156,148.12220764160156,0
2022-02-10,145.06077575683594,145.06077575683594,145.06077575683594,145.06077575683594,0
2022-02-11,140.85498046875,140.85498046875,140.85498046875,140.85498046875,0
2022-02-14,140.93324279785156,140.93324279785156,140.93324279785156,140.93324279785156,0
2022-02-15,144.13157653808594,144.13157653808594,144.13157653808594,144.13157653808594,0
2022-02-16,143.9261932373047,143.9261932373047,143.9261932373047,143.9261932373047,0
2022-02-17,139.6715087890625,139.6715087890625,139.6715087890625,139.6715087890625,0
2022-02-18,138.0576171875,138.0576171875,138.0576171875,138.0576171875,0
2022-02-22,136.16993713378906,136.16993713378906,136.16993713378906,136.16993713378906,0
2022-02-23,132.6976776123047,132.6976776123047,132.6976776123047,132.6976776123047,0
2022-02-24,137.3142852783203,137.3142852783203,137.3142852783203,137.3142852783203,0
2022-02-25,139.41717529296875,139.41717529296875,139.41717529296875,139.41717529296875,0
2022-02-28,139.65191650390625,139.65191650390625,139.65191650390625,139.65191650390625,0
2022-03-01,137.53921508789062,137.53921508789062,137.53921508789062,137.53921508789062,0
2022-03-02,139.7204132080078,139.7204132080078,139.7204132080078,139.7204132080078,0
2022-03-03,137.54901123046875,137.54901123046875,137.54901123046875,137.54901123046875,0
2022-03-04,135.23095703125,135.23095703125,135.23095703125,135.23095703125,0
2022-03-07,129.82208251953125,129.82208251953125,129.82208251953125,129.82208251953125,0
2022-03-08,129.25479125976562,129.25479125976562,129.25479125976562,129.25479125976562,0
2022-03-09,134.18438720703125,134.18438720703125,134.18438720703125,134.18438720703125,0
2022-03-10,133.0204620361328,133.0204620361328,133.0204620361328,133.0204620361328,0
2022-03-11,130.3209228515625,130.3209228515625,130.3209228515625,130.3209228515625,0
2022-03-14,128.00282287597656,128.00282287597656,128.00282287597656,128.00282287597656,0
2022-03-15,132.0032501220703,132.0032501220703,132.0032501220703,132.0032501220703,0
2022-03-16,136.6785125732422,136.6785125732422,136.6785125732422,136.6785125732422,0
2022-03-17,138.56622314453125,138.56622314453125,138.56622314453125,138.56622314453125,0
2022-03-18,141.64724731445312,141.64724731445312,141.64724731445312,141.64724731445312,0
2022-03-21,140.9038543701172,140.9038543701172,140.9038543701172,140.9038543701172,0
2022-03-22,143.51910400390625,143.51910400390625,143.51910400390625,143.51910400390625,0
2022-03-23,141.40420532226562,141.40420532226562,141.40420532226562,141.40420532226562,0
2022-03-24,144.0771942138672,144.0771942138672,144.0771942138672,144.0771942138672,0
2022-03-25,143.87159729003906,143.87159729003906,143.87159729003906,143.87159729003906,0
2022-03-28,146.18228149414062,146.18228149414062,146.18228149414062,146.18228149414062,0
2022-03-29,149.05111694335938,149.05111694335938,149.05111694335938,149.05111694335938,0
2022-03-30,147.2985076904297,147.2985076904297,147.2985076904297,147.2985076904297,0
2022-03-31,144.9192352294922,144.9192352294922,144.9192352294922,144.9192352294922,0
2022-04-01,145.39903259277344,145.39903259277344,145.39903259277344,145.39903259277344,0
2022-04-04,148.13075256347656,148.13075256347656,148.13075256347656,148.13075256347656,0
2022-04-05,145.18360900878906,145.18360900878906,145.18360900878906,145.18360900878906,0
2022-04-06,141.77626037597656,141.77626037597656,141.77626037597656,141.77626037597656,0
2022-04-07,142.20709228515625,142.20709228515625,142.20709228515625,142.20709228515625,0
2022-04-08,140.53280639648438,140.53280639648438,140.53280639648438,140.53280639648438,0
2022-04-11,137.23316955566406,137.23316955566406,137.23316955566406,137.23316955566406,0
2022-04-12,136.57716369628906,136.57716369628906,136.57716369628906,136.57716369628906,0
2022-04-13,139.1522216796875,139.1522216796875,139.1522216796875,139.1522216796875,0
2022-04-14,136.21487426757812,136.21487426757812,136.21487426757812,136.21487426757812,0
2022-04-18,135.99949645996094,135.99949645996094,135.99949645996094,135.99949645996094,0
2022-04-19,139.06414794921875,139.06414794921875,139.06414794921875,139.06414794921875,0
2022-04-20,137.5366668701172,137.5366668701172,137.5366668701172,137.5366668701172,0
2022-04-21,134.6776580810547,134.6776580810547,134.6776580810547,134.6776580810547,0
2022-04-22,130.81991577148438,130.81991577148438,130.81991577148438,130.81991577148438,0
2022-04-25,132.46482849121094,132.46482849121094,132.46482849121094,132.46482849121094,0
2022-04-26,127.2657470703125,127.2657470703125,127.2657470703125,127.2657470703125,0
2022-04-27,127.55948638916016,127.55948638916016,127.55948638916016,127.55948638916016,0
2022-04-28,132.0144805908203,132.0144805908203,132.0144805908203,132.0144805908203,0
2022-04-29,126.32581329345703,126.32581329345703,126.32581329345703,126.32581329345703,0
2022-05-02,127.8825912475586,127.8825912475586,127.8825912475586,127.8825912475586,0
2022-05-03,127.85322570800781,127.85322570800781,127.85322570800781,127.85322570800781,0
2022-05-04,132.0046844482422,132.0046844482422,132.0046844482422,132.0046844482422,0
2022-05-05,125.3368911743164,125.3368911743164,125.3368911743164,125.3368911743164,0
2022-05-06,123.66260528564453,123.66260528564453,123.66260528564453,123.66260528564453,0
2022-05-09,118.17951965332031,118.17951965332031,118.17951965332031,118.17951965332031,0
2022-05-10,119.19780731201172,119.19780731201172,119.19780731201172,119.19780731201172,0
2022-05-11,115.65340423583984,115.65340423583984,115.65340423583984,115.65340423583984,0
2022-05-12,115.50653076171875,115.50653076171875,115.50653076171875,115.50653076171875,0
2022-05-13,119.8734130859375,119.8734130859375,119.8734130859375,119.8734130859375,0
2022-05-16,118.28722381591797,118.28722381591797,118.28722381591797,118.28722381591797,0
2022-05-17,121.16584014892578,121.16584014892578,121.16584014892578,121.16584014892578,0
2022-05-18,115.44776916503906,115.44776916503906,115.44776916503906,115.44776916503906,0
2022-05-19,115.40862274169922,115.40862274169922,115.40862274169922,115.40862274169922,0
2022-05-20,115.21280670166016,115.21280670166016,115.21280670166016,115.21280670166016,0
2022-05-23,117.34728240966797,117.34728240966797,117.34728240966797,117.34728240966797,0
2022-05-24,114.60575866699219,114.60575866699219,114.60575866699219,114.60575866699219,0
2022-05-25,116.15274810791016,116.15274810791016,116.15274810791016,116.15274810791016,0
2022-05-26,119.33488464355469,119.33488464355469,119.33488464355469,119.33488464355469,0
2022-05-27,123.49612426757812,123.49612426757812,123.49612426757812,123.49612426757812,0
2022-05-31,122.84992218017578,122.84992218017578,122.84992218017578,122.84992218017578,0
2022-06-01,121.92957305908203,121.92957305908203,121.92957305908203,121.92957305908203,0
2022-06-02,125.70893859863281,125.70893859863281,125.70893859863281,125.70893859863281,0
2022-06-03,122.57576751708984,122.57576751708984,122.57576751708984,122.57576751708984,0
2022-06-06,123.08491516113281,123.08491516113281,123.08491516113281,123.08491516113281,0
2022-06-07,124.17173767089844,124.17173767089844,124.17173767089844,124.17173767089844,0
2022-06-08,123.19261169433594,123.19261169433594,123.19261169433594,123.19261169433594,0
2022-06-09,119.86361694335938,119.86361694335938,119.86361694335938,119.86361694335938,0
2022-06-10,115.31070709228516,115.31070709228516,115.31070709228516,115.31070709228516,0
2022-06-13,110.02348327636719,110.02348327636719,110.02348327636719,110.02348327636719,0
2022-06-14,110.06263732910156,110.06263732910156,110.06263732910156,110.06263732910156,0
2022-06-15,112.82376861572266,112.82376861572266,112.82376861572266,112.82376861572266,0
2022-06-16,108.34918212890625,108.34918212890625,108.34918212890625,108.34918212890625,0
2022-06-17,109.59265899658203,109.59265899658203,109.59265899658203,109.59265899658203,0
2022-06-21,112.30480194091797,112.30480194091797,112.30480194091797,112.30480194091797,0
2022-06-22,112.33618927001953,112.33618927001953,112.33618927001953,112.33618927001953,0
2022-06-23,114.41487121582031,114.41487121582031,114.41487121582031,114.41487121582031,0
2022-06-24,118.53297424316406,118.53297424316406,118.53297424316406,118.53297424316406,0
2022-06-27,117.46422576904297,117.46422576904297,117.46422576904297,117.46422576904297,0
2022-06-28,113.70889282226562,113.70889282226562,113.70889282226562,113.70889282226562,0
2022-06-29,113.9442367553711,113.9442367553711,113.9442367553711,113.9442367553711,0
2022-06-30,112.42444610595703,112.42444610595703,112.42444610595703,112.42444610595703,0
2022-07-01,113.62065124511719,113.62065124511719,113.62065124511719,113.62065124511719,0
2022-07-05,115.55224609375,115.55224609375,115.55224609375,115.55224609375,0
2022-07-06,116.13074493408203,116.13074493408203,116.13074493408203,116.13074493408203,0
2022-07-07,118.51337432861328,118.51337432861328,118.51337432861328,118.51337432861328,0
2022-07-08,118.4937515258789,118.4937515258789,118.4937515258789,118.4937515258789,0
2022-07-11,116.29742431640625,116.29742431640625,116.29742431640625,116.29742431640625,0
2022-07-12,114.74822998046875,114.74822998046875,114.74822998046875,114.74822998046875,0
2022-07-13,114.45409393310547,114.45409393310547,114.45409393310547,114.45409393310547,0
2022-07-14,114.60116577148438,114.60116577148438,114.60116577148438,114.60116577148438,0
2022-07-15,116.73866271972656,116.73866271972656,116.73866271972656,116.73866271972656,0
2022-07-18,115.74835205078125,115.74835205078125,115.74835205078125,115.74835205078125,0
2022-07-19,119.4350357055664,119.4350357055664,119.4350357055664,119.4350357055664,0
2022-07-20,121.2979965209961,121.2979965209961,121.2979965209961,121.2979965209961,0
2022-07-21,123.22958374023438,123.22958374023438,123.22958374023438,123.22958374023438,0
2022-07-22,121.02344512939453,121.02344512939453,121.02344512939453,121.02344512939453,0
2022-07-25,120.37631225585938,120.37631225585938,120.37631225585938,120.37631225585938,0
2022-07-26,117.92506408691406,117.92506408691406,117.92506408691406,117.92506408691406,0
2022-07-27,122.77854919433594,122.77854919433594,122.77854919433594,122.77854919433594,0
2022-07-28,124.67093658447266,124.67093658447266,124.67093658447266,124.67093658447266,0
2022-07-29,127.18102264404297,127.18102264404297,127.18102264404297,127.18102264404297,0
2022-08-01,126.97511291503906,126.97511291503906,126.97511291503906,126.97511291503906,0
2022-08-02,126.51427459716797,126.51427459716797,126.51427459716797,126.51427459716797,0
2022-08-03,129.68130493164062,129.68130493164062,129.68130493164062,129.68130493164062,0
2022-08-04,130.2989959716797,130.2989959716797,130.2989959716797,130.2989959716797,0
2022-08-05,129.6616973876953,129.6616973876953,129.6616973876953,129.6616973876953,0
2022-08-08,129.3282928466797,129.3282928466797,129.3282928466797,129.3282928466797,0
2022-08-09,127.91637420654297,127.91637420654297,127.91637420654297,127.91637420654297,0
2022-08-10,131.73057556152344,131.73057556152344,131.73057556152344,131.73057556152344,0
2022-08-11,130.91673278808594,130.91673278808594,130.91673278808594,130.91673278808594,0
2022-08-12,133.55426025390625,133.55426025390625,133.55426025390625,133.55426025390625,0
2022-08-15,134.4171142578125,134.4171142578125,134.4171142578125,134.4171142578125,0
2022-08-16,134.28968811035156,134.28968811035156,134.28968811035156,134.28968811035156,0
2022-08-17,132.9659881591797,132.9659881591797,132.9659881591797,132.9659881591797,0
2022-08-18,133.09347534179688,133.09347534179688,133.09347534179688,133.09347534179688,0
2022-08-19,130.47549438476562,130.47549438476562,130.47549438476562,130.47549438476562,0
2022-08-22,127.12215423583984,127.12215423583984,127.12215423583984,127.12215423583984,0
2022-08-23,126.79864501953125,126.79864501953125,126.79864501953125,126.79864501953125,0
2022-08-24,127.23986053466797,127.23986053466797,127.23986053466797,127.23986053466797,0
2022-08-25,129.40676879882812,129.40676879882812,129.40676879882812,129.40676879882812,0
2022-08-26,124.17086029052734,124.17086029052734,124.17086029052734,124.17086029052734,0
2022-08-29,122.94522094726562,122.94522094726562,122.94522094726562,122.94522094726562,0
2022-08-30,121.66078186035156,121.66078186035156,121.66078186035156,121.66078186035156,0
2022-08-31,120.79792785644531,120.79792785644531,120.79792785644531,120.79792785644531,0
2022-09-01,120.81755065917969,120.81755065917969,120.81755065917969,120.81755065917969,0
2022-09-02,119.26834869384766,119.26834869384766,119.26834869384766,119.26834869384766,0
2022-09-06,118.70947265625,118.70947265625,118.70947265625,118.70947265625,0
2022-09-07,121.2979965209961,121.2979965209961,121.2979965209961,121.2979965209961,0
2022-09-08,122.11181640625,122.11181640625,122.11181640625,122.11181640625,0
2022-09-09,124.60230255126953,124.60230255126953,124.60230255126953,124.60230255126953,0
2022-09-12,126.20050811767578,126.20050811767578,126.20050811767578,126.20050811767578,0
2022-09-13,119.67034912109375,119.67034912109375,119.67034912109375,119.67034912109375,0
2022-09-14,120.44495391845703,120.44495391845703,120.44495391845703,120.44495391845703,0
2022-09-15,118.42510986328125,118.42510986328125,118.42510986328125,118.42510986328125,0
2022-09-16,117.31715393066406,117.31715393066406,117.31715393066406,117.31715393066406,0
2022-09-19,118.1897964477539,118.1897964477539,118.1897964477539,118.1897964477539,0
2022-09-20,116.99358367919922,116.99358367919922,116.99358367919922,116.99358367919922,0
2022-09-21,114.84628295898438,114.84628295898438,114.84628295898438,114.84628295898438,0
2022-09-22,113.28240966796875,113.28240966796875,113.28240966796875,113.28240966796875,0
2022-09-23,111.4454574584961,111.4454574584961,111.4454574584961,111.4454574584961,0
2022-09-26,110.68904876708984,110.68904876708984,110.68904876708984,110.68904876708984,0
2022-09-27,110.75782775878906,110.75782775878906,110.75782775878906,110.75782775878906,0
2022-09-28,112.92877960205078,112.92877960205078,112.92877960205078,112.92877960205078,0
2022-09-29,109.96212768554688,109.96212768554688,109.96212768554688,109.96212768554688,0
2022-09-30,108.15462493896484,108.15462493896484,108.15462493896484,108.15462493896484,0
2022-10-03,110.70870208740234,110.70870208740234,110.70870208740234,110.70870208740234,0
2022-10-04,114.40227508544922,114.40227508544922,114.40227508544922,114.40227508544922,0
2022-10-05,114.2942123413086,114.2942123413086,114.2942123413086,114.2942123413086,0
2022-10-06,113.47886657714844,113.47886657714844,113.47886657714844,113.47886657714844,0
2022-10-07,109.25485229492188,109.25485229492188,109.25485229492188,109.25485229492188,0
2022-10-10,108.04657745361328,108.04657745361328,108.04657745361328,108.04657745361328,0
2022-10-11,106.60255432128906,106.60255432128906,106.60255432128906,106.60255432128906,0
2022-10-12,106.44538879394531,106.44538879394531,106.44538879394531,106.44538879394531,0
2022-10-13,108.74402618408203,108.74402618408203,108.74402618408203,108.74402618408203,0
2022-10-14,105.38445281982422,105.38445281982422,105.38445281982422,105.38445281982422,0
2022-10-17,109.17626190185547,109.17626190185547,109.17626190185547,109.17626190185547,0
2022-10-18,110.30595397949219,110.30595397949219,110.30595397949219,110.30595397949219,0
2022-10-19,109.55936431884766,109.55936431884766,109.55936431884766,109.55936431884766,0
2022-10-20,108.78333282470703,108.78333282470703,108.78333282470703,108.78333282470703,0
2022-10-21,111.19004821777344,111.19004821777344,111.19004821777344,111.19004821777344,0
2022-10-24,112.27059936523438,112.27059936523438,112.27059936523438,112.27059936523438,0
2022-10-25,114.9327392578125,114.9327392578125,114.9327392578125,114.9327392578125,0
2022-10-26,112.47689819335938,112.47689819335938,112.47689819335938,112.47689819335938,0
2022-10-27,110.86587524414062,110.86587524414062,110.86587524414062,110.86587524414062,0
2022-10-28,113.88162231445312,113.88162231445312,113.88162231445312,113.88162231445312,0
2022-10-31,112.63407897949219,112.63407897949219,112.63407897949219,112.63407897949219,0
2022-11-01,111.51421356201172,111.51421356201172,111.51421356201172,111.51421356201172,0
2022-11-02,107.48665618896484,107.48665618896484,107.48665618896484,107.48665618896484,0
2022-11-03,105.39429473876953,105.39429473876953,105.39429473876953,105.39429473876953,0
2022-11-04,106.73026275634766,106.73026275634766,106.73026275634766,106.73026275634766,0
2022-11-07,107.80099487304688,107.80099487304688,107.80099487304688,107.80099487304688,0
2022-11-08,108.39039611816406,108.39039611816406,108.39039611816406,108.39039611816406,0
2022-11-09,105.6398696899414,105.6398696899414,105.6398696899414,105.6398696899414,0
2022-11-10,114.04861450195312,114.04861450195312,114.04861450195312,114.04861450195312,0
2022-11-11,116.29816436767578,116.29816436767578,116.29816436767578,116.29816436767578,0
2022-11-14,114.86396026611328,114.86396026611328,114.86396026611328,114.86396026611328,0
2022-11-15,116.5535888671875,116.5535888671875,116.5535888671875,116.5535888671875,0
2022-11-16,115.21759796142578,115.21759796142578,115.21759796142578,115.21759796142578,0
2022-11-17,114.38262939453125,114.38262939453125,114.38262939453125,114.38262939453125,0
2022-11-18,114.4317398071289,114.4317398071289,114.4317398071289,114.4317398071289,0
2022-11-21,113.27259063720703,113.27259063720703,113.27259063720703,113.27259063720703,0
2022-11-22,114.90326690673828,114.90326690673828,114.90326690673828,114.90326690673828,0
2022-11-23,116.11152648925781,116.11152648925781,116.11152648925781,116.11152648925781,0
2022-11-25,115.6596450805664,115.6596450805664,115.6596450805664,115.6596450805664,0
2022-11-28,113.70481872558594,113.70481872558594,113.70481872558594,113.70481872558594,0
2022-11-29,112.86983489990234,112.86983489990234,112.86983489990234,112.86983489990234,0
2022-11-30,117.9877700805664,117.9877700805664,117.9877700805664,117.9877700805664,0
2022-12-01,118.20388793945312,118.20388793945312,118.20388793945312,118.20388793945312,0
2022-12-02,117.90918731689453,117.90918731689453,117.90918731689453,117.90918731689453,0
2022-12-05,115.51231384277344,115.51231384277344,115.51231384277344,115.51231384277344,0
2022-12-06,113.11541748046875,113.11541748046875,113.11541748046875,113.11541748046875,0
2022-12-07,112.66353607177734,112.66353607177734,112.66353607177734,112.66353607177734,0
2022-12-08,113.9307632446289,113.9307632446289,113.9307632446289,113.9307632446289,0
2022-12-09,113.17434692382812,113.17434692382812,113.17434692382812,113.17434692382812,0
2022-12-12,114.85413360595703,114.85413360595703,114.85413360595703,114.85413360595703,0
2022-12-13,116.2686996459961,116.2686996459961,116.2686996459961,116.2686996459961,0
2022-12-14,115.3944091796875,115.3944091796875,115.3944091796875,115.3944091796875,0
2022-12-15,111.64190673828125,111.64190673828125,111.64190673828125,111.64190673828125,0
2022-12-16,110.1978759765625,110.1978759765625,110.1978759765625,110.1978759765625,0
2022-12-19,108.47882843017578,108.47882843017578,108.47882843017578,108.47882843017578,0
2022-12-20,108.5082778930664,108.5082778930664,108.5082778930664,108.5082778930664,0
2022-12-21,110.25847625732422,110.25847625732422,110.25847625732422,110.25847625732422,0
2022-12-22,107.86648559570312,107.86648559570312,107.86648559570312,107.86648559570312,0
2022-12-23,108.27006530761719,108.27006530761719,108.27006530761719,108.27006530761719,0
2022-12-27,107.00023651123047,107.00023651123047,107.00023651123047,107.00023651123047,0
2022-12-28,105.60243225097656,105.60243225097656,105.60243225097656,105.60243225097656,0
2022-12-29,108.29959869384766,108.29959869384766,108.29959869384766,108.29959869384766,0
2022-12-30,108.0042953491211,108.0042953491211,108.0042953491211,108.0042953491211,0
2023-01-03,107.25617218017578,107.25617218017578,107.25617218017578,107.25617218017578,0
2023-01-04,107.94523620605469,107.94523620605469,107.94523620605469,107.94523620605469,0
2023-01-05,106.02571105957031,106.02571105957031,106.02571105957031,106.02571105957031,0
2023-01-06,108.56536865234375,108.56536865234375,108.56536865234375,108.56536865234375,0
2023-01-09,109.43160247802734,109.43160247802734,109.43160247802734,109.43160247802734,0
2023-01-10,110.44551849365234,110.44551849365234,110.44551849365234,110.44551849365234,0
2023-01-11,112.69969177246094,112.69969177246094,112.69969177246094,112.69969177246094,0
2023-01-12,113.30015563964844,113.30015563964844,113.30015563964844,113.30015563964844,0
2023-01-13,114.04827880859375,114.04827880859375,114.04827880859375,114.04827880859375,0
2023-01-17,114.36327362060547,114.36327362060547,114.36327362060547,114.36327362060547,0
2023-01-18,112.9654769897461,112.9654769897461,112.9654769897461,112.9654769897461,0
2023-01-19,111.98111724853516,111.98111724853516,111.98111724853516,111.98111724853516,0
2023-01-20,115.07202911376953,115.07202911376953,115.07202911376953,115.07202911376953,0
2023-01-23,117.12934112548828,117.12934112548828,117.12934112548828,117.12934112548828,0
2023-01-24,116.76513671875,116.76513671875,116.76513671875,116.76513671875,0
2023-01-25,116.47965240478516,116.47965240478516,116.47965240478516,116.47965240478516,0
2023-01-26,118.40901184082031,118.40901184082031,118.40901184082031,118.40901184082031,0
2023-01-27,119.48196411132812,119.48196411132812,119.48196411132812,119.48196411132812,0
2023-01-30,117.2474594116211,117.2474594116211,117.2474594116211,117.2474594116211,0
2023-01-31,119.20632934570312,119.20632934570312,119.20632934570312,119.20632934570312,0
2023-02-01,121.49005126953125,121.49005126953125,121.49005126953125,121.49005126953125,0
2023-02-02,125.24048614501953,125.24048614501953,125.24048614501953,125.24048614501953,0
2023-02-03,123.23238372802734,123.23238372802734,123.23238372802734,123.23238372802734,0
2023-02-06,122.09051513671875,122.09051513671875,122.09051513671875,122.09051513671875,0
2023-02-07,124.41362762451172,124.41362762451172,124.41362762451172,124.41362762451172,0
2023-02-08,122.5630111694336,122.5630111694336,122.5630111694336,122.5630111694336,0
2023-02-09,121.4014663696289,121.4014663696289,121.4014663696289,121.4014663696289,0
2023-02-10,120.65335845947266,120.65335845947266,120.65335845947266,120.65335845947266,0
2023-02-13,122.47441864013672,122.47441864013672,122.47441864013672,122.47441864013672,0
2023-02-14,123.14378356933594,123.14378356933594,123.14378356933594,123.14378356933594,0
2023-02-15,124.13800048828125,124.13800048828125,124.13800048828125,124.13800048828125,0
2023-02-16,121.75585174560547,121.75585174560547,121.75585174560547,121.75585174560547,0
2023-02-17,120.73210906982422,120.73210906982422,120.73210906982422,120.73210906982422,0
2023-02-21,117.77901458740234,117.77901458740234,117.77901458740234,117.77901458740234,0
2023-02-22,117.85774993896484,117.85774993896484,117.85774993896484,117.85774993896484,0
2023-02-23,118.81258392333984,118.81258392333984,118.81258392333984,118.81258392333984,0
2023-02-24,116.82418060302734,116.82418060302734,116.82418060302734,116.82418060302734,0
2023-02-27,117.60184478759766,117.60184478759766,117.60184478759766,117.60184478759766,0
2023-02-28,117.48369598388672,117.48369598388672,117.48369598388672,117.48369598388672,0
2023-03-01,116.53870391845703,116.53870391845703,116.53870391845703,116.53870391845703,0
2023-03-02,117.7101058959961,117.7101058959961,117.7101058959961,117.7101058959961,0
2023-03-03,120.1414794921875,120.1414794921875,120.1414794921875,120.1414794921875,0
2023-03-06,120.27928924560547,120.27928924560547,120.27928924560547,120.27928924560547,0
2023-03-07,118.64525604248047,118.64525604248047,118.64525604248047,118.64525604248047,0
2023-03-08,119.1275863647461,119.1275863647461,119.1275863647461,119.1275863647461,0
2023-03-09,116.95214080810547,116.95214080810547,116.95214080810547,116.95214080810547,0
2023-03-10,114.88497161865234,114.88497161865234,114.88497161865234,114.88497161865234,0
2023-03-13,115.63310241699219,115.63310241699219,115.63310241699219,115.63310241699219,0
2023-03-14,118.16291809082031,118.16291809082031,118.16291809082031,118.16291809082031,0
2023-03-15,118.15306091308594,118.15306091308594,118.15306091308594,118.15306091308594,0
2023-03-16,121.05694580078125,121.05694580078125,121.05694580078125,121.05694580078125,0
2023-03-17,120.37773132324219,120.37773132324219,120.37773132324219,120.37773132324219,0
2023-03-20,120.75177764892578,120.75177764892578,120.75177764892578,120.75177764892578,0
2023-03-21,122.68113708496094,122.68113708496094,122.68113708496094,122.68113708496094,0
2023-03-22,120.84504699707031,120.84504699707031,120.84504699707031,120.84504699707031,0
2023-03-23,122.03822326660156,122.03822326660156,122.03822326660156,122.03822326660156,0
2023-03-24,122.35375213623047,122.35375213623047,122.35375213623047,122.35375213623047,0
2023-03-27,121.79168701171875,121.79168701171875,121.79168701171875,121.79168701171875,0
2023-03-28,121.29865264892578,121.29865264892578,121.29865264892578,121.29865264892578,0
2023-03-29,123.34970092773438,123.34970092773438,123.34970092773438,123.34970092773438,0
2023-03-30,124.35552978515625,124.35552978515625,124.35552978515625,124.35552978515625,0
2023-03-31,126.62353515625,126.62353515625,126.62353515625,126.62353515625,0
2023-04-03,126.49532318115234,126.49532318115234,126.49532318115234,126.49532318115234,0
2023-04-04,126.12061309814453,126.12061309814453,126.12061309814453,126.12061309814453,0
2023-04-05,124.75979614257812,124.75979614257812,124.75979614257812,124.75979614257812,0
2023-04-06,125.57826232910156,125.57826232910156,125.57826232910156,125.57826232910156,0
2023-04-10,125.4402084350586,125.4402084350586,125.4402084350586,125.4402084350586,0
2023-04-11,124.91758728027344,124.91758728027344,124.91758728027344,124.91758728027344,0
2023-04-12,124.15829467773438,124.15829467773438,124.15829467773438,124.15829467773438,0
2023-04-13,126.66294860839844,126.66294860839844,126.66294860839844,126.66294860839844,0
2023-04-14,126.29810333251953,126.29810333251953,126.29810333251953,126.29810333251953,0
2023-04-17,126.52490997314453,126.52490997314453,126.52490997314453,126.52490997314453,0
2023-04-18,126.67282104492188,126.67282104492188,126.67282104492188,126.67282104492188,0
2023-04-19,126.80103302001953,126.80103302001953,126.80103302001953,126.80103302001953,0
2023-04-20,125.99242401123047,125.99242401123047,125.99242401123047,125.99242401123047,0
2023-04-21,126.16991424560547,126.16991424560547,126.16991424560547,126.16991424560547,0
2023-04-24,125.96283721923828,125.96283721923828,125.96283721923828,125.96283721923828,0
2023-04-25,123.34970092773438,123.34970092773438,123.34970092773438,123.34970092773438,0
2023-04-26,123.970947265625,123.970947265625,123.970947265625,123.970947265625,0
2023-04-27,126.978515625,126.978515625,126.978515625,126.978515625,0
2023-04-28,127.93501281738281,127.93501281738281,127.93501281738281,127.93501281738281,0
2023-05-01,127.7476806640625,127.7476806640625,127.7476806640625,127.7476806640625,0
2023-05-02,126.61363983154297,126.61363983154297,126.61363983154297,126.61363983154297,0
2023-05-03,125.95296478271484,125.95296478271484,125.95296478271484,125.95296478271484,0
2023-05-04,125.3514633178711,125.3514633178711,125.3514633178711,125.3514633178711,0
2023-05-05,127.97445678710938,127.97445678710938,127.97445678710938,127.97445678710938,0
2023-05-08,128.30970764160156,128.30970764160156,128.30970764160156,128.30970764160156,0
2023-05-09,127.70821380615234,127.70821380615234,127.70821380615234,127.70821380615234,0
2023-05-10,129.05914306640625,129.05914306640625,129.05914306640625,129.05914306640625,0
2023-05-11,129.15774536132812,129.15774536132812,129.15774536132812,129.15774536132812,0
2023-05-12,128.7830352783203,128.7830352783203,128.7830352783203,128.7830352783203,0
2023-05-15,129.226806640625,129.226806640625,129.226806640625,129.226806640625,0
2023-05-16,129.03939819335938,129.03939819335938,129.03939819335938,129.03939819335938,0
2023-05-17,130.64675903320312,130.64675903320312,130.64675903320312,130.64675903320312,0
2023-05-18,132.70767211914062,132.70767211914062,132.70767211914062,132.70767211914062,0
2023-05-19,132.32308959960938,132.32308959960938,132.32308959960938,132.32308959960938,0
2023-05-22,132.6781005859375,132.6781005859375,132.6781005859375,132.6781005859375,0
2023-05-23,130.57769775390625,130.57769775390625,130.57769775390625,130.57769775390625,0
2023-05-24,129.93678283691406,129.93678283691406,129.93678283691406,129.93678283691406,0
2023-05-25,132.3822479248047,132.3822479248047,132.3822479248047,132.3822479248047,0
2023-05-26,134.8967742919922,134.8967742919922,134.8967742919922,134.8967742919922,0
2023-05-30,135.31097412109375,135.31097412109375,135.31097412109375,135.31097412109375,0
2023-05-31,134.4431915283203,134.4431915283203,134.4431915283203,134.4431915283203,0
2023-06-01,136.20831298828125,136.20831298828125,136.20831298828125,136.20831298828125,0
2023-06-02,137.6381378173828,137.6381378173828,137.6381378173828,137.6381378173828,0
2023-06-05,137.5395050048828,137.5395050048828,137.5395050048828,137.5395050048828,0
2023-06-06,137.75645446777344,137.75645446777344,137.75645446777344,137.75645446777344,0
2023-06-07,135.6560821533203,135.6560821533203,135.6560821533203,135.6560821533203,0
2023-06-08,137.0267333984375,137.0267333984375,137.0267333984375,137.0267333984375,0
2023-06-09,137.4113006591797,137.4113006591797,137.4113006591797,137.4113006591797,0
2023-06-12,139.4229278564453,139.4229278564453,139.4229278564453,139.4229278564453,0
2023-06-13,140.3892822265625,140.3892822265625,140.3892822265625,140.3892822265625,0
2023-06-14,141.09927368164062,141.09927368164062,141.09927368164062,141.09927368164062,0
2023-06-15,142.9827117919922,142.9827117919922,142.9827117919922,142.9827117919922,0
2023-06-16,142.05580139160156,142.05580139160156,142.05580139160156,142.05580139160156,0
2023-06-20,141.77964782714844,141.77964782714844,141.77964782714844,141.77964782714844,0
2023-06-21,140.33010864257812,140.33010864257812,140.33010864257812,140.33010864257812,0
2023-06-22,141.72158813476562,141.72158813476562,141.72158813476562,141.72158813476562,0
2023-06-23,140.6155242919922,140.6155242919922,140.6155242919922,140.6155242919922,0
2023-06-26,139.0453338623047,139.0453338623047,139.0453338623047,139.0453338623047,0
2023-06-27,141.23768615722656,141.23768615722656,141.23768615722656,141.23768615722656,0
2023-06-28,141.57342529296875,141.57342529296875,141.57342529296875,141.57342529296875,0
2023-06-29,141.7412872314453,141.7412872314453,141.7412872314453,141.7412872314453,0
2023-06-30,143.86451721191406,143.86451721191406,143.86451721191406,143.86451721191406,0
2023-07-03,143.78553771972656,143.78553771972656,143.78553771972656,143.78553771972656,0
2023-07-05,143.8250274658203,143.8250274658203,143.8250274658203,143.8250274658203,0
2023-07-06,142.84735107421875,142.84735107421875,142.84735107421875,142.84735107421875,0
2023-07-07,142.34371948242188,142.34371948242188,142.34371948242188,142.34371948242188,0
2023-07-10,142.3634796142578,142.3634796142578,142.3634796142578,142.3634796142578,0
2023-07-11,143.1436004638672,143.1436004638672,143.1436004638672,143.1436004638672,0
2023-07-12,144.80270385742188,144.80270385742188,144.80270385742188,144.80270385742188,0
2023-07-13,146.8666534423828,146.8666534423828,146.8666534423828,146.8666534423828,0
2023-07-14,147.01475524902344,147.01475524902344,147.01475524902344,147.01475524902344,0
2023-07-17,148.0319366455078,148.0319366455078,148.0319366455078,148.0319366455078,0
2023-07-18,149.16761779785156,149.16761779785156,149.16761779785156,149.16761779785156,0
2023-07-19,149.10838317871094,149.10838317871094,149.10838317871094,149.10838317871094,0
2023-07-20,146.1654815673828,146.1654815673828,146.1654815673828,146.1654815673828,0
2023-07-21,145.8889617919922,145.8889617919922,145.8889617919922,145.8889617919922,0
2023-07-24,146.32350158691406,146.32350158691406,146.32350158691406,146.32350158691406,0
2023-07-25,147.1925506591797,147.1925506591797,147.1925506591797,147.1925506591797,0
2023-07-26,147.03453063964844,147.03453063964844,147.03453063964844,147.03453063964844,0
2023-07-27,146.0272216796875,146.0272216796875,146.0272216796875,146.0272216796875,0
2023-07-28,148.37757873535156,148.37757873535156,148.37757873535156,148.37757873535156,0
2023-07-31,148.64422607421875,148.64422607421875,148.64422607421875,148.64422607421875,0
2023-08-01,148.17019653320312,148.17019653320312,148.17019653320312,148.17019653320312,0
2023-08-02,145.0890655517578,145.0890655517578,145.0890655517578,145.0890655517578,0
2023-08-03,144.74346923828125,144.74346923828125,144.74346923828125,144.74346923828125,0
2023-08-04,143.90402221679688,143.90402221679688,143.90402221679688,143.90402221679688,0
2023-08-07,144.98045349121094,144.98045349121094,144.98045349121094,144.98045349121094,0
2023-08-08,144.3385467529297,144.3385467529297,144.3385467529297,144.3385467529297,0
2023-08-09,142.82763671875,142.82763671875,142.82763671875,142.82763671875,0
2023-08-10,143.08438110351562,143.08438110351562,143.08438110351562,143.08438110351562,0
2023-08-11,142.32395935058594,142.32395935058594,142.32395935058594,142.32395935058594,0
2023-08-14,143.93365478515625,143.93365478515625,143.93365478515625,143.93365478515625,0
2023-08-15,142.50172424316406,142.50172424316406,142.50172424316406,142.50172424316406,0
2023-08-16,141.2672882080078,141.2672882080078,141.2672882080078,141.2672882080078,0
2023-08-17,139.74647521972656,139.74647521972656,139.74647521972656,139.74647521972656,0
2023-08-18,139.5687255859375,139.5687255859375,139.5687255859375,139.5687255859375,0
2023-08-21,141.5043182373047,141.5043182373047,141.5043182373047,141.5043182373047,0
2023-08-22,141.5043182373047,141.5043182373047,141.5043182373047,141.5043182373047,0
2023-08-23,143.64730834960938,143.64730834960938,143.64730834960938,143.64730834960938,0
2023-08-24,140.9118194580078,140.9118194580078,140.9118194580078,140.9118194580078,0
2023-08-25,142.07708740234375,142.07708740234375,142.07708740234375,142.07708740234375,0
2023-08-28,143.08438110351562,143.08438110351562,143.08438110351562,143.08438110351562,0
2023-08-29,145.91860961914062,145.91860961914062,145.91860961914062,145.91860961914062,0
2023-08-30,146.81727600097656,146.81727600097656,146.81727600097656,146.81727600097656,0
2023-08-31,147.024658203125,147.024658203125,147.024658203125,147.024658203125,0
2023-09-01,147.2122802734375,147.2122802734375,147.2122802734375,147.2122802734375,0
2023-09-05,147.34068298339844,147.34068298339844,147.34068298339844,147.34068298339844,0
2023-09-06,145.84947204589844,145.84947204589844,145.84947204589844,145.84947204589844,0
2023-09-07,145.06930541992188,145.06930541992188,145.06930541992188,145.06930541992188,0
2023-09-08,145.2174530029297,145.2174530029297,145.2174530029297,145.2174530029297,0
2023-09-11,146.7678985595703,146.7678985595703,146.7678985595703,146.7678985595703,0
2023-09-12,145.16810607910156,145.16810607910156,145.16810607910156,145.16810607910156,0
2023-09-13,145.58285522460938,145.58285522460938,145.58285522460938,145.58285522460938,0
2023-09-14,146.44203186035156,146.44203186035156,146.44203186035156,146.44203186035156,0
2023-09-15,144.07192993164062,144.07192993164062,144.07192993164062,144.07192993164062,0
2023-09-18,144.15090942382812,144.15090942382812,144.15090942382812,144.15090942382812,0
2023-09-19,143.88427734375,143.88427734375,143.88427734375,143.88427734375,0
2023-09-20,141.72862243652344,141.72862243652344,141.72862243652344,141.72862243652344,0
2023-09-21,141.72862243652344,141.72862243652344,141.72862243652344,141.72862243652344,0
2023-09-22,138.7819366455078,138.7819366455078,138.7819366455078,138.7819366455078,0
2023-09-25,139.45433044433594,139.45433044433594,139.45433044433594,139.45433044433594,0
2023-09-26,137.18003845214844,137.18003845214844,137.18003845214844,137.18003845214844,0
2023-09-27,137.3975830078125,137.3975830078125,137.3975830078125,137.3975830078125,0
2023-09-28,138.44570922851562,138.44570922851562,138.44570922851562,138.44570922851562,0
2023-09-29,138.5446014404297,138.5446014404297,138.5446014404297,138.5446014404297,0
2023-10-02,139.691650390625,139.691650390625,139.691650390625,139.691650390625,0
2023-10-03,137.12069702148438,137.12069702148438,137.12069702148438,137.12069702148438,0
2023-10-04,139.0489044189453,139.0489044189453,139.0489044189453,139.0489044189453,0
2023-10-05,139.07858276367188,139.07858276367188,139.07858276367188,139.07858276367188,0
2023-10-06,141.48143005371094,141.48143005371094,141.48143005371094,141.48143005371094,0
2023-10-09,142.094482421875,142.094482421875,142.094482421875,142.094482421875,0
2023-10-10,142.79656982421875,142.79656982421875,142.79656982421875,142.79656982421875,0
2023-10-11,143.95352172851562,143.95352172851562,143.95352172851562,143.95352172851562,0
2023-10-12,143.2217559814453,143.2217559814453,143.2217559814453,143.2217559814453,0
2023-10-13,141.59019470214844,141.59019470214844,141.59019470214844,141.59019470214844,0
2023-10-16,143.23165893554688,143.23165893554688,143.23165893554688,143.23165893554688,0
2023-10-17,142.8559112548828,142.8559112548828,142.8559112548828,142.8559112548828,0
2023-10-18,140.5519256591797,140.5519256591797,140.5519256591797,140.5519256591797,0
2023-10-19,139.42465209960938,139.42465209960938,139.42465209960938,139.42465209960938,0
2023-10-20,137.35801696777344,137.35801696777344,137.35801696777344,137.35801696777344,0
2023-10-23,137.79310607910156,137.79310607910156,137.79310607910156,137.79310607910156,0
2023-10-24,138.91049194335938,138.91049194335938,138.91049194335938,138.91049194335938,0
2023-10-25,135.81546020507812,135.81546020507812,135.81546020507812,135.81546020507812,0
2023-10-26,133.1258544921875,133.1258544921875,133.1258544921875,133.1258544921875,0
2023-10-27,133.59059143066406,133.59059143066406,133.59059143066406,133.59059143066406,0
2023-10-30,135.40013122558594,135.40013122558594,135.40013122558594,135.40013122558594,0
2023-10-31,136.13186645507812,136.13186645507812,136.13186645507812,136.13186645507812,0
2023-11-01,138.23806762695312,138.23806762695312,138.23806762695312,138.23806762695312,0
2023-11-02,140.9375762939453,140.9375762939453,140.9375762939453,140.9375762939453,0
2023-11-03,142.45046997070312,142.45046997070312,142.45046997070312,142.45046997070312,0
2023-11-06,143.20199584960938,143.20199584960938,143.20199584960938,143.20199584960938,0
2023-11-07,144.5962371826172,144.5962371826172,144.5962371826172,144.5962371826172,0
2023-11-08,145.1895294189453,145.1895294189453,145.1895294189453,145.1895294189453,0
2023-11-09,144.00296020507812,144.00296020507812,144.00296020507812,144.00296020507812,0
2023-11-10,146.85073852539062,146.85073852539062,146.85073852539062,146.85073852539062,0
2023-11-13,146.7617645263672,146.7617645263672,146.7617645263672,146.7617645263672,0
2023-11-14,149.75791931152344,149.75791931152344,149.75791931152344,149.75791931152344,0
2023-11-15,149.66893005371094,149.66893005371094,149.66893005371094,149.66893005371094,0
2023-11-16,150.29188537597656,150.29188537597656,150.29188537597656,150.29188537597656,0
2023-11-17,150.1534423828125,150.1534423828125,150.1534423828125,150.1534423828125,0
2023-11-20,151.87399291992188,151.87399291992188,151.87399291992188,151.87399291992188,0
2023-11-21,151.4191436767578,151.4191436767578,151.4191436767578,151.4191436767578,0
2023-11-22,152.16075134277344,152.16075134277344,152.16075134277344,152.16075134277344,0
2023-11-24,151.91355895996094,151.91355895996094,151.91355895996094,151.91355895996094,0
2023-11-27,151.87399291992188,151.87399291992188,151.87399291992188,151.87399291992188,0
2023-11-28,152.27943420410156,152.27943420410156,152.27943420410156,152.27943420410156,0
2023-11-29,152.0618896484375,152.0618896484375,152.0618896484375,152.0618896484375,0
2023-11-30,152.00254821777344,152.00254821777344,152.00254821777344,152.00254821777344,0
2023-12-01,152.56619262695312,152.56619262695312,152.56619262695312,152.56619262695312,0
2023-12-04,151.0631866455078,151.0631866455078,151.0631866455078,151.0631866455078,0
2023-12-05,151.78500366210938,151.78500366210938,151.78500366210938,151.78500366210938,0
2023-12-06,150.9642791748047,150.9642791748047,150.9642791748047,150.9642791748047,0
2023-12-07,152.81338500976562,152.81338500976562,152.81338500976562,152.81338500976562,0
2023-12-08,153.5648956298828,153.5648956298828,153.5648956298828,153.5648956298828,0
2023-12-11,153.5648956298828,153.5648956298828,153.5648956298828,153.5648956298828,0
2023-12-12,154.78114318847656,154.78114318847656,154.78114318847656,154.78114318847656,0
2023-12-13,156.6005859375,156.6005859375,156.6005859375,156.6005859375,0
2023-12-14,156.23471069335938,156.23471069335938,156.23471069335938,156.23471069335938,0
2023-12-15,156.8675994873047,156.8675994873047,156.8675994873047,156.8675994873047,0
2023-12-18,157.955322265625,157.955322265625,157.955322265625,157.955322265625,0
2023-12-19,158.75625610351562,158.75625610351562,158.75625610351562,158.75625610351562,0
2023-12-20,156.6332550048828,156.6332550048828,156.6332550048828,156.6332550048828,0
2023-12-21,158.37681579589844,158.37681579589844,158.37681579589844,158.37681579589844,0
2023-12-22,158.3372039794922,158.3372039794922,158.3372039794922,158.3372039794922,0
2023-12-26,158.84242248535156,158.84242248535156,158.84242248535156,158.84242248535156,0
2023-12-27,159.10992431640625,159.10992431640625,159.10992431640625,159.10992431640625,0
2023-12-28,159.1198272705078,159.1198272705078,159.1198272705078,159.1198272705078,0
2023-12-29,158.505615234375,158.505615234375,158.505615234375,158.505615234375,0
2024-01-02,155.75157165527344,155.75157165527344,155.75157165527344,155.75157165527344,0
2024-01-03,154.26556396484375,154.26556396484375,154.26556396484375,154.26556396484375,0
2024-01-04,153.50277709960938,153.50277709960938,153.50277709960938,153.50277709960938,0
2024-01-05,153.6909942626953,153.6909942626953,153.6909942626953,153.6909942626953,0
2024-01-08,156.97007751464844,156.97007751464844,156.97007751464844,156.97007751464844,0
2024-01-09,157.32672119140625,157.32672119140625,157.32672119140625,157.32672119140625,0
2024-01-10,159.00091552734375,159.00091552734375,159.00091552734375,159.00091552734375,0
2024-01-11,159.27830505371094,159.27830505371094,159.27830505371094,159.27830505371094,0
2024-01-12,159.50616455078125,159.50616455078125,159.50616455078125,159.50616455078125,0
2024-01-16,159.2584991455078,159.2584991455078,159.2584991455078,159.2584991455078,0
2024-01-17,158.4857635498047,158.4857635498047,158.4857635498047,158.4857635498047,0
2024-01-18,160.65533447265625,160.65533447265625,160.65533447265625,160.65533447265625,0
2024-01-19,163.16171264648438,163.16171264648438,163.16171264648438,163.16171264648438,0
2024-01-22,163.44900512695312,163.44900512695312,163.44900512695312,163.44900512695312,0
2024-01-23,163.87498474121094,163.87498474121094,163.87498474121094,163.87498474121094,0
2024-01-24,164.5585479736328,164.5585479736328,164.5585479736328,164.5585479736328,0
2024-01-25,164.85574340820312,164.85574340820312,164.85574340820312,164.85574340820312,0
2024-01-26,164.5585479736328,164.5585479736328,164.5585479736328,164.5585479736328,0
2024-01-29,166.5299530029297,166.5299530029297,166.5299530029297,166.5299530029297,0
2024-01-30,165.68789672851562,165.68789672851562,165.68789672851562,165.68789672851562,0
2024-01-31,162.08189392089844,162.08189392089844,162.08189392089844,162.08189392089844,0
2024-02-01,164.48916625976562,164.48916625976562,164.48916625976562,164.48916625976562,0
2024-02-02,167.8673553466797,167.8673553466797,167.8673553466797,167.8673553466797,0
2024-02-05,167.77821350097656,167.77821350097656,167.77821350097656,167.77821350097656,0
2024-02-06,167.8772430419922,167.8772430419922,167.8772430419922,167.8772430419922,0
2024-02-07,170.02699279785156,170.02699279785156,170.02699279785156,170.02699279785156,0
2024-02-08,170.31427001953125,170.31427001953125,170.31427001953125,170.31427001953125,0
2024-02-09,172.1865997314453,172.1865997314453,172.1865997314453,172.1865997314453,0
2024-02-12,171.0869903564453,171.0869903564453,171.0869903564453,171.0869903564453,0
2024-02-13,168.66976928710938,168.66976928710938,168.66976928710938,168.66976928710938,0
2024-02-14,170.89874267578125,170.89874267578125,170.89874267578125,170.89874267578125,0
2024-02-15,171.09690856933594,171.09690856933594,171.09690856933594,171.09690856933594,0
2024-02-16,169.96754455566406,169.96754455566406,169.96754455566406,169.96754455566406,0
2024-02-20,168.11497497558594,168.11497497558594,168.11497497558594,168.11497497558594,0
2024-02-21,167.68902587890625,167.68902587890625,167.68902587890625,167.68902587890625,0
2024-02-22,173.0683135986328,173.0683135986328,173.0683135986328,173.0683135986328,0
2024-02-23,172.75128173828125,172.75128173828125,172.75128173828125,172.75128173828125,0
2024-02-26,172.26585388183594,172.26585388183594,172.26585388183594,172.26585388183594,0
2024-02-27,172.5729522705078,172.5729522705078,172.5729522705078,172.5729522705078,0
2024-02-28,172.05783081054688,172.05783081054688,172.05783081054688,172.05783081054688,0
2024-02-29,173.4546661376953,173.4546661376953,173.4546661376953,173.4546661376953,0
2024-03-01,175.13877868652344,175.13877868652344,175.13877868652344,175.13877868652344,0
2024-03-04,174.39578247070312,174.39578247070312,174.39578247070312,174.39578247070312,0
2024-03-05,171.58230590820312,171.58230590820312,171.58230590820312,171.58230590820312,0
2024-03-06,172.4243927001953,172.4243927001953,172.4243927001953,172.4243927001953,0
2024-03-07,174.83168029785156,174.83168029785156,174.83168029785156,174.83168029785156,0
2024-03-08,173.01878356933594,173.01878356933594,173.01878356933594,173.01878356933594,0
2024-03-11,172.08755493164062,172.08755493164062,172.08755493164062,172.08755493164062,0
2024-03-12,175.13877868652344,175.13877868652344,175.13877868652344,175.13877868652344,0
2024-03-13,174.3264617919922,174.3264617919922,174.3264617919922,174.3264617919922,0
2024-03-14,174.35617065429688,174.35617065429688,174.35617065429688,174.35617065429688,0
2024-03-15,172.3550262451172,172.3550262451172,172.3550262451172,172.3550262451172,0
2024-03-18,173.93019104003906,173.93019104003906,173.93019104003906,173.93019104003906,0
2024-03-19,174.9505615234375,174.9505615234375,174.9505615234375,174.9505615234375,0
2024-03-20,176.7832794189453,176.7832794189453,176.7832794189453,176.7832794189453,0
2024-03-21,176.6315155029297,176.6315155029297,176.6315155029297,176.6315155029297,0
2024-03-22,176.86959838867188,176.86959838867188,176.86959838867188,176.86959838867188,0
2024-03-25,176.19503784179688,176.19503784179688,176.19503784179688,176.19503784179688,0
2024-03-26,175.51055908203125,175.51055908203125,175.51055908203125,175.51055908203125,0
2024-03-27,176.0958709716797,176.0958709716797,176.0958709716797,176.0958709716797,0
2024-03-28,175.77838134765625,175.77838134765625,175.77838134765625,175.77838134765625,0
2024-04-01,175.79824829101562,175.79824829101562,175.79824829101562,175.79824829101562,0
2024-04-02,174.4888153076172,174.4888153076172,174.4888153076172,174.4888153076172,0
2024-04-03,174.85586547851562,174.85586547851562,174.85586547851562,174.85586547851562,0
2024-04-04,172.425537109375,172.425537109375,172.425537109375,172.425537109375,0
2024-04-05,175.02450561523438,175.02450561523438,175.02450561523438,175.02450561523438,0
2024-04-08,174.9451446533203,174.9451446533203,174.9451446533203,174.9451446533203,0
2024-04-09,175.1732940673828,175.1732940673828,175.1732940673828,175.1732940673828,0
2024-04-10,174.10195922851562,174.10195922851562,174.10195922851562,174.10195922851562,0
2024-04-11,176.74063110351562,176.74063110351562,176.74063110351562,176.74063110351562,0
2024-04-12,174.2408447265625,174.2408447265625,174.2408447265625,174.2408447265625,0
2024-04-15,170.99708557128906,170.99708557128906,170.99708557128906,170.99708557128906,0
2024-04-16,170.93756103515625,170.93756103515625,170.93756103515625,170.93756103515625,0
2024-04-17,169.33056640625,169.33056640625,169.33056640625,169.33056640625,0
2024-04-18,168.4377899169922,168.4377899169922,168.4377899169922,168.4377899169922,0
2024-04-19,164.6385040283203,164.6385040283203,164.6385040283203,164.6385040283203,0
2024-04-22,166.2852020263672,166.2852020263672,166.2852020263672,166.2852020263672,0
2024-04-23,169.032958984375,169.032958984375,169.032958984375,169.032958984375,0
2024-04-24,169.0428924560547,169.0428924560547,169.0428924560547,169.0428924560547,0
2024-04-25,167.902099609375,167.902099609375,167.902099609375,167.902099609375,0
2024-04-26,171.20538330078125,171.20538330078125,171.20538330078125,171.20538330078125,0
2024-04-29,171.52281188964844,171.52281188964844,171.52281188964844,171.52281188964844,0
2024-04-30,168.3782501220703,168.3782501220703,168.3782501220703,168.3782501220703,0
2024-05-01,167.85250854492188,167.85250854492188,167.85250854492188,167.85250854492188,0
2024-05-02,170.05467224121094,170.05467224121094,170.05467224121094,170.05467224121094,0
2024-05-03,173.06039428710938,173.06039428710938,173.06039428710938,173.06039428710938,0
2024-05-06,175.441162109375,175.441162109375,175.441162109375,175.441162109375,0
2024-05-07,175.31216430664062,175.31216430664062,175.31216430664062,175.31216430664062,0
2024-05-08,175.00465393066406,175.00465393066406,175.00465393066406,175.00465393066406,0
2024-05-09,175.49073791503906,175.49073791503906,175.49073791503906,175.49073791503906,0
2024-05-10,175.55023193359375,175.55023193359375,175.55023193359375,175.55023193359375,0
2024-05-13,175.5800018310547,175.5800018310547,175.5800018310547,175.5800018310547,0
2024-05-14,176.56207275390625,176.56207275390625,176.56207275390625,176.56207275390625,0
2024-05-15,179.33958435058594,179.33958435058594,179.33958435058594,179.33958435058594,0
2024-05-16,178.85353088378906,178.85353088378906,178.85353088378906,178.85353088378906,0
2024-05-17,178.8634796142578,178.8634796142578,178.8634796142578,178.8634796142578,0
2024-05-20,179.95465087890625,179.95465087890625,179.95465087890625,179.95465087890625,0
2024-05-21,180.57958984375,180.57958984375,180.57958984375,180.57958984375,0
2024-05-22,180.27207946777344,180.27207946777344,180.27207946777344,180.27207946777344,0
2024-05-23,179.70663452148438,179.70663452148438,179.70663452148438,179.70663452148438,0
2024-05-24,181.47235107421875,181.47235107421875,181.47235107421875,181.47235107421875,0
2024-05-28,182.46434020996094,182.46434020996094,182.46434020996094,182.46434020996094,0
2024-05-29,181.7302703857422,181.7302703857422,181.7302703857422,181.7302703857422,0
2024-05-30,179.00233459472656,179.00233459472656,179.00233459472656,179.00233459472656,0
2024-05-31,179.18089294433594,179.18089294433594,179.18089294433594,179.18089294433594,0
2024-06-03,180.4010467529297,180.4010467529297,180.4010467529297,180.4010467529297,0
2024-06-04,181.1648406982422,181.1648406982422,181.1648406982422,181.1648406982422,0
2024-06-05,184.41851806640625,184.41851806640625,184.41851806640625,184.41851806640625,0
2024-06-06,184.54750061035156,184.54750061035156,184.54750061035156,184.54750061035156,0
2024-06-07,184.43836975097656,184.43836975097656,184.43836975097656,184.43836975097656,0
2024-06-10,184.9740447998047,184.9740447998047,184.9740447998047,184.9740447998047,0
2024-06-11,186.80918884277344,186.80918884277344,186.80918884277344,186.80918884277344,0
2024-06-12,189.3684844970703,189.3684844970703,189.3684844970703,189.3684844970703,0
2024-06-13,189.7156982421875,189.7156982421875,189.7156982421875,189.7156982421875,0
2024-06-14,190.13232421875,190.13232421875,190.13232421875,190.13232421875,0
2024-06-17,191.7095489501953,191.7095489501953,191.7095489501953,191.7095489501953,0
2024-06-18,191.98731994628906,191.98731994628906,191.98731994628906,191.98731994628906,0
2024-06-20,190.88621520996094,190.88621520996094,190.88621520996094,190.88621520996094,0
2024-06-21,190.6878204345703,190.6878204345703,190.6878204345703,190.6878204345703,0
2024-06-24,188.76339721679688,188.76339721679688,188.76339721679688,188.76339721679688,0
2024-06-25,191.4020233154297,191.4020233154297,191.4020233154297,191.4020233154297,0
2024-06-26,192.23533630371094,192.23533630371094,192.23533630371094,192.23533630371094,0
2024-06-27,192.82127380371094,192.82127380371094,192.82127380371094,192.82127380371094,0
2024-06-28,191.00381469726562,191.00381469726562,191.00381469726562,191.00381469726562,0
2024-07-01,192.5829315185547,192.5829315185547,192.5829315185547,192.5829315185547,0
2024-07-02,194.20175170898438,194.20175170898438,194.20175170898438,194.20175170898438,0
2024-07-03,195.7808837890625,195.7808837890625,195.7808837890625,195.7808837890625,0
2024-07-05,198.01548767089844,198.01548767089844,198.01548767089844,198.01548767089844,0
2024-07-08,198.0850067138672,198.0850067138672,198.0850067138672,198.0850067138672,0
2024-07-09,198.30349731445312,198.30349731445312,198.30349731445312,198.30349731445312,0
2024-07-10,200.37918090820312,200.37918090820312,200.37918090820312,200.37918090820312,0
2024-07-11,196.14834594726562,196.14834594726562,196.14834594726562,196.14834594726562,0
2024-07-12,197.2408447265625,197.2408447265625,197.2408447265625,197.2408447265625,0
2024-07-15,197.81683349609375,197.81683349609375,197.81683349609375,197.81683349609375,0
2024-07-16,197.80691528320312,197.80691528320312,197.80691528320312,197.80691528320312,0
2024-07-17,192.4041748046875,192.4041748046875,192.4041748046875,192.4041748046875,0
2024-07-18,190.8250274658203,190.8250274658203,190.8250274658203,190.8250274658203,0
2024-07-19,189.70277404785156,189.70277404785156,189.70277404785156,189.70277404785156,0
2024-07-22,192.70208740234375,192.70208740234375,192.70208740234375,192.70208740234375,0
2024-07-23,192.73190307617188,192.73190307617188,192.73190307617188,192.73190307617188,0
2024-07-24,185.47190856933594,185.47190856933594,185.47190856933594,185.47190856933594,0
2024-07-25,183.33663940429688,183.33663940429688,183.33663940429688,183.33663940429688,0
2024-07-26,184.90579223632812,184.90579223632812,184.90579223632812,184.90579223632812,0
2024-07-29,185.40237426757812,185.40237426757812,185.40237426757812,185.40237426757812,0
2024-07-30,183.27703857421875,183.27703857421875,183.27703857421875,183.27703857421875,0
2024-07-31,187.7263946533203,187.7263946533203,187.7263946533203,187.7263946533203,0
2024-08-01,184.65753173828125,184.65753173828125,184.65753173828125,184.65753173828125,0
2024-08-02,180.83387756347656,180.83387756347656,180.83387756347656,180.83387756347656,0
2024-08-05,174.43797302246094,174.43797302246094,174.43797302246094,174.43797302246094,0
2024-08-06,176.65269470214844,176.65269470214844,176.65269470214844,176.65269470214844,0
2024-08-07,174.95440673828125,174.95440673828125,174.95440673828125,174.95440673828125,0
2024-08-08,179.9996337890625,179.9996337890625,179.9996337890625,179.9996337890625,0
2024-08-09,181.42977905273438,181.42977905273438,181.42977905273438,181.42977905273438,0
2024-08-12,182.04551696777344,182.04551696777344,182.04551696777344,182.04551696777344,0
2024-08-13,186.21678161621094,186.21678161621094,186.21678161621094,186.21678161621094,0
2024-08-14,186.65379333496094,186.65379333496094,186.65379333496094,186.65379333496094,0
2024-08-15,190.4376983642578,190.4376983642578,190.4376983642578,190.4376983642578,0
2024-08-16,190.7356414794922,190.7356414794922,190.7356414794922,190.7356414794922,0
2024-08-19,193.06956481933594,193.06956481933594,193.06956481933594,193.06956481933594,0
2024-08-20,192.8709259033203,192.8709259033203,192.8709259033203,192.8709259033203,0
2024-08-21,193.8343048095703,193.8343048095703,193.8343048095703,193.8343048095703,0
2024-08-22,190.89456176757812,190.89456176757812,190.89456176757812,190.89456176757812,0
2024-08-23,193.17881774902344,193.17881774902344,193.17881774902344,193.17881774902344,0
2024-08-26,191.94729614257812,191.94729614257812,191.94729614257812,191.94729614257812,0
2024-08-27,192.5133819580078,192.5133819580078,192.5133819580078,192.5133819580078,0
2024-08-28,190.527099609375,190.527099609375,190.527099609375,190.527099609375,0
2024-08-29,190.09010314941406,190.09010314941406,190.09010314941406,190.09010314941406,0
2024-08-30,191.99696350097656,191.99696350097656,191.99696350097656,191.99696350097656,0
2024-09-03,186.24659729003906,186.24659729003906,186.24659729003906,186.24659729003906,0
2024-09-04,185.72021484375,185.72021484375,185.72021484375,185.72021484375,0
2024-09-05,185.91885375976562,185.91885375976562,185.91885375976562,185.91885375976562,0
2024-09-06,182.0554656982422,182.0554656982422,182.0554656982422,182.0554656982422,0
2024-09-09,184.3496551513672,184.3496551513672,184.3496551513672,184.3496551513672,0
2024-09-10,185.72021484375,185.72021484375,185.72021484375,185.72021484375,0
2024-09-11,189.47433471679688,189.47433471679688,189.47433471679688,189.47433471679688,0
2024-09-12,191.25209045410156,191.25209045410156,191.25209045410156,191.25209045410156,0
2024-09-13,191.99696350097656,191.99696350097656,191.99696350097656,191.99696350097656,0
2024-09-16,191.2620391845703,191.2620391845703,191.2620391845703,191.2620391845703,0
2024-09-17,191.361328125,191.361328125,191.361328125,191.361328125,0
2024-09-18,190.69593811035156,190.69593811035156,190.69593811035156,190.69593811035156,0
2024-09-19,195.2942352294922,195.2942352294922,195.2942352294922,195.2942352294922,0
2024-09-20,194.74798583984375,194.74798583984375,194.74798583984375,194.74798583984375,0
2024-09-23,195.1651153564453,195.1651153564453,195.1651153564453,195.1651153564453,0
2024-09-24,195.9397735595703,195.9397735595703,195.9397735595703,195.9397735595703,0
2024-09-25,196.19801330566406,196.19801330566406,196.19801330566406,196.19801330566406,0
2024-09-26,196.72401428222656,196.72401428222656,196.72401428222656,196.72401428222656,0
2024-09-27,195.68992614746094,195.68992614746094,195.68992614746094,195.68992614746094,0
2024-09-30,196.58480834960938,196.58480834960938,196.58480834960938,196.58480834960938,0
2024-10-01,193.83056640625,193.83056640625,193.83056640625,193.83056640625,0
2024-10-02,194.04931640625,194.04931640625,194.04931640625,194.04931640625,0
2024-10-03,194.1089630126953,194.1089630126953,194.1089630126953,194.1089630126953,0
2024-10-04,196.197021484375,196.197021484375,196.197021484375,196.197021484375,0
2024-10-07,193.98965454101562,193.98965454101562,193.98965454101562,193.98965454101562,0
2024-10-08,197.1515655517578,197.1515655517578,197.1515655517578,197.1515655517578,0
2024-10-09,198.4043731689453,198.4043731689453,198.4043731689453,198.4043731689453,0
2024-10-10,198.2949981689453,198.2949981689453,198.2949981689453,198.2949981689453,0
2024-10-11,198.99102783203125,198.99102783203125,198.99102783203125,198.99102783203125,0
2024-10-14,200.7012176513672,200.7012176513672,200.7012176513672,200.7012176513672,0
2024-10-15,198.82199096679688,198.82199096679688,198.82199096679688,198.82199096679688,0
2024-10-16,199.2495574951172,199.2495574951172,199.2495574951172,199.2495574951172,0
2024-10-17,199.398681640625,199.398681640625,199.398681640625,199.398681640625,0
2024-10-18,200.7012176513672,200.7012176513672,200.7012176513672,200.7012176513672,0
2024-10-21,201.47679138183594,201.47679138183594,201.47679138183594,201.47679138183594,0
2024-10-22,201.5264892578125,201.5264892578125,201.5264892578125,201.5264892578125,0
2024-10-23,198.57342529296875,198.57342529296875,198.57342529296875,198.57342529296875,0
2024-10-24,199.96543884277344,199.96543884277344,199.96543884277344,199.96543884277344,0
2024-10-25,200.89016723632812,200.89016723632812,200.89016723632812,200.89016723632812,0
2024-10-28,201.07907104492188,201.07907104492188,201.07907104492188,201.07907104492188,0
2024-10-29,202.74951171875,202.74951171875,202.74951171875,202.74951171875,0
2024-10-30,201.6458282470703,201.6458282470703,201.6458282470703,201.6458282470703,0
2024-10-31,196.05780029296875,196.05780029296875,196.05780029296875,196.05780029296875,0
2024-11-01,197.55921936035156,197.55921936035156,197.55921936035156,197.55921936035156,0
2024-11-04,196.95269775390625,196.95269775390625,196.95269775390625,196.95269775390625,0
2024-11-05,199.65721130371094,199.65721130371094,199.65721130371094,199.65721130371094,0
2024-11-06,204.67845153808594,204.67845153808594,204.67845153808594,204.67845153808594,0
2024-11-07,208.02928161621094,208.02928161621094,208.02928161621094,208.02928161621094,0
2024-11-08,208.645751953125,208.645751953125,208.645751953125,208.645751953125,0
2024-11-11,208.973876953125,208.973876953125,208.973876953125,208.973876953125,0
2024-11-12,209.2125244140625,209.2125244140625,209.2125244140625,209.2125244140625,0
2024-11-13,208.98382568359375,208.98382568359375,208.98382568359375,208.98382568359375,0
2024-11-14,207.7509002685547,207.7509002685547,207.7509002685547,207.7509002685547,0
2024-11-15,203.5648193359375,203.5648193359375,203.5648193359375,203.5648193359375,0
2024-11-18,204.47958374023438,204.47958374023438,204.47958374023438,204.47958374023438,0
2024-11-19,206.64720153808594,206.64720153808594,206.64720153808594,206.64720153808594,0
2024-11-20,206.43838500976562,206.43838500976562,206.43838500976562,206.43838500976562,0
2024-11-21,206.70684814453125,206.70684814453125,206.70684814453125,206.70684814453125,0
2024-11-22,207.00514221191406,207.00514221191406,207.00514221191406,207.00514221191406,0
2024-11-25,207.14434814453125,207.14434814453125,207.14434814453125,207.14434814453125,0
2024-11-26,209.00369262695312,209.00369262695312,209.00369262695312,209.00369262695312,0
2024-11-27,207.661376953125,207.661376953125,207.661376953125,207.661376953125,0
2024-11-29,209.3119354248047,209.3119354248047,209.3119354248047,209.3119354248047,0
2024-12-02,211.27073669433594,211.27073669433594,211.27073669433594,211.27073669433594,0
2024-12-03,212.30482482910156,212.30482482910156,212.30482482910156,212.30482482910156,0
2024-12-04,215.5462646484375,215.5462646484375,215.5462646484375,215.5462646484375,0
2024-12-05,215.10874938964844,215.10874938964844,215.10874938964844,215.10874938964844,0
2024-12-06,216.68972778320312,216.68972778320312,216.68972778320312,216.68972778320312,0
2024-12-09,215.06898498535156,215.06898498535156,215.06898498535156,215.06898498535156,0
2024-12-10,214.87014770507812,214.87014770507812,214.87014770507812,214.87014770507812,0
2024-12-11,218.46954345703125,218.46954345703125,218.46954345703125,218.46954345703125,0
2024-12-12,217.1371612548828,217.1371612548828,217.1371612548828,217.1371612548828,0
2024-12-13,216.8686981201172,216.8686981201172,216.8686981201172,216.8686981201172,0
2024-12-16,219.0661163330078,219.0661163330078,219.0661163330078,219.0661163330078,0
2024-12-17,218.47946166992188,218.47946166992188,218.47946166992188,218.47946166992188,0
2024-12-18,211.10169982910156,211.10169982910156,211.10169982910156,211.10169982910156,0
2024-12-19,211.3502655029297,211.3502655029297,211.3502655029297,211.3502655029297,0
2024-12-20,213.58746337890625,213.58746337890625,213.58746337890625,213.58746337890625,0
2024-12-23,215.5985107421875,215.5985107421875,215.5985107421875,215.5985107421875,0
2024-12-24,218.44580078125,218.44580078125,218.44580078125,218.44580078125,0
2024-12-26,217.98785400390625,217.98785400390625,217.98785400390625,217.98785400390625,0
2024-12-27,214.7423095703125,214.7423095703125,214.7423095703125,214.7423095703125,0
2024-12-30,212.26339721679688,212.26339721679688,212.26339721679688,212.26339721679688,0
2024-12-31,210.2822265625,210.2822265625,210.2822265625,210.2822265625,0
2025-01-02,209.87403869628906,209.87403869628906,209.87403869628906,209.87403869628906,0
2025-01-03,213.41822814941406,213.41822814941406,213.41822814941406,213.41822814941406,0
2025-01-06,215.83743286132812,215.83743286132812,215.83743286132812,215.83743286132812,0
2025-01-07,211.6361846923828,211.6361846923828,211.6361846923828,211.6361846923828,0
2025-01-08,212.06427001953125,212.06427001953125,212.06427001953125,212.06427001953125,0
2025-01-10,208.6992950439453,208.6992950439453,208.6992950439453,208.6992950439453,0
2025-01-13,207.80325317382812,207.80325317382812,207.80325317382812,207.80325317382812,0
2025-01-14,206.9669952392578,206.9669952392578,206.9669952392578,206.9669952392578,0
2025-01-15,211.9945831298828,211.9945831298828,211.9945831298828,211.9945831298828,0
2025-01-16,210.3319854736328,210.3319854736328,210.3319854736328,210.3319854736328,0
2025-01-17,213.06979370117188,213.06979370117188,213.06979370117188,213.06979370117188,0
2025-01-21,214.38392639160156,214.38392639160156,214.38392639160156,214.38392639160156,0
2025-01-22,217.5896453857422,217.5896453857422,217.5896453857422,217.5896453857422,0
2025-01-23,218.41592407226562,218.41592407226562,218.41592407226562,218.41592407226562,0
2025-01-24,217.3407440185547,217.3407440185547,217.3407440185547,217.3407440185547,0
2025-01-27,211.5266571044922,211.5266571044922,211.5266571044922,211.5266571044922,0
2025-01-28,216.34518432617188,216.34518432617188,216.34518432617188,216.34518432617188,0
2025-01-29,214.9812774658203,214.9812774658203,214.9812774658203,214.9812774658203,0
2025-01-30,215.2102508544922,215.2102508544922,215.2102508544922,215.2102508544922,0
2025-01-31,214.37396240234375,214.37396240234375,214.37396240234375,214.37396240234375,0
2025-02-03,212.21359252929688,212.21359252929688,212.21359252929688,212.21359252929688,0
2025-02-04,214.84188842773438,214.84188842773438,214.84188842773438,214.84188842773438,0
2025-02-05,215.33966064453125,215.33966064453125,215.33966064453125,215.33966064453125,0
2025-02-06,216.91265869140625,216.91265869140625,216.91265869140625,216.91265869140625,0
2025-02-07,214.56314086914062,214.56314086914062,214.56314086914062,214.56314086914062,0
2025-02-10,216.6438446044922,216.6438446044922,216.6438446044922,216.6438446044922,0
2025-02-11,216.02659606933594,216.02659606933594,216.02659606933594,216.02659606933594,0
2025-02-12,215.9569091796875,215.9569091796875,215.9569091796875,215.9569091796875,0
2025-02-13,218.68475341796875,218.68475341796875,218.68475341796875,218.68475341796875,0
2025-02-14,219.09292602539062,219.09292602539062,219.09292602539062,219.09292602539062,0
2025-02-18,219.07301330566406,219.07301330566406,219.07301330566406,219.07301330566406,0
2025-02-19,219.09292602539062,219.09292602539062,219.09292602539062,219.09292602539062,0
2025-02-20,217.96795654296875,217.96795654296875,217.96795654296875,217.96795654296875,0
2025-02-21,213.16932678222656,213.16932678222656,213.16932678222656,213.16932678222656,0
2025-02-24,211.01893615722656,211.01893615722656,211.01893615722656,211.01893615722656,0
2025-02-25,208.68931579589844,208.68931579589844,208.68931579589844,208.68931579589844,0
2025-02-26,209.44595336914062,209.44595336914062,209.44595336914062,209.44595336914062,0
2025-02-27,204.14956665039062,204.14956665039062,204.14956665039062,204.14956665039062,0
2025-02-28,207.89288330078125,207.89288330078125,207.89288330078125,207.89288330078125,0
2025-03-03,202.86529541015625,202.86529541015625,202.86529541015625,202.86529541015625,0
2025-03-04,201.6805877685547,201.6805877685547,201.6805877685547,201.6805877685547,0
2025-03-05,204.54779052734375,204.54779052734375,204.54779052734375,204.54779052734375,0
2025-03-06,198.79344177246094,198.79344177246094,198.79344177246094,198.79344177246094,0
2025-03-07,199.2115936279297,199.2115936279297,199.2115936279297,199.2115936279297,0
2025-03-10,191.1276397705078,191.1276397705078,191.1276397705078,191.1276397705078,0
2025-03-11,190.68960571289062,190.68960571289062,190.68960571289062,190.68960571289062,0
2025-03-12,193.17849731445312,193.17849731445312,193.17849731445312,193.17849731445312,0
2025-03-13,189.02700805664062,189.02700805664062,189.02700805664062,189.02700805664062,0
2025-03-14,193.9550323486328,193.9550323486328,193.9550323486328,193.9550323486328,0
2025-03-17,194.4627685546875,194.4627685546875,194.4627685546875,194.4627685546875,0
2025-03-18,191.28692626953125,191.28692626953125,191.28692626953125,191.28692626953125,0
2025-03-19,194.2835693359375,194.2835693359375,194.2835693359375,194.2835693359375,0
2025-03-20,193.81564331054688,193.81564331054688,193.81564331054688,193.81564331054688,0
2025-03-21,194.94064331054688,194.94064331054688,194.94064331054688,194.94064331054688,0
2025-03-24,199.5500946044922,199.5500946044922,199.5500946044922,199.5500946044922,0
2025-03-25,200.68502807617188,200.68502807617188,200.68502807617188,200.68502807617188,0
2025-03-26,196.30455017089844,196.30455017089844,196.30455017089844,196.30455017089844,0
2025-03-27,195.24989318847656,195.24989318847656,195.24989318847656,195.24989318847656,0
2025-03-28,190.08631896972656,190.08631896972656,190.08631896972656,190.08631896972656,0
2025-03-31,190.29562377929688,190.29562377929688,190.29562377929688,190.29562377929688,0
2025-04-01,192.0400848388672,192.0400848388672,192.0400848388672,192.0400848388672,0
2025-04-02,193.61509704589844,193.61509704589844,193.61509704589844,193.61509704589844,0
2025-04-03,182.45054626464844,182.45054626464844,182.45054626464844,182.45054626464844,0
2025-04-04,171.35577392578125,171.35577392578125,171.35577392578125,171.35577392578125,0
2025-04-07,171.64488220214844,171.64488220214844,171.64488220214844,171.64488220214844,0
2025-04-08,168.6244659423828,168.6244659423828,168.6244659423828,168.6244659423828,0
2025-04-09,188.90008544921875,188.90008544921875,188.90008544921875,188.90008544921875,0
2025-04-10,181.1845703125,181.1845703125,181.1845703125,181.1845703125,0
2025-04-11,184.89280700683594,184.89280700683594,184.89280700683594,184.89280700683594,0
2025-04-14,185.8697052001953,185.8697052001953,185.8697052001953,185.8697052001953,0
2025-04-15,185.95941162109375,185.95941162109375,185.95941162109375,185.95941162109375,0
2025-04-16,180.37713623046875,180.37713623046875,180.37713623046875,180.37713623046875,0
2025-04-17,180.5665283203125,180.5665283203125,180.5665283203125,180.5665283203125,0
2025-04-21,175.55245971679688,175.55245971679688,175.55245971679688,175.55245971679688,0
2025-04-22,180.43695068359375,180.43695068359375,180.43695068359375,180.43695068359375,0
2025-04-23,184.96258544921875,184.96258544921875,184.96258544921875,184.96258544921875,0
2025-04-24,190.41526794433594,190.41526794433594,190.41526794433594,190.41526794433594,0
2025-04-25,193.2562255859375,193.2562255859375,193.2562255859375,193.2562255859375,0
2025-04-28,193.0170135498047,193.0170135498047,193.0170135498047,193.0170135498047,0
2025-04-29,194.3128662109375,194.3128662109375,194.3128662109375,194.3128662109375,0
2025-04-30,194.5022735595703,194.5022735595703,194.5022735595703,194.5022735595703,0
2025-05-01,197.03424072265625,197.03424072265625,197.03424072265625,197.03424072265625,0
2025-05-02,199.8552703857422,199.8552703857422,199.8552703857422,199.8552703857422,0
2025-05-05,198.6192169189453,198.6192169189453,198.6192169189453,198.6192169189453,0
2025-05-06,196.8647918701172,196.8647918701172,196.8647918701172,196.8647918701172,0
2025-05-07,196.8647918701172,196.8647918701172,196.8647918701172,196.8647918701172,0
2025-05-08,198.9581298828125,198.9581298828125,198.9581298828125,198.9581298828125,0
2025-05-09,198.9481658935547,198.9481658935547,198.9481658935547,198.9481658935547,0
2025-05-12,207.19198608398438,207.19198608398438,207.19198608398438,207.19198608398438,0
2025-05-13,210.67092895507812,210.67092895507812,210.67092895507812,210.67092895507812,0
2025-05-14,212.1960906982422,212.1960906982422,212.1960906982422,212.1960906982422,0
2025-05-15,211.98675537109375,211.98675537109375,211.98675537109375,211.98675537109375,0
2025-05-16,213.09323120117188,213.09323120117188,213.09323120117188,213.09323120117188,0
2025-05-19,213.2826385498047,213.2826385498047,213.2826385498047,213.2826385498047,0
2025-05-20,212.17616271972656,212.17616271972656,212.17616271972656,212.17616271972656,0
2025-05-21,209.0161895751953,209.0161895751953,209.0161895751953,209.0161895751953,0
2025-05-22,209.6143035888672,209.6143035888672,209.6143035888672,209.6143035888672,0
2025-05-23,207.41128540039062,207.41128540039062,207.41128540039062,207.41128540039062,0
2025-05-27,212.41539001464844,212.41539001464844,212.41539001464844,212.41539001464844,0
2025-05-28,211.5880126953125,211.5880126953125,211.5880126953125,211.5880126953125,0
2025-05-29,212.22598266601562,212.22598266601562,212.22598266601562,212.22598266601562,0
2025-05-30,212.14625549316406,212.14625549316406,212.14625549316406,212.14625549316406,0
2025-06-02,213.57171630859375,213.57171630859375,213.57171630859375,213.57171630859375,0
2025-06-03,215.00717163085938,215.00717163085938,215.00717163085938,215.00717163085938,0
2025-06-04,215.86444091796875,215.86444091796875,215.86444091796875,215.86444091796875,0
2025-06-05,214.3292999267578,214.3292999267578,214.3292999267578,214.3292999267578,0
2025-06-06,216.58216857910156,216.58216857910156,216.58216857910156,216.58216857910156,0
2025-06-09,216.7117462158203,216.7117462158203,216.7117462158203,216.7117462158203,0
2025-06-10,217.8581085205078,217.8581085205078,217.8581085205078,217.8581085205078,0
2025-06-11,217.140380859375,217.140380859375,217.140380859375,217.140380859375,0
2025-06-12,217.55906677246094,217.55906677246094,217.55906677246094,217.55906677246094,0
2025-06-13,214.6582794189453,214.6582794189453,214.6582794189453,214.6582794189453,0
2025-06-16,217.41949462890625,217.41949462890625,217.41949462890625,217.41949462890625,0
2025-06-17,215.65509033203125,215.65509033203125,215.65509033203125,215.65509033203125,0
2025-06-18,215.31619262695312,215.31619262695312,215.31619262695312,215.31619262695312,0
2025-06-20,214.21966552734375,214.21966552734375,214.21966552734375,214.21966552734375,0
2025-06-23,216.62203979492188,216.62203979492188,216.62203979492188,216.62203979492188,0
2025-06-24,216.62203979492188,216.62203979492188,216.62203979492188,216.62203979492188,0
2025-06-25,220.5894317626953,220.5894317626953,220.5894317626953,220.5894317626953,0
2025-06-26,222.48342895507812,222.48342895507812,222.48342895507812,222.48342895507812,0
2025-06-27,223.8789825439453,223.8789825439453,223.8789825439453,223.8789825439453,0
2025-06-30,225.24020385742188,225.24020385742188,225.24020385742188,225.24020385742188,0
2025-07-01,222.91493225097656,222.91493225097656,222.91493225097656,222.91493225097656,0
2025-07-02,224.6214599609375,224.6214599609375,224.6214599609375,224.6214599609375,0
2025-07-03,227.07644653320312,227.07644653320312,227.07644653320312,227.07644653320312,0
2025-07-07,225.4298095703125,225.4298095703125,225.4298095703125,225.4298095703125,0
2025-07-08,225.14041137695312,225.14041137695312,225.14041137695312,225.14041137695312,0
2025-07-09,227.3159637451172,227.3159637451172,227.3159637451172,227.3159637451172,0
2025-07-10,227.2361297607422,227.2361297607422,227.2361297607422,227.2361297607422,0
2025-07-11,226.89682006835938,226.89682006835938,226.89682006835938,226.89682006835938,0
2025-07-14,227.6353302001953,227.6353302001953,227.6353302001953,227.6353302001953,0
2025-07-15,228.1941680908203,228.1941680908203,228.1941680908203,228.1941680908203,0
2025-07-16,228.8029327392578,228.8029327392578,228.8029327392578,228.8029327392578,0
2025-07-17,230.06036376953125,230.06036376953125,230.06036376953125,230.06036376953125,0
2025-07-18,230.2998809814453,230.2998809814453,230.2998809814453,230.2998809814453,0
2025-07-21,231.04835510253906,231.04835510253906,231.04835510253906,231.04835510253906,0
2025-07-22,229.75099182128906,229.75099182128906,229.75099182128906,229.75099182128906,0
2025-07-23,231.24794006347656,231.24794006347656,231.24794006347656,231.24794006347656,0
2025-07-24,232.23593139648438,232.23593139648438,232.23593139648438,232.23593139648438,0
2025-07-25,233.2638397216797,233.2638397216797,233.2638397216797,233.2638397216797,0
2025-07-28,234.201904296875,234.201904296875,234.201904296875,234.201904296875,0
2025-07-29,233.02430725097656,233.02430725097656,233.02430725097656,233.02430725097656,0
2025-07-30,233.5731964111328,233.5731964111328,233.5731964111328,233.5731964111328,0
2025-07-31,233.7029266357422,233.7029266357422,233.7029266357422,233.7029266357422,0
2025-08-01,228.6033477783203,228.6033477783203,228.6033477783203,228.6033477783203,0
2025-08-04,233.0043487548828,233.0043487548828,233.0043487548828,233.0043487548828,0
2025-08-05,230.9485626220703,230.9485626220703,230.9485626220703,230.9485626220703,0
2025-08-06,234.0821533203125,234.0821533203125,234.0821533203125,234.0821533203125,0
2025-08-07,233.9424285888672,233.9424285888672,233.9424285888672,233.9424285888672,0
2025-08-08,235.85853576660156,235.85853576660156,235.85853576660156,235.85853576660156,0
2025-08-11,235.1998748779297,235.1998748779297,235.1998748779297,235.1998748779297,0
2025-08-12,237.8145294189453,237.8145294189453,237.8145294189453,237.8145294189453,0
2025-08-13,237.7446746826172,237.7446746826172,237.7446746826172,237.7446746826172,0
2025-08-14,238.1239013671875,238.1239013671875,238.1239013671875,238.1239013671875,0
2025-08-15,237.32553100585938,237.32553100585938,237.32553100585938,237.32553100585938,0
2025-08-18,237.36546325683594,237.36546325683594,237.36546325683594,237.36546325683594,0
2025-08-19,234.05221557617188,234.05221557617188,234.05221557617188,234.05221557617188,0
2025-08-20,232.6850128173828,232.6850128173828,232.6850128173828,232.6850128173828,0
2025-08-21,231.74691772460938,231.74691772460938,231.74691772460938,231.74691772460938,0
2025-08-22,235.47930908203125,235.47930908203125,235.47930908203125,235.47930908203125,0
2025-08-25,235.02024841308594,235.02024841308594,235.02024841308594,235.02024841308594,0
2025-08-26,236.40740966796875,236.40740966796875,236.40740966796875,236.40740966796875,0
2025-08-27,236.87644958496094,236.87644958496094,236.87644958496094,236.87644958496094,0
2025-08-28,238.37339782714844,238.37339782714844,238.37339782714844,238.37339782714844,0
2025-08-29,235.67889404296875,235.67889404296875,235.67889404296875,235.67889404296875,0
2025-09-02,233.72288513183594,233.72288513183594,233.72288513183594,233.72288513183594,0
2025-09-03,236.25770568847656,236.25770568847656,236.25770568847656,236.25770568847656,0
2025-09-04,238.36341857910156,238.36341857910156,238.36341857910156,238.36341857910156,0
2025-09-05,237.6548614501953,237.6548614501953,237.6548614501953,237.6548614501953,0
2025-09-08,239.1218719482422,239.1218719482422,239.1218719482422,239.1218719482422,0
2025-09-09,240.0499725341797,240.0499725341797,240.0499725341797,240.0499725341797,0
2025-09-10,240.07992553710938,240.07992553710938,240.07992553710938,240.07992553710938,0
2025-09-11,241.37725830078125,241.37725830078125,241.37725830078125,241.37725830078125,0
2025-09-12,242.24549865722656,242.24549865722656,242.24549865722656,242.24549865722656,0
2025-09-15,244.57073974609375,244.57073974609375,244.57073974609375,244.57073974609375,0
2025-09-16,244.2314453125,244.2314453125,244.2314453125,244.2314453125,0
2025-09-17,243.2035369873047,243.2035369873047,243.2035369873047,243.2035369873047,0
2025-09-18,244.62063598632812,244.62063598632812,244.62063598632812,244.62063598632812,0
2025-09-19,246.7762451171875,246.7762451171875,246.7762451171875,246.7762451171875,0
2025-09-22,248.61248779296875,248.61248779296875,248.61248779296875,248.61248779296875,0
2025-09-23,245.93795776367188,245.93795776367188,245.93795776367188,245.93795776367188,0
2025-09-24,244.9399871826172,244.9399871826172,244.9399871826172,244.9399871826172,0
2025-09-25,243.68255615234375,243.68255615234375,243.68255615234375,243.68255615234375,0
2025-09-26,244.7703399658203,244.7703399658203,244.7703399658203,244.7703399658203,0
2025-09-29,245.85426330566406,245.85426330566406,245.85426330566406,245.85426330566406,0
2025-09-30,246.7833251953125,246.7833251953125,246.7833251953125,246.7833251953125,0
2025-10-01,247.832275390625,247.832275390625,247.832275390625,247.832275390625,0
2025-10-02,248.42169189453125,248.42169189453125,248.42169189453125,248.42169189453125,0
2025-10-03,247.5425567626953,247.5425567626953,247.5425567626953,247.5425567626953,0
2025-10-06,249.3807373046875,249.3807373046875,249.3807373046875,249.3807373046875,0
2025-10-07,247.84226989746094,247.84226989746094,247.84226989746094,247.84226989746094,0
2025-10-08,250.43966674804688,250.43966674804688,250.43966674804688,250.43966674804688,0
2025-10-09,250.12998962402344,250.12998962402344,250.12998962402344,250.12998962402344,0
2025-10-10,241.91819763183594,241.91819763183594,241.91819763183594,241.91819763183594,0
2025-10-13,246.64346313476562,246.64346313476562,246.64346313476562,246.64346313476562,0
2025-10-14,244.63548278808594,244.63548278808594,244.63548278808594,244.63548278808594,0
2025-10-15,245.92417907714844,245.92417907714844,245.92417907714844,245.92417907714844,0
2025-10-16,244.7653350830078,244.7653350830078,244.7653350830078,244.7653350830078,0
2025-10-17,246.0240936279297,246.0240936279297,246.0240936279297,246.0240936279297,0
2025-10-20,249.18092346191406,249.18092346191406,249.18092346191406,249.18092346191406,0
2025-10-21,249.1309814453125,249.1309814453125,249.1309814453125,249.1309814453125,0
2025-10-22,247.3028106689453,247.3028106689453,247.3028106689453,247.3028106689453,0
2025-10-23,249.32080078125,249.32080078125,249.32080078125,249.32080078125,0
2025-10-24,251.78831481933594,251.78831481933594,251.78831481933594,251.78831481933594,0
2025-10-27,256.2338562011719,256.2338562011719,256.2338562011719,256.2338562011719,0
2025-10-28,258.092041015625,258.092041015625,258.092041015625,258.092041015625,0
2025-10-29,259.1909484863281,259.1909484863281,259.1909484863281,259.1909484863281,0
2025-10-30,255.2648468017578,255.2648468017578,255.2648468017578,255.2648468017578,0
2025-10-31,256.5935363769531,256.5935363769531,256.5935363769531,256.5935363769531,0
2025-11-03,258.0120849609375,258.0120849609375,258.0120849609375,258.0120849609375,0
2025-11-04,253.38671875,253.38671875,253.38671875,253.38671875,0
2025-11-05,254.08602905273438,254.08602905273438,254.08602905273438,254.08602905273438,0
2025-11-06,249.680419921875,249.680419921875,249.680419921875,249.680419921875,0
2025-11-07,249.19091796875,249.19091796875,249.19091796875,249.19091796875,0
2025-11-10,254.8352813720703,254.8352813720703,254.8352813720703,254.8352813720703,0
2025-11-11,254.37574768066406,254.37574768066406,254.37574768066406,254.37574768066406,0
2025-11-12,253.75634765625,253.75634765625,253.75634765625,253.75634765625,0
2025-11-13,248.32179260253906,248.32179260253906,248.32179260253906,248.32179260253906,0
2025-11-14,248.59152221679688,248.59152221679688,248.59152221679688,248.59152221679688,0
2025-11-17,246.42369079589844,246.42369079589844,246.42369079589844,246.42369079589844,0
2025-11-18,243.2868194580078,243.2868194580078,243.2868194580078,243.2868194580078,0
2025-11-19,245.0350799560547,245.0350799560547,245.0350799560547,245.0350799560547,0
2025-11-20,240.11000061035156,240.11000061035156,240.11000061035156,240.11000061035156,0
2025-11-21,241.6384735107422,241.6384735107422,241.6384735107422,241.6384735107422,0
2025-11-24,247.4926300048828,247.4926300048828,247.4926300048828,247.4926300048828,0
2025-11-25,249.34075927734375,249.34075927734375,249.34075927734375,249.34075927734375,0
2025-11-26,251.11898803710938,251.11898803710938,251.11898803710938,251.11898803710938,0
2025-11-28,252.397705078125,252.397705078125,252.397705078125,252.397705078125,0
2025-12-01,251.3887176513672,251.3887176513672,251.3887176513672,251.3887176513672,0
2025-12-02,252.7473602294922,252.7473602294922,252.7473602294922,252.7473602294922,0
2025-12-03,252.75735473632812,252.75735473632812,252.75735473632812,252.75735473632812,0
2025-12-04,253.14695739746094,253.14695739746094,253.14695739746094,253.14695739746094,0
2025-12-05,254.12599182128906,254.12599182128906,254.12599182128906,254.12599182128906,0
2025-12-08,253.5365753173828,253.5365753173828,253.5365753173828,253.5365753173828,0
2025-12-09,253.4766387939453,253.4766387939453,253.4766387939453,253.4766387939453,0
2025-12-10,253.9661407470703,253.9661407470703,253.9661407470703,253.9661407470703,0
2025-12-11,253.4566650390625,253.4566650390625,253.4566650390625,253.4566650390625,0
2025-12-12,249.53057861328125,249.53057861328125,249.53057861328125,249.53057861328125,0
2025-12-15,248.2418670654297,248.2418670654297,248.2418670654297,248.2418670654297,0
2025-12-16,248.9711456298828,248.9711456298828,248.9711456298828,248.9711456298828,0
2025-12-17,244.4656524658203,244.4656524658203,244.4656524658203,244.4656524658203,0
2025-12-18,247.85226440429688,247.85226440429688,247.85226440429688,247.85226440429688,0
2025-12-19,251.11898803710938,251.11898803710938,251.11898803710938,251.11898803710938,0
2025-12-22,252.5800018310547,252.5800018310547,252.5800018310547,252.5800018310547,0
2025-12-23,254.27999877929688,254.27999877929688,254.27999877929688,254.27999877929688,0
2025-12-24,254.8000030517578,254.8000030517578,254.8000030517578,254.8000030517578,0
2025-12-26,254.75,254.75,254.75,254.75,0
2025-12-29,253.47999572753906,253.47999572753906,253.47999572753906,253.47999572753906,0
2025-12-30,253.0399932861328,253.0399932861328,253.0399932861328,253.0399932861328,0
2025-12-31,251.13999938964844,251.13999938964844,251.13999938964844,251.13999938964844,0
2026-01-02,250.36000061035156,250.36000061035156,250.36000061035156,250.36000061035156,0
2026-01-05,251.42999267578125,251.42999267578125,251.42999267578125,251.42999267578125,0
2026-01-06,252.35000610351562,252.35000610351562,252.35000610351562,252.35000610351562,0
2026-01-07,253.0,253.0,253.0,253.0,0
2026-01-08,251.27000427246094,251.27000427246094,251.27000427246094,251.27000427246094,0
2026-01-09,252.75999450683594,252.75999450683594,252.75999450683594,252.75999450683594,0
2026-01-12,253.4600067138672,253.4600067138672,253.4600067138672,253.4600067138672,0
2026-01-13,252.85000610351562,252.85000610351562,252.85000610351562,252.85000610351562,0
2026-01-14,249.6699981689453,249.6699981689453,249.6699981689453,249.6699981689453,0
2026-01-15,249.91000366210938,249.91000366210938,249.91000366210938,249.91000366210938,0
2026-01-16,249.74000549316406,249.74000549316406,249.74000549316406,249.74000549316406,0
2026-01-20,243.25999450683594,243.25999450683594,243.25999450683594,243.25999450683594,0
2026-01-21,245.5,245.5,245.5,245.5,0
2026-01-22,247.6300048828125,247.6300048828125,247.6300048828125,247.6300048828125,0
2026-01-23,248.85000610351562,248.85000610351562,248.85000610351562,248.85000610351562,0
2026-01-26,250.5500030517578,250.5500030517578,250.5500030517578,250.5500030517578,0
2026-01-27,252.1999969482422,252.1999969482422,252.1999969482422,252.1999969482422,0
2026-01-28,252.02000427246094,252.02000427246094,252.02000427246094,252.02000427246094,0
2026-01-29,249.9199981689453,249.9199981689453,249.9199981689453,249.9199981689453,0
2026-01-30,247.82000732421875,247.82000732421875,247.82000732421875,247.82000732421875,0
2026-02-02,248.49000549316406,248.49000549316406,248.49000549316406,248.49000549316406,0
2026-02-03,243.63999938964844,243.63999938964844,243.63999938964844,243.63999938964844,0
2026-02-04,240.5,240.5,240.5,240.5,0
2026-02-05,236.17999267578125,236.17999267578125,236.17999267578125,236.17999267578125,0
2026-02-06,241.27000427246094,241.27000427246094,241.27000427246094,241.27000427246094,0
2026-02-09,243.75,243.75,243.75,243.75,0
2026-02-10,242.52000427246094,242.52000427246094,242.52000427246094,242.52000427246094,0
2026-02-11,241.44000244140625,241.44000244140625,241.44000244140625,241.44000244140625,0
2026-02-12,236.83999633789062,236.83999633789062,236.83999633789062,236.83999633789062,0
2026-02-13,235.72999572753906,235.72999572753906,235.72999572753906,235.72999572753906,0
2026-02-17,236.52999877929688,236.52999877929688,236.52999877929688,236.52999877929688,0
2026-02-18,238.0800018310547,238.0800018310547,238.0800018310547,238.0800018310547,0
2026-02-19,237.36000061035156,237.36000061035156,237.36000061035156,237.36000061035156,0
2026-02-20,239.36000061035156,239.36000061035156,239.36000061035156,239.36000061035156,0
2026-02-23,236.27999877929688,236.27999877929688,236.27999877929688,236.27999877929688,0
2026-02-24,238.77000427246094,238.77000427246094,238.77000427246094,238.77000427246094,0
2026-02-25,242.0399932861328,242.0399932861328,242.0399932861328,242.0399932861328,0
2026-02-26,239.61000061035156,239.61000061035156,239.61000061035156,239.61000061035156,0
2026-02-27,237.36000061035156,237.36000061035156,237.36000061035156,237.36000061035156,0
2026-03-02,238.07000732421875,238.07000732421875,238.07000732421875,238.07000732421875,0
2026-03-03,236.44000244140625,236.44000244140625,236.44000244140625,236.44000244140625,0
2026-03-04,238.89999389648438,238.89999389648438,238.89999389648438,238.89999389648438,0
