Date,Close,High,Low,Open,Volume
2014-01-02,83.00631713867188,83.84680230820612,82.84662290449462,83.84680230820612,288600
2014-01-03,83.3088607788086,83.561002386793,83.09033292197635,83.36769446191067,275000
2014-01-06,82.75414276123047,83.8887960975464,82.7289292401287,83.67027463973714,457600
2014-01-07,83.19960021972656,83.42653473847747,82.91383842561478,83.30046071832597,251300
2014-01-08,83.19960021972656,83.30886736297369,82.74573759461578,83.22481374127865,195500
2014-01-09,83.55261993408203,83.77954807079433,83.07353731094915,83.49377982606903,217300
2014-01-10,83.86359405517578,83.872000700824,83.25844381634047,83.74592666566801,224000
2014-01-13,82.88862609863281,84.06529987062866,82.70371838806457,83.80475159431403,229600
2014-01-14,83.77955627441406,83.77955627441406,82.96428468926813,83.18281261399825,119400
2014-01-15,84.42672729492188,84.51918117062694,83.89722398056863,84.0485115578685,177800
2014-01-16,84.1913833618164,84.3258640436791,83.96445522666292,84.3258640436791,127400
2014-01-17,83.75434112548828,84.02329609979803,83.58624025879944,84.02329609979803,209300
2014-01-21,83.90562438964844,84.46874783624934,83.41814151987808,84.34267379580636,195500
2014-01-22,84.16616821289062,84.25862207678917,83.85518645137812,84.11574116436114,265200
2014-01-23,83.25006103515625,83.9224453429567,82.99791291198537,83.9224453429567,174200
2014-01-24,80.61092376708984,82.58606234092969,80.59411047524549,82.58606234092969,382000
2014-01-27,80.4848403930664,81.08999058143695,79.85447668224563,80.79581571980758,244800
2014-01-28,81.2665023803711,81.41778994743781,80.76220621522064,80.77901950733478,140700
2014-01-29,80.39238739013672,81.03955798533792,80.14864598320887,80.44281443557306,204700
2014-01-30,81.09842681884766,81.33376168271856,80.57733002381754,80.86309195497675,391800
2014-01-31,80.66971588134766,81.26645918638202,79.85444478172408,80.11499295948015,168400
2014-02-03,78.29959869384766,80.90510134448726,78.23235834369616,80.5689060061225,328300
2014-02-04,78.9467544555664,79.11484888666871,77.92976839889693,78.5517254888453,346200
2014-02-05,78.72820281982422,79.00556431863974,77.94655176741017,78.61894211380124,434200
2014-02-06,79.77044677734375,79.89651441694717,78.96357540952599,78.96357540952599,360000
2014-02-07,80.99754333496094,81.05637702961037,80.22429224649305,80.29993923240909,230600
2014-02-10,80.57728576660156,81.19924276699143,80.34194461959808,81.19924276699143,683000
2014-02-11,81.41778564453125,81.68674059261431,80.67815472800898,80.81263540824641,184500
2014-02-12,81.85484313964844,81.96410389387167,81.56067463797635,81.63631521880957,132400
2014-02-13,82.18264770507812,82.24148141678829,81.08161406633342,81.26652184953498,226500
2014-02-14,82.6617202758789,82.78779434161892,81.92209558920726,82.24147766500774,345800
2014-02-18,82.65331268310547,82.89705416411093,82.32552396336547,82.89705416411093,147000
2014-02-19,81.93888092041016,82.97268029269368,81.88004722685852,82.56084443783222,121900
2014-02-20,82.82981872558594,82.96429302265545,81.93890005637861,82.14902135561917,105700
2014-02-21,82.80457305908203,83.1071481489815,82.75414601489585,83.03150758270222,100900
2014-02-24,83.45176696777344,84.0485106237147,82.81299649156331,82.85502331183216,157200
2014-02-25,83.04832458496094,83.6534748385379,82.9558707177538,83.31727954072937,185600
2014-02-26,83.3088607788086,83.65345623343778,83.03990588285758,83.25002709570651,146600
2014-02-27,83.80476379394531,83.85519084511701,83.13237959955178,83.13237959955178,122000
2014-02-28,83.96444702148438,84.42670989233245,83.56941807260556,83.75432578590127,199800
2014-03-03,83.31730651855469,83.59466820998477,82.68694253570123,83.12399848808695,303100
2014-03-04,84.7629165649414,84.91420413142752,84.18298623707135,84.18298623707135,148000
2014-03-05,84.86376190185547,85.08228977267133,84.7797146938158,84.96461598654669,146100
2014-03-06,85.40166473388672,85.51933209798362,85.17473023713525,85.17473023713525,88100
2014-03-07,85.56977844238281,85.93959390577649,85.33444366109296,85.89756708952108,175800
2014-03-10,85.13275146484375,85.45213355034234,84.67888866183404,85.3932998395296,239000
2014-03-11,84.47713470458984,85.35123972465362,84.28382036618348,85.30080627284859,167400
2014-03-12,84.29225158691406,84.30065823339774,83.72072146147978,84.01488996448438,104800
2014-03-13,83.04832458496094,84.74610795331762,82.74574945817247,84.66206073196346,140300
2014-03-14,82.89704132080078,83.45176455281288,82.77937392232408,82.97268831261711,120700
2014-03-17,83.92240905761719,84.19136394692859,83.43492631686829,83.43492631686829,123000
2014-03-18,84.40992736816406,84.56121495792773,84.05692512951317,84.05692512951317,98500
2014-03-19,83.70391082763672,84.55280260246845,83.18281415215779,84.55280260246845,97700
2014-03-20,83.81317138671875,83.88041173063529,83.24164128821243,83.58623682909847,92000
2014-03-21,83.86359405517578,84.55279151331781,83.76273995696444,84.23340951499554,99800
2014-03-24,83.49376678466797,84.19137078977799,82.96426360678434,84.06529677245592,150600
2014-03-25,84.07372283935547,84.41832480548524,83.66188693919386,83.96446208571041,88600
2014-03-26,83.13238525390625,84.5948275488839,83.13238525390625,84.51078032041714,266500
2014-03-27,82.90544891357422,83.19961741312432,82.43477931429406,82.94747573310667,99700
2014-03-28,83.49376678466797,83.92241587860666,83.05671745866113,83.05671745866113,221200
2014-03-31,84.54439544677734,84.6536626167014,83.83839102138779,83.83839102138779,251100
2014-04-01,85.22518920898438,85.31764308165936,84.73770631895131,84.86378036463466,628800
2014-04-02,85.8387451171875,85.88917858606005,85.22519455537385,85.22519455537385,251400
2014-04-03,85.771484375,86.04883951135585,85.46890930589296,85.93957878566358,105100
2014-04-04,84.65367126464844,86.39347539053989,84.48557037543594,86.16654079320135,155600
2014-04-07,83.40132141113281,84.69566254468852,83.15758001490995,84.42670762685485,161600
2014-04-08,83.45176696777344,83.68710177153704,82.76256943715467,83.22483239814962,245200
2014-04-09,84.60321807861328,84.6284316011109,83.54420524697406,83.67027927185346,100500
2014-04-10,82.93907928466797,84.68729002893821,82.81300522296127,84.63685655681964,123600
2014-04-11,82.03972625732422,82.97266494853704,81.93046553590298,82.15739362266723,223400
2014-04-14,82.44316101074219,82.89702362759266,81.74556341506343,82.61966848317647,113400
2014-04-15,82.92225646972656,83.09875755724615,81.60268881144746,82.53562771147382,112200
2014-04-16,84.2502212524414,84.2586278985744,83.35090248797475,83.35090248797475,118800
2014-04-17,84.96464538574219,85.20838686206952,84.35950143103207,84.4435486681535,101400
2014-04-21,85.24199676513672,85.3092371116866,84.65365976380617,84.99825531818767,125600
2014-04-22,85.4437026977539,85.89755892573977,85.32602890590094,85.32602890590094,88500
2014-04-23,85.65381622314453,85.86393744075123,85.544549086059,85.64540957897087,73700
2014-04-24,85.4269027709961,86.03205305282765,85.05708728490076,86.03205305282765,125700
2014-04-25,84.51918029785156,85.28402482307852,84.36789272211395,85.1579507745651,180700
2014-04-28,84.46036529541016,85.07392238073393,83.5778595852246,84.89742123869682,116900
2014-04-29,84.72088623046875,84.8217403213782,84.16616308090148,84.8217403213782,129900
2014-04-30,85.31763458251953,85.37646827632526,84.53598327201976,84.67886418377769,75000
2014-05-01,85.15792846679688,85.61179107511695,84.81333299768156,85.22516879670891,111200
2014-05-02,85.17475128173828,85.737881134641,85.09070405981596,85.20837145298562,80000
2014-05-05,85.21676635742188,85.34284037913042,84.43511511769826,84.8217374151843,85700
2014-05-06,84.5107650756836,85.07388845846191,84.46033161778713,84.97302795506033,81300
2014-05-07,85.10750579833984,85.14112596502325,84.14094684646304,84.72088350006734,232000
2014-05-08,85.00663757324219,85.69583489664286,84.77970948424037,85.09068477611729,112100
2014-05-09,85.12432861328125,85.15794878625935,84.5527984974382,84.88058716848427,68100
2014-05-12,86.54474639892578,86.58676680388103,85.48573344321606,85.51935361461548,79700
2014-05-13,86.55314636230469,86.87252834735241,86.50271290290338,86.70443391572552,80400
2014-05-14,85.73786163330078,86.54472632253677,85.61178762289722,86.54472632253677,93600
2014-05-15,84.9142074584961,85.50255086783524,84.30065693487904,85.42690387543217,102700
2014-05-16,85.11590576171875,85.11590576171875,84.63682960967871,85.0822920075327,69900
2014-05-19,85.57819366455078,85.62022048501802,84.79654225556467,84.82175578288802,189500
2014-05-20,84.37630462646484,85.46053125141468,84.073729456135,85.46053125141468,114600
2014-05-21,85.06547546386719,85.10750227357867,84.62842613986572,84.62842613986572,79700
2014-05-22,85.3680419921875,85.56135632015881,84.94779958671008,85.12430062752377,63600
2014-05-23,86.03203582763672,86.08246287022884,85.43529231152966,85.51093287541785,62500
2014-05-27,86.5615463256836,86.7296471691786,86.3009980337557,86.4606922319781,90000
2014-05-28,86.59516906738281,86.84731713392165,86.52792872798689,86.78007679452573,85400
2014-05-29,86.8472900390625,86.88091019827155,86.35980734911585,86.8472900390625,120300
2014-05-30,86.8472900390625,86.87250355537186,86.5195015022614,86.86409691247218,68500
2014-06-02,87.20870208740234,87.27593599601522,86.3850241860925,87.04060128489526,118600
2014-06-03,86.98178100585938,87.27594944007329,86.64558576144736,86.64558576144736,142600
2014-06-04,87.07427215576172,87.14991916404274,86.72967653161881,86.89777101963091,75600
2014-06-05,88.09123992919922,88.18369380177393,87.17511426218552,87.32640183436301,91300
2014-06-06,88.92328643798828,88.92328643798828,88.09960858633298,88.09960858633298,99200
2014-06-09,89.45280456542969,89.78059315025375,88.83084755991615,88.88127459992273,1251200
2014-06-10,89.22586822509766,89.41076949216,88.8308393485203,89.41076949216,149000
2014-06-11,88.49465942382812,88.88968836858305,88.3349652344869,88.88968836858305,97500
2014-06-12,87.2759780883789,88.4526586238704,87.0910767350299,88.4526586238704,132400
2014-06-13,87.52812194824219,87.7466498800663,87.16671308162232,87.275973841338,79100
2014-06-16,87.46089172363281,87.62058597065315,87.07426928404088,87.37684448239865,439300
2014-06-17,87.77186584472656,87.95677360660342,87.24236250040063,87.46088402589793,128400
2014-06-18,88.24253845214844,88.3013721590524,87.4692936150126,87.86432268096483,86100
2014-06-19,88.4610366821289,88.53667724599968,88.0996279147229,88.36017618457689,91500
2014-06-20,88.84766387939453,88.88128404710262,88.4694482143634,88.4694482143634,88200
2014-06-23,88.37698364257812,88.90648679190986,88.16686242916848,88.90648679190986,58600
2014-06-24,87.44407653808594,88.60394374673972,87.4104563623056,88.21732134385512,74800
2014-06-25,87.59532165527344,87.71298900726114,87.20029279686192,87.2170996704074,191200
2014-06-26,87.50289916992188,87.71302043266543,86.94817595833067,87.67940026113942,78400
2014-06-27,87.79706573486328,87.83068590565391,87.28436935199203,87.3263961685783,55000
2014-06-30,87.61215209960938,87.81387311076396,87.45246431460134,87.81387311076396,88100
2014-07-01,88.2257308959961,88.52830607558947,87.81389495081353,87.82229518574057,99100
2014-07-02,87.95674896240234,88.2677242817073,87.89791527396159,88.04920281743655,86700
2014-07-03,88.65438079833984,88.73002138760693,88.28456526220803,88.28456526220803,128000
2014-07-07,87.82227325439453,88.54509084598556,87.746632684582,88.54509084598556,984600
2014-07-08,87.250732421875,87.72140831014336,86.9061369591476,87.6793815016297,147700
2014-07-09,87.37681579589844,87.68779753999989,87.16669455560077,87.55331686826153,88600
2014-07-10,86.91458129882812,87.24237002774888,86.32623778642139,86.42709832316372,119600
2014-07-11,87.250732421875,87.29275923038865,86.67920245299895,86.92294383511866,56800
2014-07-14,87.80548095703125,88.09964946469218,87.70462043480784,87.7970743104145,70200
2014-07-15,87.78022003173828,88.2424827477755,87.44402488491816,87.86426721534605,101300
2014-07-16,88.11646270751953,88.24253676630317,87.71303341428349,88.07444229618699,71300
2014-07-17,86.75484466552734,87.8894978968391,86.6876043405513,87.7718305343262,67500
2014-07-18,87.56172180175781,87.5785286792009,86.9481649706297,87.12467245193393,66300
2014-07-21,87.35162353515625,87.52812465048117,86.84733371817177,87.3348166532937,1154700
2014-07-22,87.85588073730469,87.99036139185337,87.66257281187913,87.77183353440702,64000
2014-07-23,87.59532165527344,87.99875074426282,87.55329485282506,87.99875074426282,64000
2014-07-24,87.12467193603516,87.62896161742778,86.96497774551088,87.59534145034944,75200
2014-07-25,86.7464599609375,87.14148895459098,86.67081938550187,86.90615417004643,63800
2014-07-28,86.1749267578125,86.7548634647161,85.8387314724714,86.7548634647161,1026400
2014-07-29,85.27560424804688,86.35142398317645,85.26719760288108,86.20013643214938,158400
2014-07-30,85.3680419921875,85.7378573609725,84.89737255001765,85.62019000043004,114600
2014-07-31,83.6534652709961,84.80493195026835,83.64505862610457,84.7713117830935,156700
2014-08-01,83.5610122680664,83.97285451087276,82.93905519995509,83.32567750782923,236300
2014-08-04,83.82997131347656,83.93923846637614,83.09034682891696,83.82997131347656,118600
2014-08-05,83.43495178222656,84.23341646247646,83.16599681082685,83.43495178222656,118400
2014-08-06,83.1491928100586,83.51900831318733,82.79619060019527,83.05673893427641,145000
2014-08-07,83.14078521728516,83.86360292205156,82.94747723368047,83.58624129786138,98500
2014-08-08,84.25862884521484,84.29224901773242,83.03992805031577,83.18280897422129,92300
2014-08-11,84.74609375,85.19995636411602,84.58639956751726,84.58639956751726,88900
2014-08-12,84.48554992675781,84.98984605994342,84.2922419664428,84.61162396005422,107100
2014-08-13,85.25041198730469,85.34286587001307,84.78814257376278,84.78814257376278,74100
2014-08-14,85.74628448486328,85.75469113107867,85.36806876626947,85.39328229252342,74200
2014-08-15,85.52776336669922,86.14972052919626,84.92261308431624,86.14972052919626,107500
2014-08-18,86.94817352294922,86.94817352294922,86.11609514126063,86.11609514126063,1012200
2014-08-19,87.20030212402344,87.27594268165349,87.0574212402397,87.1498750856034,94400
2014-08-20,87.84750366210938,87.92315065885286,87.14149922526461,87.17511940021808,84400
2014-08-21,87.81389617919922,87.9651837711122,87.51132099537327,87.89794341639684,65100
2014-08-22,87.55335235595703,87.84752092912983,87.32642414590772,87.687833082204,211000
2014-08-25,87.88111877441406,88.0576198734574,87.73823784838741,87.95676576679969,89300
2014-08-26,87.6709976196289,87.99878629148961,87.6289772125961,87.99038605751845,101300
2014-08-27,87.59532165527344,87.7886295568005,87.43562750083736,87.72979588080665,111600
2014-08-28,87.34318542480469,87.41883239691852,87.00699019712341,87.31797190489695,56600
2014-08-29,87.36841583251953,87.56173020982976,86.98179349029094,87.44406281925549,53300
2014-09-02,87.70459747314453,87.9567455064927,87.25914150496818,87.3936221660581,80600
2014-09-03,87.48605346679688,87.99874967094277,87.35157924290385,87.99874967094277,191100
2014-09-04,87.53650665283203,88.17527699445102,87.39362575385141,87.62896050802917,138700
2014-09-05,87.7886734008789,87.80548669521117,87.04904876008297,87.52812505026534,48200
2014-09-08,87.75504302978516,88.05761173418382,87.66258916563298,87.74663638420994,97400
2014-09-09,87.30957794189453,87.73822707975617,87.2255307258646,87.73822707975617,57700
2014-09-10,87.42723083496094,87.51128444944976,86.9145409784439,87.33478340132609,101700
2014-09-11,87.52812194824219,87.59536229840234,87.0826658501185,87.0826658501185,67800
2014-09-12,87.13310241699219,87.57015832834442,86.95660128785151,87.48610467527354,87500
2014-09-15,86.92293548583984,87.13305668344381,86.72122093160924,87.13305668344381,90800
2014-09-16,87.41887664794922,87.53654407534178,86.59519824380743,86.8389397469474,85900
2014-09-17,87.68778991699219,88.08281884039317,87.36840155557479,87.57012254564603,86900
2014-09-18,88.16687774658203,88.24251831860323,87.87270927918013,88.01559019014796,88800
2014-09-19,87.83911895751953,88.56193681583075,87.67942470135496,88.54512351918508,135600
2014-09-22,86.7296371459961,87.66257587930303,86.64558352776675,87.58692890537478,68600
2014-09-23,86.0236587524414,86.6120022386115,86.0236587524414,86.46071464644126,72900
2014-09-24,86.43546295166016,86.51951657051642,85.73786536684523,86.04884067200645,133800
2014-09-25,85.15792846679688,86.20853457520701,85.08228790493892,86.20853457520701,149600
2014-09-26,85.88074493408203,85.98160542771896,85.11590061854784,85.35124177036732,82500
2014-09-29,85.55296325683594,85.70425080331806,84.88897938129726,85.17474118443502,266900
2014-09-30,85.24199676513672,85.89757411301714,85.14954289172871,85.57819208549377,120600
2014-10-01,83.59461212158203,84.94779307650586,83.39289757788107,84.93098620302649,261000
2014-10-02,83.62825775146484,83.89721269577791,82.73734570075126,83.5358038881955,155000
2014-10-03,84.65367126464844,84.79655221118412,84.02330735798641,84.15778165696315,113400
2014-10-06,84.33427429199219,85.20837959072723,84.11575277660287,85.09071218631989,139600
2014-10-07,82.39274597167969,83.91402181490729,82.38433932596028,83.91402181490729,129500
2014-10-08,83.58623504638672,83.71230908544331,81.71195698953039,82.45158151966136,450100
2014-10-09,81.72037506103516,83.66189373182408,81.59430100435172,83.54422632222432,235700
2014-10-10,80.43440246582031,81.838017123996,80.39238206820221,81.6447027753018,371700
2014-10-13,79.08963775634766,81.2328770859059,79.00559053825339,80.76220112227291,255700
2014-10-14,80.25790405273438,81.24127629281199,79.54349314575849,79.66956716755215,651400
2014-10-15,80.22428131103516,80.59409671978848,78.0726420144142,79.19889511725799,447600
2014-10-16,80.95553588867188,81.54387297593233,78.77027560577018,78.955183379593,199900
2014-10-17,82.34231567382812,82.87181891020886,81.93047982330978,82.13219442587507,276600
2014-10-20,82.67010498046875,82.70372514990186,82.00612106204613,82.14060173977856,1595100
2014-10-21,84.67886352539062,84.76291074268936,83.31727552054122,83.31727552054122,127600
2014-10-22,83.59461212158203,84.89736604367805,83.54418508875422,84.88055275780896,210500
2014-10-23,85.25879669189453,85.93118081480614,84.64523984750119,84.67045337040656,93900
2014-10-24,85.97322082519531,86.02364787874684,85.07390203330301,85.5109514596651,113500
2014-10-27,85.96481323242188,86.03205357801191,85.17475520271974,85.67905138225268,99500
2014-10-28,87.61215209960938,87.69619931472805,86.44387849600284,86.44387849600284,105000
2014-10-29,87.20870208740234,87.89789934670652,86.55312498859958,87.79703886520227,138900
2014-10-30,87.51970672607422,87.7802614543171,86.5951744453337,86.78848883000472,83100
2014-10-31,88.57872772216797,88.73842194952674,88.25093903303667,88.62915477822118,142900
2014-11-03,88.44425964355469,88.76364170829851,88.19211152080373,88.5871405873301,103600
2014-11-04,88.37698364257812,88.87286662827745,88.16686242916848,88.37698364257812,112900
2014-11-05,88.8308334350586,89.07457477698452,88.48623161676652,89.07457477698452,99400
2014-11-06,89.88145446777344,89.8982613437997,88.88127541585693,88.88127541585693,282500
2014-11-07,89.93189239501953,89.99072608681968,89.56207695376634,89.83943853470623,87900
2014-11-10,90.33531951904297,90.33531951904297,89.95709746809229,89.99912427788377,88300
2014-11-11,90.20085906982422,90.52024109367757,89.99914444488485,90.38576681451543,178900
2014-11-12,90.41097259521484,90.51183310523956,89.94870327309125,89.96551656429126,70500
2014-11-13,90.09158325195312,90.70513367049244,89.85624849347825,90.44458538966543,63800
2014-11-14,90.15882110595703,90.37734899652432,90.02434684341745,90.10839405905362,100600
2014-11-17,90.01593017578125,90.2764848513523,89.87304928386892,90.01593017578125,118600
2014-11-18,90.72198486328125,90.95731972007725,90.01597388049933,90.01597388049933,125200
2014-11-19,90.36056518554688,90.57908671950669,89.98234300004444,90.57908671950669,127200
2014-11-20,90.58747100830078,90.69673816070474,89.83103323639163,89.99913408147788,70300
2014-11-21,91.32707977294922,91.62964839600761,91.16738561190978,91.57922136089621,91500
2014-11-24,91.72212219238281,91.87340974302447,91.41114685834657,91.53722088594651,137600
2014-11-25,91.940673828125,92.10036806516084,91.65491194331676,91.8566265921457,154800
2014-11-26,91.79777526855469,91.99108323296952,91.62127418315305,91.92384930452496,89100
2014-11-28,91.03290557861328,92.00787101323552,90.93205150771448,92.00787101323552,51600
2014-12-01,89.72178649902344,90.6547254945808,89.55369204009472,90.6547254945808,166700
2014-12-02,90.40257263183594,90.50343314931588,89.77220882546878,89.77220882546878,64700
2014-12-03,91.5792465209961,91.6969139101768,90.57066706733515,90.57066706733515,87300
2014-12-04,91.20941162109375,91.53720660667605,90.83119600968476,91.52039331901008,107900
2014-12-05,91.50360107421875,91.84819657778347,91.28507318635366,91.34390687781062,107900
2014-12-08,90.41097259521484,91.57083960473615,90.19244469635717,91.34391147267024,95400
2014-12-09,90.53704833984375,90.57066851048705,89.05779289349772,89.52006222435332,112800
2014-12-10,88.78044128417969,90.39417759466964,88.69639405431073,90.39417759466964,129000
2014-12-11,89.20068359375,89.93190795756726,88.99056231347531,88.99056231347531,97500
2014-12-12,87.55335235595703,88.73843970953111,87.55335235595703,88.73843970953111,143800
2014-12-15,87.3348159790039,88.28456190053181,86.72125899127474,87.99879361193143,232400
2014-12-16,87.17507934570312,88.83083533012986,87.14145918619718,87.29274669777905,150400
2014-12-17,88.26770782470703,88.41059510918646,86.34300334211308,87.2339151473653,128900
2014-12-18,88.94011688232422,88.94011688232422,87.79705684080528,88.15005897975904,118200
2014-12-19,89.39398193359375,89.65453022236173,88.90649911195763,89.04097978512266,78000
2014-12-22,90.14201354980469,90.15882042784891,89.6125103241269,89.6125103241269,98100
2014-12-23,90.62109375,90.85642852741019,90.41097249697066,90.4361860213515,91000
2014-12-24,90.78079986572266,91.0161346740114,90.75558633803352,90.82282027440702,98800
2014-12-26,90.89848327636719,91.16743830639982,90.89007662819293,91.05817111731568,83100
2014-12-29,91.0833740234375,91.1842281330875,90.55386429820486,90.6799383476599,96500
2014-12-30,90.62109375,90.97409591611529,90.51183300688578,90.83962164862021,80100
2014-12-31,89.78059387207031,90.92365381227417,89.77218722787141,90.86482012766326,71600
2015-01-02,89.62089538574219,90.30169246052857,88.83084400357598,90.15880516557934,164700
2015-01-05,87.55335235595703,89.20070277811865,87.30961084892986,89.16708259655691,207200
2015-01-06,86.4018783569336,87.67100635135193,85.77991471193612,87.62057929293327,157200
2015-01-07,86.9061508178711,87.22553281137768,86.48590831528215,87.03222485112612,112400
2015-01-08,88.60392761230469,88.62074090332965,87.55332135695372,87.55332135695372,145000
2015-01-09,87.63736724853516,88.74680718089903,87.55332003185745,88.74680718089903,147100
2015-01-12,86.97338104248047,87.73821897379999,86.51951842298045,87.67097864223162,125000
2015-01-13,86.88935089111328,88.46946704781303,86.048865756662,87.66260208822692,247700
2015-01-14,86.30941009521484,86.41867084104942,85.41009136635384,85.8135205912753,207400
2015-01-15,85.69584655761719,86.90614696335872,85.6622263894142,86.63719203012631,194400
2015-01-16,86.37661743164062,86.37661743164062,85.04865636168941,85.30079794654043,149700
2015-01-20,86.89773559570312,87.10785682625901,85.99841698541955,86.81368838595898,134100
2015-01-21,87.55335235595703,87.73826014834962,86.57839274024234,86.75489388414601,101000
2015-01-22,89.08301544189453,89.25951654635635,87.62897978554082,88.17529639214696,233700
2015-01-23,88.51988220214844,89.0661987485664,88.41062145782158,88.65436288352781,196500
2015-01-26,88.80564880371094,88.82245568237703,88.04921101590242,88.41902005808191,89100
2015-01-27,87.72142791748047,88.17529061883369,87.09106412322193,87.55332705824293,241400
2015-01-28,86.79689025878906,88.3601930002035,86.6540093360256,88.25933889584914,179000
2015-01-29,87.78022003173828,87.91469424303288,86.33458538908415,86.89770857288413,116000
2015-01-30,86.29259490966797,87.41044151805559,86.25897473959708,87.07424622973856,121000
2015-02-02,87.50289916992188,87.5953530385204,85.66223485632278,86.2757917649865,131500
2015-02-03,88.94011688232422,88.99054392720582,87.89791734295974,88.04920488999582,204500
2015-02-04,88.30976867675781,88.86449191741623,88.16688774957939,88.56191677021936,94000
2015-02-05,89.21748352050781,89.29312409212577,88.56190625025248,88.56190625025248,73800
2015-02-06,89.11661529541016,89.75538563189879,88.92330735419863,89.31832988131512,93400
2015-02-09,88.83927154541016,89.24270721050496,88.61234339231409,88.78043784554137,277700
2015-02-10,89.40238952636719,89.4696234512709,88.63754511751493,89.2511019736487,91500
2015-02-11,89.40238952636719,89.6629378178968,89.01576720550692,89.38557623584764,94100
2015-02-12,90.19242858886719,90.21764210877254,89.34354349423089,89.68813895358835,97100
2015-02-13,90.73873901367188,90.7723591754459,90.18402237537593,90.18402237537593,84700
2015-02-17,90.79759979248047,90.9909141772788,90.45300425313403,90.57907188192412,91700
2015-02-18,91.33553314208984,91.38596661893301,90.67995565467237,90.67995565467237,73500
2015-02-19,91.49516296386719,91.79773796227367,91.19258796546069,91.21780147992969,82200
2015-02-20,92.36931610107422,92.38612298204525,90.84803367129642,91.31870969958884,90600
2015-02-23,92.07510375976562,92.24319813902672,91.87338280978487,92.24319813902672,70500
2015-02-24,92.49539184570312,92.52060537381772,91.85662134643155,91.92386169633228,64600
2015-02-25,92.41973876953125,92.68028709276666,92.23483102566395,92.40293188935799,109900
2015-02-26,92.08352661132812,92.37770146588643,91.88181202418363,92.37770146588643,59400
2015-02-27,91.5960693359375,92.14237952291118,91.56244916233425,92.04992564860034,90900
2015-03-02,92.42813110351562,92.42813110351562,91.56243262981778,91.56243262981778,99800
2015-03-03,91.84820556640625,92.21802104169393,91.53723020072532,92.10875388087234,69400
2015-03-04,91.17582702636719,91.4783957648143,90.72196430010784,91.4783957648143,71300
2015-03-05,91.22626495361328,91.28509866148912,90.84804276378877,91.28509866148912,94100
2015-03-06,90.00752258300781,90.95727459987916,89.88985521297981,90.73874673594538,123300
2015-03-09,90.75558471679688,90.90687229262173,90.25969516899612,90.25969516899612,91100
2015-03-10,89.15023040771484,90.04954896719646,89.15023040771484,90.04954896719646,135800
2015-03-11,89.28470611572266,89.51163419787115,89.13341859016022,89.34353979719748,72200
2015-03-12,90.42777252197266,90.49501285681973,89.30993241399868,89.30993241399868,99700
2015-03-13,89.64614868164062,90.33534624433699,89.13345222998191,90.24289236535638,112500
2015-03-16,90.915283203125,90.94890338085554,90.02437093664186,90.02437093664186,149400
2015-03-17,90.84800720214844,90.99929473637944,90.40255124368788,90.66310591576895,103600
2015-03-18,91.78096771240234,92.08354285268172,90.09159732696676,90.54546003738584,66700
2015-03-19,91.2934799194336,91.66328894649432,90.96569129351606,91.5540282086523,53100
2015-03-20,91.83979797363281,92.07513917245743,91.3859416925939,91.41955545146257,68600
2015-03-23,91.30187225341797,91.98266938191081,91.30187225341797,91.98266938191081,107700
2015-03-24,90.95729064941406,91.33550634661351,90.78918979657618,91.20103207673507,102600
2015-03-25,89.44441986083984,90.99931596221458,89.42761298084535,90.99931596221458,121000
2015-03-26,89.16706085205078,89.46123576587931,88.62915090302691,88.87289235061466,107200
2015-03-27,89.62089538574219,89.68813571131943,89.06617873070593,89.14181928768754,74400
2015-03-30,90.89004516601562,91.08335953274411,90.06637347708222,90.06637347708222,119700
2015-03-31,90.22608947753906,90.53707132564867,90.06640164193122,90.53707132564867,145700
2015-04-01,89.44441986083984,89.93190274177876,89.09141766942568,89.93190274177876,98300
2015-04-02,89.6629409790039,90.14201717743728,89.22589159595961,89.22589159595961,85800
2015-04-06,90.20926666259766,90.52024204339347,89.06620642196137,89.06620642196137,74000
2015-04-07,89.97393798828125,90.50344132500148,89.93191116577003,90.28491339025018,83500
2015-04-08,90.20085906982422,90.25128612296098,89.72178282784803,89.99914444488485,71500
2015-04-09,90.62950134277344,90.6715217463834,89.75539615154895,90.21765906560962,113000
2015-04-10,91.90704345703125,91.94907027655587,91.28508628489949,91.31029981165732,79500
2015-04-13,91.14219665527344,91.93224820527779,91.08336296099235,91.69691342815345,91300
2015-04-14,91.25987243652344,91.33551301653036,90.36055364844023,90.75558266596701,114500
2015-04-15,91.5792465209961,91.91544180968033,91.46998577744021,91.50360594754783,96200
2015-04-16,91.32707977294922,91.63805503932285,91.10855193348314,91.41112696893155,123100
2015-04-17,90.24285888671875,90.94886306895332,89.90666367082069,90.94886306895332,90500
2015-04-20,91.2010498046875,91.34393074807946,90.63791985370744,90.63791985370744,69400
2015-04-21,91.04975891113281,91.43638131520048,90.77239726939094,91.43638131520048,92500
2015-04-22,91.41954040527344,91.46156721553032,90.51182158019958,91.1421852597072,117200
2015-04-23,91.32707977294922,91.67167520019379,91.01609809418557,91.10855193348314,96300
2015-04-24,90.95729064941406,91.4447735040561,90.79759644231603,91.4447735040561,80700
2015-04-27,90.83122253417969,91.31870542060078,90.73876866218974,91.1506045568044,101700
2015-04-28,91.07495880126953,91.07495880126953,90.15042654630692,90.75557679679646,71700
2015-04-29,90.6126937866211,90.94888909873903,90.21766477581193,90.69674742394474,113400
2015-04-30,89.6629409790039,90.47821246337459,89.37717274162009,90.37735195387589,89400
2015-05-01,90.72198486328125,90.78081857748025,89.96554681472702,89.96554681472702,85600
2015-05-04,90.8648452758789,91.31870800237238,90.79760492845932,90.87325192240446,106800
2015-05-05,89.7133560180664,90.99929688317165,89.59568864559867,90.7219417408639,69200
2015-05-06,89.65454864501953,89.94871716252595,89.15866548870765,89.94871716252595,77700
2015-05-07,90.1672134399414,90.3100943250841,89.4612092457843,89.4612092457843,96600
2015-05-08,91.0833740234375,91.34392235655672,90.88165297935244,90.88165297935244,81600
2015-05-11,91.01612091064453,91.38593636054235,90.92366704817007,90.92366704817007,72700
2015-05-12,90.8648452758789,91.04134637856096,90.23448144670338,90.63791070643593,88900
2015-05-13,91.04975891113281,91.52883519578111,90.8732577970406,91.16742632052764,73700
2015-05-14,91.96585845947266,92.10033912469648,91.39432845705358,91.42794862335953,87800
2015-05-15,91.940673828125,92.15079512426979,91.63809864868506,92.09196141784498,85100
2015-05-18,92.18440246582031,92.29366321614116,91.79778010423253,91.81458698413105,82300
2015-05-19,91.96585845947266,92.27684018850944,91.8397844389231,92.27684018850944,74400
2015-05-20,91.60445404052734,92.10034350161767,91.47838001398631,91.95746259732049,61600
2015-05-21,92.00790405273438,92.18440515257787,91.57084821392847,91.59606815309957,93200
2015-05-22,91.62968444824219,92.10876070746586,91.57925739328996,91.91545272188733,62700
2015-05-26,90.55384826660156,91.43636004415488,90.36894054845581,91.43636004415488,109100
2015-05-27,91.21780395507812,91.28504427041281,90.69670754220778,90.75554121502827,64200
2015-05-28,90.82281494140625,91.04134285586808,90.48662604210155,91.04134285586808,66200
2015-05-29,89.9991455078125,90.70514990963464,89.75540406078561,90.70514990963464,82900
2015-06-01,90.3185043334961,90.58745923829726,89.69654731846664,90.29329081310703,76500
2015-06-02,90.55384826660156,90.94047058072842,89.93189118843154,90.12520555169066,77100
2015-06-03,91.09176635742188,91.36912795968937,90.56226309050463,90.74717082534963,81800
2015-06-04,90.04955291748047,90.86482430772995,89.96550570879712,90.86482430772995,88400
2015-06-05,90.23445892333984,90.29329260954842,89.5452615653004,90.0579578647141,69500
2015-06-08,89.51164245605469,90.16721965651085,89.51164245605469,90.13359949079631,52900
2015-06-09,89.4864273071289,89.83942942212413,89.20065910994884,89.4528071420259,76300
2015-06-10,90.42777252197266,90.62949352651387,89.73017488820595,89.76379505562949,86900
2015-06-11,90.72198486328125,90.83124564325256,90.44462317674571,90.59591078645656,75200
2015-06-12,90.35212707519531,90.62948863216741,90.15881272604754,90.38574724080323,92200
2015-06-15,89.62089538574219,90.36052614231106,89.1838460942709,89.69654235511418,58700
2015-06-16,89.67133331298828,89.71335370927915,89.32673143649338,89.54525929933428,74200
2015-06-17,89.83104705810547,90.05798163079093,89.31835062339246,89.81424017720667,140800
2015-06-18,90.8060073852539,91.03293553183408,89.98232919834919,89.98232919834919,109300
2015-06-19,90.58747100830078,90.99090662411619,90.57906436294859,90.82280577902995,67500
2015-06-22,90.98249053955078,91.20101840929537,90.83960964534471,90.97408389507075,53500
2015-06-23,90.95729064941406,91.19262543099522,90.79759644231603,91.11698485651208,73100
2015-06-24,90.09998321533203,90.89004111275871,90.08317633794456,90.7387535667066,61800
2015-06-25,89.49486541748047,90.26811024954618,89.4108117689747,90.26811024954618,83000
2015-06-26,89.62089538574219,89.83101659387827,89.44439434039472,89.55366147255533,72000
2015-06-29,87.8306884765625,89.17546328559125,87.78866165874607,88.88129479805248,129500
2015-06-30,88.00719451904297,88.64596499390625,87.78866659641217,88.5030840651214,86400
2015-07-01,88.20049285888672,88.90649714017098,87.83067742827613,88.71318919227275,91400
2015-07-02,88.10803985595703,88.53668256844155,87.8895119709862,88.41901518708603,70500
2015-07-06,87.68778991699219,88.27612677372294,87.33478780295373,87.44404852994921,73300
2015-07-07,88.24253845214844,88.32658568881223,86.7464758373964,87.82229585643638,93100
2015-07-08,86.63719940185547,87.65418553006039,86.42707814200176,87.50289796647003,98500
2015-07-09,86.93977355957031,87.82227899367989,86.93136691380015,87.52811051564336,134100
2015-07-10,87.95674896240234,88.00717600609696,87.53650649857089,87.80546141892737,63900
2015-07-13,88.7972412109375,88.82245473486353,88.44423905118974,88.44423905118974,147500
2015-07-14,89.04940032958984,89.21750120938904,88.62075751398588,88.63756439576936,123400
2015-07-15,88.61231994628906,88.94851517618176,88.46103241345689,88.94851517618176,72500
2015-07-16,89.07461547851562,89.25111658351412,88.95694166279075,89.11663588691,60600
2015-07-17,89.01576232910156,89.26790396155873,88.83925485027305,89.25109708435137,87500
2015-07-20,88.96531677246094,89.18384462078127,88.91488973530635,89.12501093997082,55500
2015-07-21,88.12483978271484,88.7047764110746,88.04079257586045,88.7047764110746,102900
2015-07-22,87.75504302978516,88.22571258372946,87.57853553466428,87.99877803994079,82500
2015-07-23,86.93977355957031,87.9987800805018,86.86412657242269,87.89792598082751,76100
2015-07-24,85.81352233886719,87.1498969030656,85.71266823677888,87.1498969030656,90500
2015-07-27,85.32601928710938,85.6117874710098,85.08228432312295,85.25037872843576,274200
2015-07-28,86.79689025878906,86.93977759394473,85.75469056864351,85.8219309131412,108100
2015-07-29,87.94834899902344,88.02399598270331,86.79688225218841,86.79688225218841,64300
2015-07-30,87.92314910888672,87.96517592993585,87.45247949262081,87.72983470941031,54600
2015-07-31,87.98198699951172,88.25094199480971,87.88112647162762,88.12486793805283,79400
2015-08-03,87.52812194824219,87.98198469323408,87.16671308162232,87.98198469323408,78700
2015-08-04,87.48605346679688,88.01556295667294,87.30955244096809,87.58691394400891,87700
2015-08-05,87.90632629394531,88.51988318788538,87.83909236489875,88.02400009765856,162300
2015-08-06,87.4776840209961,88.04921410154803,87.25915611632837,88.04080745572452,95100
2015-08-07,86.98178100585938,87.46085714511943,86.73803961397044,87.32638289478919,81400
2015-08-10,88.65438079833984,88.73842803498985,87.79708231228759,87.79708231228759,97400
2015-08-11,87.71302032470703,88.05761586073848,87.41044519373735,87.9147349412228,90800
2015-08-12,87.65418243408203,87.82227687107105,86.25057400680929,87.08265237097092,113800
2015-08-13,87.65418243408203,87.93994425944172,87.29277362340306,87.67098931282423,78200
2015-08-14,88.2257308959961,88.28456460245076,87.5197200061472,87.5197200061472,61000
2015-08-17,88.68799591064453,88.6964025581552,87.5029151073686,87.91475106188643,58900
2015-08-18,88.50306701660156,88.67116144015722,88.36858634784406,88.53668077139972,93400
2015-08-19,87.75504302978516,88.36018685097423,87.36841428202604,88.03239820984992,69200
2015-08-20,85.70425415039062,87.09945587808805,85.69584750514908,87.09945587808805,182000
2015-08-21,83.44334411621094,85.12431400223417,83.44334411621094,84.85535907696611,245000
2015-08-24,80.62772369384766,82.82979663095303,70.53349737546971,81.87164427499218,337000
2015-08-25,79.4930419921875,82.81295388895941,79.4930419921875,81.42615289462069,1508100
2015-08-26,81.77919006347656,82.29188640765078,79.66957099543465,80.30834136746002,167000
2015-08-27,83.70391082763672,83.88041834743925,82.32551573057532,82.59447071506553,165900
2015-08-28,83.98126220703125,84.07371607282545,83.4349456579906,83.4349456579906,98800
2015-08-31,83.39292907714844,84.04850640109423,83.12397411316061,83.52740335294627,110900
2015-09-01,81.19924926757812,82.60285755595298,80.80422032611416,82.60285755595298,184100
2015-09-02,82.77938079833984,82.77938079833984,81.56067989328962,82.10699652439216,213900
2015-09-03,83.04832458496094,83.73752205989204,82.74574945817247,83.12397157285403,121500
2015-09-04,81.86324310302734,82.26667232598793,80.93030420789216,82.26667232598793,78100
2015-09-08,84.05687713623047,84.06527736635945,83.06510492790909,83.14074547340651,101800
2015-09-09,83.23323822021484,84.78813436887305,83.09876393899302,84.5948263872931,81700
2015-09-10,83.25846099853516,83.7711574782216,82.90545875716214,83.20803393902276,117100
2015-09-11,83.6198501586914,83.6198501586914,82.77936516568546,83.00629970473636,109600
2015-09-14,83.18279266357422,83.61144176363268,83.0062916017598,83.61144176363268,55900
2015-09-15,84.53598022460938,84.67045448600695,83.30887293204597,83.44334719344354,106300
2015-09-16,85.2840347290039,85.37648861449297,84.47716970214833,84.59483711779019,71300
2015-09-17,84.88898468017578,86.19173899022424,84.7376971242501,85.17474650115116,80100
2015-09-18,83.04832458496094,84.00647701566047,82.8970370215667,83.77954887676509,55400
2015-09-21,83.45176696777344,84.0485106237147,83.13238493586461,83.4601736143057,74600
2015-09-22,82.18264770507812,82.44319608373834,81.67835783150616,82.35914884020863,80800
2015-09-23,81.6240005493164,82.2636202442028,81.30845249081517,82.23803649745503,83000
2015-09-24,81.00999450683594,81.1720336381209,80.07188657600014,80.97588066306277,99700
2015-09-25,81.12085723876953,81.77753076644946,80.8138391849959,81.76900067980306,112400
2015-09-28,79.43226623535156,80.64327840357701,79.38962230421741,80.60916455997977,105700
2015-09-29,79.72223663330078,79.98661080782442,79.25317938183865,79.65400894098795,121800
2015-09-30,80.98438262939453,81.01849646132192,79.92687986583813,80.72000856514246,125300
2015-10-01,80.8223648071289,81.24025447821502,80.02071231895424,81.24025447821502,95500
2015-10-02,81.81163024902344,81.81163024902344,79.59428308821722,79.86718725406186,72300
2015-10-05,84.28486633300781,84.3616176146939,82.49393152159915,82.49393152159915,86900
2015-10-06,84.12278747558594,84.65154213503166,84.09720372709715,84.20806880606467,67600
2015-10-07,85.28264617919922,85.59819431242009,84.50657097582473,84.59185882724356,104300
2015-10-08,86.63011932373047,86.81774219887646,85.03533139153947,85.11208916162191,70000
2015-10-09,86.94564819335938,87.2782499662188,86.63863017125082,86.83478310458925,61600
2015-10-12,86.91156005859375,86.98831132779759,86.55336794932447,86.93714381499503,59500
2015-10-13,85.96492767333984,86.81775431094619,85.93933740870891,86.42544833188249,49900
2015-10-14,85.0523910522461,86.13547786148378,84.95004952827051,85.90521756572613,104700
2015-10-15,85.89672088623047,85.97347217915028,84.90743862269201,85.385026080441,93100
2015-10-16,85.58111572265625,86.15250776752274,85.16323266813953,86.15250776752274,70700
2015-10-19,85.66644287109375,85.80289827174768,85.12916437076005,85.22297583207173,60000
2015-10-20,86.09284210205078,86.48514806123923,85.2826594399911,85.69201906818529,60200
2015-10-21,85.990478515625,86.9456398199309,85.91372076421563,86.28896642322059,59200
2015-10-22,88.13961029052734,88.47221207789713,86.47660135367845,86.63011037142982,92100
2015-10-23,88.52338409423828,88.67689310853196,88.0372733000665,88.67689310853196,126700
2015-10-26,88.34429168701172,88.7877650990093,88.15667532745084,88.4210494533977,56000
2015-10-27,87.3208999633789,88.15667274982962,87.09916326386349,87.74731318968959,62200
2015-10-28,88.23343658447266,88.27608051580211,87.14181961056295,87.45736778536983,87000
2015-10-29,88.19078063964844,88.31017581443744,87.73877718474827,87.90934636769617,94300
2015-10-30,88.05433654785156,88.56603114899883,88.05433654785156,88.19079191165076,65000
2015-11-02,89.19711303710938,89.35915214062639,88.13108000144328,88.44662812235819,70700
2015-11-03,89.22268676757812,89.52970474550094,88.9412525367242,89.07770135660762,87900
2015-11-04,88.992431640625,89.4956025892987,88.84745271728895,89.4188448315303,159800
2015-11-05,89.16300201416016,89.2738671029216,88.591603385723,89.16300201416016,69900
2015-11-06,89.3250503540039,89.3250503540039,88.36988878937285,89.01803227778673,66900
2015-11-09,88.39547729492188,89.00951348035395,87.70468333303553,89.00951348035395,98000
2015-11-10,88.48926544189453,88.73658586849591,87.80700174737015,88.18224743001345,137600
2015-11-11,88.60865783691406,89.02654092078254,88.40398133758747,88.65129524989328,93900
2015-11-12,87.18445587158203,88.41252160591253,87.18445587158203,88.01169211026132,132000
2015-11-13,86.86035919189453,87.5085090154447,86.73243394287762,86.90300311041632,76700
2015-11-16,87.84113311767578,87.89230062768713,86.49366563060931,86.54483964717076,66600
2015-11-17,87.73876953125,88.34427543816113,87.54262312115617,88.13959894302673,86900
2015-11-18,88.96685028076172,88.96685028076172,87.92640102594807,87.93493111182907,81100
2015-11-19,89.29093170166016,89.37621955666532,88.91569246714667,88.91569246714667,155800
2015-11-20,89.70027923583984,90.05846475517457,89.53824014095315,89.53824014095315,52000
2015-11-23,89.46149444580078,89.93907516790817,89.22270408474708,89.71733847269431,58800
2015-11-24,89.47856903076172,89.65766184342196,88.60015863728732,88.91570683476539,115600
2015-11-25,89.50414276123047,89.60648428837806,89.33358005586797,89.56384035876236,61500
2015-11-27,89.64910888671875,89.7855577202759,89.31650712839655,89.47853971158638,36100
2015-11-30,89.13743591308594,89.76853229981376,89.12038224348149,89.76853229981376,59100
2015-12-01,89.64910888671875,89.83672521954124,89.1459379532642,89.27386320797628,121600
2015-12-02,88.77068328857422,89.70879739046835,88.62570438429897,89.63203964279153,95300
2015-12-03,87.67906951904297,89.01800654517135,87.38911170118442,89.01800654517135,171700
2015-12-04,88.8048095703125,88.85598357812086,87.61085783060079,87.75583675520164,106800
2015-12-07,88.2590103149414,88.6768999735389,87.9946361890713,88.6768999735389,78900
2015-12-08,86.9371337890625,87.47441213117968,86.74098083502307,87.36354703070938,108600
2015-12-09,86.53630828857422,87.65350895107524,86.05872751801806,86.57894571077387,150200
2015-12-10,86.97978210449219,87.50853693272471,86.51073138385658,86.59601274155845,103200
2015-12-11,85.42761993408203,86.39131794164065,85.28264100594373,86.06723974162661,90400
2015-12-14,85.4447021484375,85.54703717985294,84.53217791452862,85.39352812617896,135100
2015-12-15,85.615234375,86.0757613719785,85.43614162726645,85.74315962525212,89800
2015-12-16,87.09918212890625,87.32944896465582,85.89669995366702,86.16107412914532,132500
2015-12-17,85.83699798583984,87.48295357249175,85.83699798583984,87.45736981572031,119700
2015-12-18,84.48951721191406,85.35939733905568,84.48951721191406,85.35939733905568,122600
2015-12-21,85.07796478271484,85.43615031460305,84.66007515562944,84.95003951945502,120400
2015-12-22,86.16958618164062,86.39984646264473,85.24853204452516,85.52996633751314,118900
2015-12-23,87.28857421875,87.30572037209087,86.55973513595163,86.55973513595163,95200
2015-12-24,87.30573272705078,87.51151930544528,87.14281480899324,87.14281480899324,64900
2015-12-28,86.97129821777344,87.17708472786639,86.43110617559125,86.93699937578542,192100
2015-12-29,87.83732604980469,87.95736872592974,87.36572514943111,87.4171701415318,99900
2015-12-30,87.15995788574219,87.87164429551954,87.11708268830051,87.70015004758946,105500
2015-12-31,86.62833404541016,87.27999909270392,86.43112384096587,86.91987099097706,94000
2016-01-04,85.2478256225586,85.2478256225586,84.33035278932073,85.10206043920205,181900
2016-01-05,85.35929870605469,85.65940542010102,84.7419325846818,85.47076504503312,97400
2016-01-06,84.05598449707031,84.7590945908583,83.56723731653278,84.21032605628412,102000
2016-01-07,81.71515655517578,83.12137693905899,81.45791840663021,82.74409606568227,157700
2016-01-08,80.63475036621094,82.34107724213779,80.59187516888228,82.20388838599204,123800
2016-01-11,80.78910064697266,81.32929286576152,79.95737144689012,81.06348493074694,178700
2016-01-12,81.26067352294922,81.48361273848036,80.29175570988158,81.32927121108736,157500
2016-01-13,79.21994018554688,81.7665720787111,78.97985482247229,81.64652939717381,133200
2016-01-14,80.15458679199219,80.70335534978229,78.5425734293762,79.53722052901902,126000
2016-01-15,78.6711654663086,79.00557098690577,77.74511638996178,78.13097344269045,240300
2016-01-19,78.54254150390625,79.62293202495906,77.83943166616845,79.56291069278026,292700
2016-01-20,77.7451171875,78.38820574014316,75.65294021134875,77.38498916806024,261000
2016-01-21,78.03666687011719,78.85981956753689,77.2992580187511,77.86517263617384,252700
2016-01-22,78.91983032226562,79.40857737519705,78.23386656222648,79.06559549517749,154100
2016-01-25,77.79657745361328,78.84266278820506,77.72797976359014,78.6883212565709,353100
2016-01-26,79.4428939819336,79.49433898579802,78.04524365314069,78.04524365314069,137400
2016-01-27,78.51683044433594,79.92305032459132,78.14812605244974,79.11704385352951,131500
2016-01-28,78.88555145263672,79.15135936957844,78.21674021527566,79.11706051870904,196300
2016-01-29,81.04631805419922,81.11491574860098,79.22852494540597,79.25424744534757,123300
2016-02-01,80.8662338256836,81.2435145088744,79.92303865954115,80.55755081977013,135500
2016-02-02,79.09989929199219,80.22315864112521,78.85123757694831,80.22315864112521,117300
2016-02-03,80.13740539550781,80.32604574628567,78.16527114154589,79.63151222008983,125400
2016-02-04,81.58651733398438,82.20388350457144,80.06882440765179,80.06882440765179,89000
2016-02-05,80.54039764404297,81.55219039918163,80.25743715633878,81.30352874712347,87500
2016-02-08,79.69154357910156,79.78586376635447,78.67117421254865,79.65724473447908,85900
2016-02-09,79.92304992675781,80.55756217643767,78.81693675660512,78.82551310293249,125300
2016-02-10,79.68294525146484,80.92624695233806,79.67436890721613,80.3431798382698,306000
2016-02-11,78.16527557373047,79.23708986225681,77.25637260861214,78.37963843143574,129300
2016-02-12,79.79442596435547,79.8115786559494,78.62829152570102,78.7569105453152,122700
2016-02-16,81.4321517944336,81.57791694680165,80.20599616191397,80.52325550103944,181700
2016-02-17,82.8298110961914,83.18136934068107,82.04095730999806,82.04095730999806,140300
2016-02-18,82.77835083007812,83.04415864464605,82.46966783297728,82.9498384765411,87900
2016-02-19,82.57257080078125,82.70118327476511,81.93805206723131,82.31533276914371,88000
2016-02-22,84.01310729980469,84.35608269267327,83.3871647783306,83.3871647783306,104800
2016-02-23,83.24138641357422,83.94449632466242,83.12134373669345,83.75585596332543,94300
2016-02-24,83.38714599609375,83.50718866492643,81.73226458508914,82.47824963440779,113200
2016-02-25,84.3903579711914,84.40751066114609,83.37856514440267,83.55862913792002,117400
2016-02-26,84.66477966308594,85.16210322286747,84.58761214958744,84.86199643397771,117300
2016-02-29,84.18460845947266,85.09350517123511,84.18460845947266,84.63048046660971,100200
2016-03-01,85.8737564086914,85.96807658317185,84.68189952225836,84.80194219126349,111600
2016-03-02,86.11385345458984,86.11385345458984,85.2821244620918,85.74514905199284,123400
2016-03-03,86.79125213623047,86.85984983437994,86.13958708748355,86.14816343521137,73800
2016-03-04,87.20280456542969,87.77730197392096,86.64546639016214,86.83410020259277,100900
2016-03-07,87.54580688476562,87.60582823497776,86.79982818096289,86.90271818599139,100800
2016-03-08,86.24246215820312,86.89412050283445,86.17386447713616,86.89412050283445,88400
2016-03-09,86.39682006835938,86.71407295529957,86.21675602775748,86.59403026156498,86100
2016-03-10,86.26817321777344,87.02272798398437,85.5650634346259,86.84266400142837,81000
2016-03-11,87.5972671508789,87.66585831378178,86.87700433478264,86.87700433478264,135300
2016-03-14,87.64866638183594,87.82015401228526,87.22851710795148,87.33998341356015,107100
2016-03-15,87.38287353515625,87.40001968439978,86.73120865270891,86.98844014237123,96100
2016-03-16,88.12026977539062,88.34320895156264,87.14277578841988,87.25424864742311,147400
2016-03-17,89.97235870361328,90.16957536684475,88.29175506143233,88.29175506143233,78800
2016-03-18,90.70123291015625,90.81270580948987,90.05814418385981,90.16961708319343,91500
2016-03-21,90.8761215209961,90.96227504011755,90.39364998235004,90.68657983507359,77200
2016-03-22,90.62625122070312,90.92779175598574,90.31609336352938,90.38501879247703,116800
2016-03-23,89.90255737304688,90.46256504269134,89.87671197758644,90.44533697008153,59600
2016-03-24,89.76470184326172,89.76470184326172,89.0754607094483,89.37700124058269,68500
2016-03-28,89.83363342285156,89.99732969426476,89.35978582768993,89.88533078771925,122400
2016-03-29,90.62625122070312,90.66071393517694,89.23915818531242,89.61823489834312,76500
2016-03-30,90.94502258300781,91.46195674269157,90.82440636523917,91.12594690966077,77700
2016-03-31,90.64349365234375,90.9967316018471,90.50564934570001,90.91057151546657,46800
2016-04-01,90.89334106445312,90.95364917948692,89.48901977261387,90.06625552695041,171000
2016-04-04,89.83363342285156,90.81580447823919,89.76471455818054,90.81580447823919,74300
2016-04-05,89.25640106201172,89.6785578814355,89.10993943102066,89.22193834182116,138600
2016-04-06,89.68716430664062,89.68716430664062,88.66192644119073,89.27362486078768,73600
2016-04-07,88.91180419921875,89.45458397093977,88.62749818456257,89.15304330503561,52200
2016-04-08,89.4545669555664,90.27303526063675,89.26502526645311,89.48041235442871,59500
2016-04-11,89.35978698730469,90.38503152477978,89.35978698730469,89.77332647306345,79200
2016-04-12,90.04902648925781,90.30749361155263,89.34255713782288,89.34255713782288,114800
2016-04-13,91.53089141845703,91.59981686140493,90.60042423102847,90.60042423102847,83900
2016-04-14,91.48780059814453,91.76349574456567,91.37579513132012,91.72903302962668,83300
2016-04-15,91.64289855957031,91.66874395786897,91.41027682869813,91.5653557915822,66100
2016-04-18,91.89273071289062,92.02195767956016,91.11733604741903,91.34133383837347,74000
2016-04-19,92.37520599365234,92.70259196792829,92.0133573000171,92.22874436619402,74700
2016-04-20,92.30628204345703,92.7370561827575,92.0392041804801,92.37520748328713,129400
2016-04-21,91.9444580078125,92.46138579901906,91.79799633870445,92.28046140075143,80200
2016-04-22,92.28042602539062,92.34935145728744,91.80657189746364,91.97888547720571,51300
2016-04-25,91.55671691894531,92.07365105562108,91.28963910192928,92.06503373385232,61500
2016-04-26,92.47859954833984,92.50445152102411,91.76351939162777,91.76351939162777,60000
2016-04-27,93.1506118774414,93.30569084654346,92.29767426083396,92.65091224665788,89300
2016-04-28,92.15119171142578,93.27120696454261,91.9874954553157,92.47857765055504,66600
2016-04-29,91.6170425415039,92.04781668903347,91.1518122464928,91.71181337980775,58800
2016-05-02,91.97889709472656,92.09951332923512,91.40165474604495,91.81520081656845,90100
2016-05-03,91.10871887207031,91.39303134538314,90.59179128528667,91.39303134538314,75500
2016-05-04,90.03179931640625,90.76411407278253,89.70441332156881,90.69518862973506,90600
2016-05-05,89.86810302734375,90.53149891372696,89.79918415739222,90.27303178885964,56300
2016-05-06,90.5056381225586,90.62625434082427,89.46315904983383,89.53208448115448,66500
2016-05-09,90.10932922363281,90.51425795692224,89.99733031631318,90.4625671647888,158300
2016-05-10,91.69457244873047,91.73765248667952,90.5487117994314,90.60040915958845,55100
2016-05-11,90.98809051513672,91.90994667005745,90.98809051513672,91.5567088128096,54800
2016-05-12,90.71243286132812,91.40166764534831,90.28165865640574,91.26382331778137,49800
2016-05-13,89.64411163330078,90.84166335652256,89.41148988960013,90.62627626136623,98200
2016-05-16,90.63489532470703,90.96228794614916,89.83365499431973,89.83365499431973,51100
2016-05-17,90.21271514892578,91.23795965481582,89.98010001698917,90.47979299912917,64400
2016-05-18,89.962890625,90.72105749351343,89.51488830795473,89.90258249437673,329200
2016-05-19,89.2047119140625,89.44594438675529,88.5757787618918,89.3253281504089,63300
2016-05-20,89.82503509521484,90.15242111022522,89.52349447966681,89.52349447966681,46400
2016-05-23,89.61823272705078,90.01455064735234,89.4631538022212,89.91977982811812,60900
2016-05-24,90.72103881835938,90.9536539677095,90.10072298930315,90.10072298930315,66200
2016-05-25,91.3930435180664,91.58258519218677,91.12595908040056,91.13457640370379,61600
2016-05-26,91.20350646972656,91.77212494783582,91.18627182224598,91.57397251345384,87600
2016-05-27,91.53089141845703,91.57397146357248,90.73826854383225,91.34134973689632,109900
2016-05-31,91.68598175048828,91.90136885659622,91.22936213723429,91.66013634945018,59600
2016-06-01,91.66874694824219,91.75490046974555,90.76411853972607,91.21212736849128,56600
2016-06-02,91.8152084350586,91.84105383415616,91.35858885608873,91.59120402105914,60800
2016-06-03,91.7979736328125,91.88412714785493,91.01396152781518,91.71181354467822,71300
2016-06-06,92.60781860351562,92.7284348314329,91.84965851759388,91.90134930867517,64600
2016-06-07,93.03858184814453,93.37458509707788,92.7456586354706,92.7456586354706,53400
2016-06-08,93.65888977050781,93.7364325147067,93.19365302458485,93.19365302458485,58400
2016-06-09,93.5727310180664,93.60719372765192,93.07303158871116,93.21088242705319,65800
2016-06-10,92.41827392578125,92.86628267751806,92.13396801101156,92.80597456552555,78500
2016-06-13,91.34996032714844,92.34935945695139,91.34996032714844,92.06504695556694,71400
2016-06-14,91.32413482666016,91.59983006509995,90.83305247778014,91.23798129710266,55000
2016-06-15,91.3930435180664,92.0822782012138,91.28965535770301,91.61704133921613,82300
2016-06-16,91.50505828857422,91.60844646685716,90.17827291286105,90.85889696376479,66400
2016-06-17,91.59980010986328,91.88411258021,91.1776433519214,91.46195582226812,88800
2016-06-20,92.5905990600586,93.34875921582008,92.46136549735928,92.46136549735928,71700
2016-06-21,92.37770080566406,92.67195586835099,92.22192026726009,92.63733723728025,44600
2016-06-22,92.11807250976562,92.71522574789381,92.07479756949989,92.5161768694607,360300
2016-06-23,93.28641510009766,93.28641510009766,92.810417210156,93.05274100764329,159600
2016-06-24,89.3486557006836,91.07954794302137,89.14095048039543,90.0323589287466,147500
2016-06-27,87.08981323242188,88.65627470587938,86.57054704463343,88.65627470587938,106100
2016-06-28,88.48318481445312,88.48318481445312,87.61773893550902,88.03315586264654,128200
2016-06-29,90.118896484375,90.25737102430669,89.32268768825621,89.40923097429878,62700
2016-06-30,91.97093200683594,91.97093200683594,90.17945927510821,90.1967718905262,82700
2016-07-01,92.35173797607422,92.70657399047978,91.87574665782928,91.87574665782928,72500
2016-07-05,91.3910903930664,91.91901294729,90.94106140729687,91.91901294729,122400
2016-07-06,91.89302825927734,91.89302825927734,90.54293502774368,91.06220114734687,93200
2016-07-07,92.13536071777344,92.54212130747545,91.69398150311513,91.91899926391727,84900
2016-07-08,93.96144104003906,94.09125921789118,92.69789108812054,92.7238534031256,69800
2016-07-11,94.60189056396484,94.86152697879538,94.22109885246257,94.22109885246257,78700
2016-07-12,95.55388641357422,95.72697295502458,94.86152704211617,95.12981316221271,579200
2016-07-13,95.70100402832031,96.11641434025876,95.29424342087752,95.79620360039534,1282900
2016-07-14,96.35874938964844,96.6183858170894,96.22028147042091,96.33278706747006,88600
2016-07-15,96.42797088623047,96.60106401050268,96.18564711507693,96.56644538564824,84000
2016-07-18,96.30682373046875,96.52318521678012,96.09046224415737,96.35874837427833,135500
2016-07-19,96.26355743408203,96.47991892497666,95.90872141965707,96.05584564878653,77500
2016-07-20,96.5750961303711,96.84338882517707,96.17699184449664,96.3673909818339,56100
2016-07-21,95.70964050292969,96.49719928980883,95.51059168179837,96.35007509978534,58000
2016-07-22,95.86544799804688,95.90006662947752,95.0259709464616,95.29425708651314,40100
2016-07-25,95.30290985107422,95.64043324143567,95.11251068670036,95.64043324143567,56400
2016-07-26,96.14238739013672,96.14238739013672,95.44137828373148,95.44137828373148,68400
2016-07-27,95.73565673828125,96.31550408166244,95.51929519796019,96.23761049367515,61200
2016-07-28,95.7529296875,95.84812926059003,95.19904486379144,95.57984315615155,37100
2016-07-29,95.50196075439453,95.80486552106247,95.13847503439301,95.43272349263366,83700
2016-08-01,95.3201904296875,95.70963835993014,95.02594205622894,95.5452081641614,52500
2016-08-02,94.4807357788086,95.32021943343453,94.17783100724995,95.13847657049935,66800
2016-08-03,94.8528823852539,94.90481363633053,94.35957841841527,94.35957841841527,72000
2016-08-04,95.00865936279297,95.25963949127363,94.88749745288214,95.00000305413394,31500
2016-08-05,96.0472183227539,96.10779929020697,95.35485874943576,95.35485874943576,45500
2016-08-08,96.0904541015625,96.46259609059632,95.9260172729949,96.1250727287782,52700
2016-08-09,96.07318878173828,96.28089403017931,95.90009557234511,96.09049480126221,239500
2016-08-10,95.97797393798828,96.09913586392275,95.66641281334826,96.05586091773341,44400
2016-08-11,96.5750961303711,96.69626462008105,96.14237321926917,96.14237321926917,55100
2016-08-12,96.25491333007812,96.40203757786188,96.06451413749703,96.35876263306452,82900
2016-08-15,96.92996215820312,97.0511240826745,96.4193521340494,96.4193521340494,44500
2016-08-16,96.42797088623047,96.72222589607945,96.41066487521702,96.71356958915895,70600
2016-08-17,96.73955535888672,96.77417399213347,96.22028906584364,96.48857521996958,56200
2016-08-18,97.0424575805664,97.0424575805664,96.6357035070367,96.6357035070367,56700
2016-08-19,97.13765716552734,97.18958841543733,96.57511594511027,96.67031553331142,52800
2016-08-22,97.0424575805664,97.18093210989232,96.6357035070367,96.92995197761083,95200
2016-08-23,97.31074523925781,97.6309560166203,97.31074523925781,97.31074523925781,85100
2016-08-24,96.97322082519531,97.26746927727966,96.84340261281693,97.26746927727966,50600
2016-08-25,96.95589447021484,97.12898759646853,96.80011395800034,96.80011395800034,50100
2016-08-26,96.63570404052734,97.59634303100613,96.33279265666187,97.0597707339784,82400
2016-08-29,97.19822692871094,97.3107391215356,96.70492302976004,96.70492302976004,64300
2016-08-30,97.07707214355469,97.29343363443512,96.8520609470757,97.13765309688806,53900
2016-08-31,96.60108184814453,97.0511108486962,96.17700856749205,97.0511108486962,60800
2016-09-01,96.65300750732422,96.65300750732422,95.82218015717189,96.61838887571426,197600
2016-09-02,97.120361328125,97.37134148669861,96.87803747924832,96.99054309398973,60000
2016-09-06,96.84339904785156,97.24150337574945,96.5145253748889,97.2241907598944,94600
2016-09-07,97.0424575805664,97.10303853643924,96.64435321299783,96.6703155365392,60100
2016-09-08,96.96456909179688,96.99918772358635,96.70493265479031,96.80013224150413,73400
2016-09-09,94.0739517211914,96.2808410561946,94.0739517211914,96.22891642336113,131400
2016-09-12,95.3201904296875,95.48462722828305,93.38159387875388,93.64987993723983,83600
2016-09-13,93.71915435791016,94.7663432951333,93.56337380344883,94.532675764856,99900
2016-09-14,93.48546600341797,94.22110032264018,93.36430410202739,93.72779640902755,55000
2016-09-15,94.3249282836914,94.53264001297036,93.35563329169734,93.50275748114974,154700
2016-09-16,93.65856170654297,94.25572152457252,93.47681884949671,94.09994098955735,61000
2016-09-19,94.0739517211914,94.67111141008509,93.80566564778222,94.17780758968554,70000
2016-09-20,93.9165267944336,94.74303103614497,93.9165267944336,94.36893065333516,57600
2016-09-21,95.22150421142578,95.29110580946235,94.18620865032007,94.3341070679675,173600
2016-09-22,96.0306167602539,96.17852183430381,95.70872094411048,95.70872094411048,61700
2016-09-23,95.36941528320312,95.85661322504748,95.3433097041122,95.83921614322767,1051300
2016-09-26,94.9169921875,95.27369534916424,94.70819406028616,95.01269271196735,73900
2016-09-27,95.58690643310547,95.66520325038248,94.72560161761727,94.94310162681809,173800
2016-09-28,96.31768035888672,96.33508407252268,95.43028345303861,95.70868313306663,56300
2016-09-29,95.56950378417969,96.5874022456061,95.35200377254634,96.1524022223394,69700
2016-09-30,96.48302459716797,96.75272253818993,95.83052443979881,95.94362207754918,94800
2016-10-03,96.41341400146484,96.52651162867431,96.01321473875335,96.01321473875335,62700
2016-10-04,95.7782974243164,96.70920380231895,95.56079742293038,96.59609955355133,63200
2016-10-05,96.30900573730469,96.53520761553635,95.97840809802288,95.97840809802288,50600
2016-10-06,96.39599609375,96.44819396617368,95.83049480472671,96.19589318683796,44100
2016-10-07,95.17800903320312,95.89140882545762,94.79520687818771,95.89140882545762,61200
2016-10-10,95.28240203857422,95.84790339552119,95.17800628118766,95.17800628118766,50500
2016-10-11,94.17750549316406,95.15190793952515,93.88170866194605,95.15190793952515,53400
2016-10-12,94.39498901367188,94.68209057327462,93.95998906430012,94.25578584383813,76300
2016-10-13,94.16878509521484,94.46458850577194,93.32488415011825,93.79468488154023,74100
2016-10-14,94.35149383544922,95.09099911800098,94.35149383544922,94.75169966162751,137500
2016-10-17,94.19490051269531,94.55160371173163,94.18620529143112,94.24710502814787,37500
2016-10-18,94.4298095703125,94.9605101506276,94.34281088974379,94.81261172990342,45200
2016-10-19,94.69078826904297,94.99529355162292,94.32538989503419,94.56898881104004,59700
2016-10-20,94.2732162475586,94.62991285548641,94.03831249135612,94.49941814378985,131800
2016-10-21,94.1166000366211,94.19489685039552,93.08999977361475,93.48149711763337,60900
2016-10-24,94.51679229736328,95.08229358196951,94.42109177361887,94.58639388509972,63900
2016-10-25,93.96000671386719,94.34280886524357,93.89040511587626,94.3080080662481,46300
2016-10-26,94.22968292236328,94.76038336915056,93.48148251009177,93.53368701535706,76900
2016-10-27,93.59458923339844,94.50808513022292,93.46408792311712,94.48198619568113,82500
2016-10-28,94.14270782470703,94.78650602514301,93.73380672524978,93.73380672524978,71600
2016-10-31,94.36890411376953,94.64730385726966,94.32540145733343,94.39500305260182,52700
2016-11-01,93.5250015258789,94.49940393130284,93.09000151878179,94.47329835531539,278900
2016-11-02,93.1421890258789,93.81209267926764,92.91599382642404,93.42058873392325,78900
2016-11-03,92.91600036621094,93.34229849718935,92.72459930891405,93.34229849718935,80400
2016-11-04,93.09869384765625,93.85558953448077,92.75939440785781,92.92468988008483,64800
2016-11-07,95.31719970703125,95.31719970703125,94.37760473353718,94.37760473353718,100100
2016-11-08,95.87399291992188,96.10889662612095,95.03009853443322,95.14319613968685,182300
2016-11-09,98.36219787597656,98.76239707946777,95.42160026550293,95.42160026550293,247400
2016-11-10,100.52851104736328,100.73730920627368,98.69281036310922,99.15390933959102,535000
2016-11-11,101.0330810546875,101.05048476887666,100.13698226353846,100.40668673289314,276900
2016-11-14,101.58120727539062,102.00750543960268,101.38980620317234,101.6421070131352,308800
2016-11-15,102.08582305908203,102.08582305908203,101.14622786207835,101.86832300316522,174300
2016-11-16,101.59858703613281,102.2162861672631,101.26798946438731,101.85958966058672,257000
2016-11-17,101.9205093383789,101.955310137623,101.60730878275575,101.69430746207912,202500
2016-11-18,101.88570404052734,101.94660377712215,101.57250349873308,101.91180297941462,206000
2016-11-21,102.42510986328125,102.4338050848179,101.981407974685,102.2076098485383,176400
2016-11-22,103.04281616210938,103.08631218549112,102.6165113249788,102.72961558843448,197100
2016-11-23,103.82579040527344,103.89539199399482,103.20809123990996,103.26899097064798,293300
2016-11-25,104.33038330078125,104.33038330078125,103.94758786975676,104.2085838494227,130400
2016-11-28,103.58220672607422,104.22601156013386,103.46910910593749,104.22601156013386,192500
2016-11-29,103.51261138916016,103.86060610757188,103.31250845225699,103.44300979044829,141000
2016-11-30,103.56481170654297,104.29560859749361,103.5387127658053,103.70400826966855,172000
2016-12-01,104.20860290527344,104.45220185253568,103.61700261724792,103.7910066064163,382900
2016-12-02,104.19119262695312,104.53049206588459,103.92148813729973,104.33909102083143,282900
2016-12-05,104.243408203125,104.88720639690601,104.1042116433549,104.69580531934506,335100
2016-12-06,104.79149627685547,104.80019813528729,103.9389000025868,104.33039734356707,204700
2016-12-07,106.53150939941406,106.57501205936585,104.68711343876056,104.7828139805953,209200
2016-12-08,106.32270812988281,106.68810656754249,105.92250889279262,106.68810656754249,242600
2016-12-09,106.69679260253906,106.74029525476875,106.26179263053342,106.38359209168918,201600
2016-12-12,106.13131713867188,106.5402182738757,105.64411917548831,106.5402182738757,244700
2016-12-13,105.93119812011719,106.65329305007816,105.65279839544507,106.5836980970899,141000
2016-12-14,104.85224914550781,106.1725220158862,104.73858583153402,105.77032105400926,224600
2016-12-15,104.98340606689453,105.75283314466701,104.80853839901067,104.91345633143142,215000
2016-12-16,104.7735595703125,105.64791121822476,104.686125739676,104.93094313376766,202300
2016-12-19,105.35936737060547,105.48177606044473,104.92219157238719,105.09705922336518,173900
2016-12-20,106.09380340576172,106.11129417066859,105.6041687207259,105.61291410317932,135900
2016-12-21,105.66539764404297,106.10257347763087,105.66539764404297,106.10257347763087,128600
2016-12-22,105.42931365966797,105.7091058945685,105.09705579456711,105.69161512757736,526000
2016-12-23,105.54297637939453,105.58669662585795,105.28067491293311,105.35061796819234,98700
2016-12-27,105.74408721923828,105.94518435651281,105.56921289250663,105.70911235389195,126000
2016-12-28,104.5899429321289,105.92769984015956,104.58119754813355,105.88397959095626,105700
2016-12-29,104.61617279052734,105.10580756365727,104.35386463590862,104.82601531175824,93700
2016-12-30,104.27519989013672,104.86975939439164,103.9342032140997,104.79106426181195,222800
2017-01-03,104.9571762084961,105.58671048386526,104.39759166833993,105.0271259437091,215200
2017-01-04,105.67415618896484,105.70038567492287,105.14080107190277,105.18452132901592,199100
2017-01-05,105.11454772949219,106.02387417071574,104.62491298066917,105.56920761471739,191000
2017-01-06,105.43804168701172,105.86647871482563,104.75604860048004,105.21945381718632,135300
2017-01-09,104.68614196777344,105.43807836442889,104.6161922241114,105.37687400641828,138400
2017-01-10,105.20198822021484,105.57795968925181,104.69486267206756,104.7648124036962,175000
2017-01-11,105.84026336669922,105.84026336669922,105.16700890212971,105.3069083594643,228100
2017-01-12,105.33313751220703,105.70910896415708,104.28391159778276,105.70910896415708,173700
2017-01-13,105.82278442382812,105.9539385120412,105.45555831345072,105.45555831345072,132200
2017-01-17,104.83474731445312,105.45553608565359,104.62490482000699,105.45553608565359,216400
2017-01-18,105.33313751220703,105.43805543410818,104.66862843348233,104.78229173913297,98700
2017-01-19,105.7178726196289,106.32991617241218,105.16702675134954,105.83153594492454,119600
2017-01-20,105.77032470703125,105.91021750823252,105.28068989666582,105.80529957502506,232900
2017-01-23,105.06208801269531,105.8140242269258,104.55496250033977,105.67413144431539,1037500
2017-01-24,106.39109802246094,106.5747110494557,105.149520409007,105.20197936792749,158100
2017-01-25,107.58897399902344,107.7113826972697,107.01189870377068,107.09933253526462,339500
2017-01-26,107.73759460449219,108.1397955003726,107.23046912547105,107.68513564830815,186000
2017-01-27,107.40534973144531,107.89499117446408,107.30043180640615,107.87750040644191,330500
2017-01-30,106.51354217529297,107.09935631422009,105.63044493835307,107.09935631422009,177800
2017-01-31,105.73533630371094,106.15502799513742,105.10580210195778,106.14628261156497,153100
2017-02-01,105.62168884277344,106.33865697547112,105.07084299823039,105.87524496744746,571500
2017-02-02,105.31565856933594,105.70037544823072,104.92220297648372,105.38560830563935,164500
2017-02-03,106.31240844726562,106.39110356051576,105.63916064657307,105.78779881843369,113000
2017-02-06,106.17253112792969,106.56598673918427,105.91022293991041,106.33866009172685,140100
2017-02-07,106.28617858886719,106.88073794497082,106.18126066593751,106.59220698614092,103600
2017-02-08,106.11132049560547,106.25121329570473,105.73534900610117,106.25121329570473,89900
2017-02-09,107.0381088256836,107.2392126054415,106.21622295337019,106.36486110710243,107300
2017-02-10,107.85128784179688,107.94746706868425,107.30919402200388,107.43160273426517,144400
2017-02-13,108.71687316894531,108.9616972168524,108.26221327866429,108.26221327866429,143000
2017-02-14,108.77810668945312,108.77810668945312,108.18354722021488,108.58574823311507,148900
2017-02-15,109.39888000488281,109.53002741475136,108.62070757605247,108.81305933411754,143100
2017-02-16,109.39888000488281,109.42510948685653,108.681911924249,109.3901346206337,125000
2017-02-17,109.47759246826172,109.47759246826172,108.76062423033768,109.04916193689586,159700
2017-02-21,110.05464935302734,110.1508285723544,109.59998273970419,109.68741657433587,199800
2017-02-22,109.66118621826172,109.82731517228154,109.39013933182848,109.8010856891782,118300
2017-02-23,108.88299560546875,109.95845092884886,108.59445799788229,109.87975582188308,93400
2017-02-24,109.3726577758789,109.3726577758789,108.15730937070312,108.41961756538078,137900
2017-02-27,110.02839660644531,110.02839660644531,109.12781557107773,109.38137832281366,196500
2017-02-28,109.30270385742188,110.04590144088301,109.18029515759412,109.95846760825944,143600
2017-03-01,111.2699966430664,111.59350249530844,110.33444061247856,110.33444061247856,357600
2017-03-02,110.10710906982422,111.20879407185656,110.02841394857775,111.20879407185656,99700
2017-03-03,110.19453430175781,110.36940862933353,109.66992466057768,110.05464151047074,87300
2017-03-06,109.82731628417969,109.923495503715,109.47757427412164,109.70490758127546,94800
2017-03-07,109.36390686035156,109.87977113601868,109.25898226003127,109.64369912376523,147100
2017-03-08,108.93546295166016,109.54751307586379,108.83929041249824,109.42510438517773,77800
2017-03-09,108.34965515136719,109.16280245483216,107.98242905838913,109.08411400809703,89600
2017-03-10,109.12781524658203,109.15404472586069,108.25346369317101,108.88299787895062,91300
2017-03-13,109.14533233642578,109.28522514990829,108.82181978216225,109.15407105111093,77600
2017-03-14,108.15730285644531,108.79558253397128,107.84253571010018,108.71688741199796,80600
2017-03-15,109.53001403808594,109.80106755051625,108.29718184046929,108.41084513873179,74300
2017-03-16,109.12781524658203,109.71363585715487,108.99666785018874,109.71363585715487,82900
2017-03-17,109.55625915527344,109.83605140301417,109.18902641011037,109.49505480954183,61300
2017-03-20,109.2939453125,109.72237571030855,109.14530714786054,109.5999670252204,74500
2017-03-21,107.4490737915039,109.66118239984672,107.37038534493378,109.64369830197793,98500
2017-03-22,107.74635314941406,107.8862459399179,107.0993281471667,107.42284064829038,84300
2017-03-23,107.71138000488281,108.38462782840857,107.50153080961431,107.72011871827215,60700
2017-03-24,107.36358642578125,108.12764871676961,106.98594736706671,107.85539293932159,79800
2017-03-27,107.02107238769531,107.24062981394606,105.78276528746783,106.25701013221277,109700
2017-03-28,108.15399932861328,108.50529258257447,106.79274048214923,106.89813046844604,72100
2017-03-29,108.25939178466797,108.83902670785618,107.75002355865776,108.10131014201319,67400
2017-03-30,108.90929412841797,108.97954742966058,108.27696751469664,108.33844334101052,74200
2017-03-31,108.66336059570312,109.13759872371025,108.57553226794708,108.74239805025076,69000
2017-04-03,108.18913269042969,108.96197251290258,107.57436780177837,108.75119923411211,115800
2017-04-04,108.31210327148438,108.39114075221853,108.01350159897527,108.07497742855614,65200
2017-04-05,107.96958923339844,109.65578908302594,107.8554150548003,108.72486750569541,102200
2017-04-06,108.35601043701172,108.8126937700348,107.86420380178338,107.94324798265244,65000
2017-04-07,108.54041290283203,108.85657615269574,108.18034218515253,108.51406708207028,148500
2017-04-10,108.84781646728516,109.4537905449179,108.54921481567797,108.68095064137636,108200
2017-04-11,109.07616424560547,109.09373259795795,108.02229091680631,108.72487760291456,69900
2017-04-12,107.54804992675781,109.04982249156664,107.44265990979521,109.04982249156664,82200
2017-04-13,106.66100311279297,107.69731451160749,106.66100311279297,107.30211379441305,76400
2017-04-17,107.77637481689453,107.78515899202998,106.79275491295981,106.95083656358571,63500
2017-04-18,107.6095199584961,107.76760162523337,107.15284331034566,107.29335662502152,71100
2017-04-19,107.82027435302734,108.40869343725316,107.65341523991428,107.98714016650233,85500
2017-04-20,109.10250091552734,109.45378750715695,108.05740521445121,108.34722268287165,86300
2017-04-21,109.13760375976562,109.46255116651965,108.82144722662568,109.16395627952487,86600
2017-04-24,110.62185668945312,110.8414142027381,110.31447751092689,110.49012084140944,110900
2017-04-25,111.33319091796875,111.59666254313072,110.90286018387519,111.06094181890002,127200
2017-04-26,111.2453842163086,111.88649501677581,111.2453842163086,111.39468169711512,74800
2017-04-27,111.28931427001953,111.70208347025827,110.94680508266474,111.29809844672093,73100
2017-04-28,110.68331146240234,111.5264113489332,110.59548981387331,111.5264113489332,61500
2017-05-01,110.43740844726562,110.87652339138995,110.14759097605663,110.85896174178438,226200
2017-05-02,110.89408874511719,110.90287292039453,110.4022821353864,110.6481854402518,93800
2017-05-03,110.84139251708984,110.96434416444536,110.25298010469378,110.62183504676037,82200
2017-05-04,110.87651062011719,111.19267387949853,110.27052992290938,111.06972224533484,112500
2017-05-05,111.47371673583984,111.47371673583984,110.75356851647061,110.94678015831443,73100
2017-05-08,111.09606170654297,111.51761492837097,110.94676425937183,111.50004658143251,57600
2017-05-09,111.2102279663086,111.42100792514036,111.02580052760162,111.24535795944722,98100
2017-05-10,110.92919921875,111.1663250069588,110.61303596804584,111.13997918612702,79000
2017-05-11,110.77989959716797,110.92041957266679,109.77871822300307,110.49008217297254,220000
2017-05-12,109.99830627441406,110.41107544187314,109.8138787805125,110.41107544187314,62200
2017-05-15,110.56036376953125,110.6920995972186,110.0246429838685,110.11246463553923,63000
2017-05-16,110.4637451171875,110.75356256437792,110.04219855796666,110.75356256437792,66500
2017-05-17,108.2330551147461,109.48892418750673,108.12767181097152,109.46257836156308,218800
2017-05-18,108.31210327148438,108.82147825964745,107.25822329248875,107.83785828599078,70600
2017-05-19,109.72604370117188,110.18272029206857,108.72486217080863,108.74242382030523,61200
2017-05-22,110.4900894165039,110.67451687116593,110.13880285544955,110.45495942032613,94200
2017-05-23,110.78870391845703,110.82383391872038,110.20906896465537,110.77113556814413,65400
2017-05-24,110.78870391845703,111.26294887146864,110.49010226639975,110.74478974303723,90400
2017-05-25,111.32443237304688,111.46494568342673,110.9028790411815,111.10487488153349,113600
2017-05-26,111.42977905273438,111.53516902614878,111.17509164225343,111.21022163339157,41400
2017-05-30,111.23661041259766,111.36833954685545,110.8765329113253,111.1575662316801,63900
2017-05-31,111.42977905273438,111.51760738076007,110.63937770338882,111.40343323447095,62000
2017-06-01,112.42219543457031,112.65932124028349,111.44736649002655,111.7723072380872,170500
2017-06-02,113.00184631347656,113.58148129795903,112.63299134173106,112.6944738707181,88400
2017-06-05,112.545166015625,113.11602354021464,112.51882018841442,113.00184935515153,59700
2017-06-06,111.78987884521484,112.19386377374221,111.7547488470348,112.15873377556218,91000
2017-06-07,111.57909393310547,111.93916465130808,111.22780068826196,111.93916465130808,104300
2017-06-08,112.1675033569336,112.3519307981128,111.54396104617689,111.64056685351284,95000
2017-06-09,112.64176177978516,112.81741847978807,112.08847935673279,112.30803683101169,99600
2017-06-12,113.08085632324219,113.3004137579026,112.50123488028765,113.06330137698943,85900
2017-06-13,113.56391906738281,113.5727099438408,113.10723571553534,113.33558409182224,50000
2017-06-14,113.30923461914062,113.81860961044602,112.97550294190326,113.81860961044602,57000
2017-06-15,113.82734680175781,113.85369261950778,112.43096485812447,112.67686809093834,76500
2017-06-16,114.0820541381836,114.12596831159192,113.69564425407351,114.0469308398915,147700
2017-06-19,114.75829315185547,114.89003567008886,114.25770910459589,114.53873568885719,81900
2017-06-20,113.47608947753906,114.59143178434707,113.45852112761446,114.59143178434707,169200
2017-06-21,112.60662841796875,113.6253782237638,112.45733095688692,113.6253782237638,96500
2017-06-22,112.42219543457031,112.72080376057804,112.29046632068727,112.63297541750688,66200
2017-06-23,112.8174057006836,113.04574062380868,112.24654829178604,112.47489661563435,105100
2017-06-26,112.91400146484375,113.58145122738243,112.76469061989813,113.17745966010767,60700
2017-06-27,112.11481475830078,112.91400705878674,112.11481475830078,112.87009289049317,102500
2017-06-28,113.21895599365234,113.50115856567494,112.75154074221376,112.75154074221376,112200
2017-06-29,112.34585571289062,113.48350702216798,111.64032915779781,113.37768274878398,76100
2017-06-30,113.24542999267578,113.6863825149211,112.79565653603314,112.79565653603314,64200
2017-07-03,113.942138671875,114.33899328402389,113.55409826646572,113.64229416107842,225400
2017-07-05,114.1714096069336,114.3125041579961,113.67753157941378,114.08321373781926,147400
2017-07-06,113.0513916015625,113.8715567016013,112.88382751700381,113.86274249702487,124200
2017-07-07,113.89804077148438,114.13615892159346,113.19252744150872,113.28070987935358,75300
2017-07-10,114.09204864501953,114.61238283633281,113.76574809232694,113.95095406835416,78800
2017-07-11,114.07440948486328,114.29488572008196,113.3071430356773,113.98621360805522,72200
2017-07-12,114.77995300292969,115.30910149000353,114.63003073817993,114.73586850967772,84000
2017-07-13,114.71821594238281,114.8240402472089,114.35663162515534,114.81522604074132,115300
2017-07-14,115.1415023803711,115.43253261418262,114.77110393464758,114.85929980797263,95000
2017-07-17,115.15916442871094,115.37964069386237,114.8593199377378,115.10625227816313,166600
2017-07-18,114.8416748046875,115.150346949848,114.51537424771428,115.00923891452874,247600
2017-07-19,115.17681121826172,115.19443963132856,114.70057492937964,114.8593248446083,414600
2017-07-20,114.67412567138672,115.42375043221935,114.54184528150081,115.42375043221935,75900
2017-07-21,114.3478012084961,114.37425728095214,113.66873061625311,113.94211900283355,119900
2017-07-24,114.021484375,114.32134228335592,113.83629187242879,114.32134228335592,67700
2017-07-25,114.0479736328125,114.46245664825018,113.65993323694349,114.3301762663875,86700
2017-07-26,113.95096588134766,114.47128666979847,113.79221596303819,114.36544890532412,116800
2017-07-27,113.43061065673828,114.0655832989277,112.94557369842276,114.05676909385345,105700
2017-07-28,113.59818267822266,113.63346641458526,112.97203765421352,113.2277841872308,89400
2017-07-31,113.45709228515625,113.97742655137986,113.45709228515625,113.80103475574899,66400
2017-08-01,113.19253540039062,113.7657683855025,112.96323144090177,113.75695417813952,285100
2017-08-02,113.52761840820312,113.59817241775315,113.01611193156654,113.16604761236118,92400
2017-08-03,113.95978546142578,113.9862415395908,113.39536669923115,113.589386910311,60600
2017-08-04,114.31253051757812,114.42718248250453,113.86276377770305,114.2243480849299,68300
2017-08-07,114.27725982666016,114.37426992198819,114.03914169143621,114.3654422589926,91500
2017-08-08,113.99505615234375,114.75349512831703,113.84513388994034,114.12735000044427,59200
2017-08-09,113.86276245117188,114.03032656509573,113.70401254336913,113.72165441241461,60700
2017-08-10,112.27532958984375,113.66874118151844,112.26651538380642,113.43062305047955,111400
2017-08-11,112.40762329101562,112.85739677617794,112.0284038287027,112.36353207303623,93100
2017-08-14,113.62464904785156,113.7922131687508,112.8485749875849,113.0866864023979,55500
2017-08-15,113.29835510253906,113.72166580441254,113.13960517883363,113.72166580441254,51400
2017-08-16,113.44828033447266,113.79222281190607,113.35127022766811,113.40418238468787,52800
2017-08-17,111.4639663696289,113.2983302850103,111.4639663696289,113.06903984188823,156500
2017-08-18,111.05828857421875,111.65798419829368,110.79371440273837,111.20821079813732,63700
2017-08-21,111.12003326416016,111.2434994295149,110.81136785077332,111.13766840418168,69800
2017-08-22,112.3370361328125,112.44286713587026,111.52568529456967,111.52568529456967,86200
2017-08-23,111.3934097290039,111.98429114661027,111.3934097290039,111.98429114661027,63400
2017-08-24,111.06710052490234,111.82553924484625,111.04945865975007,111.68443123722872,50500
2017-08-25,111.60509490966797,111.90493941890676,111.45516592664652,111.53454088570517,54000
2017-08-28,111.65799713134766,112.13422665813235,111.49043302144153,112.13422665813235,51800
2017-08-29,112.43406677246094,112.4869856478709,111.13766534353674,111.13766534353674,69400
2017-08-30,112.89263153076172,112.9720131919875,112.31939877861801,112.47814191587007,47500
2017-08-31,113.48350524902344,113.68635304557304,113.15720477332125,113.23657297711915,58200
2017-09-01,113.79219055175781,114.11849106540996,113.72163654346525,113.73927840973867,63600
2017-09-05,112.60161590576172,113.58052413728643,112.3811396846687,113.58052413728643,88100
2017-09-06,112.72512817382812,113.07789161759344,112.68103022020631,112.84859436988552,72200
2017-09-07,112.68981170654297,112.76036571627733,112.20476802852079,112.65453470167579,68000
2017-09-08,113.23661804199219,113.37772609832282,112.01959133395144,112.42527363170082,62100
2017-09-11,114.13614654541016,114.16260261957531,113.70400823937477,113.72165010775245,91500
2017-09-12,114.85050964355469,114.85050964355469,114.28609085768244,114.43601312584167,76300
2017-09-13,114.68294525146484,114.85050939104067,114.38310071580561,114.68294525146484,75800
2017-09-14,115.07976531982422,115.07976531982422,114.35659690493306,114.4977049063947,103000
2017-09-15,115.60010528564453,115.60010528564453,114.98277449691963,115.09741299259586,45300
2017-09-18,116.34086608886719,116.45551800572682,115.83818740878604,116.11157571194569,77300
2017-09-19,116.5437240600586,116.56136592549474,116.34088970634457,116.39380184585254,130700
2017-09-20,117.35511016845703,117.4256507296923,116.57902942683943,116.59667129554973,134100
2017-09-21,117.69021606445312,117.82250988460677,117.09052714152284,117.35510132502819,84600
2017-09-22,118.06062316894531,118.20173120470352,117.64612672440745,117.64612672440745,91700
2017-09-25,118.21057891845703,118.26350453947079,117.47860937118448,118.09594038161077,124700
2017-09-26,118.2281723022461,118.4839322667587,118.16644595492318,118.23699996386453,102100
2017-09-27,118.68523406982422,118.88895894212021,118.10061815883832,118.70293987375892,74000
2017-09-28,118.6409683227539,118.92440992202359,118.1715076146793,118.57010454396554,61100
2017-09-29,118.92438507080078,118.94210439076608,118.47264378079304,118.64979643280307,80000
2017-10-02,119.81902313232422,119.86331467239978,118.95981861520369,119.06610749868074,226000
2017-10-03,120.40364074707031,120.41250716573592,119.78359965517365,119.98733806213278,185700
2017-10-04,120.30619812011719,120.54534809815782,120.12903196706212,120.54534809815782,66500
2017-10-05,120.50991821289062,120.62505998876864,120.02273834300883,120.35047138462053,63000
2017-10-06,120.50108337402344,120.56309424456745,120.03162269889789,120.50994979317707,82900
2017-10-09,120.04048156738281,120.6516697516936,119.89875402866802,120.59851178776405,52600
2017-10-10,120.23538208007812,120.74913439289585,120.13794606358019,120.64283195569843,53100
2017-10-11,120.18216705322266,120.27960302346787,119.90757845958947,120.18216705322266,55300
2017-10-12,120.73138427734375,120.8376731715492,119.97846856770387,119.97846856770387,80500
2017-10-13,120.44793701171875,121.24514431757537,120.40364546430183,121.04140590263407,66800
2017-10-16,120.65167999267578,120.69595802588574,120.32393334209326,120.54537757167567,45300
2017-10-17,120.22648620605469,120.51879418393831,120.08477218431752,120.40363887013757,55600
2017-10-18,120.44793701171875,120.7491114246242,120.27078433793372,120.41251188331479,50000
2017-10-19,120.642822265625,120.67826091380611,119.68618150299713,120.08479195767184,65300
2017-10-20,121.9803466796875,121.9803466796875,120.16450127444104,120.64281486848542,66200
2017-10-23,121.01483154296875,121.97147218359441,121.01483154296875,121.93604705581527,111500
2017-10-24,121.70570373535156,122.00687806206412,121.54627042933795,121.54627042933795,147400
2017-10-25,120.47454833984375,121.60834203912657,119.91651791209311,121.60834203912657,117300
2017-10-26,120.88197326660156,121.30714238937912,120.73139281719872,120.94397062064616,87900
2017-10-27,120.92626953125,121.14771376240076,120.74025043009473,120.90855020831063,64000
2017-10-30,119.83678436279297,120.90858065847729,119.81021212963347,120.90858065847729,68200
2017-10-31,119.71273040771484,120.191057453779,119.70387750533642,120.14676591012395,77100
2017-11-01,119.57102966308594,120.37707637720351,119.40272988804374,120.22649592476654,119200
2017-11-02,120.25304412841797,120.32390788879982,119.26097851483267,119.45585047691269,115900
2017-11-03,120.13794708251953,120.42138871371783,119.93420862709618,120.27966114017602,59500
2017-11-06,120.21764373779297,120.40364932066583,120.07591618787254,120.21764373779297,60400
2017-11-07,120.16451263427734,120.43910134532452,119.9076297320248,120.36823756249225,154800
2017-11-08,119.95191955566406,120.08479421501477,119.66847794430777,120.05820847043712,60600
2017-11-09,118.59664154052734,119.46469892001811,118.12718097191338,119.46469892001811,90300
2017-11-10,118.74723052978516,118.88010515358968,118.24234480379411,118.40177813330263,131800
2017-11-13,118.16265106201172,118.40181464590822,117.9412068032629,118.40181464590822,81900
2017-11-14,117.70203399658203,118.29550287347134,117.4008595907945,117.85261444153463,126000
2017-11-15,117.06430053710938,117.44517818868017,116.78084538775725,117.15287013436784,70400
2017-11-16,118.30436706542969,118.45494752475123,117.54259834917248,117.54259834917248,52700
2017-11-17,117.81719970703125,118.13607998337216,117.7109107868793,118.0563632932582,53100
2017-11-20,118.46382904052734,118.48153485031538,117.93235739740871,117.93235739740871,74200
2017-11-21,119.37615203857422,119.37615203857422,118.79153606308832,118.826961190747,63700
2017-11-22,119.4824447631836,119.6950360835898,119.393861667377,119.59760008455564,95200
2017-11-24,119.4824447631836,119.8013249858515,119.42930031205275,119.79247208262395,35900
2017-11-27,119.67730712890625,119.85445979037837,119.52672669086085,119.5621518168026,98200
2017-11-28,121.4754409790039,121.53745184832782,119.86333408305589,119.87218698615247,69100
2017-11-29,122.45869445800781,122.59155562791847,121.66150040676983,121.72349778076577,106000
2017-11-30,124.3276138305664,124.61105533645546,122.91036575348303,122.91036575348303,134700
2017-12-01,122.99010467529297,124.30990335613944,121.38683743663277,124.24790601314172,111300
2017-12-04,123.92906951904297,125.26658799029524,123.92906951904297,124.26565560509472,119500
2017-12-05,122.80411529541016,125.2665741248738,122.69782638693603,124.26564185046378,738400
2017-12-06,122.82185363769531,123.31788664189654,122.5738371355947,122.5738371355947,92000
2017-12-07,123.8670425415039,124.14163122702786,122.76868779940814,122.77754070298258,104800
2017-12-08,124.33649444580078,124.48707489122447,123.964469783716,124.48707489122447,111100
2017-12-11,123.94678497314453,124.60226490268809,123.79620448579388,124.38967352978275,96400
2017-12-12,124.09733581542969,124.50478557692992,124.09733581542969,124.19477180463738,69700
2017-12-13,124.56680297851562,125.27541364716343,124.18591190402938,124.18591190402938,117100
2017-12-14,123.72693634033203,125.05254155473637,123.67354451143383,124.96358232392782,100500
2017-12-15,124.7144775390625,125.18601718310528,124.31412700955437,124.47427536656524,184400
2017-12-18,125.82658386230469,125.92444854264187,125.53300339664067,125.5685843825144,139600
2017-12-19,125.57746887207031,126.1735623471213,125.4440232136838,126.1023868041996,127100
2017-12-20,126.12905883789062,126.4760310780069,125.8888431100117,126.30699088340117,160600
2017-12-21,126.34261322021484,126.6895855739114,125.98674901270275,126.53834260695129,257400
2017-12-22,126.28916931152344,126.5204931439969,125.88881889230541,126.5204931439969,120700
2017-12-26,126.47602081298828,126.85857400102,126.29808878191902,126.56498004085101,103700
2017-12-27,126.78744506835938,126.81413420406093,126.42268902198857,126.60062111844852,73800
2017-12-28,127.05438232421875,127.05438232421875,126.43161304049785,126.96542304103133,86000
2017-12-29,126.66285705566406,127.64150368506988,126.66285705566406,127.2678423107545,91500
2018-01-02,127.56147766113281,127.56147766113281,126.71627640016153,127.15222159922305,268700
2018-01-03,127.9796371459961,128.09528555899158,127.37465164005123,127.76611045413013,180200
2018-01-04,128.9404754638672,129.0561374541356,128.49563836326678,128.540124788397,275800
2018-01-05,129.6610870361328,129.67887074097558,128.8336831991385,129.5543169303401,130700
2018-01-08,130.23043823242188,130.24822193185818,129.50089929524054,129.89235788832877,112500
2018-01-09,130.7642822265625,131.12015997587437,130.3817289183188,130.3817289183188,155900
2018-01-10,130.6575164794922,131.06677246851567,130.08812569607719,130.54185452220025,681100
2018-01-11,132.4635772705078,132.53475282812173,130.72871547663576,131.1913498134515,226500
2018-01-12,133.55787658691406,133.74471412811704,132.81055357280206,132.9262155542777,173900
2018-01-16,132.26779174804688,134.32293589132834,131.82295488325542,134.0827337585885,345700
2018-01-17,132.98843383789062,133.10409577427458,132.21442198755403,132.54359694453035,206500
2018-01-18,132.30343627929688,133.27317775279604,132.21446344259007,133.14862392661587,120600
2018-01-19,132.90838623046875,132.9172780825349,132.15215796910002,132.53472481349078,126400
2018-01-22,132.87281799316406,132.87281799316406,131.89417115814155,132.56142666147107,128600
2018-01-23,133.05075073242188,133.08633171962109,132.27672511352156,132.8817104986925,213200
2018-01-24,132.78384399414062,133.46889677262823,131.95645369345968,133.03295162716378,135600
2018-01-25,132.82833862304688,133.24648651333968,131.76962432955443,133.24648651333968,157400
2018-01-26,134.13616943359375,134.16285857087928,132.7037935727558,133.11303606136687,125200
2018-01-29,133.33543395996094,134.58987751969738,133.30874482680463,133.97600030640731,125400
2018-01-30,132.22329711914062,132.82828227679164,131.62721738645135,132.47240466189606,184000
2018-01-31,132.4813690185547,133.78919098745072,132.14328852785127,133.15751642461257,266800
2018-02-01,132.4546661376953,133.3977183819562,131.67174869324586,131.89416718766014,155900
2018-02-02,129.58102416992188,131.58279084757473,129.52764589724032,131.58279084757473,208100
2018-02-05,123.66468811035156,129.69667684726028,123.06860814922113,128.3532739714602,295300
2018-02-06,125.79987335205078,126.13795374946558,120.66646515902049,121.60951724091943,279100
2018-02-07,126.12017059326172,127.74827550340594,125.53299612061937,125.64864449951656,220900
2018-02-08,121.34260559082031,126.27139232960833,121.34260559082031,126.27139232960833,239100
2018-02-09,122.52587127685547,123.54899067041407,118.88710885761827,122.59704680667565,303100
2018-02-12,124.37638092041016,125.2660545842538,122.73938463702011,123.3532480617843,246700
2018-02-13,124.6611099243164,124.91021754507682,123.62019302856461,123.79812510405816,132400
2018-02-14,126.31592559814453,126.45827671299612,123.98498378768521,124.04725391583933,183700
2018-02-15,128.01519775390625,128.01519775390625,126.22695781111437,127.19669926179186,175600
2018-02-16,128.1575469970703,129.33190965987626,127.74829096928516,127.83726380260536,120900
2018-02-20,126.87641143798828,128.1041659190821,126.52054726320507,127.43691040985252,155900
2018-02-21,127.00093841552734,129.09167733271616,126.93865473166225,127.09880307921162,138600
2018-02-22,127.63260650634766,128.78917156056494,127.1076886586621,127.34790438046095,90100
2018-02-23,128.70022583007812,128.70022583007812,127.57033620935984,128.32656443215822,70400
2018-02-26,130.21267700195312,130.43509548456268,128.7002340352775,129.30520579180902,99500
2018-02-27,128.6201934814453,131.04900001731363,128.6201934814453,130.34614986339497,79300
2018-02-28,126.67178344726562,129.260724367466,126.67178344726561,129.14507598328285,97600
2018-03-01,124.63440704345703,127.463576960506,124.0205299116754,126.75183516169618,166200
2018-03-02,124.6611099243164,125.00808222290034,122.78389734086304,123.56681476345126,234900
2018-03-05,126.10238647460938,126.36927779068482,123.52232395799099,123.94937721440509,86400
2018-03-06,126.84969329833984,126.97424708856845,125.87104667844011,126.68954495356307,783400
2018-03-07,126.87641143798828,127.1166272224084,125.37286018513527,125.37286018513527,84800
2018-03-08,127.5436782836914,127.64154297675752,126.40489653274902,127.31236790705755,78700
2018-03-09,130.28384399414062,130.29273584573653,128.077456592569,128.26428050350447,95800
2018-03-12,129.0561065673828,130.5685496323839,128.76251252220973,130.55965777962632,104200
2018-03-13,128.513427734375,129.93691179877683,128.2198336370165,129.3942100264505,92400
2018-03-14,127.1343765258789,129.0204941528217,126.92975535951639,129.0204941528217,84900
2018-03-15,127.31236267089844,128.07748290103365,126.68957997226492,127.46360563117125,223100
2018-03-16,127.9685287475586,128.44169161736045,127.35252065829621,127.44180232607653,639600
2018-03-19,127.1114730834961,127.59355862712306,126.06694305358047,127.59355862712306,168900
2018-03-20,127.47753143310547,128.12032142231806,127.29005896602746,127.29005896602746,67600
2018-03-21,127.76319122314453,128.87914390533172,127.12932410577575,127.45965536298225,88800
2018-03-22,123.64755249023438,126.90612874947327,123.61184799964691,126.6650927874532,150900
2018-03-23,121.7370376586914,123.77253410937097,121.63883328508545,123.77253410937097,186600
2018-03-26,124.57598876953125,124.70097488986754,122.37087942269795,123.7814312282937,106100
2018-03-27,122.73693084716797,125.54913966207774,122.308408849432,125.05811777796949,153100
2018-03-28,122.36197662353516,123.3618658602848,121.59420063889691,123.01368917088311,80700
2018-03-29,124.19214630126953,125.13847202406639,122.81729855017156,123.04941181082015,109700
2018-04-02,121.50494384765625,124.00466717096037,120.12115967923906,123.77255389735939,222100
2018-04-03,123.37971496582031,123.37971496582031,121.5763317757374,122.06735363720405,163900
2018-04-04,124.01359558105469,124.09394090649354,120.61217391278119,120.79964633880516,146200
2018-04-05,125.26344299316406,125.51341528123258,124.38853998492426,124.59387144530882,122000
2018-04-06,121.84415435791016,124.81705346266358,120.78176539472136,123.93322779805249,106600
2018-04-09,121.51387786865234,123.36188875616809,121.35317357008003,122.86194404500385,71700
2018-04-10,123.38864135742188,123.98679025954351,122.61192915827662,123.24579616878977,105400
2018-04-11,122.56732177734375,123.38867502485671,122.37092661747057,122.48697644524054,82800
2018-04-12,124.13858795166016,124.6920961623427,123.29046657715523,123.29046657715523,58800
2018-04-13,123.81719207763672,124.933144831062,123.33509285957372,124.85279950220821,61100
2018-04-16,125.28132629394531,125.50451685309028,124.54925472116393,124.75459984375617,73500
2018-04-17,126.27227020263672,126.7097149014749,125.90623448210289,126.18298854605396,112200
2018-04-18,127.43286895751953,127.92387722186332,126.89720624054787,126.99541061791038,126500
2018-04-19,126.99542999267578,127.61143812443242,126.3079992462619,127.16505699967784,78900
2018-04-20,126.4507827758789,127.6649393876813,126.01332458298086,127.3971081190185,64400
2018-04-23,126.22763061523438,126.90612489554142,125.74554508336564,126.76329331506038,53300
2018-04-24,122.95116424560547,127.21856483954895,121.52273982298249,127.03107885537453,120100
2018-04-25,123.1922378540039,123.60290076065623,121.62990429604787,123.15651974409737,194200
2018-04-26,122.63876342773438,123.15656724133784,121.70137382941596,123.13870817949694,67600
2018-04-27,122.54055786132812,122.7369666723003,121.71029539696887,122.46913523711346,62300
2018-04-30,120.86215209960938,122.99585323220799,120.86215209960938,122.75480362171369,72300
2018-05-01,120.38898468017578,121.37995123876844,118.68380565749,120.63895699923792,178700
2018-05-02,119.56763458251953,120.94249599536924,119.48728925413053,120.14793818442573,95700
2018-05-03,119.79077911376953,120.28180085830202,117.64815611167388,119.2908346547782,104400
2018-05-04,121.21923065185547,121.64775262365957,118.89804386151984,119.29979768395829,83900
2018-05-07,122.1387710571289,122.52266581343673,121.63882650028218,121.63882650028218,53700
2018-05-08,122.98689270019531,123.21008320833317,121.87987649821078,122.05842618022756,72100
2018-05-09,124.21002197265625,124.49569882224434,123.22797800304082,123.45116857591056,90700
2018-05-10,124.95992279052734,125.16525427659424,124.48675992732508,124.61174608699228,73600
2018-05-11,125.26344299316406,125.69196496950038,124.75457570047745,125.07597058834669,70100
2018-05-14,124.9688491821289,125.87947044217243,124.7367359137716,125.5580755046553,102300
2018-05-15,124.54031372070312,124.6563771536113,124.00465100840081,124.37068674105844,124900
2018-05-16,125.09381103515625,125.54912838792822,124.5849437627533,124.5849437627533,77300
2018-05-17,125.63837432861328,126.14725513401667,125.07594361299357,125.07594361299357,77500
2018-05-18,126.38835906982422,126.47762712190571,125.58486486626512,125.58486486626512,76200
2018-05-21,128.14710998535156,128.58456846913978,127.36148832999237,127.37933376996256,93100
2018-05-22,126.49549865722656,128.4149322471741,126.45978053489443,128.4149322471741,75300
2018-05-23,126.2990493774414,126.29904937744139,125.41521003633615,125.95087271987894,80900
2018-05-24,126.95072937011719,127.04893371621412,125.86155884884728,126.13831283626655,119900
2018-05-25,126.78115844726562,127.01328534374228,126.3972772299703,126.62939050397651,57000
2018-05-29,125.00453186035156,126.09370252746778,124.38852393620775,125.89729380897363,143000
2018-05-30,126.67401885986328,126.94185022500427,125.57592524750117,125.70983411883712,124500
2018-05-31,124.87957000732422,126.53117175984407,124.64744313718178,126.53117175984407,199300
2018-06-01,126.24551391601562,126.52226803583653,125.72771017273385,125.72771017273385,53500
2018-06-04,126.22763061523438,127.28109695890063,126.04908092278183,126.59366633936654,105200
2018-06-05,126.68293762207031,126.68293762207031,125.95980249449435,126.19192936085511,93300
2018-06-06,127.72745513916016,127.72745513916014,126.5043620387231,126.86147498217643,82500
2018-06-07,128.048828125,128.3077366951721,127.35247495810229,127.98634187795278,153900
2018-06-08,128.5756072998047,128.59345273443836,127.77211319980628,127.82567674864568,79200
2018-06-11,128.83450317382812,129.19161620588756,128.4506219896422,128.58453086262116,63400
2018-06-12,128.7720184326172,129.11125878900546,128.44168717124066,128.92378636461422,107800
2018-06-13,127.69178009033203,128.83451464977276,127.66499831335064,128.8166555909617,105100
2018-06-14,127.39706420898438,128.53979784711228,126.96854250030128,128.1826986936196,72100
2018-06-15,127.20075225830078,127.35252019499927,125.79018637181682,126.77223022394801,95900
2018-06-18,126.92398834228516,127.03111543696895,126.03122622667019,126.30798030291582,159500
2018-06-19,124.58495330810547,125.6027015533559,123.86181818943655,125.52235623405237,86700
2018-06-20,124.77244567871094,125.09384062980473,124.35284633638096,124.97779080195885,92200
2018-06-21,123.2726058959961,124.53140386417536,122.9690700181638,124.53140386417536,497400
2018-06-22,123.593994140625,124.34391107671681,123.54043059125692,124.16536137133342,79600
2018-06-25,121.8798828125,122.91547647083581,121.16567042496382,122.72800406286937,160400
2018-06-26,122.30840301513672,122.86191113674538,122.01378989872526,122.4869527038039,73700
2018-06-27,121.28172302246094,123.8885864250453,121.24600491391665,122.69227499321839,159900
2018-06-28,121.45832824707031,121.86172240777493,120.37363279592536,121.17146166613723,99800
2018-06-29,121.74515533447266,123.00913529140932,121.73619588517506,121.91548062096678,181200
2018-07-02,122.0858383178711,122.0858383178711,120.4453558767046,120.83979060728699,92500
2018-07-03,121.77208709716797,122.99124284835034,121.53005878021814,122.55199715410977,67000
2018-07-05,122.5340576171875,122.5340576171875,121.35972655086164,122.2382315680398,88900
2018-07-06,122.90158081054688,123.27808290101316,121.8168854691523,122.36371286499501,62300
2018-07-09,125.02613067626953,125.13369879178319,123.49321663745097,123.49321663745097,194900
2018-07-10,125.28612518310547,125.72538457041146,124.70344616275666,125.31301721921058,84700
2018-07-11,123.40361022949219,124.3269399150644,123.18846026913005,124.26418271383473,101600
2018-07-12,124.65863800048828,124.79311187732056,123.47534721998484,124.35385243202356,131100
2018-07-13,125.38469696044922,125.55502225800507,124.39862401028037,124.47034064496438,89400
2018-07-16,124.64962005615234,125.88669433548138,124.45240273885156,125.65362554164811,83500
2018-07-17,125.24126434326172,125.3846839191632,124.34482702077442,124.6227204021778,810100
2018-07-18,126.55007934570312,126.6576474678122,125.35781583764191,125.64468240133361,88900
2018-07-19,126.58592987060547,126.8189986677465,125.59088382048378,125.87773667246127,100600
2018-07-20,126.41564178466797,126.90868523003019,125.97638240997198,126.34392513092864,68700
2018-07-23,125.74324035644531,126.16456690283866,125.52809052045346,126.16456690283866,68200
2018-07-24,125.94947814941406,126.8459157163138,125.42058326779562,126.2273716065847,85900
2018-07-25,127.50029754638672,127.61683879463952,125.39367769871484,125.70742260612967,100900
2018-07-26,128.6298370361328,128.8001486913245,127.41964079635866,127.41964079635866,93500
2018-07-27,128.3608856201172,129.1228492749662,127.84990968814448,128.92564561260272,113300
2018-07-30,127.2403793334961,129.13186357639563,127.1328111781735,128.4057511708585,82200
2018-07-31,129.92962646484375,130.15373579331808,127.99331858397407,127.99331858397407,147400
2018-08-01,128.4505615234375,129.7055826034771,128.1457759657276,129.7055826034771,119800
2018-08-02,128.4505615234375,128.60296798084724,127.36587948613024,127.77823319866606,59400
2018-08-03,128.620849609375,128.79117492418706,127.77819616465264,127.77819616465264,140000
2018-08-06,128.8987579345703,128.98840716699908,128.2622948914042,128.49536374574564,69400
2018-08-07,129.7772674560547,130.01929574508856,128.49535465152275,128.49535465152275,77500
2018-08-08,129.21249389648438,129.66967207312388,129.06010117093788,129.66967207312388,65500
2018-08-09,128.68360900878906,129.62487114252596,128.6029329146676,129.39178863255145,55400
2018-08-10,127.79613494873047,128.1726370783317,127.3748082059157,128.0471363684646,71000
2018-08-13,127.04315948486328,128.04716539136572,126.61287319329861,127.92166465305293,130400
2018-08-14,127.94853973388672,128.42365058585665,127.37482019498606,127.37482019498606,95700
2018-08-15,127.2134780883789,127.33897882002452,125.78814541928492,127.1865860514944,129600
2018-08-16,128.67465209960938,128.98841074325676,127.43757746481879,128.0112970040333,101600
2018-08-17,129.49940490722656,129.7145412154829,128.46849327546437,128.46849327546437,89300
2018-08-20,130.2255096435547,130.53925463415587,129.66074951049714,129.66074951049714,110200
2018-08-21,131.40878295898438,131.54325680453758,129.8220982741627,130.44960185108812,72700
2018-08-22,130.2971649169922,131.1846290753542,130.2433671898831,131.1846290753542,175100
2018-08-23,129.70555114746094,130.23444601849445,129.51729324361688,130.14479679217797,79300
2018-08-24,130.3061981201172,130.36894165277005,129.72351902616754,130.09104812554622,59700
2018-08-27,131.74940490722656,131.91973020067607,130.74539940295452,130.74539940295452,68300
2018-08-28,131.53428649902344,132.26937190388756,131.4625698488987,132.09904656966037,147900
2018-08-29,131.80320739746094,131.98249216565029,131.39085379848058,131.69563927225755,405600
2018-08-30,130.8888702392578,131.71359132333265,130.70958542594667,131.5880905861594,89700
2018-08-31,130.94265747070312,131.13986117450892,130.50339808662073,130.69164233797508,62200
2018-09-04,130.9156951904297,130.95156034184572,130.18062372897026,130.60195034755031,95500
2018-09-05,131.59703063964844,131.66874728265708,130.42269967730272,130.61991702593875,59000
2018-09-06,132.00938415527344,132.46657604434557,131.61496313680183,131.81216680676215,105000
2018-09-07,131.53428649902344,132.14387118580737,130.91574236043107,131.57911111517043,91000
2018-09-10,132.39486694335938,132.78930166285127,132.10800035516462,132.10800035516462,115900
2018-09-11,132.29623413085938,132.66377675048224,131.57908146974265,131.9197320614467,122800
2018-09-12,132.60105895996094,132.84310096168636,131.874946633338,132.206624195239,157600
2018-09-13,133.08509826660156,133.6408850601098,132.80719119129867,133.09405771604406,86400
2018-09-14,133.8470916748047,134.00845755059723,133.0223707500645,133.27337217591796,81900
2018-09-17,133.712646484375,134.25947401162526,133.56921317395285,133.81125517547108,83500
2018-09-18,134.86904907226562,135.00352293424132,133.4257838298038,134.03536857794205,78100
2018-09-19,134.5821990966797,135.4338121938042,134.40290061008164,134.60909113395857,92900
2018-09-20,134.87799072265625,135.61306235138483,134.36701478780847,135.26345227753393,69200
2018-09-21,135.03929138183594,135.6757677752603,134.94964219564818,135.30822526185392,153000
2018-09-24,133.47703552246094,134.80001717159982,133.19804182128482,134.80001717159982,90300
2018-09-25,133.11695861816406,133.75594111295726,133.02695450746398,133.61195376161604,135900
2018-09-26,132.8199920654297,133.7739754342805,132.68498586834366,133.1979846984063,92800
2018-09-27,132.9190216064453,133.6120151255489,132.58603096278117,133.06302275662108,55300
2018-09-28,132.9459991455078,133.2789897366733,132.56800648541912,132.77499952322174,63900
2018-10-01,133.65701293945312,134.583998093747,133.16203126629725,134.28701458293608,198700
2018-10-02,133.64796447753906,133.94496160207996,133.14397435081554,133.5759639261927,78400
2018-10-03,134.32293701171875,134.97992307623502,133.97194295174987,134.15193744073662,103400
2018-10-04,133.64796447753906,134.4129583194808,132.7839715940837,134.08896270477268,130200
2018-10-05,132.7840118408203,134.1249967672835,132.00102792324589,133.71101063743927,111500
2018-10-08,132.90101623535156,133.00001530817275,131.65903036408676,132.58602917288803,110500
2018-10-09,130.9659881591797,132.57695732241416,130.87598405126096,132.57695732241416,146600
2018-10-10,126.52912139892578,130.60605987543786,126.43012231688813,130.60605987543786,228800
2018-10-11,123.76612854003906,126.9520742240891,123.32513027819991,125.95308881140609,472700
2018-10-12,124.20714569091797,125.71913031954381,122.86617444618761,125.71913031954381,246200
2018-10-15,124.62108612060547,125.40406969443185,124.12609098031902,124.12609098031902,134800
2018-10-16,126.81707763671875,126.92507160234865,124.43210561167938,125.11610401453973,158700
2018-10-17,125.99812316894531,127.2401090632193,125.22413414874215,126.99710883766447,256900
2018-10-18,123.61312866210938,125.48508815499177,122.98312724115868,125.26910022342162,159800
2018-10-19,122.9831314086914,124.25211548047479,122.54214687832425,123.84712436235515,228200
2018-10-22,122.70413208007812,123.14513032247324,122.17314344493192,123.13613540300858,265900
2018-10-23,120.62516784667969,121.43515005822309,118.84319874166317,120.20217316898207,496900
2018-10-24,116.43123626708984,121.21016185769737,116.28724887982814,120.94917184387683,592900
2018-10-25,117.54722595214844,118.30321124322562,116.7552335142374,117.07922917222803,165700
2018-10-26,116.4762191772461,117.67320254126871,114.72124873101008,116.04422962110347,234600
2018-10-29,114.70325469970703,118.33920715332188,113.12827862649453,117.97920438268096,200600
2018-10-30,117.09724426269531,117.23223674484235,114.2172902043569,114.2172902043569,261800
2018-10-31,118.08723449707031,119.43721424466592,118.033223771695,118.2312218999587,134700
2018-11-01,120.26519012451172,120.64318277432454,118.35720956912411,118.49221577222346,226000
2018-11-02,120.19319915771484,121.6421779640203,119.66221042149648,121.15617756639016,199500
2018-11-05,120.64318084716797,121.20116802616364,119.86018333326767,120.33718876402213,114200
2018-11-06,121.90314483642578,122.01115253354028,120.57116892209316,120.57116892209316,110300
2018-11-07,123.91011810302734,123.92812167576892,121.78616343139869,122.93814489821864,97900
2018-11-08,123.61312866210938,124.15311222373643,123.07313136778069,123.54112810735211,64700
2018-11-09,122.25415802001953,123.14514956348887,121.44417569519548,122.89315445209012,73100
2018-11-12,119.90520477294922,122.20916815450762,119.72521020864716,122.20916815450762,79800
2018-11-13,120.25615692138672,121.77713586329611,119.82416737160483,120.05815885009082,106500
2018-11-14,119.8872299194336,121.76819875708011,119.10423218112527,121.34520392509363,118500
2018-11-15,121.5521469116211,122.11914267243058,118.57319446980169,119.04119118876669,117800
2018-11-16,121.41716766357422,121.7411633145974,120.48117412386168,121.04816994632787,71000
2018-11-19,119.50919342041016,121.2461743919995,119.0862124273602,121.20117232342301,85100
2018-11-20,117.00720977783203,118.25819014124635,116.54822172485002,117.89820112706836,171700
2018-11-21,117.94322204589844,118.92420393918597,117.63722996164958,117.63722996164958,135100
2018-11-23,117.66423797607422,118.47422031937838,117.22323965471301,117.22323965471301,31600
2018-11-26,118.8251953125,119.27518848227625,117.93420389257042,118.62719721918232,108700
2018-11-27,118.34820556640625,118.49220667891346,117.48421262406492,118.20420445389904,180300
2018-11-28,121.24617004394531,121.24617004394531,118.03321197410943,118.816209487692,176300
2018-11-29,121.10214233398438,121.7501335044083,120.13015557834851,120.95814124440135,103800
2018-11-30,122.34415435791016,122.52414889275944,120.9401777603018,121.07517022826309,76400
2018-12-03,123.70314025878906,125.31412376561505,123.01915547041226,124.69313089050917,129900
2018-12-04,118.1681900024414,123.28010499196058,118.07818588997402,123.28010499196058,105000
2018-12-06,117.55620574951172,117.58320423981249,114.19025892045559,116.09823234246603,261600
2018-12-07,114.52326202392578,118.48319643579812,114.1902646054866,117.5112232711781,147400
2018-12-10,114.55926513671875,114.84726049864324,112.27329894741447,114.51426307196293,168500
2018-12-11,113.93827819824219,116.31424863905161,113.21829318963906,116.12524545045372,125600
2018-12-12,114.65826416015625,116.33223248034726,114.65826416015625,115.46825326112031,137000
2018-12-13,114.03228759765625,115.54295382940457,113.64331473222292,115.47963298626213,144700
2018-12-14,112.47639465332031,113.91469221638862,112.0693330815495,112.9648726803178,211700
2018-12-17,110.5224838256836,112.8744095793675,109.97973279044174,112.24120118849432,1712800
2018-12-18,111.15569305419922,112.58494274888785,110.64007853161584,111.58989802653707,307700
2018-12-19,109.03895568847656,112.7477622966315,108.46002035946961,110.96572418331652,288600
2018-12-20,107.08503723144531,109.21986371471282,105.93621444920242,108.33337206574339,297900
2018-12-21,105.05877685546875,108.15246401205196,104.88690304628503,107.46498257822499,478000
2018-12-24,102.10078430175781,104.63362492998469,102.02841565200593,104.06373734146086,296900
2018-12-26,106.91320037841797,106.91320037841797,101.44949097128989,102.60736188378894,429400
2018-12-27,108.08916473388672,108.08916473388672,104.13612154573231,105.03166129044952,337900
2018-12-28,107.79064178466797,109.33748546628757,107.42880543132583,108.55953972211101,402500
2018-12-31,108.92137145996094,109.04801314304613,107.69113205160113,108.45098215011235,395700
2019-01-02,109.3736801147461,109.51841052887033,106.75941583837147,107.15743655475953,149800
2019-01-03,106.20762634277344,108.60477780167652,105.97243165005749,108.58668908752387,211400
2019-01-04,110.33252716064453,110.41393671459467,107.79063875487263,108.08010644911906,101800
2019-01-07,111.1104736328125,111.92460368507939,109.7354968997719,110.6129477949121,841700
2019-01-08,112.82918548583984,113.14578968445727,111.75272430908672,112.75681684002618,184900
2019-01-09,113.69759368896484,114.14988739363704,113.1005626860995,113.28148430884092,95300
2019-01-10,115.2263412475586,115.244436860486,112.87441537315158,113.11865783749225,111900
2019-01-11,115.07257843017578,115.13589928097933,113.99611706506022,114.52982729450886,179400
2019-01-14,114.85546112060547,115.41630088111957,113.97801025488678,114.09560413015012,186200
2019-01-15,114.60218811035156,115.23539657505441,114.10466224418884,115.05448184269778,135700
2019-01-16,114.87354278564453,115.36202077066397,114.63835504954353,114.79213323886809,1715900
2019-01-17,116.6827392578125,117.21644253655842,114.33080638452246,114.33080638452246,133800
2019-01-18,118.89899444580078,119.38746566868664,117.59638611422359,117.59638611422359,256800
2019-01-22,116.52894592285156,118.00341387777557,115.92286026807017,118.00341387777557,214700
2019-01-23,116.44754791259766,117.72301963208669,115.32586131704741,117.27072587081344,93200
2019-01-24,117.12599182128906,117.60542211737777,116.61038409656994,116.72797109180169,109000
2019-01-25,118.56428527832031,119.02561991492638,118.09389593323166,118.17530549211934,98400
2019-01-28,117.52399444580078,117.60540399986071,116.58322961432191,117.1169328725927,196600
2019-01-29,118.98944091796875,119.12513733297264,117.5602047275515,117.96726636674175,190500
2019-01-30,120.71720123291016,121.24186364846676,118.86279406478481,120.1382657748667,98600
2019-01-31,121.27806854248047,121.86604497287921,120.59057311909675,120.8981295964465,215900
2019-02-01,121.54034423828125,122.30924892685394,121.12422802734524,121.54938514179281,109000
2019-02-04,123.06914520263672,123.06914520263672,121.4589803859078,121.6670316681832,96700
2019-02-05,124.02799224853516,124.0551287692086,123.04199518964066,123.22290992843354,150400
2019-02-06,123.97369384765625,124.48930143789094,123.69327398945232,123.84705217611554,101700
2019-02-07,123.06005859375,123.70232169373912,122.2007033608467,123.1505228510694,88000
2019-02-08,123.20481872558594,123.20481872558594,121.76652786674984,122.37259985500951,105200
2019-02-11,123.96463012695312,124.0641352761361,123.5666233331272,123.5666233331272,71700
2019-02-12,125.92761993408203,126.12661646641959,124.8149674771402,124.8149674771402,126600
2019-02-13,126.7055892944336,127.00409105006916,126.07236694441337,126.32565036325701,95900
2019-02-14,126.15376281738281,126.70556167448912,125.75574215941654,126.01806642785354,109200
2019-02-15,127.90868377685547,127.90868377685547,126.64226663170311,126.80508577768911,124100
2019-02-19,127.93579864501953,128.37001056663826,127.36591792762262,127.48350491218203,280700
2019-02-20,128.59616088867188,128.63233831499093,127.89962465657031,127.96295240626577,1265600
2019-02-21,128.107666015625,128.48759107571203,127.66442701364447,128.29763544712284,127300
2019-02-22,128.93991088867188,128.97610212243077,128.17101970768786,128.46953527309745,121600
2019-02-25,129.337890625,130.3058056788756,129.29265849860175,130.1701092996809,94100
2019-02-26,128.83135986328125,129.58216920156633,128.8042233404562,129.10273889444264,177400
2019-02-27,129.23841857910156,129.41934713104862,128.2886126959325,128.67757871621535,77400
2019-02-28,128.85845947265625,129.31075312738858,128.81322734660162,129.31075312738858,50900
2019-03-01,129.1931610107422,130.0163249393169,128.4694884314501,129.87160146578358,168400
2019-03-04,128.45143127441406,130.13396465871648,127.6192123901122,129.7088074087162,108900
2019-03-05,127.63731384277344,128.73185709166302,127.63731384277344,128.4514371486072,85300
2019-03-06,126.42510986328125,127.65534908291299,126.39797334984796,127.61917166597064,181900
2019-03-07,125.51152801513672,126.49752517477316,124.60694042583843,126.19900961395537,177500
2019-03-08,125.17679595947266,125.26724640842842,124.17270349658732,124.42598683831453,79100
2019-03-11,126.44327545166016,126.44327545166016,123.59382954092507,123.9375635022841,101300
2019-03-12,125.47532653808594,126.35276363287025,125.36676666219552,126.35276363287025,71800
2019-03-13,126.54271697998047,126.94073760087048,125.9095086298858,125.95474075551546,101600
2019-03-14,126.05426788330078,126.73270847728429,125.86429844370534,126.61510769072953,52200
2019-03-15,125.88240051269531,126.58797766238605,125.61102150060428,126.2894621293769,141300
2019-03-18,126.99503326416016,127.06740191748413,125.70147981863079,125.76479376347098,86100
2019-03-19,126.42510986328125,127.81818196641886,126.04518487230902,127.59203515253735,63400
2019-03-20,125.49342346191406,126.59702134650159,124.83307843356586,126.14472758406113,263500
2019-03-21,126.84432220458984,127.08977844505627,125.07161351567169,125.08979905572545,161200
2019-03-22,123.60801696777344,126.10799522481283,123.60801696777344,126.10799522481283,104500
2019-03-25,124.00796508789062,124.58067771309622,123.48069549705839,123.58978097395467,77000
2019-03-26,124.90792846679688,125.36246971139438,124.08975977512053,124.95338536555622,144500
2019-03-27,124.98980712890625,125.45343439270322,124.05345289497085,125.07162125695803,94400
2019-03-28,126.03523254394531,126.10796082889416,124.95342184652189,125.29887773215343,71800
2019-03-29,127.1806411743164,127.28064080808643,126.6442858075038,126.78974234235088,143300
2019-04-01,129.71701049804688,129.91700979839905,127.91703066637828,128.2443009877272,111200
2019-04-02,129.6351776123047,130.06244752195406,129.33517870522115,129.75334891158082,71000
2019-04-03,129.56248474121094,130.33519679950922,129.1897574634715,130.08975443061001,100000
2019-04-04,130.30789184570312,130.75334729734487,129.56245135382207,129.56245135382207,82600
2019-04-05,130.82606506347656,131.0442359843158,130.598794439937,130.73515126546152,50700
2019-04-08,130.36244201660156,130.41699862580174,129.40791636384708,130.02608588644998,119600
2019-04-09,128.57156372070312,129.66247409284486,128.38066411562946,129.66247409284486,77200
2019-04-10,128.8533935546875,128.94429350648718,127.98975384782817,128.8170224767661,60300
2019-04-11,129.97152709960938,130.01698399924646,128.92608776544742,129.02607352455152,63100
2019-04-12,131.50791931152344,131.50791931152344,130.6988361858616,130.90792134287466,50900
2019-04-15,130.9624481201172,131.48063190389604,130.7442771555794,131.39880392069358,105800
2019-04-16,131.7351837158203,131.81699783359107,131.117000236937,131.4351847458257,57500
2019-04-17,131.78970336914062,132.6806004178257,131.73516063351695,132.30787322906482,89600
2019-04-18,133.1715087890625,133.30786562403378,132.38059753173206,132.50786853487162,87300
2019-04-22,132.66246032714844,132.95337351212945,132.18974720881053,132.79883108442235,117300
2019-04-23,133.8624267578125,134.14424017365192,132.81698720779502,133.0169865102942,471500
2019-04-24,133.74424743652344,134.3442453703451,133.63516194728373,133.90788954188466,72000
2019-04-25,131.18064880371094,132.47154469534522,130.61700804372796,132.47154469534522,192000
2019-04-26,132.1988067626953,132.21699230101734,130.9897250870556,131.18063856068352,139400
2019-04-29,132.5533905029297,132.93520369976724,132.0988490012413,132.29884837170465,79100
2019-04-30,132.98065185546875,133.19883675563412,131.86248371906913,133.01702294124877,119600
2019-05-01,131.95333862304688,133.61696150591223,131.95333862304688,133.48969049216024,95700
2019-05-02,132.02606201171875,132.23516099703653,130.86243739434002,131.74424862537697,99400
2019-05-03,133.73512268066406,133.88057920498446,132.6442264912564,132.6442264912564,63500
2019-05-06,132.6987762451172,132.9351327060274,131.0169680384341,131.1987956392094,243500
2019-05-07,130.01702880859375,131.28973920807255,129.0261179923892,131.21701091788762,220400
2019-05-08,129.85333251953125,130.77151466253153,129.60789024798413,129.77151842901554,180000
2019-05-09,129.6260986328125,129.90791204987005,127.89884705449137,128.6352018207388,217100
2019-05-10,130.11703491210938,130.45339113329314,127.3534152343446,129.00795270703983,86300
2019-05-13,126.36249542236328,127.63520565499525,125.62614065409042,127.13522126671202,204900
2019-05-14,127.68978881835938,128.4988720355073,126.7170634678479,126.74433484482448,97600
2019-05-15,127.96247863769531,128.40793416411134,126.51704044245966,126.70795391706694,76300
2019-05-16,129.1261444091797,129.5716000770361,128.36251801128802,128.43524631654043,76000
2019-05-17,127.60794830322266,129.01702941869482,127.54431972035114,127.74431904623765,90700
2019-05-20,127.26250457763672,127.62613214449794,126.65342077381777,126.66250660796342,133500
2019-05-21,128.88067626953125,128.9624903948016,128.03522202722834,128.2624927339814,56900
2019-05-22,127.7079849243164,128.50798245937835,127.7079849243164,128.31706891250886,81700
2019-05-23,125.68977355957031,126.6170418304299,124.97160430459682,126.38068531379975,70900
2019-05-24,125.87158966064453,126.77157260522729,125.52613381520851,126.46248783378473,52100
2019-05-28,124.68978118896484,126.29884751244867,124.68978118896484,126.01703410680463,47500
2019-05-29,124.25340270996094,124.68067264030638,123.5079621935388,124.28068794965282,85100
2019-05-30,124.70800018310547,125.2625413719741,124.15347286574269,124.49891497561575,62000
2019-05-31,122.93524169921875,123.66251058656022,122.75342794525844,123.2988830786396,93900
2019-06-03,123.71708679199219,124.4625414178308,122.72618977408828,122.74437531585373,243500
2019-06-04,126.93522644042969,126.93522644042969,124.95341886942188,124.95341886942188,78500
2019-06-05,128.08070373535156,128.09888927943283,126.9261644375421,127.49889116830296,67700
2019-06-06,128.1624755859375,128.3624748903192,127.0533935785486,128.17157529072836,108800
2019-06-07,129.16250610351562,129.68977587461777,128.52615081822162,128.61705078954657,165300
2019-06-10,129.48065185546875,130.6988333056843,129.48065185546875,130.0715639769656,76900
2019-06-11,128.5625,130.38975160607333,128.0625016386852,130.28066609869703,52800
2019-06-12,128.66246032714844,128.80791687350543,128.10791938172468,128.34427586593,54900
2019-06-13,129.50791931152344,129.58063371597933,128.7079221475058,129.05337799042258,206200
2019-06-14,128.91696166992188,129.47150244036953,128.47152021056738,129.47150244036953,39300
2019-06-17,128.36248779296875,128.93521439231262,128.36248779296875,128.91702885240417,40800
2019-06-18,130.71702575683594,130.97158173387058,129.16250174602652,129.16250174602652,61000
2019-06-19,130.82606506347656,130.9442363550985,130.11698182775297,130.84423672588116,57500
2019-06-20,132.7078857421875,132.90788504150728,131.38971863048957,132.22607303150826,125500
2019-06-21,132.0200653076172,132.99615998122925,131.9288352619709,132.5309201558348,57700
2019-06-24,131.48182678222656,132.43967253565464,131.48182678222656,132.09302903164925,49500
2019-06-25,130.75204467773438,131.5456931740624,130.64257975955135,131.5456931740624,62900
2019-06-26,130.99835205078125,131.36324438394766,130.8250233206146,131.1260657593645,47500
2019-06-27,131.59133911132812,131.72817029120267,130.96188784439755,131.2902965958503,59500
2019-06-28,133.00531005859375,133.24248872300686,131.91061895551016,131.91061895551016,147000
2019-07-01,133.46144104003906,134.61999604204874,132.78637475545204,134.49226838410348,129100
2019-07-02,133.1239013671875,133.48880770587897,132.71339391594393,133.3428451704024,84400
2019-07-03,133.75332641601562,133.78069264608658,133.0144103645987,133.42491773541357,113200
2019-07-05,133.25160217285156,133.25160217285156,131.74638992861554,133.16948956334727,35900
2019-07-08,132.20252990722656,132.84109855651036,131.93798500957777,132.6586523595368,40800
2019-07-09,131.87411499023438,131.99271127658503,131.1899313439073,131.52745748844137,88200
2019-07-10,131.54568481445312,132.72248828913803,131.4818349228208,132.3210983883075,76800
2019-07-11,132.1204376220703,132.1934188883541,131.20819267315295,131.6369489127244,59600
2019-07-12,134.41925048828125,134.52871538849487,132.47616499100008,132.47616499100008,78600
2019-07-15,134.02700805664062,134.46488167523444,133.75333182511275,134.41928056977258,66900
2019-07-16,134.87538146972656,135.18554132010357,133.94488799884635,133.94488799884635,82300
2019-07-17,132.20252990722656,134.35542843892094,132.20252990722656,134.30069597180415,153300
2019-07-18,132.50355529785156,132.56741911441523,131.73727301759212,132.4396914812879,45700
2019-07-19,132.97793579101562,133.8901806417633,132.97793579101562,133.1238843881239,45500
2019-07-22,133.10565185546875,133.81720173799226,132.75899435176427,133.11476929302603,64200
2019-07-23,134.80242919921875,134.86627910225587,133.65299174702912,133.94491678877637,51500
2019-07-24,135.80589294433594,135.87887420624176,134.00876938919362,134.1273656797596,85600
2019-07-25,135.1399383544922,135.9244694058394,134.79328089094912,135.82412192532695,57600
2019-07-26,135.23117065429688,135.37711923949922,134.79328313943793,135.1490580454167,52000
2019-07-29,134.61996459960938,135.11257064050704,134.50136832764778,135.11257064050704,39100
2019-07-30,135.24940490722656,135.24940490722656,133.37018290376628,133.85367151942353,53300
2019-07-31,134.0361328125,135.81502145468747,132.95057310375893,135.29503519441678,97800
2019-08-01,131.40884399414062,134.66555014094862,131.10780159069643,133.79892051150242,107400
2019-08-02,130.44187927246094,130.97098288752346,129.57523564104392,130.97098288752346,139400
2019-08-05,126.81116485595703,128.23427866345241,126.0083987693928,128.23427866345241,116700
2019-08-06,128.7907257080078,128.7907257080078,127.13044726169991,127.62305337309283,160200
2019-08-07,128.68121337890625,128.77244340136772,126.26377090089501,127.20338166931047,54500
2019-08-08,130.9709930419922,130.98922791583058,129.3471844865581,129.3471844865581,49600
2019-08-09,129.58436584472656,130.45099554868747,129.0735110263812,130.35976550837586,73200
2019-08-12,127.82372283935547,129.04614131569252,127.48619675486098,128.78158255777836,49500
2019-08-13,129.2194366455078,130.53307104200948,127.6321400161911,127.6321400161911,76200
2019-08-14,125.34242248535156,127.65040057828338,125.25120636263595,127.35848949794327,551800
2019-08-15,125.26948547363281,125.79857530478749,124.22951284892277,125.54314782776333,80900
2019-08-16,127.64131164550781,127.80552297466615,125.99015051430828,125.99015051430828,74800
2019-08-19,128.9366912841797,129.31071503525155,128.74512764955927,129.0552875759226,47100
2019-08-20,128.042724609375,128.7633921239069,128.03360716935765,128.63567836488522,54000
2019-08-21,128.97320556640625,129.33809800702645,128.77251054813883,129.10091931259876,63100
2019-08-22,128.95494079589844,129.80332187914814,128.32548958200212,129.26510072398418,60200
2019-08-23,125.46102905273438,129.02790964171353,124.94105674330783,128.34372602632246,85500
2019-08-26,126.37328338623047,126.80203959773104,125.37893979775141,126.71080954091087,118600
2019-08-27,125.6707992553711,127.05741481437698,125.55221693396196,127.05741481437698,54800
2019-08-28,127.13040924072266,127.22163926950302,124.93189639274807,125.36065247246918,98800
2019-08-29,129.3654327392578,129.59349393904347,128.4988029640225,128.4988029640225,52500
2019-08-30,129.8854217529297,130.6608214970462,129.56613049845444,130.2411966754658,53500
2019-09-03,128.12478637695312,128.87283383530786,127.31288901738004,128.74512011311947,53800
2019-09-04,129.6390838623047,129.7211825375914,129.12822910085637,129.12822910085637,47200
2019-09-05,132.07481384277344,132.94144370289354,131.153451516504,131.153451516504,70600
2019-09-06,132.28465270996094,132.7681414839205,131.99274152556796,132.45798150057948,95900
2019-09-09,132.86843872070312,133.27895998303833,132.44881394197137,132.52179519039206,52400
2019-09-10,133.95404052734375,133.96317188517295,132.01096831585505,132.60392194513628,41600
2019-09-11,135.52308654785156,135.52308654785156,133.70772828725242,134.12735310417688,50200
2019-09-12,135.5595703125,136.03392754241474,134.9027530036568,135.78763149141082,75000
2019-09-13,136.2163848876953,136.8731882636078,136.07953983124526,136.1069060585854,56100
2019-09-16,136.11605834960938,136.38060322783556,135.60518954793721,135.60518954793721,41100
2019-09-17,136.06126403808594,136.17074284546953,135.1125358658236,135.84233426281205,47300
2019-09-18,135.76028442382812,135.77851929849476,134.40103459457416,135.3588944651356,78500
2019-09-19,135.08518981933594,136.2437444255986,135.08518981933594,135.85147198673462,42700
2019-09-20,134.35545349121094,135.52312607327238,133.99056102922492,135.44102735728882,51400
2019-09-23,134.06349182128906,134.49223403878136,133.57998930758512,133.70771693291252,51400
2019-09-24,133.04180908203125,134.81156663077846,132.51270530520705,134.4649090722288,89600
2019-09-25,134.30978393554688,134.48311265654831,132.99614933400923,133.38842179518346,50200
2019-09-26,134.2987823486328,134.6379625104978,133.56540736074024,134.36295912950698,38200
2019-09-27,133.5379180908203,134.82132792299782,133.07039831642146,134.62881155238324,52700
2019-09-30,133.90463256835938,134.3446520679671,133.79461720248167,133.80379330928596,54300
2019-10-01,130.84280395507812,135.03220065020218,130.64112541901702,134.53716642969988,79400
2019-10-02,128.48683166503906,129.63272589581038,127.45093880427244,129.63272589581038,98300
2019-10-03,129.05519104003906,129.05519104003906,126.48838515929887,128.12013742883346,115900
2019-10-04,130.44859313964844,130.51275593845682,129.20185974200476,129.26602254081314,42300
2019-10-07,129.85269165039062,130.78774499300314,129.49517331173917,130.07270831570025,41400
2019-10-08,127.7351303100586,129.04604070669598,127.7351303100586,128.59684509045542,91500
2019-10-09,128.95436096191406,129.3393797732207,128.2026615649728,128.77102066909677,70300
2019-10-10,129.98106384277344,130.45775974331463,128.7801689675347,128.7801689675347,48500
2019-10-11,132.48373413085938,133.55628963712627,131.6311814025124,131.7045203244754,146100
2019-10-14,132.12615966796875,132.43783946332564,132.01614433763567,132.19949855886975,37300
2019-10-15,133.22625732421875,133.65711470248317,132.38288079322413,132.38288079322413,29900
2019-10-16,133.22625732421875,133.86795533823994,132.92373954875856,132.92373954875856,236000
2019-10-17,133.96881103515625,134.78468732194418,133.6571311026686,133.6571311026686,39700
2019-10-18,133.20794677734375,134.02382313354804,132.97876786843275,133.59296566575773,287800
2019-10-21,133.950439453125,134.38129677697174,133.57459679893248,133.57459679893248,29700
2019-10-22,134.8671417236328,135.32549934394203,133.76708623248362,134.1246046168062,50400
2019-10-23,135.02301025390625,135.02301025390625,134.3354736777201,134.83966996451676,36700
2019-10-24,135.05055236816406,135.24305481583556,134.18883744399932,135.21555446616821,44600
2019-10-25,135.94891357421875,136.26975561145656,135.08719875266414,135.08719875266414,43100
2019-10-28,136.2697296142578,136.90226543655382,136.2697296142578,136.41640742568188,53200
2019-10-29,136.8013916015625,137.1222474844334,135.8388379409123,135.8388379409123,36700
2019-10-30,137.0305938720703,137.19560989348375,136.08637826831944,136.9847553112352,40100
2019-10-31,135.74722290039062,136.6731004513921,135.08718667006391,136.6731004513921,55500
2019-11-01,138.53404235839844,138.53404235839844,136.62727243331057,136.62727243331057,47800
2019-11-04,140.14744567871094,140.14744567871094,139.33156958549358,139.3498938209611,152200
2019-11-05,140.50497436523438,141.00917063674135,140.2482951702794,140.43163545410908,75900
2019-11-06,140.3857879638672,140.46828898815212,139.76242824087075,140.4407886467238,83200
2019-11-07,140.85333251953125,141.78838625638383,140.605829403163,141.38502919389964,78900
2019-11-08,140.99996948242188,141.06414626374345,140.30327093244725,140.50494940522285,54200
2019-11-11,141.09164428710938,141.24748419752189,140.1932532911347,140.2115915123492,59300
2019-11-12,141.2108612060547,141.75173402688074,140.94501984365783,141.3483769352693,37200
2019-11-13,140.532470703125,140.9449898269765,140.19327650034197,140.46829391223181,67500
2019-11-14,140.98162841796875,141.2933222255867,140.35826877866134,140.35826877866134,71600
2019-11-15,141.97171020507812,142.246727623995,141.66003032469024,141.81587026488418,66500
2019-11-18,141.45838928222656,141.66922996445206,141.19254789924403,141.66922996445206,55000
2019-11-19,141.39418029785156,141.99003967880893,141.0549861073066,141.99003967880893,230300
2019-11-20,140.4041290283203,141.21082903981645,139.7807553047448,140.91748739599052,65000
2019-11-21,139.99163818359375,140.49582054711718,139.88162280546948,140.48665842726066,44900
2019-11-22,140.7615966796875,140.7615966796875,140.04656007011462,140.31240127604858,42800
2019-11-25,141.96253967285156,142.21921885183656,141.07332466423702,141.28416527812482,35800
2019-11-26,142.54922485351562,142.7600654495305,141.8616883992382,142.0175283169853,59400
2019-11-27,142.521728515625,142.54922885553097,141.953369506948,142.54006673821743,97300
2019-11-29,141.56834411621094,142.21921816633537,141.53168165708956,142.16421748367026,36400
2019-12-02,139.57907104492188,141.91669793292292,139.50573214000022,141.8158586871514,94400
2019-12-03,138.12152099609375,138.2223602593638,137.1681430426055,138.02985784000987,64000
2019-12-04,138.52484130859375,139.98241519184378,138.52484130859375,138.59818020679032,70200
2019-12-05,138.8090362548828,138.88237516124667,138.378178922474,138.77237379568393,46600
2019-12-06,140.51412963867188,140.8166473868393,140.21161189050446,140.21161189050446,72300
2019-12-09,139.97328186035156,140.4133013520558,139.5882630566144,140.22079894417095,47200
2019-12-10,139.6157684326172,140.22080399799682,139.5057530647504,139.86328552535758,706000
2019-12-11,140.66079711914062,140.66079711914062,139.5515654573576,139.69824326168626,57500
2019-12-12,141.76084899902344,142.21004451764273,140.2574365135601,140.67913169307667,92400
2019-12-13,141.33001708984375,142.7142523625382,140.91749794123643,141.83421337723823,51000
2019-12-16,141.4893035888672,142.13385700784866,141.43405816012745,141.93128106899582,86500
2019-12-17,141.4248504638672,141.6826718483082,141.2775199441261,141.34198231534222,48900
2019-12-18,140.8079071044922,141.45246050785164,140.5592886309784,141.45246050785164,252100
2019-12-19,141.1025848388672,141.1946558787091,140.68821598383616,140.853966335891,48300
2019-12-20,141.8944549560547,142.05098835365766,141.30514696793318,141.6089968249085,55300
2019-12-23,142.67715454101562,142.84290491471765,142.253596791959,142.61270620973048,76800
2019-12-24,142.1982879638672,142.73235046016632,142.17988219000827,142.73235046016632,49100
2019-12-26,142.59426879882812,142.59426879882812,141.91287565799797,142.46535810193726,33200
2019-12-27,142.3456573486328,142.78764894577407,142.20754375590923,142.78764894577407,59100
2019-12-30,141.82997131347656,142.5021473435769,141.55373016199974,142.5021473435769,57800
2019-12-31,141.69190979003906,142.15230719481542,141.36962598661012,141.6182445192492,123900
2020-01-02,144.01229858398438,144.05834113322274,142.15230323663278,142.5114126403505,148300
2020-01-03,143.88336181640625,143.94782418370733,141.98652715312915,142.64029751339214,80600
2020-01-06,143.87417602539062,143.87417602539062,142.74160244577826,143.27566507321,114900
2020-01-07,143.61630249023438,144.04907697862953,142.99937193342177,143.51501454507365,106700
2020-01-08,144.04910278320312,144.64761362532744,143.59790839207827,143.68999346788658,71200
2020-01-09,144.5647430419922,144.7765218525173,144.27929898210843,144.67523389092534,63100
2020-01-10,143.6623992919922,144.79497288831502,143.53348859037993,144.79497288831502,42100
2020-01-13,144.8870391845703,144.9606903900394,143.76366862332006,144.01227305475265,114200
2020-01-14,144.85940551757812,145.80782278115785,144.65682959232714,145.02514179266905,159600
2020-01-15,145.1448516845703,145.67891421795537,144.76732254111036,144.933058818604,62400
2020-01-16,146.77467346191406,146.77467346191406,145.83547295909818,145.83547295909818,48700
2020-01-17,146.6365203857422,147.32711624313185,146.51681260772784,146.77463393713666,52700
2020-01-21,145.25531005859375,146.3418406575635,144.59233699643337,146.12085900364795,88700
2020-01-22,144.5002899169922,145.90911858199604,144.45426142713418,145.6328773917951,60100
2020-01-23,145.70655822753906,145.89071435729628,143.5518879537223,144.26090380601022,104500
2020-01-24,144.95147705078125,146.11167313111488,143.93861147118486,146.11167313111488,103300
2020-01-27,142.40086364746094,143.26641272453733,141.8299755541591,142.45612311957544,93300
2020-01-28,143.46900939941406,144.05831740203155,142.3916813657326,142.97178648010382,142500
2020-01-29,143.93861389160156,144.94227660060778,143.8649486399942,144.5095020287959,82100
2020-01-30,144.03990173339844,144.18723225085864,142.21673224301574,142.723172115403,61700
2020-01-31,140.83554077148438,143.47823100610537,140.3198980086934,143.47823100610537,85700
2020-02-03,140.9736328125,142.64026848228693,140.81708539526204,141.28669954655996,65800
2020-02-04,143.5795135498047,143.96625969532576,142.68635560006157,142.68635560006157,190100
2020-02-05,145.9735870361328,145.9735870361328,144.50030985195116,145.14487740141345,54000
2020-02-06,146.02880859375,146.55366824673865,145.44871756438545,146.55366824673865,47800
2020-02-07,144.95147705078125,145.68811550425764,144.90543451302463,145.60524736642162,64800
2020-02-10,145.64210510253906,145.66972782124603,144.6108194702441,144.68448473686703,56400
2020-02-11,146.34190368652344,147.04171669254805,146.02883684183502,146.4155689529583,40500
2020-02-12,147.72308349609375,147.90725367192383,146.8299255843344,147.07853003132382,40200
2020-02-13,147.1245574951172,147.6770398655548,146.82069359639755,147.08773189385283,48600
2020-02-14,146.94961547851562,147.39160702864407,146.51684086706362,147.1245687108317,39600
2020-02-18,146.2037353515625,146.7009722012685,145.6604700215051,146.46155666244425,66200
2020-02-19,146.34190368652344,146.94963159695126,146.314280967887,146.6089420336264,46400
2020-02-20,146.2313995361328,147.1061516640349,145.19089706124694,146.03804052323204,75100
2020-02-21,145.56842041015625,145.83545872230533,144.85941865767455,145.6697083819695,309000
2020-02-24,141.18548583984375,142.05103530697812,140.47646982205268,141.1578631164429,95600
2020-02-25,135.55938720703125,141.82079353130047,135.3199856601515,141.5997977609576,158800
2020-02-26,134.23345947265625,137.73248238331183,134.04930333003503,136.33287040900697,226500
2020-02-27,129.29798889160156,134.38998241146922,129.28878600276306,131.52631035895783,178700
2020-02-28,127.81548309326172,127.87994545276366,124.15072489448868,125.0254768648966,1716300
2020-03-02,131.4158172607422,131.52630812577596,126.1949131347214,128.5705650844292,225800
2020-03-03,128.20223999023438,133.43236110435998,127.47481837156488,131.85779601175506,268100
2020-03-04,133.55206298828125,133.61652536422233,129.36245815891746,130.38454088294415,135600
2020-03-05,127.29068756103516,130.7344513738823,126.61849719150128,129.8228734470532,97700
2020-03-06,125.71607971191406,126.22251952818004,122.56696401378278,123.4509329703752,203200
2020-03-09,114.26140594482422,118.33131665448413,111.78447308741798,116.64626776639163,259900
2020-03-10,119.9959945678711,119.9959945678711,113.57176820135328,118.07982872450052,269600
2020-03-11,112.71089172363281,117.16341393540996,111.65561621839825,116.26550246497372,162500
2020-03-12,101.03804016113281,108.07321139629522,99.05708421744615,103.76879514019751,714100
2020-03-13,108.71195983886719,108.71195983886719,101.26022627046848,107.23086484864768,211700
2020-03-16,96.25230407714844,102.0840895695608,93.40120518091936,96.28932509862972,243700
2020-03-17,99.92724609375,100.66779360730929,94.06769161257125,97.55750535017546,266600
2020-03-18,92.02193450927734,94.76194891290505,86.08831701134655,92.57734159364789,293100
2020-03-19,93.24382781982422,94.28984455588271,87.54163084079795,90.80928285520932,477900
2020-03-20,88.62466430664062,95.19699557242981,88.31919505661115,93.68813864086327,820800
2020-03-23,85.06082153320312,88.30070484307014,83.20020085492595,88.30070484307014,307400
2020-03-24,95.18775939941406,95.27106728238032,89.72624120724058,89.72624120724058,223800
2020-03-25,99.9087142944336,103.41704485659801,94.73415571300959,96.28929951019087,239300
2020-03-26,106.36996459960938,106.79577684198895,101.09358077036792,101.27872113382605,251100
2020-03-27,101.7415771484375,104.63895542541417,100.47339194699346,102.99124477948693,429300
2020-03-30,103.41703796386719,103.57440197120259,100.06607164286788,101.66750219144242,884100
2020-03-31,102.1118392944336,104.12057185043214,101.76934194349397,102.67650510598563,246200
2020-04-01,97.25202178955078,98.6683122719409,95.81722079876161,97.67783410656857,195900
2020-04-02,98.55722045898438,99.74209056729676,96.06713723729536,96.75213894446665,266700
2020-04-03,96.48371887207031,98.98305436204004,95.61357660617095,98.03886299496254,139400
2020-04-06,103.50037384033203,104.17612396999041,100.82515674205605,100.86218482363584,210000
2020-04-07,103.69473266601562,108.86003185800509,103.69473266601562,107.12901374004021,158500
2020-04-08,107.6751708984375,108.2120673603019,104.60191148078927,105.15731844785672,277400
2020-04-09,109.85054016113281,111.42420177747437,108.85080319014652,110.15601652377597,122600
2020-04-13,106.37922668457031,109.34140922703462,105.40726616566101,109.34140922703462,195500
2020-04-14,108.36946105957031,109.40622619452145,107.43452138708692,108.73973482650891,735200
2020-04-15,105.09253692626953,105.8978817404527,103.59293859539692,105.7867975053428,244900
2020-04-16,104.2038803100586,105.00922509392664,102.55616972772988,105.00922509392664,118400
2020-04-17,109.04519653320312,109.33215530931467,107.50856307911891,107.88809558129046,160900
2020-04-20,106.22187042236328,108.2305960373391,105.85159669468872,107.07349505234603,141800
2020-04-21,103.5096435546875,104.75005970022586,103.09308995210864,103.64849710967552,115400
2020-04-22,104.54640197753906,105.74053117313638,104.07430274616694,105.58316005442252,104600
2020-04-23,105.57390594482422,107.55486243968899,105.38876553357521,105.38876553357521,86600
2020-04-24,106.49958038330078,106.83282604104254,104.80558280017756,106.29592947441591,70800
2020-04-27,109.46174621582031,110.08195060934382,107.14754439307569,107.16605490020892,139100
2020-04-28,111.5722885131836,112.91452970392447,110.52627191271623,111.60005780292599,138800
2020-04-29,114.48820495605469,115.44165507780158,113.10894250141034,114.20124615967221,130900
2020-04-30,111.80372619628906,113.31259042429419,111.1372348885057,113.31259042429419,153600
2020-05-01,108.25836944580078,109.73946441279413,107.51782902468831,109.73946441279413,82300
2020-05-04,106.97167205810547,107.02721770908225,105.5831508442157,106.6014053843088,228500
2020-05-05,107.54559326171875,109.2581012915863,107.54559326171875,107.92511870893382,135800
2020-05-06,106.14779663085938,108.39720085450556,106.14779663085938,108.10098333405097,81900
2020-05-07,107.57335662841797,108.70268824734696,107.18457241735886,107.63815399692783,145800
2020-05-08,110.51702880859375,110.67439284771582,108.86005934917438,108.86005934917438,99700
2020-05-11,109.10073852539062,109.95236315761657,108.27688318689623,109.40621488120557,129800
2020-05-12,105.8053207397461,109.67466685674569,105.73126457904175,109.58209312467315,1354700
2020-05-13,102.83389282226562,105.27769701522423,102.01003734594877,105.27769701522423,189900
2020-05-14,103.9447021484375,103.9447021484375,99.24224179633788,101.3620517628834,143200
2020-05-15,103.990966796875,104.60191945086831,102.41731242654977,102.97271943593613,212600
2020-05-18,110.94283294677734,111.57229611925426,107.51781710565446,107.51781710565446,120800
2020-05-19,109.498779296875,111.71115577554005,109.498779296875,110.66513904631161,83300
2020-05-20,111.6370849609375,112.53499632128536,110.99837011495276,111.23904199900133,117800
2020-05-21,111.86851501464844,112.5905448554007,111.08168780517184,111.57229746299664,82300
2020-05-22,111.80372619628906,111.9240692205402,110.86878660829386,111.9240692205402,77500
2020-05-26,116.64502716064453,117.53367978650073,115.36758327278982,115.36758327278982,172900
2020-05-27,120.58845520019531,120.62547622142019,117.86695108515377,119.19993384556348,269100
2020-05-28,119.30172729492188,122.19909813922557,118.9407124045878,122.1898464175945,152600
2020-05-29,118.4500961303711,119.14436368613786,117.06157514360346,118.3482706930175,123200
2020-06-01,118.96849822998047,119.73681497512602,118.01504109073628,118.48714026770791,130000
2020-06-02,120.32925415039062,120.67175153179738,119.34802062230807,119.71830142293402,177000
2020-06-03,124.92060089111328,125.16128689996061,122.12504137321093,122.12504137321093,155200
2020-06-04,126.23511505126953,126.23511505126953,124.18010207522157,124.98545416028121,141100
2020-06-05,130.99310302734375,133.0851509643325,130.437702945444,131.2985794285351,221100
2020-06-08,133.3165283203125,133.45537476494044,132.40935113285832,132.8444221590465,544000
2020-06-09,129.98406982421875,131.16893987743484,129.373117230439,131.16893987743484,256800
2020-06-10,126.93860626220703,129.63232652038346,126.36467459012819,129.6138230751438,458500
2020-06-11,117.51517486572266,122.10655785372619,117.39483890404709,121.14384191078554,262600
2020-06-12,119.71829986572266,122.38426509647937,116.86720129944521,122.01398430066976,127300
2020-06-15,121.1253433227539,121.99547144581585,115.71010476962788,115.92301446985309,134700
2020-06-16,123.7542724609375,126.41097192393323,121.97696696176004,126.33691576253811,141500
2020-06-17,122.64342498779297,124.03194585619298,122.40273899742091,123.97639315665464,102300
2020-06-18,122.31021118164062,123.25439544755211,121.4956075406801,121.50485926395706,72100
2020-06-19,120.77357482910156,123.96717075682645,119.94046776091872,123.96717075682645,171500
2020-06-22,120.99102783203125,121.35344279450001,119.08602028898517,120.20115633923724,176300
2020-06-23,121.10254669189453,122.38493042796858,120.8051733052699,122.38493042796858,208100
2020-06-24,116.8093032836914,119.93165284500085,116.46547772357754,119.93165284500085,223700
2020-06-25,118.05452728271484,118.15674760672522,115.05298039451917,116.21456854029945,138300
2020-06-26,116.25174713134766,118.03594492792121,115.6291375496952,117.52485036721902,218400
2020-06-29,119.84803009033203,119.8573176916709,117.03234131435529,117.47838723086953,456200
2020-06-30,120.7308349609375,121.35344456299337,118.90946543102615,119.3369290573528,123700
2020-07-01,119.84803009033203,122.63584188274814,119.8201531067714,121.79020223595802,70900
2020-07-02,120.80516815185547,122.78451890595115,120.61001510276513,121.91100234443394,76700
2020-07-06,122.55217742919922,123.36063809053178,121.81804591734586,122.67297293175801,61100
2020-07-07,120.34053039550781,121.82736887530024,120.14537735046228,121.49283092632407,79500
2020-07-08,120.4334716796875,121.00032729520876,119.28117106695181,120.34053895076522,82700
2020-07-09,117.88729095458984,120.21046788954587,117.42265556759865,120.21046788954587,64600
2020-07-10,119.35549926757812,119.48559656383338,117.75715295384678,117.75715295384678,56700
2020-07-13,119.50419616699219,121.79019373669794,119.31833071683339,120.2754782310705,94300
2020-07-14,122.16192626953125,122.16192626953125,118.79795686393454,119.24401698659993,77300
2020-07-15,125.53514099121094,125.97189923465207,123.834574375597,124.4943626304363,85300
2020-07-16,125.45153045654297,126.09272943649233,124.34569617860639,124.8382084601093,61200
2020-07-17,126.25067901611328,126.45511964156127,125.52584922753998,125.93473047843595,68600
2020-07-20,124.90324401855469,126.25068332900766,124.56870609089711,125.84180206414376,54700
2020-07-21,126.31571960449219,127.18923605570998,125.51656066691288,126.01836044764379,73000
2020-07-22,127.34722137451172,127.37511253431711,125.52585915946233,125.90686346244696,54000
2020-07-23,127.10567474365234,128.18363240919837,126.72467026503797,127.24505970921912,67400
2020-07-24,126.08341217041016,127.26358965262385,125.77676538939885,126.87329775179445,87200
2020-07-27,126.77107238769531,126.79894936667809,125.54444277382787,126.14846289117705,62400
2020-07-28,125.7581787109375,126.78966953512375,125.6002044271756,126.27856792322198,73800
2020-07-29,127.83977508544922,128.0813803591847,126.39940268616975,126.39940268616975,36400
2020-07-30,126.7803726196289,127.07774599779714,125.86969146318916,126.87330534519226,98100
2020-07-31,126.13917541503906,126.35290364729717,123.99254877446836,126.35290364729717,82700
2020-08-03,126.92906188964844,127.38440956689877,125.76747369420278,126.63170268497691,61400
2020-08-04,127.44940948486328,127.44940948486328,126.61307192925618,126.74316919745148,109500
2020-08-05,129.87484741210938,130.00494472237716,128.23933634309392,128.23933634309392,70800
2020-08-06,130.35804748535156,130.35804748535156,129.69827345754535,129.8748229185429,145600
2020-08-07,132.34671020507812,132.41176594984523,130.01424622611853,130.01424622611853,399700
2020-08-10,135.38540649414062,135.45044804861087,132.44890863465497,132.81132352253482,234700
2020-08-11,135.96156311035156,138.1174774531286,135.64561454687154,137.1045618426719,174300
2020-08-12,136.4819793701172,137.40196244212936,135.90583608961907,137.28115271703967,899700
2020-08-13,135.7850341796875,136.5470429825029,135.25535723831854,135.998776656309,100600
2020-08-14,136.166015625,136.68640487599762,135.10664774131385,135.2181556723723,163200
2020-08-17,135.4504852294922,136.54703197301382,135.30181270151806,136.47268861925428,98600
2020-08-18,134.58624267578125,135.7571183529423,134.5211869372791,135.41329281955083,53500
2020-08-19,134.3818359375,135.48767033464634,134.14023066113728,134.83718368325012,40500
2020-08-20,133.81494140625,133.95432629839826,133.06223462956646,133.24808587894464,59900
2020-08-21,134.08447265625,134.40972309633628,133.37823197836275,133.37823197836275,53600
2020-08-24,136.46337890625,136.46337890625,134.511905180008,134.83715552756252,80100
2020-08-25,136.2682342529297,137.10457208450907,135.53411675005833,136.9930641548434,108000
2020-08-26,136.32398986816406,136.7049942051923,135.5341183908973,136.00804127725735,62900
2020-08-27,136.76077270507812,137.782976187913,136.40764528745405,136.93733641389016,106200
2020-08-28,138.0338134765625,138.16391076019667,136.82577334833388,137.4297934124482,63200
2020-08-31,136.54701232910156,137.99667206999894,136.53771054900426,137.82941018276134,83500
2020-09-01,138.02455139160156,138.02455139160156,135.68278567376717,136.17529792281962,60300
2020-09-02,140.0410614013672,140.35700996802265,137.93161339779326,138.53564773003257,88400
2020-09-03,135.95228576660156,140.34773154521645,135.2367434651152,139.9481520105894,114500
2020-09-04,136.03591918945312,137.82011699561153,134.4282850616382,137.15104104585916,103800
2020-09-08,133.647705078125,135.4597799200794,133.21094675986623,134.87433490208485,89700
2020-09-09,135.59918212890625,136.6399608006765,134.61415743176,134.82788572766725,174900
2020-09-10,134.12159729003906,136.40759451230153,133.55474178411302,135.95226109542938,137600
2020-09-11,135.45838928222656,136.20465367772735,134.4602385904188,134.62815804326314,142700
2020-09-14,137.25875854492188,137.74384173896914,136.42852739203607,136.66173854997118,96700
2020-09-15,137.53863525390625,138.3688665303721,137.38937667443156,137.97707343481218,141100
2020-09-16,138.93788146972656,140.24385825809549,137.95839176141016,138.71399363425786,101300
2020-09-17,139.1431121826172,139.81476147307217,136.57778938087608,137.06285835303146,377300
2020-09-18,137.59458923339844,139.92670091532045,137.41734646811955,139.38564929702494,124300
2020-09-21,133.0143280029297,135.07592114043433,131.66170597733054,135.04793693697292,310300
2020-09-22,134.1990509033203,134.44158542236264,132.92105810692993,133.154269302422,116900
2020-09-23,131.7083282470703,135.73820942236443,131.62437565122804,134.67476717279305,74600
2020-09-24,131.83892822265625,133.37811610964476,130.01054655480377,131.52176447676803,75400
2020-09-25,133.76992797851562,134.23635034138923,131.26058762288363,131.28857182592958,88300
2020-09-28,136.38189697265625,137.40803187149672,135.3091312244802,135.3091312244802,134400
2020-09-29,135.42103576660156,136.68970486917112,135.0012585840473,136.344556955483,67800
2020-09-30,135.0479278564453,137.50129967744678,134.40426275195014,135.73822380752003,103300
2020-10-01,135.15052795410156,136.51247307635558,134.19902249239178,135.9900823865004,90700
2020-10-02,136.61508178710938,137.17479421191413,132.4919105755542,132.74378259012414,63100
2020-10-05,138.9285430908203,139.0964625249472,137.69719558823354,137.69719558823354,46800
2020-10-06,137.4919891357422,140.67299319575383,137.47332825492762,139.46961547964082,92000
2020-10-07,140.38380432128906,140.8595499950165,139.23639508934798,139.23639508934798,108600
2020-10-08,141.7550811767578,141.7550811767578,140.24386314433065,141.2513370879221,109500
2020-10-09,142.2401580810547,143.21032455521743,141.94165517413742,142.49203013951166,115100
2020-10-12,143.13568115234375,143.44352158585502,142.60395288516628,142.94911507466156,80300
2020-10-13,141.60585021972656,142.88384310158483,141.2327037415354,142.062935083647,90900
2020-10-14,142.14688110351562,143.19166262115505,141.79239555971054,141.79239555971054,56900
2020-10-15,142.7625274658203,142.7625274658203,140.18788156361495,140.6263196525016,78700
2020-10-16,143.39688110351562,144.2737573542113,143.34091270182523,143.56478630858683,69000
2020-10-19,141.67111206054688,144.21778819675256,141.24201149378263,143.61143063543133,113200
2020-10-20,142.2867889404297,144.0498647052277,142.12820706290682,142.48269257388694,136600
2020-10-21,140.9715118408203,143.00512105396942,140.9715118408203,142.14690548384294,61400
2020-10-22,142.10023498535156,142.2681401991421,140.7569363387051,141.13940608222427,98100
2020-10-23,142.8185272216797,143.31293376688444,141.79239237271867,142.8185272216797,52700
2020-10-26,139.21778869628906,140.99018844882806,137.79986035380708,140.99018844882806,140400
2020-10-27,136.4098663330078,139.1057867458002,136.40054301097138,139.1057867458002,69600
2020-10-28,132.20278930664062,134.69348364997816,132.0908524659779,133.84459131739368,250200
2020-10-29,133.85391235351562,134.9266782350002,131.71768968067326,132.128143691215,64600
2020-10-30,133.5740509033203,134.28300783614728,131.84828230754445,133.0516600860707,103400
2020-11-02,137.34271240234375,137.3706966028257,134.82403472041355,135.33710211938146,125900
2020-11-03,141.08343505859375,141.91366625755603,138.86326015692998,139.26437653848154,121900
2020-11-04,140.09461975097656,142.94913668393346,139.00319308576428,140.24387832931708,129700
2020-11-05,143.5927734375,144.50697146401765,142.13753802755608,142.13753802755608,88100
2020-11-06,143.8913116455078,144.30176563851379,143.0424194539802,143.38758171214366,72600
2020-11-09,148.91932678222656,154.74028281274659,148.78872909407775,153.60221114427236,283700
2020-11-10,151.24212646484375,151.87645407335773,148.9473220775128,149.5163579541299,218000
2020-11-11,150.1226806640625,152.4734531358471,149.46036894259464,152.4734531358471,686500
2020-11-12,148.3876190185547,149.84285452956257,147.3428232348436,149.25515779085512,204300
2020-11-13,151.6805419921875,151.87643139270634,149.58164158215214,149.58164158215214,87800
2020-11-16,155.71046447753906,155.79441709992074,153.29439967289,155.24404204108558,206300
2020-11-17,155.309326171875,155.69178169807518,152.92123167646452,154.46043404073774,309900
2020-11-18,154.36712646484375,156.8951416927925,154.36712646484375,156.092894736027,133200
2020-11-19,154.85220336914062,155.0201085645324,153.257032842524,154.143246598466,149200
2020-11-20,153.72348022460938,155.0108105356468,153.38765554495097,154.62834077163114,91700
2020-11-23,156.2141571044922,156.6245967564311,155.02944052150187,155.02944052150187,110000
2020-11-24,159.17132568359375,159.87095934031598,157.91197940786046,158.63027394763856,326400
2020-11-25,157.7906951904297,158.95675121233378,157.0444307236769,158.95675121233378,149300
2020-11-27,157.73471069335938,158.5929261298718,157.23098080626238,158.17314885161085,52400
2020-11-30,156.0555877685547,157.38023980392958,155.1414039236776,157.31493384082648,430500
2020-12-01,155.8130340576172,158.28506658029582,155.78504985804565,157.66006239973328,114100
2020-12-02,155.8596954345703,156.24216518081823,154.94551160677824,155.35595132144363,66500
2020-12-03,156.41006469726562,157.66941070011953,155.75707627263327,156.13954600494654,124000
2020-12-04,158.6862030029297,158.83546156218898,156.9417880730855,156.9417880730855,86400
2020-12-07,157.90264892578125,158.68623516961088,157.5295024519939,158.68623516961088,81700
2020-12-08,158.80747985839844,159.19927290705422,157.13767994785124,157.13767994785124,432900
2020-12-09,159.09666442871094,159.9548798338159,158.04254537607704,159.63771605598848,107800
2020-12-10,157.83734130859375,158.68623351426183,157.1377076908836,158.03324498454884,101000
2020-12-11,158.00521850585938,158.43431903883393,156.84848610978105,157.14700320583168,129400
2020-12-14,156.0555877685547,159.5537554869976,156.0555877685547,159.49778708095545,98700
2020-12-15,158.53695678710938,159.04070090531033,156.61529894778744,157.50149858200822,90900
2020-12-16,157.66004943847656,158.98468696758675,157.193627171857,158.98468696758675,77200
2020-12-17,158.66392517089844,158.72010699343144,157.78370518226075,158.3080879103791,86900
2020-12-18,158.5983428955078,159.07591688157711,157.70876418563802,159.07591688157711,137100
2020-12-21,157.9897003173828,158.45790118027494,155.28349990140066,155.54569124155174,152300
2020-12-22,157.63389587402344,158.2800154853316,157.21251786745358,158.2800154853316,104100
2020-12-23,158.53282165527344,159.18830003303216,158.27998917801042,158.53282165527344,52800
2020-12-24,158.6358184814453,158.80436393228052,157.76495745372787,158.80436393228052,31100
2020-12-28,158.55154418945312,159.85314199312648,158.51408011962238,159.81567792329574,102900
2020-12-29,157.5027618408203,159.60966564921276,156.39781470194092,159.47856998378035,95400
2020-12-30,158.5609130859375,158.98229102385517,157.97097539983852,157.97097539983852,48400
2020-12-31,159.17893981933594,159.42239913235218,157.83051900309258,158.59836101390195,44200
2021-01-04,155.5737762451172,159.5815743362805,154.55310183195982,159.5815743362805,205800
2021-01-05,157.278076171875,157.92418150842786,155.09625793648092,155.09625793648092,130700
2021-01-06,161.74462890625,163.0555995939483,157.81174541986138,157.81174541986138,689000
2021-01-07,163.43955993652344,163.7111244534428,161.81022998843588,163.1305599237433,172300
2021-01-08,162.98069763183594,164.36656796758493,161.23899012390447,164.04819486002913,377400
2021-01-11,162.96202087402344,163.34594908072205,160.84575773214272,161.3139586803042,106400
2021-01-12,165.143798828125,165.39663127935944,162.60614401961462,163.06498598098742,913200
2021-01-13,163.720458984375,165.13443460252387,163.49573173576704,165.0033389447175,142200
2021-01-14,164.37591552734375,165.44341268207265,164.04818357036262,164.65683883929412,152700
2021-01-15,161.85704040527344,163.42082953783407,160.5928923883319,163.42082953783407,160800
2021-01-19,162.93392944335938,164.0201590688546,162.92457056823508,163.25230265789313,251900
2021-01-20,164.01077270507812,164.17933246226184,163.08374404982,163.8234951991523,130800
2021-01-21,162.8402099609375,163.9264390956308,162.5967507224797,163.81407549147374,116400
2021-01-22,162.4376220703125,162.84964115017766,160.85510073553837,161.63231594740083,100200
2021-01-25,161.3139190673828,162.17540688584631,159.45983348034179,161.88512465540657,134700
2021-01-26,159.83441162109375,162.46569816401075,159.6471341350601,162.4563392906338,119100
2021-01-27,156.0419921875,157.73687712468168,154.84339905109448,157.6338723572551,297600
2021-01-28,157.9897003173828,159.6003124288002,157.10012153555908,157.10012153555908,566500
2021-01-29,154.487548828125,157.52149548705938,154.05681204659263,157.01583056639228,278200
2021-02-01,156.650634765625,157.01583085862825,155.0400369801319,156.36972568512718,85200
2021-02-02,159.8718719482422,160.46180964209947,158.45791040381226,158.5609151711785,317800
2021-02-03,160.2464141845703,160.41495961816148,158.91672559560567,160.00294061824331,88900
2021-02-04,162.17544555664062,162.27845033603776,160.56483316335385,160.78020159723553,94400
2021-02-05,163.0556182861328,163.54253683979232,162.53123566628116,163.43017321792547,93300
2021-02-08,164.96588134765625,164.96588134765625,163.67364246405864,164.0107476385469,307900
2021-02-09,165.18124389648438,165.74309059690066,163.6830098426328,164.63814351799846,113500
2021-02-10,164.9471435546875,166.2393823931697,164.15121073184747,166.1082867347987,110200
2021-02-11,164.984619140625,165.86483903186567,163.26164342792538,165.44344683278007,183100
2021-02-12,165.827392578125,166.05213415562147,164.20742145269946,164.20742145269946,55900
2021-02-16,165.6026611328125,166.8012542726637,165.3872784349831,166.67015859450362,96500
2021-02-17,164.984619140625,165.10635593488138,163.77665293639689,165.10635593488138,105200
2021-02-18,163.82345581054688,164.26356570225235,162.74659969411698,163.97328349460713,119900
2021-02-19,166.6420440673828,166.94168516570153,164.7130446644685,164.7130446644685,117900
2021-02-22,166.6982421875,167.94365821953,165.6869265910766,165.87420408189058,131000
2021-02-23,167.08216857910156,167.46609675150856,163.8796760943193,166.6982546950523,203200
2021-02-24,169.99435424804688,170.4625550868012,167.13834056232997,167.48480461073436,270300
2021-02-25,166.1925506591797,170.0130708717114,165.70563211862742,169.71342979201415,206800
2021-02-26,165.05955505371094,167.23199987566747,164.24487574316396,166.67952622357055,154000
2021-03-01,169.5542449951172,170.47191456467655,167.41923619648318,167.72825043985975,143500
2021-03-02,168.54295349121094,169.57298682709273,167.97174786110722,169.57298682709273,123100
2021-03-03,168.36502075195312,170.6123790129529,168.32755668420177,168.60848003891556,306500
2021-03-04,165.3498077392578,169.15159621345677,162.82152610113909,168.5335676852806,217200
2021-03-05,169.2452392578125,169.67597601506125,163.00880084354986,167.16642645305828,191100
2021-03-08,170.77154541015625,173.34664966223545,169.78833521731806,170.62173202191136,361600
2021-03-09,170.72474670410156,172.8035451124433,170.63110082868644,171.8577846395103,428700
2021-03-10,173.421630859375,174.1426643307534,171.3053676867668,171.77356864172643,233300
2021-03-11,174.0865020751953,175.34127734635786,173.1220091426073,174.27377962056332,226500
2021-03-12,176.53041076660156,176.57723369820744,174.46095721178372,174.62951690789436,291900
2021-03-15,177.78526306152344,177.89762671583028,175.35998560034153,177.13914347254132,204700
2021-03-16,175.13523864746094,177.46688442153473,175.02287499659033,177.45751125838987,239100
2021-03-17,176.53041076660156,176.82069293886434,174.35795247759182,175.2288132827328,240900
2021-03-18,175.85626220703125,178.5437308207667,175.47233403696686,176.40873584393896,172000
2021-03-19,174.8449249267578,176.16525474057656,173.49650420527107,176.16525474057656,269700
2021-03-22,174.19879150390625,175.54721211725712,173.09384445529383,175.21946583627292,162500
2021-03-23,170.5843048095703,174.31117976785885,170.05056324287105,173.28114641752333,182400
2021-03-24,171.44578552246094,174.47973220432914,171.370871671116,171.59561322515086,186600
2021-03-25,174.1707305908203,174.60148169528767,169.29207104384543,170.85587458580767,173500
2021-03-26,177.3584747314453,177.5838281558314,174.74819178981494,175.4430207695627,205800
2021-03-29,176.77633666992188,178.41010249822193,176.2599106729993,177.20824617479713,263400
2021-03-30,177.84671020507812,178.28801831593975,176.37255027576262,176.5791206394534,147500
2021-03-31,177.7152557373047,179.10489917404863,176.96409208894812,178.43823767522775,367400
2021-04-01,178.8983612060547,178.90774555972848,177.57443664791674,178.41950127805603,211400
2021-04-05,180.75746154785156,181.27388749100322,179.99691348941732,180.71052545713817,209100
2021-04-06,180.65414428710938,182.04380191056273,180.42880524447094,180.93583241766092,153400
2021-04-07,179.42417907714844,180.83260585915448,178.82325088991618,180.65420284107242,161600
2021-04-08,180.03448486328125,180.03448486328125,178.22230183246978,179.39599068003332,113500
2021-04-09,181.668212890625,181.71516330024104,180.0438318741347,180.58842510572322,98400
2021-04-12,182.24102783203125,182.44759823412164,181.31147534988227,181.64949834173402,226600
2021-04-13,181.46168518066406,181.96872680003042,180.25044456063432,181.86544160551185,189100
2021-04-14,181.73397827148438,182.93583446717795,181.53679224734054,181.68702785361623,173700
2021-04-15,182.3349151611328,182.75744028780747,181.2175610673719,182.57903728765987,177400
2021-04-16,183.1517791748047,184.03439540430864,182.3348963921705,183.5461368742576,116100
2021-04-19,181.98748779296875,182.76680450683023,181.2081567518522,182.76680450683023,134200
2021-04-20,179.8560791015625,182.01566941333616,178.84201023358384,181.84665077171158,147800
2021-04-21,182.46636962890625,182.46636962890625,179.5462311244674,179.75280151338,207100
2021-04-22,181.69639587402344,184.02500458021552,181.58372634307224,182.6729128997826,150300
2021-04-23,184.11886596679688,184.5320066269392,181.7621045265794,182.0625613438857,68100
2021-04-26,183.76210021972656,185.54610132771842,183.66819939204078,184.96395631237988,120700
2021-04-27,185.17056274414062,185.28323229750865,183.790303406352,184.50390112311214,83800
2021-04-28,184.58837890625,185.37709433016158,184.35364114956758,185.03908571470433,185000
2021-04-29,185.5742950439453,185.9874358207807,184.2316018464872,185.9874358207807,108400
2021-04-30,184.08135986328125,185.07664570362977,183.77150429137453,184.5790027834555,116600
2021-05-03,185.97802734375,186.5695567181652,185.00151030203247,185.57427097248555,133900
2021-05-04,186.4099578857422,186.4099578857422,184.25036752332102,185.2081016423047,162000
2021-05-05,186.4474639892578,187.23617920899517,186.22211064336773,186.9732741357494,278100
2021-05-06,187.40521240234375,187.43337978402167,185.72449654412713,186.79490002965017,240200
2021-05-07,189.4239959716797,189.79018631966312,186.5601923132161,187.05783523926397,169400
2021-05-10,189.12353515625,191.5929812164098,188.992082570952,190.53196185326757,121700
2021-05-11,186.61648559570312,187.69627336636185,184.6540817140174,187.18924620005555,168400
2021-05-12,181.61190795898438,186.37239659632337,181.48983973938414,185.94985716763208,256200
2021-05-13,185.12356567382812,185.8934979732652,181.61188409706776,181.7245536220454,158100
2021-05-14,187.96861267089844,188.2878525888119,185.97804103301934,186.54140306570375,129600
2021-05-17,187.47096252441406,187.76203504581972,185.87474866921013,187.53668164509173,135500
2021-05-18,184.80433654785156,187.56484036110336,184.80433654785156,187.3488856499206,245900
2021-05-19,183.47100830078125,183.57429347747166,180.84195712548797,182.48512127367346,139300
2021-05-20,183.96865844726562,184.56020214878575,183.12360829702683,183.94049106407468,135700
2021-05-21,184.98272705078125,186.30665136853727,184.47569982656347,185.04846049633528,106700
2021-05-24,186.12828063964844,186.48508665789493,185.17056079160375,186.11889628605257,86100
2021-05-25,185.33016967773438,187.43341093796062,185.14236799899427,186.48507550025192,136500
2021-05-26,186.1376495361328,186.22215168674637,185.20808289761808,185.64939100938471,83700
2021-05-27,188.39112854003906,188.8981557773201,187.67753093605882,187.67753093605882,152200
2021-05-28,188.70101928710938,189.17049487585626,187.8747376661923,189.17049487585626,124600
2021-06-01,189.64930725097656,190.53192342880538,189.15166439790363,190.40985522162563,120400
2021-06-02,188.86997985839844,190.0342842065195,188.4662378227121,190.0342842065195,116700
2021-06-03,188.03431701660156,189.01083405345355,186.75734311804845,187.790194921016,95400
2021-06-04,188.96388244628906,189.25495495421822,187.92164629796716,189.01083286017388,116300
2021-06-07,188.08128356933594,189.33009019198673,187.51792153258583,189.33009019198673,128800
2021-06-08,188.72914123535156,189.0765485026554,187.30193177756243,188.05309540414905,79100
2021-06-09,186.7855224609375,188.87939358400038,186.72918769121486,188.87939358400038,107800
2021-06-10,185.78085327148438,188.071896100508,185.5930659290124,187.70570576814808,82000
2021-06-11,186.4099578857422,186.96393558772766,185.42405638036985,186.22217053406567,133200
2021-06-14,185.40524291992188,186.43808026845772,184.64468068924833,186.2409086113318,186700
2021-06-15,185.99679565429688,186.34421725843023,184.93579079248417,185.58365493192522,151500
2021-06-16,184.26914978027344,185.94048155948852,183.6870046943521,185.88414678694858,143100
2021-06-17,181.50865173339844,184.7198630748491,179.8373197661041,184.24100312711582,205700
2021-06-18,179.1800537109375,180.65419959947806,178.87958245908388,179.75281449843288,250400
2021-06-21,182.9264678955078,183.17059003399322,180.32556922716168,180.46640616719992,327600
2021-06-22,183.58370971679688,184.10952000215124,181.99688018097376,182.7949799615096,152500
2021-06-23,183.19873046875,184.40997095664636,183.19873046875,183.90294371984805,92700
2021-06-24,184.71624755859375,185.02690243343153,183.45481093777235,184.53738435512216,193100
2021-06-25,185.22457885742188,185.9117916104148,184.93275547441522,185.431682102952,88900
2021-06-28,184.2078857421875,185.64819983489423,183.48303877999336,185.64819983489423,104900
2021-06-29,183.6619110107422,185.22457955442084,183.605416554664,184.65976427157065,175800
2021-06-30,184.93272399902344,185.1868987324073,183.49242445020187,183.66187906052846,205200
2021-07-01,186.06239318847656,186.25067930563492,185.44109784018156,185.79880986151164,120700
2021-07-02,186.17538452148438,186.56133662235177,185.4975946583883,186.32599331889384,89400
2021-07-06,184.41500854492188,186.01535451456903,182.5605021474309,186.01535451456903,105300
2021-07-07,185.7611846923828,185.9494564690797,183.6995749816449,184.01963843845115,92300
2021-07-08,183.21945190429688,184.49029697669744,181.79796932356874,182.56047923985182,192600
2021-07-09,186.250732421875,186.39193268579822,184.97987258969368,185.0645927480476,102400
2021-07-12,186.54249572753906,186.54249572753906,184.67856665945428,185.45049949124535,765200
2021-07-13,184.52793884277344,186.1188615055364,184.36790715703322,185.84585529252334,454400
2021-07-14,183.92547607421875,185.67643056908855,183.47360665577847,185.13043246163312,116900
2021-07-15,184.198486328125,184.8668675986365,182.67346639028432,182.95588121394007,98400
2021-07-16,182.40989685058594,185.01749038477752,182.23103363659985,185.01749038477752,113300
2021-07-19,178.8137969970703,179.8116500705369,176.96871397630127,179.35038649745061,226500
2021-07-20,183.79368591308594,184.21730092763258,179.40688389848782,179.40688389848782,98200
2021-07-21,185.7705535888672,186.4577662551932,184.7444604153725,184.7444604153725,759900
2021-07-22,184.75389099121094,185.94943892497207,184.49030765586093,185.94943892497207,141500
2021-07-23,185.66702270507812,185.91178891764005,184.65033797744184,185.61995117464588,169900
2021-07-26,185.72348022460938,185.87410335800132,184.7256271032597,185.4787284060069,99800
2021-07-27,184.79153442382812,185.46932417569928,183.56774657382667,184.69739137220765,61000
2021-07-28,184.7256622314453,185.6293868394404,183.4171540352232,185.1398687449341,162300
2021-07-29,186.11888122558594,186.76841659621874,185.19632524880046,185.83646642379884,76400
2021-07-30,185.7611846923828,186.2883514128204,185.2057779236515,185.36580965205465,59500
2021-08-02,184.50909423828125,188.27458595742985,184.49026275770643,186.38243153967363,119100
2021-08-03,186.75901794433594,186.82492095940842,183.39832328099644,185.19633507386195,104700
2021-08-04,184.1796417236328,186.19417958803353,184.1796417236328,185.59170137711595,90800
2021-08-05,185.23399353027344,185.9494319330056,184.5656122923444,184.80095557321584,118200
2021-08-06,186.00592041015625,186.75902181574907,185.74233707283094,186.3071667180792,84300
2021-08-09,185.2998504638672,185.75171982803306,184.5185091814016,185.59167378392547,69100
2021-08-10,187.01318359375,187.4932787038907,185.3940207117442,185.68584407462657,207700
2021-08-11,189.33836364746094,189.39484373144245,186.86254796204548,187.60622634148976,84700
2021-08-12,189.0559539794922,189.77139233630658,188.22754108744488,189.263057202504,95400
2021-08-13,188.16165161132812,189.3007049686491,188.04867707659423,189.15950475549786,100500
2021-08-16,188.53819274902344,188.5476013083791,186.39186335048817,187.6062282611544,119800
2021-08-17,186.45777893066406,187.3332490287901,184.603272753453,187.2485288962386,110500
2021-08-18,184.4431915283203,186.66483222067885,184.3302313731158,185.6669792118096,58200
2021-08-19,182.97467041015625,184.15138669229023,182.01448026616788,182.85230168447876,146900
2021-08-20,183.76544189453125,184.2078740189354,182.67344569436074,183.04058061425442,293100
2021-08-23,185.4504852294922,185.9682432641429,184.7632869457989,184.80093554640425,240700
2021-08-24,186.5048370361328,187.1073152554514,185.94943034542945,185.94943034542945,54300
2021-08-25,187.7097930908203,188.3405257173889,186.1565331991927,186.73077137301036,65600
2021-08-26,186.75901794433594,187.70979965110627,186.3636429465439,187.54035937957295,79600
2021-08-27,188.49114990234375,188.80180477889888,187.39916791822208,187.39916791822208,168500
2021-08-30,188.1804656982422,188.95239848893232,187.86040231078113,188.95239848893232,56100
2021-08-31,187.53094482421875,188.4064149275824,187.1826270035115,188.18048020854638,75200
2021-09-01,187.21083068847656,188.09572354423975,186.27888067740722,188.09572354423975,96400
2021-09-02,189.14071655273438,189.28193116241218,187.9545913982086,188.1146231311371,64500
2021-09-03,187.8698272705078,188.93356905380026,187.86040434687214,188.93356905380026,55800
2021-09-07,185.07394409179688,187.45561671690027,184.99863252542764,187.45561671690027,133200
2021-09-08,185.00802612304688,185.4316410809301,183.7748298474309,184.59381972361922,109500
2021-09-09,184.22671508789062,185.8458779891609,183.80310006046597,184.6126815111011,127800
2021-09-10,183.15353393554688,185.28104617083258,183.13470245301704,185.28104617083258,74600
2021-09-13,183.76544189453125,184.810366568723,182.54165404014793,184.54676889608442,89100
2021-09-14,181.43084716796875,184.38675834941344,181.08254369135665,184.37734978882366,112000
2021-09-15,183.4171142578125,183.6901204753215,181.21430485657723,181.3743365449529,91200
2021-09-16,182.34396362304688,183.56775150592907,182.0239002216785,183.41712836497453,50900
2021-09-17,180.65890502929688,182.2121648122977,180.34825019985416,181.89210142349467,72200
2021-09-20,178.5125732421875,178.69143641713015,176.4038924724514,177.79712054241696,172400
2021-09-21,177.67478942871094,179.62342455449323,176.9687595029231,179.614015993267,93400
2021-09-22,179.548095703125,180.75305217810643,178.71969710420916,178.71969710420916,255500
2021-09-23,182.3345489501953,183.30416204573524,180.36708271665998,180.5835944968898,88600
2021-09-24,182.68287658691406,183.03118006615387,181.722671923571,181.722671923571,63200
2021-09-27,183.32298278808594,184.60325063983979,183.03114509278942,183.03114509278942,68800
2021-09-28,180.90367126464844,183.03116935082278,180.53653632136582,182.60755431845269,72600
2021-09-29,180.8942108154297,181.91429265831607,180.83754200397107,181.67816300243155,114500
2021-09-30,177.4656219482422,182.0276491010641,177.39951313210898,181.68762178494657,101800
2021-10-01,180.20469665527344,181.0831064442234,177.1822400294117,178.79737317053392,112900
2021-10-04,179.1846466064453,180.91310312239773,178.13623028648405,180.02526766211076,161000
2021-10-05,180.8942108154297,181.70649740816086,178.79737831819835,179.6379993166588,102800
2021-10-06,181.52703857421875,181.54593298231768,178.20232894712333,178.98628114280777,71300
2021-10-07,183.18942260742188,184.2189446642625,182.94385290214836,182.94385290214836,61900
2021-10-08,183.00050354003906,183.43498849626872,182.45268094836345,183.05717235776206,60000
2021-10-11,181.47036743164062,183.96389601688696,181.47036743164062,182.73601892601488,76700
2021-10-12,181.20591735839844,182.58490658193855,180.8942244596557,181.85762315153886,48900
2021-10-13,181.6781768798828,182.37711149087428,179.80801948563433,181.72539128489782,266500
2021-10-14,184.92735290527344,185.0029161482983,182.92497740786666,183.24611038156115,53700
2021-10-15,186.4291229248047,187.48697935510165,186.22132763853736,186.4102285136314,77900
2021-10-18,186.79747009277344,186.79747009277344,184.94620707206354,185.2390055674333,102000
2021-10-19,187.65699768066406,187.86479298006594,186.71247883327868,187.68534650532237,74700
2021-10-20,188.86598205566406,188.99821410870146,187.3641862384809,187.8742344517772,653300
2021-10-21,189.41375732421875,189.4515461397789,188.09143702382002,188.51646751950457,85100
2021-10-22,189.69712829589844,190.64164697621527,189.23432336635844,189.71602270492394,102800
2021-10-25,190.59445190429688,191.19894339023574,189.14933922053345,189.53659540695733,70800
2021-10-26,189.2060089111328,191.02892323851333,189.2060089111328,190.67945590185158,831600
2021-10-27,186.6746826171875,189.64991087405977,186.66524261821323,189.4987988294105,82800
2021-10-28,189.34765625,189.34765625,187.09025723711406,187.09025723711406,48500
2021-10-29,189.51766967773438,190.00882343271581,188.72427743583384,188.9793015179488,71900
2021-11-01,190.84947204589844,191.0005985172829,189.62159468727336,189.93328762992374,50900
2021-11-02,191.64283752441406,191.70896075095106,190.32051711578947,190.9250085043338,85500
2021-11-03,191.5767059326172,191.71837795519306,189.92379841225275,190.83998259080298,68500
2021-11-04,192.37960815429688,193.15412059238383,191.95457751954393,192.2190416661553,145600
2021-11-05,194.5236053466797,195.6853592045447,193.79632197969283,194.325264508908,78800
2021-11-08,195.44924926757812,196.69602087961064,194.95810991636387,196.30876475052068,90100
2021-11-09,195.72317504882812,196.1859944212269,194.84476512361616,195.7798438674459,86500
2021-11-10,194.45751953125,195.96874084249552,193.8530281243094,195.0620109381906,137200
2021-11-11,194.08917236328125,195.02423674646832,193.87192266364866,195.0147967469155,243200
2021-11-12,195.59095764160156,195.80819293330077,194.27807706724082,194.74088206206898,74700
2021-11-15,195.7042694091797,196.516556057921,195.28867888021276,196.35598961031315,74500
2021-11-16,195.98765563964844,196.91328005014122,195.6003994635497,195.94988122812796,91500
2021-11-17,194.91087341308594,195.8837264906852,194.07025237286297,195.8837264906852,582700
2021-11-18,194.22137451171875,195.6475924840908,193.22962704728562,195.6475924840908,105800
2021-11-19,193.52244567871094,194.57086206535743,193.27687599265596,193.8152441846029,862700
2021-11-22,193.86248779296875,195.60039896272966,193.7302557346655,194.1930751448336,150200
2021-11-23,194.05137634277344,194.76921982412736,193.0124143541908,193.98526752392968,87600
2021-11-24,193.92861938476562,194.23085792581958,193.22967023949388,193.5035743677057,62600
2021-11-26,188.1103515625,189.56490404859963,186.97693198197652,189.1398735074298,141400
2021-11-29,188.67706298828125,190.27330200438035,187.54364335464442,190.27330200438035,210200
2021-11-30,183.58607482910156,187.69473648516419,183.34994518018325,187.06191075552832,276200
2021-12-01,180.6958770751953,187.28861381694605,180.68643707623184,186.50467594882582,324500
2021-12-02,186.1551971435547,186.74080856937812,181.72540189617467,181.88598276656387,202900
2021-12-03,185.40904235839844,186.7974861401562,183.50111035689915,186.57079644093815,104800
2021-12-06,188.62985229492188,189.87660959281337,186.580233855231,187.00527883690202,660900
2021-12-07,190.77386474609375,192.46456112824401,190.24493663063117,190.61329831191478,128200
2021-12-08,191.22731018066406,191.61455199125538,190.48113215016218,191.1517469362958,77600
2021-12-09,190.1221466064453,191.18945725854854,189.95214017277067,190.7455323543398,67500
2021-12-10,190.59445190429688,191.32173545232476,189.7160562939447,191.01949691546224,78600
2021-12-13,188.61094665527344,190.3866464716318,188.2614793386458,190.28274883530844,118900
2021-12-14,186.68409729003906,189.2815234645953,186.02293714623045,187.31693744076685,127700
2021-12-15,188.44091796875,188.53537560229134,185.5412530953367,187.17526638767984,94800
2021-12-16,187.82322692871094,190.18227291507307,187.10320362115976,189.69908663540173,124300
2021-12-17,185.2652130126953,188.20216241296538,185.00940939075124,187.59582325980347,139900
2021-12-20,182.1482696533203,182.88724516585512,180.35767291813704,182.88724516585512,762500
2021-12-21,186.26002502441406,186.40213014163353,183.6357063617043,183.6357063617043,166600
2021-12-22,187.15057373046875,187.15057373046875,186.07053147534904,186.11790466631192,61800
2021-12-23,189.32958984375,189.86013482986374,187.7000505542483,187.7000505542483,73100
2021-12-27,191.3570098876953,191.3570098876953,189.2064092375194,189.67062880434548,58700
2021-12-28,191.8591766357422,192.5507933982286,191.05389023980752,191.05389023980752,60100
2021-12-29,192.26657104492188,192.58868560719472,191.5086433730162,191.5086433730162,97800
2021-12-30,191.51809692382812,193.19500941476963,191.385460676064,192.54129703069412,89900
2021-12-31,192.28550720214844,193.05290366566095,191.04439333390297,191.3665223256227,44600
2022-01-03,191.1012420654297,193.24237410123416,190.18225722624766,192.56024072666057,124000
2022-01-04,194.54031372070312,194.93822244285138,192.1623302420553,192.1623302420553,115600
2022-01-05,191.94447326660156,195.8288294333375,191.8497268782281,194.96668645045418,251700
2022-01-06,192.3423614501953,193.29923626257013,191.72653890434532,192.56972962787856,159700
2022-01-07,191.64125061035156,193.1949955971476,191.5465042446107,192.41813033188245,101000
2022-01-10,189.71804809570312,190.90230557445284,187.7758629393,190.90230557445284,125100
2022-01-11,191.1296844482422,191.22441637091455,188.06008391955575,189.8696327809308,139400
2022-01-12,191.4423065185547,192.6265638277764,190.8833260818399,191.8686362586213,110700
2022-01-13,191.54652404785156,193.52661342892932,191.01597903988963,191.85916973960067,108900
2022-01-14,190.45700073242188,190.5327949367113,188.3537585462563,190.23910143025628,124100
2022-01-18,187.9842987060547,188.71380538126385,186.88530426532088,188.58116911815932,160400
2022-01-19,185.39781188964844,188.28740198110935,185.29359669106256,188.1547657698421,131900
2022-01-20,182.9724884033203,188.07900513237425,182.81143115064327,186.14628918771882,234900
2022-01-21,180.99240112304688,184.33675696059294,180.46185617793103,182.61247143270083,229200
2022-01-24,182.11985778808594,182.65040285388991,175.2322263324442,178.3586546782562,445600
2022-01-25,180.00711059570312,181.6461186602148,176.21748721474094,179.5049866542269,134000
2022-01-26,178.27337646484375,183.34200409657137,176.53962183587225,181.55140742341518,901200
2022-01-27,175.95220947265625,180.96397988334277,175.10901887385876,179.50498128606128,186700
2022-01-28,177.5723114013672,177.66705779014944,172.71212812974622,175.36486799668728,512400
2022-01-31,180.22500610351562,180.3671256510735,176.32169872918823,177.0512052624416,161700
2022-02-01,182.83038330078125,183.17144999699994,179.97869679647107,181.2197961905188,144000
2022-02-02,183.5883331298828,183.7778114382229,181.57035372820351,182.79251556109344,98900
2022-02-03,180.33872985839844,182.85881871950403,180.0829262020252,181.90194390633644,118300
2022-02-04,178.7471160888672,180.27244056437792,177.16494955751776,179.41029750076956,96500
2022-02-07,178.9555206298828,180.3766296447179,178.6239227439139,179.0692047250637,69000
2022-02-08,181.2198028564453,181.52297968924344,179.14498158281756,179.14498158281756,94000
2022-02-09,184.09991455078125,184.24201964796683,182.70722677329752,182.70722677329752,348600
2022-02-10,180.83135986328125,184.57362474066795,179.95027931355335,181.94930634474264,109000
2022-02-11,177.74285888671875,181.57037316753676,176.79545278731857,180.99245486865183,127900
2022-02-14,177.3922882080078,178.68076082687534,176.1227532988724,177.83757014325175,104800
2022-02-15,180.5660858154297,181.1629561544814,179.0976037889035,179.0976037889035,75400
2022-02-16,181.5040283203125,181.9114059278738,179.72290056046813,180.0829194369304,147600
2022-02-17,178.13125610351562,180.4902874728159,177.91334234444102,180.06395772166363,53700
2022-02-18,176.54908752441406,179.14497032484712,176.12274332305094,177.85649777896035,119700
2022-02-22,174.46478271484375,177.2217372271241,173.67844857535985,176.05643207123083,694800
2022-02-23,171.03518676757812,175.37430754455184,170.73202439542402,175.35535537870882,284900
2022-02-24,173.8111114501953,174.10480499774906,167.03714986359515,167.97508700962948,241300
2022-02-25,177.91334533691406,178.32073738599016,174.43636746289854,174.43636746289854,159600
2022-02-28,179.3439483642578,179.92186656923082,176.22697470822936,176.22697470822936,86700
2022-03-01,176.54908752441406,179.68499860323178,175.59219835526218,178.9744442093148,97400
2022-03-02,180.3481903076172,181.1250556395813,177.36386746201143,177.48702040052913,132100
2022-03-03,179.9976348876953,181.79770014260447,179.34392256636832,181.79770014260447,68400
2022-03-04,179.135498046875,179.32497632371167,176.7859356103156,178.1786233522771,64200
2022-03-07,174.0289764404297,179.5049808936869,173.9152923686542,178.83231640439575,112100
2022-03-08,173.52688598632812,177.8660071899985,173.46056062748875,174.62588041302575,137500
2022-03-09,177.1838836669922,178.35865791796283,176.35016171628857,176.94703215429402,86100
2022-03-10,177.06068420410156,177.25016248870824,174.47427020136755,174.77743256548493,94200
2022-03-11,175.7532501220703,178.92706543151957,175.66798706696963,178.51020455378423,94800
2022-03-14,175.79116821289062,177.77124308088173,174.62586299982286,176.80488501195714,94700
2022-03-15,178.54811096191406,178.83232114889302,176.35012247417097,177.1554232206537,75300
2022-03-16,181.62718200683594,181.62718200683594,178.03650573700824,179.81763336241158,139600
2022-03-17,184.18519592285156,184.18519592285156,180.39557208758902,180.39557208758902,90900
2022-03-18,185.01890563964844,185.1894462316175,182.5461754781059,183.64516987351766,97200
2022-03-21,185.0473175048828,185.70101539792108,183.78726599001305,184.64939432648939,64800
2022-03-22,186.013671875,186.45895380674793,185.19890221863852,185.58734210910237,117400
2022-03-23,184.06199645996094,185.52100947789762,183.9956855716539,185.34100006407613,212100
2022-03-24,185.41246032714844,185.41246032714844,184.12948777318198,184.89926550511177,60200
2022-03-25,186.106201171875,186.22023801612832,184.72820279969005,185.99216432762165,81000
2022-03-28,186.24876403808594,186.24876403808594,184.32907598130112,186.10621796990299,67400
2022-03-29,188.5961456298828,188.84324485072983,186.9425530036136,187.32268557258564,138500
2022-03-30,187.6837921142578,189.11880901249006,187.05656042319245,188.10193207384236,54700
2022-03-31,184.81375122070312,188.34903880145183,184.79474024414768,187.43670044143147,133300
2022-04-01,183.81588745117188,185.96366379199247,182.4758963596941,185.79260850429392,96600
2022-04-04,183.8444061279297,183.99646494779446,182.0102455546153,183.79688593408105,56000
2022-04-05,180.7177734375,183.67334966209168,180.4611759932527,183.2171732054016,198700
2022-04-06,178.82659912109375,179.38729976213938,177.59114646203506,179.23525542806388,85200
2022-04-07,179.05465698242188,179.75790359890183,176.5837520836985,178.50345467421047,136400
2022-04-08,177.81919860839844,179.710391921778,177.60062314037992,178.97862161443254,198000
2022-04-11,177.37254333496094,179.38727183379794,177.14445511766513,177.2394955001533,113200
2022-04-12,177.09693908691406,179.95747461881504,176.44119818896277,178.45592657016044,144600
2022-04-13,179.0736083984375,179.1686487556763,177.7526286391045,177.7526286391045,721400
2022-04-14,178.5224609375,179.98598706118912,178.48443898559202,179.44429750606992,70000
2022-04-18,177.8097381591797,179.25425360391085,177.03044749722602,178.21837996889042,119700
2022-04-19,181.4495391845703,181.68712566409832,177.86674551410042,178.1803614072127,76700
2022-04-20,182.42837524414062,183.71133329677826,182.25730546978048,182.72298010435094,97800
2022-04-21,180.29010009765625,184.32906956841654,179.8624329057342,184.2150182167121,77100
2022-04-22,175.9660186767578,179.94796960178383,175.80446164294918,179.94796960178383,99500
2022-04-25,176.15609741210938,176.40318209878393,172.25017560860843,174.90163400023997,112100
2022-04-26,172.02207946777344,175.3482896020678,171.96506104279416,174.88262946398683,103800
2022-04-27,172.40225219726562,174.02733555618914,171.06226100578306,171.99359592205437,158200
2022-04-28,174.76858520507812,175.41482788369387,170.929194589041,173.514136301252,106700
2022-04-29,170.25445556640625,175.46236133677607,169.9408541925889,174.34094567778146,698000
2022-05-02,170.74862670898438,172.0220865899977,167.22285194128503,169.9693507001277,192000
2022-05-03,171.71800231933594,172.62082802057813,170.2259523016323,170.7011252497732,104000
2022-05-04,176.460205078125,176.6597840810254,171.07174601333108,171.5564316627493,72300
2022-05-05,171.3568572998047,175.31979774044333,169.9503495069918,174.70207874053364,90900
2022-05-06,169.893310546875,170.58705887082573,167.2228413604978,170.39699262467656,170000
2022-05-09,165.3411407470703,168.43927700831696,164.67590165761155,167.68849578504418,178300
2022-05-10,164.21975708007812,167.32739190525524,162.34757469467374,167.32739190525524,1796300
2022-05-11,162.1955108642578,166.72866424854882,161.91040423296502,163.90613615088893,399100
2022-05-12,162.76573181152344,163.7350741021087,159.6200894837414,161.2261617303047,494900
2022-05-13,165.38870239257812,166.31053911231953,163.83963387362806,164.22927918839056,131200
2022-05-16,164.9420166015625,166.2629966985238,163.76359707689633,164.92300562503124,79500
2022-05-17,168.9429931640625,169.17106689726282,166.38656039617396,167.60300197700064,163400
2022-05-18,162.6231689453125,167.48894931074543,162.30955309061872,167.1943299312747,140800
2022-05-19,161.73936462402344,163.7540932117264,159.9717207401112,160.87454640906526,331200
2022-05-20,160.2187957763672,162.77522831186474,157.04464426810213,162.69919890733354,169900
2022-05-23,162.56614685058594,163.04131974071444,160.68446626599226,161.61580107032893,116700
2022-05-24,161.98646545410156,162.38560901586592,158.88834285500002,161.6348420904081,129800
2022-05-25,163.15536499023438,163.8016076946513,161.29269528570495,161.4637505744136,86800
2022-05-26,166.64312744140625,167.42240338953297,164.47634036459073,164.47634036459073,92700
2022-05-27,170.33045959472656,170.33045959472656,167.87856589325693,167.87856589325693,196300
2022-05-31,168.885986328125,169.99788935721318,167.46046739322296,168.81945515062122,50700
2022-06-01,167.9071044921875,169.88382567890235,166.31053036126056,169.88382567890235,81200
2022-06-02,171.53744506835938,171.62297272413372,167.95463675370704,168.45831895032717,83600
2022-06-03,170.7771453857422,171.12878320903377,169.70326444203906,169.9123271868283,89200
2022-06-06,171.73699951171875,172.75386199852724,171.4043726742701,172.25967811181465,52000
2022-06-07,173.93228149414062,173.97028894326718,169.78877348533658,170.1594077441026,52900
2022-06-08,170.67259216308594,172.96292893307424,170.41600924778683,172.63030211544503,41000
2022-06-09,167.48895263671875,170.37799755073965,167.45093068326537,169.826795234677,51800
2022-06-10,162.30950927734375,164.66637667014797,162.30950927734375,164.46679772517064,75400
2022-06-13,156.79754638671875,159.00234092811357,155.99924495687108,158.63170667541198,191000
2022-06-14,156.23683166503906,158.36561131319766,155.03940126983264,157.34874892623964,143400
2022-06-15,157.8809356689453,159.7436051189893,156.02774995436516,157.6718584550042,94900
2022-06-16,151.84622192382812,154.7257679908272,151.0669460564212,154.45017414166608,676200
2022-06-17,151.874755859375,153.2147468813082,150.14513409086337,151.98879271192226,126100
2022-06-21,154.336181640625,155.18198898436407,153.12925268457715,153.97506002831622,224000
2022-06-22,153.75643920898438,154.88735302092223,151.98879545694828,152.2358946434311,174300
2022-06-23,153.37391662597656,154.16573492698157,151.45637565429186,153.95585467578402,139600
2022-06-24,158.6876678466797,158.77352398043595,154.55686402637562,154.55686402637562,82000
2022-06-27,158.70672607421875,159.72749390907515,158.0007640120276,159.43175756960105,172000
2022-06-28,156.5697784423828,161.15849568868597,156.37898220300278,159.77520475715562,155300
2022-06-29,155.4440460205078,156.56975384577902,154.2324675277086,156.56975384577902,61700
2022-06-30,155.82565307617188,156.56023383604565,152.63931095365098,153.74594945170153,90000
2022-07-01,157.35206604003906,157.81951465515436,154.54731612206587,155.65395471879904,72900
2022-07-05,155.5395050048828,155.57767299758012,152.51533936229214,154.84309198480966,86600
2022-07-06,156.1118621826172,156.98953651587522,154.098930590604,155.5299241994242,63400
2022-07-07,158.34422302246094,158.71628081209053,156.6365769000126,157.0277186820599,67600
2022-07-08,157.74319458007812,158.56363146311486,156.49344798723286,158.1820244495983,82100
2022-07-11,156.31222534179688,157.27575590673794,156.06417710523004,156.6651991469772,64400
2022-07-12,155.7779541015625,157.8862910394769,155.32004023367165,155.7302659612055,108100
2022-07-13,154.25160217285156,155.28191951019076,152.94463242454114,153.67919879983342,158400
2022-07-14,153.20216369628906,153.3548064996609,151.11291081519644,152.02875307860845,77100
2022-07-15,155.60623168945312,155.73025578264168,153.54559758339863,154.9002696651145,184700
2022-07-18,154.90028381347656,157.7050336212071,154.51869133979093,156.90368069237545,69300
2022-07-19,160.6528778076172,160.7673671957775,156.49345577268227,156.49345577268227,69700
2022-07-20,162.13157653808594,162.55133700167409,160.26175299987327,160.4334652494393,82500
2022-07-21,163.2859344482422,163.33363715247708,161.1775971983606,161.51150157118335,54900
2022-07-22,162.5036163330078,164.22081142288482,161.81673829705701,163.76289758452378,53700
2022-07-25,163.16192626953125,163.61984024991713,161.64507620168726,162.6944630132725,56800
2022-07-26,162.2078857421875,163.5625578729647,161.854911995644,162.58947819483893,42400
2022-07-27,165.07943725585938,165.78539943291383,162.69444760518815,163.23823223281553,67800
2022-07-28,168.87632751464844,168.98126762679502,165.76629213111474,165.9189349409315,65500
2022-07-29,172.29161071777344,172.6732031340166,168.91445815106928,169.22927844503783,47300
2022-08-01,172.6064453125,173.1120764559427,170.84156189628757,171.44258388133042,250000
2022-08-02,171.17544555664062,173.09298627585449,170.66982898809653,171.9481943198456,66700
2022-08-03,172.7113800048828,173.24562983971208,170.75570041005864,171.91002708786826,159500
2022-08-04,173.50318908691406,174.03742433684792,172.52057470432453,172.74953890721852,47200
2022-08-05,173.87525939941406,173.94204608889757,172.0149706063572,172.1389947115009,44100
2022-08-08,174.0946807861328,175.69738657718574,173.61768293544048,175.1536165969425,54500
2022-08-09,173.0452880859375,173.86572501119866,172.60644363701275,173.86572501119866,42900
2022-08-10,177.2333221435547,177.7198547160351,175.68785374888338,175.68785374888338,45600
2022-08-11,177.9965362548828,179.91406255243368,177.8152747256815,178.54030628566628,38600
2022-08-12,180.82034301757812,180.88712970549295,178.32087888032322,178.92190084427853,80700
2022-08-15,181.41184997558594,181.535859534471,179.76142671378616,179.79959469869013,79200
2022-08-16,182.060546875,182.8523651005753,180.6677212208131,180.7631120624749,71700
2022-08-17,180.23838806152344,180.94435007081356,179.46565392742943,180.21931862976126,44800
2022-08-18,180.915771484375,181.18288915646008,180.03809705369244,180.40062013301704,72400
2022-08-19,178.24456787109375,179.63740811356263,177.86297538218685,179.52291872143428,33100
2022-08-22,174.6575469970703,176.05037266688836,174.51443889774148,176.0026845239323,79100
2022-08-23,174.81015014648438,176.1457380962333,174.50486458264638,174.6098046756136,60900
2022-08-24,175.6687774658203,176.26025017480322,174.79110311942569,174.79110311942569,64700
2022-08-25,178.4926300048828,178.5307834340197,176.5083168828698,176.5083168828698,56100
2022-08-26,172.34889221191406,178.95054168800306,172.32027350121595,178.59756788484543,45000
2022-08-29,171.47120666503906,172.53014256266343,170.61260172931046,171.31856384666682,130300
2022-08-30,169.16256713867188,172.21535123658134,168.38028348027044,171.89098155366062,83200
2022-08-31,167.7220001220703,170.00204951339555,167.52166915487086,169.67769443338258,43200
2022-09-01,167.559814453125,167.64567057775957,165.5277988291865,166.7489122356117,62300
2022-09-02,165.9475555419922,169.61089567848416,165.31791486192708,169.33424331975115,92100
2022-09-06,166.27191162109375,167.0732791082938,164.93632340379338,166.20513948863865,47900
2022-09-07,169.3533172607422,169.5918161808425,165.76628418606936,165.76628418606936,32700
2022-09-08,169.9161834716797,170.08789571926152,167.44533797489726,168.28484433555272,76200
2022-09-09,172.4442901611328,172.78772926047014,171.25179531021453,171.25179531021453,22200
2022-09-12,173.6463165283203,174.42858550097222,172.77817687199968,173.16931863673585,37600
2022-09-13,167.29270935058594,170.84157500314555,166.7107713119452,169.91619788339193,114900
2022-09-14,166.90155029296875,167.5407256861727,165.0221775376113,167.26407332907414,44800
2022-09-15,165.27024841308594,167.9414251818711,164.77416648881658,166.596302079312,42500
2022-09-16,161.7022705078125,162.46546997614536,160.56701330023003,161.92168544203176,145400
2022-09-19,164.030029296875,164.27806294796127,160.52886669001322,160.52886669001322,108000
2022-09-20,161.8358154296875,162.70395493234807,160.60516749222433,162.70395493234807,46700
2022-09-21,159.79429626464844,164.5261218306803,159.79429626464844,163.03787615714288,48900
2022-09-22,156.92274475097656,159.39358991277373,156.86549278605798,159.3649712087234,126600
2022-09-23,153.93678283691406,155.27237130742066,152.00017227626824,155.27237130742066,169100
2022-09-26,152.14321899414062,154.8716470781712,151.61851848628513,153.202154725697,105700
2022-09-27,151.83798217773438,154.24204122612636,150.73134350394173,153.62194974962983,205100
2022-09-28,155.51329040527344,156.25121806866935,152.26444622165639,152.42736588591652,120000
2022-09-29,152.43695068359375,154.0565836696995,151.10482902093617,153.92241366854813,251200
2022-09-30,150.980224609375,153.97989999578414,150.7598056168467,152.45610912074707,96200
2022-10-03,155.58993530273438,156.5770460967464,152.06315874019907,152.72443025963884,128700
2022-10-04,161.1772003173828,161.22512130822972,157.8037789885729,157.8037789885729,104500
2022-10-05,160.44882202148438,161.57969578297346,158.67586266756433,159.2508705836611,59900
2022-10-06,158.7908935546875,160.8417862475579,158.34046255277093,159.73008357800066,69700
2022-10-07,155.30242919921875,156.98913957960426,154.62198634000998,156.97956123242105,58600
2022-10-10,155.76246643066406,156.72082776457495,154.47826575284748,156.11705544471238,93000
2022-10-11,155.3887176513672,157.62170148025476,154.29618623439643,154.96703629333734,85400
2022-10-12,154.22906494140625,155.7241207362964,154.15240891201557,155.34076747218415,76500
2022-10-13,157.36289978027344,158.1295916340946,150.31895401790408,151.03772488896814,83000
2022-10-14,153.5486602783203,158.72380584066562,153.30906993518516,158.52255814155515,55800
2022-10-17,157.42037963867188,158.01457342918783,156.32784863472835,156.32784863472835,54400
2022-10-18,161.06219482421875,161.3209564650983,159.011302264262,160.75552681795227,72000
2022-10-19,159.48089599609375,160.95676585785466,158.28294445707513,159.82590662426838,84200
2022-10-20,156.4907684326172,160.10379366287643,156.22242851018493,159.28919554957463,97200
2022-10-21,160.57342529296875,160.9567639314941,156.50039010905232,156.52913977577012,93300
2022-10-24,162.76809692382812,163.18019993066588,161.1005574441886,161.75223617797084,106300
2022-10-25,165.19271850585938,165.3748094770711,162.54764680799516,162.6147244890864,94200
2022-10-26,165.6623077392578,167.91446227434477,164.98186489351966,165.75814970291577,43000
2022-10-27,167.26280212402344,169.2178674306592,167.02321179099488,167.0807111311724,134100
2022-10-28,171.08663940429688,171.08663940429688,167.21485210554454,167.39694306678604,167100
2022-10-31,170.5211944580078,171.5945689028935,169.48617727213676,169.821594904626,124500
2022-11-01,170.7799530029297,172.39958567667225,169.79284219409794,172.15041704356975,67200
2022-11-02,167.12863159179688,172.72545824394894,167.06155390294725,170.14746392899795,99300
2022-11-03,168.46072387695312,169.77367398932097,165.1543807929264,165.3747997656133,64400
2022-11-04,170.83746337890625,171.3453936483954,168.15406369988102,170.65538703338285,64000
2022-11-07,172.89796447753906,172.9267141464707,170.5883102504789,171.6808415401795,99500
2022-11-08,173.9425506591797,175.07340980950772,172.02582833786641,173.08003146396103,83900
2022-11-09,171.23040771484375,174.09591319931792,171.1345803611428,172.73504193993097,71100
2022-11-10,179.35731506347656,179.5394060538988,176.31931143600838,176.50140242643062,143000
2022-11-11,179.37649536132812,180.8236157615036,178.92606434882592,179.4531660255236,184500
2022-11-14,178.1401824951172,180.536085467675,178.04434052684238,178.79186108440592,98600
2022-11-15,179.72149658203125,180.66068657799877,178.5618875777458,180.43068922094812,400000
2022-11-16,178.1401824951172,179.43396132623965,177.8814208795202,179.1177003790503,54500
2022-11-17,177.65139770507812,177.69931868618772,174.967998244105,175.8688454211858,68900
2022-11-18,178.9068603515625,179.75022288024795,177.8047508298378,178.99312397267352,53200
2022-11-21,179.338134765625,179.93231402591962,178.35102390648913,178.35102390648913,52700
2022-11-22,180.6415252685547,180.99611426724348,179.8460836410523,180.26776494945673,49600
2022-11-23,181.33151245117188,181.95444132465258,180.80441091484127,180.81398926152727,52500
2022-11-25,182.01199340820312,182.4049250876717,181.44656369780745,181.44656369780745,22900
2022-11-28,178.55227661132812,181.38903225767817,178.08268897238534,180.49774871862974,79600
2022-11-29,179.50106811523438,179.78857941983097,178.42769355296926,178.8206251818035,41000
2022-11-30,182.8457489013672,182.8457489013672,177.62268265796615,179.50107727015782,72500
2022-12-01,182.7690887451172,183.88077673193504,181.54237283569495,183.43993872598128,90300
2022-12-02,183.75621032714844,184.35996803310144,180.6319429703182,180.6319429703182,101300
2022-12-05,180.52650451660156,182.5198976773055,180.16233718445903,182.5198976773055,68500
2022-12-06,178.2552032470703,180.73735552459644,176.9326599628354,180.5744358570858,52500
2022-12-07,177.99644470214844,179.18481800894656,177.7376976734093,177.7376976734093,51400
2022-12-08,179.0410614013672,180.1144213557836,178.34144713789047,178.8781271150987,38000
2022-12-09,177.5172576904297,179.45315159120844,177.43100868393495,178.5235399698333,41100
2022-12-12,180.27732849121094,180.30607815774695,177.68975613894793,177.9101751235346,51700
2022-12-13,181.25485229492188,185.13620332468383,180.14314983096074,185.13620332468383,65000
2022-12-14,180.9290313720703,183.1907647247552,180.03776234301114,181.60947435938988,81400
2022-12-15,176.2383575439453,178.86620538888968,175.47792758051986,178.86620538888968,169900
2022-12-16,175.29501342773438,175.67041811729618,173.6778753657818,174.5730802025948,135600
2022-12-19,174.08221435546875,176.12287474788002,173.28327295766536,175.1795525441127,66700
2022-12-20,174.38059997558594,175.3143016284008,173.64903143817202,174.0533270445175,63200
2022-12-21,177.52822875976562,177.7977640749714,175.66084003762802,176.01698914792772,105100
2022-12-22,175.0543975830078,176.15173567676203,172.40730865890347,176.06510720067467,53500
2022-12-23,175.9881134033203,176.28651019241494,174.32285780393164,174.8137672291093,73100
2022-12-27,176.43087768554688,177.25869517723922,175.69932384851913,176.25762073247645,74100
2022-12-28,173.98597717285156,177.21061941603378,173.98597717285156,176.49830639339794,59200
2022-12-29,176.63304138183594,177.05657800004312,175.1217870566669,175.1217870566669,69000
2022-12-30,175.80520629882812,176.05547123566345,174.29396681200828,175.39130490085762,71300
2023-01-03,176.228759765625,177.4416026049871,174.70788495499914,176.7966771888981,118100
2023-01-04,177.88441467285156,178.47158783156672,176.58492851720797,176.75820019225517,156900
2023-01-05,175.92074584960938,177.08547166480187,175.5261000416117,176.8255714983454,74700
2023-01-06,180.6180877685547,181.10899713167984,177.3934464426213,177.3934464426213,108400
2023-01-09,180.13681030273438,183.01492323467244,180.11755463400885,181.49404853633462,130000
2023-01-10,181.62879943847656,181.62879943847656,179.57850411462408,179.83840422176183,69100
2023-01-11,183.37107849121094,183.5058388012789,181.87907990189075,182.2641198504936,104900
2023-01-12,184.68016052246094,185.2192016914606,182.70687327412483,184.19887166617264,64000
2023-01-13,184.81494140625,185.01708921103273,182.85128911642823,183.19781771907583,101800
2023-01-17,183.56358337402344,185.19034220475157,183.3903264202939,184.76680562305057,59800
2023-01-18,180.49295043945312,184.54540927053742,180.34856965060197,184.1892601995239,122000
2023-01-19,176.9314422607422,179.46302684944484,176.82555810374544,179.23200286478655,211300
2023-01-20,179.68441772460938,179.703673395496,176.6137918241077,177.13359212363298,78100
2023-01-23,181.80206298828125,182.58174865024384,179.7229061189715,180.05017904339036,123100
2023-01-24,182.7069091796875,183.19783330975096,178.0769118223501,180.69512489011137,143500
2023-01-25,182.05233764648438,182.25447075226234,179.3667374532659,180.82023928060093,49100
2023-01-26,182.99563598632812,183.19778375363202,180.83945678208636,183.19778375363202,59700
2023-01-27,183.9197540283203,184.7186807063252,182.40849977687208,182.40849977687208,44100
2023-01-30,181.9464569091797,184.37214235052986,181.86944892389965,182.7550187229631,67700
2023-01-31,185.5946502685547,185.5946502685547,182.38926396569752,182.3988991452731,45800
2023-02-01,187.4427947998047,188.85778552138436,184.47805303496028,184.9689771757778,70300
2023-02-02,189.31982421875,190.426797674282,187.65456847727359,188.5978907560102,48100
2023-02-03,188.2802276611328,189.7722115334528,187.74117174364892,187.74117174364892,76100
2023-02-06,187.6449432373047,187.99147187816237,187.00001778944218,187.38504308471806,51100
2023-02-07,188.54013061523438,188.87703875899314,185.5080160724989,187.05776709579717,46800
2023-02-08,187.3272705078125,188.28022783909313,186.74009744894155,187.55829447266683,40300
2023-02-09,185.45986938476562,188.71338716150123,184.97858046810165,188.52087453239005,109100
2023-02-10,186.4031982421875,186.4031982421875,184.52617433735253,184.98820760136437,40100
2023-02-13,188.13584899902344,188.13584899902344,186.44171717018088,186.63422981403997,36500
2023-02-14,187.84707641601562,188.42462904682412,185.8834239092591,187.38504312403296,64700
2023-02-15,189.31982421875,189.3294593984285,186.72086669044154,186.72086669044154,38000
2023-02-16,187.60638427734375,189.06950646601845,186.83633388224425,187.25985572444105,42300
2023-02-17,188.56898498535156,188.56898498535156,186.99035798219802,187.2598785909483,57500
2023-02-21,183.89085388183594,187.24063515426073,183.71759693038538,187.11549534192108,59600
2023-02-22,183.84274291992188,185.1903459912776,183.10155388679027,184.38178414846416,203400
2023-02-23,184.75721740722656,185.64278737467495,182.6876659647145,184.84384589922416,74100
2023-02-24,183.57322692871094,183.73686339951283,182.01384083513167,182.7068980572175,98200
2023-02-27,185.0074462890625,186.32618783470986,184.68017336908574,185.575363653923,105100
2023-02-28,184.6609344482422,185.87379196062668,184.651313957172,184.88233793281015,99300
2023-03-01,185.50799560546875,186.26842560818778,184.47803030481646,184.47803030481646,45300
2023-03-02,187.4909210205078,187.64493700861516,184.16040973238148,184.47804751216495,85600
2023-03-03,189.502685546875,189.84921414012013,187.18288422674914,188.40534744956068,353900
2023-03-06,188.5882568359375,190.4749159468477,188.42462035856752,189.5700903879302,197600
2023-03-07,186.5283203125,188.97327608940287,186.33580769479826,188.66524415086312,34900
2023-03-08,186.90374755859375,187.29840801944576,185.58502054641895,186.75936674987864,38600
2023-03-09,183.78497314453125,188.35721771544542,183.7657321636388,187.34652277103962,43400
2023-03-10,180.00204467773438,183.8234796354866,179.28973183365798,183.50582720587568,61300
2023-03-13,178.3849334716797,179.7806684108317,177.08544750446472,177.9228855304015,106800
2023-03-14,180.71434020996094,182.43734780673833,178.78918483633396,181.13786205443216,220500
2023-03-15,176.1228790283203,177.53786971224716,173.50466597287559,177.53786971224716,102400
2023-03-16,178.259765625,178.97206371887907,174.30357071241727,174.65009927000736,88300
2023-03-17,174.78485107421875,177.89397276446715,174.4768191767509,177.89397276446715,281200
2023-03-20,177.21060180664062,177.97103190450866,175.5645870928366,175.5645870928366,101500
2023-03-21,179.73251342773438,180.5410751891534,178.87581984266103,179.56887697752603,147100
2023-03-22,176.09400939941406,180.38709875510807,176.09400939941406,179.79992562851263,37000
2023-03-23,175.65118408203125,178.77956177620305,174.42872091211913,177.4319587984374,131200
2023-03-24,176.2741241455078,176.2741241455078,173.13533995713084,174.3522171372842,128700
2023-03-27,177.6745147705078,178.3795299132726,176.4672899947864,177.29786122994796,58000
2023-03-28,178.6403045654297,179.2970278065075,177.3461630703895,177.3461630703895,202800
2023-03-29,180.99681091308594,180.99681091308594,179.73164162768919,180.35939265526375,83100
2023-03-30,181.5086669921875,182.4744468401939,181.0064573449675,182.16539021524898,50500
2023-03-31,183.9906768798828,184.1548576529365,182.52270241376922,182.55167462450646,43300
2023-04-03,184.50257873535156,185.18828892291268,183.05390893934444,183.80723079096887,99900
2023-04-04,179.8958282470703,184.75370002313892,179.31635440549914,184.75370002313892,137500
2023-04-05,177.365478515625,179.57712281115315,176.77635216797694,179.32601059753225,76600
2023-04-06,177.08538818359375,177.83869526340797,176.4672896889608,177.25922147741372,183500
2023-04-10,179.16183471679688,179.1715019478225,176.35142623864743,176.46731511789363,193900
2023-04-11,180.4173126220703,181.12232771285463,179.6446858752479,179.7026450389789,270000
2023-04-12,181.01611328125,182.09779675250027,180.54289057816982,181.47969822748496,58700
2023-04-13,181.75010681152344,182.14608007479333,179.47086584525474,181.4120779796334,53000
2023-04-14,181.49899291992188,182.54203688484273,180.5139081224664,181.16097882784103,66400
2023-04-17,183.02491760253906,183.02491760253906,181.7114565352389,181.72112376431303,73900
2023-04-18,183.575439453125,184.88890066575541,183.0635773009691,183.63338388746246,50800
2023-04-19,183.54644775390625,183.77822546665465,182.70620933530412,183.12150229836124,46000
2023-04-20,183.34361267089844,184.0969196495851,182.33920827819244,182.33920827819244,103500
2023-04-21,183.01528930664062,183.6333878472875,182.31027411261334,183.6333878472875,41500
2023-04-24,183.27606201171875,183.97142474240954,182.6965881572657,182.94768563465814,31900
2023-04-25,180.0985870361328,182.25228629028524,180.05029510576279,182.25228629028524,56200
2023-04-26,176.67977905273438,179.5384793331648,176.34175018965914,179.14252076999585,50700
2023-04-27,180.39801025390625,180.55253856546122,177.16265662427293,177.16265662427293,75800
2023-04-28,182.09779357910156,182.3585582647355,180.15656665007157,180.15656665007157,87100
2023-05-01,183.2084503173828,184.16457775610792,182.12678150829507,182.12678150829507,70400
2023-05-02,181.759765625,182.69657326256575,179.63505289294727,182.69657326256575,47100
2023-05-03,181.43141174316406,183.64304121955908,181.32517536520254,182.14609417096264,58500
2023-05-04,178.96864318847656,181.34446785857372,178.1960164408319,180.85191075442765,68800
2023-05-05,182.21368408203125,182.64828207090417,180.54288905356682,180.54288905356682,83700
2023-05-08,181.73080444335938,183.2663909680902,181.09338616404892,182.83179295460835,49300
2023-05-09,181.88531494140625,182.24264875844088,181.06439620123257,181.27686894018032,38800
2023-05-10,181.6245574951172,183.3339919677515,179.6254008547746,183.3339919677515,59100
2023-05-11,180.57186889648438,180.90023052535554,179.480532894883,180.47528501193088,132800
2023-05-12,180.61048889160156,181.90464512231515,179.32599989106993,181.36379601422442,42200
2023-05-15,181.6245574951172,182.22333629055575,180.06965133634802,180.73604179533925,83900
2023-05-16,179.113525390625,180.73602835566513,179.113525390625,180.69740364838657,103600
2023-05-17,182.07847595214844,182.66760225661903,180.01170763979164,180.05033235010052,119100
2023-05-18,183.6913299560547,183.85551076701526,181.60524188155912,181.73079798149485,86900
2023-05-19,182.84146118164062,185.21727152782634,182.14609846162725,184.46396437058385,42300
2023-05-22,183.1408233642578,183.77822681562427,182.04948750329106,183.00561478528556,32600
2023-05-23,180.86160278320312,182.99596807173637,180.7070744651593,182.38753676646502,36700
2023-05-24,178.5147247314453,180.13724236793254,178.18636315456402,180.12757513902878,71600
2023-05-25,179.3259735107422,179.6350300984721,177.65517870113624,178.79480644760383,56200
2023-05-26,180.79397583007812,181.20926880762525,179.58675107862643,179.63504301601057,53000
2023-05-30,180.5235595703125,181.566603529195,179.73162779243506,181.3637832858163,75300
2023-05-31,177.80970764160156,179.886128177682,177.43305413432927,179.886128177682,55100
2023-06-01,180.13726806640625,180.49460190771748,177.67452641520163,178.03186025651286,81200
2023-06-02,185.9608917236328,186.2216563794637,182.0881055381366,182.0881055381366,113800
2023-06-05,184.52191162109375,185.77742848118396,183.92313277842106,185.77742848118396,65000
2023-06-06,186.27963256835938,186.55970225635494,183.76859892372295,184.0873080603859,138600
2023-06-07,189.24453735351562,189.36044094337538,186.08643347332347,186.61761527834497,94500
2023-06-08,189.5343017578125,189.86266338075424,188.25946524055902,189.07073154091646,51500
2023-06-09,188.91619873046875,189.52464475710954,187.83453000455725,189.495672540282,58000
2023-06-12,190.56768798828125,190.7898132285884,188.8003090859209,189.19626762647772,27500
2023-06-13,192.61512756347656,192.85657251585025,191.05056898781694,191.2437220023898,207700
2023-06-14,191.78456115722656,193.52296780532768,191.0698787750542,192.9724662264995,53100
2023-06-15,194.72052001953125,194.8943680478818,191.54311093783676,191.54311093783676,44400
2023-06-16,194.29559326171875,195.87948644531977,193.8320230358485,195.2324009439063,139400
2023-06-20,193.1559600830078,193.59055804586853,192.29641665010365,193.23322423543664,69100
2023-06-21,194.2762908935547,194.7881530686661,192.06464663961412,192.19985523800898,42200
2023-06-22,192.97244262695312,193.7257496262329,192.60544161928337,193.43601276421091,31200
2023-06-23,191.33067321777344,192.0839804263552,190.88640794101937,191.147172662954,32900
2023-06-26,192.8951873779297,193.48431362111515,191.06986422062218,191.06986422062218,66600
2023-06-27,195.6766357421875,195.85046902360997,193.223561661239,193.41671466391827,68500
2023-06-28,195.78286743164062,196.07260429705946,195.0875048492871,195.80218715243632,126400
2023-06-29,197.5757598876953,197.60483249159603,195.45337107678654,195.8216437764526,163800
2023-06-30,199.18450927734375,199.72721759032723,198.25415639442707,198.8743965789357,63800
2023-07-03,199.24269104003906,199.42682742023402,197.8762192806191,198.40924175284266,78400
2023-07-05,197.9537353515625,198.54490299394575,197.50794552873222,198.22508953616196,180700
2023-07-06,195.9088592529297,196.8392269297409,194.79437001617288,196.11238226550145,52500
2023-07-07,196.8295440673828,198.52551497711465,195.81195856400515,195.81195856400515,54600
2023-07-10,199.5043487548828,199.5043487548828,196.89739653672171,196.89739653672171,69400
2023-07-11,201.87867736816406,202.1500315225092,200.08580276179015,200.15363390653027,138500
2023-07-12,201.95620727539062,203.7587825904092,201.7623849938419,203.32267876000145,109500
2023-07-13,202.55706787109375,202.78966348970508,201.57825570302822,202.26634183244548,40200
2023-07-14,201.7333221435547,202.60552984653603,200.78356777897432,202.60552984653603,672600
2023-07-17,202.63462829589844,203.28394118652457,201.1227935311337,201.4619936742748,799900
2023-07-18,204.1852264404297,204.62133032627918,202.64431914283765,202.64431914283765,125300
2023-07-19,204.21426391601562,204.6019084617078,203.0222428897052,204.33055432218498,128300
2023-07-20,204.57286071777344,205.06712457943414,203.55527517707043,204.27243394020346,175900
2023-07-21,203.6328125,204.8732929753561,203.6328125,204.8732929753561,39100
2023-07-24,204.02049255371094,204.66010473494043,203.44869674274753,203.44869674274753,54900
2023-07-25,203.79759216308594,204.10771972137445,202.53773962370263,202.63464339489587,156200
2023-07-26,205.1446533203125,205.17374071473296,204.1852277229561,204.31121887723288,47900
2023-07-27,203.14822387695312,205.55166743579034,202.52798371705458,205.55166743579034,96100
2023-07-28,204.47596740722656,204.89268462638054,204.02047685419674,204.5534992872842,117800
2023-07-31,205.44508361816406,205.57105997782716,204.78607006394574,205.09619756891752,49300
2023-08-01,206.0362548828125,206.42389948319646,204.8732915062734,204.8732915062734,96200
2023-08-02,203.92352294921875,205.5516625727404,203.5164917402612,204.5243764308668,59000
2023-08-03,202.3341827392578,203.45837276856975,202.2760375287233,202.8865918147225,50100
2023-08-04,201.33596801757812,203.4583567612671,201.14214573514778,203.24514781428607,66900
2023-08-07,203.6328125,203.71034437817147,201.80116439281844,201.80116439281844,43400
2023-08-08,202.5667724609375,202.8284259007113,200.79326965289457,202.32449089898122,56400
2023-08-09,202.15003967285156,203.0997940390444,201.55887207254497,202.59584425164545,40300
2023-08-10,201.6558074951172,203.9332454864155,201.08402651237242,202.82844206734333,51000
2023-08-11,201.8399200439453,202.27602388122378,201.0936887211491,201.0936887211491,58800
2023-08-14,202.3341827392578,202.3341827392578,201.09370228887684,201.63641063745683,42300
2023-08-15,199.61093139648438,201.03554814202735,199.58185879250945,200.87079845693845,46500
2023-08-16,198.283203125,200.79323613887559,198.283203125,199.17479734966153,68300
2023-08-17,196.31590270996094,199.106976128498,196.24805677742702,198.79686343207936,63900
2023-08-18,196.8004913330078,197.03307218855838,194.79439272771867,195.278955893708,91800
2023-08-21,196.56787109375,197.25594242224955,195.13356844244638,196.96521638918912,57100
2023-08-22,196.151123046875,197.7017307719274,195.6471881057705,197.19778104313167,110200
2023-08-23,198.2347869873047,198.44799595563697,196.2771477270236,196.28683366642278,47000
2023-08-24,195.89918518066406,199.00038631173203,195.89918518066406,198.0215740948352,108100
2023-08-25,197.21717834472656,197.9537089206267,195.1044903627622,196.71322858874646,39600
2023-08-28,198.825927734375,199.60123162459155,198.17661497778,198.17661497778,131300
2023-08-29,200.86111450195312,200.92896044202146,198.31232235194418,198.6708943560369,121400
2023-08-30,201.89805603027344,202.38261911349656,200.7447935261717,201.02583360785675,57800
2023-08-31,201.2293701171875,202.69274540318335,201.21968417844187,202.35356009477394,74200
2023-09-01,202.45046997070312,202.9641057059235,201.77208454566613,202.5861470557105,81100
2023-09-05,198.57395935058594,201.87868335622522,198.57395935058594,201.87868335622522,42900
2023-09-06,197.90525817871094,199.4267785490753,197.01364910492654,198.3316612643011,98800
2023-09-07,196.91673278808594,197.68233589336006,195.77315631115465,197.03302318694008,45700
2023-09-08,196.16085815429688,197.2172022734472,195.76351282180016,197.2172022734472,77000
2023-09-11,196.43218994140625,196.90705231068372,195.5502815589022,196.5387944138814,78600
2023-09-12,195.67630004882812,196.92646650289205,195.47277701376487,195.74413120205307,80800
2023-09-13,194.3195037841797,195.73443465013494,193.5539005346672,195.2789441185551,74300
2023-09-14,196.5485076904297,196.5485076904297,195.37587311779197,195.45339021065394,46900
2023-09-15,195.22079467773438,196.257752078352,194.5908537409674,196.18022020362565,50200
2023-09-18,195.2401885986328,196.3934364603492,194.79438399931288,194.99790702649437,56500
2023-09-19,194.51333618164062,195.30801201719368,193.3213002467715,194.9785126411764,45800
2023-09-20,193.6314239501953,196.5097300398583,193.5732787423545,195.37585412388393,45300
2023-09-21,190.22007751464844,192.856101797611,190.22007751464844,192.856101797611,67600
2023-09-22,189.60952758789062,190.9178538210302,189.59984164984436,190.27822700537567,86100
2023-09-25,190.58836364746094,190.81125853478582,188.85361945373162,188.85361945373162,48700
2023-09-26,187.83607482910156,190.2104314110373,187.83607482910156,189.32852289018575,100400
2023-09-27,189.75491333007812,190.09409862820016,188.3012240269177,188.83424639561497,71700
2023-09-28,190.71568298339844,192.10628540387216,189.6070975886887,189.63626971710352,88700
2023-09-29,189.60707092285156,192.0673523285974,189.10141087589903,191.93121080236966,79000
2023-10-02,187.75946044921875,189.62655086172092,186.87453298400163,189.15004803314656,130900
2023-10-03,186.01878356933594,188.0609216558789,185.25055943178498,186.97178925682456,112600
2023-10-04,186.76756286621094,187.16626840464576,184.70598665899172,186.0285108843418,110100
2023-10-05,185.87294006347656,187.18574535993653,185.20195134921113,186.47585057736495,48500
2023-10-06,188.46932983398438,189.40288240752471,184.77404043945575,185.19219898789316,98000
2023-10-09,190.96853637695312,191.1630221878098,188.44989541800007,188.48880148316113,43100
2023-10-10,192.4466552734375,193.69138236503414,191.29917851393827,191.99933935775107,63600
2023-10-11,193.62330627441406,193.7302756973621,192.08684312584967,193.1273652252821,49600
2023-10-12,191.4061279296875,194.03172340028345,190.0544315494497,194.03172340028345,203800
2023-10-13,189.18896484375,192.09656262561094,188.46935101165383,191.8048413245199,41700
2023-10-16,191.376953125,192.26188059190295,190.34616501555948,190.39477533752824,48800
2023-10-17,192.34939575195312,193.6621860413743,190.48230534778943,190.48230534778943,292000
2023-10-18,187.25381469726562,191.04635520899362,187.07878189925498,191.0269021742198,54300
2023-10-19,185.2797393798828,188.58604278128854,184.85186167982206,187.38022181382647,267700
2023-10-20,183.50987243652344,185.73676216609624,183.45151334548078,185.16302389651688,83400
2023-10-23,182.45965576171875,184.9880010272253,182.41103059850744,182.93614378156667,75100
2023-10-24,183.49041748046875,184.75459735013087,182.70274040027644,184.47258034715193,119200
2023-10-25,181.0009765625,183.03338062550114,180.97180443438538,182.94586424115727,62900
2023-10-26,180.3980712890625,182.4304904156713,180.24249153464373,181.01071572401167,102500
2023-10-27,178.6962890625,180.98153820554373,178.23923923389125,180.80649058434713,1280300
2023-10-30,180.9037322998047,181.5552679133701,179.30892494344502,179.87294416973654,501600
2023-10-31,182.17762756347656,182.45964458984454,180.485584758531,180.64116449763804,42600
2023-11-01,182.96531677246094,183.21816168702247,181.3510711497945,182.31378112965092,67900
2023-11-02,186.90370178222656,187.107921516067,184.76432831674833,184.76432831674833,63700
2023-11-03,188.99447631835938,190.04470266385013,188.89722599384686,188.89722599384686,62600
2023-11-06,188.2943115234375,189.1889581043185,187.4580092006963,189.14033294309667,41500
2023-11-07,188.0025634765625,188.41098809596627,186.86480600001303,187.30240274663745,61600
2023-11-08,188.3623809814453,188.88750899834966,187.66222018445043,188.23597336415204,39900
2023-11-09,187.75946044921875,189.69462905365248,187.54552161502747,189.15978196817426,32900
2023-11-10,190.57955932617188,190.65735662201877,188.11927734349194,188.82915726540907,47200
2023-11-13,190.61843872070312,191.11437971922527,189.77240252069902,189.87937193273103,63500
2023-11-14,195.7237548828125,196.2391488757836,193.49685041810602,193.49685041810602,101800
2023-11-15,195.86962890625,197.79506348034695,195.86962890625,196.17108411087506,62700
2023-11-16,195.6654510498047,196.8323808062859,194.92638416132363,195.889109000537,38300
2023-11-17,196.91989135742188,196.91989135742188,196.18083932918302,196.73512464078306,35200
2023-11-20,197.542236328125,198.0187391400947,196.0446793792867,196.7934504345483,83800
2023-11-21,197.21165466308594,197.46448477218283,196.66708837375813,197.16302949332768,65400
2023-11-22,197.79505920410156,198.47578172174238,196.9490378625328,197.50333794032926,206100
2023-11-24,198.3396759033203,198.6508502534859,197.6881253947241,197.6881253947241,17500
2023-11-27,197.658935546875,198.01874986859764,197.0365720640092,197.92149954633405,234400
2023-11-28,196.7156524658203,198.37853791544072,196.43365028881874,197.73672143745983,116000
2023-11-29,197.3477783203125,198.61195842767256,197.12412036571035,197.93123578948988,45500
2023-11-30,199.5357666015625,199.5357666015625,197.45473724506493,197.6783951877695,55300
2023-12-01,203.25048828125,203.25048828125,199.53576040729806,199.55521343946043,89100
2023-12-04,203.9117431640625,204.07705682976302,202.15162225701695,202.15162225701695,201600
2023-12-05,201.9766082763672,203.04630257167696,201.87937278299552,202.80319158077177,245200
2023-12-06,202.76426696777344,204.5049498129079,202.6864696772011,203.13380038841302,82400
2023-12-07,203.21160888671875,203.40609470471807,202.65730872518805,203.39637560722898,46800
2023-12-08,204.22293090820312,205.11757748411205,203.24076794557084,203.24076794557084,50800
2023-12-11,206.02194213867188,206.28450611694944,204.33961853510164,204.33961853510164,53400
2023-12-12,206.97496032714844,207.38338499286272,205.81774968846634,206.3234246814864,47900
2023-12-13,209.65887451171875,209.65887451171875,205.66213018048222,207.1013427488205,52400
2023-12-14,213.04298400878906,213.12078129138723,211.3217543723014,211.33148830657268,98900
2023-12-15,212.17752075195312,213.2472000574777,211.74964309441722,212.28449016633712,83700
2023-12-18,212.13864135742188,212.79019186041316,211.83718610762065,212.78045792440855,47700
2023-12-19,214.09461975097656,214.2411669399385,212.9905812336048,213.10781898477433,88000
2023-12-20,210.7434539794922,214.65153848502996,210.6457608117493,213.25440543021668,84300
2023-12-21,213.1762237548828,213.21529803701281,211.45665717800262,212.2773661843127,135300
2023-12-22,214.08485412597656,214.94463744637278,213.58657874246978,213.70381650137523,83300
2023-12-26,215.7653350830078,216.17568215400706,214.46589523743083,214.46589523743083,50000
2023-12-27,216.06822204589844,216.56651237520416,215.37454537576335,215.843511354969,72200
2023-12-28,216.0388946533203,216.33200395652932,215.60900299636822,215.61878274830886,37900
2023-12-29,215.36476135253906,216.4101811215484,214.69062929311815,215.7458139065274,45900
2024-01-02,213.07855224609375,215.19868648415925,212.3946403802921,213.85040735105324,88300
2024-01-03,209.09225463867188,211.84746095918618,209.09225463867188,211.84746095918618,76800
2024-01-04,209.56126403808594,211.21241719733516,209.45379111925584,209.78597471994556,42600
2024-01-05,209.571044921875,210.65553903737757,208.99460599864975,209.36586391271064,69300
2024-01-08,211.08541870117188,211.2319659078129,208.2911376653274,209.0629778005692,72500
2024-01-09,210.34286499023438,210.57735541997965,209.05320489703234,209.70780724172593,74900
2024-01-10,211.2808074951172,211.64230052230158,210.18654866159133,210.18654866159133,74500
2024-01-11,210.86068725585938,211.2417248637726,209.06295721847792,211.2417248637726,66100
2024-01-12,210.82164001464844,212.12108004074753,210.22565646746256,211.78889640019432,33000
2024-01-16,208.81871032714844,209.6882584881621,208.06641483276212,209.6882584881621,65600
2024-01-17,207.3043212890625,208.5158327700148,206.90375398478997,207.2261727234666,56800
2024-01-18,210.04978942871094,210.21588124078528,207.86125661259717,208.44747528546196,50600
2024-01-19,211.700927734375,212.01358164663662,209.09228315009824,210.89977817348296,81600
2024-01-22,213.72337341308594,213.97739354140523,212.76589687447995,212.76589687447995,61200
2024-01-23,213.25440979003906,214.35843354787607,212.4923344885319,214.10441341676022,54100
2024-01-24,211.73023986816406,214.22163163753,211.62276695554434,214.22163163753,60300
2024-01-25,213.84060668945312,213.84060668945312,212.62911004796157,212.64863973638884,40700
2024-01-26,213.6451873779297,214.6808272870266,213.15667686170224,214.1043884558361,27100
2024-01-29,215.4233856201172,215.4233856201172,213.28370704652903,213.45956368691006,60100
2024-01-30,215.49176025390625,215.87279786681682,214.00668408464736,214.2216299081516,442800
2024-01-31,212.8245086669922,215.6480990584887,212.8245086669922,215.4136086268188,591900
2024-02-01,216.6446533203125,216.6446533203125,212.9026609041962,214.1923209398969,94000
2024-02-02,217.88546752929688,218.75501570153537,214.9446394205259,215.8630416288099,141800
2024-02-05,216.2440948486328,217.0061701597822,214.83718199476945,217.0061701597822,61200
2024-02-06,218.20790100097656,218.20790100097656,216.03891284600073,216.3027127319193,43500
2024-02-07,219.6245574951172,220.5625042722099,218.85271741738657,218.87226201286887,62300
2024-02-08,220.35733032226562,220.4648032386106,219.22399718681515,219.88836437283237,70900
2024-02-09,220.93380737304688,221.01197085754725,219.66367683919634,220.64069803321055,66600
2024-02-12,221.72515869140625,222.23321380990117,220.9533037160561,220.9533037160561,90000
2024-02-13,218.4716796875,219.32168323856246,216.92798462467792,219.25329951664713,311200
2024-02-14,222.41885375976562,222.48725239462172,220.29871970161548,220.474591256846,158600
2024-02-15,224.21658325195312,224.42174933955047,222.4872516871222,222.79989069475218,47100
2024-02-16,222.8975830078125,224.5194415379177,222.79011009538002,223.71827711648325,71300
2024-02-20,221.9499053955078,222.5361240818899,221.4418501945207,221.99875943739974,71000
2024-02-21,222.55563354492188,222.5751781415344,221.17804510100032,221.70562994426572,58400
2024-02-22,225.15451049804688,225.43785496685499,223.66943424526764,223.95277871407575,61300
2024-02-23,226.36602783203125,226.8936126822613,225.48669987076872,225.70164571186672,58800
2024-02-26,226.4734649658203,226.93266601668068,226.17059084890326,226.40506634166124,74100
2024-02-27,226.80567932128906,227.0987886352,225.85796765426704,227.0987886352,60100
2024-02-28,227.4602813720703,227.97810136575583,226.32693331080577,226.51256970630794,145400
2024-02-29,228.0074005126953,228.69132718275503,226.97176057207912,228.46660160457733,113900
2024-03-01,229.30685424804688,229.39478257102888,227.76315908700602,228.37868716419854,128600
2024-03-04,230.18618774414062,230.8603198113919,229.73675145781357,229.73675145781357,147400
2024-03-05,228.1539764404297,230.195947006169,227.14764587805448,229.67812700448695,99400
2024-03-06,229.6195068359375,230.6942211185453,229.09190708477587,229.09190708477587,81400
2024-03-07,231.33905029296875,231.63215959880725,230.52812100701757,230.90915863216006,76400
2024-03-08,230.7235107421875,233.20515251202139,230.15685166280971,232.2476760749512,70600
2024-03-11,229.37522888183594,230.37177958767666,227.86084332024657,230.37177958767666,44400
2024-03-12,230.50857543945312,230.6844469854783,228.3396023649716,229.58040839834248,49200
2024-03-13,231.2022705078125,231.6614716134932,230.25455885635733,230.25455885635733,49400
2024-03-14,229.98097229003906,231.63214016316428,228.3493490111721,231.63214016316428,58000
2024-03-15,230.07870483398438,230.95801786312109,229.160302612172,229.160302612172,94200
2024-03-18,230.34246826171875,231.3683433052356,230.31315882403177,230.80166932969146,49300
2024-03-19,232.482177734375,232.482177734375,230.39135308702726,230.39135308702726,40700
2024-03-20,235.4034423828125,235.6379178818483,232.12065122289516,232.49192397391167,58000
2024-03-21,238.12933349609375,238.52991569976393,236.30230892504093,236.4195466790291,106000
2024-03-22,237.11947631835938,238.82382689754547,237.03132411929383,238.82382689754547,55200
2024-03-25,235.6110382080078,237.3545776078754,235.6110382080078,237.32517859369221,44100
2024-03-26,235.25839233398438,236.4338147305885,235.22900826868093,236.20851696843994,47700
2024-03-27,239.1470489501953,239.1470489501953,236.8354077640582,236.85500212344803,60900
2024-03-28,239.1470489501953,239.61722389884886,238.64750488163253,239.30377393307984,184400
2024-04-01,237.10971069335938,239.48012027883334,237.02154353922208,239.3821634169558,171400
2024-04-02,235.708984375,236.49259436213853,235.21923000130312,236.23791252230103,59300
2024-04-03,237.20762634277344,237.6092285074353,235.25839859775272,235.25839859775272,60200
2024-04-04,235.12127685546875,239.70538563753422,234.36706586928776,238.90218127787017,74100
2024-04-05,238.19692993164062,238.70627866501556,235.7775570768738,235.7775570768738,126800
2024-04-08,238.0500030517578,239.00012770595032,237.74635773990354,238.79442429843655,159800
2024-04-09,237.4427032470703,238.7258572294164,234.80782250048603,238.11856662918942,106900
2024-04-10,234.59234619140625,235.5914493037314,232.82922744792586,233.8185408533296,120800
2024-04-11,234.9547576904297,235.95386079443475,233.23082768122572,235.00373611686354,78800
2024-04-12,232.57455444335938,234.39644127274335,231.5166832250606,233.6226210088769,95100
2024-04-15,230.53717041015625,235.78733768965452,229.90049572758153,235.0723005168047,91500
2024-04-16,229.93966674804688,230.91917544558913,228.70549116974559,230.38044267271755,61000
2024-04-17,228.30392456054688,231.1053204695022,227.2558429168684,231.1053204695022,80600
2024-04-18,227.53009033203125,230.3706747916911,227.34399621660558,229.13648415034584,66600
2024-04-19,227.4419403076172,229.23444320465362,226.6779246395188,227.89252093178405,74800
2024-04-22,228.92100524902344,230.51759440891234,227.79456117599284,228.33329399821463,44000
2024-04-23,232.31008911132812,232.71169128705,230.18455691125615,230.31189783187955,71800
2024-04-24,230.71348571777344,233.05451104581314,228.9503819145871,232.63332945504146,211300
2024-04-25,231.3795623779297,231.91829518956553,227.92189762250018,229.05813138047438,40400
2024-04-26,231.65382385253906,232.44722356399558,230.88001850137417,231.1444751077812,37900
2024-04-29,233.2993927001953,233.5540745470413,232.15336922774168,232.16317388100055,38200
2024-04-30,229.2540283203125,233.1622587081023,229.2540283203125,233.1622587081023,40900
2024-05-01,228.43124389648438,232.11419144381793,228.35288140235588,228.91119362210975,77100
2024-05-02,230.95835876464844,230.95835876464844,227.78476001893463,230.43922032918002,78800
2024-05-03,232.60394287109375,233.41693692297872,231.57545569961914,232.91737789751306,53500
2024-05-06,235.1506805419922,235.28781117367012,234.0144467674506,234.0144467674506,103900
2024-05-07,235.43470764160156,236.3652379012199,235.29757702382744,235.6110120304041,44700
2024-05-08,235.54249572753906,235.7873729414658,234.2887255879237,234.2887255879237,63300
2024-05-09,237.97166442871094,237.9912587899911,235.97347301557073,236.08121958343386,60400
2024-05-10,238.16754150390625,239.13726052632427,237.66799743266384,239.0197242615889,276300
2024-05-13,237.0215301513672,239.00014206980893,236.91378358783527,238.96096829494178,44200
2024-05-14,237.4329376220703,238.05003297606729,236.85503099162932,237.5504888466195,33200
2024-05-15,239.039306640625,239.32337254541585,238.46140007035015,238.85321253452423,56200
2024-05-16,237.11947631835938,239.06870408125005,237.11947631835938,238.50058722152136,58100
2024-05-17,237.32518005371094,237.7855503843878,236.3750702702294,237.42313691194275,30700
2024-05-20,237.96185302734375,238.84340490504397,237.30558397241276,237.43290994382994,233800
2024-05-21,237.42312622070312,237.61902498222724,236.78645150922043,237.61902498222724,86800
2024-05-22,237.74635314941406,238.3046653371138,236.36524229366302,236.93335913388933,260900
2024-05-23,234.76864624023438,238.46139835310186,234.43561685767264,238.4222245800252,72100
2024-05-24,236.4632110595703,236.85500858134705,234.9645638669041,235.66981136299614,113400
2024-05-28,233.48548889160156,236.8648059337682,232.80962548316825,236.8648059337682,199600
2024-05-29,230.22373962402344,231.6636187422557,230.1159930591857,231.34037904774254,47400
2024-05-30,231.9084930419922,232.20234866479734,230.693911722037,230.7820639250432,52300
2024-05-31,234.65109252929688,234.65109252929688,230.50777507656346,232.49617646347966,53800
2024-06-03,231.70278930664062,235.49348324740217,229.59683660368222,235.49348324740217,62100
2024-06-04,230.14537048339844,231.62442323822262,229.20503555610773,230.93877013817556,79900
2024-06-05,233.06431579589844,233.06431579589844,230.2825145159042,231.42853796689934,67400
2024-06-06,231.3011932373047,232.99573917238342,230.39025728335304,232.65292008109594,39900
2024-06-07,231.1346893310547,232.31009688453753,229.9103033490688,230.35107931336015,56200
2024-06-10,231.86929321289062,232.03580789300878,230.6645017354968,230.6645017354968,41500
2024-06-11,230.5273895263672,230.87020862005974,229.205046739806,230.69390421978082,100900
2024-06-12,233.2602081298828,235.02332683133395,232.58434471548344,233.39733875410028,40100
2024-06-13,232.03582763671875,233.23082950971053,230.02783170612645,233.20144544284332,86000
2024-06-14,229.50869750976562,229.99845189477085,226.8346427525501,229.99845189477085,54200
2024-06-17,231.8007354736328,232.03582294993961,228.33328113828117,228.44102769665713,51700
2024-06-18,232.96636962890625,233.0937105557865,231.35018608579972,231.73219392032226,36000
2024-06-20,233.03492736816406,233.6716020692082,232.01622991115275,232.99573864883126,34500
2024-06-21,232.3982391357422,232.6431163216525,230.4392216484595,232.6431163216525,58500
2024-06-24,233.39735412597656,235.38575578114737,233.02513600167842,233.02513600167842,55300
2024-06-25,231.47752380371094,233.33858452125304,230.4294422270961,233.33858452125304,43900
2024-06-26,230.59596252441406,230.96818065540413,229.77317871012713,230.8996078644877,82500
2024-06-27,231.1640625,231.32078748537322,230.26291625327983,230.65471377059563,128800
2024-06-28,231.17193603515625,233.26528417718816,229.81568061962122,231.71247370049193,117400
2024-07-01,228.12527465820312,232.429900877032,228.0761471412273,231.88936322459168,61600
2024-07-02,229.69775390625,229.69775390625,227.72235076927953,228.0663183822419,98300
2024-07-03,230.86724853515625,231.3684661364748,229.77635081777842,229.82549332681475,38700
2024-07-05,229.8353271484375,230.6019023393517,227.97785418642397,230.6019023393517,81400
2024-07-08,230.0023956298828,231.5650284917599,229.5601430269614,230.19895067604915,44200
2024-07-09,228.71495056152344,230.09085092737635,228.69529055738573,229.99258089906644,48100
2024-07-10,230.97540283203125,231.02454535101955,228.7542869417669,229.04912705950542,57600
2024-07-11,234.63136291503906,235.01465053430599,231.95817208459647,231.95817208459647,51500
2024-07-12,236.21365356445312,237.66817900312202,235.89915347166536,235.93847348135876,40200
2024-07-15,238.21852111816406,239.4175263877299,236.86226581412004,237.2259083933744,52900
2024-07-16,244.97030639648438,245.15703895410743,239.32909963480682,239.36840464874274,77600
2024-07-17,241.333984375,244.4101228217847,241.2160543374356,243.5944050708543,108700
2024-07-18,239.15216064453125,244.0661115823881,238.89664059439042,240.803255957669,50400
2024-07-19,237.8352508544922,239.34874130706092,237.40282072627548,239.34874130706092,37400
2024-07-22,240.8819122314453,240.89173473596796,237.2750585783517,239.2504767092804,45500
2024-07-23,240.8622589111328,241.87453176409358,239.54532345142331,239.88929107354357,31500
2024-07-24,235.16204833984375,240.11531956652638,234.97531579412907,239.51581691795298,46600
2024-07-25,237.1276397705078,240.91138838227647,235.417579268729,235.417579268729,69200
2024-07-26,241.38311767578125,242.67057052401717,239.74185973216692,239.8991097737105,64500
2024-07-29,240.7738037109375,242.0121141042741,240.3610335798253,241.93348907984463,87500
2024-07-30,241.26519775390625,242.7885107321088,240.29222995179208,241.48141282104274,39900
2024-07-31,244.06613159179688,246.67053480009213,242.70989121916693,244.1250966084952,39400
2024-08-01,239.11288452148438,245.27498394090455,237.31437646141666,243.75165596690502,112000
2024-08-02,233.23580932617188,235.41759007174718,230.7984784999352,235.41759007174718,381100
2024-08-05,228.3316650390625,230.90657074554397,224.65602403368612,226.1400469377152,89200
2024-08-06,230.31689453125,234.24805541937076,228.52820912898449,229.97291195506395,50700
2024-08-07,229.33409118652344,234.60184707502722,229.275111179778,233.41266437609372,45400
2024-08-08,234.5428924560547,234.76894501591133,231.2996965548292,231.2996965548292,34600
2024-08-09,234.35617065429688,234.88687079333096,232.56748519318103,234.36599315821243,41200
2024-08-12,233.2947540283203,234.69031438189054,232.75421639231342,234.69031438189054,41500
2024-08-13,235.8205108642578,235.9974209023069,232.91146020383658,234.40529054461993,48900
2024-08-14,236.48883056640625,237.09815574300657,235.77138286265276,235.99743542496998,75900
2024-08-15,240.35118103027344,240.89171866676313,238.9654431793242,239.45683830409862,34200
2024-08-16,239.99737548828125,240.62636064695954,238.96544272896196,239.84996294960237,30300
2024-08-19,241.64846801757812,241.64846801757812,239.8303000825694,240.085820145292,43500
2024-08-20,240.52809143066406,241.5010441816023,239.68289121494846,241.43225666205,34300
2024-08-21,242.27745056152344,242.59193563562937,240.83274773050832,241.14723280461428,31500
2024-08-22,241.8941650390625,243.42731540436912,241.45189743691037,242.84747276552423,26000
2024-08-23,245.1963653564453,245.62878050577325,242.4445494273027,243.00473211858568,75200
2024-08-26,245.04891967773438,246.71966011946307,244.5673620481934,245.95308491683238,45700
2024-08-27,244.3511505126953,244.74426062364142,243.4862902731865,244.11527544841397,55700
2024-08-28,244.00717163085938,245.55998208624342,243.05386385131226,244.34131672986626,335300
2024-08-29,245.62876892089844,247.91867208625337,244.20372600578975,245.37324884523008,41700
2024-08-30,248.43955993652344,248.53784496760957,244.95066627582028,246.57226431540934,51300
2024-09-03,242.0120849609375,247.22087598166942,241.28481481968598,247.19139347558243,58100
2024-09-04,241.80569458007812,243.24057487259896,240.9998144128616,241.6091395390147,73100
2024-09-05,239.20132446289062,241.46174509491664,237.91387160186684,241.46174509491664,46600
2024-09-06,236.63624572753906,241.02931954026164,236.18417059028394,239.18166898924565,73000
2024-09-09,239.43719482421875,240.58705762398552,238.08093947240656,238.08093947240656,47200
2024-09-10,239.99737548828125,240.41014559277113,238.21852753934058,240.41014559277113,353200
2024-09-11,240.8032684326172,241.04896599223852,234.7689369681646,239.31924557494335,57500
2024-09-12,243.10299682617188,243.10299682617188,240.04651854899626,241.34380887709406,47800
2024-09-13,245.98255920410156,246.74914937730182,244.48872885700618,244.48872885700618,30100
2024-09-16,247.5452117919922,248.31178698365287,245.93343638950185,246.4936190313205,36000
2024-09-17,248.9702911376953,249.77617145895618,247.46662304166023,248.0661257790213,45700
2024-09-18,248.8621368408203,251.8596349682888,248.27245671950837,249.2159419143698,36900
2024-09-19,253.50091552734375,253.64832806406704,251.10290495538547,253.22573546133432,83400
2024-09-20,251.7613983154297,252.30192097052682,250.44444794787958,251.8498458412249,30900
2024-09-23,253.2257537841797,253.63850891687096,252.00710340258456,252.59675359214353,93400
2024-09-24,254.7982177734375,254.7982177734375,253.520572413092,254.10041507962313,27700
2024-09-25,253.44195556640625,255.74168116228068,253.17658300263489,255.19132101928741,31500
2024-09-26,254.75889587402344,256.4787788524976,254.36578576313372,255.65323862191548,56700
2024-09-27,255.0151824951172,256.95689856778324,254.7687719786845,255.80368411593832,66800
2024-09-30,256.3359069824219,256.3359069824219,253.5563894879285,255.04471844522058,372400
2024-10-01,255.8726806640625,256.96672889489685,253.80282635557234,255.9515187926509,46600
2024-10-02,255.84307861328125,256.35560157952955,254.2266114376147,255.60650410013244,67900
2024-10-03,254.1477813720703,255.01515109582203,253.21140949315537,254.71944046486755,123700
2024-10-04,256.0993347167969,256.37531325971037,253.8816403285761,256.37531325971037,64700
2024-10-07,255.91209411621094,256.5034552314218,254.5026032465433,254.9362881173017,82800
2024-10-08,256.0500793457031,256.4738981896065,255.21227762396853,256.22748768788495,73700
2024-10-09,258.1396789550781,258.6818001975861,256.42467120038503,256.42467120038503,52000
2024-10-10,256.58233642578125,257.25256577656285,255.61639642301446,257.08499339916386,60100
2024-10-11,261.3331298828125,261.39226599545634,257.4792661186909,257.4792661186909,57600
2024-10-14,262.8116149902344,262.998859309771,260.38691385001846,261.2148495761622,100200
2024-10-15,260.9092712402344,263.49164832740365,260.9092712402344,263.3438080513071,43900
2024-10-16,263.363525390625,264.05345666690215,261.9836026792639,261.9836026792639,43400
2024-10-17,262.8116149902344,263.698686834002,262.38776604138457,263.698686834002,58300
2024-10-18,263.4620666503906,263.5409348465011,262.29901643269125,263.41279658737426,37400
2024-10-21,262.2398986816406,263.63952350623913,261.19512060557076,263.03826626657315,45200
2024-10-22,259.26324462890625,261.1458242008538,257.9227560510252,261.1458242008538,42000
2024-10-23,258.1002197265625,259.4899786640233,256.7597609405745,258.307226219812,62600
2024-10-24,257.1244201660156,258.14949625405177,256.0697760215653,258.14949625405177,24500
2024-10-25,256.3359069824219,258.7310096815597,255.71494774648136,258.3465948862042,44300
2024-10-28,257.5186767578125,258.2086381955939,257.4595406436492,257.64681503163536,38400
2024-10-29,257.1441650390625,257.9228005898108,255.2812871541462,256.4936376862064,35100
2024-10-30,257.02587890625,258.49450608535085,255.8529624040102,256.11910502112613,157000
2024-10-31,253.81268310546875,255.81353517853228,253.6451107291697,255.37985028865978,29100
2024-11-01,254.68003845214844,256.7498624881229,254.542034140734,255.32069970515983,26500
2024-11-04,254.6603240966797,256.3654956212188,254.13793502884167,254.9166006474933,56700
2024-11-05,259.1351318359375,259.2238360029878,254.95601954251586,255.3404042664005,50100
2024-11-06,269.8589172363281,270.3024380650733,265.63050485919325,268.65643285716595,208700
2024-11-07,268.7254638671875,270.7164499863951,268.4297532035334,270.7164499863951,77400
2024-11-08,271.33740234375,272.0569017734577,268.9817034584244,269.15911180442845,121800
2024-11-11,273.7127685546875,274.59984025170064,273.1213773968775,273.1213773968775,85900
2024-11-12,270.85443115234375,274.05776790761433,270.016659449108,273.92965970410717,92200
2024-11-13,271.2880859375,273.190397798126,270.9924053785456,271.69220275434157,72300
2024-11-14,266.60626220703125,271.50490354850166,266.320447719311,271.238791069775,57100
2024-11-15,264.74346923828125,266.8724597449078,264.25064819728647,265.7093792278091,70700
2024-11-18,264.92083740234375,265.8769112800022,263.9056274150903,265.1475458753943,52100
2024-11-19,265.16729736328125,265.6502523748902,262.7228940861011,262.7426261792511,61700
2024-11-20,265.6699523925781,265.8473607330466,263.2551174672659,265.6502203018105,61100
2024-11-21,269.3956604003906,270.07575574064873,265.9064795346408,266.7344151489975,79500
2024-11-22,272.7666015625,272.90460590293134,270.06595167119974,270.1940899646255,78500
2024-11-25,275.1912841796875,275.95021776210973,274.33375029275174,274.61959492173037,70100
2024-11-26,275.12225341796875,275.339095858895,273.9394709984789,274.9744131353841,54900
2024-11-27,274.067626953125,276.6007342493385,273.66351010171513,275.81220255899916,48400
2024-11-29,275.68408203125,275.851624328362,274.688573976453,274.688573976453,28800
2024-12-02,273.4959716796875,275.5855280497857,272.9440145283185,275.5855280497857,48200
2024-12-03,271.8498840332031,273.732463630185,270.97267840285207,273.732463630185,68500
2024-12-04,273.15093994140625,273.1805079947302,271.5837729564316,272.165298058071,42900
2024-12-05,270.0166015625,273.318477754236,269.86873121889164,273.318477754236,66400
2024-12-06,269.1788330078125,271.5640697749175,268.81415028486384,270.854406340199,104600
2024-12-09,266.8724365234375,269.7110902852721,266.65559408109164,269.66179013781687,86300
2024-12-10,265.798095703125,266.97098202916976,264.5758791492262,266.4781610211448,95900
2024-12-11,265.8375244140625,267.5032619822311,265.689684113807,267.5032619822311,50500
2024-12-12,263.7676086425781,266.113441125893,263.6789044830498,265.67975629304135,52100
2024-12-13,262.88055419921875,264.2111768381696,262.5750076032366,263.9943344075302,82400
2024-12-16,262.9495544433594,264.0534685988086,262.0920507718731,263.14669486229167,116000
2024-12-17,260.0123291015625,262.1413192798855,259.7757846637726,261.95404490683364,178700
2024-12-18,252.27333068847656,260.99867017681663,252.27333068847656,260.5831943528896,73200
2024-12-19,251.77867126464844,255.37960729667213,251.47200050482522,254.2023755966773,159400
2024-12-20,254.2617645263672,256.26010610425135,250.89825785586845,251.11589812108127,174500
2024-12-23,254.14303588867188,254.40025532334133,252.13482232355716,254.02432851577043,107900
2024-12-24,256.1512451171875,256.1512451171875,253.75723263067337,254.0045497167225,38000
2024-12-26,256.51727294921875,257.00203497350356,254.5684130779068,255.49832774889268,49800
2024-12-27,254.56842041015625,256.5074081829947,252.8174262358833,255.39943242141572,49100
2024-12-30,252.0952606201172,253.09441623992717,249.44401353823943,252.01611733908706,64300
2024-12-31,251.6599884033203,253.33183932434557,251.1851437965514,252.67893365067752,60400
2025-01-02,251.10598754882812,254.15293588377693,249.90896620133364,253.49011280443818,82900
2025-01-03,254.14303588867188,254.5585418839014,251.11587711938714,251.70944417396882,101800
2025-01-06,254.3309783935547,256.7645699082845,253.79676506932114,255.69617344988936,68000
2025-01-07,253.30213928222656,255.3598342782014,252.44148068095816,255.18177322760926,55300
2025-01-08,254.16282653808594,254.42991811236055,250.94768944757632,252.47117109249785,59400
2025-01-10,251.274169921875,253.0053895965336,250.64103875894423,252.61957552998263,113000
2025-01-13,253.97486877441406,254.1331553297394,249.04830163141193,249.42422842655034,75200
2025-01-14,257.2493591308594,257.8330238548424,255.02350526597442,256.1117065268221,80500
2025-01-15,259.38616943359375,261.64170002910004,259.07949866504356,261.64170002910004,402100
2025-01-16,262.2253723144531,262.7595554937996,260.0786466823864,260.36554296097404,65500
2025-01-17,263.630126953125,264.8370356119233,263.10581590733995,264.1247611544345,75900
2025-01-21,269.52618408203125,269.52618408203125,266.0538423832513,266.0538423832513,113900
2025-01-22,268.86334228515625,270.35714710630816,268.57644601968724,270.35714710630816,289600
2025-01-23,271.04962158203125,271.38596919329143,268.6259322741075,269.8921945359409,184400
2025-01-24,269.4272155761719,271.01005082388343,269.1106424886153,271.01005082388343,72500
2025-01-27,264.8370056152344,266.11317016328974,263.5212920724083,264.8765848000774,82000
2025-01-28,263.10577392578125,265.1634687813424,262.2352130399724,265.1634687813424,133500
2025-01-29,262.52215576171875,265.3019976064663,262.19571046678124,263.6499362516554,160500
2025-01-30,265.72735595703125,266.2417948186552,262.78925795155936,262.78925795155936,62300
2025-01-31,263.6004333496094,266.63749439817946,263.52130516606394,265.9944760153737,63700
2025-02-03,261.21630859375,262.8090464144539,257.6747410101316,258.7233630975196,102700
2025-02-04,261.08770751953125,262.3737442556673,260.66229919874405,261.06790283154345,99700
2025-02-05,261.86920166015625,262.3539636534815,259.98959793950877,261.8593295064652,52500
2025-02-06,262.927734375,263.4025940397228,260.91952088159957,262.68041729359567,133800
2025-02-07,262.08685302734375,264.32260912766793,261.3350296211866,263.89723098877886,98200
2025-02-10,264.4116516113281,264.4116516113281,262.40343800591694,263.81808454483604,59000
2025-02-11,263.99615478515625,264.12476450954256,262.4034471279442,263.0266910599232,38700
2025-02-12,261.67138671875,262.5716245600109,259.40595369382044,260.1083257846663,85500
2025-02-13,261.52294921875,262.25502827858384,260.5238087805793,262.05716254564015,183400
2025-02-14,261.2756042480469,262.53199415694206,260.9887382130045,262.1758419136886,64300
2025-02-18,263.1256408691406,263.5905982617965,261.8791529249827,262.1660492370669,65400
2025-02-19,262.8783264160156,263.7785643636973,261.94841162127096,262.44304586570627,67600
2025-02-20,260.9393310546875,262.9673495135131,259.2773672860481,262.9673495135131,123400
2025-02-21,254.47938537597656,261.5229713271772,253.7473364443295,261.5229713271772,149200
2025-02-24,253.25270080566406,255.65661568097494,252.80753306153656,255.4389754336171,64000
2025-02-25,254.5882110595703,255.70608910418204,251.80835436920677,253.0647293763781,127400
2025-02-26,255.379638671875,257.7637792063667,254.85532761259356,255.98310811184606,99500
2025-02-27,253.66818237304688,257.5856762581549,253.450542146648,256.22048121893215,91000
2025-02-28,256.7448425292969,256.8734522596661,252.9163784148405,253.68800660697838,78600
2025-03-03,252.0062255859375,258.9508936480865,250.84878342475218,258.00117429269784,135800
2025-03-04,247.73257446289062,251.7094373933691,245.33854690529978,249.3747635206301,194700
2025-03-05,251.4423370361328,252.22386749308956,248.00957462224682,248.04915380983405,100100
2025-03-06,248.80099487304688,250.4827480818095,247.14891850775953,248.4052935633512,113200
2025-03-07,251.49179077148438,251.95674808440955,246.29813214820382,247.29728770627895,99600
2025-03-10,246.96095275878906,250.65091951456313,245.18026669198215,248.237102301229,146400
2025-03-11,243.99314880371094,246.7532008987051,242.6576304736909,246.48610930873093,171800
2025-03-12,243.75572204589844,246.41685639513744,242.1827889493348,246.19921614460236,294300
2025-03-13,241.0946044921875,243.87444623585696,240.05586967004146,243.29076641710293,159700
2025-03-14,245.94200134277344,246.1497543349182,242.6873151627755,243.1720469860519,56500
2025-03-17,249.19668579101562,250.26509739668504,245.20004838761827,245.20004838761827,106100
2025-03-18,247.05987548828125,248.2173176104208,245.93211020811685,248.2173176104208,70700
2025-03-19,250.53219604492188,251.77866866408138,247.69300086487374,247.80182098127122,44800
2025-03-20,249.24615478515625,251.15545052726063,248.10850223426533,248.86034073706796,56400
2025-03-21,247.5149383544922,247.6039688832565,245.38801743825832,246.8026639343036,77400
2025-03-24,252.86688232421875,253.05484572501553,250.77952551201352,250.77952551201352,46200
2025-03-25,253.05540466308594,253.86906300230135,251.76546700908267,253.4324673218098,31600
2025-03-26,250.8228302001953,254.3056634452934,250.2671684657623,252.97602699144667,35900
2025-03-27,249.67181396484375,251.6364946111359,248.73908954217623,250.75338608894694,46500
2025-03-28,244.28387451171875,249.12609592033695,243.99611136011845,248.83833276873665,92800
2025-03-31,245.63333129882812,246.85380370567182,240.38428098386308,241.8230663785156,70600
2025-04-01,247.25070190429688,247.58808094116057,243.00384126766625,244.74029178958077,70200
2025-04-02,249.9000244140625,250.60451866722076,244.2540775625105,244.2540775625105,41200
2025-04-03,235.7405242919922,242.68632636845402,235.661141879955,241.04909250889986,203600
2025-04-04,222.26565551757812,228.66571265948627,221.18409859546642,228.66571265948627,666800
2025-04-07,220.55897521972656,229.2015438966993,211.6088091690831,215.73660361601472,1076400
2025-04-08,218.33633422851562,228.6955049790314,215.31987808224392,228.08031017237516,201900
2025-04-09,238.53868103027344,239.31264061738895,216.53041841600654,216.53041841600654,176500
2025-04-10,231.60281372070312,234.27198866852214,225.430971205562,233.64686163357132,83000
2025-04-11,235.47259521484375,236.0679556960417,228.99315576800316,230.7990714578299,80100
2025-04-14,238.15170288085938,239.51110587019602,236.16718799955032,238.53868267708876,80500
2025-04-15,236.96099853515625,239.20351005576507,236.56410161254877,237.57619330739197,60300
2025-04-16,233.56748962402344,236.70302692159507,231.63259054948162,235.44285567175595,105900
2025-04-17,235.06578063964844,236.92131234145697,233.81554172034953,234.03383956762113,87700
2025-04-21,229.3702392578125,232.82329099685188,227.0781269360196,232.82329099685188,102600
2025-04-22,233.74609375,234.7185018074004,231.04715228645645,231.21583423534705,133200
2025-04-23,236.75262451171875,242.64662081966716,236.3755618502279,239.9179129372174,101900
2025-04-24,242.43826293945312,242.73594320057387,236.1076556061637,236.64348310431043,44000
2025-04-25,242.30926513671875,242.81532612388304,240.5628974834609,241.75360338980246,32800
2025-04-28,242.9244842529297,244.71053560979217,240.6125225006871,242.68633700637915,38500
2025-04-29,244.51206970214844,244.9486653860283,242.2993399122809,242.58708789993997,60500
2025-04-30,245.91116333007812,246.3179925144948,239.8484697621569,242.33903048752418,95500
2025-05-01,247.71707153320312,249.39398908138745,246.1393857883595,247.01257720768564,33700
2025-05-02,252.61880493164062,253.59122807374052,251.0212699303579,251.03120219425753,62300
2025-05-05,252.52951049804688,254.08736189711684,250.95182485206962,250.95182485206962,47700
2025-05-06,250.7037811279297,252.0730861688758,249.89012271838908,250.03897042631974,44500
2025-05-07,251.7555694580078,252.60891149786124,250.47554882790385,251.13044239955482,30400
2025-05-08,255.51622009277344,258.0762309344313,253.46223994835057,253.7103043054656,71800
2025-05-09,255.8138885498047,256.6870799432607,254.32550238767575,256.48861634245924,57900
2025-05-12,264.11907958984375,264.11907958984375,261.57890295173104,263.7916479565806,109900
2025-05-13,265.99444580078125,267.67136321235927,265.0120903934173,265.0319549212441,159600
2025-05-14,264.8335266113281,266.2623798657589,264.4167954095421,265.9349482072127,186400
2025-05-15,267.5026550292969,267.59195455693396,265.28000825799757,265.28000825799757,55800
2025-05-16,270.251220703125,270.251220703125,267.0263840364927,267.90950768945305,74000
2025-05-19,270.8267517089844,270.9656520061645,267.64161376285637,267.64161376285637,86000
2025-05-20,269.95355224609375,271.3228723356889,269.0704588853493,270.24131537770415,77000
2025-05-21,264.8533630371094,268.7727616650055,264.5457353790871,267.9888698269089,41900
2025-05-22,264.6251525878906,266.1631395857866,263.09706757361965,263.9305602319596,69000
2025-05-23,263.8015441894531,264.64496905604733,261.5590630026641,261.5590630026641,35100
2025-05-27,269.0208435058594,269.1101430454279,265.9547715221606,266.6096650936247,45900
2025-05-28,267.4729309082031,269.6162107550256,267.0958682108969,269.38798062736765,43500
2025-05-29,267.7408142089844,268.7033051460145,266.679121752064,268.7033051460145,51300
2025-05-30,267.3042297363281,268.47508617547953,265.33954922558013,266.8081010470648,30600
2025-06-02,266.8477783203125,266.93707785356327,263.6428062622384,266.83787633748,90300
2025-06-03,269.91387939453125,270.0031789374782,267.32410180518013,267.32410180518013,36500
2025-06-04,270.0527648925781,271.4121526215155,270.02299838323245,270.7870256439653,36300
2025-06-05,269.9337158203125,271.06487352783125,268.7727613202841,271.06487352783125,53300
2025-06-06,272.3548278808594,273.4066183248612,271.47170424094264,272.14643201986956,31500
2025-06-09,272.2853698730469,273.773756044684,271.9678402222537,273.24786080862395,321100
2025-06-10,271.422119140625,272.71204175012355,270.1718650277329,272.71204175012355,419600
2025-06-11,271.3129577636719,272.3746805436846,269.53683866211276,271.62055516254725,64200
2025-06-12,270.7473449707031,271.08473914089734,269.2788233697572,269.30858988109276,56100
2025-06-13,268.18731689453125,270.36036292607577,267.45305614130683,268.2170834039514,36400
2025-06-16,270.1817932128906,271.8190119713928,269.6261314558389,269.72533297715233,40600
2025-06-17,268.058349609375,269.8642654732635,267.82021750646044,269.0704716093517,26200
2025-06-18,267.8003845214844,270.122263379738,267.59198864915624,268.1476504127745,43600
2025-06-20,267.9293212890625,269.8344687429153,266.8576966646582,269.2291760073981,29300
2025-06-23,271.4022521972656,271.6205500518403,267.6217536604046,267.82021726685247,27000
2025-06-24,274.2301940917969,274.60725677808927,271.69001737301085,272.90057270628347,33300
2025-06-25,271.6701965332031,274.62710458077197,271.47173291547654,274.62710458077197,51100
2025-06-26,274.8883972167969,275.0774152582019,272.8390724768481,272.8390724768481,30600
2025-06-27,277.4649658203125,278.82786296768387,275.38579779176115,275.8632914729038,38800
2025-06-30,278.6189880371094,278.8577349021492,276.9277834511593,278.1116205894305,91600
2025-07-01,279.7033386230469,280.55886846678675,277.5545257483107,277.6838570873573,63600
2025-07-02,280.67828369140625,280.67828369140625,278.86770558994823,279.852566812848,62900
2025-07-03,282.9961853027344,283.32446224143285,281.314938626396,281.314938626396,33800
2025-07-07,281.7825012207031,283.76218145246645,280.2305859022257,282.7972057414096,50300
2025-07-08,281.8322448730469,282.74749182265566,281.0463596261708,281.98149202879296,302700
2025-07-09,283.9512023925781,283.9611602983968,281.7626186347687,283.2150459892522,105300
2025-07-10,285.3638610839844,286.4183668871,284.34912618551783,284.6674755795257,38800
2025-07-11,284.2596130371094,284.6575649830499,283.48365531767894,284.20988422360233,27600
2025-07-14,285.72198486328125,285.7419006753176,283.9611659878292,284.23971412111206,36800
2025-07-15,283.0658264160156,286.7068678519762,283.0658264160156,286.61730741942677,38400
2025-07-16,284.388916015625,284.5182473492077,280.2803084953401,283.89150649228725,42600
2025-07-17,287.5425109863281,287.7613723949597,285.4832282359491,285.4832282359491,51300
2025-07-18,286.836181640625,288.75620560289957,285.7419049033383,288.75620560289957,48300
2025-07-21,285.2046813964844,287.87078921584344,284.76695857725,287.87078921584344,42200
2025-07-22,285.82147216796875,286.50789977326644,282.9365028602013,283.9910086736648,39400
2025-07-23,290.9149475097656,291.10396557102075,288.15930948118483,288.15930948118483,81200
2025-07-24,290.62646484375,292.3872837116301,290.3379588056896,290.75576582408246,36000
2025-07-25,293.96905517578125,294.06854316144046,291.0044832161727,291.56157950449943,57400
2025-07-28,293.0836486816406,294.2476004193854,292.35745014837545,294.2476004193854,47500
2025-07-29,290.25836181640625,293.4517530295588,289.56200665263844,293.4517530295588,83300
2025-07-30,289.1839599609375,290.92489334592256,287.7016892510374,290.60654395496704,43200
2025-07-31,288.4776306152344,290.636370889325,288.1194799807809,288.43782935374685,45600
2025-08-01,283.9213562011719,285.1449945853664,280.7976401116505,284.83660310275513,84700
2025-08-04,286.9158020019531,286.95560326961873,285.2743564345422,285.2743564345422,38600
2025-08-05,286.86602783203125,288.3085277046536,284.5182692735089,287.2938231282623,31000
2025-08-06,286.7068786621094,287.15452904439155,284.74708380775456,287.07495687403133,29800
2025-08-07,286.3586730957031,288.6567027003832,285.0156612899823,288.6567027003832,89100
2025-08-08,286.2691345214844,288.36818810761946,285.7916104564523,287.37336907506995,33900
2025-08-11,285.4335021972656,286.5078934394974,284.67742998565916,286.5078934394974,56700
2025-08-12,289.4823913574219,289.55203597856865,286.32883190798833,286.69691010623745,309600
2025-08-13,290.9647216796875,291.3228420082287,287.7116435647466,290.56676972423503,58800
2025-08-14,288.06976318359375,289.3928591784112,287.33357643298393,289.2436423909458,59500
2025-08-15,286.6173095703125,288.6169056291944,286.36860480117673,288.6169056291944,26100
2025-08-18,287.9802551269531,287.99018267389744,286.4382672466783,286.4382672466783,46300
2025-08-19,288.14935302734375,289.95993111824504,287.12469054459774,288.1593109336085,32200
2025-08-20,287.3136901855469,287.980232313671,285.642401451626,287.6021962134933,33000
2025-08-21,286.3586730957031,287.58228111201913,285.7418901347197,286.2392996657668,232800
2025-08-22,292.0788879394531,293.83970678152104,287.95039482963585,287.95039482963585,46200
2025-08-25,289.4326477050781,292.22808671863345,289.3431176365387,291.760520565505,49800
2025-08-26,292.1783752441406,292.5265376337365,289.7808576239126,289.7808576239126,42800
2025-08-27,292.2181701660156,292.79518227976945,291.56158587767754,292.2480135264187,30100
2025-08-28,292.6459655761719,293.3522786789287,291.63123060318475,293.3522786789287,46600
2025-08-29,289.80072021484375,292.38725568453793,288.99491925428623,292.38725568453793,47500
2025-09-02,287.4032287597656,287.4032287597656,284.98582565960373,286.8958916687802,68500
2025-09-03,285.930908203125,287.2540041976267,284.6177397548063,287.09482950454554,45500
2025-09-04,289.17401123046875,289.28345711935003,285.8015902389021,285.9706924860779,78800
2025-09-05,288.6567077636719,290.546857942912,285.51307582917605,290.2484243628364,52500
2025-09-08,289.07452392578125,289.73110818219936,287.0550423447632,288.9651083961132,66200
2025-09-09,286.58746337890625,288.1692524113034,284.88633127548775,288.1692524113034,54600
2025-09-10,288.646728515625,289.9499389847124,287.3833193074278,287.3833193074278,83700
2025-09-11,291.9296569824219,292.6757712561618,288.95512743334086,288.95512743334086,75200
2025-09-12,289.41278076171875,291.3029309460698,289.3431361396898,291.3029309460698,49600
2025-09-15,290.6960754394531,291.5715210890947,289.5918408310205,290.1091358242319,44100
2025-09-16,290.05938720703125,291.60134453499114,289.08445364387364,291.60134453499114,39300
2025-09-17,288.6368103027344,292.50664057423273,286.9854070562615,290.33794235732785,131100
2025-09-18,292.50665283203125,293.0537911821576,289.0247860525787,289.7310990986163,43700
2025-09-19,292.72552490234375,293.4417958802899,290.6363986867117,293.4417958802899,33700
2025-09-22,294.0784606933594,294.4564968103077,291.3128647992533,292.2679129976922,62200
2025-09-23,293.6109313964844,296.3765273521623,292.4668651141004,294.9439853820803,110400
2025-09-24,291.5185852050781,294.2910572990236,291.5185852050781,294.2910572990236,34500
2025-09-25,289.55389404296875,290.09244050219183,288.08787288477066,289.9727702745758,41600
2025-09-26,292.0371398925781,293.3735385819035,291.0697649816192,291.07974764547936,46400
2025-09-29,292.83502197265625,294.55036640913033,292.01723476149857,294.55036640913033,62600
2025-09-30,295.4878234863281,295.5675935003862,292.28649242996994,292.28649242996994,59700
2025-10-01,295.0689392089844,295.5675854794386,293.4533301623052,293.7525057505965,83800
2025-10-02,296.1858825683594,297.0335872595498,294.1215102745758,295.33820831212,31500
2025-10-03,296.8540954589844,298.7688800557693,296.10612606821945,296.49505432524194,36100
2025-10-06,298.4098815917969,298.87861031329226,296.3953615733241,298.250311129697,35200
2025-10-07,296.4751281738281,299.32740069422783,295.3781002813667,298.60934884052153,52300
2025-10-08,299.40716552734375,299.68640621923475,296.006394337021,297.33281044971795,29800
2025-10-09,295.1287536621094,300.17505113097457,294.5303720924716,299.49689955502885,39100
2025-10-10,288.33721923828125,296.9637937701793,288.257449225093,295.9864665425945,71100
2025-10-13,292.2167053222656,293.1940325613158,290.690848909405,291.0897598499329,48200
2025-10-14,295.81689453125,297.18318037765516,289.2148230943438,289.2746582091534,63800
2025-10-15,294.87945556640625,298.64922020957226,293.2738291604992,297.3826696204104,57800
2025-10-16,292.72528076171875,296.09613424812704,291.4786651489909,296.09613424812704,35800
2025-10-17,292.2765197753906,293.8223109737444,290.7905332571858,291.8676261989015,46600
2025-10-20,296.1759338378906,296.6945149747093,294.3409193134345,294.40075442787696,38100
2025-10-21,298.4397888183594,299.70633937154855,296.49505621598803,296.49505621598803,48000
2025-10-22,293.9419860839844,299.1877544512137,293.00452868524104,298.85866131269637,52700
2025-10-23,298.3899230957031,298.71901622372354,294.9193342981862,294.9193342981862,56300
2025-10-24,299.5667419433594,301.1125332265467,299.44707170659046,301.06268077287746,33200
2025-10-27,300.8731689453125,302.0399840964342,299.70632335923983,302.0399840964342,53300
2025-10-28,298.84869384765625,301.5114479541251,298.8087936232468,300.9729318818899,68500
2025-10-29,299.9158020019531,302.39905073283404,298.52955073719477,299.2974550504712,86100
2025-10-30,298.4896240234375,302.6882472342671,298.2004311203734,298.43977157393016,44300
2025-10-31,299.57672119140625,300.3546081564857,297.88131169664047,298.6192984382676,50800
2025-11-03,298.32012939453125,299.4670097555854,295.94656822376743,299.4670097555854,62700
2025-11-04,294.15142822265625,295.4877964894492,292.9347301834939,294.53037379850264,77800
2025-11-05,296.0263366699219,297.67189373897475,293.5131703797495,293.5131703797495,126300
2025-11-06,293.5530700683594,296.85410599530366,293.1341938032847,296.3753946116402,44400
2025-11-07,295.07891845703125,295.3681418123328,290.4215489535345,291.7180475026759,59500
2025-11-10,297.2330627441406,297.9909843420556,294.00181437530813,297.0335920718226,32300
2025-11-11,296.7244567871094,297.72174935594114,295.348188172529,297.23308573639883,67300
2025-11-12,296.89398193359375,299.42708290652047,296.8241641559668,297.51229839840187,27400
2025-11-13,291.1196594238281,296.9936964649578,290.5112951682718,296.3055622002057,52100
2025-11-14,291.37896728515625,293.134181414501,288.3372068556665,289.19489424411245,70500
2025-11-17,287.4994812011719,291.5883865455375,286.392501132952,290.770599389674,84400
2025-11-18,286.4423522949219,288.26738417362134,284.74694287551335,286.2030118347519,134500
2025-11-19,287.6989440917969,288.83584168691374,286.4423458343431,286.67173406013336,122400
2025-11-20,282.55291748046875,292.36627199618584,282.24375924127577,291.56841973782366,136500
2025-11-21,286.5420837402344,287.61914623132384,281.2663979793222,283.44048828954527,82900
2025-11-24,288.0579528808594,288.8956749020061,285.7741446067511,287.15041308254604,84500
2025-11-25,292.43609619140625,292.8150417831217,286.8113517776146,288.6463663596804,64600
2025-11-26,294.31097412109375,295.91663086711236,292.5357946941925,292.5956602441559,34600
2025-11-28,296.1460266113281,296.3055666321058,294.4805347080434,295.15868631868227,15400
2025-12-01,292.06707763671875,294.7896972180037,291.71804959689877,293.5929644351504,33900
2025-12-02,294.0118103027344,294.86949771045147,292.3563010396574,293.73256960986316,35500
2025-12-03,296.83416748046875,296.83416748046875,293.5031835999024,294.50047614415615,28100
2025-12-04,299.0281982421875,299.9357381261185,296.50504927684557,296.95384310388357,88100
2025-12-05,298.3400573730469,299.34733257803373,297.30286460924617,299.0082567664928,67300
2025-12-08,297.68182373046875,299.1777624560692,296.90393681055457,298.74893399245207,38100
2025-12-09,295.218505859375,298.48962394187674,295.2085536304468,297.1034032354717,31600
2025-12-10,301.05267333984375,302.1896013655174,296.2656816532043,296.2656816532043,37900
2025-12-11,304.6429443359375,304.8025147897783,300.36455094500326,300.80336208432743,40600
2025-12-12,301.3818054199219,305.66016832815,300.6039184879757,305.66016832815,38900
2025-12-15,301.55133056640625,303.3564275698452,300.9130791879015,303.3564275698452,107300
2025-12-16,299.83599853515625,302.1098243276982,298.3899426012102,301.3120024631041,54000
2025-12-17,294.760009765625,300.54998779296875,294.510009765625,299.42999267578125,64400
2025-12-18,297.0,299.55999755859375,296.42999267578125,297.5199890136719,47400
2025-12-19,299.75,300.260009765625,297.7300109863281,297.7300109863281,65000
2025-12-22,303.55999755859375,303.8399963378906,301.17999267578125,301.8800048828125,141200
2025-12-23,303.25,303.7799987792969,302.5400085449219,303.2799987792969,61300
2025-12-24,304.04998779296875,304.57000732421875,303.010009765625,303.2099914550781,21500
2025-12-26,303.510009765625,304.1000061035156,302.7099914550781,304.1000061035156,30300
2025-12-29,302.3800048828125,303.69000244140625,301.92999267578125,302.82000732421875,81100
2025-12-30,301.2799987792969,302.739990234375,301.1499938964844,302.45001220703125,44700
2025-12-31,298.3800048828125,301.9200134277344,298.3800048828125,301.510009765625,74300
2026-01-02,304.5,304.6400146484375,298.92999267578125,299.6099853515625,91500
2026-01-05,309.1700134277344,310.5400085449219,305.57000732421875,305.57000732421875,62900
2026-01-06,313.3399963378906,313.4700012207031,307.3999938964844,308.5,152500
2026-01-07,307.79998779296875,314.2099914550781,307.6300048828125,314.2099914550781,57900
2026-01-08,310.3900146484375,312.3699951171875,309.57000732421875,309.6000061035156,202900
2026-01-09,314.57000732421875,314.9100036621094,311.94000244140625,311.94000244140625,80000
2026-01-12,317.0400085449219,317.07000732421875,313.25,314.07000732421875,74400
2026-01-13,318.1199951171875,319.2900085449219,317.2300109863281,318.4100036621094,79500
2026-01-14,318.8699951171875,319.0199890136719,315.95001220703125,318.0,59100
2026-01-15,322.510009765625,322.94000244140625,320.7699890136719,320.7699890136719,216000
2026-01-16,324.45001220703125,325.25,323.1400146484375,323.69000244140625,98600
2026-01-20,317.80999755859375,321.8900146484375,317.2200012207031,320.1400146484375,92400
2026-01-21,323.3399963378906,324.7900085449219,318.80999755859375,319.7699890136719,99000
2026-01-22,322.6499938964844,324.989990234375,321.7099914550781,324.75,130000
2026-01-23,319.8599853515625,322.6300048828125,319.0,322.6300048828125,88600
2026-01-26,319.7300109863281,320.3800048828125,318.7300109863281,319.8500061035156,67800
2026-01-27,321.1099853515625,321.5299987792969,318.6700134277344,320.1700134277344,48600
2026-01-28,319.760009765625,321.54998779296875,318.17999267578125,320.5799865722656,56900
2026-01-29,322.0899963378906,323.8999938964844,318.3800048828125,321.8299865722656,79900
2026-01-30,320.2200012207031,322.9100036621094,317.2699890136719,319.7799987792969,41900
2026-02-02,324.3999938964844,324.44000244140625,319.6700134277344,319.6700134277344,80700
2026-02-03,327.54998779296875,329.3299865722656,323.0400085449219,324.95001220703125,95800
2026-02-04,327.6000061035156,330.8900146484375,324.1400146484375,329.3699951171875,135400
2026-02-05,325.5899963378906,327.75,324.2200012207031,325.6099853515625,85500
2026-02-06,335.6400146484375,336.239990234375,328.8900146484375,328.8900146484375,104300
2026-02-09,337.1199951171875,338.0799865722656,335.010009765625,335.6300048828125,74800
2026-02-10,337.2300109863281,339.25,336.20001220703125,337.3500061035156,109600
2026-02-11,339.2799987792969,343.19000244140625,337.2300109863281,340.5,115800
2026-02-12,334.2300109863281,345.0299987792969,333.6000061035156,341.0899963378906,130800
2026-02-13,337.0299987792969,339.2300109863281,333.6499938964844,334.92999267578125,109600
2026-02-17,338.6400146484375,340.260009765625,335.2799987792969,336.3599853515625,105700
2026-02-18,339.2300109863281,341.4100036621094,337.7699890136719,339.4100036621094,71800
2026-02-19,341.5,342.3399963378906,338.5,338.79998779296875,89600
2026-02-20,342.92999267578125,345.1000061035156,340.07000732421875,341.19000244140625,112100
2026-02-23,337.9800109863281,341.6600036621094,336.739990234375,341.57000732421875,109100
2026-02-24,342.3699951171875,342.7099914550781,337.05999755859375,337.69000244140625,79000
2026-02-25,340.1199951171875,343.8999938964844,337.70001220703125,343.8999938964844,76500
2026-02-26,342.1199951171875,342.3399963378906,336.25,340.8999938964844,96300
2026-02-27,341.8500061035156,341.8500061035156,337.8299865722656,338.6499938964844,73100
2026-03-02,345.05999755859375,345.7099914550781,338.82000732421875,339.6600036621094,99100
2026-03-03,337.94000244140625,339.42999267578125,332.0,338.92999267578125,267600
2026-03-04,339.3399963378906,340.57000732421875,336.70001220703125,340.0400085449219,97800
