Date,Close,High,Low,Open,Volume
2014-01-02,40.13195037841797,40.243825294780926,39.808758809963344,39.951707194173814,5829600
2014-01-03,40.35569381713867,40.51107535736454,40.0325022998909,40.082220788943275,2771700
2014-01-06,40.560791015625,40.74724598396411,40.35568628277131,40.48620618316891,2917500
2014-01-07,40.74104690551758,40.90885690379958,40.442712224065374,40.548370546756594,2582600
2014-01-08,40.54215621948242,40.784551058773026,40.361913051982214,40.63538135623373,3368400
2014-01-09,40.54215621948242,40.716182797243,40.24382155627242,40.703749617763755,2543000
2014-01-10,41.095306396484375,41.12016800887777,40.77832676580316,40.871556626811476,2683900
2014-01-13,40.821834564208984,41.163675817015715,40.709959676187495,41.08287438896985,3650800
2014-01-14,41.12017059326172,41.244473921173416,40.80940753161446,40.964789062438086,2383400
2014-01-15,41.43093490600586,41.50551500825779,41.11395524583073,41.11395524583073,3069700
2014-01-16,41.50551986694336,41.52416489468895,41.36257149298137,41.36257149298137,2704800
2014-01-17,41.26311492919922,41.62360118366493,41.22582488282951,41.549016349057965,2957800
2014-01-21,41.63603973388672,41.797637877194646,41.38742829999807,41.46822974258638,3255800
2014-01-22,41.81627655029297,41.934368030364745,41.64224999557749,41.660895020458725,3432800
2014-01-23,41.716835021972656,41.80384829971627,41.51794685257753,41.673328383100845,3262600
2014-01-24,41.19475555419922,41.59253194069546,41.10774226601995,41.530380269405775,2745800
2014-01-27,40.877769470214844,41.38120883518786,40.71617609851924,41.219610721624434,3818500
2014-01-28,41.219600677490234,41.29418549831464,40.89019268378242,40.92748272326129,2406700
2014-01-29,40.9958610534668,41.20096580484773,40.79075630208586,41.01450607779819,3308200
2014-01-30,41.61738204956055,41.772763555752995,41.113947486894546,41.15123753098321,2990100
2014-01-31,41.84114074707031,42.02760049112932,41.15746292196774,41.28798284606174,5454400
2014-02-03,41.17610168457031,41.84113438248037,41.014503580424936,41.77898272453755,7310400
2014-02-04,41.6733283996582,41.69818527170798,41.058014124396436,41.21961224392793,4472100
2014-02-05,41.5863037109375,41.64845535774401,41.356337401700024,41.393627441410594,2656000
2014-02-06,41.89085388183594,41.953005534254004,41.58630746568045,41.61116433315397,2755500
2014-02-07,42.20784378051758,42.26999544811273,41.89086411135351,42.151903960374135,5918800
2014-02-10,42.605613708496094,42.72991702491245,42.06488432416306,42.338357310520124,6276300
2014-02-11,42.77342987060547,42.98475122943851,42.46888338185754,42.53103504909022,7136400
2014-02-12,42.79829025268555,42.90394855812351,42.58696889994151,42.897731969018885,3335400
2014-02-13,42.95988464355469,43.15877280080814,42.56832017574454,42.64290501291497,2754600
2014-02-14,43.12769317626953,43.208489857469736,42.891514979160625,42.891514979160625,2509200
2014-02-18,43.339019775390625,43.339019775390625,42.90394863280412,43.264434931609706,3819900
2014-02-19,43.314144134521484,43.77407200089659,43.23334272779078,43.25820433433356,4334000
2014-02-20,43.220916748046875,43.65598303256726,43.06553525473719,43.32035843799431,3503400
2014-02-21,43.32658004760742,43.506823169763386,43.009600436790556,43.245783368792985,2406000
2014-02-24,43.432254791259766,43.8611094423707,43.40739317100573,43.49441121282945,3690100
2014-02-25,43.575191497802734,43.780296231188096,43.41359339799602,43.50682325334095,3329500
2014-02-26,43.67463684082031,43.83623495410019,43.513043469408245,43.724360066732245,4623500
2014-02-27,43.55654525756836,43.836230073917676,43.37008555209062,43.693281742669726,3334400
2014-02-28,43.960548400878906,44.122141792074515,43.53791041262039,43.60006208168551,8733500
2014-03-03,43.985389709472656,44.028896336608966,43.5441068508425,43.687059906785635,5816200
2014-03-04,44.61935806274414,44.67529313411156,44.215365160464515,44.296161844173355,4444400
2014-03-05,44.56342315673828,44.75609948813448,44.21537002936691,44.650436438581124,3489400
2014-03-06,44.19050598144531,44.64422213339138,44.091064268471634,44.64422213339138,3705600
2014-03-07,43.71192932128906,44.10970562382895,43.519253016528985,43.98539756561801,3665900
2014-03-10,43.48197555541992,43.780310239608596,43.314165555598684,43.73058700193233,6387500
2014-03-11,43.75543975830078,43.92324972413286,43.50682836214351,43.53790656486366,5101900
2014-03-12,43.885963439941406,43.935686671812896,43.60006196948293,43.60006196948293,2711900
2014-03-13,43.680850982666016,44.04755382589026,43.60005430148595,43.966752402842644,3688000
2014-03-14,43.79273223876953,43.99162041836097,43.606277237703445,43.718147393222154,2713900
2014-03-17,43.885963439941406,44.17186491039989,43.75544351268004,44.14700329446414,3115600
2014-03-18,44.01647186279297,44.066195081668496,43.71813729140694,43.89838040343037,2483700
2014-03-19,43.183624267578125,44.24643305275359,43.03445462828338,44.1283416071119,4561500
2014-03-20,43.25822067260742,43.27065385150802,42.75478599010596,43.11527230832921,3811500
2014-03-21,43.65598678588867,43.79893985844539,43.351440360541034,43.39494699273356,2970400
2014-03-24,43.370086669921875,43.81136959293448,43.14633691432852,43.78029613579883,5826500
2014-03-25,43.76609420776367,43.84741885205035,43.44079085776382,43.709793632377455,3125500
2014-03-26,43.27186965942383,44.02882967181877,43.26561722327284,43.94750504618778,4286800
2014-03-27,43.54713439941406,43.5846681118808,43.08420111186487,43.259364800513076,3097600
2014-03-28,43.809871673583984,43.972525685031464,43.62219837377688,43.64096522647243,2278400
2014-03-31,44.17896270751953,44.310335425739645,43.65972426918468,44.07260927318351,3597700
2014-04-01,44.37916946411133,44.379169464111335,43.87244044991046,44.27281598406124,5804400
2014-04-02,44.41669845581055,44.46048937605007,44.12267166012275,44.354140680161564,3266700
2014-04-03,44.32286071777344,44.498024403916,44.16646388759579,44.47925754795108,2372300
2014-04-04,44.47300720214844,44.74826719305651,44.2728194195389,44.510545692724314,3600300
2014-04-07,44.61690139770508,44.91718550508748,44.46676173044086,44.48552859224214,3845100
2014-04-08,44.892147064208984,44.91717112955318,44.48551435485761,44.654420829865366,2935500
2014-04-09,44.779537200927734,45.042282704553145,44.54181098758397,45.042282704553145,4339600
2014-04-10,44.35413360595703,45.02976893005209,44.23527051018524,44.848348068608885,4136300
2014-04-11,44.08513641357422,44.510535955161565,44.02257864010447,44.27280973398347,3785000
2014-04-14,44.34789276123047,44.41045054998475,44.022589395996185,44.31035904254857,2963500
2014-04-15,44.87339401245117,44.892160874019304,44.31661673975776,44.410455820452334,3800100
2014-04-16,45.16115188598633,45.21745245597121,44.8421010041807,45.02977911650228,2141600
2014-04-17,44.89841079711914,45.1361370912735,44.735761490738795,45.12987988015006,3736800
2014-04-21,45.1548957824707,45.20494391669636,44.904659884195205,44.96096522841226,2447200
2014-04-22,45.254981994628906,45.311287332272414,44.817072803411506,45.20493863909851,2889700
2014-04-23,45.073570251464844,45.33631579166759,44.960964338113286,45.24873394493334,3180700
2014-04-24,45.2612419128418,45.34882375632718,45.08607822587103,45.16740285972103,2332400
2014-04-25,45.086090087890625,45.311301965492056,44.98599857165319,45.28627789321926,2608900
2014-04-28,45.43641662597656,45.47395512004593,45.004764513434985,45.223719175282696,2994200
2014-04-29,45.46767044067383,45.66160091360133,45.342554930304615,45.57401910177273,2944200
2014-04-30,45.63033676147461,45.6616132610991,45.32379556433097,45.55526457124212,2660700
2014-05-01,45.82427215576172,45.86806307817053,45.2362185352555,45.70540903514385,3817400
2014-05-02,45.811763763427734,46.01195152461357,45.58029472558519,45.60531879234001,3495200
2014-05-05,45.90559387207031,45.94313235521436,45.473941885158176,45.667872418802,2628500
2014-05-06,45.742950439453125,45.91185693013543,45.5865535961776,45.70541195152704,2879800
2014-05-07,46.29345703125,46.32473830324975,45.76796602618855,45.84303344242476,4417300
2014-05-08,46.39979553222656,46.61249763485089,46.230889109927176,46.27468001740116,3389200
2014-05-09,46.431087493896484,46.574969891807434,46.168341988522705,46.431087493896484,3706300
2014-05-12,46.5749626159668,46.66880164547011,46.3810321217509,46.3810321217509,2983200
2014-05-13,46.27470397949219,46.93156793174103,46.20588897884896,46.593754912215005,2476600
2014-05-14,46.29345703125,46.48113511754452,46.09952650883713,46.32473830324975,3956800
2014-05-15,46.2684440612793,46.343516268366386,45.886835361079584,46.3247494098079,2941200
2014-05-16,46.69383239746094,46.70008960641835,46.07450235053291,46.312223789542664,2478900
2014-05-19,46.50616455078125,46.675075819856495,46.293467127919726,46.675075819856495,2420400
2014-05-20,46.362274169921875,46.66881060381291,46.2121345576072,46.53743784643104,2210200
2014-05-21,46.055747985839844,46.51868134433407,45.98067577654891,46.51868134433407,2164800
2014-05-22,45.974403381347656,46.230896432069855,45.94937931984903,46.09952368884082,1820600
2014-05-23,46.38104248046875,46.39980933599053,45.974409777038105,45.974409777038105,1418000
2014-05-27,46.71260070800781,46.73762477176574,46.40606427946452,46.50615576164407,2713200
2014-05-28,46.4185676574707,46.56245481143804,46.143312539002864,46.54368795936654,2363100
2014-05-29,46.512428283691406,46.54370956690032,46.2997308310027,46.48115177333621,2379800
2014-05-30,46.7251091003418,46.78140965689713,46.43108235517098,46.468616059541205,3281400
2014-06-02,46.8690071105957,46.987870244537845,46.6437952635754,46.8690071105957,3096500
2014-06-03,46.843955993652344,46.90026130932284,46.68130679916058,46.86272761410942,1828800
2014-06-04,46.93782043457031,47.03791670650355,46.68758452759014,46.850238583055194,1910500
2014-06-05,47.801116943359375,47.81988379440769,46.8627362081338,47.04415228350166,4992400
2014-06-06,47.600921630859375,48.02632106302513,47.51333981595916,48.02632106302513,9927200
2014-06-09,47.02540588378906,47.75734203009954,46.93782402557345,47.650993312673904,2468000
2014-06-10,46.675079345703125,47.037921206896925,46.50616806386828,46.98787306614191,2614700
2014-06-11,46.549957275390625,46.75014503764161,46.3184882363165,46.487394721744344,2365800
2014-06-12,46.431087493896484,46.581227100845496,46.074502944360056,46.54369339232125,2249600
2014-06-13,46.549957275390625,46.62502470320179,46.124557684000685,46.431094150885976,1853100
2014-06-16,46.31224060058594,46.7063637694832,46.24342559563098,46.51242840422208,2643400
2014-06-17,46.431087493896484,46.481135620496836,46.10577944384624,46.28094788694747,1942400
2014-06-18,46.75639343261719,46.86274690090993,46.243412037893165,46.43734734629594,2734500
2014-06-19,47.14426803588867,47.14426803588867,46.73137805049663,46.88152246674094,2555800
2014-06-20,47.306907653808594,47.3319317155408,46.88776058585888,47.14425363897515,2133100
2014-06-23,47.11298751831055,47.48834379214189,47.106735080505764,47.288151233910085,4780100
2014-06-24,47.147705078125,47.29924798004428,46.99616699351458,47.116137253206794,3286300
2014-06-25,47.05299377441406,47.21716284913885,46.933028327427024,47.09719258484277,3838900
2014-06-26,47.008785247802734,47.097182850389366,46.86987817038662,47.07824119516481,2612600
2014-06-27,47.36870193481445,47.37501742709669,46.901456669421094,46.939339988496215,2013100
2014-06-30,47.25505447387695,47.4065974082498,46.93934725323167,47.40028191499013,4124700
2014-07-01,47.50760269165039,47.633888421058316,47.122439647245244,47.28660868682154,3025500
2014-07-02,47.39395523071289,47.50760999600057,47.122446892376146,47.50760999600057,2935000
2014-07-03,47.122459411621094,47.28031302660787,46.92040697713042,47.22348803752144,2878500
2014-07-07,47.2613639831543,47.33713544074694,47.046685412605704,47.046685412605704,2436200
2014-07-08,47.40027618408203,47.55812977531945,47.11614164677838,47.11614164677838,3175000
2014-07-09,47.476051330566406,47.551817977168795,47.141402461913366,47.46342034459289,2534800
2014-07-10,47.69072723388672,47.7980665220697,47.179283128877714,47.23610811063009,3409400
2014-07-11,47.6970329284668,47.75385789854604,47.463407922199174,47.67177578043989,2629400
2014-07-14,47.9306640625,47.97486287287065,47.60864140562293,47.8106937983615,1907000
2014-07-15,47.96221923828125,48.05061683570719,47.71596810012217,47.96221923828125,2907800
2014-07-16,48.11376190185547,48.15796070480637,47.82331193713405,48.063252425131736,2204200
2014-07-17,47.86751174926758,48.10113675110969,47.79805579783637,48.02536530846428,2930400
2014-07-18,48.3410758972168,48.35370688055196,47.86120451127133,47.8927723349919,2042200
2014-07-21,48.16427993774414,48.25267755051351,48.019057352755276,48.21479423570052,2612300
2014-07-22,48.31582260131836,48.46105001740344,48.246371456670516,48.246371456670516,2536100
2014-07-23,48.404239654541016,48.47369082015833,48.246386023761495,48.372667001460904,1972200
2014-07-24,48.3410758972168,48.54312827480138,48.227421133743675,48.524186617107304,2035000
2014-07-25,48.006431579589844,48.4042256975319,47.98748992012767,48.4042256975319,4739600
2014-07-28,48.3410758972168,48.46736164402508,48.050625905520754,48.08219854654999,2155500
2014-07-29,48.10746765136719,48.454742702448726,48.044322353616124,48.42948554681027,1898000
2014-07-30,48.006431579589844,48.290570923449756,47.77912203142556,48.09482920195272,3117400
2014-07-31,47.29293441772461,47.936974916577896,47.29293441772462,47.76649516659907,3195700
2014-08-01,47.179283142089844,47.608645112251416,47.17928314208985,47.286622430302884,3394800
2014-08-04,47.50760269165039,47.61494676597413,46.97090158926375,47.30555034190573,2458400
2014-08-05,47.021427154541016,47.48235692979207,46.920398546792796,47.32450334316734,2968400
2014-08-06,47.00246810913086,47.22346208519998,46.72464435789689,46.888813376108544,1930600
2014-08-07,47.02775955200195,47.280321527543066,46.92673090793679,47.14772504519071,2299300
2014-08-08,47.30556106567383,47.33713370951006,46.93302891841361,47.1035086701256,2574200
2014-08-11,47.602333068847656,47.74124501298147,47.35608182872308,47.43185329388054,2307300
2014-08-12,47.52656555175781,47.741248978883014,47.43816791038572,47.589710853289446,1510400
2014-08-13,48.214805603027344,48.233747264899606,47.61496382962698,47.61496382962698,1847200
2014-08-14,48.183223724365234,48.391591599661645,48.08219994129683,48.30319398298598,2020500
2014-08-15,48.13270950317383,48.442101131081316,47.95590946991836,48.33476186672889,2972400
2014-08-18,48.606300354003906,48.61261103184196,48.24639420747058,48.24639420747058,2328200
2014-08-19,48.707305908203125,48.82727618445544,48.543136817117244,48.71362140098207,1893300
2014-08-20,48.92829132080078,49.00406276880604,48.442104443699236,48.71361277741556,2361100
2014-08-21,48.8525276184082,49.14928830193929,48.82095497551967,48.96618238857442,2436900
2014-08-22,48.46105194091797,48.85253057682186,48.296882859111925,48.833584099556006,2568700
2014-08-25,48.35371017456055,48.74518397306299,48.183225609082584,48.7009851629963,1913700
2014-08-26,48.448429107666016,48.581025553797005,48.36634215245904,48.37897313817223,1762400
2014-08-27,48.47998046875,48.61889236054942,48.360010231776336,48.50523761428698,1527300
2014-08-28,48.47367858886719,48.57470719938272,48.30319883025883,48.44211076106305,2491900
2014-08-29,48.73256301879883,48.73256301879883,48.435797483475405,48.53682609861083,1857400
2014-09-02,48.73887634277344,48.82727396842863,48.606279904290645,48.65047871711824,2356800
2014-09-03,48.86515426635742,48.9282947354473,48.68835902598217,48.839897115259674,2254000
2014-09-04,48.68204116821289,49.00406380742451,48.53050308629927,48.865151891791704,2032500
2014-09-05,49.19981384277344,49.21875550590998,48.70099583850073,48.76414113870264,2285600
2014-09-08,49.1492919921875,49.30083490865996,49.00406938553804,49.161922977214864,3472300
2014-09-09,48.84621810913086,49.14929432182271,48.757820478986616,49.14929432182271,2389600
2014-09-10,48.07588577270508,48.776756050859426,48.03800245517531,48.776756050859426,3369300
2014-09-11,48.11376190185547,48.25898929287028,47.89276788710094,48.02536429595365,3158100
2014-09-12,46.63626480102539,47.90540900764936,46.37738260230465,47.89277802281412,5664200
2014-09-15,46.40895080566406,46.85093888641354,46.24478173968192,46.61731867972115,4031200
2014-09-16,46.86356735229492,47.00247926086993,46.40894831234341,46.42788996945664,3866000
2014-09-17,46.850929260253906,47.26134943222847,46.78778880702116,47.00878280198968,3340200
2014-09-18,46.44053649902344,46.97723783857004,46.41527934198111,46.90778186103117,3321000
2014-09-19,46.497344970703125,46.69939733795033,46.33949140825035,46.44052000052817,3465500
2014-09-22,46.13113784790039,46.47210222655652,46.13113784790039,46.44053439466664,2511100
2014-09-23,45.79649353027344,46.314253234545795,45.77755186578829,46.11220078452025,5408600
2014-09-24,45.67411422729492,46.22217850964844,45.58489491268742,45.788825469231426,4459300
2014-09-25,45.47019958496094,45.76334955871262,45.30450443037444,45.69962214913003,5149900
2014-09-26,46.08198165893555,46.12659132235597,45.32361738078829,45.40008831117265,3992400
2014-09-29,46.018272399902344,46.050138541514194,45.55305784974898,45.8079675342815,3798600
2014-09-30,45.788822174072266,46.14570426890751,45.68048513728641,46.03736237003401,4720400
2014-10-01,45.82706832885742,46.13296174956771,45.62950709664009,45.62950709664009,6004400
2014-10-02,45.7505989074707,46.05649237073697,45.45107478070948,45.788834374856755,4035000
2014-10-03,46.037376403808594,46.15208767245792,45.6741248634339,45.941782869585964,3338400
2014-10-06,46.15845489501953,46.419738662843194,46.04374364370739,46.15845489501953,2874400
2014-10-07,45.79520797729492,46.292288495198385,45.78883377878392,46.069240168201816,2711000
2014-10-08,46.78937530517578,46.81486724055901,45.87805927910584,45.90992541385726,4952700
2014-10-09,46.78937530517578,47.34381396005957,46.712904361115626,46.74476563377751,4812800
2014-10-10,46.833980560302734,47.41391109588445,46.82123702485755,46.85947249328217,4856500
2014-10-13,46.87859344482422,47.35655628129131,46.840357973775454,47.03154505319806,4322300
2014-10-14,47.6369514465332,47.9619674599277,47.012411348450456,47.076143601260235,4833400
2014-10-15,47.452152252197266,47.83452156854362,47.018799063780826,47.47126998870114,6098400
2014-10-16,47.528621673583984,47.66245067321729,46.83397988071895,46.83397988071895,4380100
2014-10-17,47.58597183227539,47.96197173660965,47.1908590573175,47.90461367638398,3592900
2014-10-20,48.312469482421875,48.325217877540084,47.59871494262307,47.66881652950876,3538000
2014-10-21,48.75220489501953,48.77769682743492,48.1913969681478,48.46542916400206,3590600
2014-10-22,48.76495361328125,49.083595509207804,48.682108470692555,48.784076211192,3685100
2014-10-23,49.14094924926758,49.249286317436244,48.80318964727757,49.05172991523584,4636200
2014-10-24,49.10270309448242,49.35761264361617,48.82229675592971,49.17917401438735,3367300
2014-10-27,49.465965270996094,49.48508300511569,49.038981473272585,49.07722180360082,3241900
2014-10-28,49.682640075683594,49.682640075683594,49.27477886868041,49.32576273507809,2537300
2014-10-29,49.40222930908203,49.631651825518475,48.975250405415345,49.59979055840094,3652200
2014-10-30,49.714500427246094,49.714500427246094,49.15368768625731,49.33850053389329,2619400
2014-10-31,50.33903884887695,50.37727917766498,49.89931639556982,49.95666959561859,5992000
2014-11-03,50.77876281738281,50.77876281738281,50.262564602611725,50.36452746111866,5130100
2014-11-04,50.86162185668945,50.86799605649243,50.345423500715434,50.76603317009416,2749400
2014-11-05,50.75326919555664,51.09740294796308,50.46011930174857,50.96994816355553,2257200
2014-11-06,50.364532470703125,50.92534526558321,50.28168733604539,50.734158201494274,3025000
2014-11-07,50.30080795288086,50.542974034128754,50.05864187163297,50.41551922549077,3680900
2014-11-10,50.71505355834961,50.740545497614185,50.141497080122264,50.18610675831271,2141300
2014-11-11,50.51749801635742,50.75329483492761,50.294449599921194,50.69594161159721,2158300
2014-11-12,50.135108947753906,50.56846207064684,50.052263814733536,50.53660080198774,3648500
2014-11-13,50.40913391113281,50.53021935610186,50.1733420809361,50.2370694712031,4038700
2014-11-14,49.99489974975586,50.498354410181946,49.89293689536321,50.40913508930526,3117900
2014-11-17,50.217952728271484,50.30079785103957,49.93117217329583,49.93117217329583,2501400
2014-11-18,50.43465042114258,50.504752043229765,50.128756853935386,50.22434555488102,2609900
2014-11-19,49.98215866088867,50.45374721745797,49.97578446277476,50.29442629923023,2985900
2014-11-20,50.147850036621094,50.211577426740945,49.74635824089844,49.943919470984646,3400800
2014-11-21,50.460113525390625,50.58756829520796,50.31991036133888,50.5302151074165,2827500
2014-11-24,50.63856506347656,50.80426019617034,50.530227995291376,50.56208926482811,3367400
2014-11-25,50.727783203125,50.842494467352246,50.542970340642825,50.74690093681472,4664900
2014-11-26,51.21849822998047,51.26310789929649,50.75965313867884,50.75965313867884,2303900
2014-11-28,51.345947265625,51.9003858322894,51.23761020405145,51.345947265625,2225200
2014-12-01,51.21849822998047,51.6582207240701,51.154765963452455,51.30134336954186,5767100
2014-12-02,51.53714370727539,51.59449691664194,50.893485694765126,51.212127601262736,3641400
2014-12-03,51.486141204833984,51.607226641356434,51.333194506444705,51.54986859065553,3620900
2014-12-04,51.619991302490234,51.69009291421389,51.218504231600996,51.47341387922535,3367000
2014-12-05,51.35869216918945,51.50526956270497,50.95720517978609,51.50526956270497,4100400
2014-12-08,51.683719635009766,52.499442190953395,51.26311481926569,51.269484157106845,2651600
2014-12-09,51.91950225830078,52.02783931714718,51.122897657215006,51.173881518585766,3905800
2014-12-10,51.868526458740234,52.04059580208875,51.65185230737026,51.78568131770278,3634400
2014-12-11,51.9641227722168,52.17442759771891,51.79842761920698,51.862155028183174,2845100
2014-12-12,51.51165008544922,52.12344194245136,51.49253234961938,51.84940971734826,3903500
2014-12-15,50.842498779296875,51.80479864069967,50.74690524065207,51.7984244415662,5900900
2014-12-16,50.77239227294922,51.23123732447064,50.45375041629144,50.84249387038104,7097800
2014-12-17,51.938629150390625,51.96412108557161,50.84250024805542,50.84887444737304,7227900
2014-12-18,52.301876068115234,52.35923413269536,51.89401486565963,52.301876068115234,6041800
2014-12-19,52.27638244628906,52.537671103655455,52.129809914376764,52.4102114432003,5490300
2014-12-22,53.1503791809082,53.189135780768396,52.394595913492076,52.42043528951789,3600200
2014-12-23,53.001800537109375,53.37645910926909,52.85968645564771,53.33770251554546,4804100
2014-12-24,52.78218078613281,53.23436250907892,52.72404588183888,53.13746607356494,1306900
2014-12-26,52.96950912475586,53.13100153062402,52.78863841872066,53.04702725378114,2907700
2014-12-29,53.260196685791016,53.466906780594655,52.84032034797801,52.90491632853713,2789100
2014-12-30,53.22145080566406,53.53797462402407,53.09225881851747,53.253751266629905,3292600
2014-12-31,52.32355499267578,53.67362953983765,52.27187622469177,53.46691939626019,4494500
2015-01-02,53.11162185668945,53.15683953202866,52.54316544858849,52.775714901292154,5570500
2015-01-05,53.40232467651367,53.53797774944421,52.80803361557264,52.96952607311262,6073700
2015-01-06,53.9320068359375,54.09996033153371,53.45399065593331,53.45399065593331,7577100
2015-01-07,54.75885772705078,54.83637587718838,53.8545039505711,54.13872731102538,6920700
2015-01-08,54.96554946899414,55.13996401633832,54.526294883639736,55.1335029405664,5255000
2015-01-09,54.991397857666016,55.243325642140874,54.62319533202141,54.96555847869967,4643900
2015-01-12,55.411277770996094,55.46941760432205,55.023696952800485,55.127049537752484,5131800
2015-01-13,55.327308654785156,55.766568270658496,55.036619317722504,55.605075837298564,5859600
2015-01-14,55.80531692504883,55.831156302107125,55.00431594967049,55.29500031695119,6249100
2015-01-15,55.934513092041016,56.076627212379634,55.579232719552074,55.921595866718235,5004100
2015-01-16,56.41899490356445,56.490051969456744,55.73426855408387,55.93451759703959,4717000
2015-01-20,55.97328186035156,56.74844361722079,55.84408494863452,56.67093039854882,5012700
2015-01-21,55.934513092041016,55.99911400372775,55.66966808188436,55.99911400372775,4354500
2015-01-22,56.9293212890625,56.98746113849576,56.01204528192371,56.15415943791738,4450600
2015-01-23,56.76780319213867,57.07140967405515,56.638611251404974,56.91637835950339,3491800
2015-01-26,57.24583435058594,57.291052030684156,56.61278190085328,56.84533137803201,2885100
2015-01-27,57.265201568603516,57.4912899253352,57.039113211871815,57.103709181172796,3209400
2015-01-28,56.88409423828125,57.66571703929914,56.88409423828125,57.381493702429566,3948900
2015-01-29,57.08433532714844,57.14247022553806,56.49650062552743,57.14247022553806,3337500
2015-01-30,55.90865707397461,57.006803152019664,55.90219599962684,56.98096378298434,4969800
2015-02-02,55.760108947753906,55.99911953085542,54.707180023327886,55.89576200464133,7523600
2015-02-03,56.24459457397461,56.263972880913634,55.333779649328726,55.766578265496335,4617400
2015-02-04,56.012027740478516,56.25749443318391,55.68904291559164,56.115385250053826,3332800
2015-02-05,56.68384552001953,56.70968490140314,55.986197007736436,56.147689445115404,2921600
2015-02-06,55.03660202026367,56.62569140204537,54.79759644815714,56.548173284186916,6323300
2015-02-09,54.6490364074707,55.301467193641066,54.636119181765345,54.98494341610323,4235700
2015-02-10,54.823455810546875,54.946186714794166,54.164563889395346,54.7459376644237,6144500
2015-02-11,54.66194152832031,55.11411821247154,54.28727803096288,54.933247538811045,4027100
2015-02-12,55.31436538696289,55.37250520352686,54.59733886226232,54.79113167966747,4523100
2015-02-13,54.946170806884766,55.51462719049329,54.623186017418746,55.4887878159332,3444500
2015-02-17,54.81052017211914,55.46295085517481,54.681328222052876,54.90741659884733,6414800
2015-02-18,55.32084655761719,55.391903621254194,54.403570735849534,54.80406880904952,5487900
2015-02-19,54.13225173950195,55.35313382807137,54.00951594457637,55.35313382807137,5415600
2015-02-20,54.65550231933594,54.739476614743566,54.06121131716304,54.145185612570664,4982700
2015-02-23,55.09475326538086,55.12059264335848,54.61673709368834,54.66195477305983,3883800
2015-02-24,54.0095100402832,55.00430365709992,53.77696062708677,55.00430365709992,6027700
2015-02-25,54.022438049316406,54.60381169840015,53.95784207238646,54.067655726003075,6699700
2015-02-26,53.43460464477539,54.04181762930681,53.311868847044956,54.015978254607944,4738700
2015-02-27,53.854488372802734,53.99014140003615,53.247275359928096,53.60256061817539,4328200
2015-03-02,54.164546966552734,54.7588377827459,53.912619230810925,53.99013735271481,5353500
2015-03-03,54.06120300292969,54.21623434305419,53.59610405419873,54.09349852926201,4311400
2015-03-04,53.54441833496094,54.13225302104028,53.42168253712968,54.061195972649216,3054200
2015-03-05,53.699462890625,54.22915788205274,53.64778905680519,53.68008458689782,3503900
2015-03-06,51.91658020019531,53.027643808200374,51.81968377139962,53.00826550811266,7166500
2015-03-09,52.32999801635742,52.44627274002613,52.09744856901998,52.09744856901998,6548000
2015-03-10,52.29125213623047,52.53672380873531,52.09746415770166,52.17497737776984,5985700
2015-03-11,52.33646774291992,52.51088233785451,52.136218694562125,52.35585097552455,2833100
2015-03-12,53.247276306152344,53.31833335906451,52.5108713290236,52.53024962920744,4013200
2015-03-13,53.214969635009766,53.363544799652225,52.859689340323406,53.2408090083544,2863500
2015-03-16,53.76405715942383,54.080580913997316,53.37001527116896,53.51212445704871,2761500
2015-03-17,53.74467468261719,53.990146311868195,53.42815092360968,53.66070039955407,3764800
2015-03-18,54.868656158447266,55.023687473345284,53.441064018217915,53.75112664801395,5781800
2015-03-19,54.842830657958984,55.172276597768054,54.61674223979899,54.79115189713444,5663200
2015-03-20,56.218753814697266,56.2704325841776,54.978492917321695,55.16582476041884,6004800
2015-03-23,56.147682189941406,56.593402836587764,56.03140745291877,56.2187392474751,3644100
2015-03-24,55.66965866088867,56.12829647177485,55.65674143775188,56.10891817289127,5828800
2015-03-25,54.70922088623047,55.93739989899485,54.55325802652441,55.81393054118063,5391800
2015-03-26,54.42328643798828,54.6832195438813,54.176352714186315,54.572749585165546,5638200
2015-03-27,54.494773864746094,54.72871318873243,54.27382896639805,54.468780055657376,2330600
2015-03-30,55.27456283569336,55.32655044872564,54.5922440064384,54.72870777228939,4149800
2015-03-31,54.78718185424805,55.41751793319967,54.631223996488245,55.027620809894714,2982800
2015-04-01,54.70922088623047,55.0081422639486,54.280330458757284,54.826190552103846,6666100
2015-04-02,55.12510681152344,55.32655262267438,54.67672230767204,54.806686387547764,3905900
2015-04-06,55.69696044921875,55.88541185156266,55.22258705522571,55.307063218561005,4398100
2015-04-07,54.7157096862793,55.76193687373251,54.7157096862793,55.68396041014857,3039000
2015-04-08,54.80017852783203,54.95613637788896,54.64421571996443,54.89115435351613,2630300
2015-04-09,53.66300964355469,54.7092372575499,53.53304055490739,54.7092372575499,5098700
2015-04-10,53.623985290527344,54.254321370347675,53.4680274325526,53.9424056543982,3651600
2015-04-13,53.48103332519531,53.81894288492321,53.46803394339144,53.60449770546298,2348700
2015-04-14,53.66948318481445,53.93591599296311,53.54601879662454,53.59800641155284,3662600
2015-04-15,53.2666015625,53.890438185306515,53.23410805761739,53.88393849276744,3514000
2015-04-16,53.40306091308594,53.63050055489133,52.91568812729766,53.16912157928258,3395400
2015-04-17,53.156131744384766,53.468047577855636,52.792223328251715,53.19511998411543,5055300
2015-04-20,53.23408508300781,53.5395060489657,53.065132812409914,53.37054882055717,3191200
2015-04-21,53.325069427490234,53.662983938294005,53.17561124440548,53.377057038046416,3830400
2015-04-22,53.43552780151367,53.71495492450847,53.29256439563589,53.33805230134156,3852800
2015-04-23,53.57849884033203,53.69546847646402,53.318570722537416,53.429040668381234,2266200
2015-04-24,53.68898010253906,54.00089586395816,53.448541111510956,53.63699248969866,2291700
2015-04-27,53.61750030517578,54.13736157886575,53.494030959686455,53.734469959373094,2973300
2015-04-28,53.51353454589844,53.688991537150464,53.16912521364932,53.56552216981109,3423400
2015-04-29,52.43479919433594,53.26008134753731,52.2983354504748,53.000148282073354,3149400
2015-04-30,51.583526611328125,52.29184420515981,51.26511115756391,52.22686216775246,8753800
2015-05-01,51.97343444824219,52.33083817206378,51.538044338484966,51.64201957598287,5902600
2015-05-04,52.02542495727539,52.506303066525916,51.94744847520132,52.14239463819944,4563700
2015-05-05,50.89470672607422,51.999416205812956,50.810230575490934,51.999416205812956,6407200
2015-05-06,50.79722595214844,51.03766491289169,50.50480434292398,50.91419558740043,6480100
2015-05-07,51.5770378112793,51.77848363775916,50.8232322087664,50.868720135965475,6360600
2015-05-08,52.29834747314453,53.006660157609,52.06440815622864,52.08390227300296,5136500
2015-05-11,51.512062072753906,52.447819588685675,51.35610413936971,52.09691052021126,3080600
2015-05-12,51.668006896972656,51.83046446680282,50.76474320534187,51.12864657526173,4739300
2015-05-13,51.174129486083984,52.21385683963586,51.070154271823256,51.98641725570437,6222300
2015-05-14,52.16188049316406,52.18787430234077,51.33009843075822,51.46006747664174,4905400
2015-05-15,52.694732666015625,52.85069549585664,52.25285285490015,52.37631723126009,4390600
2015-05-18,52.55828857421875,52.675258261460876,52.27236652814828,52.51930033107578,3450200
2015-05-19,52.37632369995117,52.68824444034534,52.25285930834287,52.29834723321161,2784700
2015-05-20,52.33082580566406,52.68823440283793,52.26584377649,52.44779544130178,3427400
2015-05-21,52.083900451660156,52.44780383955407,51.8434614516235,52.38282179997471,2667800
2015-05-22,52.0189208984375,52.37632461211281,51.726494269635445,51.89545154686694,4067500
2015-05-26,51.622520446777344,52.01891732508366,51.47305729683737,51.98642382706706,3041700
2015-05-27,52.12939453125,52.21387069689802,51.5705400008095,51.817473763496906,2978600
2015-05-28,52.02542495727539,52.239870198604976,51.7589970471674,52.096906704385255,2772000
2015-05-29,51.42757797241211,52.1163966167837,51.35609623107401,51.94094458847091,4786500
2015-06-01,52.05789566040039,52.15537117810867,51.349578192343586,51.59001714164925,4464400
2015-06-02,51.5770378112793,51.85646506630567,51.35609290930364,51.83047125679017,3313200
2015-06-03,50.83622360229492,51.5380365176578,50.77773630062467,51.43406625374945,3886000
2015-06-04,50.73875427246094,50.972693592110126,50.57629668702746,50.78424219806983,3710100
2015-06-05,50.173397064208984,50.55679952076996,49.71201814434269,50.069426793864636,6141000
2015-06-08,50.082427978515625,50.30337288926424,49.97195800204753,50.16690414443609,3347100
2015-06-09,49.71851348876953,50.173392677653986,49.64703176511464,49.91995927844531,4604500
2015-06-10,50.06941223144531,50.51129690696549,49.63402228743712,49.69250957571715,4332000
2015-06-11,50.37484359741211,50.56329498280188,50.27737301687587,50.43983059485204,9411000
2015-06-12,50.32935333251953,50.53080409115033,50.17989514410903,50.192889568305404,3125500
2015-06-15,50.056419372558594,50.283858950359416,49.93944973857375,50.283858950359416,3565200
2015-06-16,50.459312438964844,50.537288884429515,49.99793362465993,50.101903871216365,5474800
2015-06-17,50.88821029663086,50.92720348677816,50.11491559437727,50.49831309984081,3922300
2015-06-18,51.590023040771484,51.80446821268854,50.88820518239458,50.92069867794977,5616900
2015-06-19,51.19361877441406,51.73297899248309,51.03116123580127,51.622509056100945,5986300
2015-06-22,50.667274475097656,51.421075122262216,50.61528685589672,51.19363548552344,3898700
2015-06-23,50.244873046875,50.56978816097994,50.153897211550515,50.459318212058946,2933200
2015-06-24,49.97195816040039,50.465830646745445,49.95246404188101,50.26437985381608,3900200
2015-06-25,49.4650764465332,50.03692523584521,49.445577376035956,50.03692523584521,4820600
2015-06-26,49.820865631103516,49.945578487619265,49.28917710910129,49.42702580558174,3789500
2015-06-29,49.04627990722656,50.135902882806214,49.01345785646822,49.63704176528388,5112000
2015-06-30,49.02659606933594,49.48607480155529,48.901878267186724,49.315409126184136,5855900
2015-07-01,49.83396911621094,49.83396911621094,48.80998502728448,48.82311084547513,6318900
2015-07-02,49.95870590209961,50.63479847445225,49.87337553158972,50.18844536727603,4303700
2015-07-06,50.27377700805664,50.3394211494326,49.65019772854394,49.709276454193336,5116700
2015-07-07,51.061439514160156,51.15333526274506,50.4181642661231,50.54288207117806,5921000
2015-07-08,50.86450958251953,51.041740648237905,50.70697475250249,50.785744671481986,4941800
2015-07-09,50.621673583984375,51.15992248714846,50.49695572575721,50.989256735039405,3312900
2015-07-10,51.04176712036133,51.38309359707961,50.71356646630952,50.83171890208596,4774100
2015-07-13,51.113956451416016,51.68502221441059,50.84482959138261,51.08113439260212,2887800
2015-07-14,51.21898651123047,51.39621764548009,50.91704255030048,51.19929527585693,2422900
2015-07-15,51.3043327331543,51.48812431279681,50.98925787666359,51.0877190823135,2238100
2015-07-16,51.71784591674805,51.783485028518704,51.38964534995153,51.38964534995153,2494800
2015-07-17,51.5340690612793,51.74411728346689,51.37652913868012,51.685038560506044,1803100
2015-07-20,51.59314727783203,51.68504307006053,51.25182076497546,51.409355693375026,2164800
2015-07-21,51.44873046875,51.84913564975914,51.44217006167691,51.645652855718026,3540700
2015-07-22,51.67190933227539,51.855700888584096,51.442169886889516,51.49467818301749,2883500
2015-07-23,51.02862548828125,51.665335423637494,50.72011613750505,51.63907877591787,3188900
2015-07-24,51.24524688720703,51.41591261942702,50.89078960087824,51.04832450326518,2800300
2015-07-27,51.337135314941406,51.63251884856768,51.15990920112047,51.15990920112047,3003000
2015-07-28,51.36994552612305,51.534045782077236,51.186154040725135,51.343688884217286,2674000
2015-07-29,51.70473098754883,51.790066366238094,51.100842960869045,51.310891187885694,7988100
2015-07-30,51.44873046875,51.71129198205926,51.27806974185167,51.62596161861009,2932500
2015-07-31,51.85567855834961,52.26920938196841,51.757217407599754,51.80316527689073,5490400
2015-08-03,52.17733383178711,52.229847133564384,51.8556986223035,52.03292475587167,3766400
2015-08-04,51.796630859375,52.42021011374096,51.67847842078575,52.32831432905429,4087300
2015-08-05,51.455299377441406,51.95416578580622,51.25181656958437,51.855704585636964,3783100
2015-08-06,51.527488708496094,51.5603107681756,50.66760483067957,51.50123206234113,3473300
2015-08-07,51.71784591674805,51.79005044207874,51.06801019671504,51.442158642545344,3942600
2015-08-10,51.55375289916992,51.9672838687557,51.31744805713693,51.921335983246166,2605100
2015-08-11,51.89507293701172,52.11168651683429,51.36338961194116,51.42246331119642,4539900
2015-08-12,52.05917739868164,52.072308227087056,51.43559826390474,51.711285565093874,3229200
2015-08-13,52.11824035644531,52.33485388816382,51.50778722665638,51.94100928215119,2381900
2015-08-14,52.400508880615234,52.42020011530016,51.77036433097897,51.967281685771965,2558200
2015-08-17,52.846866607666016,52.886249080547145,52.177334521021905,52.45302685502227,2912600
2015-08-18,52.99126052856445,53.056899633906504,52.669620398885776,52.820594848320944,2904800
2015-08-19,52.67619323730469,52.91906347004348,52.361118476128496,52.846858941606094,2401000
2015-08-20,52.2889289855957,52.68276875665394,52.131389070816894,52.420207239966985,3999800
2015-08-21,51.31745147705078,52.223283426581375,51.317451477050774,52.02636605039346,4126300
2015-08-24,48.91501235961914,50.58883732489986,47.42498392626147,49.571413521228294,10864500
2015-08-25,47.569393157958984,49.88648846568636,47.5628277440946,49.57141370346059,9163900
2015-08-26,48.85593795776367,48.987216185024174,47.825388349144276,48.04200193127314,5067500
2015-08-27,49.8011589050293,50.194998608084084,48.88876167324069,49.30885802422493,5627400
2015-08-28,49.72895050048828,49.873359548876635,49.37449329297409,49.76833296534214,3881100
2015-08-31,48.59337615966797,49.72238693490641,48.59337615966796,49.61079994171137,6197200
2015-09-01,47.66787338256836,48.35053146689962,47.32654183643,48.10766113629907,7218400
2015-09-02,48.16016387939453,48.33082460705199,47.73350204436219,47.97636731369947,5018500
2015-09-03,48.29144287109375,48.64590016986634,48.17985585331658,48.32426493888442,3712600
2015-09-04,47.39215850830078,47.99605134024556,47.04426671855944,47.99605134024556,4262900
2015-09-08,48.10765075683594,48.23892901059879,47.66129768292013,47.81226717395297,3004500
2015-09-09,47.55625534057617,48.66557474727165,47.48405082251063,48.48834866252885,3338100
2015-09-10,47.66128921508789,48.16015550505458,47.42498439394281,47.477497689295824,4609500
2015-09-11,48.57367706298828,48.58680288032141,47.58251008826286,47.654714603451346,3892500
2015-09-14,48.599952697753906,48.73779636936038,48.45554361094395,48.6459005882894,3040500
2015-09-15,49.079124450683594,49.18415106560667,48.29144487053906,48.61964553025672,2737200
2015-09-16,49.60422134399414,49.72237371948684,49.02659029044206,49.046281518367174,3318500
2015-09-17,50.16874313354492,51.02862708958633,49.40731534961233,49.65675100680443,6337800
2015-09-18,50.08342742919922,50.68075008244232,49.584560976859564,49.81430045887615,5798800
2015-09-21,50.51008224487305,50.76607837259015,50.083425370641145,50.10967701783965,3176300
2015-09-22,49.87335968017578,50.43129963482799,49.76176768289081,50.15561236423887,2963500
2015-09-23,50.186275482177734,50.438204550899364,49.78186782154954,50.053684962432534,3708700
2015-09-24,49.715579986572266,50.325509619302295,49.41061769920968,50.1133566632189,3707600
2015-09-25,49.914459228515625,50.33212388301721,49.62275403984574,49.93434729901517,3330000
2015-09-28,49.138797760009766,49.821648540277174,48.77416624724364,49.80176046830885,4094600
2015-09-29,49.66254425048828,49.8746921376521,49.09239585535965,49.43713427524913,3784900
2015-09-30,50.08020782470703,50.17965325095794,49.66254310405859,50.02053854575469,6237100
2015-10-01,50.32550811767578,50.40506041582849,49.79513585930242,50.159767419184696,4105200
2015-10-02,50.69013214111328,50.703394228826774,49.74872623363408,50.45809618617185,4602000
2015-10-05,51.545345306396484,51.631528628792786,50.882382665799746,50.90227073573708,5176500
2015-10-06,51.42601776123047,51.85031349551849,51.28016515419319,51.57187036826775,3570700
2015-10-07,52.016056060791016,52.016056060791016,51.45253874244555,51.63153645702425,4211900
2015-10-08,52.4536247253418,52.50003192447902,51.79728783439423,51.9696595989062,3953200
2015-10-09,52.367435455322266,52.49340001863135,52.10888034179697,52.446992820255154,3102700
2015-10-12,52.738685607910156,52.93757138612359,52.367423050837765,52.48013055562985,3216500
2015-10-13,52.32765197753906,52.77183582239659,52.17516831392887,52.57295002491039,2362700
2015-10-14,51.93650817871094,52.49339961292657,51.82380570609767,52.43373032518675,3349200
2015-10-15,52.645870208740234,52.645870208740234,51.94312631031564,51.98953349679617,2533600
2015-10-16,53.04365921020508,53.136473604854196,52.65913954208438,52.679027618365595,2875000
2015-10-19,53.78616714477539,53.78616714477539,52.950837705104774,53.02376401367983,3146100
2015-10-20,53.76628494262695,53.912137575704676,53.540880006419584,53.68673263949731,2781500
2015-10-21,53.56739807128906,54.02483897928606,53.52761686250307,53.86572931815689,3460600
2015-10-22,54.03810501098633,54.21047171561723,53.574027966658896,53.6734734088723,3504200
2015-10-23,53.51433563232422,54.1507790470453,53.18948541249841,54.057964698523634,3421300
2015-10-26,53.50107955932617,53.66019422438225,53.070157917641474,53.53422971238032,3280000
2015-10-27,53.4812126159668,53.620434209381486,53.216026460793735,53.49447470562832,7135300
2015-10-28,53.527610778808594,53.872354239745654,52.539797701977925,53.4812035888368,4576600
2015-10-29,53.454689025878906,53.52761533890504,53.09668850502461,53.36850568230473,3283100
2015-10-30,52.96409606933594,53.57402061278194,52.91768887707384,53.461318154146085,7057100
2015-11-02,54.09113693237305,54.097767977167045,52.891175782924044,53.08343561790847,6869600
2015-11-03,53.547489166259766,54.02482306706047,53.33534132790428,53.97178990097418,5285300
2015-11-04,53.30885696411133,53.67348357729847,53.149742203223525,53.58066916245038,3165100
2015-11-05,53.52097702026367,53.580641230989094,53.02375503220401,53.328717244586834,2804100
2015-11-06,51.85694885253906,52.877912128722535,51.52546746642771,52.65913319996796,7070200
2015-11-09,50.96857452392578,51.63816831930665,50.637093148114076,51.52546586545172,5919100
2015-11-10,51.551998138427734,51.671331666493764,50.9486994526479,50.96196154354728,4688800
2015-11-11,51.61164855957031,51.83042747880267,51.419388757033175,51.5519843405093,2228400
2015-11-12,51.26028823852539,51.71773423142984,51.167473842574516,51.47243615184241,3212200
2015-11-13,50.67687225341797,51.545351803507366,50.63709105052547,51.28679674572496,4250100
2015-11-16,51.26028823852539,51.26028823852538,50.46473482808787,50.564175210888635,3117900
2015-11-17,51.26028823852539,51.69784615486968,51.06802840176852,51.12106664459908,3845600
2015-11-18,51.71110534667969,51.74425551433487,50.99510421257359,51.3199596699769,3429200
2015-11-19,51.87021255493164,52.12876766471808,51.63817656640601,51.77739815952138,3628100
2015-11-20,52.51991271972656,52.579576942628336,52.04257870449377,52.195062370806056,3964600
2015-11-23,52.632606506347656,52.83149733258856,52.446977766124846,52.5464231792453,2370000
2015-11-24,52.35416793823242,52.46023934556081,51.92324114932603,52.34753689464807,3498900
2015-11-25,52.56631088256836,52.692275408840075,52.327643915950276,52.38068214364402,1959700
2015-11-27,53.02375030517578,53.18949095308668,52.53315434559724,52.546416429911886,1348700
2015-11-30,52.632606506347656,53.341976368201294,52.493384951180545,53.21601184104846,7609800
2015-12-01,53.361873626708984,53.381761701156506,52.65250364272085,52.70554187991736,3847300
2015-12-02,52.27460479736328,53.2823108743555,52.19505251518222,53.209384577020394,5713500
2015-12-03,51.452545166015625,52.274617651386215,51.313323579961285,52.195065349643706,4737300
2015-12-04,52.4337158203125,52.56631139082893,51.47905300261334,51.49894107368984,3434100
2015-12-07,52.28788375854492,52.500031676169584,52.05584270595095,52.347547989436855,4195100
2015-12-08,52.241455078125,52.433709781725895,51.94974991458723,52.0027881366856,3638600
2015-12-09,51.94976806640625,52.48014035670133,51.68458192125871,52.06247053424232,4218800
2015-12-10,51.57849884033203,52.21494241003539,51.532091654770454,52.03593965286652,3465000
2015-12-11,51.48569107055664,51.71772702811554,51.160835671969664,51.45917195283498,3420800
2015-12-14,51.72434997558594,51.75086909174978,51.094537405208385,51.55860929306508,4775000
2015-12-15,52.28788375854492,52.54643887508731,51.95640232113106,51.95640232113106,3449100
2015-12-16,53.30885696411133,53.41492841336361,52.38070775762417,52.50666728748586,4699300
2015-12-17,53.04365921020508,53.42817382032062,52.891175528707166,53.3751406362391,3726800
2015-12-18,52.42709732055664,53.070172019865645,52.42709732055664,52.98398362222348,5724400
2015-12-21,52.632606506347656,52.95083081673234,52.34753235300439,52.70553280543573,4455300
2015-12-22,52.84476089477539,53.17624227416151,52.74531546935866,52.751946513187626,6484300
2015-12-23,53.38793182373047,53.40137915134254,52.910654266557735,52.971156983506475,4029000
2015-12-24,53.38793182373047,53.5694348459239,53.09215728875117,53.287097381251094,1426000
2015-12-28,53.68368911743164,53.690412778435935,53.11230101968233,53.21313542014413,6628800
2015-12-29,54.255088806152344,54.31559151081539,53.690424248773276,53.77781134589573,3499800
2015-12-30,54.066864013671875,54.389533118818754,54.0265322987728,54.214753806503715,3114300
2015-12-31,53.5963134765625,54.208033413578804,53.589589814123364,54.03997775316254,3292400
2016-01-04,52.95098114013672,53.17281586753385,52.46026142896985,53.152650006616355,8843700
2016-01-05,53.97274398803711,54.14079960944886,52.92407855159594,52.97113392044521,7114700
2016-01-06,53.824851989746094,53.90552053099449,53.46185124710384,53.488740760853304,5481200
2016-01-07,52.776206970214844,53.3946506392422,52.72242792195533,53.172815911660976,6297500
2016-01-08,52.070350646972656,53.17279506072341,51.982963574307774,53.132463354670435,4628600
2016-01-11,52.36613464355469,52.67535638324111,52.097244613368446,52.117410468118536,4956800
2016-01-12,52.01658630371094,52.70897993453011,51.74770134925304,52.641753567263876,5951900
2016-01-13,51.27041244506836,52.567802192291666,51.156135840632125,52.18463553786049,7679400
2016-01-14,51.1494255065918,51.61326083547458,50.76625875232198,51.20320455633378,5167500
2016-01-15,50.799842834472656,50.92756672226651,50.11417829340198,50.5107870185415,5571400
2016-01-19,51.06875228881836,51.465361165307826,50.79986222021201,51.03513910699826,4978100
2016-01-20,49.697425842285156,50.618372814027836,48.62187051715099,50.483925192978354,9091600
2016-01-21,49.9730224609375,50.67885819774668,49.52935823990259,49.93269074865736,6849300
2016-01-22,51.364524841308594,51.559464857477806,50.376356923512745,50.457020342989445,4542700
2016-01-25,51.041847229003906,51.808180357592434,50.90740479995852,51.256958192666474,4670100
2016-01-26,52.1107063293457,52.13087732030325,51.176317099100324,51.27715153927736,5214000
2016-01-27,51.10235595703125,52.043468552073385,50.779692005311745,52.043468552073385,4883200
2016-01-28,50.71247100830078,51.58635724947271,50.51752585261254,51.39813575533264,5584400
2016-01-29,51.75441360473633,51.80819264056468,50.63852681887924,51.02169347401677,11112200
2016-02-01,51.841819763183594,52.27876044301527,51.27042632896829,51.43848201464279,6925300
2016-02-02,51.37125015258789,51.76114049367635,51.08219422780182,51.59308484272285,6406000
2016-02-03,51.71409225463867,51.91576111507975,51.075482744328866,51.63342368473181,5729100
2016-02-04,51.740970611572266,52.02330285233711,51.20991418042828,51.680467915036346,4286700
2016-02-05,50.75952911376953,51.63341540197498,50.71247373770194,51.63341540197498,4033800
2016-02-08,49.307518005371094,50.497354669985924,48.52774259352257,50.43012831889768,5440900
2016-02-09,48.400020599365234,48.93780065748514,48.02357763587174,48.810076739735244,8405600
2016-02-10,48.73612976074219,49.39491004721775,48.52101877246148,48.71596390694251,3877700
2016-02-11,48.043758392333984,48.366422424366476,47.65386798569676,48.050482055524924,4930700
2016-02-12,48.594970703125,48.72941316705442,48.09752743220464,48.48741262906046,5067000
2016-02-16,49.4890251159668,49.54279902125607,48.74285768816162,48.97141088943119,3888900
2016-02-17,49.91251754760742,50.47718195104031,49.5360746119855,49.5360746119855,3060900
2016-02-18,50.41669845581055,50.55114093356533,49.71086262596849,50.02008955637769,3539700
2016-02-19,50.705753326416016,50.92086436346545,50.07386241129821,50.24191806926344,2885500
2016-02-22,51.189762115478516,51.56620520458234,51.08892767985358,51.10909354124808,2966500
2016-02-23,51.05531311035156,51.66031457907914,50.97464966695609,51.1427053455664,2608300
2016-02-24,50.994815826416016,51.10236879445722,50.47048292666587,50.83348381002805,2997500
2016-02-25,52.036746978759766,52.06363136595636,51.2233532281672,51.2233532281672,3399900
2016-02-26,51.767852783203125,52.21824059793945,51.747686930103036,51.98296376402124,3180500
2016-02-29,51.566200256347656,52.28547830609418,51.485531689858085,51.71409006391923,5057700
2016-03-01,53.01820755004883,53.02492608459092,51.51914863413755,51.613259404250115,5309500
2016-03-02,53.4013786315918,53.42826815790144,52.70898999723999,52.80981931008521,3621700
2016-03-03,53.68368911743164,53.68368911743164,53.14590906740249,53.421522753421364,2907800
2016-03-04,53.69042205810547,53.73747743596711,53.30053171087955,53.59631130238218,2740000
2016-03-07,53.83157730102539,53.95257755228313,53.32068678142041,53.41479751810416,3504600
2016-03-08,53.28036117553711,53.80469394815028,53.2131399457292,53.75763857441964,2829000
2016-03-09,53.57612991333008,53.85846725433174,53.3274108766329,53.44841112887631,3566700
2016-03-10,53.38119125366211,54.053413754504696,52.7896321705842,53.945855692617556,2472500
2016-03-11,54.577762603759766,54.63153652193443,53.79798181072693,53.91898210176126,2520900
2016-03-14,54.584476470947266,54.63825551317581,54.28197833355225,54.49708937381469,2593900
2016-03-15,54.61135482788086,54.72563655141688,54.241635527607635,54.35591212249296,1898100
2016-03-16,55.27013397216797,55.35752104959136,54.26180023673406,54.456745374356025,3439600
2016-03-17,56.0499153137207,56.17091557989825,55.10880783084107,55.357526896180204,5526400
2016-03-18,55.80791091918945,56.2986356115743,55.80791091918945,56.15746949891172,3281800
2016-03-21,55.30422592163086,55.88880885785041,55.20906174001921,55.712073155117785,4343000
2016-03-22,55.30422592163086,55.47416270108866,54.97794502320595,55.19546389346957,4791300
2016-03-23,55.00514221191406,55.365407398357846,54.971157963529684,55.304232639630214,2837500
2016-03-24,55.025516510009766,55.073098591646016,54.536103035775994,54.90996076690143,2839400
2016-03-28,55.52174377441406,55.64409846082379,54.99834078514176,55.01193344538335,3885100
2016-03-29,56.72490310668945,56.75209361765945,55.419789696487726,55.58972650050544,5022700
2016-03-30,56.616127014160156,56.98998474434924,56.56854493264307,56.867635265640686,3503100
2016-03-31,56.962806701660156,57.037579294456485,56.4937795624938,56.609335320066826,7533800
2016-04-01,56.888031005859375,56.983195175853254,56.53455964354644,56.84724265724893,5267300
2016-04-04,56.80646514892578,57.05797344383392,56.60933786687219,57.00359243097938,6908900
2016-04-05,56.43260192871094,56.7045018057713,56.28985566011748,56.554956614085164,3251300
2016-04-06,56.56856155395508,56.595752063676684,56.1403175084142,56.453005777182874,2940500
2016-04-07,56.215087890625,56.568559316968425,55.96358476124986,56.43260677373663,2339400
2016-04-08,56.52778625488281,56.75889784061356,56.38503476244892,56.50738948020642,3370300
2016-04-11,56.41221618652344,56.799671865983264,56.398623524989475,56.63653399727895,2848100
2016-04-12,56.820064544677734,56.95601709293019,56.39182568631625,56.534571972436744,2504600
2016-04-13,56.56856155395508,57.01039826132704,56.37823317196334,56.983207751605434,2827000
2016-04-14,56.2558708190918,56.57535278228904,56.106325628994476,56.53456443022511,2044200
2016-04-15,56.67732238769531,56.81327494585238,56.07914668998369,56.36463928302379,2429100
2016-04-18,56.949222564697266,56.95602148914953,56.51418474882938,56.588957359624786,2347400
2016-04-19,56.97639846801758,57.10555206919717,56.74528695649464,57.10555206919717,3137200
2016-04-20,56.01115798950195,57.09875223291726,55.96357590341686,56.98319647900467,4085800
2016-04-21,55.01192855834961,56.0995227931193,54.84199179710252,55.98396704012529,5046100
2016-04-22,55.61012268066406,55.705286883889855,54.930375408445464,55.01194694809334,3124400
2016-04-25,56.07233810424805,56.07913702749939,55.41978149570967,55.43337934221236,2385600
2016-04-26,56.28984451293945,56.6093264162634,56.08592353507112,56.276251855504675,3190800
2016-04-27,56.2558708190918,56.36462765712519,55.64409739872036,56.27626240209439,3244500
2016-04-28,56.140296936035156,56.48017040392075,55.69846557662992,55.9159843886344,2870600
2016-04-29,55.62369918823242,55.990763196720124,55.07989950468217,55.868408527224226,4117300
2016-05-02,56.48697280883789,56.62971905182587,55.58970700572924,55.58970700572924,4008000
2016-05-03,56.57533645629883,56.61611961053518,56.14029367152965,56.46657446359222,3305700
2016-05-04,57.38425064086914,57.493012669406106,56.22188368768988,56.22188368768988,4138600
2016-05-05,57.54738998413086,57.65614681961723,57.18711967730705,57.4590195451109,3324300
2016-05-06,58.179569244384766,58.2271565342699,57.275509271714085,57.54061030531787,3499300
2016-05-09,58.818519592285156,58.91368377764413,58.199952387451845,58.363090250058775,4568700
2016-05-10,58.81171798706055,59.015644195564995,58.60779696461501,58.947670521416484,4034800
2016-05-11,57.55418014526367,58.77772688133636,57.3298623793073,58.77772688133636,4063900
2016-05-12,57.88728713989258,58.077615569190066,57.15315875312163,57.62218090073023,3471000
2016-05-13,57.37063980102539,57.730904830792014,56.96958643045271,57.730904830792014,3991500
2016-05-16,57.914451599121094,58.0843883763322,57.3162760103192,57.36385810049595,3374900
2016-05-17,56.840476989746094,57.7717275682776,56.52779382163485,57.7717275682776,4308300
2016-05-18,55.949981689453125,56.66371821311052,55.31102294713513,56.6025382778542,4708500
2016-05-19,55.324607849121094,55.72566127539287,55.03231643202743,55.596507686008366,4316000
2016-05-20,55.76646041870117,55.8684235350142,55.43338574573417,55.535343675987676,3296100
2016-05-23,55.77324676513672,55.98396668821987,55.63729424535859,55.861612013448735,2744000
2016-05-24,56.46660232543945,56.56176652298519,55.91600872734486,56.11992978520295,2998500
2016-05-25,56.46660232543945,56.61614754617127,55.90920980293164,56.61614754617127,3250000
2016-05-26,56.57533645629883,56.745273180359966,56.22866408711808,56.35781765694286,3053400
2016-05-27,56.88124084472656,57.11915130635615,56.616139875188,56.670520891005935,3006900
2016-05-31,56.87443542480469,57.04437219028054,56.52776815719607,56.79286909645373,4810900
2016-06-01,56.922027587890625,57.06477387383191,56.62294235422959,56.67731818740287,4417500
2016-06-02,57.21430969238281,57.23470127473309,56.616134137187444,56.75888039969797,8043500
2016-06-03,57.445430755615234,57.94164325068346,57.16673194617389,57.76491273285425,4295200
2016-06-06,57.00360870361328,57.62217604672291,56.70451823359174,57.4998213259014,3231900
2016-06-07,57.35026931762695,57.52020610632745,57.09196207972428,57.255105130839404,2424600
2016-06-08,57.71733474731445,57.764916841816024,57.132751765689804,57.3094822960903,3099000
2016-06-09,57.846473693847656,57.95523571261484,57.51339908697554,57.71732527913475,4132700
2016-06-10,57.5745735168457,57.79209236712717,57.32986416202175,57.62895452593069,2538400
2016-06-13,57.588199615478516,58.02323752947529,57.52022591380296,57.59499854146438,3250300
2016-06-14,57.43864440917969,57.7921107082928,57.22792441467341,57.5881896385945,3437300
2016-06-15,57.982418060302734,58.17954011598462,57.486200495088056,57.567771997687906,2829400
2016-06-16,58.30870819091797,58.32909977512171,57.61536839769534,57.90086094866589,2827100
2016-06-17,58.21355438232422,58.34270802004498,57.764923891707845,58.34270802004498,4408400
2016-06-20,58.29512405395508,58.995262872971814,58.22035144356884,58.49225137351335,3987000
2016-06-21,58.5173454284668,58.68880975581611,58.249861496415946,58.510485390223536,3614700
2016-06-22,58.42817306518555,58.64764714681685,58.28414368967828,58.64078711007607,3994500
2016-06-23,58.723106384277344,58.942580520218655,58.599651855768094,58.695671463200156,1672700
2016-06-24,58.20185089111328,58.79168858767161,57.29651946450588,57.701172759783184,5661700
2016-06-27,58.24299621582031,58.332161006929034,57.413109574067434,57.968652270219444,4769800
2016-06-28,59.47066879272461,59.4775288289057,58.40073338614932,58.620207449874364,5128700
2016-06-29,60.190818786621094,60.27311828728314,59.67642597678626,59.75187067417598,4395600
2016-06-30,60.8149528503418,60.8149528503418,59.85475178408587,60.3485697743132,6555800
2016-07-01,60.83551788330078,61.31562095507496,60.65719881887729,61.02070221600656,4731800
2016-07-05,61.50767135620117,61.50767135620117,60.7669443550576,60.84238906254491,3808400
2016-07-06,61.24018096923828,61.48708994337776,60.938402171362384,61.418505280044435,4577200
2016-07-07,60.609188079833984,61.219600422502225,60.273114365086016,61.178445442175054,5342000
2016-07-08,61.5899772644043,61.61740694703169,60.86982512757145,60.94526983648442,2663400
2016-07-11,62.0014762878418,62.131785564754644,61.26760947825275,61.63797290075664,3381400
2016-07-12,61.9946174621582,62.097497064751366,61.50765959140281,62.0083375332634,3727600
2016-07-13,62.33755874633789,62.33755874633789,61.85746081283219,62.13865953597838,4902800
2016-07-14,61.782012939453125,62.30326060265049,61.63798356677954,62.14551638944002,3060500
2016-07-15,61.802581787109375,61.85059157331672,61.356773639370196,61.77514687603743,3345600
2016-07-18,61.967201232910156,61.98777611309639,61.72715224294492,61.891756517110295,2699700
2016-07-19,62.26897048950195,62.26897048950195,61.679132929341996,61.96719167285973,1916500
2016-07-20,62.27583694458008,62.44044121031606,62.076937725172954,62.37871134024303,2100600
2016-07-21,62.399288177490234,62.399288177490234,61.86431518474067,62.13865910168724,2179600
2016-07-22,62.94795608520508,63.1331404098046,62.20722925215453,62.33754375963762,2482900
2016-07-25,62.83135986328125,63.194863234171294,62.618745868837706,62.96852916950155,2374700
2016-07-26,62.52272033691406,63.07826277652665,62.37183097487778,62.88622367308887,2460200
2016-07-27,62.035770416259766,62.509013473042074,61.521377609383066,62.509013473042074,3935200
2016-07-28,62.611873626708984,62.85878251590625,61.795702285602886,61.93973159885586,2853100
2016-07-29,63.40749740600586,63.72985113414322,62.55017588763003,62.78337006161941,3502600
2016-08-01,63.544673919677734,63.61325859669703,63.27719001642964,63.3251998136107,3335100
2016-08-02,62.52959060668945,63.4692167182867,62.41299615542776,63.35947707050553,3877100
2016-08-03,62.16606903076172,62.57072732296887,61.8300006147297,62.3100983519183,3829400
2016-08-04,61.91230010986328,62.35810814175242,61.80256572676591,62.24151372450118,2649700
2016-08-05,61.9534797668457,62.13865890139965,61.734005680530856,61.94661972995853,2941600
2016-08-08,62.06321716308594,62.35128116670503,61.80259330832841,61.9123277403986,2240200
2016-08-09,62.399288177490234,62.399288177490234,61.68599608649913,62.166094016649396,3474300
2016-08-10,62.33070755004883,62.68735626495974,62.131808311478466,62.57761658877922,5302900
2016-08-11,61.62424850463867,62.33754039058086,61.295040085079805,62.310105483505374,4788300
2016-08-12,61.8848991394043,62.45415665403435,61.5762602514154,61.761444630743796,2972100
2016-08-15,61.823158264160156,62.19352172421663,61.795723352377344,61.98090769874277,2961400
2016-08-16,61.08242416381836,61.69283648937765,61.00012467081858,61.617391799012005,4166800
2016-08-17,61.329349517822266,61.37735931247586,60.60920259801843,61.027575908289066,5192000
2016-08-18,61.102996826171875,61.51451520697583,60.814938145747966,61.24017136399772,4074800
2016-08-19,60.71207809448242,61.08930165409424,60.53375898691616,61.0207169794399,3284900
2016-08-22,61.04127502441406,61.08928480669935,60.72578142187165,60.869810768727504,3671000
2016-08-23,61.07560348510742,61.391097260783496,61.048168561221246,61.25392264135258,6526100
2016-08-24,60.80809783935547,61.24018596299646,60.46516926205075,61.23332592630142,6064800
2016-08-25,61.08242416381836,61.45278758033867,60.78065063502955,60.972689762260735,3219700
2016-08-26,60.47890090942383,61.56941157661408,60.074242354761616,61.19219317635747,5844000
2016-08-29,61.07560348510742,61.26764271963402,60.60236020525498,60.6092202443957,3318600
2016-08-30,60.95899200439453,61.281345757097824,60.42402417338723,61.20590103911724,3431900
2016-08-31,61.020713806152344,61.226467819415475,60.67778521803879,60.897259305124464,5003000
2016-09-01,60.86981964111328,61.109868587529235,60.56118602896056,61.08929371107566,4098000
2016-09-02,61.39793395996094,62.145521025522484,61.13045007180203,61.226469660747526,4439500
2016-09-06,61.87116241455078,61.87802245004007,61.123580759109835,61.665408443937395,3874300
2016-09-07,62.241539001464844,62.27583395348882,61.583116737469524,61.78887075158836,2874200
2016-09-08,61.480228424072266,62.07006593332332,61.418503798363666,61.96718632446804,3123900
2016-09-09,59.04542541503906,60.952112231628846,59.03171057769496,60.78064798512309,7589300
2016-09-12,59.74501419067383,60.0193580854331,58.75052345893035,58.928842542750495,7088200
2016-09-13,58.24504852294922,59.467410263662245,58.11383845032369,59.44669316108169,7223000
2016-09-14,58.43149948120117,58.75608139687981,58.19669341224106,58.39696747231607,4781900
2016-09-15,58.65248489379883,58.74226073172341,58.10000441882397,58.410776661813934,4320500
2016-09-16,58.68013000488281,58.73537912550745,58.25195722331113,58.58344667821278,6251400
2016-09-19,59.211891174316406,59.28094994402461,58.81134820247027,58.873499514553735,3407700
2016-09-20,59.12211227416992,59.56409470029339,59.12211227416992,59.4881284768491,3905800
2016-09-21,59.881752014160156,59.971527857475685,58.42458981103629,59.22568602097029,6905000
2016-09-22,60.95217514038086,61.00741897078864,60.28229430127299,60.43422668979363,3575700
2016-09-23,61.13865280151367,61.34583435210356,60.282312578843836,60.78644627304915,4722300
2016-09-26,61.28365707397461,61.428682002850856,60.77261609571873,60.96598266755372,3440200
2016-09-27,60.634517669677734,61.48395041549587,60.530926896838906,61.48395041549587,6479800
2016-09-28,61.13174057006836,61.18008222558415,60.54473324770653,60.73119768244264,2676300
2016-09-29,60.316837310791016,60.96600123004172,60.137285593043586,60.924567028845466,4662800
2016-09-30,59.9024772644043,60.903847663116814,59.89557507702531,60.53092405968374,6718600
2016-10-03,58.78371810913086,59.591716703259685,58.66631241594403,59.398350058734415,10473900
2016-10-04,57.982608795166016,58.72845591702107,57.637309787141795,58.70083136411776,7415500
2016-10-05,56.80860137939453,58.390071666171295,56.74644481037817,58.09311427138185,8125200
2016-10-06,56.829307556152344,57.24366528418362,56.014401741191605,56.5254427634687,6760300
2016-10-07,56.732627868652344,57.75470997818485,56.47019725143463,57.181517631242635,6036800
2016-10-10,57.08483123779297,57.326539475677386,56.73262479467887,56.73262479467887,2818300
2016-10-11,56.532352447509766,57.14007678799522,56.38042004517725,57.008866751399076,4306600
2016-10-12,57.181514739990234,57.26438312536813,56.53235095402638,56.62212679446724,3492600
2016-10-13,57.63041305541992,57.7270963741497,56.780980288173176,56.953629824311456,3633600
2016-10-14,57.37488555908203,58.00332702616824,57.25748515858222,57.526817968597,3187500
2016-10-17,57.499202728271484,57.851403986816784,57.374894852065594,57.423236511209794,3154000
2016-10-18,57.86521530151367,58.20360689447821,57.671848676962504,57.87902494519074,2533200
2016-10-19,57.98951721191406,58.07238560315299,57.554437082530455,57.87901899846908,2871000
2016-10-20,57.85828399658203,58.238114901705586,57.54060963449833,57.982591813818544,3261100
2016-10-21,57.644222259521484,57.79615467929041,57.388699074560535,57.5820656928682,3193800
2016-10-24,57.77541732788086,58.36242443307718,57.54751877811323,57.90662733354192,3948800
2016-10-25,57.67182922363281,57.7477954103459,57.36105702284924,57.54061394315684,3161400
2016-10-26,56.919097900390625,57.53372982851622,56.5254571681209,57.45086142309884,4093100
2016-10-27,55.427391052246094,56.84311364016454,55.2754586654118,56.81548909084521,5969300
2016-10-28,55.55860900878906,56.035123332112946,55.35143276257701,55.51717481331561,4819100
2016-10-31,56.46327590942383,56.56686663008481,55.572404141888086,55.800302673573654,5009700
2016-11-01,55.23404312133789,56.26303290383223,55.04067121082557,56.21469124341561,7465200
2016-11-02,54.426029205322266,55.30309165634509,54.41221956297668,55.1442517907242,7847600
2016-11-03,54.004764556884766,54.56415255144076,53.99095491439278,54.467469247462176,7221900
2016-11-04,54.43293762207031,54.61249458880255,53.90808163330799,54.135980252370636,4432600
2016-11-07,55.385955810546875,55.40667817574707,54.84038804369748,54.84038804369748,5860500
2016-11-08,55.67601013183594,55.86246926508826,55.1097200082714,55.37214533958616,4023300
2016-11-09,54.83347702026367,55.24783472694695,53.7077990156419,54.350055305096426,10045800
2016-11-10,53.91500473022461,54.79206218233107,53.16225517286556,54.76444288913962,13504700
2016-11-11,54.23957443237305,54.90945542036039,53.832118820889455,53.866650832807565,5066000
2016-11-14,55.524070739746094,55.669095662634795,53.880444409320134,54.142874976413324,6755200
2016-11-15,55.0613899230957,56.17324803880483,54.68155885302595,55.71054856715292,7719900
2016-11-16,54.90253829956055,55.247837282576654,54.48818057371009,55.08209524600534,10337100
2016-11-17,54.343162536621094,55.28927849821525,54.26719632919959,54.8749207197266,3645200
2016-11-18,54.50199508666992,54.647020040239134,54.156696072787554,54.41221923984464,3655600
2016-11-21,54.33625030517578,55.07518994700247,54.27409374600068,54.681549301708706,3488200
2016-11-22,55.289276123046875,55.31690067627206,54.43984350396262,54.60558555446897,4226700
2016-11-23,55.05447769165039,55.10972680047689,54.58487080431515,54.80586197077615,6542100
2016-11-25,55.372154235839844,55.682921264137235,55.06828939477024,55.10972886236305,1904500
2016-11-28,55.62767028808594,55.99368638033699,55.33761512751542,55.37214713460665,4065700
2016-11-29,56.15943145751953,56.44257917820292,55.64148293623074,55.682917131903494,3754200
2016-11-30,55.517173767089844,55.97297098408746,55.24784096389841,55.62767197806309,6826400
2016-12-01,54.702274322509766,55.3928724156138,54.39150728815107,55.19259833635219,6361900
2016-12-02,55.24784469604492,55.82104234928921,54.854204013339405,54.94397986418626,3695900
2016-12-05,55.65530014038086,55.72436416767894,55.061390602612576,55.25475723381791,3457200
2016-12-06,56.01439666748047,56.26301233554883,55.59313152263375,55.800313002305344,4024800
2016-12-07,57.133182525634766,57.22295838089873,55.986787162741685,56.055845918240536,5754300
2016-12-08,57.52681350708008,57.68564809100373,56.63594148579823,56.93980101241738,4404200
2016-12-09,57.464656829833984,58.003322406965914,57.33344152863976,57.561340124763085,4506200
2016-12-12,57.84447479248047,57.879001522123204,57.202218610081566,57.30580933669621,3610700
2016-12-13,57.81686019897461,58.14144207277444,57.416312130504856,58.0792855185699,4015100
2016-12-14,56.55308151245117,57.89284359598918,56.456398193932515,57.747818618211205,4857300
2016-12-15,56.221580505371094,56.953612631586466,56.04893102135093,56.50472291936522,3915200
2016-12-16,57.06410217285156,57.43702566845062,56.24919644591519,56.33897754433433,6581100
2016-12-19,57.678741455078125,57.92735715147089,57.2505740759474,57.25748153108178,3663600
2016-12-20,57.80995559692383,58.06547874331716,57.44393951482284,57.65112101393574,5193600
2016-12-21,56.93290328979492,58.18979149387436,56.91908837863925,57.80996046976595,4998400
2016-12-22,56.83771896362305,57.02809228211375,56.344154523499796,56.858870956849906,3891700
2016-12-23,56.98578643798828,58.015224650578936,56.75310376118011,56.91527800304759,4504400
2016-12-27,57.10564422607422,57.32422734053823,56.8377100547822,57.07039270270448,3833000
2016-12-28,56.76016616821289,57.2396311410851,56.57683990167212,57.2396311410851,3979500
2016-12-29,57.46523666381836,57.63445794038679,56.724884837229474,56.943467923054726,4259400
2016-12-30,58.19150924682617,58.31137414645593,57.25373128735855,57.52871800036789,6673400
2017-01-03,58.38188934326172,58.52290624266892,57.91652389220816,58.50880670450815,9380300
2017-01-04,59.235042572021484,59.36195990887352,58.40303011475788,58.459439015458535,6598700
2017-01-05,59.42542266845703,59.495931112653956,58.46649276492037,59.01646616088562,8555700
2017-01-06,59.43246841430664,59.721554616698974,59.10107284661507,59.24208971908223,3901200
2017-01-09,58.896575927734375,59.60167082523762,58.87542394152082,59.60167082523762,3546100
2017-01-10,58.39597702026367,58.92479835480341,58.36777257022103,58.92479835480341,3959600
2017-01-11,58.0363655090332,58.49467831739507,57.97996199957073,58.43122235195689,4498000
2017-01-12,58.332515716552734,58.36071478457203,57.53575486907579,58.09983305953124,4670700
2017-01-13,58.247901916503906,58.53698808674099,58.05047616523014,58.32546280156835,3658100
2017-01-17,58.69916534423828,58.74852178460504,58.353670261670935,58.494687125733535,4139200
2017-01-18,58.79787063598633,58.99529637197183,58.54403600987702,58.67800577905911,3317400
2017-01-19,58.198543548583984,58.69916036683948,58.05752131703083,58.57929550460536,3169200
2017-01-20,58.621585845947266,58.65684274049501,58.085712249613266,58.219681993558474,3285400
2017-01-23,59.11517333984375,59.206839149936506,58.5228960105472,58.706222251283776,3165600
2017-01-24,59.1292724609375,59.376054657295654,58.87543780769814,59.11516754717508,4204200
2017-01-25,58.7414665222168,59.34080161448139,58.565192760832694,59.094014044985016,3461500
2017-01-26,58.628665924072266,59.030569965821094,58.544052564959586,58.74853081489486,4093700
2017-01-27,58.05751037597656,58.8754230265033,57.83188022746006,58.79786215862759,2996000
2017-01-30,57.66266632080078,58.00816135306044,57.51459702126093,57.888296498115956,3182600
2017-01-31,58.07867431640625,58.487625308519966,57.676770400753895,57.676770400753895,11091400
2017-02-01,57.38062286376953,58.44531770312562,57.33831888983728,58.01520936998996,4555800
2017-02-02,58.06459045410156,58.12099936292781,57.40885168248287,57.415904140948555,4754800
2017-02-03,58.38188934326172,58.68508051849209,58.142154158929614,58.494701786897494,4165000
2017-02-06,58.28315353393555,58.56518722191762,58.16328329915062,58.452374822614345,2985800
2017-02-07,58.07867431640625,58.544034196896924,57.98700852793178,58.33250893465487,3250700
2017-02-08,58.5369873046875,58.66390462587477,58.02932339938659,58.254953594891944,3316700
2017-02-09,58.678016662597656,58.79082908432177,58.46648597512279,58.53699441113147,2806600
2017-02-10,59.09401321411133,59.12927011767175,58.544039947037376,58.65685773487214,2983800
2017-02-13,59.11517333984375,59.369008017956254,58.79083022435531,59.14337779068391,3968200
2017-02-14,58.80492401123047,59.00940220653939,58.34661118584482,58.97414530479898,2687900
2017-02-15,58.607479095458984,58.69913947876515,58.05750065728352,58.43825247781446,3687300
2017-02-16,58.95299530029297,59.34784679172886,58.60750024528657,58.67095621521815,3097800
2017-02-17,59.065818786621094,59.15748459964837,58.57225432974006,59.09402323836417,2624100
2017-02-21,59.82025909423828,59.88372044354179,58.92479078310735,59.00235166589603,5646700
2017-02-22,59.62284469604492,60.109362075321684,59.319653563654185,59.904883834458246,3464400
2017-02-23,59.933074951171875,59.982431385953745,59.38310171233161,59.78500564682626,3430900
2017-02-24,60.21512222290039,60.23627421505055,59.59463509610278,59.9189835739008,3667400
2017-02-27,60.53242874145508,60.751011936387094,60.15872910358593,60.208085558031854,3326700
2017-02-28,60.116416931152344,60.53242050783316,59.97539466659578,60.53242050783316,5778100
2017-03-01,59.933074951171875,60.27856999464497,59.72154429956503,59.93307495117187,6282800
2017-03-02,59.60873031616211,59.89781646094717,59.404252126217656,59.84846002747422,3060400
2017-03-03,59.37604904174805,59.61578413800023,58.76966691407524,59.55937524718232,4177700
2017-03-06,59.108123779296875,59.298497090161476,58.82608466218929,59.27029264050585,3237400
2017-03-07,58.82608413696289,59.07991880214849,58.544045022373474,58.981205918959496,4658000
2017-03-08,57.740230560302734,58.55109090642385,57.69792658067056,58.480582480554204,4814100
2017-03-09,56.87297821044922,57.97292493906478,56.74606086642057,57.62742981677256,5604300
2017-03-10,56.69670867919922,57.61332922874851,56.39351752232571,57.32424298863167,6278800
2017-03-13,56.83771896362305,57.19026652926792,56.647340265683404,56.760158068825255,4691000
2017-03-14,56.8235969543457,56.96461916584951,56.45694996333045,56.781292980618225,4582400
2017-03-15,57.97291564941406,58.26905427821092,56.957577059883924,56.99283396402806,7177800
2017-03-16,57.86009216308594,58.254949008721006,57.75433221996274,57.90944859635935,4456700
2017-03-17,58.1280403137207,58.311361161939345,57.81779675604522,58.09983586489125,4380600
2017-03-20,58.07867431640625,58.33955601111622,57.930605019002506,58.170334725433044,2748500
2017-03-21,57.8248405456543,58.325457333579664,57.73317475583635,58.15623604541633,6969700
2017-03-22,57.79288101196289,57.927824445572945,57.21047787575539,57.89231529725962,4618000
2017-03-23,58.21903610229492,58.687797018285885,57.71476061472704,57.79998691649113,7610200
2017-03-24,58.15510177612305,58.5599429018777,58.08407806294471,58.30425319942613,4399200
2017-03-27,57.629520416259766,58.32556581792651,57.451958422022145,58.069876112723385,4556000
2017-03-28,57.87809753417969,57.963329229517996,57.22467079286967,57.764460692489834,4232100
2017-03-29,58.2048225402832,58.21192653767183,57.679240527533445,57.8568025309129,3123200
2017-03-30,58.311370849609375,58.4037065752468,57.72896759516189,58.11250223864144,4593300
2017-03-31,58.659385681152344,58.8724622703144,58.233237921591,58.33267221819656,7167900
2017-04-03,58.82984161376953,58.94347847306411,58.467613625916535,58.4960241954307,7469000
2017-04-04,58.82984161376953,59.213376174067626,58.66648219375361,58.74460990522704,5359300
2017-04-05,58.915069580078125,59.2417884294073,58.82273929060123,58.88666442851771,4738600
2017-04-06,59.22759246826172,59.33413077392665,58.54575489827477,58.787236666936195,4711500
2017-04-07,59.31281280517578,59.575601100747505,59.14234938134504,59.36962852769041,4483800
2017-04-10,59.6821403503418,59.774476061099385,59.2062754766734,59.34832291339871,2547800
2017-04-11,60.094078063964844,60.20771491552532,59.61821324920455,59.703439533184486,3864200
2017-04-12,59.98755645751953,60.30006736897367,59.881018154181696,60.07278818394244,3526900
2017-04-13,59.852596282958984,60.122493989646514,59.774473988602374,59.96623856340893,2759500
2017-04-17,60.5770378112793,60.591240383563616,59.88099255660819,59.94491767878984,3875000
2017-04-18,60.74040985107422,60.79723099464114,60.48472554254808,60.52733869084202,2807300
2017-04-19,60.65517807006836,60.882457205023044,60.548639790204156,60.690687217515084,3622900
2017-04-20,60.66229248046875,60.70490563222468,60.229040708406984,60.54154618588871,3109100
2017-04-21,60.442115783691406,60.69780554824159,60.34268147734004,60.626781817813935,3261900
2017-04-24,59.77446365356445,60.76170776453905,59.22756975629116,60.72619320334838,6595300
2017-04-25,60.0230712890625,60.115401595677696,59.6750458020816,59.77448552604987,3412300
2017-04-26,59.57560729980469,60.10119478316198,59.42645585250475,59.98044849069388,4185400
2017-04-27,59.41936111450195,59.80999433446592,59.30571881277653,59.667946876072335,4822200
2017-04-28,58.80144119262695,59.35543384685996,58.588364593877486,59.263103544075456,5983700
2017-05-01,59.14946746826172,59.327029512976125,58.567064178349,59.05713715576511,6003600
2017-05-02,59.05000686645508,59.36961623713898,58.829831763040005,59.22046483623575,4930000
2017-05-03,58.26165771484375,59.092646790309765,58.06989308926068,59.02162305560357,6207500
2017-05-04,57.97754669189453,58.069882406914054,57.317015784985216,57.89941897246076,8025100
2017-05-05,58.52444839477539,58.52444839477538,58.076988594170444,58.10539917030118,5458100
2017-05-08,58.11248016357422,58.652270058840635,57.785766795554366,58.652270058840635,3940600
2017-05-09,57.799991607666016,58.183526253021405,57.57271241991059,58.10539852422142,5790900
2017-05-10,58.254547119140625,58.45342114006701,57.65083731435522,57.7928901864455,3801400
2017-05-11,57.96335983276367,58.13381789467678,57.45908422797951,58.04148757338304,3542600
2017-05-12,57.72896957397461,58.08409365395109,57.67925241952844,57.96335276726231,3115400
2017-05-15,57.899417877197266,58.39659475680385,57.74316786004807,57.77867701081549,3263900
2017-05-16,57.50876998901367,58.02014931430677,57.324104028488684,57.899403060062866,4338600
2017-05-17,57.7431640625,57.96333920657051,57.35252549841153,57.47326635685264,7243700
2017-05-18,58.06278991699219,58.21194138762824,57.33833914265088,57.65084466356101,4128200
2017-05-19,58.37527847290039,58.7232984376043,57.77866740036063,58.0201545117196,6390100
2017-05-22,58.602569580078125,58.80854216995174,58.35398384014883,58.3965969902045,3433700
2017-05-23,58.65229415893555,58.94349308581356,58.61677958354787,58.72331789094749,2960100
2017-05-24,59.1281623840332,59.16367696137895,58.702014549702824,58.73042512782668,2578500
2017-05-25,59.1352653503418,59.412261708756446,59.00742046039937,59.22759566355881,3146900
2017-05-26,58.7091064453125,59.18497133856324,58.52444043496051,59.11394761727788,3046100
2017-05-30,58.339778900146484,58.82274782820551,58.339778900146484,58.702006950881504,1865200
2017-05-31,58.37527847290039,58.616760165497745,58.14799935449515,58.439198184907355,5515000
2017-06-01,58.68068313598633,58.75170684185549,58.069869511741054,58.21191692347936,6557200
2017-06-02,59.28440856933594,59.41225344148864,58.92218052844282,58.92218052844282,3999500
2017-06-05,59.02872085571289,59.220485461157516,58.75882852466708,59.135259155965706,4919900
2017-06-06,58.744598388671875,59.078415741567646,58.65936669683859,59.06421316897594,4358300
2017-06-07,59.15656661987305,59.263104921724405,58.68070167953521,58.73041883123076,3191200
2017-06-08,59.0145149230957,59.17787437836541,58.488932820565616,59.17787437836541,2963600
2017-06-09,59.42646789550781,59.62533653220922,58.80855540558044,59.014522623046936,4950400
2017-06-12,59.959144592285156,59.97335258909828,59.284411050264815,59.37674135449781,4049500
2017-06-13,60.094078063964844,60.15089919912594,59.682132962189506,59.930718655067146,2787500
2017-06-14,60.17931365966797,60.584154791046664,59.973341095456064,60.45630993804486,5317300
2017-06-15,60.48471450805664,60.64806849255702,59.87390087305191,59.923618009912225,3757200
2017-06-16,60.328487396240234,60.59837977738592,60.065693596002866,60.5628651977881,4497900
2017-06-19,60.33556365966797,60.36397422908465,60.04436480598055,60.32846508138533,4892200
2017-06-20,60.193504333496094,60.541524257227245,59.731842154560745,60.371066293181926,3194300
2017-06-21,60.07279586791992,60.3639948209435,59.68926117810329,60.19353676505741,2559700
2017-06-22,60.12960433959961,60.2503452112624,59.753168309910066,59.9946554719984,6220800
2017-06-23,60.338253021240234,60.68242536981066,60.05143908375099,60.1518231412941,3759000
2017-06-26,60.76845169067383,60.99072982239809,60.4888096957565,60.4888096957565,6417400
2017-06-27,60.22351837158203,60.82582811848847,60.187670052570596,60.467312105252795,3925300
2017-06-28,60.36695861816406,60.65376719752472,60.18052866516123,60.38846871456381,2956300
2017-06-29,59.6785888671875,60.17333733583705,59.57103294947369,60.17333733583705,3985800
2017-06-30,59.6785888671875,60.144655393078615,59.50649721063692,59.84350319989694,4206900
2017-07-03,60.43864440917969,60.56053856947747,59.7789761023101,59.915208499487,3169500
2017-07-05,59.585357666015625,60.546183383592876,59.47063539153295,60.546183383592876,5370200
2017-07-06,58.46678924560547,59.49214521231043,58.395087140556726,59.21966955439726,4091400
2017-07-07,58.796634674072266,58.961554471040984,58.38792657869529,58.61020478848177,3249800
2017-07-10,58.25886917114258,58.98307326120074,58.21584898755241,58.9257093693993,4164100
2017-07-11,58.19432067871094,58.359234977863316,57.77844079911953,58.301871104018964,3346600
2017-07-12,58.91136169433594,59.248362196009104,58.46679980987462,58.58869395753434,3189200
2017-07-13,59.00456619262695,59.147970409902314,58.79662624821353,58.954374169528556,2556100
2017-07-14,59.57103729248047,59.67859321803561,59.305733405514026,59.36309729521298,2577600
2017-07-17,60.05144500732422,60.14465722123147,59.456306985669784,59.571034760190756,2730700
2017-07-18,59.9223747253418,60.1805067290945,59.75745492885274,60.072950815777375,3012500
2017-07-19,60.37410354614258,60.39561910541862,59.88652147578541,60.01558747883645,2949700
2017-07-20,60.09446334838867,60.51034331251761,60.06578140563621,60.40995924814459,3140400
2017-07-21,60.05144500732422,60.20919296202987,59.76463104154317,60.13749083821495,2967100
2017-07-24,59.936710357666016,60.10880199970743,59.66424013021492,60.03709988411722,2659300
2017-07-25,60.01560974121094,60.07297364618371,59.606901491695304,59.97976140349526,2785000
2017-07-26,60.431488037109375,60.63942808351747,59.900885608305586,60.03712351090608,2976800
2017-07-27,60.503177642822266,60.75414329992555,59.85785301176174,60.216369127027264,2828800
2017-07-28,60.338253021240234,60.70394092830205,60.216358875726584,60.517511048355914,3024500
2017-07-31,60.41712188720703,60.50316223182114,59.94387810974789,60.402778182757764,2967600
2017-08-01,60.689605712890625,60.947737745690574,60.209195445938015,60.603559878450106,3142900
2017-08-02,60.13750076293945,60.560547192629414,59.93672712439329,60.560547192629414,2192000
2017-08-03,60.01560974121094,60.3597877005245,59.80050330334765,60.02995345271567,2032500
2017-08-04,60.21635055541992,60.33107283225153,59.87217278388491,60.00123876439553,2068700
2017-08-07,60.15182876586914,60.30957671976469,59.922378688526884,60.230702742816916,1642700
2017-08-08,59.865020751953125,60.17334483688959,59.71444463659186,60.0371124299562,2324400
2017-08-09,59.664241790771484,59.93671202580588,59.549519496738384,59.90803555518829,4508400
2017-08-10,59.2340202331543,59.64272829763383,59.2340202331543,59.53517239213488,4190800
2017-08-11,58.868350982666016,59.29140288611101,58.60305253168819,59.24837722797548,2692800
2017-08-14,59.85067367553711,59.96539597340886,59.011747383618555,59.11213144570174,2160200
2017-08-15,59.67142868041992,59.73595896135199,59.277058728538506,59.73595896135199,2260000
2017-08-16,59.90803146362305,60.09445586250964,59.743111680970486,59.743111680970486,2945300
2017-08-17,59.53517532348633,60.051439318884256,59.50649338257302,59.83632749729483,2053900
2017-08-18,58.93286895751953,59.47780940464663,58.76077731793349,59.38459720276136,2011600
2017-08-21,59.5638542175293,59.664238270330515,58.846822142937384,58.94003434324692,2487600
2017-08-22,59.39176940917969,59.75028545467199,59.234021473879764,59.57102743192584,1835300
2017-08-23,60.00123596191406,60.07293806539983,59.26269390202293,59.413269960499,1889800
2017-08-24,59.814823150634766,60.46732506037187,59.77897482394283,60.123147206896654,2012200
2017-08-25,60.101627349853516,60.323905538994524,59.735939465685625,60.008415150976425,2147300
2017-08-28,59.642730712890625,60.18767664443801,59.45630083384427,60.13031276311285,2072000
2017-08-29,59.57820510864258,59.83633714797426,59.513674834070535,59.556695017118564,1401700
2017-08-30,59.91519546508789,59.92236731722799,59.24118906796757,59.47780548338751,2054100
2017-08-31,60.25937271118164,60.424287015284115,59.96538695179508,60.080114702927474,3212700
2017-09-01,60.467315673828125,60.71827580379986,60.194839986555486,60.273713951763824,3385900
2017-09-05,60.30240249633789,60.71828245471429,60.001250307384424,60.53185256466261,3705200
2017-09-06,60.460140228271484,60.868848264370534,60.36692803425599,60.424286438754635,3330500
2017-09-07,60.84735870361328,60.947742783497276,60.488842569592705,60.58205479505011,2313000
2017-09-08,60.89752960205078,61.11980777740922,60.63222578559187,60.682417808108944,2334500
2017-09-11,61.45682907104492,61.52136481357489,60.947736866621604,61.03378269982106,2352600
2017-09-12,60.73261642456055,61.52135610763649,60.51033822506865,61.363608171021305,3991300
2017-09-13,60.57487487792969,60.775642992843466,60.36693491019161,60.74696105206709,1840100
2017-09-14,61.07680892944336,61.10549087668348,60.35260480556607,60.49601454176666,2839400
2017-09-15,61.19151306152344,61.22019500023917,60.64657263748584,61.040936986156176,3172800
2017-09-18,60.86167526245117,61.28472699457197,60.668079026070544,61.177171098573794,3442200
2017-09-19,60.460140228271484,60.926212139389406,60.41712005726745,60.91186843537458,2916500
2017-09-20,60.295230865478516,60.70394444266411,60.02993247112161,60.61789861527959,2741300
2017-09-21,60.18048858642578,60.682408736563374,60.173316735561144,60.28804446731794,6278500
2017-09-22,59.75600051879883,60.473163451216706,59.71978368570336,60.24859476829771,4549600
2017-09-25,60.10371398925781,60.350008340822484,59.75599813949811,59.75599813949811,5536300
2017-09-26,60.20513916015625,60.40072555588734,60.06026075789297,60.21962478967986,3099300
2017-09-27,59.661834716796875,60.19789141800884,59.451757172337295,60.081989805716034,3812800
2017-09-28,60.06748962402344,60.12544318483984,59.53867858015204,59.53867858015204,4114300
2017-09-29,60.190650939941406,60.255850092870006,59.850186125339356,59.9805789044395,4245200
2017-10-02,60.10371398925781,60.31379150916906,60.00953806809584,60.28481472779276,4533800
2017-10-03,60.01680374145508,60.154442117391056,59.87917089227689,60.096488535232986,6710800
2017-10-04,60.3210334777832,60.364501414608,59.8574160145302,60.06749354112236,4137400
2017-10-05,60.538368225097656,60.84261620760726,60.393489812499894,60.400729864399764,3398700
2017-10-06,60.3427848815918,60.39349288125334,59.83569935821893,60.21963214519309,2594800
2017-10-09,60.48765182495117,60.639775795072616,60.306551070984256,60.37174468956927,2248200
2017-10-10,60.66876220703125,61.081671770534186,60.4876614243237,60.676007785831594,6012600
2017-10-11,60.8715934753418,61.0599398346094,60.71222390417361,60.719469482887774,2944800
2017-10-12,61.26276397705078,61.26276397705078,60.799146480361955,60.893316884554324,2787500
2017-10-13,61.42212677001953,61.57425072625014,61.13961006176897,61.487320382651546,2662600
2017-10-16,61.117889404296875,61.50182214962076,61.06718141013631,61.37867495333892,1972300
2017-10-17,61.19034194946289,61.226558795042465,60.936801923373594,61.05270356668953,2191300
2017-10-18,61.12513732910156,61.34970606938734,61.00199011695754,61.11789727668667,1935900
2017-10-19,60.94403839111328,61.24104635188645,60.73396080278151,61.11065355660321,1838700
2017-10-20,60.59632873535156,60.92230796437946,60.36451993261315,60.893331173192436,2929900
2017-10-23,60.3645133972168,60.72671495770398,60.2920741904708,60.668761381604305,2618800
2017-10-24,60.00230407714844,60.44419036593804,59.792226536022525,60.24859845358514,2521400
2017-10-25,59.82844924926758,60.03128675931331,59.41553970421359,59.74876999305305,3490900
2017-10-26,59.33584976196289,60.12544634424318,59.118526660859594,59.98780801176069,3916400
2017-10-27,59.603885650634766,59.75600963706336,58.9229449741627,59.29963767777759,2979900
2017-10-30,59.553165435791016,59.7922197340245,59.29962551043241,59.29962551043241,3061000
2017-10-31,59.54594039916992,59.654601983736576,59.031614794096065,59.56043155804962,4422700
2017-11-01,59.8357048034668,59.96609760399943,59.50972556551419,59.64735841897345,3507700
2017-11-02,60.3427848815918,60.589079300874296,59.92987530527426,60.01680014654693,5159300
2017-11-03,60.190650939941406,60.422465237681266,59.784986972410756,60.045772530611046,2458400
2017-11-06,60.59632873535156,60.76293837622971,60.2051503444634,60.241372715136634,3156300
2017-11-07,61.08891296386719,61.284499363377336,60.618049857278535,60.625295435558726,3992500
2017-11-08,61.39314270019531,61.42936505408337,61.016455642833684,61.04542689383783,2058200
2017-11-09,61.458351135253906,61.82779823239131,61.001979210618224,61.16859434125088,3856400
2017-11-10,61.5235481262207,61.72638008561614,61.03095385622189,61.146860991165795,3657400
2017-11-13,61.8350715637207,61.92200195699255,61.46562430076418,61.55980027516512,3487200
2017-11-14,61.704654693603516,61.87850988564443,61.59599312604411,61.66119227728252,4039200
2017-11-15,61.081661224365234,61.719133879799166,61.04543886337485,61.61047785034067,5171100
2017-11-16,61.5887451171875,61.65394426585288,60.92229563503414,60.929541213054,5137200
2017-11-17,61.32071304321289,61.62496096680798,61.24827385094112,61.4366146454965,2782600
2017-11-20,61.13959884643555,61.42211550286178,61.038182894218686,61.3641619510936,3613800
2017-11-21,61.59599685668945,61.63221922365542,61.219309663326754,61.31348007997812,3056900
2017-11-22,61.458351135253906,61.6684286796357,61.30622716037534,61.48008786888505,2347400
2017-11-24,61.53804397583008,61.63945997237242,61.48733597755891,61.509072714038524,1255000
2017-11-27,61.24829864501953,61.61050027975824,61.2265619044582,61.60325469957113,2218000
2017-11-28,61.016483306884766,61.299000109684116,60.697744133774634,61.21931531640658,2946800
2017-11-29,61.038204193115234,61.175837018147135,60.67600265830854,60.86434347714311,4633900
2017-11-30,61.132354736328125,61.320701020712555,60.95125402777715,61.23377069097628,4849800
2017-12-01,61.277244567871094,61.50905882391307,60.74118791766414,61.204805376235996,4664700
2017-12-04,60.9730224609375,61.64671772920095,60.95853682718016,61.40042326801739,4484100
2017-12-05,60.46592712402344,61.06718301830167,60.451435967163455,60.66875910600718,4372600
2017-12-06,60.40797805786133,60.69049484338593,60.12546127233672,60.371755689765386,3967900
2017-12-07,60.56010055541992,60.61805413223475,60.20514456925432,60.560100555419915,4049100
2017-12-08,60.8715934753418,60.98025504902531,60.523883071663235,60.79915426847187,3448600
2017-12-11,60.86435317993164,60.95852913111895,60.73396038554418,60.886089917960966,5326200
2017-12-12,61.161338806152344,61.32795390965964,60.66149902238614,61.183070009489015,4732000
2017-12-13,61.26276397705078,61.55252629417042,61.14686236625683,61.29898633922443,3887100
2017-12-14,61.24829864501953,61.487347523610744,61.12514588887203,61.299006652812615,4901000
2017-12-15,61.632225036621094,61.75537225310865,61.306240283453256,61.32797702173732,4909500
2017-12-18,62.03788757324219,62.40008916137497,61.75537077663923,61.762616355894025,5169400
2017-12-19,60.71946716308594,62.074102939504094,60.61080559355386,62.05961178262941,5259200
2017-12-20,60.01680374145508,60.91506215787407,60.009558161995876,60.74845251761684,7831900
2017-12-21,59.78435134887695,60.284577494332815,59.718147670929284,60.284577494332815,4701300
2017-12-22,60.19628143310547,60.284552967789416,59.747549090524075,59.8211105735545,6484400
2017-12-26,60.497894287109375,60.65973294152155,60.08594543033819,60.2110005315177,2874500
2017-12-27,60.69650650024414,60.92454877806615,60.54937792392242,60.92454877806615,4341500
2017-12-28,61.02018737792969,61.07903881736471,60.54938708721388,60.6082385266489,3172900
2017-12-29,61.04225158691406,61.262936032635906,60.94661660929141,61.1378809521554,2957300
2018-01-02,60.814205169677734,61.182018200502995,60.615588602479924,61.08638883294575,4639500
2018-01-03,60.637672424316406,61.00548555181744,60.51261730793796,60.8583625457702,5516900
2018-01-04,59.59306716918945,60.674438347736476,59.578351505431904,60.65236485210014,4734100
2018-01-05,59.62251281738281,59.754925773562746,59.46802635818691,59.71078437991398,5742900
2018-01-08,59.93144607543945,60.03443325778379,59.61512669755885,59.7034038305885,4763200
2018-01-09,59.1590690612793,60.12274338546947,59.13700116900642,59.953546857404696,4631000
2018-01-10,58.496986389160156,59.01928587143664,58.19538259944947,58.9236508842454,6244400
2018-01-11,58.29837417602539,58.798600197867025,58.239522735248194,58.63676154192086,5067100
2018-01-12,57.827552795410156,58.290995094737575,57.72456561778184,58.1365143282951,5154600
2018-01-16,57.93791961669922,58.87216239759944,57.923203950137555,58.04090683310137,5760800
2018-01-17,58.34250259399414,58.40871185961573,57.893770236317785,58.18066395845427,5560300
2018-01-18,57.59217071533203,58.188026088023456,57.540677110437485,58.12182242989419,4548200
2018-01-19,57.9011344909668,57.9084923240479,57.52596357718151,57.6878022306725,4546800
2018-01-22,58.43077850341797,58.4602042194715,57.9231947231621,57.98940398737791,4767400
2018-01-23,59.23996353149414,59.254679195085636,58.59997247479472,58.695601838614536,4599700
2018-01-24,58.930999755859375,59.29881275864847,58.725025372278445,59.15904202162668,6242500
2018-01-25,58.828041076660156,58.93102831836616,58.445512225423236,58.828041076660156,4765000
2018-01-26,58.62202835083008,58.908921995909175,58.283641118490124,58.82800269987353,4966400
2018-01-29,57.83494186401367,58.47493315461055,57.798158303972876,58.467580932509016,5280200
2018-01-30,57.41563034057617,57.812863571719475,57.3199953373452,57.577463399153935,6937600
2018-01-31,58.44548034667969,58.467553839905754,57.39353499813117,57.57744148835028,8845500
2018-02-01,57.187564849853516,58.65881688024508,57.08457765671659,58.1806588478916,7313200
2018-02-02,56.70206832885742,57.084591479940805,56.23126801411674,56.760919771295626,11151800
2018-02-05,55.017478942871094,57.04045080061691,54.94391745233855,56.422521932903194,8861900
2018-02-06,55.024845123291016,55.31909113006036,53.76691931110592,54.10531232117975,12554100
2018-02-07,54.78944396972656,55.84874192237721,54.7526604133474,55.01012847085337,7480000
2018-02-08,53.21519088745117,55.120465458859236,53.163697283487814,54.546677982586985,11116900
2018-02-09,54.54669952392578,54.98071641267668,53.001885182571954,53.54624715550187,12718500
2018-02-12,54.56875991821289,54.89978951286824,53.04601368050823,54.870363786972575,15209300
2018-02-13,54.951263427734375,55.10574983639252,54.08322446838275,54.44368527207666,8766100
2018-02-14,54.554046630859375,54.62025030091664,53.81842036418036,54.480479514285065,8225700
2018-02-15,55.08366775512695,55.17930271818861,54.48045471551989,54.63493548771896,7359200
2018-02-16,55.385292053222656,55.66482796242778,55.0395468738167,55.252879125202966,7002400
2018-02-20,54.730587005615234,55.67218758519347,54.66437773328562,55.21609734904307,5766000
2018-02-21,53.64922332763672,54.82622422031201,53.64922332763672,54.73059482703878,7852900
2018-02-22,54.259788513183594,54.66437954404519,53.79634042867102,53.90668547795413,7412700
2018-02-23,55.12781524658203,55.14252529740406,54.37747356989318,54.4583928803671,6884100
2018-02-26,55.282310485839844,55.43679131556493,54.90713954943174,55.40000776032358,6336100
2018-02-27,53.994956970214844,55.42942562312441,53.98024130525171,55.39264768548007,7635400
2018-02-28,53.958168029785156,54.69379405776418,53.958168029785156,54.18621591487786,9175500
2018-03-01,54.00966262817383,54.65701713671633,53.57564595756583,53.84047178153662,8794700
2018-03-02,53.98759460449219,54.04644603463959,53.421165023372005,53.75219449628387,8408100
2018-03-05,54.59816360473633,54.85563158691336,53.80368616340626,53.840469709023445,5558100
2018-03-06,54.85564422607422,54.97334710926399,54.20829520567763,54.686447734584526,6039100
2018-03-07,55.194034576416016,55.23817035380373,54.57611124345721,54.60553696584325,9868300
2018-03-08,55.29701614379883,55.42942907480387,55.01748022829133,55.319084030235985,6381300
2018-03-09,55.59862518310547,55.59862518310547,54.93656053254596,55.29701577081311,6293400
2018-03-12,55.84137725830078,55.973784562043924,55.45149072965835,55.63539724581024,6661400
2018-03-13,55.89286422729492,56.28274509730109,55.70159990172142,56.025277127710304,4877100
2018-03-14,55.94437026977539,56.16505474465315,55.70897012914321,55.84138305902269,5945100
2018-03-15,55.929656982421875,56.13563141268631,55.635405391023134,56.04000203074419,5680500
2018-03-16,56.31953048706055,56.393097584441,55.738385214520584,55.86344591263842,4951000
2018-03-19,55.83403015136719,56.26069469776926,55.480927103080035,56.24597903071675,3999400
2018-03-20,55.642757415771484,56.18711915498578,55.42942517458631,55.79723822234386,5677000
2018-03-21,55.23080062866211,55.79723017102727,54.936549110439046,55.576545741645646,5905400
2018-03-22,54.90711975097656,55.88550359883155,54.885051870742025,55.098384066976756,5605700
2018-03-23,53.92875289916992,55.0469078240792,53.788987742842984,54.89242700137113,9530900
2018-03-26,54.542274475097656,54.63883372673138,53.985190099688225,54.24516167482157,6979200
2018-03-27,54.750282287597656,55.47077938856693,53.977790842587225,54.616581736212034,9132000
2018-03-28,56.124412536621094,56.22840120461186,54.84683099621176,54.94339595002989,8917300
2018-03-29,56.057559967041016,56.414090891186056,55.82730017574081,56.280390377892445,5993400
2018-04-02,55.29991149902344,56.206103067848964,54.92852188340352,55.960984561470426,6487700
2018-04-03,55.76786804199219,56.020410269533826,55.02508878410829,55.389049033723715,9987300
2018-04-04,56.35466384887695,56.5180705239566,55.3296248550012,55.45590163463705,5502800
2018-04-05,56.3323860168457,56.44380405834031,55.8495839486307,56.39180972790376,4195900
2018-04-06,55.90898513793945,56.63691121156149,55.72329034708187,56.20609793670263,4817500
2018-04-09,55.73073959350586,56.17640611705337,55.64160968897074,55.94614630772791,4466300
2018-04-10,55.67131423950195,56.07241579896835,55.58218433759196,55.96842713543526,7318500
2018-04-11,55.79015350341797,56.21353747642731,55.51532312316561,55.56731744732618,3892500
2018-04-12,55.16620635986328,55.88670306013644,55.00279970300961,55.87927934865809,4049600
2018-04-13,55.45590591430664,55.50047085940792,55.03251626801892,55.114222445342186,3817100
2018-04-16,55.79758834838867,55.98328319100144,55.38905742785784,55.52275794121731,4279000
2018-04-17,56.45124053955078,56.76320656141003,55.75302601418777,55.92386778822938,4503600
2018-04-18,56.3323860168457,56.659210760708035,56.32496230318119,56.58493395536396,4122900
2018-04-19,55.51531982421875,56.20610475670645,55.121647726545675,56.14668105635233,6917900
2018-04-20,55.0028076171875,55.678733811070764,54.928525156073086,55.455903428595946,5171200
2018-04-23,54.95824432373047,55.24792782638266,54.71313143707186,55.02509741424238,4325700
2018-04-24,55.16620635986328,55.396471755664756,54.85424046911264,55.00279970300961,5852200
2018-04-25,55.0622444152832,55.270227443537,54.63143659558123,54.98796759581445,4055400
2018-04-26,55.78273391723633,56.094699916970356,55.151372536739196,55.22564934615816,5551000
2018-04-27,56.740901947021484,56.92659674477112,55.68615685587289,55.753004262924115,6278700
2018-04-30,56.5180778503418,56.9786030860527,56.50322475684769,56.7631963951697,6625500
2018-05-01,57.03058624267578,57.142004256405635,56.40665443291753,56.51064306787724,5251600
2018-05-02,56.822628021240234,57.06774660022518,56.32496714896714,56.90433421423521,5361800
2018-05-03,56.78548049926758,57.02316967069442,56.57007946915685,56.64435627267333,5839500
2018-05-04,57.409420013427734,57.557973625370224,56.755776187140945,56.755776187140945,3746600
2018-05-07,57.795654296875,57.86250737927798,57.45397650613814,57.491117737134935,4670300
2018-05-08,57.505958557128906,57.78821825177312,57.32026377568613,57.78821825177312,4311600
2018-05-09,57.892234802246094,57.907087898466195,57.31286771138069,57.38714452639666,4685300
2018-05-10,58.3453254699707,58.456737848950795,57.98878885636274,58.1076362832178,3664000
2018-05-11,58.14479064941406,58.58303359390925,58.0556607174184,58.37505052968159,2694500
2018-05-14,57.64710998535156,58.22647701363335,57.37227956582633,58.10020587505032,3536200
2018-05-15,56.71119689941406,57.35741691317305,56.54036083849505,57.35741691317305,5134300
2018-05-16,56.54036331176758,57.00831223857272,56.45865713403005,56.82261741043405,4400400
2018-05-17,56.25811004638672,56.71120593275374,56.13926828946395,56.51808170242754,3998100
2018-05-18,56.3323860168457,56.54036900554891,56.07984374528444,56.32496230318119,3343800
2018-05-21,57.000892639160156,57.09745759321341,56.15412453091217,56.45866682145337,3671500
2018-05-22,57.08259582519531,57.156872631893144,56.76320045613327,56.99346592394076,3470800
2018-05-23,57.654544830322266,57.83281031739082,57.038036506636345,57.04546588812685,3983200
2018-05-24,57.53567886352539,57.8922153897888,57.22371294489229,57.66937935250469,3173500
2018-05-25,57.736244201660156,57.95164523680642,57.50597873833213,57.587684924197404,3597300
2018-05-29,58.01105499267578,58.107619916536194,57.43168811733577,57.595100449755904,4611800
2018-05-30,58.79840087890625,58.97666629011361,57.81050323850398,57.97391556000875,4901800
2018-05-31,58.597877502441406,58.82071363139655,58.37504137348626,58.61273626674944,5430500
2018-06-01,58.857826232910156,58.99895610395512,58.25617685332845,58.375018586611624,7233800
2018-06-04,59.3703498840332,59.38520297662455,58.76127108257395,58.97667776036466,5391500
2018-06-05,59.2143669128418,59.6451802684401,59.095519504281015,59.58575656415971,5543000
2018-06-06,59.355499267578125,59.355499267578125,58.91725651394067,59.2143693807693,4006100
2018-06-07,59.355499267578125,59.511482247597925,58.99896269399245,59.36292298070532,3353300
2018-06-08,59.57088851928711,59.622882835689,59.266351999491874,59.400052479804664,2773200
2018-06-11,59.48177719116211,59.622901427140526,59.37035914500014,59.504059667003055,4168300
2018-06-12,59.83830261230469,59.99428559574311,59.28864748014689,59.44463046358532,3287900
2018-06-13,58.6721305847168,59.94228240516575,58.53843009482976,59.83829376491537,7230900
2018-06-14,59.229217529296875,59.429771106119766,58.86525727296882,58.86525727296882,4458200
2018-06-15,59.19207000732422,59.61545387991221,59.0732226277427,59.21435247425702,11131800
2018-06-18,59.20859909057617,59.2610754604312,58.80377892905366,59.058662519922265,6391600
2018-06-19,59.14860534667969,59.433476159614585,59.02865612892173,59.02865612892173,11275400
2018-06-20,59.80830001831055,59.890763663419186,59.1560948318056,59.19357466717784,7327500
2018-06-21,60.093204498291016,60.168169923445014,59.68838433906505,59.97325524244837,3719700
2018-06-22,60.56548309326172,60.60296294068801,59.95075754442451,60.220637611669574,4391700
2018-06-25,60.40804672241211,60.64793945108973,60.040706513269974,60.46052307807616,5904500
2018-06-26,60.60296630859375,60.850357337232474,60.25062826963247,60.528000890080605,3751000
2018-06-27,60.370548248291016,60.91780645702333,60.35555745823335,60.76037742370124,4559900
2018-06-28,60.91032791137695,60.98529332490745,60.303100626437136,60.37056778276625,3896700
2018-06-29,61.06024932861328,61.322636814775876,60.43803134465341,60.79786756194423,5235400
2018-07-02,60.72290802001953,61.12772809315896,60.033217104075675,61.11273157962003,7926500
2018-07-03,61.180206298828125,61.60751543568398,60.60296061952637,60.75289716197227,7325300
2018-07-05,61.90739059448242,61.93737790674665,61.12773763409754,61.360132154776544,7214700
2018-07-06,62.237205505371094,62.34216390056152,62.02730015397395,62.06478570364852,7887400
2018-07-09,61.74245071411133,62.319690629510056,61.42759257843929,62.319690629510056,6621300
2018-07-10,61.8698844909668,62.01982100252716,61.49505179130555,61.85489369955731,4561900
2018-07-11,61.667484283447266,62.00483146327553,61.60750967207974,61.794926042982944,5127900
2018-07-12,61.85489273071289,61.9598454274147,61.532536385273616,61.86238526655373,4042100
2018-07-13,61.667484283447266,62.14726973539995,61.62250046517475,61.88488796003422,5013800
2018-07-16,61.33762741088867,61.622498225289156,60.992781987300646,61.55503107957333,3023900
2018-07-17,60.932804107666016,61.51754221712599,60.86533696557136,61.43507856379259,4031200
2018-07-18,60.66292190551758,61.06024364657076,60.38554937206167,60.84284571691349,5185600
2018-07-19,61.37511444091797,61.58501985860626,60.460521647138684,60.63294150331392,4358700
2018-07-20,60.78287887573242,61.3226389398672,60.61795155396972,61.16520415491643,3265500
2018-07-23,60.65542984008789,60.85783698011183,60.29558793399826,60.75288428239674,4379600
2018-07-24,60.34809112548828,60.74541304635046,60.198160267633135,60.640460301952736,4174900
2018-07-25,60.827850341796875,60.93280304065731,60.26560128954746,60.37805224389597,4521400
2018-07-26,61.030250549316406,61.337610326680704,60.76037060263501,60.91030136435048,4385400
2018-07-27,60.378055572509766,61.1801973691609,60.31808096428511,61.14271180914713,4788000
2018-07-30,60.41554641723633,60.557984707840525,59.96574821261114,60.35557751758226,4002000
2018-07-31,61.4276008605957,61.70497347106414,60.60296412813655,60.60296412813655,5737300
2018-08-01,61.862403869628906,61.8699021272176,60.82036912509412,60.98529647507713,7798900
2018-08-02,61.61500930786133,61.967353008166896,61.480069289010125,61.73495281378802,4748200
2018-08-03,62.282203674316406,62.31219097707428,61.58501461380192,61.64498921931768,4342700
2018-08-06,62.19974136352539,62.507101214311696,62.049804846501196,62.312192321420206,4655000
2018-08-07,62.08728790283203,62.50709869459018,61.772429809013424,62.312189809555655,3047100
2018-08-08,61.727447509765625,62.07229863373039,61.58501497020788,62.049803866911915,2415400
2018-08-09,61.7574348449707,61.95984770999029,61.61500230533853,61.72744754202361,3720900
2018-08-10,61.2851676940918,61.84741693899172,61.17271670121279,61.83991868093443,4524100
2018-08-13,61.16521453857422,61.36012919915545,61.007785446391395,61.21769662212988,2755400
2018-08-14,61.46506881713867,61.62249787574281,61.157708955909705,61.157708955909705,3249400
2018-08-15,61.937374114990234,62.01233953131398,61.33014108793023,61.50256669302002,5202600
2018-08-16,62.43964385986328,62.44714211676331,61.8923854960452,61.944861855357,3329800
2018-08-17,63.01688003540039,63.024378291851015,62.304700098925316,62.304700098925316,4698400
2018-08-20,63.06187057495117,63.384227002754386,62.97190864643825,63.099350422210705,4629200
2018-08-21,62.679508209228516,63.084328106019626,62.529577456116975,62.97187718144016,3149000
2018-08-22,62.327186584472656,62.70201931866818,62.094792119509385,62.61955565958567,2954900
2018-08-23,62.16975402832031,62.4471322950532,62.147264980651514,62.334681337215905,2528800
2018-08-24,62.53708267211914,62.54458092714279,62.07229381152314,62.16974824885942,3897100
2018-08-27,62.31219482421875,62.64204373593389,62.1022836919537,62.589567382741016,4479000
2018-08-28,63.15180587768555,63.15930413245296,62.237213258808964,62.402140546736554,4653100
2018-08-29,63.166812896728516,63.30175290752996,63.024374629912124,63.144323848177194,3564900
2018-08-30,62.761993408203125,63.249277102513986,62.70951705463079,63.23428059035413,2968300
2018-08-31,63.009395599365234,63.14433563535599,62.76200458013309,62.8069826856318,3305800
2018-09-04,62.25971984863281,63.02437611486177,62.18474872570395,62.866947051799734,4718600
2018-09-05,62.61954879760742,62.83695244595653,61.907368968475495,62.23721784916638,5407700
2018-09-06,62.79948043823242,62.971906030846725,62.70202597601212,62.71702248988862,3760300
2018-09-07,62.11729049682617,62.63456157793447,62.04981762040163,62.63456157793447,4234400
2018-09-10,62.394657135009766,62.74699508770202,62.304695223124035,62.40964792724401,3089200
2018-09-11,62.38715744018555,62.597062843584034,62.132268222135046,62.22972838763668,3980300
2018-09-12,62.41716003417969,62.57458912529494,62.20725457935934,62.40216351912413,2827800
2018-09-13,62.724517822265625,62.91943247488562,62.477126807728084,62.679539717620436,3813600
2018-09-14,62.327186584472656,62.68702852587755,61.87738844733675,62.63455217186993,5215800
2018-09-17,62.529598236083984,62.65703999052967,62.12477820476224,62.319687104681456,4414700
2018-09-18,62.22975158691406,62.6195752357672,62.124798846088396,62.44715532705163,8039400
2018-09-19,61.50255584716797,62.282208622332924,61.40510139508247,62.25971957335116,4410600
2018-09-20,62.079795837402344,62.11728139875834,61.300143061045645,61.51005419734808,4308300
2018-09-21,62.05731964111328,62.37967608925983,61.89989054590146,61.98985248009171,7292200
2018-09-24,60.942901611328125,62.037549598244105,60.692043814385904,61.90832193302316,4111200
2018-09-25,60.95050048828125,61.284977526416725,60.874484561335045,60.958103820868914,4781800
2018-09-26,60.22072219848633,61.0265012634135,60.19031467532881,60.94288202464083,8971900
2018-09-27,60.50959014892578,60.790855412478955,60.342351657064036,60.52479681162732,4942200
2018-09-28,61.33059310913086,61.33059310913086,60.53241128355924,60.59322635209966,6092300
2018-10-01,60.760459899902344,61.4370115328212,60.7528565670483,61.26977300789409,7215600
2018-10-02,60.623626708984375,60.95810374671295,60.532404116973815,60.77565856269184,5746700
2018-10-03,59.97747039794922,60.8288578844872,59.62779256602936,60.6236143438803,7104300
2018-10-04,59.47577667236328,59.7874495622952,59.08809364295522,59.73423782494639,6759300
2018-10-05,59.44538116455078,59.817869201003525,59.407376087123026,59.49099537696788,4971600
2018-10-08,60.30434799194336,60.532395740949,59.44535131839174,59.53657389777958,5246900
2018-10-09,60.387962341308594,60.654020926721266,60.02307785299821,60.31954396240694,5852000
2018-10-10,59.490966796875,60.578011242984836,59.475760133492884,60.24353424429172,8837400
2018-10-11,57.78820037841797,59.58980784572604,57.719787768091685,59.58980784572604,12471700
2018-10-12,57.63614273071289,58.586356113769774,57.30166576399135,58.411514299444725,10167900
2018-10-15,58.02385711669922,58.56357786138899,57.567755650729175,57.61336405743274,8526800
2018-10-16,59.21730041503906,59.33132718328931,57.86419745756339,58.130256050385746,5315400
2018-10-17,58.9892692565918,59.29333882072957,58.57117868059133,59.1565078068498,5088900
2018-10-18,58.875213623046875,59.43014074091014,58.70037762401773,58.981637048449414,6818700
2018-10-19,59.38454055786133,59.574583243697184,58.91323260911709,58.91323260911709,5357300
2018-10-22,58.55596160888672,59.734228785710066,58.555961608886726,59.43776260825141,7499300
2018-10-23,58.81443405151367,59.186916228339356,58.10747476917004,58.35832679866387,6988400
2018-10-24,59.369346618652344,59.88626306689206,58.85243017041262,58.96645696627974,6016200
2018-10-25,60.129512786865234,60.45638648278423,59.186902561283375,59.44535786521578,6215700
2018-10-26,58.685184478759766,60.19032524124081,58.28989820760684,60.19032524124081,11721400
2018-10-29,59.430171966552734,59.84066502291771,59.05768978193527,59.080493985125855,7159600
2018-10-30,60.2435188293457,60.6996200201759,59.36932149713041,59.521359093834675,9053000
2018-10-31,59.536563873291016,60.34234289012776,59.42253711816616,60.22071860439848,8322000
2018-11-01,59.817848205566406,59.93947253015015,59.31613264259417,59.582191289786934,6062700
2018-11-02,59.32372283935547,59.94706258888678,58.64717137216815,59.93185592690378,7609100
2018-11-05,60.20553970336914,60.40318578340642,59.43016785036807,59.44536871822739,6753000
2018-11-06,60.50959014892578,60.53239434333556,60.11430391332372,60.26633574248393,4127900
2018-11-07,61.23176956176758,61.25457376128897,60.44878864712242,60.77566237276455,7559200
2018-11-08,61.277374267578125,61.32298266387205,60.775658709771086,61.13293994645608,3559700
2018-11-09,61.269752502441406,61.47500182330331,60.93528136416996,61.208937459249604,3388500
2018-11-12,61.391414642333984,61.900727845792574,61.22417608605928,61.353403770582545,4969800
2018-11-13,61.33059310913086,61.672667720293475,60.95811096369804,61.437016579254525,4882600
2018-11-14,61.17854690551758,61.57383315914084,60.88967829744405,61.414197991352054,4545800
2018-11-15,60.760459899902344,61.026518553357455,60.15232086373894,60.99611102158492,6413700
2018-11-16,61.41420364379883,61.505426233635276,60.58561440180349,60.64642946169446,4347600
2018-11-19,61.497840881347656,61.94633902997338,61.125358679988736,61.520645085563196,7117500
2018-11-20,60.866878509521484,61.68026107075934,60.8592751772735,61.19375220046622,5295700
2018-11-21,60.92009735107422,61.42941047795281,60.60843028822459,60.85928228527394,4139600
2018-11-23,60.798465728759766,61.07972522498336,60.44118450957966,60.722444005803254,2815500
2018-11-26,60.9124870300293,61.1785514624715,60.63122753234603,61.01891048314889,4422200
2018-11-27,61.17096710205078,61.17857043667266,60.61603966755382,60.85929417864885,5183600
2018-11-28,61.718265533447266,61.771477254379775,60.92768725127678,61.1937458559393,8681300
2018-11-29,61.73347091674805,62.03754040132981,61.31538045013579,61.68025919191947,5681000
2018-11-30,62.318809509277344,62.372021237367484,61.67265964006984,61.885512352073796,6641000
2018-12-03,62.65329360961914,62.75971708765454,61.99954607331902,62.69890781423758,7407000
2018-12-04,61.72587966918945,62.81292437462765,61.56624446345094,62.600077433642966,9346700
2018-12-06,63.25382995605469,63.329845898219276,60.82888254338535,61.38380994051163,15059500
2018-12-07,62.42523193359375,63.16259278218504,62.18957502768125,63.04857179505045,9987800
2018-12-10,62.02236557006836,62.51647801115989,61.254596832007415,62.46326625902056,5804300
2018-12-11,62.0527458190918,62.630477302226225,62.052745819091804,62.37961952406534,5108800
2018-12-12,61.09492111206055,62.5240399370359,61.01130187127369,62.425219834125144,6943900
2018-12-13,61.44801712036133,61.92495678857111,61.117237613316824,61.1710851670709,6131600
2018-12-14,61.27109146118164,61.54802341222203,60.955694456796635,61.21724390786507,10390400
2018-12-17,58.96333312988281,61.53263923299023,58.824867144934636,61.340325691059064,20329300
2018-12-18,59.57105255126953,59.97106218936362,59.286426358528516,59.60951174340578,9575700
2018-12-19,58.91717529296875,60.00182651240127,58.67870837335323,59.58642854765756,10760000
2018-12-20,58.03253936767578,59.01718381553111,57.609447205420516,58.840252765239676,13284100
2018-12-21,57.22481155395508,59.24794770732364,57.17096400216027,58.16330248718725,16609300
2018-12-24,55.1862907409668,57.178662029160556,55.1401373703103,56.986348492834,9335800
2018-12-26,57.03249740600586,57.03249740600586,54.6785817834054,55.30167571434248,16977000
2018-12-27,57.02481460571289,57.08635635335946,55.401687692435,56.609416612514636,12102300
2018-12-28,57.20942687988281,57.832520793959375,56.77095229795064,57.62482477891477,12729300
2018-12-31,57.36327362060547,57.478662900580176,56.38632357056376,57.16326592657881,15750600
2019-01-02,56.11708450317383,56.69402508080321,55.7939991882477,56.58632997582783,12880400
2019-01-03,56.5094108581543,57.36328345990902,55.93247022826292,55.978623600592286,12264300
2019-01-04,57.170955657958984,57.70943109731569,56.38631917933319,56.72478694023936,9389000
2019-01-07,57.73251724243164,58.16329762074737,57.23250094963374,57.3863494079058,9227900
2019-01-08,58.924861907958984,59.071022062594245,57.94791179951294,58.101760269381586,10761000
2019-01-09,58.84023666381836,59.1325569391819,58.27868453188504,59.06332102751182,6434200
2019-01-10,59.640254974365234,59.809491774365156,58.52483914737172,58.65561090412017,8671800
2019-01-11,59.809513092041016,59.87105483560182,59.309496696260936,59.58642867334087,5141900
2019-01-14,59.60950469970703,59.955672601694644,59.371037782229784,59.61719888480284,4934500
2019-01-15,60.17876434326172,60.32491866421104,59.67105370612227,59.694130395275096,5377200
2019-01-16,60.601829528808594,60.81721971101412,60.07873657104848,60.16335498104955,6164000
2019-01-17,60.894161224365234,60.92492622564112,60.363373983733645,60.48645159566736,4327000
2019-01-18,61.10185623168945,61.15570378642921,60.63261073941019,61.1480096017683,6397100
2019-01-22,60.91725158691406,61.18648942560269,60.448005981366165,60.97109915465179,6062600
2019-01-23,60.92491149902344,61.07876581293055,60.52490202074892,61.024918270298556,3972000
2019-01-24,61.13262939453125,61.27109537890507,60.53261208522586,60.748002312264354,4142500
2019-01-25,61.89419174194336,61.94034511551911,61.2249384803763,61.34032778325942,5713400
2019-01-28,62.501888275146484,62.56343000445587,61.586474125732025,61.778787628117094,5471200
2019-01-29,62.99421310424805,63.024983970237486,62.2865007933186,62.409578388333784,4832200
2019-01-30,63.50192642211914,63.732699123919545,62.94806254748961,63.01729259734688,6635900
2019-01-31,64.16348266601562,64.20963603062197,62.90959481741251,63.42499361865862,13041700
2019-02-01,63.755767822265625,64.42502089844777,62.86343625629822,64.22501322011595,16142500
2019-02-04,64.23270416259766,64.23270416259766,63.23267169033378,63.740382109190094,13612800
2019-02-05,64.60197448730469,64.64043367843222,63.89425611701701,64.29427161356362,10279100
2019-02-06,64.17884826660156,64.53270432961436,63.97115231161575,64.3634675453602,8419900
2019-02-07,64.70967102050781,64.7865952733805,63.778874062176484,63.98657013182716,8823200
2019-02-08,64.70967102050781,64.96352046809324,64.34812057616749,64.46350988994865,6853900
2019-02-11,64.88658905029297,65.00967253645354,64.58658038895615,64.80966480591444,4999200
2019-02-12,64.47887420654297,65.04043224511908,64.24040732921445,65.04043224511908,8588900
2019-02-13,64.80964660644531,64.8711883322438,64.24808862918259,64.48656134941623,5697000
2019-02-14,65.0173568725586,65.26351796086719,64.60965312026092,64.90966176323253,6928100
2019-02-15,65.455810546875,65.4635047290626,65.03272442961978,65.18657285972324,4998600
2019-02-19,65.4404296875,65.59427812144979,65.19426867181541,65.31735211412848,5981200
2019-02-20,65.0327377319336,65.39428807246667,64.60195734437552,65.39428807246667,7918900
2019-02-21,65.09428405761719,65.15581992522314,64.44810756173905,64.66349777071741,4756900
2019-02-22,65.47891235351562,65.73276175095988,65.01735518955921,65.22505708712823,4490300
2019-02-25,64.96351623535156,65.6635403894543,64.9019803584294,65.60969282905747,4956800
2019-02-26,64.76351165771484,65.2250629945306,64.65581654142262,65.05582613494464,4777100
2019-02-27,64.4404067993164,64.71733871657436,63.96347306210515,64.54810776175444,8116400
2019-02-28,64.60967254638672,65.3250793414066,64.2481220553951,64.48659489969843,6547100
2019-03-01,64.4096450805664,64.80196042585918,63.70962106828232,64.57118772902979,10635700
2019-03-04,64.70198059082031,64.7712106617416,63.98657384657717,64.70967477723757,7103600
2019-03-05,64.87887573242188,65.16350180852434,64.54040798318161,64.67117974695493,9077500
2019-03-06,64.578857421875,65.07887359090017,64.5019332117806,64.94040766515383,5370800
2019-03-07,64.4404067993164,65.04042986600359,64.27117584449648,64.74042126713121,8328500
2019-03-08,64.50965118408203,64.74042976841545,64.22502504592991,64.33272015356732,9264800
2019-03-11,65.455810546875,65.50196977105917,64.62502080779834,64.73271588265904,4679300
2019-03-12,65.75585174560547,65.917394423694,65.47122557814824,65.54045563921028,6072500
2019-03-13,66.07892608642578,66.25585123672009,65.83276501766727,65.83276501766727,4282900
2019-03-14,66.1789321899414,66.19432055922522,65.86354104694269,66.12508463533464,4303200
2019-03-15,65.97122955322266,66.30200903239809,65.8558402709163,66.24816148318082,4742200
2019-03-18,65.64044952392578,66.17892501158563,65.32505254619456,66.00199986661568,4125300
2019-03-19,65.4404296875,65.7789032849194,65.24042202821204,65.67889652080464,6169200
2019-03-20,65.64044952392578,66.04815323157433,64.95581388863998,65.42505932886183,6499300
2019-03-21,66.80972290039062,66.84049377119196,65.540452357317,65.5481465422532,6948200
2019-03-22,66.32508850097656,67.24819106031582,66.30970013258657,66.8712581999623,8769700
2019-03-25,66.40972137451172,66.62511162730817,65.96355249717952,66.34817962544295,6324300
2019-03-26,66.94048309326172,66.97125395872791,66.48662603275584,66.55585607834793,8576400
2019-03-27,66.7481918334961,67.1482073489425,66.32510549743844,67.03281803221972,7252600
2019-03-28,67.39588165283203,67.42687253724506,66.70635072963586,66.90003932403718,5600000
2019-03-29,67.33390045166016,67.52758903069142,67.07048091050635,67.45785806856885,13743500
2019-04-01,67.29515838623047,67.42686519746874,66.55914417198724,67.40362351441566,8528500
2019-04-02,67.76776123046875,67.82974299460793,66.79931833169312,67.38813326920248,10358100
2019-04-03,67.69027709960938,67.97693237282216,67.23316904444265,67.76775133802079,5004200
2019-04-04,67.58181762695312,67.7909986792218,67.24867305415043,67.73676611671466,4249100
2019-04-05,68.0544204711914,68.09316055373966,67.4811038970987,67.58956903514579,4827100
2019-04-08,67.67476654052734,68.04665109332187,67.4578363476074,68.00016182990727,4575500
2019-04-09,67.31838989257812,67.77549793017585,67.20217558397495,67.67477610429731,3507600
2019-04-10,67.9382095336914,68.000185388208,67.41911963690625,67.55857565365493,4264500
2019-04-11,67.89171600341797,68.24810226592732,67.62055318530282,68.00793032858336,2925600
2019-04-12,68.21711730957031,68.24035899242676,67.38038126130122,67.86072513608427,4148900
2019-04-15,67.86846923828125,68.28683723100374,67.69027907582328,68.25584635255329,3468900
2019-04-16,66.3344497680664,67.91494887945262,66.07103029404962,67.88395800539742,7256100
2019-04-17,65.73014068603516,66.65210003618455,65.51321046503652,66.55913331913096,6121300
2019-04-18,66.23373413085938,66.37319012166995,65.52871089074867,65.93932966621722,4827400
2019-04-22,65.50544738769531,66.38866639828372,64.90888354928701,66.15623785406429,5012000
2019-04-23,66.3731918334961,66.46616446673613,65.48222330872213,65.79212617528336,4692300
2019-04-24,66.8613052368164,67.06273711939731,66.36546290739034,66.60563487326355,4853800
2019-04-25,66.72184753417969,66.90003772666645,66.21825601857911,66.69085665050662,3732500
2019-04-26,67.2486572265625,67.3028897763055,66.72956749513128,66.84578179055333,3109400
2019-04-29,66.59012603759766,67.38037868999699,66.51265179406393,67.17894092808459,4280600
2019-04-30,67.2254409790039,67.36489701634333,66.22601294079662,66.64437514190753,5541400
2019-05-01,67.27965545654297,68.04666641104598,67.1866887305953,67.2254228961049,7675800
2019-05-02,67.3493881225586,68.00792806200636,67.14795035971255,67.31064804515923,5675900
2019-05-03,67.92271423339844,68.01568688577156,67.34939765436437,67.58956961769483,4678400
2019-05-06,67.70576477050781,67.92269498700291,67.30289521286048,67.59729966226026,4836000
2019-05-07,66.48165893554688,67.62054860540022,66.0168075772756,67.62054860540022,7037100
2019-05-08,66.41194152832031,67.07823071912347,66.37320144779899,66.53589914635701,5976800
2019-05-09,66.58238983154297,66.71409665064718,65.82312797799507,66.29572859798688,4005000
2019-05-10,67.29515838623047,67.46560527649467,66.40418976678971,66.53589657802799,4269000
2019-05-13,67.2254409790039,67.32616284041465,66.69086442829224,66.87680384110902,5794100
2019-05-14,67.47335052490234,67.69028669848483,67.20218769655716,67.36488539356428,4740500
2019-05-15,67.93045806884766,68.0931557644751,67.18669464130518,67.41137410028774,3410600
2019-05-16,68.20162200927734,68.5037757219377,67.7522630839699,67.90721749488957,4008500
2019-05-17,68.0699234008789,68.23262111878245,67.72128627835804,67.96920745481683,5346600
2019-05-20,67.08596801757812,67.93820242571492,66.81480521085544,67.72901546702467,4221100
2019-05-21,67.6592788696289,67.82972572215512,67.20992006040615,67.30289268293996,2930100
2019-05-22,67.86072540283203,67.9072146796338,67.52758673270519,67.72901859219033,2825100
2019-05-23,68.01567077636719,68.07765252993566,67.4733392990011,67.69801872250778,3304500
2019-05-24,68.2248764038086,68.54252857219423,68.17064382760952,68.19388551585091,3121800
2019-05-28,67.55083465576172,68.6354860328969,67.5120945733326,68.43405415480419,4614500
2019-05-29,66.65210723876953,67.56631749098779,66.40418611499369,67.4501031712072,8170000
2019-05-30,66.93103790283203,67.23319167196111,66.65212582195788,66.72185679763017,3984100
2019-05-31,67.31838989257812,67.6902744979272,66.54363571643069,66.75282265409744,5369200
2019-06-03,67.4810791015625,67.70575849379051,67.00073535554115,67.55855332728486,6347800
2019-06-04,67.178955078125,67.59732317441592,66.59014006361477,67.59732317441592,6993200
2019-06-05,68.58126068115234,68.65874085416418,67.39588732932198,67.56633425249632,6775400
2019-06-06,68.71295928955078,68.86790778187583,68.21711702102336,68.79818273360138,4077200
2019-06-07,68.96862030029297,69.39473749947445,68.89114605796156,69.05384374012927,3525700
2019-06-10,68.74394226074219,69.1778027180586,68.48827195800699,69.10032848081,2945500
2019-06-11,68.92987060546875,69.10031744674161,68.41853008165016,68.94536308608244,3834000
2019-06-12,69.16231536865234,69.39474402842023,68.87566005396582,68.98412518561581,2768500
2019-06-13,69.45669555664062,69.45669555664062,69.03057850286524,69.22426699805337,2799400
2019-06-14,69.4954605102539,69.8208618186781,69.37925209035927,69.417986260022,2981700
2019-06-17,70.23921966552734,70.33218638794594,69.68139568739363,69.68139568739363,3574900
2019-06-18,70.16949462890625,70.9597413906189,69.85184844901893,70.75830953445856,4449200
2019-06-19,70.54911041259766,70.78153901999971,69.73562210850054,70.05326823365131,3694600
2019-06-20,70.905517578125,71.16118793969548,70.80480163761547,70.93650846233719,4862000
2019-06-21,69.90608215332031,70.71182141292897,69.75887694680232,70.50264035552995,7941700
2019-06-24,69.66590118408203,70.43291215230829,69.45672013605133,70.21597599576884,3773600
2019-06-25,68.6354751586914,69.8595882742674,68.6354751586914,69.6813981095009,5381300
2019-06-26,67.26419067382812,68.7362255202519,67.10149292551034,68.66649453616816,12897000
2019-06-27,68.13006591796875,68.17700228403856,67.5590595125915,67.68420923069068,6924500
2019-06-28,68.36475372314453,68.80278684111293,68.16137864647906,68.21613278622512,9638200
2019-07-01,68.33345031738281,68.81841971509576,67.52777987415587,68.81841971509576,9746000
2019-07-02,69.52239990234375,69.52239990234375,68.39602840963842,68.39602840963842,7633700
2019-07-03,70.3515396118164,70.40629373867391,69.57715214486451,69.63190627172202,5418000
2019-07-05,70.10120391845703,70.32804405116052,69.00611588627628,69.858716346119,5375100
2019-07-08,70.3515396118164,70.46886562097374,69.92132435239868,70.03083260611369,4509700
2019-07-09,70.586181640625,70.70351359100961,70.01517529930459,70.20290283926943,4906800
2019-07-10,70.99292755126953,71.18065508051171,70.5157820233098,70.88341932856571,6833700
2019-07-11,70.06993103027344,71.00075099789636,69.80397820541614,71.00075099789636,4020600
2019-07-12,69.97607421875,70.21855591324794,69.67101467801004,70.12469511163681,2948600
2019-07-15,69.92131042480469,70.38281451732165,69.85091483333235,70.06993129713658,3185700
2019-07-16,69.7570571899414,70.06211672834297,69.46763912910451,69.82745279061015,3611600
2019-07-17,69.52239990234375,70.15599020772744,69.11565580148535,69.93697369436119,6422000
2019-07-18,69.52239990234375,69.71013345758831,68.96703489552151,69.34249603825822,7048200
2019-07-19,68.38817596435547,69.63970263493717,68.29430922615563,69.5927722497122,5064600
2019-07-22,68.32561492919922,68.5915677689123,68.06748581152954,68.46641208722346,3265200
2019-07-23,69.0999984741211,69.0999984741211,68.27868666643634,68.48987942619769,4239800
2019-07-24,69.15475463867188,69.22515023201436,68.75582837314417,69.18603759054551,2946100
2019-07-25,68.74800109863281,69.17821626155327,68.50551944375995,69.13127990066592,5629200
2019-07-26,69.06088256835938,69.17821451599079,68.54462438588148,68.84186611558114,3111900
2019-07-29,69.24860382080078,69.72574932152523,69.13127188381522,69.17820823925958,4898200
2019-07-30,69.80397033691406,70.05427569034349,69.1860276901898,69.20167513163871,3818100
2019-07-31,69.53022003173828,70.38282680641704,69.13129370715457,69.88220998606079,5979800
2019-08-01,69.53022003173828,70.17945178262407,69.10782850590002,69.6240868045086,8371300
2019-08-02,69.8665542602539,70.23419158561032,69.35811978833017,69.47545173842809,4794000
2019-08-05,68.48988342285156,69.73359275813743,67.62163519852517,69.69448011216703,6840000
2019-08-06,69.24860382080078,69.63188257838674,68.47422258509644,68.64630863030857,7789000
2019-08-07,69.92131042480469,70.39063227120675,68.33343509447295,68.99048448588564,8674600
2019-08-08,71.14938354492188,71.14938354492188,69.60062060677414,70.07776028354037,5766700
2019-08-09,71.06333923339844,71.29800317391785,70.39846602559597,71.02423255514647,3304800
2019-08-12,70.87561798095703,71.16503607103546,70.50798055964869,70.9773025147807,2944000
2019-08-13,70.977294921875,71.19631141299014,70.4062884940036,70.83649775362214,4540200
2019-08-14,69.8978500366211,70.77392191986284,69.73358767746666,70.66440771267509,4645100
2019-08-15,70.59400177001953,70.7426226307945,69.92130498764418,69.99952429467025,4582900
2019-08-16,71.32146453857422,71.45443797943268,70.59401352339043,70.75827588581883,3951100
2019-08-19,71.83770751953125,72.00197582843258,71.31363157856285,71.62651478598083,3255600
2019-08-20,71.32929229736328,72.1271389554151,71.27453817345534,72.07238483150715,2556300
2019-08-21,71.62651824951172,71.77513912296583,71.24323943496026,71.52483373847798,2739400
2019-08-22,71.9550552368164,72.0098093625323,71.21978640116767,71.61870675948964,2587300
2019-08-23,70.94599914550781,72.3930833335492,70.71134119958982,71.89247255428937,5776500
2019-08-26,71.4935531616211,71.55613100698268,71.00076008908835,71.33710854821713,2736200
2019-08-27,71.29017639160156,72.0645578136784,71.23542227019716,71.88465397238612,3252300
2019-08-28,71.52484893798828,71.6343571939885,71.1102811163085,71.28236125591431,3498600
2019-08-29,72.08019256591797,72.15841187304324,71.68126634150333,71.84552867679157,2688000
2019-08-30,72.13495635986328,72.36179655839918,71.81424939952761,72.28357724077507,5678300
2019-09-03,72.85458374023438,72.9328030579764,71.96287038892218,72.11930902440623,5927900
2019-09-04,73.46469116210938,73.58202310405338,73.08923610918914,73.21438580424574,4757100
2019-09-05,72.93279266357422,73.53509385662564,72.79981924558905,73.53509385662564,6036600
2019-09-06,73.09706115722656,73.36301398335782,72.9171573336755,73.14399751933858,2986400
2019-09-09,72.74507904052734,73.1048926938449,72.54952775278399,73.09706897136469,3772100
2019-09-10,71.99414825439453,72.49475897237312,71.36838187304606,72.47911749832713,5379400
2019-09-11,72.07238006591797,72.18971202874872,71.50919141853156,71.90029398279972,3972200
2019-09-12,72.45565795898438,72.87804943899215,72.0332664789766,72.62774403984882,3486100
2019-09-13,71.6812973022461,72.73727332391316,71.46228076059701,72.36963585710797,6109300
2019-09-16,72.30702209472656,72.42434805427578,71.56392386699977,71.80641144148416,4688300
2019-09-17,73.0892562866211,73.12054521096066,72.44002453401747,72.62775211230272,3674800
2019-09-18,72.83892822265625,73.50380124692327,72.2288033392786,73.50380124692327,5655000
2019-09-19,73.09706115722656,73.40994437771879,72.9171573336755,72.99537664686079,2892800
2019-09-20,73.09706115722656,73.4803459370113,72.88586841485117,73.26132947299205,6900400
2019-09-23,73.21440124511719,73.52728450037124,72.92498915740236,72.94845435718986,3515200
2019-09-24,73.05199432373047,73.58815598175225,72.80756370462333,73.41469103127916,3705600
2019-09-25,73.19390106201172,73.3673659684433,72.86274406731557,73.05197577634658,7088700
2019-09-26,73.80890655517578,73.98237145673573,73.3279378792386,73.41467033001858,2984700
2019-09-27,73.39889526367188,74.0454484280668,72.88639299912228,73.96659637299713,4090300
2019-09-30,73.52507019042969,73.89565327613246,73.4146845073142,73.47776375925692,3189800
2019-10-01,72.83120727539062,73.7064122350583,72.7129351968146,73.48563488111807,5226300
2019-10-02,72.5237045288086,72.89428155753761,72.05850261716952,72.83908872214667,3384300
2019-10-03,73.22544860839844,73.4225667478482,72.34235717805899,72.48428247908554,6634500
2019-10-04,73.66698455810547,73.69852417939241,73.31217434587094,73.36736717923115,2189400
2019-10-07,73.50926971435547,73.87196622354037,73.20964641265408,73.32791845198011,3667600
2019-10-08,73.12294006347656,73.72218086502725,72.76812983452446,73.42256347203588,3108100
2019-10-09,73.26485443115234,73.85620873492081,73.1702415925123,73.85620873492081,4166000
2019-10-10,73.38312530517578,73.5250505764017,72.97312230806031,73.23331362566871,3719700
2019-10-11,73.3515853881836,73.94293967994976,73.31216537807268,73.65120874597461,3376300
2019-10-14,73.38312530517578,73.55659019395934,73.10716117100509,73.43831813200991,1877600
2019-10-15,73.4777603149414,73.55660636838957,72.98101874863823,73.44622069044848,3218500
2019-10-16,73.48562622070312,73.5013990376239,73.02831679464121,73.43831980107498,3413900
2019-10-17,73.96659851074219,74.08487058119772,73.5250558643134,73.6354415259206,3223100
2019-10-18,74.53429412841797,74.64467978186771,73.87198020771955,73.90351982521474,2492100
2019-10-21,75.10200500488281,75.13354462649053,74.43969099782407,74.62892271190262,2591900
2019-10-22,74.88121795654297,75.29122092027504,74.73929269687294,75.26756771292445,2644200
2019-10-23,75.04680633544922,75.11776596687308,74.45545201131475,74.99161350581936,3020200
2019-10-24,74.85757446289062,75.19661784856599,74.67622315705938,75.19661784856599,3148800
2019-10-25,74.21892547607422,74.89701240979866,74.07700016400238,74.8102799404454,4184600
2019-10-28,73.76949310302734,74.2189222357048,73.68276063746077,74.2189222357048,4897400
2019-10-29,74.21892547607422,74.42393004141546,73.80103595040957,73.89565483031369,5512200
2019-10-30,74.48699951171875,74.53430593767334,73.6985269961135,74.13218327035564,3861400
2019-10-31,74.35295867919922,74.71565530500412,74.07698849351554,74.64468965236416,4723500
2019-11-01,74.33718872070312,74.73931139295385,73.68275508098621,74.43969399895275,6520400
2019-11-04,73.81678771972656,74.33717637186803,73.6590896315269,74.31352316252982,3878100
2019-11-05,72.56311798095703,73.6039013652974,72.27926742017625,73.6039013652974,9141700
2019-11-06,72.72080993652344,73.06773369162222,72.55522544374806,72.71292352839917,4500400
2019-11-07,71.99540710449219,72.60253417217665,71.73521580533681,72.52368814165784,4945300
2019-11-08,71.82196807861328,72.30293685812767,71.68004878193891,71.91658695863156,7330200
2019-11-11,71.97967529296875,72.20833310351733,71.75101748242018,71.82986355126499,3525200
2019-11-12,71.43561553955078,72.44485949351248,71.37253628853605,72.00331676754637,5701600
2019-11-13,72.09004211425781,72.2161945882601,71.47503451652298,71.51445453283775,4316000
2019-11-14,72.64985656738281,72.66562938629588,72.14523464238641,72.22408069024813,5136200
2019-11-15,73.04408264160156,73.06773585110658,72.5788868131575,72.76811850476466,2785200
2019-11-18,73.39889526367188,73.72217184586934,73.09927790733563,73.14658432792368,3251900
2019-11-19,73.52507019042969,73.73795514627567,73.3279520397851,73.59602983718882,4065100
2019-11-20,73.48562622070312,73.70640354862434,73.16235566063234,73.5802450755265,5698800
2019-11-21,72.45272827148438,73.33581952407356,72.42907506200228,73.28850708954236,5002900
2019-11-22,72.18464660644531,72.64195600114797,71.79041042839934,72.5867631768442,5112000
2019-11-25,72.41329956054688,72.83119496964922,72.33445352667415,72.33445352667415,5183500
2019-11-26,73.37525177001953,73.41467780277532,72.50004677983951,72.57101243568633,4858500
2019-11-27,73.72217559814453,73.76160162768606,73.1544744599247,73.37524578799518,4121600
2019-11-29,73.38312530517578,73.99813280863245,73.35158568761814,73.72216867446176,3531100
2019-12-02,72.27139282226562,73.34370989662006,72.2319667907195,73.09139893520117,9430800
2019-12-03,72.73657989501953,72.83119874991803,72.17676520522944,72.23984444182844,4762900
2019-12-04,73.03618621826172,73.3042699255477,72.51579763380781,72.59464365986857,4129800
2019-12-05,73.07561492919922,73.10715454389782,72.66561196925021,73.02042210736828,4846800
2019-12-06,73.22544860839844,73.61968488729794,73.05198368319174,73.05198368319174,4486000
2019-12-09,73.36738586425781,73.50142477718822,73.020455957314,73.32795982371631,3961000
2019-12-10,72.94158172607422,73.54870281322242,72.77600324776107,73.39101074308616,5227100
2019-12-11,72.2004165649414,73.02042857301439,71.97964525806925,72.99677536378765,5112100
2019-12-12,71.22272491455078,72.46851295281701,71.1202196359234,72.20831557478014,7923900
2019-12-13,71.23848724365234,71.5933034683891,70.7102121266876,71.25426006194337,6814200
2019-12-16,71.7509994506836,71.90869154874363,70.94676012566869,71.44349564856896,5185200
2019-12-17,71.0728988647461,72.00329650084547,70.95462680627553,71.97175688421552,9649900
2019-12-18,71.93916320800781,72.13839652440102,71.10238692722731,71.10238692722731,6340700
2019-12-19,72.57671356201172,72.61656265805668,71.82759433321908,71.90729252530899,6117400
2019-12-20,72.97518157958984,73.293956113612,72.72016316839583,72.77594825584082,9514600
2019-12-23,72.60858917236328,73.35770837587397,72.53686201792675,73.35770837587397,5369100
2019-12-24,72.79985046386719,72.9273627010845,72.52092504510196,72.78391447427408,1962000
2019-12-26,73.1186294555664,73.13456544613565,72.75204087128895,72.85564001028526,2243900
2019-12-27,73.34974670410156,73.46131688736206,73.07878620181252,73.28599057649015,4195900
2019-12-30,73.42146301269531,73.48521913616042,73.01503140587201,73.23020072241854,3466500
2019-12-31,73.94744110107422,73.97931916245757,73.3178630690195,73.38958414704317,4649500
2020-01-02,73.07878875732422,74.30606689622569,72.60062994375566,74.2662238751645,5106600
2020-01-03,73.53303527832031,73.68445455582327,72.54483965700338,72.71219492576617,5015500
2020-01-06,73.62068939208984,73.88367881648063,73.21425782361466,73.45333414387335,4889000
2020-01-07,72.79985046386719,73.46130651416624,72.40138384274024,73.46130651416624,6529100
2020-01-08,73.02302551269531,73.16647380769844,72.56877359187224,72.83176314606482,6766100
2020-01-09,72.983154296875,73.21426568736408,72.80782799511648,73.00706132345687,4213800
2020-01-10,73.54100799560547,73.62867114983602,72.94330798773466,73.14254132369159,5838800
2020-01-13,74.42561340332031,74.4335844401461,73.5888308600805,73.6127439705579,5552600
2020-01-14,74.14669036865234,74.39373779734872,73.7322815616754,74.35389477214082,4120700
2020-01-15,74.81610107421875,74.97549139306786,74.32997124193719,74.36184930570701,4471500
2020-01-16,75.41378784179688,75.41378784179688,74.80812297692353,74.93562912948501,4426700
2020-01-17,75.48553466796875,75.73258208303044,75.32614433557453,75.37396447535254,3581300
2020-01-21,76.20277404785156,76.25855914275733,75.38192753692469,75.5811608873195,4217400
2020-01-22,75.69273376464844,76.62514434347622,75.56522150765366,76.38606190167056,5024300
2020-01-23,76.33025360107422,76.36213165563039,75.46159941485786,75.78036780018523,4825000
2020-01-24,76.06726837158203,76.53746210185648,75.83616310361452,76.42589194486611,3518100
2020-01-27,75.70069885253906,75.95571728685395,75.49350055474008,75.67679182434065,3047000
2020-01-28,76.00355529785156,76.24263171618067,75.68478065995892,75.82822894300458,3006100
2020-01-29,75.72462463378906,76.33029584532483,75.65290353143223,76.23466770884905,3785500
2020-01-30,75.78040313720703,75.93979348431296,75.38990742700761,75.5253846619576,4142400
2020-01-31,74.85597229003906,75.78838313033947,74.64876785437649,75.70869098742949,6370900
2020-02-03,75.1030044555664,75.66882645910337,74.79220090545623,74.81610793544631,7508200
2020-02-04,75.87602233886719,76.18682585410359,75.16675215485395,75.37395652505118,4422900
2020-02-05,75.92383575439453,76.2107322399084,75.74851552890831,76.01946994293876,4413700
2020-02-06,76.17886352539062,76.40200999271069,76.0354213451499,76.14699153875016,3327500
2020-02-07,76.16292572021484,76.3701301091659,75.96369236779405,76.28246694769119,3176200
2020-02-10,77.0156478881836,77.03158996200231,76.3780986980679,76.4657618637118,4457000
2020-02-11,77.597412109375,78.06759992577544,77.27863751378638,77.27863751378638,5362200
2020-02-12,78.05961608886719,78.29869851638455,77.40613101112093,77.72490555443785,6298700
2020-02-13,78.52980041503906,78.68121967283666,77.90022244012873,78.04367066327436,3683500
2020-02-14,79.34268188476562,79.35862395653265,78.6095046665738,78.71310381258387,3004800
2020-02-18,79.2550277709961,79.44629617330493,78.80077595572189,79.39051107599475,4186800
2020-02-19,78.18714141845703,79.2948784297087,78.17917038150796,79.2948784297087,4415200
2020-02-20,79.11953735351562,79.15938645071533,77.99586455788346,78.22697594538081,5556500
2020-02-21,79.35065460205078,79.47019582236089,78.92030985700576,79.11157216143053,3670800
2020-02-24,78.26683044433594,79.00000773146745,77.90024180077017,78.41027870313293,5214600
2020-02-25,76.14698028564453,78.59356530680968,75.9397759223852,78.45011706764839,7378900
2020-02-26,75.32614135742188,76.8721940798627,75.28629833598819,76.29840106616841,9407200
2020-02-27,71.31755828857422,74.35387825237358,71.31755828857422,74.19448794659546,11869100
2020-02-28,69.59619140625,70.28951953437048,67.46838080595093,69.73166861747825,22471800
2020-03-02,72.56877136230469,72.57674240070469,69.46073519959508,69.85123095950358,14250500
2020-03-03,72.4013900756836,74.36184529078702,71.80369009253796,72.66437952749614,14654200
2020-03-04,75.13487243652344,75.23050662376585,73.42146458250556,73.5250698053812,10638200
2020-03-05,73.52508544921875,74.46546721010408,72.64048878939779,73.89167412480184,9803600
2020-03-06,72.25794219970703,72.52890268842332,69.96277644173456,71.91526063110975,10302700
2020-03-09,66.6873779296875,68.95863658945821,66.59174374607456,68.53626291870839,14017500
2020-03-10,69.5048599243164,69.5691136336106,65.72201010750767,68.30816369467435,11782100
2020-03-11,65.32844543457031,67.9868853540089,64.6778936311388,67.9868853540089,16447000
2020-03-12,58.71046829223633,63.0715882292869,58.30889189334611,60.95929857704939,16761500
2020-03-13,63.83458709716797,63.90686790777269,58.646214628526515,62.10780735552131,10968600
2020-03-16,52.518157958984375,59.714405881035624,52.397683820679916,57.73061760333905,11396500
2020-03-17,55.554073333740234,56.62226794429891,51.755164320121715,53.51406464696359,9100900
2020-03-18,50.26933670043945,54.164629837684025,48.59074713152624,52.237061783811974,15714500
2020-03-19,50.44602966308594,51.60256861945435,48.18916913879006,49.562559723937206,13090000
2020-03-20,47.93216323852539,52.36556435814008,47.667121322402046,51.040363968878474,18838000
2020-03-23,45.707427978515625,47.78759395560513,44.63923629502909,47.69924665304464,15558600
2020-03-24,49.81957244873047,50.00429724452463,47.209325573916495,47.87594393871661,14401600
2020-03-25,52.50209045410156,55.23280453696045,49.65892936391273,50.028378844210486,15209300
2020-03-26,56.20465087890625,56.42149949756983,52.670776375252395,52.992038807870244,14486100
2020-03-27,56.26085662841797,57.69046764566214,54.132500462574505,54.44572956736083,11521700
2020-03-30,57.489688873291016,57.69047710814249,54.96778913376215,56.83110370808101,12754300
2020-03-31,56.100223541259766,57.200545116268344,54.57423194986363,57.07203772317109,16815900
2020-04-01,52.41374969482422,53.6506056536664,51.3134282315997,53.41769062301731,12174800
2020-04-02,52.59044647216797,53.68272861023801,51.53831216878961,51.65878631071163,10916700
2020-04-03,51.827449798583984,52.91170486551765,50.81547860703155,52.196899355517026,8986700
2020-04-06,55.66652297973633,55.963691745003736,53.658640822018874,53.658640822018874,8382200
2020-04-07,56.18052673339844,58.91124703292285,56.15643313374461,57.818958913113086,7675100
2020-04-08,60.01158142089844,60.36497063270868,56.30101307960053,57.023851863953354,9628300
2020-04-09,63.37678527832031,64.2441855754174,61.023547518990384,61.023547518990384,13840900
2020-04-13,60.71031188964844,63.13583656449578,60.29267516638394,62.97520846960229,10139000
2020-04-14,62.41300582885742,63.07159090588326,61.915048867176495,61.915048867176495,9400800
2020-04-15,59.939292907714844,61.176148989063755,59.29677432657329,60.48543707184852,8568200
2020-04-16,59.25660705566406,60.40511569723724,58.85503069326182,60.05172653750119,6252800
2020-04-17,61.12794876098633,61.44921104691668,60.292669268594786,60.97534779646651,8593100
2020-04-20,58.85502243041992,60.20431906376222,58.83896207430896,59.86699643731868,6631000
2020-04-21,57.78683090209961,58.26872739570234,57.015805090931075,57.3129737783103,8620400
2020-04-22,58.67031478881836,59.16023848951061,58.188418204316754,58.678341905009006,6484200
2020-04-23,58.18040084838867,59.34497015863831,57.97961261368559,58.84701313064923,7648200
2020-04-24,58.42937469482422,58.726543479953506,57.72260233399433,58.60606931692431,6419000
2020-04-27,60.42920684814453,60.64606150648685,58.83093470631343,58.95944207830425,7669500
2020-04-28,60.92718505859375,62.48530378797263,60.87899784100748,61.585770251746624,8177900
2020-04-29,61.84276580810547,62.68607870197111,61.5857571563434,62.2443422094568,7307000
2020-04-30,61.12794876098633,61.328736923746746,60.08384786360479,60.9351938404555,8606000
2020-05-01,59.0638427734375,59.730460900181754,58.43738472760769,59.49754591152769,6013600
2020-05-04,58.77471923828125,58.82290644307251,57.481642804115374,58.35708249909535,7288000
2020-05-05,59.0638427734375,59.96337588883581,58.97549549748017,59.35297819883096,7520300
2020-05-06,58.00370788574219,59.553793347229515,57.98764139506538,59.264657790755244,6266800
2020-05-07,58.830955505371094,59.67426858139113,58.509693089383894,58.549853189221395,6727300
2020-05-08,60.228416442871094,60.429204608488476,59.48951746401557,59.6099915888997,6625600
2020-05-11,59.35300064086914,60.300721309654215,59.03173825478481,59.537722376757635,6874900
2020-05-12,56.65440368652344,59.61000646721557,56.606216475569944,59.61000646721557,11764700
2020-05-13,55.281005859375,56.50982859994024,55.023997221659194,56.244786718916956,8358600
2020-05-14,55.47376251220703,55.47376251220703,53.22493226734014,54.50998162301805,8609800
2020-05-15,55.25693130493164,55.28905203409552,54.27708362100624,55.12039063191397,11916700
2020-05-18,58.52574920654297,58.97551283266101,57.03188444542824,57.03188444542824,8617200
2020-05-19,57.7386474609375,58.589987367248746,57.7386474609375,58.300851903299865,5804700
2020-05-20,58.252662658691406,58.501638027638116,57.835025962951576,58.46148407034564,5133700
2020-05-21,58.30086898803711,58.702445458138165,57.746697626045695,57.99567307668574,5385100
2020-05-22,59.08794021606445,59.1361274142431,58.05187256224454,58.300847922925456,4737900
2020-05-26,61.29661178588867,61.617874080747214,60.678186923530085,60.84684824962788,6001000
2020-05-27,62.51742172241211,62.862777730687704,61.01552965072461,62.645929133663785,5880500
2020-05-28,62.81458282470703,63.304506546872844,62.30859874188638,63.20009888369172,5642800
2020-05-29,62.1881103515625,62.75834800157762,61.75440718234639,62.308584475383945,8989500
2020-06-01,63.62576675415039,64.08356361193869,62.059615094033845,62.13190203345814,11218300
2020-06-02,64.1397933959961,64.33254838322387,63.473174994352284,64.09963329852047,7162100
2020-06-03,66.19586181640625,66.47696411128112,64.79034421446146,64.80641070420884,7485600
2020-06-04,65.53726196289062,65.95490481660836,64.94293065459748,65.8745846410379,5503500
2020-06-05,68.0190200805664,69.12736886065183,67.70579094429074,67.85838582634155,6158800
2020-06-08,69.70562744140625,69.71366068457188,68.80609416150014,68.92656829870789,7130500
2020-06-09,68.5490951538086,68.9908316764081,67.70578833007775,68.43665424397781,7168900
2020-06-10,66.80625915527344,68.35634451334366,66.28420853938172,68.35634451334366,6433900
2020-06-11,62.51742172241211,64.75821915365549,62.42908053663987,63.906879000610346,8611900
2020-06-12,64.75823211669922,64.99114725053892,62.999330997989205,64.69398452578318,8871700
2020-06-15,65.67378234863281,66.01111108188125,62.629839528593926,62.766373993621656,6138600
2020-06-16,66.96687316894531,68.13947543252537,65.8745849537479,67.95475373400221,5811700
2020-06-17,65.99506378173828,67.42467477831623,65.98703666562774,67.36042721158418,5041500
2020-06-18,65.27222442626953,65.63364685764179,64.91080812246676,65.20797686014136,5005900
2020-06-19,64.32450103759766,66.21994202461978,63.995211595249415,66.21994202461978,10402000
2020-06-22,64.26024627685547,64.43694084311133,63.19205176454034,64.20402583555301,3995500
2020-06-23,63.995216369628906,64.99915738563867,63.80246141027454,64.89474972589873,3958100
2020-06-24,62.17206573486328,63.352695290025025,60.76654823210069,63.19206716930874,7034900
2020-06-25,62.96615219116211,63.03104215184724,61.66838391869575,61.78193825577111,6626000
2020-06-26,61.75758361816406,62.98235488083021,61.684587080113594,62.74713350003704,7277100
2020-06-29,62.94992446899414,62.99858883894773,61.514263672898856,62.3578144854909,4687100
2020-06-30,63.69612503051758,64.00434913473357,62.7633523052367,63.16079852506839,5212200
2020-07-01,65.16422271728516,65.42378245710454,63.75290066736365,63.91512550475076,5023700
2020-07-02,64.97767639160156,66.42955629852516,64.68567785231832,66.24299926966549,4588100
2020-07-06,64.94522094726562,66.28354633842281,64.83977945384804,66.18621144494519,6174300
2020-07-07,63.655574798583984,64.47478705808975,63.57445928214216,64.18278852598539,3389200
2020-07-08,63.566368103027344,63.98002763366286,62.99048368839563,63.74480619305329,3848100
2020-07-09,63.16890335083008,63.50957241371905,62.171246905337085,63.452795267945014,3455900
2020-07-10,63.36357116699219,63.67990185327283,62.90934782680505,63.03912769207126,3809900
2020-07-13,62.6092529296875,63.95568521608902,62.455140861608584,63.59069011492331,6071800
2020-07-14,63.136474609375,63.323031672431284,62.4064843156021,62.584928587678625,3473900
2020-07-15,63.752899169921875,64.39367333899953,63.3067948011363,64.1990097269521,3547200
2020-07-16,62.990474700927734,63.6312427894867,62.7471405037756,63.404134172542406,3605400
2020-07-17,63.80967330932617,64.07733963093784,62.83634910668562,63.20134413561473,3720500
2020-07-20,63.0472412109375,64.07734260337938,62.8282392328254,63.752899124700676,4364100
2020-07-21,63.20135498046875,63.86646141032383,63.03102352519134,63.574462861778144,3007200
2020-07-22,64.16658020019531,64.23147014924002,62.747145053134425,62.909363737500065,2682400
2020-07-23,63.898895263671875,64.40989572884347,63.11212187743477,64.03678172420464,4630900
2020-07-24,63.4284553527832,64.07734230714071,63.32301385270407,63.744786041265215,2702200
2020-07-27,64.02870178222656,64.10169834293187,62.641711434603394,63.39604016979286,4111800
2020-07-28,65.30211639404297,65.61844709657275,63.86645595495098,64.00434861594067,6613300
2020-07-29,66.56745147705078,66.56745147705078,65.55356924656796,65.66712356132234,5429600
2020-07-30,66.13754272460938,66.1943198616607,65.2696600935426,65.69954501525177,6602700
2020-07-31,66.015869140625,66.10509123121125,64.98576798782454,66.06453348521997,9312300
2020-08-03,65.139892578125,66.04022034201517,64.7911169021293,66.04022034201517,5629700
2020-08-04,66.11322784423828,66.27544651017807,64.9938980092193,65.02634298005634,4078000
2020-08-05,65.78067016601562,66.60800143453704,65.45622665263949,66.3484478614852,3374500
2020-08-06,65.88611602783203,66.07266686575281,65.46433761573739,65.5292275542512,3646500
2020-08-07,66.82698822021484,66.85943318599402,65.53733331877602,65.642774816375,4447800
2020-08-10,66.93244171142578,67.33799457396974,66.64044934358007,67.02977662620474,3410000
2020-08-11,65.96721649169922,67.70298189008555,65.71576956081074,67.58942760706921,5193800
2020-08-12,66.63232421875,66.73776571572385,66.21865864282353,66.4782121792737,2245300
2020-08-13,65.81311798095703,66.97299941434714,65.64278652142715,66.41333448428786,3585400
2020-08-14,65.82122802734375,66.43767008488507,65.56978105526046,65.64278378529927,3399300
2020-08-17,66.35655212402344,66.38899709304202,65.561672041926,65.86177717591897,2749900
2020-08-18,66.04022979736328,66.43767607712587,65.63467691550045,66.35656055015662,3635300
2020-08-19,64.88032531738281,66.24298276511449,64.75865825828747,66.19431841677384,4376200
2020-08-20,65.49678802490234,65.9185602837826,64.38557094147922,64.56401519309051,2949900
2020-08-21,65.60221862792969,65.8861105382125,64.7992258175232,65.48866433911441,3380700
2020-08-24,66.02398681640625,66.04831899050548,64.82354799214708,65.69954338918131,2553700
2020-08-25,66.19432830810547,66.34844035187123,65.56166693216437,66.19432830810547,3123500
2020-08-26,65.58600616455078,66.04833615733274,65.18856611172829,66.04833615733274,3139800
2020-08-27,66.55121612548828,66.76209912332271,65.70766556941693,65.72388495838706,4006700
2020-08-28,66.98919677734375,66.98919677734375,65.9753149552754,66.65664675759197,4548700
2020-08-31,66.30789184570312,66.91622112869122,66.05645105563993,66.90000173730621,4835100
2020-09-01,66.35655212402344,66.41332927274468,65.60222361201541,66.08077916973312,3498500
2020-09-02,67.58942413330078,67.6948656226127,65.89421038697787,66.42954299789373,3136500
2020-09-03,66.77832794189453,68.16531782533436,66.26732743498602,67.57320799314913,5716500
2020-09-04,66.42955017089844,67.40287441989727,65.31833326622497,66.97298944011871,4956900
2020-09-08,65.61845397949219,66.17811271823271,65.1480111767574,66.13756114518384,3774000
2020-09-09,66.26732635498047,67.11087693824902,65.8942185141925,65.95910844865426,3158300
2020-09-10,65.45623016357422,66.42956075591005,65.39134640801501,66.34033863023978,4308700
2020-09-11,65.09123992919922,65.68334988129,64.49102337471054,65.61034714198611,4255400
2020-09-14,66.68099212646484,66.88376853100522,65.44000152079697,65.52111084496416,3732000
2020-09-15,67.4839859008789,68.11665349003124,66.9162144355119,66.96487879304483,3017500
2020-09-16,67.84085845947266,68.53029684534565,67.5569727933183,67.889522805601,3722400
2020-09-17,66.5187759399414,67.60565453814486,66.08889093652527,67.14332456621213,5981400
2020-09-18,65.01824951171875,66.49446194763793,64.90468899672803,66.49446194763793,5024200
2020-09-21,63.06346893310547,64.21523755577233,62.71469323038291,64.20713095421156,5297300
2020-09-22,63.81779479980469,64.33690193709708,63.12835621323622,63.25812990343672,4486400
2020-09-23,61.895469665527344,63.85835002555528,61.814360338839066,63.85835002555528,7876400
2020-09-24,62.22803497314453,63.11213728226381,61.60348007176584,61.903591431100025,6813300
2020-09-25,63.51133728027344,63.56038502650988,61.89290508716794,62.08907736350105,3503300
2020-09-28,64.81098937988281,65.1215959843889,64.32872502856132,64.40229352522562,3470900
2020-09-29,64.34506225585938,64.84367158818317,63.82193217542169,64.80279951719173,3662900
2020-09-30,64.54124450683594,65.2932433348022,63.87915926006166,64.672030165371,4507100
2020-10-01,65.83272552490234,65.88994269207151,64.51672444380768,64.80281027965357,6406300
2020-10-02,66.96890258789062,67.18142617716201,64.71289973771229,64.94994408032196,3346700
2020-10-05,67.35306549072266,67.56558904151116,66.06976099669664,67.2141104228313,2654800
2020-10-06,66.91168975830078,67.90073303639018,66.65012464538627,67.52473357633833,5830300
2020-10-07,67.00977325439453,67.35307626629793,66.69916042211689,67.32855551347679,2362400
2020-10-08,68.12960052490234,68.3176033697031,67.25499160942918,67.36942595454124,2269000
2020-10-09,67.85984802246094,68.56280529874932,67.62280994585015,68.54646021064627,6556200
2020-10-12,68.17866516113281,68.36666181630501,67.47570758917236,67.94162074861539,5655800
2020-10-13,67.00977325439453,67.94159927882015,66.61742250064518,67.90072719998246,4406300
2020-10-14,66.1924057006836,67.1078807328702,66.09431641743248,66.94440483032429,4651400
2020-10-15,66.5356674194336,67.07514255097766,65.66105878922262,65.67740387482006,2915400
2020-10-16,66.06159973144531,66.56020918837609,65.9389897240321,66.54386409761621,2925400
2020-10-19,65.03168487548828,66.37220683094792,64.93360185780358,66.23325173175854,9873000
2020-10-20,65.49758911132812,65.99619850486286,65.33411327969846,65.46489269776154,4038600
2020-10-21,65.3014144897461,65.61202105302048,64.9908079264717,65.31776581403597,2685900
2020-10-22,65.2932357788086,65.57115215293229,65.00714997912445,65.2932357788086,3828900
2020-10-23,65.68559265136719,65.93898206403581,65.13794174957222,65.53846190680402,2588700
2020-10-26,64.74559020996094,65.2768960162585,64.1734185639194,65.17880677570713,2691200
2020-10-27,63.7075080871582,65.17063990945587,63.7075080871582,64.81916124559437,2264100
2020-10-28,62.18715286254883,63.2906302475889,61.950108556159016,62.677586562988544,4422000
2020-10-29,63.020896911621094,63.49498557993304,61.68037506316935,62.28524315668939,4645500
2020-10-30,62.60403060913086,63.11899139844198,61.86020736575406,62.66125401790241,3978900
2020-11-02,64.09983825683594,64.13253466432506,62.84105463141406,63.26610169257057,4254500
2020-11-03,65.33411407470703,65.71828914353512,64.50854677166392,64.73741543321171,4214600
2020-11-04,65.44854736328125,66.44576614660555,64.93359288299881,65.80002601254796,2867500
2020-11-05,65.75916290283203,66.3803823705597,65.4894283684986,65.95534141024334,3984900
2020-11-06,65.30958557128906,66.2986285905555,65.06436561376405,65.95532563898254,3696600
2020-11-09,67.62281036376953,72.16750570127185,67.48384905112125,69.09411151405438,8999300
2020-11-10,68.61186218261719,68.67724877994957,67.34490253671918,67.7209019752467,6146100
2020-11-11,68.87342071533203,69.19220295317902,68.20315982598666,68.8897658040561,3416100
2020-11-12,67.97429656982422,68.84890543685992,67.50837731540899,68.56281335371997,3939500
2020-11-13,69.78890991210938,69.94421635030267,68.38300124901868,68.38300124901868,3443000
2020-11-16,70.57360076904297,71.47273668386525,69.7398639271763,71.2520374188801,2978300
2020-11-17,70.63897705078125,70.91689342374018,69.5681961037928,70.0504541303531,3856900
2020-11-18,69.26576232910156,71.1784619129238,69.21672082876353,70.77793553948653,9655500
2020-11-19,69.53550720214844,69.61724511965632,68.4402053878954,69.16768345526128,4225400
2020-11-20,69.15950775146484,69.6008999891886,68.84890117063851,69.50281074651554,3136400
2020-11-23,69.29029846191406,70.1076902420939,69.17586411158524,69.63360774910491,4520000
2020-11-24,69.65812683105469,70.63082502168325,69.57638890224149,70.05864704758235,4805500
2020-11-25,69.69898223876953,69.8134228054137,67.86802671551223,69.71533356380583,5792800
2020-11-27,69.38835906982422,69.92784041536689,69.10227331212816,69.90331343367711,2063900
2020-11-30,68.66089630126953,69.35567793326793,68.4402033070877,69.29846076913167,6413600
2020-12-01,69.54368591308594,69.82977175500528,69.2330730822561,69.44559666605488,6489100
2020-12-02,68.99602508544922,69.79706532792548,68.9388016890696,69.38836954488987,3738500
2020-12-03,69.57636260986328,69.92784118352279,69.04505691904748,69.15131556272989,3386300
2020-12-04,70.63897705078125,70.65532837423908,69.878802651262,69.878802651262,3053200
2020-12-07,70.02594757080078,70.6962085357257,69.76438246829848,70.46733985056167,2620500
2020-12-08,69.78073120117188,70.14855496919786,69.68264195280321,69.7153383689261,2648100
2020-12-09,69.3475112915039,70.0096028325794,68.88977391887214,69.9278649069243,5024000
2020-12-10,69.0450668334961,69.49462845473924,68.79167744268264,68.97149834945823,3737900
2020-12-11,68.97966003417969,69.12679073624007,68.3093993328383,68.70991937436874,4044400
2020-12-14,68.67724609375,70.03411927363747,68.62820458861793,69.543685513706,3735200
2020-12-15,70.08316040039062,70.09951172614878,68.53829063503525,69.06959647051066,2867700
2020-12-16,70.1648941040039,70.67167915659037,69.813421691972,70.28750409500745,3419900
2020-12-17,70.84333801269531,70.90873084618764,70.23029423016344,70.50821065440388,3341400
2020-12-18,69.42106628417969,70.92506377948605,68.98784974990564,70.91689435385268,3988500
2020-12-21,69.0287094116211,69.07775714204756,68.12958001236406,68.41566578900918,4993600
2020-12-22,69.51099395751953,69.57638679306943,68.75081939381299,69.06960167186372,2828900
2020-12-23,69.06140899658203,70.23845480172436,69.00419183862108,69.78071753803678,3659000
2020-12-24,69.66605377197266,69.68266820648107,69.12620504490216,69.33384112040625,1563600
2020-12-28,70.08132934570312,70.18930416563077,69.59961844278536,70.0065833964152,5655100
2020-12-29,69.48333740234375,70.71253938643594,69.40858512224965,70.33879699561533,3880100
2020-12-30,69.86538696289062,70.4135428914931,69.52486076728684,69.65775089334197,3995900
2020-12-31,70.53813171386719,70.63779931676385,69.26739987554971,69.8404711666916,4827300
2021-01-04,68.24581909179688,70.82881220070563,68.1627659346057,70.7623671403328,5311500
2021-01-05,68.34548950195312,68.82720670470482,68.21259937572508,68.24582190728209,4932600
2021-01-06,68.46177673339844,68.91027148018716,67.88039817453402,68.3205857028958,6520100
2021-01-07,68.3288803100586,68.55313083113532,67.89700003978376,68.51990829702949,4068400
2021-01-08,68.9933090209961,69.2341676083905,68.42853869041082,68.54481437583576,4931600
2021-01-11,68.07971954345703,68.95178728545862,67.83886092808031,68.54482233919121,6565100
2021-01-12,68.2375259399414,68.29566379021463,67.4651194511397,67.98836010359875,7857300
2021-01-13,69.06805419921875,69.20924518321858,68.27903345885994,68.2873406745508,9024900
2021-01-14,69.47505187988281,69.9484620131412,69.04316517159856,69.30063828726678,5866400
2021-01-15,70.2723617553711,70.48830507226691,69.08468301727038,69.31723443398086,3939700
2021-01-19,70.0730209350586,70.74575975256427,69.7574100633993,70.71253722204487,5521200
2021-01-20,71.41020965576172,71.73412146191505,69.87369746038465,70.13117053091614,5198300
2021-01-21,71.06965637207031,71.21084734430255,70.45505552969883,71.20254646585249,4213200
2021-01-22,71.23577117919922,71.35205319345103,70.5298098969907,70.70422341354463,5272700
2021-01-25,71.77564239501953,72.32380471664278,70.81221422806892,71.21087197420344,7819700
2021-01-26,72.28227233886719,72.51482373842555,71.80886232218043,71.93344523952966,4706300
2021-01-27,71.00322723388672,72.40684906534597,70.65440016437431,71.74241112066056,5907600
2021-01-28,71.38529968261719,72.1826280060609,70.78731294486224,71.01986439897003,6237000
2021-01-29,70.56305694580078,71.70090514336084,70.18931447138434,70.98663639694378,7349800
2021-02-01,72.17430114746094,72.22413177790999,70.11454848938146,70.99492975879897,6149000
2021-02-02,72.6061782836914,72.87195219560837,71.99157730048654,72.63940081474976,3849800
2021-02-03,72.4234619140625,72.6560196455449,71.42681126819615,72.6477124281401,5148700
2021-02-04,72.92178344726562,73.3287483318837,72.340398704119,72.44006628948542,4118200
2021-02-05,73.17926025390625,73.3204512669781,72.93009442426748,73.22909088521389,2583900
2021-02-08,73.57791900634766,73.57791900634766,72.9134873456036,73.445035208819,3212700
2021-02-09,73.83538818359375,74.02640982062343,73.41180882412571,73.71080527356786,2518800
2021-02-10,74.23405456542969,74.83204753418431,73.91014276344606,74.21744646587574,3421400
2021-02-11,74.39186096191406,74.82374125781065,73.95998066601747,74.36694564399419,3717000
2021-02-12,74.4084701538086,74.48322244521626,73.84370604186635,74.2008340526942,2297400
2021-02-16,73.83538818359375,74.72407031483843,73.42842325828919,74.68254056597979,2774500
2021-02-17,73.74403381347656,73.86030951589403,73.29553910277325,73.66928152675074,2939000
2021-02-18,73.42843627929688,73.74404088231837,73.30385334717879,73.47826691752365,3254600
2021-02-19,73.85199737548828,74.2921848390921,73.49486307428232,73.69419826789736,4170700
2021-02-22,74.46660614013672,74.790517915261,73.51147891294065,73.66927802354591,3493000
2021-02-23,74.93170928955078,75.13934536878959,74.45829928234829,74.64932092677985,4378300
2021-02-24,75.50479125976562,75.73734266810543,74.75730006399439,74.94002083813298,3551200
2021-02-25,74.05963134765625,75.95327127739934,73.55299883389429,75.41342256886112,7548800
2021-02-26,72.97992706298828,74.35032003505962,72.89686756700223,74.34201915470094,6519800
2021-03-01,73.30381774902344,74.47488153451305,73.22076461346109,73.81045011346622,4834000
2021-03-02,72.59788513183594,73.32876188327648,72.11616788503281,73.32876188327648,4715600
2021-03-03,72.1826171875,72.86366334526433,72.03311894132973,72.56466685292379,6231400
2021-03-04,71.3603744506836,72.71416589938947,70.49660750069884,72.32380901139578,6869500
2021-03-05,72.14107513427734,72.39024094760101,70.13946042048012,71.90852375466851,7166100
2021-03-08,72.76398468017578,73.52808389492931,71.91682596840775,72.44838013579061,4823000
2021-03-09,73.24568939208984,73.81045965811317,73.14602181459789,73.19585243506943,3873600
2021-03-10,73.97657775878906,74.4416805215597,73.2124785523659,73.43672271683035,3429700
2021-03-11,74.84033966064453,75.27221986401692,74.04301797526894,74.49981349122345,3830000
2021-03-12,76.09447479248047,76.12769732650169,74.77390599547684,74.80712852949804,3262800
2021-03-15,77.22400665283203,77.40672106394662,75.87852269539003,76.2688795042093,6026400
2021-03-16,76.90838623046875,77.40671144802577,76.57616730658108,77.23229793870826,3122500
2021-03-17,76.97484588623047,77.00806841857711,76.05294120739912,76.76720981147656,3663100
2021-03-18,76.19414520263672,76.74230757495016,75.93667845375985,76.66755528029323,3496000
2021-03-19,75.15595245361328,76.50974372738744,75.08951372493095,76.3104085316899,4429400
2021-03-22,75.68750762939453,75.87022840819736,74.91510109680583,75.16426694727346,2677000
2021-03-23,75.57953643798828,76.1692221706898,75.1559570419588,75.6625896063243,2966400
2021-03-24,75.15595245361328,76.22735536842436,75.15595245361328,75.62106157369068,4144500
2021-03-25,75.9211654663086,76.096598737896,74.20859893494722,75.04399910837155,4218800
2021-03-26,77.55856323242188,77.6003357981753,76.15509680292776,76.2887575408611,3864600
2021-03-29,77.1074447631836,77.64210040732388,76.43076623419509,77.39147778568399,5116600
2021-03-30,77.20770263671875,77.42490852307138,76.89025278251043,76.9905031239653,5822100
2021-03-31,76.7398681640625,77.5919736223318,76.43076777429125,77.20769026871245,4430400
2021-04-01,78.13499450683594,78.17676707419842,76.85683297817044,77.14086604071882,5461200
2021-04-05,78.43572998046875,78.66129162011079,77.67551905737454,78.66129162011079,4239900
2021-04-06,78.6362533569336,78.64460914724145,78.1015975020398,78.48588099939468,5111600
2021-04-07,78.6947021484375,78.94532477653243,78.0096741883893,78.65293595948714,3038500
2021-04-08,78.4023208618164,79.01216591616974,78.32713789032563,78.71977707104094,5034300
2021-04-09,78.3104248046875,78.62788100779248,78.12663571312117,78.52763067413849,5371000
2021-04-12,78.76988983154297,78.76988983154297,77.80917827549217,78.46914523358623,2828200
2021-04-13,79.16254425048828,79.26278822009627,78.55269914977605,78.65294949298334,3975300
2021-04-14,78.74484252929688,79.64707010637004,78.63623639951645,79.23772569996467,4569100
2021-04-15,80.12323760986328,80.12323760986328,79.06227576852692,79.22935326194157,6497000
2021-04-16,80.29869079589844,80.53260189410415,80.03136291600627,80.41564634500129,3754200
2021-04-19,80.4573974609375,80.4573974609375,79.78908107327635,80.34044193375685,2882900
2021-04-20,81.11737060546875,81.26774291951088,80.29868185292722,80.33209863089199,4968700
2021-04-21,81.65200805664062,81.79403092464875,80.92521401253963,81.2176027873847,4407000
2021-04-22,81.20926666259766,81.9778334492927,81.02547756717084,81.64367841062447,3207200
2021-04-23,81.68544006347656,81.85252394712275,81.15078438300566,81.39305123409379,5225600
2021-04-26,81.9277114868164,82.41224521603372,81.7355666032996,81.95277247736234,5404600
2021-04-27,81.91935729980469,82.20339673660705,81.71050720970844,82.16997995735979,3091100
2021-04-28,81.74392700195312,82.23681654701915,81.70216080655378,82.12821041706266,3509200
2021-04-29,82.44564819335938,82.81321994916675,81.89428099925169,82.28692011500758,3319100
2021-04-30,82.77146911621094,82.95525821500414,82.04466850923757,82.19504082883209,4371300
2021-05-03,82.61273956298828,83.17245626417528,82.42895046741074,83.17245626417528,6844100
2021-05-04,82.07807922363281,82.89677431950885,81.61025709661705,82.22845153211622,6449000
2021-05-05,80.71639251708984,81.93607639027267,80.3905868565492,81.93607639027267,4580300
2021-05-06,81.1675033569336,81.2343305428852,80.41564174598648,80.77486416157238,5649700
2021-05-07,82.23680114746094,82.28692312199405,81.09230053137041,81.22596762825602,5884900
2021-05-10,82.21174621582031,83.18080724522895,82.20339042824999,82.53755182147997,3436700
2021-05-11,81.17585754394531,81.51001898774457,80.49918524111138,81.51001898774457,4036900
2021-05-12,79.12075805664062,81.14242516120748,79.06228029323904,80.9837034454593,4601200
2021-05-13,80.1483154296875,80.7163879496439,79.31291503996334,79.36303702379506,5118900
2021-05-14,81.1006851196289,81.38471824098258,80.45742314122167,80.57437870573203,3936600
2021-05-17,81.1842041015625,81.35963740554925,80.77485972559344,81.06724856557135,3320200
2021-05-18,81.2009048461914,81.72721110285862,80.69966595180225,81.2009048461914,3359800
2021-05-19,80.94194030761719,80.94194030761719,79.7473175388015,80.57436210995115,3602500
2021-05-20,81.85253143310547,82.11150350944379,80.73309161789003,80.95865328804196,2466500
2021-05-21,81.76899719238281,82.21176480333837,81.57685865001332,82.05303667160713,3020000
2021-05-24,82.78816223144531,83.09726261370326,82.06136810418715,82.13655106620779,3491500
2021-05-25,82.76312255859375,83.12234500804486,82.42896110293695,82.93855588875364,4243300
2021-05-26,83.13069152832031,83.59851368991909,82.74640812792147,82.91348565032133,4518100
2021-05-27,82.93855285644531,83.39802563787462,82.83830888493304,83.38966984904879,4362900
2021-05-28,83.43978881835938,83.68205569675483,83.17246094799182,83.42308361491104,3409400
2021-06-01,84.9435043334961,84.95186012125855,83.54838733629919,83.8491319597618,4385000
2021-06-02,85.93763732910156,86.02953187859099,84.88503109087664,85.26095870344322,4446100
2021-06-03,85.62016296386719,85.83736879603626,85.21917444527553,85.83736879603626,4187600
2021-06-04,85.66194152832031,86.0462248745789,85.27765818206171,86.0462248745789,3121200
2021-06-07,86.67279815673828,87.04872581617099,85.80398090917853,85.82904190332741,4773100
2021-06-08,87.3912353515625,87.62514644110381,86.78974605068535,86.88999639203126,3935800
2021-06-09,87.50818634033203,87.8924697350854,87.46641377354628,87.64185345516738,3243000
2021-06-10,88.1347427368164,88.36029804180656,87.33275911276354,87.59173119878915,4010100
2021-06-11,87.78387451171875,88.24334090206372,87.34946273969898,88.15144634927489,3274100
2021-06-14,88.12637329101562,88.12637329101562,87.64184597508815,87.79221190604618,3531700
2021-06-15,87.18238830566406,88.12638848538471,87.18238830566406,88.05120550694298,4099600
2021-06-16,86.61431884765625,87.75881975781584,86.45559072272036,87.36618052682681,4498600
2021-06-17,86.5057144165039,86.6310193782721,85.92928609797315,86.38875886978742,5055100
2021-06-18,85.035400390625,86.43887320054814,85.035400390625,86.06293922773378,5358000
2021-06-21,86.78974151611328,87.05706937213593,85.0437578506901,85.46980743855197,3672900
2021-06-22,86.33863067626953,86.88999800349902,86.28015290279967,86.78974766029384,3088200
2021-06-23,86.188232421875,86.67276604121456,86.11304946728647,86.33860470464944,3682900
2021-06-24,86.00231170654297,86.50711756820012,85.53116042485694,86.50711756820012,3229000
2021-06-25,86.5828628540039,86.6669961147398,85.88454459387891,86.02757177902558,2739100
2021-06-28,86.3304443359375,86.78477158183935,85.55640817727009,86.73428649743553,3940700
2021-06-29,86.09486389160156,86.82683017578357,86.03596997886329,86.46505144926135,3777300
2021-06-30,85.64053344726562,86.57442718478693,85.5479849565956,86.10326948166093,6640100
2021-07-01,86.0107192993164,86.6753763329729,85.40494975167351,85.84244641444103,6491100
2021-07-02,86.27155303955078,86.69222571494221,85.9602529489371,86.34727104002253,4451800
2021-07-06,86.90254974365234,87.053992142101,85.6405318962318,86.24630149002643,4478800
2021-07-07,87.2054443359375,87.49149866571906,86.49030209252815,86.76794117174101,5085500
2021-07-08,86.96145629882812,87.3064045560948,86.2463140317532,86.43141103665731,6426800
2021-07-09,88.39173889160156,88.40015414226391,87.18861480510506,87.4157816403001,5780200
2021-07-12,89.14893341064453,89.22465781377332,88.15614585364585,88.34124281801151,5627600
2021-07-13,87.90376281738281,88.99750789394747,87.56722340191851,88.92178989541962,5474100
2021-07-14,88.5179443359375,88.77875934282527,87.71025356261401,87.91217465120597,3397400
2021-07-15,88.66094970703125,88.76191343598096,88.27393170782184,88.34124086045497,2990100
2021-07-16,88.60208892822266,89.35088587908973,88.54319500238894,88.98069823911635,6435400
2021-07-19,86.98668670654297,87.77755331217888,86.31360792485857,87.59245632626794,5097800
2021-07-20,89.0395736694336,89.38452190081856,87.3316437560749,87.45784041453575,4999700
2021-07-21,89.03115844726562,89.62009758345239,88.89654653854659,89.19942493790323,4329100
2021-07-22,88.3244400024414,88.62731843100967,87.87011273115533,88.6189095989354,3932400
2021-07-23,89.056396484375,89.15736022866298,88.32443019989118,88.63572384494105,4128200
2021-07-26,89.09847259521484,89.32563301217833,88.45063309021452,88.97226951069935,2857700
2021-07-27,89.603271484375,89.74629864009194,88.68620821882581,89.04798052365511,3096100
2021-07-28,89.29197692871094,89.85568317421861,89.01433785018644,89.67899500749108,3577300
2021-07-29,89.30879974365234,90.17538432579204,89.22466650228094,89.61168454775328,3357700
2021-07-30,89.42658996582031,90.62971396469565,89.3845201345279,89.48548387825666,4325800
2021-08-02,89.23307037353516,90.579227836477,89.0563886507888,89.91456435436196,4089800
2021-08-03,89.34247589111328,89.53598175108401,88.70305154821592,89.40136981618565,5178600
2021-08-04,89.06481170654297,89.6789901653091,88.72827231131032,89.32562668884461,4038300
2021-08-05,90.10807037353516,90.12490087228738,89.32561907437443,89.55278587484776,3294800
2021-08-06,89.94823455810547,90.57082832054896,89.81361622084438,90.24270414716958,2753600
2021-08-09,89.46864318847656,89.82201304180398,89.30879196947214,89.78835846439402,2727800
2021-08-10,88.618896484375,89.60326888367466,88.50110866320863,89.59485363388997,3771000
2021-08-11,89.14053344726562,89.25832127770464,88.57683362745674,88.98068220250144,3256700
2021-08-12,89.33404541015625,89.3845240747683,88.92178800492874,89.34246066057669,2891900
2021-08-13,89.8220443725586,89.92300172104902,89.22468985781626,89.51915948917423,2601600
2021-08-16,89.7126693725586,90.20906656105102,89.49392416172435,89.73791512976885,3166800
2021-08-17,89.62008666992188,89.65374124774212,88.84605063691929,89.33403238688132,3004300
2021-08-18,88.80399322509766,89.48548081984868,88.74509931467418,89.43500215918706,3439200
2021-08-19,89.23307037353516,89.30879477982903,88.21504344592739,88.35807059020476,4069500
2021-08-20,89.67900085449219,90.04919487526844,88.5263617935484,89.03116773708958,3238900
2021-08-23,89.51072692871094,90.04077216266194,89.25832076837885,89.85568158656775,3230600
2021-08-24,89.11528778076172,89.70423331005117,88.72826973411973,89.62850889931964,2867100
2021-08-25,89.056396484375,89.62009628066727,88.7030330077997,89.09846631590042,3329400
2021-08-26,89.09003448486328,89.37609516429498,88.72825582552412,89.14051313813492,2889400
2021-08-27,90.0239486694336,90.30159416382318,89.31722168621137,89.40976376538589,3059300
2021-08-30,90.92417907714844,90.9325943267861,89.83884295626095,90.06600976379457,3600600
2021-08-31,91.35327911376953,91.46265169781124,90.4782791845692,90.64654568601114,4210100
2021-09-01,92.81719970703125,92.88450886176722,91.53835786181929,91.57200602023298,5683100
2021-09-02,93.3051986694336,93.31361392006716,92.25351700368019,93.00231383618018,5207100
2021-09-03,93.322021484375,93.43980931582331,92.29557916550651,93.0780305709591,4460700
2021-09-07,92.27033996582031,93.17057920401803,91.555197725581,93.09486120610163,4929300
2021-09-08,92.73308563232422,93.01073113875768,91.81601586169859,92.043182701128,4265700
2021-09-09,90.84847259521484,92.32923577127698,90.82322684310395,92.22827843865556,6221300
2021-09-10,89.51913452148438,91.0756219265067,89.50230402212578,90.92417952705317,5894700
2021-09-13,90.12491607666016,90.87371292359548,89.87250990443124,90.30159782963814,5725300
2021-09-14,89.96507263183594,90.63815158490499,89.44343612225958,90.60449699535587,3848200
2021-09-15,90.25111389160156,90.64654723760988,89.59486553820719,90.07443213637659,4027400
2021-09-16,90.32682037353516,90.75590821898517,89.66215690123552,90.17537798213834,3405200
2021-09-17,89.51913452148438,90.57923131765912,89.34245279194771,90.13331295002307,6964300
2021-09-20,88.9722671508789,89.48548830706234,87.91217025560348,88.52635516051257,6207000
2021-09-21,89.01434326171875,90.07443381279847,88.98909750854045,89.42660069824976,4371800
2021-09-22,89.88092803955078,90.42780381762586,89.26674309086059,89.66217644452959,4650400
2021-09-23,89.70423126220703,90.45302800780462,89.6200916035473,90.1417279600459,4042800
2021-09-24,88.74505615234375,89.82018656762176,88.54187671329308,89.46463223741196,4881000
2021-09-27,87.55142974853516,89.38000654439642,87.46677485067225,88.7789483731887,4311000
2021-09-28,86.9588394165039,87.44137944123753,86.42550128580825,87.05196174222046,7096500
2021-09-29,87.61068725585938,88.03396819635755,87.28052863897118,87.4498448904232,6227000
2021-09-30,86.1630630493164,88.00010069217565,86.1630630493164,87.90697837306719,7019300
2021-10-01,87.38211059570312,87.98316870254797,86.21385117052938,86.72179342082441,6106100
2021-10-04,87.3990478515625,87.78000457790989,86.85724875781723,87.2805297034779,5638600
2021-10-05,86.79798889160156,87.53450005548093,86.49322609680696,87.46677355469222,4313800
2021-10-06,87.62760162353516,87.73765231718379,85.50272999056627,86.44241397547967,5587900
2021-10-07,87.8646469116211,88.90591427215402,87.75459620663703,88.10168317389676,4055300
2021-10-08,87.03502655029297,87.96624980385256,86.96730650719704,87.85619262365658,5295400
2021-10-11,87.25514221191406,87.63609251588278,86.63714913038683,87.05196914704776,2634200
2021-10-12,88.39799499511719,88.77048431033762,87.22974185931895,87.46677816582105,3666500
2021-10-13,89.0413818359375,89.07524508734387,87.72920829364816,88.28794225372124,3371000
2021-10-14,90.1249771118164,90.20963200819892,89.32920687656053,89.55778220142341,2721900
2021-10-15,90.05725860595703,90.92075541847687,89.65937991176239,90.84456148384034,3065400
2021-10-18,90.28582000732422,90.5821153545837,89.54930889377563,89.68476188609664,3424100
2021-10-19,90.32813262939453,90.853003219138,90.25194517505855,90.67522603360071,3104500
2021-10-20,91.7503890991211,91.7503890991211,90.39589116335019,90.45515024620406,6018900
2021-10-21,91.87734985351562,91.91968052643342,91.49639963227091,91.69957265301784,4849600
2021-10-22,92.30911254882812,92.62234278443749,91.91122741295416,91.99588231321876,4873000
2021-10-25,92.60540771484375,92.84244401853807,91.76731322428031,92.4445588835848,2625200
2021-10-26,92.8593521118164,93.1725757976753,92.57151778403059,92.78315820258518,2940600
2021-10-27,92.07206726074219,93.2064570228615,92.06359983391546,93.2064570228615,3573000
2021-10-28,93.35883331298828,93.3757681657168,92.08899062601347,92.15671711941972,3681000
2021-10-29,92.30911254882812,93.31652330061497,91.8942990164032,92.95250141659783,5990500
2021-11-01,92.76625061035156,92.95249525383856,91.2509040986899,92.52921432182428,5846500
2021-11-02,93.20645904541016,93.56201347479691,92.47841533261573,93.07101250701471,3405900
2021-11-03,93.5196762084961,93.7736408545849,92.79163259728526,93.2657051036538,2723200
2021-11-04,92.63081359863281,93.89219564403474,92.24986327757527,93.5535695482305,3378800
2021-11-05,93.1048812866211,94.19694046192537,93.02021992899645,93.46890316464078,3209300
2021-11-08,93.0286865234375,93.61281630029175,92.43609577790039,93.43503907663062,2989800
2021-11-09,93.18952941894531,93.39270245323142,92.91862988697908,93.13027034816378,2671500
2021-11-10,92.75778198242188,93.50275408797103,92.72391873324858,92.91016337432447,4021900
2021-11-11,92.91015625,92.92708464391139,92.27523490888382,92.90168882366736,2395200
2021-11-12,92.8424301147461,93.18952354942948,92.57999802620766,93.16412772908755,3194300
2021-11-15,93.49429321289062,93.51968903510729,92.65619232721416,92.99481836053,2713500
2021-11-16,92.87630462646484,93.62127676811959,92.66466415294029,93.55355672524529,3043900
2021-11-17,93.16413879394531,93.2911179107359,91.40328850856275,92.63926809577706,4667900
2021-11-18,93.18106842041016,93.34191724880851,92.76625489632227,93.29111914266682,2812800
2021-11-19,92.63081359863281,93.27420253478533,92.28372653303126,93.18954762552316,2928800
2021-11-22,92.17366027832031,92.97789798415096,92.01281790415813,92.72392682257183,3352600
2021-11-23,92.91863250732422,93.18953204692994,92.02127253464225,92.3683660009754,3867100
2021-11-24,94.04454803466797,94.21386427131182,92.63925879367119,92.85936667193118,3227600
2021-11-26,91.42868041992188,92.6985232035319,90.88688134894862,92.6985232035319,3514700
2021-11-29,92.10592651367188,92.88476182033338,91.42867448950726,92.10592651367188,4825900
2021-11-30,90.36199951171875,91.7926909380017,90.28581205431495,91.55565468107393,6335800
2021-12-01,88.8720703125,92.32603792509092,88.84666803037223,91.20857648539142,8641300
2021-12-02,91.53872680664062,92.07206488413512,89.10909852918023,89.31227155649742,7134400
2021-12-03,91.23395538330078,92.07205615165934,90.4466527110192,91.64030785814919,7798400
2021-12-06,92.83397674560547,93.50275493186207,91.78423538802251,91.78423538802251,7212400
2021-12-07,94.17154693603516,94.44244649428182,93.36731568901517,93.5958845674166,5363400
2021-12-08,94.84879302978516,95.07736189365235,93.96836790677919,94.1715409478561,5542400
2021-12-09,93.47735595703125,94.51862985244018,93.45196013546712,94.48476660410327,3724500
2021-12-10,93.76518249511719,93.96835550938916,93.35883000781956,93.95142711601386,3828200
2021-12-13,94.6456069946289,95.06042044701378,93.2995704427524,93.5789373725999,6555000
2021-12-14,93.43502044677734,94.5694100645514,92.98633730461317,94.38316545058768,5924500
2021-12-15,94.74720764160156,94.90805647168423,93.43504055324527,93.71440107555357,6675800
2021-12-16,94.71334075927734,95.59376588906338,94.19693749604943,95.04349937560278,6178900
2021-12-17,94.59481811523438,95.6360920194286,94.3831776554087,94.5524938985218,7201700
2021-12-20,93.85831451416016,94.12921404746221,92.80011220301864,93.60434337598446,6071100
2021-12-21,94.9165267944336,95.35673616025197,94.3916560678284,94.58636815538105,4251000
2021-12-22,95.89006042480469,95.98318274744953,95.085829229695,95.19587994793231,4517500
2021-12-23,95.78849029541016,96.25409551385565,95.28901536361687,96.12711638257849,6977700
2021-12-27,97.41463470458984,97.43172212283223,95.72269344380433,95.79960312446265,9185100
2021-12-28,97.77351379394531,97.87605784556227,97.13262814004779,97.35480365883821,3630400
2021-12-29,98.43148040771484,98.64510893085378,97.45733486375528,97.9700420154037,3842900
2021-12-30,98.85875701904297,99.26892021376669,98.47422168963473,98.47422168963473,3990400
2021-12-31,99.13218688964844,99.73034417796433,98.8245612786787,98.87583004069849,5440300
2022-01-03,98.35456848144531,99.32871400294323,96.9531659235211,99.30307962386566,9845000
2022-01-04,98.23494720458984,99.19200541227681,98.1494970923416,98.62802293647226,5330700
2022-01-05,95.42359161376953,98.09822502098727,95.3210540902995,98.06404367335544,6928300
2022-01-06,95.50904083251953,95.89357610022272,94.50926087145695,95.54322217983263,5974500
2022-01-07,94.876708984375,95.5774103557923,94.6459930228096,95.26124427955179,6999300
2022-01-10,94.32981872558594,94.42381580586076,93.15913196543403,94.2956373764473,6571900
2022-01-11,94.47508239746094,94.56907947557436,93.02241094931357,94.22727251147333,5568500
2022-01-12,94.586181640625,95.16725157433544,94.44090926762777,94.48363758664333,4331700
2022-01-13,94.39817810058594,95.26977965494655,94.2358183277497,94.85106955173389,3921700
2022-01-14,93.54366302490234,93.98800750476597,92.4327920461051,93.89401042874042,6465300
2022-01-18,92.56097412109375,93.05659390161158,91.9457228789924,92.92841547293618,5828700
2022-01-19,91.31338500976562,93.44967044136332,91.31338500976562,93.05659470428043,5111000
2022-01-20,90.14269256591797,92.54388167293243,90.08287683837955,91.43301071073282,6982000
2022-01-21,89.9205322265625,91.09121250932783,89.68980974144786,90.17688257516924,8031500
2022-01-24,90.09142303466797,90.32213897622185,86.81863242301735,89.00619298162881,15646100
2022-01-25,89.73252868652344,90.41613606416325,88.04913484352646,89.10873051649463,9942900
2022-01-26,88.33113861083984,91.31339145852446,87.73297473609335,90.25379563506016,9589300
2022-01-27,86.86992645263672,89.61291656021139,86.493938076215,88.86093980736797,7459300
2022-01-28,89.68128204345703,89.6898290127415,85.98123971342129,86.98956694788538,6924500
2022-01-31,90.78359985351562,90.95450662977824,88.92930533719792,89.35656249871408,7457700
2022-02-01,90.45886993408203,91.11684297189828,89.91198139060663,90.70667982400458,9610000
2022-02-02,91.61247253417969,91.87736986712301,90.81777401592333,90.92886504155226,4619300
2022-02-03,90.63831329345703,91.48428045471248,90.56995059855699,91.03138900999416,5453100
2022-02-04,89.7410888671875,90.80923174158923,88.89512153610082,90.04871453656934,6865600
2022-02-07,89.6129150390625,90.22815984536349,89.41637388578918,89.67273077798454,5860900
2022-02-08,89.19419860839844,89.88635961158235,88.97202958856683,89.56164001126037,6106100
2022-02-09,91.21083068847656,91.2791933792498,90.12560068000772,90.12560068000772,5746600
2022-02-10,89.05745697021484,91.21082954722831,88.5532902813517,89.96323979363936,6948000
2022-02-11,88.24566650390625,89.85215715276138,87.71587194475195,89.51035021559485,5679000
2022-02-14,87.44244384765625,88.91220938530905,87.06645549539354,88.365320792614,5350200
2022-02-15,88.22859191894531,88.74984610704232,87.9124193151964,88.20295753583005,3612600
2022-02-16,88.63875579833984,88.86092478373013,87.69024456867754,88.32258321531054,4333000
2022-02-17,87.69879913330078,88.57040735896193,87.5791676543946,88.30550349616114,4847000
2022-02-18,87.16899108886719,88.3994870432603,87.04935962829322,87.47661670732188,4809500
2022-02-22,86.8528060913086,87.4766042060911,86.28028325189125,86.83571867913669,6656900
2022-02-23,85.41724395751953,87.96369930030437,85.38306260506437,87.58771094272404,6201000
2022-02-24,86.8528060913086,87.12625032203216,83.49456566929047,83.75092248784212,9479200
2022-02-25,88.9463882446289,89.0745666904692,86.81010254537937,87.20318485113667,5870300
2022-02-28,87.62187957763672,88.56184381573365,86.69900275357409,88.2114964129143,7296900
2022-03-01,87.16043090820312,88.37383926402796,86.69044558475177,87.84404473878243,8896200
2022-03-02,88.79258728027344,89.23693186392933,87.34845597439457,87.47663442795412,6946100
2022-03-03,89.51890563964844,89.8179842931418,88.36531282221644,89.28818316450662,6517000
2022-03-04,89.92906951904297,90.01451963224685,88.51057938546667,88.74129534305969,6438500
2022-03-07,88.15167999267578,89.94615834576084,88.10895167878729,89.73252981516914,6506200
2022-03-08,87.72444152832031,89.29674471746569,87.42535630654817,88.108970357132,7090600
2022-03-09,89.0745620727539,89.96325765990203,88.92929621739805,89.20274051194929,5785900
2022-03-10,89.29673767089844,89.51036622991973,87.89533484527288,88.13459778826854,4034900
2022-03-11,88.58747863769531,90.39905094734881,88.5276629091392,89.98034084745608,5381600
2022-03-14,87.89531707763672,89.24545086239019,87.50224139082715,89.09163807021037,4539900
2022-03-15,88.48494720458984,89.15146723135634,87.68170177775539,88.68148181790514,5245000
2022-03-16,89.5359878540039,89.95469794457536,87.6389654771338,89.13436517717146,6561300
2022-03-17,90.92029571533203,90.92029571533203,89.19417369310901,89.21126762489129,3844300
2022-03-18,90.92029571533203,91.22792129316534,90.37340724794498,90.86902043940995,5815300
2022-03-21,90.36487579345703,91.40738415068354,89.971800047514,90.98867402209164,4571900
2022-03-22,90.5955810546875,91.15101651769442,90.39904646464552,90.91175361533455,4749800
2022-03-23,89.57917785644531,90.6445719376298,89.45889174510681,90.21497680996332,4595400
2022-03-24,90.146240234375,90.1720148932811,89.26127531805753,89.60495273204236,3893400
2022-03-25,91.27177429199219,91.27177429199219,90.22356123981118,90.54145740622293,4495100
2022-03-28,92.24266815185547,92.24266815185547,91.16868031155825,91.35770322026681,4130800
2022-03-29,94.94910430908203,95.1037587966526,93.05888206598605,93.15339350589588,5350500
2022-03-30,94.26176452636719,94.73432180087468,93.84076312596153,94.56247981237122,5216200
2022-03-31,93.11042785644531,94.93190656284065,93.11042785644531,94.64837882889222,7466900
2022-04-01,94.92333221435547,94.95769405243094,93.23931372422473,93.5400355257414,6568700
2022-04-04,94.4593734741211,95.16390918179809,93.62595792434809,94.95769881240403,6311800
2022-04-05,93.99540710449219,95.36151634571854,93.71187277156189,94.19301717524903,4993700
2022-04-06,95.11235809326172,95.20686954520988,93.17059284711193,93.61736889305664,5050800
2022-04-07,94.1672592163086,94.63981652165262,93.54864112753172,94.56248598300449,5338200
2022-04-08,94.32190704345703,94.73432125840213,93.63455875868395,94.30472612225587,5941000
2022-04-11,93.30805969238281,94.5882513274431,93.11044960605005,94.0727384892733,4315700
2022-04-12,93.17059326171875,94.02118977793592,92.80972837308295,93.35102242848595,5094800
2022-04-13,93.8321533203125,93.96962688757483,92.93000761678026,93.230722851291,4673100
2022-04-14,93.4283447265625,94.61403145130635,93.35102075152336,94.20161725246038,4464700
2022-04-18,93.05029296875,93.76341578916148,92.59491669714933,93.23930928957807,4256900
2022-04-19,95.07801055908203,95.33576373991713,93.43695378749166,93.5314652536619,7536100
2022-04-20,96.65890502929688,96.97680778789645,95.35293870781238,95.42166894728939,5395900
2022-04-21,95.98873138427734,97.44076493793305,95.9028136742311,97.14863685765448,4820700
2022-04-22,94.30472564697266,95.84267701323739,94.24458259041936,95.74816555935342,4917800
2022-04-25,94.06416320800781,94.45079624677888,92.50043701981687,94.01260732909671,6032300
2022-04-26,92.5176010131836,94.36486125450288,92.4574579613779,93.78920539363392,6217500
2022-04-27,91.9075698852539,93.31664118370982,91.8302393643713,92.56914340564703,6007100
2022-04-28,93.6001968383789,93.90091214347069,91.38348420924176,92.36296066302756,7235300
2022-04-29,89.30422973632812,93.1533980860735,89.08083845327566,93.0245182475778,9573900
2022-05-02,87.14765930175781,89.8197412578233,85.3691359100934,89.24408541651036,11885700
2022-05-03,88.23025512695312,88.76294892446406,86.8555453853849,87.43979505902084,7245400
2022-05-04,89.24408721923828,89.42451637217054,86.72665970529604,88.29038558580993,8686700
2022-05-05,86.86412811279297,89.33860008986358,86.19396080403668,88.87463659416284,8884000
2022-05-06,85.8331069946289,86.52045525923462,84.94814208894947,86.24551464237206,9398500
2022-05-09,82.05266571044922,85.05983146947092,81.75195044556727,85.05983146947092,8491700
2022-05-10,80.55768585205078,83.56485195762009,79.91329311514308,82.98060228061969,12528300
2022-05-11,80.38583374023438,82.2674623928574,80.21399832072314,80.7295111343579,9095800
2022-05-12,81.01306915283203,81.10758062771524,79.80160745938535,80.23979642883447,8312300
2022-05-13,83.15242767333984,83.17820233088516,81.19347503868303,81.71758159244135,7536700
2022-05-16,82.62832641601562,83.3328621728526,82.45649098463159,82.95482291278742,4614200
2022-05-17,83.75386047363281,83.77963512986061,82.51662453389224,83.61638690028352,4492000
2022-05-18,81.32234954833984,83.62497942782879,81.00444683089337,83.50469333043837,5130300
2022-05-19,80.96150970458984,81.93239244193008,80.66938157643213,80.66938157643213,6365100
2022-05-20,81.47700500488281,81.90660008782945,80.20540067511644,81.70898346542965,4471300
2022-05-23,82.422119140625,82.65409761880277,81.00445394813498,82.18154692470694,4662400
2022-05-24,83.11805725097656,83.27271174757746,80.8154272766414,82.04406951210943,5895300
2022-05-25,83.82261657714844,84.04600792524064,82.55101840669116,82.79159067920455,4589300
2022-05-26,83.92569732666016,84.75051911562011,83.8140049627211,84.14049487238205,4355200
2022-05-27,86.1767807006836,86.19396162064223,84.36388883284641,84.36388883284641,4990000
2022-05-31,85.11997985839844,85.68704858352487,84.65601632559543,85.38632674469031,6276900
2022-06-01,84.41544342041016,85.498024988253,83.32427466960219,85.40351353482457,4607100
2022-06-02,85.5753402709961,85.61830240186275,83.07510026595709,84.09753211855478,5450800
2022-06-03,84.43262481689453,85.36055188027083,84.20924006671625,84.90518208669769,4989900
2022-06-06,84.16627502441406,85.30899961548918,83.96007120248589,85.13715763463128,5445300
2022-06-07,85.326171875,85.36913400462893,83.42736242619252,83.75385887913087,6489200
2022-06-08,83.35862731933594,84.9910899515971,83.17819817044244,84.77629240932855,4566100
2022-06-09,81.38248443603516,83.47031656723138,81.38248443603516,83.00635314306554,4358600
2022-06-10,79.57820892333984,80.53191069246283,79.52665304723735,80.31711311482435,7260100
2022-06-13,75.60014343261719,77.85122410365116,75.27365351831037,77.8082619718551,8559700
2022-06-14,75.02449798583984,76.00397441977766,74.43165457131363,75.85791363956456,8707300
2022-06-15,76.80300903320312,77.85122209298564,75.53141124813314,75.72902131704903,8851100
2022-06-16,74.78390502929688,75.60872671594977,74.4574151601322,74.98151507599388,8083300
2022-06-17,75.35098266601562,76.33905276929663,74.66363439576467,74.75814584812817,7791800
2022-06-21,76.39917755126953,77.22399921134574,76.01254465142439,76.0469130399817,5933100
2022-06-22,77.37007141113281,78.35813478568065,75.59154815980632,75.60013534116567,6250200
2022-06-23,78.84000396728516,79.06481828383819,77.61218360209011,77.65541281117406,6139300
2022-06-24,80.5174789428711,80.62123435563332,79.16859920522282,79.40206207765767,4656500
2022-06-27,80.39642333984375,81.26972881425621,79.9208557275521,80.45694952714818,3784200
2022-06-28,79.41932678222656,81.48587164547216,79.30692292243877,80.87196146320142,4735900
2022-06-29,78.92646789550781,79.08210755915404,78.05315608300077,78.9697037008542,4606700
2022-06-30,78.77948760986328,79.74791305060845,77.78512332106524,78.37309473207863,6402600
2022-07-01,80.19752502441406,80.42233934060538,78.51143414512367,78.65842533011663,4512500
2022-07-05,79.97270202636719,79.99864086833145,78.10503283951228,79.3847307533679,5154400
2022-07-06,79.82571411132812,80.88925285321636,79.55767060429483,80.22345843032693,3428900
2022-07-07,80.04188537597656,80.75090905317039,79.8343680208329,80.30992890123953,3032400
2022-07-08,79.61819458007812,80.2148077437354,79.23774063460722,79.86894771715147,3509800
2022-07-11,79.44526672363281,79.76519454001716,78.83135653288815,79.35880170745965,3453200
2022-07-12,79.13398742675781,79.93812461159278,78.57196152292752,79.03023204604226,4396100
2022-07-13,78.75354766845703,79.33287058979039,77.75053491194689,78.24339280868487,5572400
2022-07-14,78.04451751708984,78.39038418399066,77.34413570247973,77.44789768160737,4494500
2022-07-15,79.36746978759766,79.74792386894053,78.597919738961,79.31559208445435,5124800
2022-07-18,78.805419921875,80.00730149227182,78.49414057734049,79.92083647364736,3397900
2022-07-19,80.84603118896484,80.94114469458289,79.42798368302472,79.51444870717064,3659100
2022-07-20,80.65580749511719,81.64152332401194,80.2580630901999,80.69904330739769,4212400
2022-07-21,81.29566192626953,81.30431040866226,79.87761426938334,80.82010094441601,5062800
2022-07-22,81.7193374633789,82.23813416929305,81.09677877753873,81.77986363578792,3615200
2022-07-25,81.85769653320312,82.32461564090191,81.442661724266,81.80581883130083,3252800
2022-07-26,81.94416046142578,82.38514071221485,81.64152954298592,81.84905354150976,3337300
2022-07-27,82.43700408935547,82.63587957083652,81.44264647252452,82.14302170448394,4160900
2022-07-28,85.10881805419922,85.18663459309316,82.97309841755691,82.98174689860896,4100300
2022-07-29,85.56709289550781,85.87837226043683,84.76295563558425,85.10882232960077,3301300
2022-08-01,84.8753662109375,85.34227866205899,84.46897333972203,85.12611280263447,3572700
2022-08-02,83.78588104248047,85.09152456536843,83.73399675493094,84.84941328280581,4731300
2022-08-03,84.05392456054688,84.92723640258214,84.01069535059652,84.3046777269474,3107000
2022-08-04,83.9242172241211,84.29602270450168,83.41406904703427,84.1663218910001,2884200
2022-08-05,84.15769958496094,84.20092880161272,83.01634403498281,83.31032645690706,2719300
2022-08-08,84.9099349975586,85.5152032769095,84.41707717128328,84.73700497309123,4694200
2022-08-09,85.37684631347656,85.38549479298062,84.65053235970358,85.02233781609412,3403700
2022-08-10,86.6738510131836,86.80355183304442,86.00806314662269,86.3452813201462,3165200
2022-08-11,86.46633911132812,87.43476448424394,86.22423441731371,87.05431048115949,2151600
2022-08-12,87.95355224609375,88.01407841343594,86.95918812816556,86.98512697176115,3423700
2022-08-15,88.30806732177734,88.43776814623556,87.6163405860968,87.77198025607507,2135300
2022-08-16,88.0746078491211,88.51558799718273,87.75468004023594,87.91896818491449,3680800
2022-08-17,87.54718017578125,88.06597696115482,87.01973490820806,87.27913659932437,3683400
2022-08-18,86.96784973144531,87.77198698853725,86.56145686217133,87.55582113014542,2263400
2022-08-19,86.05130004882812,86.7949111125318,85.74866917333438,86.44905102445799,2788800
2022-08-22,84.17496490478516,85.4460209202156,84.08849990035156,85.37684627792594,3517500
2022-08-23,83.09414672851562,84.13174670803996,82.77422551057,84.08851090173808,5605300
2022-08-24,83.5697250366211,84.07987331341063,83.1028059748758,83.17198063517704,2292200
2022-08-25,84.8148193359375,84.84076477611588,83.65617368855145,83.8291037085962,2129200
2022-08-26,82.67911529541016,84.9012999322448,82.6445279683676,84.9012999322448,3187200
2022-08-29,81.93551635742188,82.78288290611131,81.77987666117252,82.18626956787135,2833800
2022-08-30,80.80278778076172,82.24678059534291,80.56933157783327,82.24678059534291,3643600
2022-08-31,80.42233276367188,81.62421418382145,80.24075426820221,81.26105719288213,4100800
2022-09-01,80.5693359375,80.58662630289561,79.1253496416415,79.93812875239959,4746100
2022-09-02,79.44526672363281,81.42534659923017,79.25504632679501,81.26970693137532,3561800
2022-09-06,80.1629409790039,80.50015916865948,79.34151340868559,79.78248698170714,4591800
2022-09-07,81.72797393798828,81.89226207944944,80.12834811860482,80.16293544295758,3681100
2022-09-08,81.95279693603516,82.23813744455235,81.06219467932233,81.30429937860058,3408300
2022-09-09,82.8434066772461,83.12874721154243,81.86633931064037,82.21220602522452,4129900
2022-09-12,83.64753723144531,83.80317691059918,83.06821432448417,83.17197630953953,2737500
2022-09-13,80.44828033447266,82.23813323755554,80.18887868602553,82.01331891535857,4824900
2022-09-14,79.53173065185547,80.3531581214163,78.96969820574989,80.11105346078183,5301500
2022-09-15,78.06181335449219,79.79114021337543,77.97534833091972,79.5576839900439,6727800
2022-09-16,78.0704574584961,78.15692247722048,77.04150592415918,77.65541613301777,6807800
2022-09-19,77.95805358886719,77.99263431886828,76.85127891994829,77.37008222597761,4467100
2022-09-20,76.06442260742188,77.30089124482407,75.67532021008579,77.23171660571677,5850800
2022-09-21,74.86255645751953,77.04150525602432,74.83661761181298,76.591883204442,7128900
2022-09-22,73.91144561767578,74.67234719214244,73.65204390529463,74.63775985736766,6743600
2022-09-23,72.92901611328125,73.5320918718015,72.12490398806223,73.1562589587224,8982100
2022-09-26,70.88377380371094,72.58813491342796,70.14085024382548,72.53568862178261,8119600
2022-09-27,69.93983459472656,71.9763248409867,69.76503136970392,71.49561263801665,10015000
2022-09-28,71.3907241821289,71.67915549471951,69.86117267806496,70.57787654466516,9000200
2022-09-29,69.29305267333984,70.67402078369551,68.81234048415314,70.67402078369551,8576300
2022-09-30,70.0709457397461,70.56914230454495,69.48534755571019,69.66015079418428,9023600
2022-10-03,71.32079315185547,71.76654998451806,69.95730950878713,71.14598995034429,8718400
2022-10-04,72.7629623413086,73.30486308006002,72.04625835434909,72.15114430426382,6439300
2022-10-05,71.33828735351562,71.88892351602345,70.15834224078858,71.77530208613584,6518400
2022-10-06,69.35424041748047,71.42569276073598,69.20565700089213,71.1372614214885,7820800
2022-10-07,67.68486022949219,69.08330637714343,67.23036106380727,68.69873118592038,6913700
2022-10-10,67.04680633544922,68.35785066739382,66.94192038829978,67.78099462886267,6549500
2022-10-11,67.7285385131836,68.19177304312456,66.21647133689767,67.00309915581407,7189700
2022-10-12,67.02057647705078,67.73728033776288,66.60103941960978,67.73728033776288,6634400
2022-10-13,68.24422454833984,68.57635335574074,65.2550452767842,65.68331786206986,8561200
2022-10-14,66.5486068725586,69.29305902171632,66.45246309224983,68.76864264532416,7320700
2022-10-17,69.05706787109375,69.319272701913,67.72853938900738,67.78098568982357,5823800
2022-10-18,69.8087387084961,70.7876474827778,69.16195207598464,70.19330715482852,5609200
2022-10-19,68.06942749023438,69.35425215679939,67.64989698787667,69.12700257817066,6452100
2022-10-20,67.77225494384766,68.86479192707647,67.57996736786873,68.10438378615525,4959700
2022-10-21,68.3053970336914,68.3403590089116,66.8982092055743,68.00822357847717,6060100
2022-10-24,68.29666137695312,69.14447101891697,67.7984648521713,68.86478185883446,4918000
2022-10-25,70.97991943359375,71.1110251636988,68.53264136766188,68.53264136766188,5815800
2022-10-26,70.93623352050781,71.59175560946527,70.4555146546128,70.91000703556448,5746800
2022-10-27,71.0411148071289,71.86270464917911,70.8138652760333,71.32954613486768,5239600
2022-10-28,72.60562133789062,72.78916671004109,70.55165360003727,70.7526766259718,4651400
2022-10-31,72.52696990966797,72.92028051227446,71.74034203613921,71.93262959059244,5112200
2022-11-01,72.500732421875,73.53208732881563,72.33467137866845,73.31357998978851,4751100
2022-11-02,70.50794982910156,72.91153066994843,70.36810859315796,72.04624343437179,7240200
2022-11-03,70.41180419921875,70.94496265054862,69.0745403246197,69.86116809447647,5231600
2022-11-04,71.37325286865234,71.85396509736303,70.00976230086584,70.97119342660318,5664800
2022-11-07,71.37325286865234,72.15113859779295,70.8925339716257,71.74907915574379,5545800
2022-11-08,71.59175872802734,72.35216011661942,71.13725965896201,71.56553224194157,5578400
2022-11-09,70.8575668334961,72.21231514045907,70.67402145025929,71.41694514478411,5510300
2022-11-10,76.04055786132812,76.18914125905233,73.37476552185207,73.41846965921336,8312600
2022-11-11,76.03182983398438,76.81845777451052,75.7434051460551,76.06679181670958,5928000
2022-11-14,74.17887878417969,75.7084302590386,74.12643248487302,75.61228649001082,6181900
2022-11-15,74.98300170898438,75.5074181459851,74.18763155601846,75.16654712851879,5283900
2022-11-16,74.3012466430664,75.07913233299352,74.12643674917987,74.79070100931746,4258200
2022-11-17,73.79429626464844,73.95162181006899,73.06885032363623,73.38350141447731,4463400
2022-11-18,74.7294921875,75.02665889716287,73.97782658641799,74.67705257245672,3854100
2022-11-21,75.12283325195312,75.19275721271593,74.2400682535074,74.46731112351264,3505900
2022-11-22,75.53362274169922,75.62976651373921,74.95676677777472,75.44622113120344,3514700
2022-11-23,75.59481048583984,75.96190794812057,74.9829924958986,75.43748490723839,4423800
2022-11-25,76.07552337646484,76.09300103123331,75.6647284720936,75.6647284720936,1524100
2022-11-28,74.03902435302734,76.00559036170112,73.86422115291553,75.64724180097753,4032700
2022-11-29,75.2626953125,75.35883910953167,73.86424917610822,74.10023425262048,6035700
2022-11-30,76.98452758789062,77.03696722922517,74.52849991509682,75.08788498537035,7077800
2022-12-01,76.81844329833984,78.1207452349366,76.18914106450876,77.54388929946819,5038900
2022-12-02,76.59119415283203,76.9757692238549,75.59480116728658,75.90945228570253,3953700
2022-12-05,75.19276428222656,76.3639673960126,75.02669652688044,76.3639673960126,5983200
2022-12-06,74.48477935791016,75.38502848623575,74.16138611047744,75.35006651340673,5276900
2022-12-07,74.63336944580078,75.41999723433368,74.18761258757962,74.33620265253006,6206700
2022-12-08,75.15779876708984,75.83954074580048,74.72952615682837,74.8693740849312,3994400
2022-12-09,75.01795196533203,75.74339803506135,74.72952063616509,74.9130660270034,4572500
2022-12-12,75.59481048583984,75.60355264807214,74.34494801926047,75.19275771126189,5115900
2022-12-13,76.99325561523438,78.19942059547915,76.11049061957557,77.68373972187638,6864400
2022-12-14,76.46883392333984,77.88476401830485,76.08426550376753,76.94081062166151,6553300
2022-12-15,75.44620513916016,76.14543121154502,75.02666816206644,75.61227283172222,5325500
2022-12-16,73.49712371826172,74.65958433640418,72.68428283675757,74.65958433640418,8166400
2022-12-19,72.56192016601562,73.418471939367,72.12490545209083,73.418471939367,3776100
2022-12-20,72.37837219238281,72.7979092367735,71.54804693301,72.2210466342757,6614800
2022-12-21,72.99893951416016,73.78556738282566,72.76295448771837,72.85909826435059,7101700
2022-12-22,72.69225311279297,72.73656819390803,71.34494751069442,72.39087945341676,6619400
2022-12-23,73.33930206298828,73.36589246174556,72.15155250140783,72.47065081162177,3539500
2022-12-27,73.31271362304688,73.5431750227064,72.66565802745365,73.31271362304688,3961900
2022-12-28,72.06291961669922,73.80908793757254,71.95655125315538,73.46339920925963,5168000
2022-12-29,73.64069366455078,73.80024285859065,72.35543438962827,72.5681711567247,5398400
2022-12-30,73.10884094238281,73.43679818136182,72.24018300556138,73.10884094238281,4897700
2023-01-03,73.17975616455078,74.33205642077706,72.38201711607798,73.72045017188857,5906600
2023-01-04,74.83729553222656,75.50208259187708,73.72045137849587,73.79136362120721,6860200
2023-01-05,72.82521057128906,74.24342163017376,72.64792996232613,74.24342163017376,6839500
2023-01-06,74.78410339355469,75.04115516248925,72.86064798636336,73.18861198725835,5962000
2023-01-09,74.8106918334961,75.63502791143122,74.49159356058168,75.02342176125154,5699200
2023-01-10,74.97911834716797,74.97911834716797,73.98637393204336,74.69547611962321,8040700
2023-01-11,77.66487121582031,77.69146162049609,75.53755092841678,75.53755092841678,5663300
2023-01-12,78.64873504638672,78.76396235568478,77.23051740469688,78.0016727401735,5890600
2023-01-13,78.1612319946289,78.47146460790708,77.58508184850442,77.82440898057885,4153800
2023-01-17,78.38282012939453,78.79055534791173,78.07258754601875,78.27645177399579,3943900
2023-01-18,77.23939514160156,78.87034297826331,77.106436371687,78.60442543843416,5984200
2023-01-19,76.81392669677734,77.67371222032331,76.76960485752015,76.81392669677734,4696800
2023-01-20,77.72689819335938,77.75348859134564,75.93640141990298,76.83164980663118,4251100
2023-01-23,78.08145904541016,78.52465045358045,77.2393980749123,77.73577028804247,5154100
2023-01-24,78.27645874023438,78.60442279331211,77.1152994980202,77.86872348543065,3810600
2023-01-25,78.3119125366211,78.43600557733053,77.5584885715813,77.92190873549005,4953300
2023-01-26,79.18944549560547,79.2071769407438,78.32965975821294,78.75511976562463,3939000
2023-01-27,80.07581329345703,80.37718694086708,79.01215671303433,79.01215671303433,4972100
2023-01-30,79.0564956665039,80.28856739782128,79.02103953780696,79.43764059678975,4737700
2023-01-31,80.7140121459961,80.81151479082396,79.01215886592298,79.14511763273953,5449600
2023-02-01,81.21038818359375,81.7599411483322,79.41989128137455,80.27968361176497,9787400
2023-02-02,83.05406951904297,83.78976890028657,81.91950056426771,81.94609096749456,5218600
2023-02-03,81.49402618408203,81.93721752637082,80.48355046466865,81.89289568711665,5353000
2023-02-06,80.90015411376953,80.99765676148904,80.07581785013619,80.48355988381633,3787500
2023-02-07,80.72286987304688,81.09514897321489,79.65921336897738,80.5189988824426,5912700
2023-02-08,80.34172821044922,80.79378528560026,80.05808601404459,80.35059393105782,4886900
2023-02-09,79.46422576904297,81.13062313265776,79.25149577343706,80.66970701508417,2905100
2023-02-10,79.7389907836914,79.88967422705211,78.67533419665108,79.10965984739344,3270300
2023-02-13,80.44810485839844,80.5721979094502,79.84536428361956,79.93400121114738,2921900
2023-02-14,79.80990600585938,80.80265715004113,79.33125849505196,80.19105087024877,4217600
2023-02-15,80.12899017333984,80.14671485020624,79.10078308845841,79.32237874338327,3669900
2023-02-16,79.3489761352539,80.04921927805638,78.37395652014078,79.00328742410073,4493100
2023-02-17,79.03874206542969,79.29579385450427,78.28531813886666,79.07419818418789,4299600
2023-02-21,77.4521255493164,78.55124507503403,77.10643680314256,78.54237935363973,4926400
2023-02-22,76.75187683105469,77.79780871595797,76.40618810967308,77.64712527588158,4456500
2023-02-23,77.32803344726562,77.53190446644787,76.48597249372013,77.22167183948712,6074900
2023-02-24,75.97187042236328,76.52143020334539,75.58185981892022,76.4593836766671,5065400
2023-02-27,76.08709716796875,77.24826324766731,75.7591398562943,76.7075691925366,5170800
2023-02-28,75.98072814941406,76.9734724718108,75.89209122956628,76.05164039031769,7261100
2023-03-01,75.02342224121094,75.67048451058317,74.4206818065791,75.44888886200621,7041800
2023-03-02,75.90093994140625,76.01617400795934,74.38522650016544,74.49159484716155,5208800
2023-03-03,77.05326080322266,77.23053466677557,76.28210529538225,76.50370100610559,4542100
2023-03-06,76.75187683105469,77.47871715685177,76.5746029912664,77.40780491591104,3893700
2023-03-07,74.96139526367188,76.76961703875669,74.80184608461838,76.69870478971863,6540600
2023-03-08,75.82117462158203,76.26436595785789,74.89047011037748,74.92592622878712,5750400
2023-03-09,74.08387756347656,76.01619237753268,73.92432838570811,75.94528012906575,5974200
2023-03-10,71.62857818603516,74.12817693282203,71.24743338452753,73.97749350869555,10351000
2023-03-13,72.56814575195312,73.53429953799834,70.99037904654378,71.25629653103904,16288000
2023-03-14,73.26840209960938,74.11932873667945,72.47951522259842,73.8002304024577,8706400
2023-03-15,73.21521759033203,73.43681328931159,72.06292401317678,72.07178297208985,10284900
2023-03-16,73.05565643310547,73.41907656585019,71.75267285482633,72.55928431283263,10324300
2023-03-17,71.39813995361328,72.82521685675655,71.32722770390775,72.75430460705103,9103200
2023-03-20,72.21360778808594,72.52384041553049,71.30063458622166,71.9388312841442,6300300
2023-03-21,71.89451599121094,72.87840152974698,71.26518495745121,72.68339621399177,5024500
2023-03-22,69.20877075195312,71.50449896140326,69.19103930889035,71.47790855937319,8283600
2023-03-23,68.77442932128906,70.45855777623639,68.52624325136144,69.56331613293504,6274400
2023-03-24,70.5381088256836,70.55601116568076,68.23727222143171,68.45213445313364,8380000
2023-03-27,70.45753479003906,71.21851747024914,70.35010708391815,70.95888912987768,4956700
2023-03-28,70.28746032714844,70.60080261723859,69.66972350500669,69.93830651385518,4213800
2023-03-29,71.84519958496094,71.93472494734625,70.99469839677946,71.12003527018835,6364000
2023-03-30,72.78523254394531,73.00904936378481,72.42712426613265,72.53455196823336,4838000
2023-03-31,74.34300231933594,74.41462534734747,73.08962665052586,73.20600894828365,6148200
2023-04-03,73.75212097167969,74.86225739054912,73.37611032835991,74.2534753264538,7582700
2023-04-04,73.65364837646484,74.05652281771289,73.16125538873735,73.90432899407068,6243400
2023-04-05,73.25971984863281,73.94907261770516,73.15228532096634,73.4477251492889,7024100
2023-04-06,73.76107788085938,73.80584398138507,72.93743354183114,73.51935869692534,7008200
2023-04-10,74.10127258300781,74.11918175428451,72.99114302601657,73.41191975650091,3972100
2023-04-11,74.41462707519531,75.0234091667329,73.94908421265878,74.24452408730527,4839400
2023-04-12,74.05651092529297,75.18454961715278,73.93117405179159,75.07711508400274,5920500
2023-04-13,73.83269500732422,74.15499178037028,73.12543302371466,74.11022568342322,3884400
2023-04-14,72.68675231933594,74.3161384883341,72.1316841493277,73.87745260527313,5078300
2023-04-17,74.19975280761719,74.21766197895994,72.68675568583876,72.68675568583876,5148900
2023-04-18,74.0296630859375,74.2892914501562,73.65364558893391,74.28033686370779,4189600
2023-04-19,74.46834564208984,74.6384486407382,73.38507286355494,73.65364899629876,3624200
2023-04-20,73.73422241210938,74.10127848836296,73.34925716315185,74.02070770223953,4604400
2023-04-21,73.74317932128906,74.10128082247049,73.12544262015899,73.76108166420882,5136600
2023-04-24,73.46564483642578,74.07442697626236,72.89267421426766,73.73422780383991,3673500
2023-04-25,72.7404556274414,73.3134260545714,72.65988486285107,73.05379776253652,5127500
2023-04-26,72.04216766357422,73.25077726892836,71.88101926083714,72.59722907162012,5128500
2023-04-27,73.67154693603516,73.8774545900389,72.16749759883365,72.29283447440481,6439300
2023-04-28,74.57576751708984,74.94282355188582,73.59992262538611,73.78792793545439,5352800
2023-05-01,74.02071380615234,74.86226740358335,73.90433149537198,74.5847298465707,4817200
2023-05-02,72.76732635498047,73.98489045122443,72.22121274576747,73.83269664678083,5442500
2023-05-03,72.4808578491211,73.93119369544051,72.41818939571928,73.1254515585964,7538900
2023-05-04,73.0806655883789,73.51039688801943,72.00634758479855,72.44502663938668,7231800
2023-05-05,74.29823303222656,74.4593814231661,73.49249107752888,73.5104002489375,4560600
2023-05-08,73.8685073852539,74.36985489127395,73.56411294920782,74.13708347904429,4896000
2023-05-09,73.55517578125,73.86851801761384,72.74047913635556,73.5104096773344,4522000
2023-05-10,74.26242065429688,74.5489059203676,73.5014448066416,74.27137523989683,6331600
2023-05-11,73.44772338867188,73.77002013359854,72.99113519496797,73.73420862523481,5175400
2023-05-12,73.43876647949219,73.67153786131522,72.8389391016661,73.5909602624606,3293800
2023-05-15,73.31343078613281,73.7521098035778,73.12542549294211,73.56410451038708,3477400
2023-05-16,71.4781494140625,73.23287961411734,71.469201657478,73.1343996488995,5401000
2023-05-17,72.44503784179688,72.57037473391759,71.28119429634047,71.93473568663444,4849000
2023-05-18,72.09587097167969,72.47188157959748,71.54080964485259,72.14063706658057,4009000
2023-05-19,71.97949981689453,72.79418959335044,71.63034607979226,72.41817892729387,4803400
2023-05-22,72.41817474365234,72.85685382870892,71.66615345498393,72.04216409931813,4839100
2023-05-23,71.7377700805664,73.00905490480281,71.64824471190553,72.25702678128636,5460000
2023-05-24,70.19790649414062,71.53185274885693,70.11732889199165,71.33489286621153,4910700
2023-05-25,70.18895721435547,70.69925929871202,69.66074595912471,70.53811091258115,4810700
2023-05-26,70.99469757080078,71.12898219764277,69.99199576484801,70.30533794472474,3230700
2023-05-30,71.26326751708984,72.05110702189336,71.05735988676831,71.24536517850188,4449400
2023-05-31,71.62139129638672,71.78253970001752,70.82460386464227,71.07527764132392,4673800
2023-06-01,71.63033294677734,72.05110963750951,70.86040258295826,71.53185300510187,4016600
2023-06-02,73.37611389160156,73.5820283950463,72.28388659147748,72.41817806499813,5114900
2023-06-05,72.86580657958984,73.68945087415501,72.73151511561024,73.28658331256376,3936600
2023-06-06,73.56412506103516,73.71631888894213,72.69571453773871,73.2239258874169,4728200
2023-06-07,74.91596984863281,75.11292975251368,73.54621193754016,73.89536564702074,3825200
2023-06-08,74.45042419433594,74.70109791937868,73.6446823421652,74.5757610568573,3097900
2023-06-09,74.02071380615234,74.61158677749319,73.7163193182172,74.47730212288072,3199400
2023-06-12,74.0385971069336,74.05650627650805,73.36714668517659,73.96698091967649,4072500
2023-06-13,74.51311492919922,74.60264031060495,73.72527517999174,73.94909204868046,3693700
2023-06-14,74.79063415527344,75.31883860555526,74.17289750701026,74.81749108252875,5042700
2023-06-15,75.18455505371094,75.30989193627538,74.02070476664366,74.51310454125239,4661000
2023-06-16,75.1308364868164,75.81124160445965,74.96968808606795,75.34570557471302,4576900
2023-06-20,74.2445297241211,74.95179182757116,73.832707517748,74.86226644885502,3826600
2023-06-21,73.796875,74.06545789006702,73.25971605021257,73.83268650736538,4691300
2023-06-22,72.7404556274414,73.9580194926792,72.30177663830825,73.89535106566018,5114800
2023-06-23,71.7377700805664,72.91952270579414,71.71091315300292,72.30179288079069,3956400
2023-06-26,73.39401245117188,73.50144015017543,71.63928262351345,71.73776256783144,3246800
2023-06-27,74.29823303222656,74.50414752134004,73.17914888135411,73.68945098093805,3845900
2023-06-28,74.40567779541016,74.55787162156179,73.74318179954236,74.22662703880216,4691000
2023-06-29,75.23680877685547,75.26396897496547,73.93307091523891,74.18657530756778,5033400
2023-06-30,75.6532974243164,76.0607212054191,74.59400802690998,75.87964166688076,5758500
2023-07-03,76.39568328857422,76.73067515351693,75.26396241610347,75.53557818848685,3632400
2023-07-05,76.56771087646484,77.04755944504141,75.53558194207997,76.23271899487537,5766400
2023-07-06,75.97920989990234,76.06974618708887,74.56682447885987,75.56273745286356,5609000
2023-07-07,75.80719757080078,76.29609493241048,75.435989791365,75.59895788106036,5865300
2023-07-10,76.13312530517578,76.19650830694937,75.36355647228585,75.57179615782078,3855600
2023-07-11,77.21958923339844,77.2648539295762,76.16030001965736,76.34137261932224,4038400
2023-07-12,77.63604736328125,78.36035144278024,77.56361557383622,78.26075945916224,5361600
2023-07-13,78.1340103149414,78.15211480926776,77.19241773802543,77.62699467661686,5067100
2023-07-14,77.98008728027344,78.03441457559225,77.48213427426731,77.84428631066531,5618100
2023-07-17,77.47308349609375,78.07063543023756,77.32822681681634,77.78091516420675,5610700
2023-07-18,77.04756164550781,77.70848972603972,76.3956892667576,77.59984202708915,4605100
2023-07-19,77.9167251586914,78.26982155791691,77.48214816309547,77.50025265979663,5363700
2023-07-20,77.66321563720703,77.69943153569729,76.69446280189065,77.61795094470146,5667100
2023-07-21,78.0253677368164,78.2426562203434,77.68132706227563,77.87145534879629,4767700
2023-07-24,78.6681900024414,78.74062180460693,77.99821310110244,78.05253349898815,4990600
2023-07-25,78.10684204101562,78.92168242300082,78.025361456555,78.37845780416929,4968100
2023-07-26,78.45994567871094,78.62290684842685,77.94387434470724,77.98009024046938,7377400
2023-07-27,76.7578353881836,79.05749303110743,76.69445929559214,78.86736475333305,8010000
2023-07-28,76.69444274902344,77.86237926692424,76.54958610041359,77.67225103016939,5025800
2023-07-31,77.19242095947266,77.62699791620017,76.65824510362803,76.90270068582892,6121600
2023-08-01,77.065673828125,77.33728271703222,76.6582501335492,76.99324202809241,4641600
2023-08-02,76.62202453613281,76.79404831256944,76.1331203090043,76.42284747246632,4147000
2023-08-03,75.78909301757812,75.89774072302001,74.77506848921813,75.87962931837454,6454100
2023-08-04,75.17340850830078,76.25986443570962,74.9108484985305,75.58988086285812,5148300
2023-08-07,76.11502075195312,76.1512366497349,75.22774852499037,75.37261211611745,3906500
2023-08-08,75.62611389160156,75.80719337428133,74.90181668331044,75.5084174084667,3854800
2023-08-09,75.61705780029297,76.03353715456873,75.11004906635857,75.38166483523824,2960200
2023-08-10,75.32734680175781,76.40474740135772,75.12816970855461,75.78003520058444,4451100
2023-08-11,75.44503784179688,75.55367861892533,74.81127004281967,75.0466699057241,3654700
2023-08-14,74.94707489013672,75.31828261691221,74.72073073697372,75.31828261691221,3376700
2023-08-15,74.1050796508789,74.6120952872188,73.94211157267605,74.35858401531092,3398400
2023-08-16,73.1906509399414,74.21373105727181,73.1453862482968,74.1594106643078,3703700
2023-08-17,72.60216522216797,73.73388618194748,72.57500502432951,73.26308639449233,4069800
2023-08-18,72.82850646972656,72.98241885623965,71.97745013198738,72.08609782642525,3307400
2023-08-21,72.15851593017578,72.68363604270063,71.56097093564543,72.6564758485141,3789800
2023-08-22,72.36676788330078,72.65648818293366,72.14042368335394,72.41203948628088,3380200
2023-08-23,73.50753021240234,73.59806649318341,72.61120238248608,72.61120238248608,3257800
2023-08-24,73.22685241699219,74.52154115165254,73.16347633518957,73.71575657981583,4523800
2023-08-25,73.28118896484375,73.78819768331849,72.9643016083213,73.32645365329287,4252000
2023-08-28,73.96926879882812,74.36763673121787,73.57995656694058,73.57995656694058,3448800
2023-08-29,74.86560821533203,74.89276841355998,73.67955993539059,73.94212003072185,3515300
2023-08-30,75.13721466064453,75.3363986511383,74.80222968342906,74.88371027546208,3042100
2023-08-31,74.58492279052734,75.26395524935126,74.58492279052734,75.14625877651291,3410200
2023-09-01,74.71167755126953,75.300173750795,74.51250049206186,75.0557250964409,3403900
2023-09-05,73.84252166748047,74.64830638034717,73.81536147159356,74.49439399867062,3578000
2023-09-06,73.6885986328125,73.98737455932731,73.13631837136697,73.74291901673335,3681300
2023-09-07,74.15034484863281,74.47628097691056,73.4532009991317,73.4532009991317,5056100
2023-09-08,73.86062622070312,74.4038508104969,73.68860245273618,74.20466684916158,3317400
2023-09-11,73.86968231201172,74.09602648907877,73.49848145350934,73.96022550881942,2813600
2023-09-12,73.83346557617188,73.9873779426358,73.34456137610232,73.71576219566091,2959200
2023-09-13,73.0276870727539,73.8968478655637,72.84660759041273,73.82441607262723,3989000
2023-09-14,74.34954071044922,74.51250880068247,73.44416396637034,73.44416396637034,3926600
2023-09-15,74.0688705444336,74.30427043618812,73.77915025745746,73.9783342499054,3784500
2023-09-18,73.40794372558594,74.06886484148286,73.21781544947274,74.06886484148286,3117700
2023-09-19,73.07295227050781,73.61617690635424,72.86471949871341,73.28119194977822,2742500
2023-09-20,73.1363296508789,74.04170636239259,73.12727394967045,73.67050550255956,3827800
2023-09-21,70.64653778076172,72.70174661205355,70.61937758688593,72.59309892907484,6202200
2023-09-22,70.11236572265625,71.0630070028596,70.0580384298766,70.67369479073578,5061200
2023-09-25,70.04899597167969,70.11237206275753,69.52387584133419,69.83170059586205,3928200
2023-09-26,68.77241516113281,69.77738387788222,68.52796648481798,69.63252719385616,5220800
2023-09-27,68.31067657470703,69.39713287565748,67.948531381867,69.01687627868938,6657600
2023-09-28,68.96614074707031,69.24953595604887,68.42676779727857,68.563896986187,6659600
2023-09-29,69.16726684570312,70.18200616627709,68.76502306028883,69.88033030189706,6630600
2023-10-02,67.89653015136719,69.20381523586026,67.46686897612042,68.93870767176226,7564300
2023-10-03,66.57097625732422,67.78684443486326,66.36071056001991,67.52172984899289,7121000
2023-10-04,67.38460540771484,67.39374921468128,66.13216889119666,66.92751270492909,8748100
2023-10-05,67.7594223022461,67.841695637902,66.95493471086806,67.23833691904936,5306900
2023-10-06,67.94225311279297,68.36277752556515,66.5069824307321,67.15605317488135,5919900
2023-10-09,68.6827392578125,68.9387170012137,67.43030985733112,67.50343938076541,3848200
2023-10-10,69.01184844970703,69.61521411396285,68.38106531624386,68.70102878607018,4585700
2023-10-11,70.20944213867188,70.25514722427256,69.43237896196759,69.56950816813195,6128600
2023-10-12,69.18555450439453,70.07231549876117,68.82902274011866,69.99003518217675,4429000
2023-10-13,69.01184844970703,69.71577505800549,68.70102878607018,69.51465316992022,5860800
2023-10-16,69.83462524414062,70.02660334969023,68.79245439991051,69.49637412025908,4381800
2023-10-17,69.73406219482422,70.64824760791774,69.18555234190435,69.18555234190435,5419300
2023-10-18,68.25308227539062,69.45066286421448,68.19822641104793,69.21297271787817,4853700
2023-10-19,66.63497924804688,68.25309145756815,66.49785003076312,67.65886949912634,8238400
2023-10-20,66.18701934814453,67.1560535669429,66.14130729173004,66.73552915171567,5874400
2023-10-23,65.53794860839844,66.45213393935813,65.35510735739815,65.57451685859849,6906600
2023-10-24,66.37899017333984,66.56182442964715,65.78476837832142,65.80305598876004,5755200
2023-10-25,64.95286560058594,65.94932418748517,64.86144149471846,65.70249723581107,6254500
2023-10-26,66.1961669921875,66.64411587736171,65.23626954927606,65.28198160834079,8144400
2023-10-27,65.13570404052734,66.44298932692445,64.91630151666979,66.44298932692445,12043000
2023-10-30,65.54708862304688,66.03161273071673,64.55062991175728,65.52880798439938,7041000
2023-10-31,66.66239929199219,66.73553579966875,65.43739417447541,66.06817737281231,5964700
2023-11-01,67.07377624511719,67.13776893548253,66.31500079172805,66.75380581861035,7021600
2023-11-02,69.2769546508789,69.46893270954988,68.04280600246281,68.19821581548031,6450300
2023-11-03,70.93164825439453,71.86412135256437,70.41056280824611,70.42885042372177,6394100
2023-11-06,69.90775299072266,70.83108212283447,69.55122127157978,70.78537006666517,4432100
2023-11-07,69.3318099975586,69.96260008821592,69.23125603098399,69.81633406664167,5235300
2023-11-08,69.56036376953125,69.82547837261258,69.25868788815279,69.53293932346786,4398300
2023-11-09,68.46334075927734,69.84376259987724,68.30793092266617,69.79805054220064,4922800
2023-11-10,69.103271484375,69.24954449716645,68.28051019880704,68.81073243347322,3943800
2023-11-13,68.52732849121094,68.81986750498007,68.11594790064444,68.59132118251418,3791200
2023-11-14,72.33035278320312,72.96113597884127,70.62082354065416,70.75795274829069,7493800
2023-11-15,72.54059600830078,73.19881048443014,72.20235193978078,72.2663446263667,6033400
2023-11-16,72.38520050048828,72.89714209435492,72.15665414970051,72.67773955050937,4879800
2023-11-17,72.33035278320312,73.02512867911416,72.02866992133897,73.00684803961386,4379000
2023-11-20,72.8605728149414,72.8605728149414,71.66299218558079,72.24807027738147,4225000
2023-11-21,72.34862518310547,72.62288356714399,72.16579091020009,72.54974706810965,3703600
2023-11-22,72.70515441894531,73.21709594537207,72.37604715919092,73.00683723616687,5280200
2023-11-24,72.91542053222656,72.97026941761523,72.19321331766137,72.53145741046515,1893600
2023-11-27,73.18053436279297,73.58277114270983,72.61373697901352,72.9519880430774,5790800
2023-11-28,73.66505432128906,73.72904701432115,72.61373981460724,72.98855216674363,5811300
2023-11-29,74.177001953125,74.89920924786055,74.08558480910249,74.19528956673811,4605400
2023-11-30,74.71636962890625,74.762074710316,73.85703319210889,74.12214777313532,4118600
2023-12-01,76.55387878417969,76.56302259053392,74.43296906424108,74.65237856865866,7182800
2023-12-04,77.11153411865234,77.12982173176788,76.05108272241864,76.22477319893126,6740500
2023-12-05,76.59957885742188,76.82812515775741,76.20647894185757,76.70013978754388,6149900
2023-12-06,76.37104034423828,77.50462815657825,76.31619145846257,76.98354281766808,4405000
2023-12-07,76.59043884277344,76.8281289597954,76.06935353120834,76.4167414140251,6631500
2023-12-08,76.46246337890625,76.65444146861535,75.68540721350826,76.32533417920524,3416900
2023-12-11,76.6727294921875,76.80985171794174,76.09678824529624,76.2064930005805,3143200
2023-12-12,76.62701416015625,76.91040938084896,76.22477038264617,76.6635824103554,3158400
2023-12-13,79.56153869628906,79.83579705255957,76.52644404046492,76.73670971022962,5649600
2023-12-14,81.85617065429688,82.35896849539276,81.03340230787958,81.04254611580696,6918500
2023-12-15,80.70427703857422,81.70987947202482,80.1191990054873,81.66417439190634,7666400
2023-12-18,80.52144622802734,81.15222936833185,80.4300290891827,81.08823667367253,6353800
2023-12-19,81.13394927978516,81.36249561578455,80.8322664423426,80.90540294378576,5786900
2023-12-20,80.1466293334961,81.78302197498935,80.09178044345435,81.216224537395,6072600
2023-12-21,80.85737609863281,81.06097119984075,79.98744215621467,80.83886295989977,4430000
2023-12-22,81.17204284667969,81.81986866086167,80.76483845266215,81.17204284667969,5100300
2023-12-26,81.77359771728516,81.99570600869907,81.06098998548491,81.14428500769966,4336600
2023-12-27,82.17154693603516,82.27334804227792,81.56074029857862,81.93092549757998,5383600
2023-12-28,82.75456237792969,82.75456237792969,81.9586668779104,82.06972452699225,3879100
2023-12-29,81.77359771728516,82.52321761374166,81.68105318425397,82.4584357345503,5331500
2024-01-02,82.47693634033203,82.6065000790199,81.14427267303495,81.48669515996384,6057900
2024-01-03,80.50570678710938,81.82911393851828,80.34838039235662,81.82911393851828,5159600
2024-01-04,80.3576431274414,80.90366079606888,80.00596402902164,80.34838655624745,5609900
2024-01-05,80.15403747558594,80.85738858145882,79.31186605055863,79.7745957406102,3805800
2024-01-08,81.3016128540039,81.3941573886675,79.92268022363888,80.10776929296605,5372100
2024-01-09,80.75557708740234,81.07948641659573,80.12626450752929,80.51495570256134,3819000
2024-01-10,80.8481216430664,81.22755626869044,80.5519749618377,80.92216007854704,3649900
2024-01-11,80.09852600097656,80.68156296925103,79.63579623103608,80.68156296925103,5512700
2024-01-12,80.57974243164062,81.1627792593768,80.17253807282499,80.90365178038294,3070300
2024-01-16,79.9874496459961,80.48719852817848,79.72832216501878,80.12626995671803,5125800
2024-01-17,78.52522277832031,79.89490569412281,77.72932718925975,78.89540792264756,4898900
2024-01-18,78.0995101928711,78.94168154964893,77.53497945190212,78.64553485444341,4537800
2024-01-19,79.03423309326172,79.29336059201324,77.69231274516302,78.28460618822217,6188700
2024-01-22,79.50621032714844,80.27433616528772,79.14527471123284,79.31185766446544,4203000
2024-01-23,78.9601821899414,80.07998702469715,78.69179816266535,79.81160299742109,4821800
2024-01-24,77.83113098144531,79.83937610369286,77.77560567911236,79.76534472081377,3265600
2024-01-25,78.83062744140625,79.23783181341301,78.44193621032404,78.76584556955922,4394300
2024-01-26,78.60851287841797,79.21005575708614,78.43267335719219,78.98794750864414,2783200
2024-01-29,79.12677001953125,79.28409640570526,78.37715024718939,78.59000193184971,3591900
2024-01-30,78.38639831542969,79.06198669760123,78.23832850195687,78.78434608888547,4580900
2024-01-31,77.63677978515625,79.2470769833797,77.48870996934083,78.64553408946855,8892900
2024-02-01,79.0434799194336,79.07124256792078,77.12777244549102,77.55348992460753,8950700
2024-02-02,78.0625,78.55299235871125,76.75760590047526,77.90517359450676,7935800
2024-02-05,76.42443084716797,77.09076267426185,76.19306602168783,77.09076267426185,6269400
2024-02-06,77.45169067382812,77.59976048949751,76.26710390569667,76.54473745783706,5482300
2024-02-07,77.34063720703125,77.80336687969763,76.90567018501373,77.72932843750434,5074200
2024-02-08,77.9699478149414,78.19205607504595,77.11852693396209,77.11852693396209,3697200
2024-02-09,78.09026336669922,78.21982712072483,77.21107974142613,77.923680388567,3478100
2024-02-12,78.1087646484375,78.6732953741241,77.94218169560058,78.23832838278912,3949000
2024-02-13,76.49846649169922,76.51697257035626,75.46194956955819,76.42442805568331,6203500
2024-02-14,77.10001373291016,77.53498074326457,76.46145160302503,76.83162968267669,5264400
2024-02-15,78.89542388916016,78.9787118566247,77.75710557560748,77.80338137577387,5164800
2024-02-16,78.08100891113281,78.5344820215029,77.41467704080435,77.96995124584653,4781000
2024-02-20,77.94218444824219,78.25683722543882,77.25734653381276,77.62752461035133,4739900
2024-02-21,78.37716674804688,78.48821736839918,77.8033793203428,78.10878264770282,4053000
2024-02-22,78.52522277832031,78.9231705728506,78.35863981640777,78.62702386952766,5000600
2024-02-23,78.48820495605469,78.94168511976395,78.29385934047691,78.571499968842,4695600
2024-02-26,77.62751770019531,78.7010537965382,77.47944789489944,78.284592906463,5943300
2024-02-27,77.72007751464844,78.40491544074855,77.55349455308956,78.05323637707185,3857800
2024-02-28,78.5067138671875,78.98794959497182,77.23883208831664,77.32212709661617,5170700
2024-02-29,79.17304229736328,79.589496138929,78.81211375182131,79.13602307978285,6595400
2024-03-01,80.11700439453125,80.11700439453125,78.22906673841129,79.05272487937184,6560900
2024-03-04,80.86663055419922,80.91290634316903,79.33037179797985,79.89490253207994,5319000
2024-03-05,79.88565063476562,81.01471216900612,79.51546548343676,80.43167532163194,4722600
2024-03-06,80.2835922241211,80.58899547988602,79.81160601618383,80.40389938819791,4999400
2024-03-07,80.26509857177734,80.90366077005389,79.86715073890586,80.70931513921363,3164100
2024-03-08,81.1905517578125,81.46818532597042,80.79260395549441,80.97769300093304,4546400
2024-03-11,80.80184173583984,81.50519271565614,80.459426345415,81.01470046182008,3467200
2024-03-12,80.62600708007812,80.9591729529428,79.93191268839227,80.65376972603464,3309000
2024-03-13,80.21881866455078,80.98695163804184,79.9596911700465,80.48720272977157,3418600
2024-03-14,79.01571655273438,80.04297699338039,78.34013518300524,79.88565059886204,4155000
2024-03-15,78.83988189697266,79.14527810709093,78.23833192556148,78.25683800529515,4214300
2024-03-18,78.87689971923828,79.29335358246078,78.72882284121613,79.01571296651633,3030800
2024-03-19,78.84913635253906,79.14528307171435,78.37715715243438,78.80286761995542,4165700
2024-03-20,79.36740112304688,79.60801548638443,78.03473731079897,78.35864669274952,4605800
2024-03-21,79.94116973876953,80.2835922128239,79.45993402183603,79.70980491971241,3753200
2024-03-22,78.93500518798828,80.15771613107675,78.87900533442374,79.98038088777588,3923200
2024-03-25,78.44964599609375,79.2990078525159,78.44964599609375,79.00966581981714,5262400
2024-03-26,78.13230895996094,78.74833584571682,78.11364471541053,78.65499325984628,4923000
2024-03-27,80.14839172363281,80.17639165186634,78.84167381143043,79.02834474701375,5191400
2024-03-28,80.71773529052734,80.98840597042414,80.297715066577,80.297715066577,4626900
2024-04-01,79.3643569946289,80.96041697050674,79.2150216725026,80.96041697050674,5331200
2024-04-02,78.36564636230469,78.81366653539129,78.05763293837258,78.7483310019244,5116000
2024-04-03,78.44964599609375,78.54298144654125,77.85229056798367,78.17896820506911,3632700
2024-04-04,77.94564056396484,79.46702934117872,77.67496272242869,79.09368034867919,5953600
2024-04-05,78.34698486328125,78.53365578800002,77.47895153336427,77.67495814063076,4789000
2024-04-08,79.18701171875,79.26168293759375,78.51499211227443,78.5989918926941,3866900
2024-04-09,80.2417221069336,80.2417221069336,79.30835324608019,79.47635992587537,4075600
2024-04-10,76.91893005371094,78.1323052814672,76.47090987415964,77.88962738750027,8332800
2024-04-11,77.18028259277344,77.6189671490899,76.40558463676948,77.4602890118196,7145900
2024-04-12,76.26556396484375,76.8909193531996,75.96688623301418,76.71358412310754,5451200
2024-04-15,74.96818542480469,76.84425879912878,74.54817229252637,76.76958758240045,5478600
2024-04-16,73.91348266601562,74.71618045925052,73.69880469390147,74.63217355849653,6598800
2024-04-17,73.37213134765625,74.09082228257125,73.32546005325513,73.76414458488262,5554700
2024-04-18,73.38146209716797,73.84814652564414,73.05477730040325,73.67080416409064,4158300
2024-04-19,73.73615264892578,74.06283038202304,73.39080354762838,73.41881059992858,4585600
2024-04-22,74.3895034790039,74.5388459311356,73.51214149637043,74.0161615907548,3846100
2024-04-23,75.07086944580078,75.37888292686486,74.40817830599165,74.52951371321066,5484100
2024-04-24,75.21086120605469,75.34153227113926,74.33349223673913,74.78151240348551,4513600
2024-04-25,74.7815170288086,74.9028524193093,73.98814778610276,74.46416790751837,4082800
2024-04-26,74.81884765625,75.57487411794796,74.66950522769592,74.8935117494881,3367700
2024-04-29,75.58422088623047,75.81756312429225,75.14553633930792,75.14553633930792,4374000
2024-04-30,74.30548858642578,75.40686402338083,74.27748866260264,75.05218645322326,7003900
2024-05-01,74.33348846435547,75.71487738076637,74.0814820290641,74.20281740590238,7204200
2024-05-02,75.37887573242188,75.54688242232706,74.2495001973525,75.0335266695502,4804800
2024-05-03,75.88289642333984,77.13360736428623,75.70555404892156,76.68559426823133,4270000
2024-05-06,75.94822692871094,76.56424667521121,75.64954917746005,76.43357560410391,3044800
2024-05-07,76.66691589355469,76.90959378567356,76.33090254170982,76.54558050801481,3667300
2024-05-08,76.02289581298828,76.24690948131231,75.77088933742344,76.24690948131231,4129800
2024-05-09,77.58161926269531,77.64695479557439,76.62957907384148,76.62957907384148,5452200
2024-05-10,77.366943359375,77.78695649320177,77.13360114701808,77.70295671485209,5649800
2024-05-13,77.61895751953125,78.07630626529516,77.2549371141641,77.65628600727425,2848700
2024-05-14,78.21630859375,78.56165049363327,77.80562404141438,78.14163738040918,3099700
2024-05-15,79.29901123046875,79.72836001764722,79.11234032162201,79.36434676066898,3544900
2024-05-16,79.2430191040039,79.59769671379041,79.12167659249424,79.37369017713785,2577000
2024-05-17,79.23368835449219,79.42969497639662,78.94434626325798,79.33635950706687,2791700
2024-05-20,78.76699829101562,79.30835394412486,78.67366282831664,79.07501172685771,2842800
2024-05-21,78.73899841308594,78.86966948515334,78.41232073291744,78.58032741429543,2655100
2024-05-22,78.0296401977539,78.78567386438854,77.79629796802315,78.46832472901407,3888000
2024-05-23,76.34957885742188,78.02963860455621,76.30290756401277,78.02963860455621,4061100
2024-05-24,76.40557861328125,76.83492745213611,76.30290746474644,76.71359205888568,2317800
2024-05-28,75.90155029296875,77.07759697116902,75.817550519331,76.7695835590863,3046600
2024-05-29,75.1641845703125,75.27619138429192,74.82817124941268,75.13618464707726,3203100
2024-05-30,76.26556396484375,76.3028995714523,75.53753743857409,75.53753743857409,2748800
2024-05-31,77.69361877441406,77.74962574605861,76.3962366810993,76.73225002681065,4176900
2024-06-03,77.51628112792969,78.11363658592737,77.1149322619901,78.11363658592737,3301600
2024-06-04,78.11363983154297,78.44031749854658,77.29227070188927,77.29227070188927,2720700
2024-06-05,78.02030181884766,78.27231540603131,77.55361737551145,78.16030857605641,2373300
2024-06-06,78.16963958740234,78.18830383076305,77.3296062153896,77.65628388199482,4002100
2024-06-07,77.43228149414062,77.6376237872763,76.88159727258535,76.93759712669892,3227900
2024-06-10,77.69361877441406,77.954960905292,76.62957888667445,77.18959875584704,2450800
2024-06-11,77.41361236572266,77.77762563657397,77.10559894545185,77.3296054688129,3261700
2024-06-12,78.10430908203125,79.65369773811717,78.00163793434031,79.04701365581191,4123500
2024-06-13,78.4216537475586,78.6736673444556,77.82429820674759,78.28165410599333,2619900
2024-06-14,78.4029769897461,78.62698350154027,77.76828593879708,78.15097055410747,2178600
2024-06-17,78.09496307373047,78.4869762470616,77.61895012941633,77.94562777385894,2168100
2024-06-18,78.4029769897461,78.69231903085685,78.1322991908521,78.30030585495739,3073600
2024-06-20,78.17899322509766,78.44033541840471,77.92697959509394,78.16032185640962,2432900
2024-06-21,78.37498474121094,78.54299142176922,77.8429647729496,78.32831344954057,2337000
2024-06-24,78.98168182373047,79.76570831083733,78.29098368485269,78.41232620383816,2834300
2024-06-25,78.01097106933594,78.88833295589582,77.590950809489,78.85100446799053,2445900
2024-06-26,77.76829528808594,78.01097319231017,77.32027508959807,77.46961752944051,3287900
2024-06-27,78.52430725097656,78.552314294035,77.71228102823584,77.88961624137698,4244800
2024-06-28,79.15084838867188,79.49103884954867,78.55551147735575,78.89570193823255,4090500
2024-07-01,78.40431213378906,79.28313620440179,77.93182622936422,79.08469298969088,3274800
2024-07-02,78.7728500366211,78.8956937755089,78.3192603991936,78.63110282432733,3141400
2024-07-03,78.69725799560547,79.32094290478415,78.68780625800972,78.85790148691632,1571500
2024-07-05,78.91460418701172,79.06579593973838,78.41377024116193,78.84845644340068,3217000
2024-07-08,79.16974639892578,79.35874510889039,78.81065966433844,79.00910290262857,3239200
2024-07-09,79.15084838867188,79.41543936722861,78.38541624691736,78.98075315823348,2123200
2024-07-10,79.7367172241211,79.80286496118738,78.97129237955934,79.47212627585593,2482400
2024-07-11,82.02355194091797,82.3070391441797,80.75728602908256,80.75728602908256,4363500
2024-07-12,82.64723205566406,83.17641395207595,82.34484137063404,82.68503179248815,3562600
2024-07-15,83.20477294921875,83.30872042782585,82.56219181308532,82.79843477181728,2928700
2024-07-16,84.225341796875,84.25369700955322,83.2992733838269,83.73395958723607,3029300
2024-07-17,84.80176544189453,85.3687470674697,84.12138460737933,84.12138460737933,4757200
2024-07-18,84.05524444580078,85.79399642508855,83.8473566916875,84.32928715159582,4464700
2024-07-19,83.90404510498047,84.31983499471337,83.5449584244782,84.17808778598055,2809000
2024-07-22,84.77342987060547,84.85848109217041,83.54497070334976,84.14975215390473,3244400
2024-07-23,84.707275390625,85.29316052845704,84.26313747109008,84.64112765002807,2655400
2024-07-24,83.45990753173828,85.20810388723545,83.37486353191377,84.66001852315794,3844900
2024-07-25,83.18586730957031,84.7450722385227,83.00632035854807,83.77175242741575,4723200
2024-07-26,84.64112091064453,84.93405985145436,83.5733054090132,83.80009661449299,3326000
2024-07-29,85.07581329345703,85.35930772825519,84.02689397809202,84.77342259413506,3371100
2024-07-30,85.73729705810547,85.93574027667928,85.07581245329655,85.3971066235324,2854000
2024-07-31,85.43490600585938,86.5027215707547,85.18921131312172,85.88848844369198,5633800
2024-08-01,86.2948226928711,86.7673085830444,85.49159812148896,86.42711816535461,6988100
2024-08-02,86.24757385253906,87.06025018520725,85.472697257386,86.08693037527188,5223600
2024-08-05,83.78120422363281,86.01133106478929,83.5544057981082,84.55608082026829,6852600
2024-08-06,85.43490600585938,86.34207809108744,83.4126596711826,83.76230184124915,7321600
2024-08-07,84.8490219116211,86.79566158424393,84.74507443302832,85.81289001090691,4998600
2024-08-08,85.68059539794922,85.85069061831679,84.59387633502105,84.85847450747518,5981200
2024-08-09,86.07748413085938,86.23813482793997,85.14196399874626,86.0113363883779,4133800
2024-08-12,85.44435119628906,85.78454163208495,84.83956980144369,85.77508989510093,2925500
2024-08-13,86.19087982177734,86.28537556294438,85.56720216242454,86.04913260524532,3111300
2024-08-14,86.41766357421875,86.82400171472764,85.92628143687796,86.3420713135556,2966300
2024-08-15,86.35152435302734,86.73896626895653,85.97354138376171,86.54996757476071,4054400
2024-08-16,86.30429077148438,86.65392578229768,85.91684880758825,86.35153504371011,2260900
2024-08-19,87.02244567871094,87.02244567871094,86.29482059771757,86.30427233396908,2629800
2024-08-20,86.91851806640625,87.25870131577699,86.61612734841627,87.1169612991906,4934200
2024-08-21,87.38153076171875,87.42877501909423,86.58775081645732,87.01299239020646,2965900
2024-08-22,87.63668823242188,87.72173944875075,87.14530603768367,87.42879326979924,3182300
2024-08-23,89.56442260742188,89.68727355081934,87.9579734930023,88.01466949176272,8040200
2024-08-26,89.52662658691406,90.12196343685352,89.37543484742461,89.93296475053833,2748500
2024-08-27,89.65892791748047,89.7250756596197,88.78955553234678,88.86515501180968,1859300
2024-08-28,89.30929565429688,89.87627734836316,88.88405397657462,89.64003437503858,2664100
2024-08-29,89.03524780273438,89.41323798015623,88.67615388988027,89.26203902536228,3379500
2024-08-30,89.8951644897461,89.94241596344038,88.78954921710125,89.44158206435662,3490000
2024-09-03,89.84793090820312,90.24481737999793,89.29039373248456,89.5266367099191,5160800
2024-09-04,90.10305786132812,90.93463764258871,89.63057197090735,90.0747098614329,3041100
2024-09-05,89.81012725830078,90.84959487186445,89.64948377093143,90.69840312185895,6269400
2024-09-06,89.7250747680664,89.97076946909786,89.00690134899463,89.95187320420149,6965800
2024-09-09,90.72673797607422,90.89683317615686,89.58332304590401,89.73451477399848,2906400
2024-09-10,92.04025268554688,92.07805242184166,90.74563875330992,90.99133343444477,6001000
2024-09-11,91.86070251464844,91.96464998341813,90.16920222506074,91.20866970319535,3872100
2024-09-12,92.24815368652344,92.31430142699132,91.28427837163382,92.0686067297265,2713200
2024-09-13,93.21202850341797,93.23093197894876,92.61669879634141,92.84349003576627,3402700
2024-09-16,93.52386474609375,93.939654665367,93.22147404377586,93.59946422406398,4144500
2024-09-17,92.87181854248047,93.90184145576539,92.64502735066695,93.64669505660845,2990700
2024-09-18,92.75843048095703,94.10028863624603,92.62612780310214,93.01356968136065,5097000
2024-09-19,92.77732849121094,93.59945652499586,92.17254713632173,93.56165678911998,4450200
2024-09-20,92.4087905883789,92.66392979499616,92.07805190959265,92.24814711719165,3708500
2024-09-23,93.32540893554688,93.42935640134439,92.86236760260806,93.0419145361787,3320700
2024-09-24,93.45771789550781,93.722308861361,92.65449326072118,92.95688396591954,3279000
2024-09-25,92.83403015136719,93.76010571289329,92.6261351961534,93.5522107576795,2466000
2024-09-26,91.99300384521484,93.05137486306711,91.73786462987725,92.99467886178381,4776900
2024-09-27,92.11021423339844,92.97737672407983,92.07209616222978,92.75819963242968,4932800
2024-09-30,92.83443450927734,92.90113931534354,91.73856360652253,91.94820935995301,4207000
2024-10-01,92.2341079711914,93.19656943625036,91.8243477252974,93.0345657890607,4240300
2024-10-02,91.91010284423828,91.99587033155098,91.24305469971509,91.47175588208312,5161600
2024-10-03,91.07152557373047,91.78622311896858,90.74753284295663,91.58610867873543,2664400
2024-10-04,90.6331787109375,90.86187988996892,89.8041269403144,90.55694256116722,4602000
2024-10-07,89.83271026611328,90.13764758333025,89.42295006451432,90.13764758333025,3420200
2024-10-08,90.0137710571289,90.42353126673864,89.66118432365286,90.06142046742649,3773700
2024-10-09,90.10906982421875,90.11860116109747,89.4991951290174,89.84225055385313,4120600
2024-10-10,89.30860137939453,90.21388197752859,89.03225080505449,89.59447601919945,2664300
2024-10-11,90.3187026977539,90.3187026977539,89.59447387441644,89.76600156230481,2654000
2024-10-14,90.86187744140625,91.01434973683794,89.84224259411417,90.05188836519315,2529100
2024-10-15,91.95774841308594,92.73915075127715,91.24305088655936,91.29070029643948,2808500
2024-10-16,92.96785736083984,93.0917429256613,92.00540320343418,92.17693091064265,3177100
2024-10-17,92.2341079711914,92.7105730352412,91.95775736160894,92.60575013952786,2904100
2024-10-18,92.92020416259766,92.95832223413969,92.11021513559628,92.46279457437215,2080200
2024-10-21,91.10010528564453,92.83443757084022,90.97622700465871,92.46279545760392,4143000
2024-10-22,91.2335205078125,91.56704456963529,90.68082660691155,90.82376029749327,2530000
2024-10-23,91.90057373046875,92.07210142539351,90.91905697017442,91.01434851840395,2710500
2024-10-24,92.10069274902344,92.67244933715047,91.93869638193867,92.01492526215067,2632300
2024-10-25,91.2335205078125,93.01550230995038,91.20493376969615,92.7296203882284,3834800
2024-10-28,91.51939392089844,92.4246744717212,91.4050397087854,91.89103602241757,2296500
2024-10-29,90.86187744140625,91.62422437800633,90.56647145685633,91.23351957367201,2819600
2024-10-30,91.26211547851562,91.938702269606,90.81424442382584,90.86188656822436,2930300
2024-10-31,89.71836853027344,91.08105883615622,89.66118778165517,90.52835764461673,4946300
2024-11-01,88.72731018066406,90.4425870365607,88.67966077400298,90.22340994430996,4835200
2024-11-04,89.69930267333984,90.01377133359954,88.98460513835651,89.01319914679046,3368200
2024-11-05,90.89046478271484,90.93811419292342,88.99413603493706,89.20378180740803,2398100
2024-11-06,88.95601654052734,91.1286958382109,88.02214918569521,91.1286958382109,6335400
2024-11-07,90.02330017089844,90.29011941330788,89.13707496130758,89.38483880223596,4871300
2024-11-08,91.36692810058594,91.63375461438936,90.24247038124844,90.3663559373698,4093600
2024-11-11,90.9095230102539,91.90057107784928,90.85234226674338,91.30022052780156,2279800
2024-11-12,89.65166473388672,90.96670564257295,89.64213339729548,90.57600808568746,4645800
2024-11-13,90.14717864990234,90.95716771475101,90.01376902841099,90.39494249136304,2884300
2024-11-14,89.33718872070312,90.14717777771503,89.16566102754821,90.14717777771503,3708000
2024-11-15,89.38484954833984,89.55637726340734,88.63203386944804,89.01320737740693,2786400
2024-11-18,90.0328369140625,90.0328369140625,88.8321429808284,88.98460801267109,2468100
2024-11-19,90.47117614746094,90.69034597518653,89.36577386235813,89.79459672272894,3041600
2024-11-20,90.35682678222656,90.48070507105864,89.62307384482547,90.09953886841247,3143000
2024-11-21,91.02387237548828,91.30022295391612,90.0042375441824,90.37587967062143,2988600
2024-11-22,91.7099838256836,91.88151152147236,91.31928629489086,91.32881036056641,2943700
2024-11-25,92.98690795898438,93.44431027195682,92.24362374769512,92.24362374769512,4001200
2024-11-26,93.35855102539062,93.45384256905065,92.47232585582276,92.83443662984236,2774500
2024-11-27,93.95889282226562,94.53064934555059,93.87313261539826,93.89218801572035,2383100
2024-11-29,93.53961181640625,94.42582973245406,93.4252575996845,94.1018370238274,1922400
2024-12-02,92.17693328857422,93.13938747080877,91.92916942281927,93.06315858696709,3659400
2024-12-03,91.7099838256836,92.53903556704252,91.66234168646841,92.26268498658955,1992500
2024-12-04,91.46222686767578,91.80527498752859,90.97623051994238,91.80527498752859,2220300
2024-12-05,91.24304962158203,91.32880983384224,90.7379978730832,91.09057732830286,2922300
2024-12-06,91.10964965820312,91.79576051013254,90.70942075133759,91.49082316152834,1866100
2024-12-09,91.36692810058594,91.67186541751073,91.10010885706164,91.23351847882378,2871900
2024-12-10,90.0423583984375,91.26210769932307,89.75648374557456,91.25258363342316,2902100
2024-12-11,89.83271026611328,90.50929698177131,89.5849536941914,90.08047410831429,4294900
2024-12-12,89.68978118896484,90.6522353291764,89.60401370175302,89.60401370175302,2255100
2024-12-13,89.43248748779297,89.75648749892152,89.18472362872757,89.56589711876366,2796200
2024-12-16,89.1180191040039,90.12812994643716,89.05131428830093,89.38484563709547,3644900
2024-12-17,88.68920135498047,89.41343024411098,88.46050017377907,88.75590616909253,3020200
2024-12-18,85.02994537353516,88.87977609757075,85.01088270256577,88.46049184986835,5409800
2024-12-19,83.71490478515625,85.90664684352629,83.6577313077259,85.25865410829093,5403600
2024-12-20,85.125244140625,86.08769826816103,83.71490445064954,83.71490445064954,7622200
2024-12-23,85.4581527709961,85.56398984594121,84.51524265074532,84.84237742983599,4548900
2024-12-24,86.02582550048828,86.1220390217131,85.15988912822256,85.19837600483672,2182600
2024-12-26,86.2567367553711,86.34332671961263,85.37156064244898,85.79490159088687,2577400
2024-12-27,85.39079284667969,86.372182390932,85.15025540204115,85.74679090736801,3816700
2024-12-30,84.96745300292969,85.20799047137021,84.13038731075412,85.0732900762932,4402400
2024-12-31,85.70830535888672,85.91035593462878,84.938582587909,85.60246829436177,5045100
2025-01-02,84.94820404052734,85.89110670400656,84.67880327953328,85.71791945185035,5296100
2025-01-03,86.06430053710938,86.15089784011927,84.88086034073312,85.15026112232704,3469900
2025-01-06,84.95783233642578,86.32408332380766,84.82313194840901,85.948845479958,4206500
2025-01-07,84.14962005615234,85.62170806566465,83.92832971440129,85.32344397868697,5679000
2025-01-08,84.37091827392578,84.43826846627138,83.33179472863348,84.13999703678054,5250300
2025-01-10,82.31192016601562,83.24519932675435,82.24456997213508,83.04314874511273,10056500
2025-01-13,83.32217407226562,83.39914782065698,82.05213658629098,82.24457095726936,3740200
2025-01-14,84.08226776123047,84.26507856641626,83.46649249605959,83.67816661982836,3829900
2025-01-15,84.56333923339844,86.46839892981896,84.5152288106215,86.3914251896238,3886700
2025-01-16,86.31446838378906,86.40106569365344,84.48638206890456,84.75578287182245,4112800
2025-01-17,86.2567367553711,86.84364875952228,86.2567367553711,86.56462441815361,3672400
2025-01-21,87.8731460571289,87.93087269814148,86.61272478359567,86.68969853202623,3634900
2025-01-22,86.34332275390625,87.61336022212954,86.28559611372992,87.61336022212954,2966300
2025-01-23,86.97834777832031,86.99758754541845,85.67944695088292,86.48764930017879,2706900
2025-01-24,87.276611328125,87.83465999849729,86.63197269542982,86.67045957000248,3267300
2025-01-27,88.44081115722656,88.46967447780524,87.1611501136865,87.26698718288881,4107700
2025-01-28,87.37281799316406,88.1810276145748,87.16114386992267,88.1810276145748,2373800
2025-01-29,86.21824645996094,87.63260787810364,85.80452174132478,87.40168663471094,2820000
2025-01-30,87.31510162353516,88.05595380137675,86.61272898115303,87.24775142554955,3485100
2025-01-31,87.12266540527344,87.96935456798137,86.88212796057707,87.0841785332476,2566200
2025-02-03,86.93985748291016,87.27660844853418,85.5543594064907,86.35294551112806,5187600
2025-02-04,87.00720977783203,87.2092603620873,86.11241013863258,86.41067423815885,3371500
2025-02-05,88.22914123535156,88.42157561610718,87.04570099134396,87.82504004669633,3310400
2025-02-06,88.45043182373047,88.71983259449857,87.8827596219373,88.71983259449857,3468600
2025-02-07,88.16178131103516,88.6717268583134,87.65184310437714,88.61399288014555,2516200
2025-02-10,88.123291015625,88.36382845022246,87.45941268775759,88.31572536767493,2195400
2025-02-11,88.5081558227539,88.54664269466133,87.64221955638749,87.72881685333425,2260000
2025-02-12,87.6903305053711,87.96935482290188,86.60310389481619,86.73780427698688,4747200
2025-02-13,88.56588745117188,88.71982759409713,87.37281647555602,87.55562727711104,3734300
2025-02-14,88.16178131103516,89.18166506497143,88.14254154539269,88.78718013340867,2344300
2025-02-18,88.5562744140625,88.8641620770937,87.91163576656298,88.0270890523116,2500700
2025-02-19,88.62361907958984,88.844909423877,87.98859668512313,88.17140749697636,2339100
2025-02-20,89.0469741821289,89.15281125600255,88.12330383911882,88.55627568877124,2920000
2025-02-21,88.17141723632812,89.25864399288216,87.65185540363414,89.21054090171607,2534600
2025-02-24,88.51779174804688,89.0758404577728,87.91163994717847,88.2964940388034,3258700
2025-02-25,89.60501098632812,90.00911949362417,88.76794533258919,88.76794533258919,4329200
2025-02-26,89.2297592163086,89.99948189611199,88.92187161251114,89.80704755585138,2828800
2025-02-27,89.58576202392578,90.11494731212488,89.10468715851565,89.24901108626266,2379800
2025-02-28,90.34587097167969,90.38435784595292,89.3067473881646,89.98987289011784,4213800
2025-03-03,90.76920318603516,91.35611511622322,90.24964878481882,90.48056266765053,4596700
2025-03-04,89.72046661376953,91.30801521232489,89.59538978551035,90.75959013361889,4541100
2025-03-05,90.72111511230469,90.88467883384484,88.9892423529936,89.17205318331565,2574000
2025-03-06,88.3927001953125,90.07646225819707,88.17140252288914,89.80705416201471,4968800
2025-03-07,88.92188262939453,89.32598378307823,87.85389576564447,88.42156796397002,4447100
2025-03-10,88.06556701660156,89.78781598075,87.58449213300547,88.82566621355781,3534300
2025-03-11,87.03607177734375,88.51778338001411,86.5068937810747,88.06557179042126,3918700
2025-03-12,86.76667022705078,87.51714590493643,86.36256906828474,87.18039493929807,3303000
2025-03-13,85.05404663085938,87.36320769616184,84.94820956207238,86.76667215760067,3881600
2025-03-14,86.75704956054688,86.83402330971721,85.29458502941424,85.78528350459919,3769100
2025-03-17,88.23875427246094,88.51777858583418,86.63196592292344,86.63196592292344,2233300
2025-03-18,87.77693176269531,88.6236209660533,87.43055723845328,88.10405917969024,1956000
2025-03-19,87.88275909423828,88.54664480437364,87.14190697907452,87.78654558248746,1882100
2025-03-20,87.82502746582031,88.36382897351099,87.43054988786677,87.85389078364375,2041100
2025-03-21,86.85325622558594,87.45941527671168,86.31445470513655,87.31509134355697,3395100
2025-03-24,88.19065856933594,88.33497517400356,87.08418477628582,87.41131220102682,3719000
2025-03-25,87.20111846923828,88.20231171963687,86.67621952498506,88.08567245382054,4210000
2025-03-26,87.54132843017578,87.99818532934887,87.22056303409867,87.42468916470285,3094100
2025-03-27,87.3177719116211,88.39672970011945,87.10392335303192,87.75518402435193,2993000
2025-03-28,87.20111846923828,87.75517722994559,86.6373372977041,87.59965573684828,3602900
2025-03-31,88.00790405273438,88.53280297344965,87.2205593796746,87.2205593796746,2964400
2025-04-01,88.04679870605469,88.44532859601931,86.97756330894629,88.2509248569186,4276600
2025-04-02,88.58140563964844,88.72721214037175,87.51217032772199,87.75517869025194,3427200
2025-04-03,85.55838012695312,88.25091690876594,85.50006049368082,87.21084142459236,5784700
2025-04-04,81.84520721435547,84.80991197472477,81.74800536005384,84.67382789549727,7803800
2025-04-07,79.69702911376953,82.93390263240813,77.85016387569772,79.97891973469874,13294200
2025-04-08,77.55855560302734,81.79662235183194,76.64484171930434,81.60221119783384,7401100
2025-04-09,82.18543243408203,82.56452489215874,74.76881234970149,76.1393830950764,10990300
2025-04-10,80.30940246582031,82.04934314798423,78.24868898065955,81.08702473899368,7442500
2025-04-11,81.29115295410156,81.4564042731235,78.80274975031854,79.75534577328165,5275900
2025-04-14,82.9727783203125,83.4685174708486,81.77717387867294,82.01046725305869,3228000
2025-04-15,83.22550964355469,83.76984602194813,82.74920789643348,83.21578723221853,2443200
2025-04-16,83.16718292236328,84.22670328140987,82.60340913508206,83.47823334211488,2393000
2025-04-17,84.41138458251953,85.04320783325646,83.30326699890024,83.30326699890024,3383500
2025-04-21,82.65200805664062,83.79900789352611,81.6216549105667,83.5657219279301,2406100
2025-04-22,84.25586700439453,84.60579966983629,83.40048016444099,83.57544649716186,2209800
2025-04-23,84.41138458251953,86.10272819206644,83.94481266100982,85.19873675111101,2493100
2025-04-24,84.72245025634766,85.31538391644936,84.03229988955235,84.4599970371939,2080800
2025-04-25,84.5766372680664,84.90712509976676,83.96425141422723,84.72244377688655,2409500
2025-04-28,85.10153198242188,85.2764983010262,84.24613779545558,84.49886857033442,2914900
2025-04-29,85.55838012695312,85.9666398079391,84.76131300278297,85.06264841208531,2740300
2025-04-30,85.8597183227539,86.16104632580895,84.32390365784244,85.15013062546318,3738300
2025-05-01,86.1416015625,86.89006400862701,85.50005596636866,86.16103896721934,3574100
2025-05-02,87.20111846923828,87.50244646063257,86.80258861765485,87.21084088006516,2237700
2025-05-05,87.0067138671875,87.53161280612171,86.54013456057048,87.05531108877634,2289900
2025-05-06,86.33601379394531,87.04560150065996,85.92776151031457,86.60818198303248,2579700
2025-05-07,86.43321228027344,87.14279995924832,86.24853096834225,86.51097673583745,2220300
2025-05-08,86.09300231933594,86.92895167912751,85.77222950117778,86.78314517850774,2652600
2025-05-09,86.66650390625,86.89978985222976,85.89859660903902,86.02495828477252,3460200
2025-05-12,87.09420013427734,87.84267008240275,86.61790579566932,87.83294767091321,3657300
2025-05-13,85.98606872558594,87.18167300183059,85.7333379796432,87.07474874070196,4178600
2025-05-14,85.1404037475586,85.68474750597275,84.8196383549524,85.68474750597275,3052500
2025-05-15,86.69566345214844,86.7151008575751,85.36397499161473,85.45146185610089,2563000
2025-05-16,87.77462005615234,87.80377987194352,86.54013347013246,86.70537737030004,2580300
2025-05-19,87.79405975341797,87.90098402479472,86.86090854360626,87.02615244808793,2956400
2025-05-20,87.27888488769531,87.65797734218164,87.07475875189704,87.13307838611748,2003300
2025-05-21,84.95572662353516,86.98727301285017,84.8876845773865,86.63734037093508,2677200
2025-05-22,84.5669174194336,85.0140519549464,83.94481655123948,85.0140519549464,2540100
2025-05-23,84.65438842773438,84.90711919771971,84.11977448725864,84.41138006860179,2123000
2025-05-27,86.13188171386719,86.33600784160933,85.06264643787325,85.35425201349354,2117700
2025-05-28,86.04440307617188,86.18049459037066,85.47090686473813,86.16104976718776,1912800
2025-05-29,86.82202911376953,87.17196175572776,85.92776010255487,86.10272642353398,2440300
2025-05-30,86.82202911376953,87.04560007458662,85.976357326366,86.48181888298426,2525900
2025-06-02,86.93867492675781,86.96783474395704,85.37370046483363,86.15132278224468,3101600
2025-06-03,86.76370239257812,86.89978647377791,86.0152325299531,86.54013145002064,2155700
2025-06-04,87.0067138671875,87.29831944479996,86.32628602070545,86.72482328427691,2598200
2025-06-05,86.93867492675781,87.3955318389505,86.4818180145651,87.04559920050617,3148400
2025-06-06,87.35665130615234,87.75518117565476,86.89007197382864,87.28860925935794,2707200
2025-06-09,87.4732894897461,87.99818845107464,86.792869030261,87.38581003753806,3676100
2025-06-10,88.22175598144531,88.2800756139834,87.59965518095073,87.6190925864546,4036000
2025-06-11,87.74545288085938,88.73693111455631,87.42468749092345,88.34811626636196,2874600
2025-06-12,88.17315673828125,88.26064360846753,87.5413334883651,87.68713999465758,2007200
2025-06-13,87.3177719116211,88.02735222036465,86.74426828485676,87.47329341675957,2334100
2025-06-16,87.38581085205078,88.45504619093361,87.09419784325235,87.65797903838167,2657500
2025-06-17,87.07476043701172,87.64825662734927,86.77342501697879,87.37608844101776,1879400
2025-06-18,87.37608337402344,88.02734398441065,86.89006666489392,87.30804133138636,2945800
2025-06-20,87.3177719116211,88.14399891123887,87.22057004390614,87.68714197534875,2940300
2025-06-23,88.63001251220703,88.69805455878914,87.36636602879436,87.48301271551806,3142100
2025-06-24,88.86329650878906,89.20350673419259,88.27035550907434,88.77581705769674,2727300
2025-06-25,86.7248306274414,88.3675696263836,86.67622598571063,88.3675696263836,4282500
2025-06-26,86.64433288574219,86.9093645041105,85.57441095149395,86.9093645041105,5886100
2025-06-27,86.86028289794922,87.76334500486188,86.51673032466505,86.6639692814681,3179200
2025-06-30,87.41978454589844,87.45904876679333,85.93759952375939,86.91918257947847,8752300
2025-07-01,88.05781555175781,88.7252923331579,87.13512507747065,87.2430998133504,5552800
2025-07-02,88.26394653320312,88.38173919583478,87.49831294830832,87.8516834473189,3469500
2025-07-03,88.36210632324219,88.70566639529217,88.01855374007685,88.32284958992442,2361700
2025-07-07,87.60629272460938,88.82345368630443,87.13512953585509,88.33266213042427,4467500
2025-07-08,87.47868347167969,87.94983913845573,87.1253129771555,87.34126244479631,3631300
2025-07-09,87.54739379882812,87.8025999974203,87.17438745046616,87.68481482541907,3837000
2025-07-10,88.09708404541016,88.68603241311783,87.34126834648086,87.62592085791314,5303600
2025-07-11,88.10689544677734,88.31302698576138,87.16457663047137,87.46886497532148,3987600
2025-07-14,88.67620849609375,88.69584435072589,87.93021077552706,88.0774497297309,3256900
2025-07-15,87.3707046508789,88.76455070914352,87.20382984985426,88.67620434520295,4483000
2025-07-16,88.19523620605469,88.34247516243563,87.34126373903716,87.80260148533364,4126500
2025-07-17,88.09708404541016,88.48971878684354,87.69463137599762,88.12653034046282,3406500
2025-07-18,88.28358459472656,88.62713717488381,87.92039615919771,88.29339503352779,2523700
2025-07-21,88.64675903320312,89.21607897502864,88.4406275002423,88.89215478513991,3904200
2025-07-22,90.16822052001953,90.25655940078371,88.9019774735418,88.91179540103265,2684200
2025-07-23,90.34490203857422,90.48232306223171,89.95226733288818,90.30563781911721,2981900
2025-07-24,90.03079986572266,90.43324502791002,89.98171771694847,90.16822089562902,3236600
2025-07-25,90.04061126708984,90.17803228703589,89.12773878380024,90.15839643339565,2960500
2025-07-28,88.59768676757812,89.8442939259565,88.53878669308232,89.80502970592072,2551300
2025-07-29,90.02098083496094,90.1191376424219,88.65658099126564,89.0982903692822,3713600
2025-07-30,88.74492645263672,90.13877257542748,88.1756064907472,89.9817156939886,4407900
2025-07-31,87.4983139038086,88.69584644254573,87.38052123989061,88.24431913085351,4823500
2025-08-01,87.28236389160156,88.44063220187378,86.66396925984435,88.37192168723409,5395600
2025-08-04,88.17561340332031,88.4013733269819,87.43942606385141,87.46887235920859,3385600
2025-08-05,88.57805633544922,88.67621314710529,87.86150487036377,88.24432167804169,3752600
2025-08-06,87.89094543457031,88.72528951257546,87.85168121469094,88.63695063451001,3604600
2025-08-07,88.14616394042969,88.34247756167957,87.59647232093769,88.34247756167957,3345600
2025-08-08,87.41978454589844,88.33265708727255,87.22347093030838,88.28358242781724,3228800
2025-08-11,86.84065246582031,87.50812923041431,86.81120617293715,87.07623029776988,2623500
2025-08-12,87.3314437866211,87.35107215220404,86.45783548493746,87.10567639355394,3240500
2025-08-13,88.14616394042969,88.28358497308153,87.18420922298216,87.51795136576851,3577300
2025-08-14,87.5179443359375,87.73388630641311,86.95843483365994,87.58665484674428,3524500
2025-08-15,88.0185546875,88.26395046224303,87.44923469276382,87.52776313801392,2399500
2025-08-18,87.27255249023438,88.16578917069643,87.2430987080985,88.02836814293303,2562500
2025-08-19,88.77437591552734,88.81364013728906,87.64555387875278,87.73389276105323,4168400
2025-08-20,89.02958679199219,89.74614577116893,88.77438057048592,88.99033005705658,2931900
2025-08-21,88.76455688476562,89.08848109361088,88.40136845464659,88.59768956101544,2629800
2025-08-22,90.4823226928711,90.91422161625107,89.22589763091199,89.38294701921482,3318700
2025-08-25,89.96208953857422,90.6393767619882,89.90318946214533,90.31546004160954,2968600
2025-08-26,89.72650909423828,90.21730061321637,89.54982384785079,89.93264063354296,2739800
2025-08-27,90.2860107421875,90.53140650063249,89.89337603089868,89.9620865437079,1885400
2025-08-28,90.05043029785156,90.35472614724067,89.52037453224449,90.31546192509741,2525000
2025-08-29,90.54122161865234,90.57066791296621,90.08969429844221,90.16822274253562,2137100
2025-09-02,89.03939819335938,89.82466763443865,88.72529191470454,89.72651082652484,3424400
2025-09-03,89.0884780883789,89.30442755365777,88.73510759771973,88.87252862310005,2505500
2025-09-04,89.7559585571289,89.81485114504326,88.9019785879481,89.36332383030263,3689000
2025-09-05,90.7669906616211,91.20870006207163,90.13877807530335,90.37435592295131,3446100
2025-09-08,90.23693084716797,90.2565592132244,89.55963614051227,89.85411405354981,2880400
2025-09-09,90.03079986572266,90.06024615943338,89.6479830697143,89.98171771694847,2533900
2025-09-10,89.88356018066406,90.56085488606581,89.73632122441789,90.04061706436248,2242800
2025-09-11,91.5228042602539,91.6994895141667,90.06024756829409,90.13877601200745,2671400
2025-09-12,91.10072326660156,91.62096110082712,91.00256645636959,91.46391170223288,2165500
2025-09-15,90.9534912109375,91.5228037021765,90.68845958724208,91.3952005985838,2754600
2025-09-16,90.4725112915039,91.09091342892698,90.21730508099354,90.94367446816507,3260300
2025-09-17,90.35472869873047,91.85654966591748,90.25656439615798,90.74735595348105,4570600
2025-09-18,90.55104064941406,90.94367538577924,90.24675228595127,90.46270176539636,2966000
2025-09-19,89.96208953857422,90.78661571973366,89.96208953857422,90.66883054464488,3076000
2025-09-22,89.98171997070312,90.17804108183262,89.41239998175456,89.99153789848076,3646000
2025-09-23,90.4725112915039,90.68846076877008,89.98171974822064,90.09951241460709,3421200
2025-09-24,89.58263397216797,90.43485873536015,89.57272227201587,90.39521949516377,2709200
2025-09-25,89.31507110595703,89.9294679891741,89.24570432562705,89.57272238735929,4246500
2025-09-26,90.197021484375,90.35557844197908,89.48353785639225,89.68172649298548,5430800
2025-09-29,90.22676086425781,90.40513366981781,89.83037601185644,90.29612764639712,3155100
2025-09-30,90.5934066772461,90.66277345637,89.9691056651309,90.25648448161907,3002800
2025-10-01,90.73213958740234,91.04924594119115,90.42494493353527,90.54386265136051,2933500
2025-10-02,90.25648498535156,90.53395210339578,89.69163904921527,90.53395210339578,4186000
2025-10-03,90.5934066772461,91.32672126845532,90.37539463988183,90.37539463988183,2496500
2025-10-06,89.74118041992188,90.67268363285898,89.71145288085567,90.65286779361875,4154400
2025-10-07,89.41417694091797,89.98892704889259,89.03760792212054,89.81055424009706,4546200
2025-10-08,88.94842529296875,89.28534750933466,88.72050154158237,89.00788037575983,3325100
2025-10-09,88.46284484863281,89.17633604022046,88.23492867157181,89.1168809610588,3122700
2025-10-10,87.3331527709961,88.87905286917002,87.2935135315135,88.710584211266,3996300
2025-10-13,87.88809967041016,87.97728229411939,87.28361446389539,87.41243632939062,2809800
2025-10-14,88.78986358642578,88.92859714580925,87.59080493151903,87.76917773078519,3047700
2025-10-15,90.07811737060547,90.33576866379394,89.02769635702744,89.09707070094296,3026500
2025-10-16,89.7610092163086,90.60332230227802,89.5628130099314,90.2465766912113,3719100
2025-10-17,90.34567260742188,90.45467863274857,89.4439044238429,89.72137155725181,2945200
2025-10-20,91.2573471069336,91.27717050695732,90.56367931434136,90.77177965211902,2036800
2025-10-21,90.99970245361328,91.6140917606129,90.8510571966124,91.16816355002209,2829500
2025-10-22,91.38617706298828,91.53482232239227,90.8609703654512,91.27717104345281,2490400
2025-10-23,91.32672119140625,91.73301016581442,90.5636790612751,91.48527058909347,2687000
2025-10-24,91.59427642822266,92.08975558069375,91.59427642822266,91.98074956231716,2619500
2025-10-27,91.8519287109375,91.89156795081898,91.24744353346586,91.6537325115301,2921900
2025-10-28,90.04838562011719,91.63391742637296,89.97901883985637,91.63391742637296,4635700
2025-10-29,87.72953796386719,89.54299348544349,87.43225500715083,89.38443652686523,5649700
2025-10-30,88.14574432373047,88.7403253963295,87.40252554339409,87.66017683749284,5183100
2025-10-31,88.37366485595703,88.67095538142331,87.37279481799347,87.69981288392395,3982700
2025-11-03,88.24484252929688,88.34393685045998,87.06559969434338,87.40252189838033,4522900
2025-11-04,88.39347839355469,88.52230781275983,87.95746187741734,88.43311763327843,4058700
2025-11-05,88.4727554321289,88.76013424513684,87.93763704519121,88.6709516275198,2885900
2025-11-06,88.04664611816406,88.74032148548808,88.0169185779267,88.38357588181563,3421600
2025-11-07,89.41417694091797,89.43399278171198,88.13583973795205,88.23493406274682,5277800
2025-11-10,89.3646240234375,89.76100887426921,88.83941730926068,89.20606705893995,3398100
2025-11-11,90.36549377441406,90.43486055605126,89.67181839762989,89.69164179833318,3190200
2025-11-12,89.69164276123047,90.34567134362948,89.66191522026855,89.92947064933809,3652300
2025-11-13,88.5916748046875,89.59254481898014,88.45294124552755,89.21597582090722,3734400
2025-11-14,88.77995300292969,88.92859826425631,88.29438553898063,88.81959224331092,3662800
2025-11-17,88.04664611816406,89.03760444827375,87.79890653563663,89.01778860825287,4071900
2025-11-18,88.40338897705078,88.66104025179501,87.76917627030485,88.00700414523162,4281500
2025-11-19,87.70972442626953,88.49258241886967,87.42234560161286,88.3934805369513,4029400
2025-11-20,87.34306335449219,88.76013401613075,87.3133358153632,88.2646548695496,5316600
2025-11-21,88.76013946533203,89.08715753665086,87.58089660474053,87.85837129460673,5770400
2025-11-24,88.99796295166016,89.12679236997222,88.28447176240275,88.82950185431102,3330800
2025-11-25,89.82046508789062,90.21684994371856,89.23580328486395,89.23580328486395,4230300
2025-11-26,90.21685028076172,90.74205700352063,89.57272583268647,89.61236507445858,3298000
2025-11-28,90.51412963867188,90.7717809196949,90.1078406574548,90.1078406574548,1627100
2025-12-01,89.47362518310547,89.9889201688894,89.41417010485665,89.63217457857291,3120800
2025-12-02,89.15652465820312,89.82046494340986,88.86914582720044,89.70154721872908,2736900
2025-12-03,89.38443756103516,89.60244960139669,88.99796442054408,89.04751536077606,3204000
2025-12-04,89.16643524169922,89.77091287678707,89.0574292188771,89.2159786227197,4837500
2025-12-05,89.06732940673828,89.53308101805514,88.90878000993084,89.00787432798697,3859800
2025-12-08,88.38357543945312,89.10697078298183,88.34393619919769,89.10697078298183,3971700
2025-12-09,88.04664611816406,89.16643386985174,88.0169185779267,88.63131546434305,4194000
2025-12-10,88.36375427246094,88.99796701175327,88.20520486784396,88.32411503120363,4633300
2025-12-11,88.75022888183594,89.10697449859859,88.45294590814196,88.62140701594312,5207200
2025-12-12,88.64122009277344,89.4538056255262,88.42321560969371,89.13669926055957,3855900
2025-12-15,88.91869354248047,89.06733124242218,88.29438496107727,89.0078761624455,3914800
2025-12-16,88.26465606689453,89.16643175490282,88.12592250880277,88.83941369922431,3717900
2025-12-17,88.5916748046875,88.94842040264504,88.17547412720768,88.18537826685343,3715300
2025-12-18,88.12592315673828,89.17633655013086,88.02682883743157,89.02769129096482,3818000
2025-12-19,87.78899383544922,88.3637514748649,87.74936215585888,87.86827231545386,4162000
2025-12-22,88.23999786376953,88.37000274658203,87.4800033569336,87.6500015258789,3593800
2025-12-23,88.18000030517578,88.27999877929688,87.87000274658203,88.27999877929688,3955900
2025-12-24,88.76000213623047,88.91000366210938,88.20999908447266,88.20999908447266,2730800
2025-12-26,88.86000061035156,88.91999816894531,88.45999908447266,88.69999694824219,2065600
2025-12-29,89.04000091552734,89.33000183105469,88.79000091552734,89.23999786376953,2604000
2025-12-30,89.22000122070312,89.2699966430664,88.91999816894531,89.0999984741211,2813400
2025-12-31,88.48999786376953,89.19999694824219,88.44999694824219,89.18000030517578,3301700
2026-01-02,88.5199966430664,88.8499984741211,87.83999633789062,88.37000274658203,3524400
2026-01-05,88.72000122070312,89.06999969482422,87.87999725341797,88.30000305175781,5501600
2026-01-06,89.37000274658203,89.58000183105469,88.27999877929688,88.37999725341797,4889800
2026-01-07,88.5,90.01000213623047,88.4800033569336,89.87000274658203,6668200
2026-01-08,89.29000091552734,89.62999725341797,88.01000213623047,88.0999984741211,5165900
2026-01-09,89.47000122070312,90.0199966430664,89.30999755859375,89.30999755859375,4126100
2026-01-12,89.58999633789062,89.95999908447266,89.31999969482422,89.58000183105469,3342500
2026-01-13,90.08999633789062,90.16000366210938,88.80999755859375,89.62000274658203,3085200
2026-01-14,90.87000274658203,90.88999938964844,90.01000213623047,90.08999633789062,3535400
2026-01-15,91.5,91.88999938964844,91.0199966430664,91.30000305175781,3845600
2026-01-16,92.62000274658203,92.81999969482422,91.20999908447266,91.33999633789062,4819500
2026-01-20,90.9000015258789,92.06999969482422,90.83999633789062,91.81999969482422,4648700
2026-01-21,91.26000213623047,91.69000244140625,90.52999877929688,91.54000091552734,6140200
2026-01-22,90.36000061035156,91.62000274658203,90.30999755859375,91.37000274658203,3922700
2026-01-23,90.54000091552734,90.62999725341797,89.87999725341797,90.22000122070312,2838200
2026-01-26,90.41999816894531,91.05999755859375,90.31999969482422,90.79000091552734,3004300
2026-01-27,90.38999938964844,90.58000183105469,90.04000091552734,90.30999755859375,3217100
2026-01-28,89.45999908447266,90.62000274658203,89.23999786376953,90.4800033569336,4520400
2026-01-29,90.70999908447266,90.83000183105469,89.41999816894531,89.9800033569336,7283700
2026-01-30,90.80000305175781,90.81999969482422,89.66000366210938,90.45999908447266,4617900
2026-02-02,89.86000061035156,91.1500015258789,89.81999969482422,90.9000015258789,5280500
2026-02-03,89.66000366210938,90.18000030517578,89.06999969482422,89.75,4821700
2026-02-04,90.94999694824219,91.31999969482422,89.88999938964844,90.23999786376953,3941100
2026-02-05,90.81999969482422,91.33000183105469,90.23999786376953,90.76000213623047,3588500
2026-02-06,92.25,92.37999725341797,91.33000183105469,91.52999877929688,3638600
2026-02-09,92.63999938964844,92.72000122070312,91.5999984741211,92.16000366210938,3021500
2026-02-10,93.87999725341797,94.11000061035156,92.73999786376953,92.76000213623047,4266300
2026-02-11,93.36000061035156,94.19999694824219,93.2300033569336,94.06999969482422,4425400
2026-02-12,93.25,95.1500015258789,93.0999984741211,94.47000122070312,7469400
2026-02-13,94.58999633789062,94.93000030517578,93.30000305175781,93.58999633789062,3906800
2026-02-17,95.48999786376953,95.55999755859375,94.37999725341797,94.94000244140625,3614800
2026-02-18,94.37000274658203,95.36000061035156,94.1500015258789,95.22000122070312,4163300
2026-02-19,94.16999816894531,94.80999755859375,93.79000091552734,94.26000213623047,2646600
2026-02-20,94.87999725341797,94.88999938964844,94.11000061035156,94.29000091552734,2840700
2026-02-23,94.88999938964844,95.63999938964844,94.55000305175781,94.75,3646100
2026-02-24,95.12999725341797,95.25,94.4800033569336,94.6500015258789,3788500
2026-02-25,94.87000274658203,95.31999969482422,94.41999816894531,95.02999877929688,3297000
2026-02-26,95.5199966430664,95.68000030517578,94.93000030517578,95.16999816894531,3761600
2026-02-27,95.69000244140625,96.2300033569336,95.18000030517578,95.19999694824219,4707900
2026-03-02,95.93000030517578,96.19999694824219,94.62000274658203,95.19999694824219,5477700
2026-03-03,95.41999816894531,95.75,93.68000030517578,94.38999938964844,4832600
2026-03-04,95.54000091552734,95.62999725341797,94.52999877929688,95.16999816894531,3896700
