Date,Close,High,Low,Open,Volume
2014-01-02,90.78370666503906,91.40888137543591,90.48362229528009,91.40888137543591,381200
2014-01-03,90.81705474853516,91.15048257315914,90.62533804211095,90.92542244831185,407000
2014-01-06,90.43360137939453,91.23382422241457,90.29189664210683,91.19214972535657,310200
2014-01-07,91.1504898071289,91.30053202213715,90.69203207654232,90.74204402834263,255900
2014-01-08,91.47557067871094,91.55892604289258,90.94208871642046,91.23383567085952,294900
2014-01-09,91.6005859375,91.88400174237195,91.15045944242469,91.85898941519677,281100
2014-01-10,91.99237823486328,92.04239017825581,91.50890825004805,91.7339747145269,372500
2014-01-13,90.77535247802734,92.04237019250351,90.56696094633288,91.89232803529931,315500
2014-01-14,91.95069122314453,92.00070952279654,90.93373937816652,91.07545047430708,213400
2014-01-15,92.2091064453125,92.3258052186071,92.03405828537059,92.07573278462942,404600
2014-01-16,92.0924301147461,92.11743609231652,91.7756707732333,92.01740582242705,286800
2014-01-17,91.8256607055664,92.16741955940758,91.68394961045591,92.06738932043648,200800
2014-01-21,92.14240264892578,92.45915549531558,91.64226423266636,92.40080611941207,299300
2014-01-22,92.60086822509766,92.64254907989393,92.20909744419825,92.36747070129186,313200
2014-01-23,91.70896911621094,92.25912597234449,91.25051142903966,92.20077658090064,403100
2014-01-24,89.40830993652344,91.29216491785552,89.39997249406296,90.97541206001509,393600
2014-01-27,88.89983367919922,89.78341178807038,88.29132757429396,89.60002621235631,397700
2014-01-28,89.7250747680664,89.85011098323851,88.94152042195358,88.94152042195358,286400
2014-01-29,88.93321990966797,89.69176218581798,88.81652109795259,88.97489442264731,288900
2014-01-30,89.96680450439453,90.17519606431765,89.49167200215403,89.64171417968292,420100
2014-01-31,89.51666259765625,90.10015632138584,88.73310843184397,88.8248012112307,392400
2014-02-03,87.19102478027344,89.56668722009951,87.11600687356577,89.40831396384812,586000
2014-02-04,88.07459259033203,88.1912913294842,87.23268909250201,87.6578095620445,365900
2014-02-05,87.8578872680664,88.05794139476832,86.94929671500108,87.74951958141477,242300
2014-02-06,89.14990234375,89.17491467176175,88.13295692412744,88.13295692412744,199400
2014-02-07,90.2252197265625,90.33358742195036,89.3833222940017,89.58337643683127,292600
2014-02-10,90.4669189453125,90.49192490832397,89.98344912841091,90.3418827706512,315900
2014-02-11,91.25050354003906,91.49223852929508,90.25022016798596,90.64199734506964,303200
2014-02-12,91.60894012451172,91.9423679254688,91.39221109994865,91.39221109994865,196400
2014-02-13,92.25908660888672,92.32577341625745,90.94205078153267,91.00040014808107,235400
2014-02-14,92.61756134033203,92.69257926220408,92.02572997144983,92.18410325971531,294200
2014-02-18,93.20938873291016,93.30941898407907,92.69257530794722,92.95098520023195,256200
2014-02-19,92.90095520019531,93.76786485571049,92.81759984785083,93.1260216470917,198500
2014-02-20,93.70120239257812,93.78455776093783,92.87596707487839,93.1010335650172,149600
2014-02-21,93.79287719726562,94.02628110313447,93.701190755182,93.94291938552108,243500
2014-02-24,94.26802062988281,94.90153287125622,93.94293024435326,93.94293024435326,300600
2014-02-25,94.29301452636719,94.69312275665807,94.01793614328867,94.3680324346946,208200
2014-02-26,94.55976867675781,95.02656379717862,94.34303964530248,94.53476270382191,242800
2014-02-27,94.9181900024414,94.97653938483516,94.3596957885518,94.49306943951223,276200
2014-02-28,94.94320678710938,95.39333337096629,94.32636948016759,94.97655020364765,322300
2014-03-03,94.27632904052734,94.55974483475651,93.64281699425476,94.16796773192485,337300
2014-03-04,95.743408203125,95.84343843027497,95.2349323444214,95.27661319563514,209800
2014-03-05,95.58503723144531,95.86011561124378,95.45166994280719,95.77676026089426,178400
2014-03-06,95.66841125488281,95.96849566239771,95.5933933328075,95.81012237370311,151900
2014-03-07,95.61005401611328,96.28524705741596,95.26829513313835,96.15187339408484,334000
2014-03-10,95.30996704101562,95.60172033171582,94.8348345076321,95.5517020295239,188100
2014-03-11,94.85983276367188,95.72673598469403,94.62642889382187,95.48500739165846,311800
2014-03-12,94.8431625366211,94.88484339104255,94.04293973665202,94.3513615243965,184400
2014-03-13,93.71786499023438,95.20994951997234,93.45946145679372,95.06824476676982,263000
2014-03-14,93.89291381835938,94.25968505002383,93.57616089258063,93.57616089258063,296300
2014-03-17,94.52642822265625,94.84318115578407,94.31803662884953,94.43473541261275,170200
2014-03-18,95.3933334350586,95.46835135261526,94.68479696245569,94.80150210022124,187100
2014-03-19,94.79315948486328,95.53503297394847,94.3013520669314,95.45167761689737,149600
2014-03-20,95.10990142822266,95.16825080739682,94.31801608805834,94.56808213040243,226100
2014-03-21,94.80149841308594,95.72675115833101,94.70980561101194,95.56837788533555,1075000
2014-03-24,94.02626037597656,95.30994659744536,93.61780840044992,95.06821802039295,858600
2014-03-25,94.13798522949219,94.79663702197571,93.68776295900187,94.42145497704628,278500
2014-03-26,93.15419006347656,94.79665987386706,93.15419006347656,94.62157445329629,183500
2014-03-27,93.09580993652344,93.45431356455272,92.67059893540788,93.17084380444808,971000
2014-03-28,93.61273956298828,94.15467422828209,93.32926976447246,93.33760262139857,162600
2014-03-31,94.69659423828125,94.7466168159344,94.00458556293954,94.22136066770074,278400
2014-04-01,95.66372680664062,95.66372680664062,94.87167303101057,95.02174711450404,441300
2014-04-02,95.93889617919922,96.03894772239975,95.5637140238776,95.88053436923896,523300
2014-04-03,95.44697570800781,96.13064524554649,95.15516034217706,96.13064524554649,236100
2014-04-04,94.2047119140625,96.18068704636124,94.01295439867246,96.04728498264599,213500
2014-04-07,92.62893676757812,94.00461533739059,92.25375459442951,93.91290300867239,218500
2014-04-08,93.24588012695312,93.37928215472009,92.2287182895446,92.58722828796982,214400
2014-04-09,94.30474090576172,94.32975219648593,93.22087166068013,93.55437037924054,201600
2014-04-10,92.1120376586914,94.38815516070416,91.96196348793526,94.38815516070416,324600
2014-04-11,90.91142272949219,92.08699815411411,90.75300937544516,91.49504083235978,275200
2014-04-14,91.54507446289062,91.89524534250575,90.80304296805645,91.8618948262147,718200
2014-04-15,92.12870025634766,92.33713622977831,90.58627532515307,91.74517882855059,250300
2014-04-16,93.18754577636719,93.20422421522971,92.4205029736681,92.77901307768451,270000
2014-04-17,93.43765258789062,93.65442772256864,93.03745282855883,93.18752694318833,179100
2014-04-21,93.6794204711914,93.712770974614,93.15416435444126,93.51267431503653,302800
2014-04-22,94.29640197753906,94.50483788215827,93.80449629589805,93.86285809475307,210900
2014-04-23,94.05461120605469,94.47982221284067,94.0212606995461,94.36309862054,261900
2014-04-24,93.94622039794922,94.62155061587036,93.48765891605322,94.54651675208281,204100
2014-04-25,92.88738250732422,93.6961084994604,92.73730839684302,93.6961084994604,232400
2014-04-28,92.83738708496094,93.48770634487732,91.77019585217903,93.3459714007338,258000
2014-04-29,93.32093048095703,93.4209820126355,92.8206855444836,93.1458450712393,146000
2014-04-30,93.88787078857422,93.88787078857422,93.0958168835687,93.25422384799434,190800
2014-05-01,94.06297302246094,94.44649439801624,93.60441139899251,93.81284734403084,327100
2014-05-02,94.12969970703125,94.73832927029054,94.01297605487298,94.22974491690293,354000
2014-05-05,94.23802185058594,94.30472285372176,93.22919303174844,93.63772554427918,170700
2014-05-06,93.46268463134766,94.15469355583674,93.42100125528205,94.06298122314732,151900
2014-05-07,93.81283569335938,93.85452542157365,92.82068504364564,93.77115232610453,168300
2014-05-08,93.50435638427734,94.57154729290339,93.26256995014182,93.76281489344034,214000
2014-05-09,93.72113800048828,93.72113800048828,92.99577864796738,93.42932259918999,172100
2014-05-12,94.90503692626953,94.94672029031423,94.04628202324963,94.04628202324963,195800
2014-05-13,94.72996520996094,95.25522147167538,94.6882754789373,95.0634576143105,159900
2014-05-14,94.24639129638672,94.81333728297736,94.12132846563178,94.60490135203904,193600
2014-05-15,93.404296875,93.94623150102818,92.62891505276497,93.82950790292476,253900
2014-05-16,93.90453338623047,93.90453338623047,93.05411776731536,93.61272441704187,199200
2014-05-19,94.33809661865234,94.37977998517285,93.5877260507308,93.82117325831543,164900
2014-05-20,93.44599151611328,94.12132184937396,93.18752665446587,94.10464977489318,203700
2014-05-21,94.02127075195312,94.10465020761855,93.57105476834866,93.79616276015089,158400
2014-05-22,94.48817443847656,94.70494321918815,93.9879294938935,94.22137671063496,144800
2014-05-23,95.00508117675781,95.07178219173979,94.42146319806284,94.51317550342331,135300
2014-05-27,95.6470718383789,95.697094421502,95.37193490928351,95.39694620084506,228900
2014-05-28,95.53868865966797,95.76380302346776,95.255218851576,95.76380302346776,184600
2014-05-29,96.00560760498047,96.00560760498047,95.42198308121372,95.73047060210305,159900
2014-05-30,96.07231903076172,96.10566319141873,95.70546965391884,96.03062928849809,593700
2014-06-02,96.28905487060547,96.33908381636353,95.6970976269703,96.17233126543569,168100
2014-06-03,96.3641128540039,96.42247466733599,95.91389042503037,95.91389042503037,192000
2014-06-04,96.73928833007812,96.78097806283925,96.08062999040519,96.20569282772843,159000
2014-06-05,97.46461486816406,97.52297665779518,96.44744679662904,96.98938133517976,193700
2014-06-06,97.98153686523438,97.98987608160428,97.58968274926556,97.69806711824097,199500
2014-06-09,98.05660247802734,98.4484630564093,97.83982732299393,98.03159118340041,190900
2014-06-10,97.75643920898438,97.96487511348114,97.48964150566687,97.96487511348114,119200
2014-06-11,97.43125915527344,97.53131065827286,97.17280072372202,97.43959837076281,160500
2014-06-12,96.77263641357422,97.38960500499039,96.53918918227946,97.38960500499039,205600
2014-06-13,97.15616607666016,97.22286710871893,96.55586951005229,96.81433441903988,193700
2014-06-16,97.23119354248047,97.42295103323349,96.85600505720598,97.0644409842608,261800
2014-06-17,97.66471099853516,97.8397963664867,97.05608181865001,97.18113825221685,268300
2014-06-18,98.28169250488281,98.32338222893839,97.44794891144178,97.68140246081067,281300
2014-06-19,98.28169250488281,98.49012840324308,97.94820015627346,98.44844504014631,182300
2014-06-20,98.68189239501953,98.68189239501953,98.42343391612364,98.53181829350864,125200
2014-06-23,98.62354278564453,98.86532922134514,98.50681917681797,98.76527768765396,371800
2014-06-24,98.0732650756836,99.11544465748275,98.00657041677756,98.6652223148304,635900
2014-06-25,98.42343139648438,98.49012604803607,97.82313500580838,97.92318016361527,142900
2014-06-26,98.39846801757812,98.42348568178696,97.77315999256287,98.41514646038401,152800
2014-06-27,98.7152328491211,98.7319049204983,98.15662622409107,98.15662622409107,166000
2014-06-30,98.94037628173828,98.96538757825317,98.55685489293548,98.76529084517355,208000
2014-07-01,99.60736083984375,99.93252037391179,99.14879926053776,99.14879926053776,336100
2014-07-02,99.38225555419922,99.70741511796038,99.29888244879177,99.65739252690796,219600
2014-07-03,99.90748596191406,99.93249724936862,99.58232650308847,99.7824231636831,107400
2014-07-07,99.19049835205078,99.79079489036165,99.06543551307598,99.79079489036165,156700
2014-07-08,98.59020233154297,99.31556171263829,98.15665836324158,99.05709681447682,221600
2014-07-09,98.99871063232422,99.04040035559156,98.55682755390868,98.83196446117225,204800
2014-07-10,98.5068359375,98.82365630665544,97.61473028341639,97.61473028341639,144100
2014-07-11,98.51512908935547,98.62351344789319,98.15661915147504,98.44842808673639,107200
2014-07-14,98.898681640625,99.19882988652964,98.83198061687737,99.17381223190448,1173600
2014-07-15,98.59020233154297,99.23218224557701,98.14831914434339,98.99873500411009,189800
2014-07-16,98.76528930664062,99.11546017431523,98.49849154637039,99.11546017431523,163700
2014-07-17,97.49800872802734,98.78197503184614,97.39795717518507,98.3150741462097,195000
2014-07-18,98.64020538330078,98.66521667408055,97.73976711043402,97.73976711043402,139400
2014-07-21,98.35671997070312,98.47344354975912,97.96485951489029,98.21498510484341,154000
2014-07-22,98.93205261230469,99.11547092410322,98.75696079851706,98.82366183605892,166000
2014-07-23,98.92371368408203,99.01542602073226,98.60688693530447,99.01542602073226,137500
2014-07-24,99.21553039550781,99.35726534087061,99.01543362788021,99.24888091693933,165700
2014-07-25,98.7569351196289,99.10711229518967,98.61520022242732,98.85698664992618,153600
2014-07-28,98.7152328491211,98.95701923031875,98.18163751163597,98.85696771918097,151600
2014-07-29,98.32339477539062,99.13212718197926,98.29838348214926,98.8903407457134,156400
2014-07-30,98.32339477539062,98.8236397230967,97.96488473002533,98.6819048207559,191700
2014-07-31,96.48917388916016,97.78981219670065,96.42247285775797,97.31457847964083,397300
2014-08-01,96.23069763183594,96.8643446334941,95.59705699113748,96.27238736178492,381800
2014-08-04,96.93936157226562,97.08110281274438,95.93053262121741,96.46412799431798,480500
2014-08-05,96.22235870361328,97.02275185264838,95.87218153263099,96.51416771196577,181200
2014-08-06,96.13898468017578,96.56419575120198,95.54702741237365,95.54702741237365,743600
2014-08-07,95.54703521728516,96.59755415347392,95.28023746407406,96.46415209638828,165800
2014-08-08,96.68926239013672,96.7226129029983,95.53869195977178,95.65542193526728,380600
2014-08-11,97.06443786621094,97.49798814269523,96.9894039881422,97.0894491589005,227500
2014-08-12,96.80596160888672,97.22283337316202,96.51415264608568,96.93102441036098,269900
2014-08-13,97.50631713867188,97.54800686547671,96.88934861990752,97.08111245786685,132600
2014-08-14,97.99824523925781,98.03159575396865,97.60638464260599,97.65640723419209,177500
2014-08-15,98.00655364990234,98.64853336363919,97.33955628727647,98.64853336363919,174700
2014-08-18,98.97368621826172,98.97368621826172,98.54847526896334,98.59850420244176,248800
2014-08-19,99.4572982788086,99.49898165207037,99.14047792598555,99.14047792598555,190600
2014-08-20,99.89080810546875,99.93249782543877,99.25716761644001,99.25716761644001,310100
2014-08-21,99.96587371826172,100.07425811236948,99.70740883852814,100.00755708786018,300000
2014-08-22,99.95753479003906,100.1993212338671,99.64071446414017,99.94919557171124,118500
2014-08-25,100.4327621459961,100.67454857462502,100.2493375200735,100.532813676761,175500
2014-08-26,100.5661849975586,100.81630433478983,100.5411673389708,100.54950655850006,223100
2014-08-27,100.60784912109375,100.73291194625789,100.41609163534034,100.60784912109375,176600
2014-08-28,100.57452392578125,100.65790340418435,100.01591704186283,100.32440457345535,137000
2014-08-29,101.02471923828125,101.09142025869043,100.55782481733576,100.85797304821769,237800
2014-09-02,101.17476654052734,101.54995491017758,100.79958453183484,101.23312832767857,436200
2014-09-03,101.1414566040039,101.71674185162283,101.01640012492177,101.65004082213885,195100
2014-09-04,100.92466735839844,101.62500894325272,100.66620251173737,101.29984944157624,204400
2014-09-05,101.41658782958984,101.41658782958984,100.6328666799906,100.95802622908818,362100
2014-09-08,101.24150085449219,101.58333247429059,100.8829907980442,101.37489654288966,404800
2014-09-09,100.41608428955078,101.21647740670632,100.26601018252418,101.19979897205944,331100
2014-09-10,100.6412124633789,100.68290219740213,100.02424383778924,100.49113832623976,146000
2014-09-11,100.79960632324219,100.79960632324219,100.16595938221667,100.17429859960043,145700
2014-09-12,99.99922180175781,100.82462628689379,99.70740641685714,100.77460370020665,219500
2014-09-15,99.50729370117188,100.05756751004509,99.26550730281473,99.99920571464568,278100
2014-09-16,100.14928436279297,100.3243697569479,99.25717895774125,99.33221282911097,182000
2014-09-17,100.15763092041016,100.6328645869732,99.74075905988258,100.2576824568823,797500
2014-09-18,100.52448272705078,100.5661724585383,100.249345765537,100.5161435085613,250900
2014-09-19,100.2409896850586,100.96634250160257,99.97419200384363,100.96634250160257,309400
2014-09-22,99.14045715332031,100.20764797181342,99.00705512052916,100.12426852083942,359400
2014-09-23,98.47348022460938,99.26553428618531,98.46514100558299,98.86534082636433,222200
2014-09-24,99.1988296508789,99.27386353169695,98.24002310990342,98.4901424069233,236900
2014-09-25,97.79812622070312,98.94035087463881,97.73976442350173,98.71524290285025,405100
2014-09-26,98.49848175048828,98.75694026602571,97.83148423566684,98.08160989396481,444400
2014-09-29,98.41511535644531,98.5234997565802,97.38127486289977,97.53968185371842,230900
2014-09-30,97.80648803710938,98.61522058133517,97.63140259366267,98.49849695237069,290400
2014-10-01,96.43080139160156,97.80647343631345,96.06395212049985,97.7647900670263,567800
2014-10-02,96.5058364868164,96.78930630098996,95.13015806384045,96.33909028565077,581000
2014-10-03,97.4813003540039,97.6980754714474,96.91435445058478,97.17281929248394,623500
2014-10-06,97.28954315185547,98.1066083213495,97.00606701889711,97.98154550860195,318200
2014-10-07,95.74711608886719,97.05609970368768,95.74711608886719,96.92269766868974,263400
2014-10-08,97.23119354248047,97.2562048359735,95.09680532398647,95.86385436987759,512900
2014-10-09,95.09680938720703,97.10613486312906,95.05512601659086,97.01442254242954,308100
2014-10-10,93.52100372314453,95.28854217364497,93.5126708683146,94.93003222626376,402800
2014-10-13,91.80351257324219,93.90454374410683,91.75348999042323,93.37928754163046,390300
2014-10-14,92.51220703125,93.5043641431409,92.05365177890923,92.51220703125,547500
2014-10-15,92.353759765625,92.77063149336918,89.9525809037633,91.01143865436987,854400
2014-10-16,93.01240539550781,93.4876388470186,90.61956606989949,90.91971418253335,514600
2014-10-17,94.0379638671875,94.5882314669139,93.53771885990159,94.27975033225044,527700
2014-10-20,95.12181854248047,95.12181854248047,93.77115777884578,93.85453087916301,415000
2014-10-21,97.2812271118164,97.36460021985863,95.74713520780593,95.83884753494048,693000
2014-10-22,96.19734954833984,97.63138978573159,96.14732695990614,97.54801668468878,490900
2014-10-23,97.53965759277344,98.13995397550815,97.022740655053,97.26452705148552,329600
2014-10-24,98.34008026123047,98.37343077708684,97.31457893272903,97.66474980778023,585600
2014-10-27,98.21502685546875,98.29006074777635,97.38961587432091,98.07328556839767,265700
2014-10-28,99.6823959350586,99.6823959350586,98.18999393079902,98.59853292860217,380800
2014-10-29,99.24052429199219,99.93253317817145,98.50683203205492,99.71575800736436,446200
2014-10-30,99.8241195678711,100.06589960342744,98.76526168103126,98.99037600511281,231100
2014-10-31,101.13311767578125,101.233162853042,100.67455607680316,101.21649077715185,537100
2014-11-03,101.23316192626953,101.7167348151358,101.01639313688246,101.42492578253024,282400
2014-11-04,100.68289947509766,101.08309292267455,100.25768837120705,100.91634671301087,389200
2014-11-05,101.3082046508789,101.50830136942952,100.7912812369165,101.46661163762481,331700
2014-11-06,101.98352813720703,101.98352813720703,101.066411348323,101.39157087928224,305000
2014-11-07,101.97520446777344,102.10860653207631,101.53332126145109,101.90017057732346,346800
2014-11-10,102.21697235107422,102.35037439111876,101.95017463194453,101.96685306742978,301100
2014-11-11,102.25865173339844,102.37537532614888,101.99185404126047,102.29200224003553,374800
2014-11-12,102.38372039794922,102.48376556262292,101.79175682248737,101.79175682248737,208400
2014-11-13,102.19194793701172,102.60048050051223,101.78341537351122,102.37537253804093,291800
2014-11-14,102.225341796875,102.41709933494255,101.90018217931589,102.20866335645792,215500
2014-11-17,102.225341796875,102.32539335649366,101.90852139952442,102.07526763792762,224900
2014-11-18,102.91732025146484,103.09240565815418,102.33369586820767,102.33369586820767,277700
2014-11-19,102.78388977050781,102.94230305885145,102.30031705100654,102.85892998744444,215000
2014-11-20,103.2091293334961,103.28416321028905,102.33369593848879,102.33369593848879,292900
2014-11-21,103.80943298339844,104.40139026484796,103.48427343951714,104.3430284585349,248800
2014-11-24,104.25129699707031,104.25129699707031,103.90112622349103,104.03452188730085,255500
2014-11-25,104.07621002197266,104.61814460764649,103.84276284314912,104.61814460764649,524200
2014-11-26,104.26797485351562,104.2763140707659,103.98450507659629,104.25130277997408,235600
2014-11-28,104.00118255615234,104.45140489668486,103.867786878009,104.35969258504161,281200
2014-12-01,102.8756332397461,103.78441716812743,102.75890963220493,103.71771614640119,516200
2014-12-02,103.38421630859375,103.48426784012813,102.97568368650748,102.99235576128346,309700
2014-12-03,104.12625885009766,104.21797117360724,103.3842274042184,103.40923869954644,242700
2014-12-04,104.00952911376953,104.29299892542812,103.68436957170948,104.0345404076265,351700
2014-12-05,104.18461608886719,104.39305202207018,103.91781834880575,104.15960479463641,279000
2014-12-08,103.33419799804688,104.31801583547539,102.98402080367015,103.95950578384569,284900
2014-12-09,103.50926971435547,103.55929229509131,102.21696458370245,102.33368817939201,339600
2014-12-10,101.7584228515625,103.40923184336371,101.62502080404415,103.2841690140552,599400
2014-12-11,102.30033874511719,103.21746180795486,102.08356998568188,102.20862643883342,264700
2014-12-12,100.74958801269531,101.95018100430121,100.70790464329552,101.58333173220835,343800
2014-12-15,100.19933319091797,101.49163866467102,99.7324386842018,101.21650167565873,413500
2014-12-16,99.60736083984375,101.43326157804086,99.55733825335932,99.8324688399833,496200
2014-12-17,101.81678771972656,101.96686184721901,99.79079017905849,99.87416328078542,498900
2014-12-18,103.85111236572266,103.85111236572266,102.65052577324187,103.32585612907229,1328600
2014-12-19,104.37638854980469,104.69320890444264,103.86780432199087,104.20963597292123,409600
2014-12-22,104.83147430419922,104.83147430419922,104.33331882810765,104.44307884203603,1249000
2014-12-23,105.22827911376953,105.38870301152458,105.02564280828926,105.18606670604431,399600
2014-12-24,105.27894592285156,105.57445855184032,105.22828201381621,105.52380108449715,245500
2014-12-26,105.58290100097656,105.84463983137069,105.54068215143917,105.54068215143917,305300
2014-12-29,105.8277816772461,105.95443182241742,105.48161148491806,105.57448782859743,737900
2014-12-30,105.22827911376953,105.76864688951159,105.2198404972397,105.76864688951159,349800
2014-12-31,104.32487487792969,105.6673560062882,104.24044360157166,105.5238221923102,801600
2015-01-02,104.34176635742188,105.10166073792982,103.55654323784593,104.6372790493712,452100
2015-01-05,102.50112915039062,103.85204882234264,102.21405509664845,103.7676175506631,545600
2015-01-06,101.38658905029297,102.83038461833209,100.72801631136542,102.72906325784663,452600
2015-01-07,102.6784439086914,102.71221770805542,101.85944698877157,102.23095234008207,493800
2015-01-08,104.51905822753906,104.54438696279148,103.49742510830542,103.56497269677357,653300
2015-01-09,103.76761627197266,104.69637313238911,103.33700841751217,104.69637313238911,468800
2015-01-12,102.8472900390625,103.8942583270647,102.51800359996757,103.8942583270647,369900
2015-01-13,102.70376586914062,104.29954074402762,101.77500899385771,103.767617932963,412200
2015-01-14,102.13805389404297,102.2224851533307,100.93911326375753,101.57235737095378,455800
2015-01-15,101.0826644897461,102.63622054210936,101.00667183409068,102.54334420836011,506700
2015-01-16,102.56021118164062,102.58553991391163,100.82934147061394,100.82934147061394,580100
2015-01-20,102.36602783203125,102.9570595817796,101.5217022824131,102.79663566601047,489800
2015-01-21,103.13438415527344,103.31169177688382,101.90166942286756,102.22251086553962,448300
2015-01-22,104.6288070678711,104.6288070678711,102.7628486168855,103.58184532505348,386100
2015-01-23,104.16444396972656,104.60349041525838,104.09689638066239,104.55283294430657,499500
2015-01-26,104.89055633544922,104.89055633544922,103.75915685205378,104.22353843883776,357000
2015-01-27,104.14755249023438,104.67948169504571,103.37921961017392,103.74227984453223,522300
2015-01-28,102.86421203613281,104.7808287356671,102.7291168183834,104.7808287356671,709600
2015-01-29,103.69163513183594,103.80984021219334,102.22251024618416,103.00773338952617,526400
2015-01-30,102.2309341430664,103.5311961995141,102.13805782177067,103.024595740922,382600
2015-02-02,103.2610092163086,103.33699541781691,101.26840055976692,102.72064142216429,823500
2015-02-03,104.91588592529297,104.94121465901662,103.6325075886289,103.89425286772176,386400
2015-02-04,104.45149993896484,105.02564149874341,104.18131605446268,104.41772614819058,434400
2015-02-05,105.73487091064453,105.7601996415509,104.73012164008185,104.95808665993069,327700
2015-02-06,105.28739929199219,106.04729361707341,104.93278408751864,105.97974602335661,395000
2015-02-09,104.78076171875,105.22825306836766,104.56968040729333,105.04250692530574,326700
2015-02-10,105.93753051757812,106.01351672702263,104.74702836940439,105.49003899522388,330400
2015-02-11,105.86998748779297,106.1401714247261,105.38027708907256,105.96286382002248,556100
2015-02-12,106.98448181152344,107.0013719286311,106.19081379146157,106.45255907309242,789700
2015-02-13,107.54174041748047,107.54174041748047,106.95070870706249,107.2293376659013,371800
2015-02-17,107.66840362548828,107.84571767997343,107.18713826456987,107.40666473637106,405600
2015-02-18,108.04832458496094,108.04832458496094,107.38975179073245,107.51639544985969,316400
2015-02-19,108.02301025390625,108.31007784178651,107.56707369519121,107.6683886359995,276500
2015-02-20,108.757568359375,108.757568359375,107.40664881335945,107.98923548451624,315700
2015-02-23,108.698486328125,108.71536356469962,108.34387110925766,108.63937734995376,319100
2015-02-24,108.79134368896484,108.89265862428937,108.43671564856008,108.78289218876483,328700
2015-02-25,109.0024185180664,109.24726722486766,108.79133715988533,108.79977577619445,377000
2015-02-26,108.61404418945312,109.1290833185162,108.26786760296778,109.01931686831689,330000
2015-02-27,108.3945083618164,108.84199983189922,108.3776182450064,108.74067201442351,378800
2015-03-02,109.162841796875,109.17129329751765,108.4198440932742,108.49583029874726,527700
2015-03-03,108.72380828857422,108.94332830083967,108.22564640617101,108.94332830083967,697500
2015-03-04,108.11590576171875,108.34387730237424,107.61775026147828,108.34387730237424,311000
2015-03-05,108.5718002319336,108.64778642601819,108.21718510948902,108.34384164967986,1278100
2015-03-06,107.04360961914062,108.200331688208,106.84097325783654,108.18345445049884,453800
2015-03-09,107.32221221923828,107.46574600475338,107.00980947280054,107.27999336858457,385800
2015-03-10,105.86153411865234,106.52855206972016,105.85309550125253,106.44412080387329,413000
2015-03-11,106.04727172851562,106.28368181603538,105.74331406122114,106.19925056216286,382100
2015-03-12,107.44889068603516,107.49954816683471,106.5116886410798,106.58767486227914,347200
2015-03-13,106.82408142089844,107.3560107181066,106.11485094687912,107.3560107181066,383500
2015-03-16,108.1918716430664,108.1918716430664,107.26311485918512,107.3813199166777,443800
2015-03-17,108.05679321289062,108.20032057731143,107.49953522441098,107.81193801568227,326200
2015-03-18,109.34859466552734,109.76231881291775,107.54174498978882,107.82036751878141,320000
2015-03-19,109.0531005859375,109.26418199174023,108.67315663216989,109.12908680001371,1371600
2015-03-20,109.99028015136719,110.10003369933825,109.40769352861197,109.60188477506905,304200
2015-03-23,109.7707748413086,110.29426551322781,109.7707748413086,110.0325266189618,349300
2015-03-24,109.22195434570312,109.82143115863798,109.18818699218177,109.74543206729022,1389400
2015-03-25,107.54730224609375,109.43898446181346,107.52196822314353,109.37142277192127,365300
2015-03-26,107.36993408203125,107.75840404911264,106.69433021743305,107.10814064494153,402600
2015-03-27,108.07935333251953,108.15536185202558,107.25173865598543,107.38686204931264,352000
2015-03-30,109.43055725097656,109.52345297499741,108.68739145880976,108.6958447248602,294800
2015-03-31,112.06536102294922,112.06536102294922,108.66202056695737,108.9576012847626,397500
2015-04-01,108.33268737792969,108.89850202456853,107.7246450650485,108.89850202456853,964100
2015-04-02,108.94073486328125,109.16030069766205,108.33269252153042,108.34958616604436,330500
2015-04-06,109.63324737548828,109.88658764710013,108.34114755988341,108.44249655460504,390700
2015-04-07,109.19408416748047,109.9456902461236,109.19408416748047,109.71767115442353,543300
2015-04-08,109.8528060913086,109.90347414233393,109.10964031340093,109.33765942909098,295800
2015-04-09,110.14838409423828,110.2075054165604,109.3376694315151,109.80214808519881,296900
2015-04-10,110.36795043945312,110.38484408479937,110.03014196290695,110.31728238949015,214400
2015-04-13,109.81900787353516,110.51150553151787,109.80212711559028,110.4439438415141,226300
2015-04-14,109.93724060058594,110.02169593690714,109.23631543063547,109.82746412665851,244000
2015-04-15,110.51995086669922,110.79019763883343,110.24971698064036,110.32571905302484,262300
2015-04-16,110.3257064819336,110.62128724451594,109.9710172984791,110.35104050317507,269900
2015-04-17,109.18563079833984,109.7598987165044,108.7718331681794,109.72611142869047,416100
2015-04-20,109.89501190185547,110.04701602469432,109.6669928315237,109.86122461717562,240900
2015-04-21,109.91190338134766,110.48617130227039,109.81056728956854,110.48617130227039,834000
2015-04-22,110.21593475341797,110.2497220445243,109.4727818680658,110.01326255108371,318600
2015-04-23,110.61286926269531,110.91689050064176,109.9457183470762,110.0217204350433,276200
2015-04-24,110.308837890625,110.77331652899328,110.14838046227261,110.77331652899328,263100
2015-04-27,109.58255004882812,110.75640704738069,109.44743955286432,110.75640704738069,499200
2015-04-28,109.55721282958984,109.60788087485763,108.59448131127836,109.55721282958984,243300
2015-04-29,109.16878509521484,109.44747232183167,108.6874127348552,109.02522129109325,272500
2015-04-30,108.25666046142578,109.15183008156113,107.88507770150433,108.89847702833546,313800
2015-05-01,109.57410430908203,109.61633197466263,108.67893449750035,108.79716422948142,285000
2015-05-04,109.88660430908203,110.13995750518643,109.74304050470793,109.86127027807947,170500
2015-05-05,108.49312591552734,109.99633779267194,108.38333657959997,109.85277406126737,288500
2015-05-06,108.27359771728516,109.00831027014061,107.75844458339678,108.949188949941,288500
2015-05-07,108.65362548828125,108.89008500667825,108.00335536965085,108.15537242352165,239000
2015-05-08,109.73458099365234,110.03860219876353,109.48966822188345,109.48966822188345,173600
2015-05-11,109.48124694824219,109.97950007282773,109.40524485521975,109.66703843301626,169600
2015-05-12,109.18563079833984,109.4558775565525,108.50158640996675,109.11808199486136,251700
2015-05-13,109.08431243896484,109.75991655824288,108.95764230425881,109.40522729498919,214600
2015-05-14,110.0217056274414,110.07237367926683,109.37143556150376,109.60789506073995,382700
2015-05-15,110.21593475341797,110.21593475341797,109.72612212098362,110.11459865225085,186400
2015-05-18,110.83242797851562,110.88309602799293,110.02170052865189,110.1399302727908,220400
2015-05-19,110.61286926269531,110.92534376780121,110.39330337987542,110.92534376780121,212500
2015-05-20,110.64663696289062,111.05199424633498,110.41017747370843,110.73107941698386,211600
2015-05-21,110.89999389648438,111.0266640250015,110.4777429533258,110.62130672767059,196300
2015-05-22,110.7395248413086,110.94219702564193,110.6044014610365,110.68885679522525,318800
2015-05-26,109.54878997802734,110.56218970374579,109.31233047156226,110.56218970374579,482200
2015-05-27,110.43549346923828,110.49460188884615,109.55720446474018,109.75988951641057,242300
2015-05-28,110.1821517944336,110.41017089043339,109.85279660513386,110.32571555530015,219100
2015-05-29,109.47278594970703,110.23283250895035,109.43899865734096,110.16527081029461,351100
2015-06-01,109.72613525390625,109.9457140141506,109.12654606880241,109.81059060570446,326300
2015-06-02,109.69235229492188,110.03860116979787,109.12653756299295,109.41366511900289,371700
2015-06-03,109.89501190185547,110.22436705407979,109.59099077010428,109.94567994280175,714800
2015-06-04,108.93230438232422,109.72612534155942,108.79718098608474,109.44745105517045,337200
2015-06-05,109.08431243896484,109.23632948668887,108.27359780469264,108.82251890318784,235300
2015-06-08,108.3580322265625,109.202534091486,108.3411385811628,108.98296824559318,286900
2015-06-09,108.23136138916016,108.56071659887034,107.85133168662219,108.40025918381845,227300
2015-06-10,109.32921600341797,109.44744574787526,108.57760986663749,108.6367182958283,228300
2015-06-11,109.75149536132812,109.85283148680541,109.33768470549747,109.57414425566384,254100
2015-06-12,109.16878509521484,109.43057867250006,109.04210205434603,109.35457657962606,324100
2015-06-15,108.54381561279297,108.80560910971967,107.98644777368494,108.560709256939,416600
2015-06-16,109.15186309814453,109.19409076746723,108.40869735350662,108.40869735350662,184600
2015-06-17,109.49811553955078,109.74301541193867,108.80561782094381,109.37143252742527,223600
2015-06-18,110.62130737304688,110.9253285693378,109.79368624165282,109.82747353350527,326900
2015-06-19,110.3932876586914,110.697308853342,110.32572596142727,110.62130677619838,266300
2015-06-22,110.89154052734375,111.09422561885867,110.66352141014899,111.09422561885867,255800
2015-06-23,110.79865264892578,111.12800789215795,110.595980429138,111.02667178226407,251300
2015-06-24,109.82745361328125,110.81551910049485,109.75145154951264,110.74795741512035,268400
2015-06-25,109.48124694824219,110.12306387722974,109.33768314384018,110.12306387722974,299100
2015-06-26,109.45590209960938,109.75992332773127,109.06742551909011,109.70925527072389,223700
2015-06-29,107.07440185546875,108.94919075203725,107.0068401538703,108.52693978160464,515000
2015-06-30,107.61487579345703,108.06246076299422,107.1757376468464,108.05401394006765,315300
2015-07-01,108.09624481201172,108.67049992725879,107.69088105902983,108.67049992725879,550800
2015-07-02,108.03713989257812,108.4678377117449,107.67400377897454,108.20604415648612,216000
2015-07-06,107.60643768310547,108.19758647506758,107.05751012311858,107.28552925933154,380300
2015-07-07,108.3580322265625,108.40025989702383,106.25522438695359,107.8006643460927,442300
2015-07-08,106.3227767944336,107.76687408413618,106.10320452468405,107.58108265919712,317700
2015-07-09,106.60990905761719,107.8091065511538,106.5254601633495,107.37840881443968,287300
2015-07-10,107.80908966064453,108.01176826374073,107.29394311037102,107.67396629655597,224900
2015-07-13,108.94073486328125,109.00829655526192,108.55225835591122,108.58604564493912,383100
2015-07-14,109.39674377441406,109.54876078009703,108.89005048964165,108.95761217149263,146500
2015-07-15,108.88160705566406,109.55721104909536,108.68737525660266,109.55721104909536,207000
2015-07-16,109.422119140625,109.54878927324613,109.2109936622054,109.54878927324613,224800
2015-07-17,108.86473846435547,109.55722329260692,108.6029449480869,109.55722329260692,243700
2015-07-20,108.71270751953125,108.94072660191509,108.59447778904965,108.94072660191509,225900
2015-07-21,108.18912506103516,108.93229076134998,108.02866765882403,108.7211653134037,287200
2015-07-22,108.37491607666016,108.48470543272133,107.85132264823814,107.85132264823814,242100
2015-07-23,107.98644256591797,108.87316554969878,107.80065114749614,108.55225075677485,178600
2015-07-24,107.01530456542969,108.07093216500496,106.79573222066695,107.80069175723527,271400
2015-07-27,106.11165618896484,106.60146879651319,105.94275195720456,106.4916794351096,234200
2015-07-28,107.40374755859375,107.53886450675263,105.97653734350762,106.70280946359564,233600
2015-07-29,108.34960174560547,108.45937823554303,107.24329982021932,107.46287212920994,179000
2015-07-30,108.63671875,108.67894642021322,107.69932116999973,108.18913379510649,210600
2015-07-31,108.87315368652344,109.29540452127696,108.75492396823536,108.8562600450329,171800
2015-08-03,108.36647033691406,109.02518066854566,107.85976413439407,109.02518066854566,613800
2015-08-04,108.32426452636719,108.84785159148194,108.02024332073488,108.4340410130701,235100
2015-08-05,108.67050170898438,109.42212079414968,108.48472314035818,108.88162719059437,254600
2015-08-06,107.70777893066406,108.8731892962678,107.13351734985095,108.8731892962678,227000
2015-08-07,107.60643768310547,107.75000146929075,107.02373571475384,107.59799730253359,776100
2015-08-10,109.10964965820312,109.1856517412504,108.23981367823419,108.32426902789369,166600
2015-08-11,108.20602416992188,108.52692610447659,107.76687960791368,108.1300092114053,253700
2015-08-12,108.38337707519531,108.50160683264843,106.62681791744663,107.40375816443533,300100
2015-08-13,108.34960174560547,108.77185271664362,108.02868688407183,108.4340442081669,179400
2015-08-14,108.83941650390625,108.94075261535255,108.2229207964019,108.33271017452022,302800
2015-08-17,109.62480163574219,109.62480163574219,108.2313785018989,108.64517623132699,578100
2015-08-18,109.39674377441406,109.73455218366888,109.21940563486935,109.56565442207808,355200
2015-08-19,108.51850128173828,109.25321385947849,107.9442396942768,108.99987358169028,322900
2015-08-20,106.06940460205078,107.80063553974176,106.02718338590967,107.673959005246,565800
2015-08-21,103.07988739013672,105.54583753671875,103.07988739013672,104.97157605642396,638700
2015-08-24,98.99250030517578,102.16782882199989,93.73969816964826,97.9368730735356,1740300
2015-08-25,98.04666900634766,102.80965919257169,98.01288815728472,100.89264272027721,806000
2015-08-26,101.13753509521484,101.2473180072499,98.30845541751133,101.11220107267116,813600
2015-08-27,103.87372589111328,104.03418330182284,101.87225421908362,102.1424945490463,1001400
2015-08-28,104.00041961669922,104.29599401964512,103.37548995860807,103.51905374817625,402200
2015-08-31,103.26567840576172,104.2030759131468,102.97855088827524,103.68792930303293,407600
2015-09-01,100.32679748535156,102.2353665542139,99.78631695078428,102.2353665542139,677000
2015-09-02,101.9482421875,102.04957826391359,100.36057493129904,101.32331275848281,554500
2015-09-03,102.37051391601562,103.47680926291802,102.10872040779601,102.24383735160566,790500
2015-09-04,100.99398803710938,101.72026025061753,100.52106899316499,101.34868376310641,380000
2015-09-08,103.5528335571289,103.56127393781465,102.19318487423683,102.56476135860876,278600
2015-09-09,102.19316101074219,104.49864723516981,102.03270361264046,104.25374094865984,291300
2015-09-10,102.53944396972656,103.24038226270679,101.78783761225515,101.78783761225515,385000
2015-09-11,102.90254211425781,102.90254211425781,101.73713196025145,102.06648714384102,223900
2015-09-14,102.47184753417969,103.04610902831334,102.26916890184944,102.99544098099017,171500
2015-09-15,103.72171020507812,103.87372078590094,102.53096602449723,102.71675100724745,580800
2015-09-16,104.71825408935547,104.83648386078741,103.67107335251293,103.69640738309987,351500
2015-09-17,104.69292449951172,106.16235632323678,104.39735005839455,104.77737341939668,386600
2015-09-18,103.02922821044922,104.15241724464634,102.78432189481721,103.56126206941936,358200
2015-09-21,103.21501922607422,104.26219973720961,102.85188316550595,103.51059359094656,246800
2015-09-22,101.5344467163086,102.13404217666137,100.91795761310816,102.049586848497,500100
2015-09-23,101.21051788330078,101.84990372925745,100.92065958429913,101.74759965240348,389700
2015-09-24,100.74160766601562,100.97179015654524,99.53103898835661,100.40912762784403,384800
2015-09-25,100.65637969970703,101.80727289320566,100.07666962017282,101.45774535487259,323300
2015-09-28,97.57025909423828,100.28978179426962,97.34861005910085,100.28978179426962,470200
2015-09-29,97.38272857666016,98.39721635027658,96.86269424133894,97.74078308499537,655300
2015-09-30,99.46282196044922,99.52249768936717,98.07322627040757,98.67851052205148,1011000
2015-10-01,99.54808807373047,99.89762204512361,98.38867465470126,99.55661503756554,523000
2015-10-02,101.11671447753906,101.11671447753906,98.10734025246995,98.51654344513709,287700
2015-10-05,102.84733581542969,102.95816034498044,101.79021978964444,101.79021978964444,508300
2015-10-06,102.19941711425781,103.04341099696869,101.78168690728577,102.81322848198636,462900
2015-10-07,103.31619262695312,103.45259150971994,102.11414454522598,102.78763150883549,415200
2015-10-08,104.41595458984375,104.62908316538264,102.98373030205573,103.15423056081966,210700
2015-10-09,104.50972747802734,104.71433559804612,104.1090512107021,104.71433559804612,518600
2015-10-12,104.44149017333984,104.58641598985925,104.06638193842792,104.58641598985925,259400
2015-10-13,103.46966552734375,104.7654844340068,103.40998978501389,103.96411889057616,414200
2015-10-14,103.0775146484375,104.01527914595863,102.8899604480996,103.63164378049426,259800
2015-10-15,104.3903579711914,104.40741189699945,102.89845816716934,103.28209344784662,213000
2015-10-16,104.42447662353516,104.58645642471949,103.79361785160009,104.41595616338613,249800
2015-10-19,104.36480712890625,104.5779357204148,103.8788742004335,104.04938097614139,277400
2015-10-20,104.48416137695312,104.9530468923123,104.18578264180121,104.2539853538841,270400
2015-10-21,103.43557739257812,104.8422275034515,103.38442210392363,104.74845039578202,248600
2015-10-22,104.72283935546875,104.99565013864847,103.86180471168424,104.02377798398838,273100
2015-10-23,105.07238006591797,105.53273853595637,104.39036607234237,105.37928571261023,365100
2015-10-26,104.79961395263672,105.04684395278093,104.48418122745205,104.91043850270005,198900
2015-10-27,104.3306884765625,104.52676961007577,103.75097854360382,104.3306884765625,399500
2015-10-28,105.74588775634766,105.7544147215794,104.22841315353668,104.54383932125455,263500
2015-10-29,105.42193603515625,105.72031478057515,105.05535457530765,105.54128753332381,268700
2015-10-30,105.40486145019531,105.95899701405732,105.12353018642678,105.43896280072794,392000
2015-11-02,106.70919799804688,106.82002900374863,105.53273077502287,105.57535258138223,570200
2015-11-03,106.62397003173828,107.04170024417658,106.16361149991778,106.56429428710423,689600
2015-11-04,106.376708984375,106.93937141569151,106.06128292818221,106.89674310877366,328200
2015-11-05,106.2147445678711,106.47050143799427,105.47306135201516,106.47050143799427,399200
2015-11-06,106.10392761230469,106.427880700575,105.2855146754893,106.427880700575,307500
2015-11-09,104.99568176269531,105.90787195515557,104.37334335841447,105.90787195515557,334100
2015-11-10,105.40486145019531,105.4219153775454,104.61202293677245,104.71432698837033,239600
2015-11-11,104.80811309814453,105.76292497857786,104.74843735561744,105.70324923605077,233300
2015-11-12,103.11161804199219,104.48416679908712,103.09457061517111,104.24546379857826,377600
2015-11-13,101.99480438232422,102.87289301943856,101.87545290761942,102.77059547207305,426000
2015-11-16,103.39293670654297,103.39293670654297,101.88398920712562,101.95218541022908,248100
2015-11-17,103.20538330078125,104.1346273079818,102.99225471705806,103.6231200078798,351800
2015-11-18,104.8251724243164,104.91894953095871,103.52082640087013,103.62313047288961,384200
2015-11-19,104.71435546875,105.08093695646976,104.56942956769481,104.82518000999761,312600
2015-11-20,105.10649871826172,105.46455319695515,104.84222134172636,105.19174885545036,299600
2015-11-23,105.2855224609375,105.71177963689271,105.06386690827365,105.20027232658013,283500
2015-11-24,105.62652587890625,105.85670188419157,104.54382904678879,104.83368729866197,319300
2015-11-25,105.87376403808594,106.0442643141973,105.49012866058244,105.61800711975027,475200
2015-11-27,106.05279541015625,106.12951858614424,105.60096380710992,105.89081558862308,260900
2015-11-30,105.72029113769531,106.26589972277743,105.5753587759021,106.2147444463109,378200
2015-12-01,106.72628021240234,106.72628021240234,105.95048898352962,106.14657015808969,297700
2015-12-02,105.36225891113281,106.67513195905788,105.25143437291604,106.60693574547709,426800
2015-12-03,103.81068420410156,105.83967280642601,103.35885257543345,105.67769297570754,463400
2015-12-04,105.49867248535156,105.5924496034499,103.93856934335534,103.93856934335534,342500
2015-12-07,104.56085968017578,105.32812370046618,104.10902823049551,105.32812370046618,346700
2015-12-08,104.04084777832031,104.50972674904794,103.40998900641635,103.58901623205796,402500
2015-12-09,103.05193328857422,104.81663775006744,102.5915747545975,103.67427163195988,362000
2015-12-10,103.23096466064453,103.87887742007923,102.85586275079802,103.05193741872874,333800
2015-12-11,101.21903991699219,102.40403444009057,100.95475602403945,102.24205461900685,513700
2015-12-14,100.95474243164062,101.67937829001785,99.89762651466482,101.03999256130243,578500
2015-12-15,102.19941711425781,102.49780233769182,101.67938284460827,101.77315994268726,942300
2015-12-16,103.69983673095703,103.83624213806286,102.1397340340651,102.83879548506295,510800
2015-12-17,102.03744506835938,103.91297404469735,102.02891810365585,103.91297404469735,564100
2015-12-18,100.62227630615234,101.87547354863098,100.61374934075505,101.66234494288071,538600
2015-12-21,101.38098907470703,101.59411762885205,100.70750206310866,101.18491444722729,505500
2015-12-22,102.25906372070312,102.51482055243815,101.21900198192455,101.59410376319178,581900
2015-12-23,103.85198974609375,103.85198974609375,102.73806965803554,102.85803018232862,551200
2015-12-24,103.75774383544922,104.07478612927459,103.53496371938057,103.8262945807129,308000
2015-12-28,103.50926208496094,103.5178260253695,102.65239735424886,103.1922197811482,1088300
2015-12-29,104.40895080566406,104.52891132736839,103.93767919535654,104.08334460923206,629900
2015-12-30,103.55211639404297,104.40041076982544,103.55211639404297,104.32329607082704,774800
2015-12-31,102.91800689697266,103.8177173355166,102.8665971132929,103.20077378192738,556000
2016-01-04,101.57273864746094,101.57273864746094,100.43310706872803,101.22142099523978,633600
2016-01-05,101.67560577392578,102.02691703049621,101.17005201586623,101.80413029623126,675800
2016-01-06,99.79904174804688,100.61306067227169,99.20780295922204,100.22747413708298,904500
2016-01-07,97.55406951904297,99.07928802573281,97.31414838819654,98.06818716190823,506400
2016-01-08,96.29447937011719,98.27384182212005,96.14881389963716,98.00820924595928,785700
2016-01-11,95.83174896240234,97.0399313784237,94.82921878997554,96.80001029825584,663800
2016-01-12,96.26874542236328,97.10847568460653,94.94060909171893,96.78286292252751,552400
2016-01-13,93.57820892333984,96.80859304940648,93.31258291338655,96.59437683818997,1114600
2016-01-14,94.58929443359375,95.15482827785219,92.45570314473284,94.10088181235189,785800
2016-01-15,92.8927230834961,93.14977862038884,91.36749813354794,91.90732718200694,1151200
2016-01-19,92.28433990478516,93.93808929407044,91.4103406515102,93.74101404338994,877700
2016-01-20,91.56455993652344,92.39571971945692,88.60837941487047,90.88763605699367,911400
2016-01-21,91.92446899414062,93.12408120817656,90.97334839523333,91.66741343657905,562400
2016-01-22,93.92096710205078,94.23800948500755,93.11551196215886,93.5353804919191,473900
2016-01-25,92.23291015625,93.64673813243911,92.035834948198,93.44109244744968,551200
2016-01-26,93.88665771484375,93.9552084545509,92.43855439098242,92.63563613330089,445800
2016-01-27,92.88414764404297,94.63215265847637,92.32718420447902,93.38969474908609,582500
2016-01-28,92.63565826416016,93.6981688340236,92.06156039101586,93.56107385921537,558300
2016-01-29,95.08628845214844,95.23195390002495,93.07265746796945,93.07265746796945,868900
2016-02-01,95.42044830322266,95.84031015282976,94.2294069582648,94.47789849217551,633800
2016-02-02,93.19261169433594,94.5892988781992,92.85843496606584,94.5892988781992,1044400
2016-02-03,93.93807983398438,94.19514187295644,91.77878354858413,94.10088622782396,829700
2016-02-04,94.48648071289062,95.23195545885592,93.75814692422645,93.7752878815276,3136600
2016-02-05,92.4471664428711,94.10948667287258,92.23295018796827,93.98095561245863,652800
2016-02-08,90.12504577636719,91.68453955211436,88.91686319199997,91.45318891753342,653900
2016-02-09,89.98793029785156,90.83623108018851,88.99397061898672,89.10536067948394,801300
2016-02-10,90.41635131835938,91.77019897932477,90.35637105679044,90.65627890199333,1202400
2016-02-11,89.03682708740234,89.59378399366265,88.12854592766375,88.9425714336808,815400
2016-02-12,91.05903625488281,91.12758702052302,89.43099806377296,89.97082063412783,772700
2016-02-16,93.08121490478516,93.18404102764428,91.67595724583977,92.20721574123979,579100
2016-02-17,94.8206558227539,95.07771132384686,93.74100441355779,93.83526005849963,653500
2016-02-18,94.51217651367188,95.04342842964638,94.10944906939528,95.04342842964638,444900
2016-02-19,94.52930450439453,94.58928476622881,93.52677446915375,94.03232145642008,422300
2016-02-22,96.14878845214844,96.26017851114696,95.36904496444083,95.55754970950936,334600
2016-02-23,95.02628326416016,96.09736398955116,94.89775226964166,95.61751537917259,393400
2016-02-24,95.61750793457031,95.78031428410848,93.56960227005753,94.18654576582593,403800
2016-02-25,96.7657241821289,96.79142907538488,95.38617158695196,95.83173832389184,326300
2016-02-26,97.13420104980469,97.56263347979241,96.89427993498917,97.39982706444185,300600
2016-02-29,96.38871002197266,97.62259730432227,96.38871002197266,97.22844031965147,329800
2016-03-01,98.65941619873047,98.65941619873047,96.75717522638311,97.20274859978764,347600
2016-03-02,99.35345458984375,99.39630043773447,98.17955419099721,98.49658993089776,577900
2016-03-03,100.28743743896484,100.29600791575588,99.03641585916603,99.23349106385139,621900
2016-03-04,100.51023864746094,101.05863156915089,99.90185891689433,100.34743225161697,537400
2016-03-07,100.9043960571289,101.19572693785359,99.89329537794204,100.00468544339101,1254300
2016-03-08,99.23347473144531,100.38167655020756,99.12208470092845,100.38167655020756,366000
2016-03-09,99.77332305908203,99.91041800519614,99.16494993522892,99.7304772111572,461500
2016-03-10,99.83331298828125,100.61305650460092,98.78793695635802,100.11607338493918,553300
2016-03-11,101.93262481689453,101.96690018967665,100.8015636645202,100.8615439325492,305000
2016-03-14,101.70128631591797,101.90693203970572,101.23857853437573,101.52990943162843,1227300
2016-03-15,100.92999267578125,101.076005046087,100.54348124782392,100.96434968401718,297700
2016-03-16,101.87478637695312,102.003623518227,100.5005388268666,100.5005388268666,520200
2016-03-17,102.6563720703125,102.98276032110064,101.58274030414783,101.84041454919866,864300
2016-03-18,103.1717300415039,103.44657953678255,102.75945252212149,103.02571112766144,583000
2016-03-21,103.1459732055664,103.3091673710083,102.74229306688521,102.97419470199696,323200
2016-03-22,103.24043273925781,103.48093177034775,102.32140416746765,102.60484453941294,306700
2016-03-23,102.1754150390625,102.95702232368485,102.1496489181066,102.95702232368485,315100
2016-03-24,102.02935791015625,102.06371490734135,101.20480963649528,101.4624772859928,459000
2016-03-28,102.38153839111328,102.6048556677388,101.84043025656263,102.44166151717447,299400
2016-03-29,103.58396911621094,103.58396911621094,101.89192476972616,102.00358664316387,367100
2016-03-30,103.85026550292969,104.32265958867829,103.55823423003942,104.13369933320733,411400
2016-03-31,104.12510681152344,104.27971004903513,103.75577721929709,103.90178956780026,288600
2016-04-01,104.54598999023438,104.63187923908137,102.90547715965913,103.4294100964344,947600
2016-04-04,103.82447052001953,104.60607749004379,103.72140607767956,104.54595438103634,237500
2016-04-05,102.6993408203125,103.32634478238528,102.6306268006194,103.0858457134594,321700
2016-04-06,103.85883331298828,103.91037208996116,102.53611828809937,102.76802640215784,316200
2016-04-07,102.630615234375,103.67848098134907,102.14963025658841,103.23185300953708,309100
2016-04-08,102.99136352539062,103.61836088216508,102.69933224255108,103.43799151023288,334800
2016-04-11,102.70790100097656,103.93613588579339,102.69931011285124,103.46373533281475,309600
2016-04-12,103.50672149658203,103.66132477537103,102.33860929082746,102.86254226044959,255200
2016-04-13,104.89811706542969,104.91529884354814,103.99627030206095,104.07356864480897,302700
2016-04-14,104.52022552490234,104.83801640595826,104.29690823202243,104.7607180466516,282300
2016-04-15,104.70915985107422,104.74351030029787,104.26252537602927,104.39136249586639,498100
2016-04-18,105.32757568359375,105.38769880452304,104.11652237546689,104.12511326500784,252000
2016-04-19,105.73985290527344,106.03187761958299,105.20732915497352,105.75702813137984,334500
2016-04-20,105.84292602539062,106.30672922170164,105.34475927032612,105.87727647828648,364200
2016-04-21,105.1901626586914,106.06624342725547,105.06991640718124,106.0233020819614,236700
2016-04-22,105.68830871582031,105.92021028312571,105.17296024993638,105.36192048037009,480600
2016-04-25,105.2846450805664,105.51654669839611,104.90672453736158,105.37053432595039,286500
2016-04-26,105.98892211914062,106.02327911969246,105.3705092150631,105.64535866655002,265600
2016-04-27,106.67604064941406,106.85641653746245,105.87725842077808,106.05763430882647,229100
2016-04-28,105.40487670898438,106.73617621003204,105.20732557437643,105.96316655590755,342500
2016-04-29,104.66620635986328,105.15578214670653,103.82447623450288,104.87234180881629,479900
2016-05-02,105.46501159667969,105.5766669573527,104.58892427994645,104.98402659325232,372400
2016-05-03,104.29689025878906,104.72634298874324,103.79013262992025,104.72634298874324,365000
2016-05-04,103.58396911621094,104.1680249329733,103.24899660175147,103.69563098964866,328300
2016-05-05,103.4637451171875,104.1165150649635,103.30055099201144,103.8588408202569,298100
2016-05-06,103.76436614990234,103.82448926976747,102.72509133341728,103.06865482675887,429300
2016-05-09,103.93611907958984,104.21096847880926,103.53243259103365,103.75574977568898,316800
2016-05-10,105.23310852050781,105.24169941110704,104.0907690821328,104.2797293577386,312700
2016-05-11,104.1680679321289,105.13004454298326,104.1680679321289,104.93249337584254,352700
2016-05-12,104.03922271728516,104.78647287470842,103.4122253607079,104.65763573681765,635600
2016-05-13,103.26622009277344,104.23678103278493,102.99137057108429,103.80732824558754,408200
2016-05-16,104.23676300048828,104.53737858893598,103.39503279990639,103.41221457806246,269200
2016-05-17,103.48950958251953,104.50301821439731,103.18889400376938,104.01344239959616,316200
2016-05-18,103.26622009277344,104.04782075794935,102.55332689332269,103.30916143973549,640000
2016-05-19,102.93122100830078,103.24042747959223,102.15821138300036,102.57907319834165,402600
2016-05-20,103.85883331298828,103.88459942501083,103.36066663745977,103.36925752577655,348500
2016-05-23,103.76436614990234,104.12511142202173,103.67847691479909,103.83308015915638,618500
2016-05-24,105.22450256347656,105.36192402018202,104.25393526599154,104.28829226839996,882000
2016-05-25,105.81715393066406,106.06623730954826,105.40488296438798,105.46500608667527,357800
2016-05-26,105.86009216308594,106.07481851635792,105.68831370163966,106.0061045106081,398700
2016-05-27,106.41838836669922,106.41838836669922,105.88586461963207,105.93739685056711,238800
2016-05-31,106.59015655517578,106.82206467786749,106.1607038643387,106.68463667139417,323200
2016-06-01,106.85641479492188,106.89935612948214,105.90302935845422,106.13493091327692,511600
2016-06-02,107.50918579101562,107.50918579101562,106.495677171551,106.60733906581069,309100
2016-06-03,107.0196304321289,107.63804347782677,106.24661412500659,107.28589560915007,381500
2016-06-06,107.60369110107422,107.80982660753658,107.07117382996898,107.29448456491588,303300
2016-06-07,108.13618469238281,108.40244325349484,107.56930401693788,107.71532290641561,232400
2016-06-08,108.4969482421875,108.56566225852846,108.08467069707099,108.31657886398942,239200
2016-06-09,108.25643157958984,108.36808691653013,107.75826490168186,108.0846465770727,386400
2016-06-10,106.65027618408203,107.30304608763949,106.34966062090682,107.30304608763949,227500
2016-06-13,105.65394592285156,106.92512213493137,105.64535503477697,106.35824802763297,282300
2016-06-14,105.34270477294922,105.78242489356067,104.7391725117243,105.39443423019469,280900
2016-06-15,105.4892807006836,106.24801452380346,105.35995047374193,105.6099871583602,264700
2016-06-16,105.4720230102539,105.57548191298977,104.11838088273001,104.88573177538962,329200
2016-06-17,105.5668716430664,105.80828453595159,105.10991058467545,105.54962410614147,539900
2016-06-20,106.61878967285156,107.45511135838483,106.50670037278245,107.10161564850138,305200
2016-06-21,106.79979705810547,107.00672143508642,106.36870076889087,106.79117329047912,395200
2016-06-22,106.6618423461914,107.38608752759801,106.60148912924146,106.98085596607383,305400
2016-06-23,108.3000259399414,108.3000259399414,107.52405119171232,107.67924614135813,232100
2016-06-24,103.75627899169922,105.93763231378104,103.65282006502956,104.06666892772631,862600
2016-06-27,100.88516998291016,102.81647979508024,100.45407363156811,102.77336752874272,874900
2016-06-28,102.96305084228516,103.00616310856677,101.8939337341857,102.14397040700081,772200
2016-06-29,104.89437103271484,105.06680694807608,103.85111203735127,104.13563721790497,629900
2016-06-30,106.59290313720703,106.59290313720703,104.63572819850522,105.11855410521376,1067100
2016-07-01,106.84290313720703,107.1532929928354,106.28247664354429,106.36870116411345,511200
2016-07-05,105.48062896728516,106.33420429200233,104.88572060588432,106.33420429200233,432100
2016-07-06,106.09281921386719,106.11006017433134,104.70468837719913,105.01507828962234,363100
2016-07-07,106.24800872802734,106.90327044023935,105.79966484282097,106.37733236990587,297500
2016-07-08,108.35176849365234,108.46385776850542,107.14469724806466,107.3430044880292,325800
2016-07-11,108.77423858642578,109.0415162292673,108.55006663352177,108.78285577760816,449100
2016-07-12,109.93818664550781,110.1795995350313,109.43811332977606,109.56744354288018,531900
2016-07-13,109.80887603759766,110.36067890588636,109.42089190702278,110.3520551360043,350300
2016-07-14,110.15373992919922,110.67967141839354,109.99854498186063,110.67967141839354,284900
2016-07-15,110.05889892578125,110.61069514680078,109.8519745206479,110.61069514680078,799300
2016-07-18,110.29168701171875,110.35204023672641,109.87783820538291,110.05889788040587,503700
2016-07-19,109.96406555175781,110.11926051189268,109.69678790075116,110.01579501246653,353000
2016-07-20,110.66244506835938,110.79176871885382,109.78300477694509,110.1623651150766,240300
2016-07-21,110.28308868408203,110.90386857777358,110.00718066198863,110.57623109054231,469300
2016-07-22,111.05043029785156,111.11077695001957,110.21410226682475,110.39515537934625,582400
2016-07-25,110.85214233398438,110.99008319302102,110.49864010391146,110.87800706730494,312100
2016-07-26,111.47289276123047,111.52463537631135,110.71417210159933,110.87799082597947,666400
2016-07-27,110.82624816894531,111.57636479313794,110.32618138283111,111.51600498690829,838200
2016-07-28,111.29181671142578,111.4556354020343,110.42100696599789,110.56757812180174,488600
2016-07-29,111.46427917480469,111.58498563519626,110.59346922169532,110.99870087215648,391000
2016-08-01,110.9383316040039,111.6022236575548,110.75727850686407,111.43840494184596,1525100
2016-08-02,109.78298950195312,110.87797782918184,109.25705146975812,110.83486556634313,408400
2016-08-03,110.36929321289062,110.36929321289062,109.1967170819331,109.61918970298443,458300
2016-08-04,110.39514923095703,110.72278667196213,110.14511913272776,110.42102711589347,298400
2016-08-05,111.31770324707031,111.39529743487353,110.79176515859817,110.87798969350189,352900
2016-08-08,111.36943054199219,111.75741462948764,111.25734127999833,111.464272266137,261500
2016-08-09,111.18838500976562,111.61085104570182,111.05904820111812,111.36943812344755,413700
2016-08-10,110.8952407836914,111.46429122535136,110.73142203630273,111.32633721112732,276800
2016-08-11,111.61084747314453,111.72293673918098,111.14526918256188,111.30045756075039,332500
2016-08-12,111.5418472290039,111.79189043866377,111.29181717535846,111.48150059095752,328500
2016-08-15,112.2143783569336,112.44717407732385,111.74880007217004,111.74880007217004,305600
2016-08-16,111.30907440185547,111.95571887787861,111.30907440185547,111.95571887787861,254200
2016-08-17,111.28321838378906,111.43840675529145,110.56759686226714,111.32631749408422,221600
2016-08-18,111.99019622802734,111.99019622802734,111.35216896820224,111.35216896820224,297800
2016-08-19,112.10228729248047,112.16263393429838,111.4815075582708,111.71430324760323,347200
2016-08-22,112.25748443603516,112.25748443603516,111.73154637437965,111.97295927258058,294400
2016-08-23,112.65411376953125,112.97312089380472,112.6282490381587,112.6282490381587,363600
2016-08-24,111.8522720336914,112.68860013038667,111.65397136668672,112.68860013038667,236700
2016-08-25,111.8953628540039,112.28334692150558,111.61946804271987,111.61946804271987,278600
2016-08-26,111.59358978271484,112.76617232775128,111.06766488935381,112.10229345120572,370400
2016-08-29,112.24885559082031,112.4730209284419,111.71430039402235,111.71430039402235,282100
2016-08-30,112.0074462890625,112.44715978857651,111.61946224172482,112.30920581209612,285100
2016-08-31,111.58499145507812,111.92987647134024,111.0676836647122,111.83503473637043,274300
2016-09-01,111.70568084716797,111.9557240902403,110.95557742998328,111.74017592153056,339900
2016-09-02,112.43854522705078,112.65409338683455,112.02468328793469,112.34370351050529,260400
2016-09-06,112.61097717285156,112.6540894344989,111.99881463189578,112.61097717285156,243500
2016-09-07,112.9472427368164,112.9472427368164,112.41268747730024,112.5678758470889,270300
2016-09-08,112.38682556152344,112.78342684269717,112.3178485656635,112.67133757992266,296400
2016-09-09,109.23979949951172,111.55048250252045,109.23118230969995,111.55048250252045,458900
2016-09-12,110.86073303222656,111.04178612220126,108.56729741509756,108.69662762880169,403600
2016-09-13,109.01564025878906,110.17959901521901,108.55005544061551,110.01578030752613,373700
2016-09-14,108.8777084350586,109.67092425203275,108.48972429662817,109.11912137257166,314800
2016-09-15,110.03302764892578,110.21408731489298,108.67076169202076,108.77422717743394,331200
2016-09-16,109.5071029663086,109.67953888502161,109.05014186151128,109.55020865698252,357200
2016-09-19,109.8347396850586,110.55897847578518,109.53297352225584,109.97269368977356,536800
2016-09-20,109.46078491210938,110.38702460588426,109.46078491210938,110.38702460588426,232700
2016-09-21,111.06222534179688,111.14878189257621,109.62525187021383,109.85897965383053,232100
2016-09-22,111.97978210449219,112.10962350651812,111.61621297013167,111.63352955996443,251300
2016-09-23,111.50367736816406,112.06635427608802,111.46039249698711,111.78068997674598,244900
2016-09-26,110.80252838134766,111.45176194608212,110.74193351281292,110.84581326073476,337000
2016-09-27,111.29596710205078,111.36520706789314,110.49956880359288,110.69866342494768,277700
2016-09-28,112.10962677001953,112.17022823185434,110.79384989121762,111.52964647627401,628400
2016-09-29,111.13146209716797,112.23948616957472,110.80251291018543,111.9797901382037,433700
2016-09-30,112.04903411865234,112.39528665966817,111.28726267799223,111.6941166784641,373000
2016-10-03,111.52099609375,111.83262868002764,111.21801519839813,111.73740724509034,527800
2016-10-04,110.77655792236328,111.73742410766872,110.36970383974898,111.73742410766872,322100
2016-10-05,111.30460357666016,111.65085619329781,111.14878065308976,111.24400210396871,545300
2016-10-06,111.24398040771484,111.304581868587,110.58609528093639,110.95831611079197,314000
2016-10-07,110.58609008789062,111.51233608672239,110.14460952286363,111.43441803944744,232800
2016-10-10,111.08817291259766,111.63353323644299,110.58609746041579,110.58609746041579,232000
2016-10-11,109.39149475097656,110.80249286853577,108.93269763129447,110.80249286853577,336200
2016-10-12,109.53003692626953,109.86763787435716,109.09721452058328,109.4175054783556,261600
2016-10-13,109.0971908569336,109.36553857686265,107.96319851339406,108.84615312356524,282800
2016-10-14,108.93272399902344,110.01477985535995,108.93272399902344,109.63390068488397,284300
2016-10-17,108.6297378540039,109.17509817300684,108.54317471578976,109.08852843044859,265800
2016-10-18,109.38286590576172,109.84165654461914,109.03660670145678,109.61658707116918,232700
2016-10-19,109.88493347167969,110.03209147645038,109.19241511317307,109.48673772705897,637400
2016-10-20,109.60794067382812,109.98016818067603,109.17511829862569,109.7118138170957,313700
2016-10-21,109.53866577148438,109.60791892281678,108.75092603485226,109.06255861150409,243900
2016-10-24,109.98014831542969,110.37834403617008,109.78104715288741,110.11864801621827,213300
2016-10-25,109.14047241210938,109.74642098847885,109.00196610645685,109.74642098847885,258700
2016-10-26,108.82884979248047,109.20107726757048,108.54318546417645,108.63840690694445,290400
2016-10-27,107.96322631835938,109.27900357920247,107.85934655920884,109.14915553135081,251800
2016-10-28,108.20558166503906,108.9500365952421,107.79872762128338,107.98917050170898,306500
2016-10-31,108.61244201660156,108.75094173491718,108.24887282613498,108.41334082886321,2788100
2016-11-01,107.7208251953125,108.8721275908205,107.03696511128744,108.75093786497756,585200
2016-11-02,106.64743041992188,107.74680294942918,106.54355727683762,107.44382860819125,469700
2016-11-03,106.33577728271484,107.140827008148,106.19727758385385,106.92441586264816,284900
2016-11-04,106.41372680664062,107.27071340025323,106.20597388183833,106.27522045387482,460200
2016-11-07,108.69033813476562,108.71630641709126,107.95454151671342,108.20557925310196,260900
2016-11-08,109.16644287109375,109.47807546068456,108.16229194811352,108.37870310175468,492800
2016-11-09,110.1359634399414,110.46490600463119,107.43514995755812,107.45245994334431,601300
2016-11-10,110.43894958496094,111.57294199955221,109.84165264385511,110.81983535660463,728200
2016-11-11,110.65535736083984,110.75923049221544,109.81568099238282,110.44759788939953,378600
2016-11-14,111.66817474365234,111.77204788872582,111.03625776330388,111.1574475021199,672100
2016-11-15,112.54246520996094,112.62903496537385,111.72010536829896,111.88457997836939,416100
2016-11-16,112.27410888671875,112.41261520132653,111.96247628319583,112.23948891241139,392700
2016-11-17,113.07915496826172,113.09645834949248,112.41260494761411,112.52514296905393,442800
2016-11-18,112.84545135498047,113.20036887639273,112.75022990310622,113.17440059030801,539600
2016-11-21,113.72840118408203,113.72840118408203,113.13975593886262,113.23497738108829,406100
2016-11-22,114.16121673583984,114.23912158157057,113.59853980751103,114.0573303995102,445700
2016-11-23,114.49016571044922,114.49883061119567,113.78899560187443,113.94481851971892,378000
2016-11-25,114.81044006347656,114.81044006347656,114.54209236830609,114.74118691493457,221600
2016-11-28,113.96208953857422,114.77579745623846,113.8668681182372,114.77579745623846,307400
2016-11-29,114.01404571533203,114.36894993047241,113.6937482605351,113.95344425866956,875000
2016-11-30,113.71109008789062,114.65463965547173,113.69377349518828,114.58538649335246,538200
2016-12-01,112.76752471923828,114.13524475989514,112.53379698092212,114.13524475989514,1180100
2016-12-02,112.92332458496094,113.28689369700713,112.74154663328139,112.88870461610816,380900
2016-12-05,114.05733489990234,114.25644268065535,113.39944971773672,113.61586088132019,462700
2016-12-06,114.75849914550781,114.75849914550781,113.92747460325539,114.42955000459938,610100
2016-12-07,116.29071044921875,116.39459679925623,114.73254728556056,114.84508532781349,427600
2016-12-08,117.00923156738281,117.3381808899549,116.25612465380388,116.58506076768167,579000
2016-12-09,117.0265121459961,117.30351158867205,116.68024633178838,117.2342584258305,623200
2016-12-12,116.37728881835938,117.13906046778546,116.1002761426803,116.94861755542894,482500
2016-12-13,116.81007385253906,117.11304150987236,116.43783983975145,116.84469382157907,472400
2016-12-14,115.56356811523438,116.9745732111375,115.32984034645577,116.72352884982604,416700
2016-12-15,115.9271240234375,116.5503891963072,115.29520715963766,115.71071287198798,522300
2016-12-16,115.48566436767578,116.32534079624463,115.20000002725328,116.12623300193526,469200
2016-12-19,115.71072387695312,116.0656413691709,115.40775616132234,115.65013561730284,411700
2016-12-20,116.20413208007812,116.3685934534315,115.94443606678597,116.10891064882728,560300
2016-12-21,115.97044372558594,116.32536129064296,115.97044372558594,116.2907280991439,516300
2016-12-22,115.34239196777344,115.98607401707119,115.07272667175764,115.98607401707119,470800
2016-12-23,115.63813781738281,115.66423231799195,115.33368427975705,115.33368427975705,260800
2016-12-27,116.00344848632812,116.26440670769175,115.75119727850475,115.75119727850475,317100
2016-12-28,114.7422103881836,116.20355575778024,114.69002137825395,116.16876750879102,477700
2016-12-29,114.85526275634766,115.21190529449585,114.52472799164708,114.82047451323317,474100
2016-12-30,114.49861907958984,115.13360730139867,114.15937734214265,115.13360730139867,544900
2017-01-03,115.4380874633789,116.02088682525198,114.71610856864011,115.55986623641371,790700
2017-01-04,116.93416595458984,116.99506194889355,115.74247328838142,115.75118030064455,650800
2017-01-05,116.4905776977539,116.82981944523813,115.93387295129547,116.56016745017222,582400
2017-01-06,116.79503631591797,117.13427807824596,116.25571902929984,116.59496079162783,654200
2017-01-09,116.16875457763672,116.73415315279355,116.10785855756959,116.64717590355643,616700
2017-01-10,116.4209976196289,116.88201815393282,116.19484086014239,116.39490311941466,910200
2017-01-11,116.73417663574219,116.73417663574219,116.05569289991004,116.5080198147624,401400
2017-01-12,116.54279327392578,116.62109005880873,115.49897329536174,116.6036892985135,493100
2017-01-13,116.88204956054688,117.16040866814716,116.69938800996539,116.69938800996539,948000
2017-01-17,116.45580291748047,116.9603187261571,116.20353837669734,116.58627542278923,517900
2017-01-18,117.01248168945312,117.02986917103195,116.21221953156616,116.63843846932123,628300
2017-01-19,116.29923248291016,117.18648541278432,116.02088669039304,116.98642313007915,378500
2017-01-20,116.82113647460938,117.17777901130322,116.41230493701192,116.82113647460938,446900
2017-01-23,116.50799560546875,116.87333190478077,116.09916404538124,116.73415237945522,580400
2017-01-24,117.90846252441406,118.05633579834276,116.91683159644653,116.92552533977506,472100
2017-01-25,118.92620086669922,118.9609891166808,118.3260006896035,118.47387397958633,555600
2017-01-26,118.4912109375,119.10010453099943,118.4390219541836,118.93483056857426,1269700
2017-01-27,118.23030090332031,118.75221749483104,118.04763938731476,118.72612299254455,527800
2017-01-30,117.59530639648438,117.76058041756394,116.62977004381547,117.73448591664503,620600
2017-01-31,117.88233184814453,117.88233184814453,116.93418320065933,117.26473116618004,505000
2017-02-01,117.68228149414062,118.4303548102393,117.23866171372569,118.34337756639347,462000
2017-02-02,117.96930694580078,118.12588718507638,117.2125400624798,117.58656999744517,392700
2017-02-03,118.90876007080078,119.00444431715002,118.44773959463288,118.71739157810231,445700
2017-02-06,118.55216217041016,118.86530952415785,118.32600535438391,118.67394095948467,418200
2017-02-07,118.43035888671875,118.86528493958646,118.18680135894402,118.65652892885943,429300
2017-02-08,118.76959228515625,118.81308754194774,117.95194251276494,118.18679300823906,426100
2017-02-09,119.66553497314453,119.80470119291294,118.88266028162329,118.92615553218896,623900
2017-02-10,120.22229766845703,120.35277021020958,119.8656550238089,120.0309290919577,356600
2017-02-13,120.63978576660156,120.87464954201693,120.45711099174756,120.62238500878469,532000
2017-02-14,120.93555450439453,120.97035602642232,120.24837708260024,120.36144884696131,549800
2017-02-15,121.4226303100586,121.57921056269576,120.61367436890998,120.83113735604293,368600
2017-02-16,121.08338928222656,121.77057975836306,120.73545380995395,121.45743252416273,494000
2017-02-17,121.32696533203125,121.3356723475472,120.49191476164818,120.78766128562178,493200
2017-02-21,122.13594055175781,122.20553031478667,121.5444342024576,121.5444342024576,400900
2017-02-22,121.80538940429688,122.21422095615935,121.5879263776845,122.0402531894474,494200
2017-02-23,121.47482299804688,122.21420248594256,121.10079301978779,122.2055087444323,391400
2017-02-24,121.80538940429688,121.80538940429688,120.76156953113541,120.90944279648505,377900
2017-02-27,122.14461517333984,122.23160568173029,121.5705096728943,121.78797267098234,826500
2017-02-28,121.47482299804688,121.89236150252077,121.30956227202473,121.84017250768348,550100
2017-03-01,122.90141296386719,123.17977204217517,122.27513158345698,122.42300486647383,446100
2017-03-02,121.88368225097656,122.8666194539331,121.84020026063297,122.8666194539331,401200
2017-03-03,121.91845703125,122.05763653391863,121.50091852324414,121.84017353833187,412100
2017-03-06,121.3095474243164,121.68357735679602,120.96159871317542,121.44871363588662,376100
2017-03-07,120.72676849365234,121.24868506875133,120.66588574786171,121.13560004713891,386900
2017-03-08,120.47451782226562,121.14430766663975,120.36143280008963,120.91813762228774,427500
2017-03-09,120.33535766601562,120.83987356622166,119.75255824842212,120.37885293330602,379600
2017-03-10,120.99642181396484,121.23127230389989,120.26573602661239,121.03121005484422,1157400
2017-03-13,121.3008804321289,121.3791639406316,120.93554411955904,121.0486291471011,1025700
2017-03-14,120.75285339355469,121.03119911409401,120.24833767263439,120.94420861042633,878000
2017-03-15,122.1620101928711,122.42296843289976,121.0659882393282,121.23126223377595,482700
2017-03-16,121.91845703125,122.39687827611844,121.72708853330263,122.39687827611844,323100
2017-03-17,121.94456481933594,122.29250034104024,121.77059705848379,122.29250034104024,346900
2017-03-20,121.57051849365234,121.90106652205381,121.3008664801202,121.86627827990635,304800
2017-03-21,119.63077545166016,122.09245884134732,119.5176904150761,122.08376509733763,597000
2017-03-22,120.03958892822266,120.13527318944334,119.256727353064,119.56987463770538,353300
2017-03-23,120.07433319091797,120.83980700030476,119.72639779004292,119.95255447332323,419400
2017-03-24,120.17003631591797,120.81373150894227,119.64813313252705,120.43099454405683,584200
2017-03-27,119.94393157958984,120.13530014496982,118.76962568047573,119.16976357342273,332300
2017-03-28,120.83982849121094,121.10078672472002,119.56114509261481,119.7960088300617,851200
2017-03-29,121.31200408935547,121.39054823403328,120.56144007813377,120.83198989896697,384200
2017-03-30,121.55636596679688,121.70473155998407,121.13745056738125,121.25089877565355,226800
2017-03-31,121.52146911621094,121.87056308361016,121.3207274337292,121.44291165402706,403200
2017-04-03,121.0152359008789,121.7483409946406,120.29085349261064,121.66106087139784,667900
2017-04-04,120.75345611572266,121.03272864867863,120.54399172819394,120.87564034584382,549200
2017-04-05,120.27342224121094,121.76582745981497,120.13377933899814,121.2945359941168,653000
2017-04-06,121.05015563964844,121.2596199723169,120.06395936806332,120.430511962424,366700
2017-04-07,120.94546508789062,121.30329509904917,120.61381646124782,120.85818492811642,381700
2017-04-10,121.23345947265625,121.62619351159732,120.7709039774686,120.99781372245917,384800
2017-04-11,121.3469009399414,121.35563694466222,120.28216041335172,120.96290292755646,827100
2017-04-12,120.42180633544922,121.23346917683968,120.2996221065077,121.23346917683968,422900
2017-04-13,119.67125701904297,120.65746697805191,119.6276302524648,120.27345554916052,288600
2017-04-17,120.77967834472656,120.77967834472656,119.78474547239344,119.93311113649462,384900
2017-04-18,120.48290252685547,120.72727097950242,119.9330668498589,120.32580091182136,372300
2017-04-19,120.70983123779297,121.29457107822826,120.52656152807353,120.95419972880819,376100
2017-04-20,121.7658462524414,121.96657463217647,120.7098149524606,120.7098149524606,337900
2017-04-21,121.3905258178711,121.70471565564468,121.17233880044718,121.70471565564468,350300
2017-04-24,122.78693389892578,123.04876099570905,122.41164528621793,122.69965376097159,401300
2017-04-25,123.458984375,123.6160726818869,123.04879159535176,123.2407972929353,305000
2017-04-26,123.46768188476562,123.9738774099747,123.31058029283457,123.38040174290616,339500
2017-04-27,123.60731506347656,123.92150490554843,123.2058450864096,123.62476043681247,254600
2017-04-28,122.94400024414062,123.88656963423963,122.84799743634136,123.7120227065347,275800
2017-05-01,123.07493591308594,123.35420836913667,122.77819144986633,123.24076017624667,345200
2017-05-02,123.04877471923828,123.39786867583057,122.81312897414405,123.19714031664405,424800
2017-05-03,122.51640319824219,122.87421985859724,122.20221329658017,122.6734914905325,484700
2017-05-04,122.63859558105469,122.83932396247677,122.10621858217523,122.70841704352374,556100
2017-05-05,123.52881622314453,123.52881622314453,122.74334790384044,123.04007919628108,340600
2017-05-08,123.23204803466797,123.62478207673429,122.97022090093003,123.50259785660074,484900
2017-05-09,123.16222381591797,123.47641370594147,122.970218143288,123.36296549362805,858800
2017-05-10,123.7644271850586,123.86915271357839,123.24950891372765,123.24950891372765,399800
2017-05-11,123.13605499267578,123.41534084210406,122.40294961354999,123.41534084210406,536500
2017-05-12,122.54259490966797,122.9702330638924,122.46405075690217,122.95278768577724,422200
2017-05-15,123.50260162353516,123.74697007125569,122.66477075051661,122.97896065716897,675100
2017-05-16,123.27567291259766,123.66840690624844,122.95276036714164,123.66840690624844,253100
2017-05-17,121.12001037597656,122.47277293083333,121.06764760768627,122.0974842296154,489800
2017-05-18,121.46907043457031,121.91418047482829,120.65742111870019,120.9279708906569,485100
2017-05-19,122.490234375,122.92660854332266,121.56510995180646,121.81821442699996,290200
2017-05-22,123.32807922363281,123.4240820841697,122.76952075789573,122.76952075789573,909600
2017-05-23,123.35421752929688,123.5636818746985,123.01384629119397,123.5636818746985,293000
2017-05-24,123.59861755371094,123.64225763479989,123.25824622854988,123.44152924229031,192000
2017-05-25,124.2880630493164,124.52369545357847,123.93023312377544,123.94769181496949,422100
2017-05-26,124.1484146118164,124.23569474681092,123.99132634932093,124.16587330223108,210300
2017-05-30,123.91282653808594,124.22701652629881,123.65973533620465,123.96518931660724,211800
2017-05-31,124.0611572265625,124.23571752856157,123.25823044227583,124.17461875944562,249100
2017-06-01,125.52740478515625,125.53612747506274,124.19210078985222,124.40155188427869,521200
2017-06-02,125.66703033447266,125.87648139991214,125.2393788807304,125.74557448401247,390700
2017-06-05,125.291748046875,125.65830074719925,125.2393852778405,125.61466066730961,238100
2017-06-06,124.84662628173828,125.19572021703371,124.60225786361548,124.88153034843582,484900
2017-06-07,125.03865051269531,125.27428296133114,124.7070019029504,125.06483189587708,308600
2017-06-08,125.24811553955078,125.39648116647972,124.6982931143632,125.14338999515,295700
2017-06-09,125.16082763671875,126.00739449043614,124.54117053005957,125.36155600208106,294600
2017-06-12,125.21321868896484,125.23940007657579,124.59356144230932,125.06485305347475,261700
2017-06-13,126.14701843261719,126.14701843261719,125.3528276949722,125.5186519830007,226200
2017-06-14,125.71061706542969,126.26917525721176,125.31788312570566,126.26917525721176,246400
2017-06-15,125.4313735961914,125.54483512476698,124.75935374683588,124.96881811103367,385300
2017-06-16,125.4313735961914,125.58846188152913,124.94263673014406,125.58846188152913,254800
2017-06-19,126.14701843261719,126.25175727178713,125.67574026613465,125.7979244809324,221100
2017-06-20,124.98631286621094,125.98996826877934,124.96011816068255,125.95506418988259,267000
2017-06-21,124.8378677368164,125.3702445481192,124.5934993628162,125.32661780189443,319800
2017-06-22,124.92517852783203,125.27427248578525,124.51498580284252,124.83789837980329,480800
2017-06-23,125.3463363647461,125.53897589102404,124.77718263049809,125.08365824804306,272200
2017-06-26,125.722900390625,126.1169310409833,125.46896032278362,125.80170384848716,302300
2017-06-27,124.4794921875,125.77542009871203,124.4794921875,125.60029687196108,818200
2017-06-28,125.63529968261719,125.86297187245148,124.96107468006917,125.14494936765718,3840700
2017-06-29,124.56703186035156,125.89799227049284,123.75270294324783,125.89799227049284,1189300
2017-06-30,124.79474639892578,125.31136470622387,124.56707412984288,124.9348369940745,640700
2017-07-03,125.30260467529297,125.7929551274994,125.22378785465085,125.47772792807416,313200
2017-07-05,125.19749450683594,125.37261772390924,124.77719611365097,125.22376232134468,548700
2017-07-06,123.87529754638672,124.82973042625945,123.76146144401929,124.75967846795986,365500
2017-07-07,124.95230865478516,125.15369966916035,124.19051537702919,124.23429951781785,309500
2017-07-10,124.97854614257812,125.22372123825333,124.66331911084707,124.80342298295879,274700
2017-07-11,124.99610900878906,125.17123223361502,124.25181860197172,125.03989315525695,340300
2017-07-12,125.94181823730469,126.151974170081,125.63534250547032,125.66161032693628,253200
2017-07-13,126.13441467285156,126.21321811028332,125.64406435855084,125.99431076561021,389500
2017-07-14,126.69483184814453,126.87870655712068,126.06437755242095,126.16069732985221,262800
2017-07-17,126.95752716064453,127.0888662424114,126.4759282590894,126.75612275387405,248600
2017-07-18,126.69483184814453,126.7736352948486,126.23950077655627,126.63353137112212,270100
2017-07-19,127.54421997070312,127.54421997070312,126.87873287548362,126.94003336522157,242800
2017-07-20,127.41283416748047,127.71055832951893,127.18517532455208,127.6755256699639,252000
2017-07-21,127.43909454345703,127.47412720096735,127.01879618064177,127.14138375983973,248800
2017-07-24,127.50916290283203,127.52667923384084,127.16766793391194,127.42160796987952,316700
2017-07-25,127.94699096679688,128.15714687763725,127.5442088389951,127.83316820600793,258600
2017-07-26,127.68427276611328,128.1133225781844,127.53540402526572,128.1133225781844,300200
2017-07-27,127.24651336669922,127.83318365752955,126.54600694027314,127.83318365752955,248700
2017-07-28,127.14141845703125,127.24650309719595,126.86122392570334,127.05386351144965,290400
2017-07-31,127.0450668334961,127.36029395291582,126.7911401855678,127.36029395291582,216300
2017-08-01,127.34281921386719,127.50919099248738,126.9050043695188,127.43038752715636,341700
2017-08-02,126.74735260009766,127.21143510204696,126.2307344731796,127.21143510204696,609300
2017-08-03,126.34459686279297,126.68609189331913,126.18698993841852,126.61605327874038,622000
2017-08-04,126.56346893310547,126.71233769039587,126.30079079916817,126.66855354772484,191500
2017-08-07,126.75609588623047,126.87868345691079,126.5196855891604,126.72107659219742,312800
2017-08-08,126.24827575683594,127.17645440347839,126.02061685919611,126.61605196532433,366400
2017-08-09,125.91551208496094,126.03809966816718,125.53023300601433,125.68783988683187,1198500
2017-08-10,124.03292083740234,125.69662500472188,123.96288223088374,125.46895276987318,649400
2017-08-11,124.23428344726562,124.5582619973139,123.87527224470058,123.92780786243358,212100
2017-08-14,125.51270294189453,125.7929107362998,125.00483633531728,125.07488828391858,365200
2017-08-15,125.19749450683594,125.65282556006257,125.03112277425053,125.65282556006257,284300
2017-08-16,125.67908477783203,125.94177626599581,125.44266110238021,125.44266110238021,209300
2017-08-17,123.7614517211914,125.70534998789442,123.7001646131471,125.39012288083329,537300
2017-08-18,123.45500183105469,124.1204754077443,123.19231032200388,123.46375331563982,335300
2017-08-21,123.59510803222656,123.70894415146658,123.06097346193805,123.4287496377832,300400
2017-08-22,124.82100677490234,124.95234587534749,123.80527319463371,123.80527319463371,228100
2017-08-23,124.63705444335938,124.85596173865586,124.20800469564449,124.251775465871,206700
2017-08-24,124.66337585449219,125.18875893353204,124.61084021879755,125.03990351204831,221800
2017-08-25,125.04865264892578,125.38139615013772,124.94358137951,125.18000509674198,308500
2017-08-28,124.97854614257812,125.33755730447419,124.6195483417227,125.21496975663658,572000
2017-08-29,124.70713806152344,124.80345783036441,124.09420015119197,124.20803624919795,201400
2017-08-30,125.39012908935547,125.49521370427485,124.45321256653384,124.6458521060008,189000
2017-08-31,126.27452087402344,126.44087923572016,125.62655031204405,125.80167351875505,218300
2017-09-01,126.82615661621094,126.98377685288035,126.56346512912461,126.67730122443896,200000
2017-09-05,125.75786590576172,126.82613463667806,125.15367959848457,126.72106340447047,300800
2017-09-06,125.97681427001953,126.20448649539114,125.73163907427019,126.08189889751647,229100
2017-09-07,125.88925170898438,126.16944618956194,125.55650823731858,126.09939422915623,224900
2017-09-08,125.97681427001953,126.11691819931805,125.38139261206999,125.6090514763955,245600
2017-09-11,127.27277374267578,127.39536135804987,126.70360645904411,126.70360645904411,172500
2017-09-12,127.82441711425781,127.82441711425781,127.34281811741154,127.52670622931598,482600
2017-09-13,127.54421997070312,127.84193084959166,127.37784819689824,127.6755590757868,684400
2017-09-14,127.40409088134766,127.46539135899113,127.07134739938752,127.34279040370417,217500
2017-09-15,127.67550659179688,127.71929072917573,127.15888850943789,127.33401169791043,247100
2017-09-18,127.95572662353516,128.20090178306086,127.50039560111139,127.99074592016278,673000
2017-09-19,127.74561309814453,128.15716011539578,127.50918934415905,128.15716011539578,242600
2017-09-20,127.7718734741211,127.92949375460948,127.15018392159712,127.78938980774153,335600
2017-09-21,127.50044250488281,127.87695686657612,127.4041227024184,127.77188557699641,265500
2017-09-22,127.79811096191406,127.87691440293085,127.39532891157627,127.39532891157627,253200
2017-09-25,127.70178985595703,127.94696502169724,127.1676553817992,127.69303837183932,1030000
2017-09-26,127.85940551757812,128.1395999707973,127.71930161044656,127.99074457986148,339400
2017-09-27,128.4903106689453,128.71877771769203,127.76979478088194,128.44637366667166,373200
2017-09-28,128.63966369628906,128.64845913985027,128.0597409518482,128.3497090279128,417000
2017-09-29,129.1668701171875,129.2108071082886,128.65723051732647,128.65723051732647,356400
2017-10-02,129.738037109375,129.738037109375,129.02630329522384,129.18447381375188,513400
2017-10-03,129.90501403808594,129.97531056976658,129.47446621711921,129.97531056976658,364800
2017-10-04,130.32676696777344,130.3794860039881,129.72925327273123,129.87862834456934,317700
2017-10-05,130.79248046875,130.9330601077051,130.39706084909676,130.48493485517324,290800
2017-10-06,130.5552215576172,130.69581459368723,130.28283093003768,130.52006659475472,298200
2017-10-09,130.14224243164062,130.73096070705964,130.00164939066852,130.70460118783868,310400
2017-10-10,130.3883056640625,130.77492991811593,130.17741605066237,130.63433684251584,568400
2017-10-11,130.40582275390625,130.44096430268388,130.08069974119775,130.3618857621686,273800
2017-10-12,130.58160400390625,130.69583754173192,130.12468326029577,130.19497979067373,564200
2017-10-13,130.81004333496094,131.1175889456956,130.5991671746316,130.86276237504327,310300
2017-10-16,130.88034057617188,131.07365266266225,130.6255274118114,130.9945741021046,232000
2017-10-17,130.85397338867188,130.94184738926978,130.59916023924202,130.8451913516881,244200
2017-10-18,130.94183349609375,131.11756807095375,130.75730347749317,131.09999059116117,278000
2017-10-19,131.0912322998047,131.11759182042377,130.1071077761823,130.44979495192158,356500
2017-10-20,132.00503540039062,132.0753319113459,131.62720673765568,131.82930082684672,260000
2017-10-23,131.54815673828125,132.39168823742403,131.48664224996278,132.39168823742403,294200
2017-10-24,131.66238403320312,131.8644915849512,131.4954314503209,131.62724247202948,399500
2017-10-25,130.57281494140625,131.30211291349917,129.9225821261584,131.24939387047476,361200
2017-10-26,130.98577880859375,131.19665494873976,130.62551419225838,130.88912277513035,236300
2017-10-27,131.1966552734375,131.20545071775834,130.34432845106608,130.75731210346004,228500
2017-10-30,130.4761199951172,131.01211911888979,130.30916747018495,130.75729260998662,245000
2017-10-31,131.0384979248047,131.20545047431668,130.57279523810783,130.73973437993033,304300
2017-11-01,130.88034057617188,131.75024496537853,130.70460597236905,131.70630796250512,324200
2017-11-02,130.59042358398438,130.85403229675987,130.14229815765333,130.56406405347644,321900
2017-11-03,130.85397338867188,130.9066924259546,130.4234122380462,130.53764575728547,205200
2017-11-06,131.44268798828125,131.51298450526264,130.90668877802662,130.94184374036217,205600
2017-11-07,131.05606079101562,131.7765900174967,130.79246561809754,131.49540395613158,268500
2017-11-08,131.3723907470703,131.4163277459027,130.74853094979542,130.9066880563644,226700
2017-11-09,130.8188018798828,131.09997448357484,130.03677172130458,130.6869909091663,271500
2017-11-10,130.88034057617188,130.95941913672954,130.5552308887521,130.6167319666222,206200
2017-11-13,131.15272521972656,131.26695874043025,130.48492839276773,130.55522491260922,216600
2017-11-14,131.23184204101562,131.24940611853515,130.66068773700485,130.71340678494894,347100
2017-11-15,130.5552215576172,130.94184570296486,129.8698472663881,130.69581459368723,358500
2017-11-16,131.63601684570312,131.94356247075703,130.99457948201822,130.99457948201822,347800
2017-11-17,132.0753631591797,132.19837873053365,131.5393638680607,131.5393638680607,285100
2017-11-20,132.41802978515625,132.4619667840355,132.06656060950166,132.18957616174973,224800
2017-11-21,133.00680541992188,133.10346149608662,132.78713373842888,132.9628818097796,195800
2017-11-22,132.9628448486328,133.20887599089735,132.94526736484485,133.13857946343725,192500
2017-11-24,133.19131469726562,133.34068980839137,133.08587659710471,133.27917531150197,75600
2017-11-27,132.87493896484375,133.35821909540093,132.76950090279072,133.23520355377622,206700
2017-11-28,134.24569702148438,134.27205653888637,132.97160451885912,133.13855706753148,501300
2017-11-29,134.38632202148438,134.83444733161113,134.1578549393984,134.280883926794,243800
2017-11-30,135.16835021972656,135.87130212370957,134.6587104245312,134.86080457183013,287500
2017-12-01,134.84329223632812,135.35291881938298,132.6202021322352,135.22990319455982,350400
2017-12-04,134.7816925048828,136.13486352240056,134.7816925048828,135.90640990865288,331900
2017-12-05,133.9820556640625,135.45825531590322,133.9469141186862,135.0364763252709,256300
2017-12-06,133.60426330566406,134.00845152170567,133.58668582436536,133.70091934127223,556700
2017-12-07,134.53570556640625,134.59720665627037,133.5955044707813,133.72731550510747,300300
2017-12-08,135.3792266845703,135.3792266845703,134.80807245210747,135.06289902883904,245100
2017-12-11,135.4231414794922,135.67796803966274,135.22104736492568,135.47586051740603,276000
2017-12-12,135.19471740722656,135.69556178461144,135.16835788250594,135.30015550610904,288600
2017-12-13,135.10682678222656,135.62526198930226,135.07168522281557,135.36165336679946,266400
2017-12-14,134.32481384277344,135.48468656966702,134.31603180370058,135.22985995192832,549800
2017-12-15,135.5198211669922,135.90644538941487,134.95746231829352,135.14199239088344,407500
2017-12-18,136.6620635986328,136.8114386436942,136.23150253391182,136.23150253391182,574500
2017-12-19,136.1612548828125,136.96964478824657,136.15245943760385,136.84662922454336,283700
2017-12-20,136.06454467773438,136.82899727590112,135.88001470178781,136.6884042854357,1506500
2017-12-21,136.38047790527344,136.66284561036863,136.18635347402878,136.50401041024426,290100
2017-12-22,136.52166748046875,136.65401893275921,136.1510699500217,136.42460526077784,372100
2017-12-26,136.71583557128906,136.88348977374244,136.45111911815414,136.45111911815414,234500
2017-12-27,136.75991821289062,137.01580218403842,136.60991540717856,136.87461832076792,327200
2017-12-28,137.280517578125,137.38639874280216,136.58343067324256,137.0246201447763,1376000
2017-12-29,136.57460021972656,137.60698188041755,136.50400829454688,137.58933053311438,491500
2018-01-02,137.49227905273438,137.49227905273438,136.75107058508297,137.0599085686071,694400
2018-01-03,138.2334747314453,138.32170453857398,137.6511014554582,137.70404203254196,421600
2018-01-04,138.67469787597656,138.92176293845975,138.50704369842666,138.71881952228486,448900
2018-01-05,139.36294555664062,139.4335374944231,138.81587486887082,139.0364696254277,495400
2018-01-08,139.98057556152344,140.042348541701,139.18644000859578,139.43350500124137,407800
2018-01-09,139.91001892089844,140.38651114403655,139.74236474846228,140.0776730933346,326200
2018-01-10,139.41587829589844,139.68941362438534,139.01881044925503,139.47765128699402,390200
2018-01-11,140.9158935546875,140.9158935546875,139.74232811928437,139.78644975268176,389900
2018-01-12,141.68357849121094,141.76298935639014,140.977672717986,141.06590252461865,350900
2018-01-16,140.50120544433594,142.3983283868572,140.15707817033964,142.1512633421437,459900
2018-01-17,141.71005249023438,142.05417971238788,140.8012033275204,141.14533054967393,444500
2018-01-18,141.3306121826172,141.80710427920292,141.06589584718424,141.56002582584193,420800
2018-01-19,142.42478942871094,142.45125972006548,141.5159401881132,141.63947270244586,357300
2018-01-22,143.28953552246094,143.28953552246094,142.2483346907096,142.4336267541059,551700
2018-01-23,143.8189697265625,143.90719955530048,143.04247183506604,143.3071882493522,297300
2018-01-24,143.7218780517578,144.54248395752154,143.0953831150726,144.13659720758466,295600
2018-01-25,143.6336669921875,144.29545130876193,143.22778015121557,144.29545130876193,364900
2018-01-26,144.851318359375,144.851318359375,143.72187448423247,144.02188006831,471400
2018-01-29,143.6689453125,144.86014880174434,143.4836398111327,144.68367570674897,371300
2018-01-30,142.37184143066406,143.0336256081279,142.06300342890086,142.75125789634055,393500
2018-01-31,142.3895263671875,143.09543241588867,141.73657437997028,142.9101403248279,397000
2018-02-01,142.2659454345703,142.89244037403495,141.8424073350079,141.965939841715,454200
2018-02-02,139.31884765625,141.4542036479595,139.23943676172422,141.34832245525848,508500
2018-02-05,134.3157196044922,139.67175262067678,134.22747632732214,138.0481786474045,691500
2018-02-06,136.16876220703125,136.50405714157645,130.8921249899142,131.56274178708028,1008100
2018-02-07,135.8157196044922,137.76578233672518,135.4186519065167,135.85984122960716,586100
2018-02-08,131.2450408935547,136.6275440419981,131.20091925626554,136.11576267031725,528400
2018-02-09,132.8068389892578,133.71568814900579,128.73907185654733,132.43624147922753,886700
2018-02-12,134.42164611816406,135.18049278013768,132.5862957388781,133.53044795981526,705400
2018-02-13,134.88043212890625,135.10102684235375,133.5656827897073,133.92746135112907,472300
2018-02-14,137.1128387451172,137.28931180915964,133.90979944982124,134.1215752050912,489700
2018-02-15,138.5952911376953,138.5952911376953,136.65404635433836,137.9423257592901,398000
2018-02-16,138.52464294433594,139.4952514778481,138.07462117091544,138.15404549000974,273700
2018-02-20,137.80995178222656,138.89528769378197,137.3775946703066,138.02172759853786,655100
2018-02-21,137.0863494873047,139.42464755634109,137.0863494873047,138.0657903408318,295100
2018-02-22,136.90994262695312,138.35704379378456,136.6011045603096,137.56289453557395,275300
2018-02-23,138.95703125,138.95703125,137.2540463640669,137.69523583263413,266500
2018-02-26,139.636474609375,139.72471789363624,138.48937923415295,139.3805906274731,378800
2018-02-27,137.9158477783203,140.26297927537965,137.89819642744527,139.7511978122891,347000
2018-02-28,136.6716766357422,138.79821316164254,136.65402528660482,138.45408590565307,240100
2018-03-01,135.47164916992188,137.28052884446828,134.52751062465384,136.6010932326168,385600
2018-03-02,136.63633728027344,136.85693193945113,134.28037447190974,134.61568266234926,335700
2018-03-05,138.41879272460938,138.7276307675932,136.1069639979332,136.13343429144206,285800
2018-03-06,139.4335174560547,139.5041093836922,138.15407074470443,138.97467665842763,495700
2018-03-07,139.46884155273438,139.6982687409176,138.3393973562591,138.3393973562591,710900
2018-03-08,139.90121459960938,140.07768773386823,139.1070652993888,139.95415519348333,306500
2018-03-09,142.0630340576172,142.07185300149933,140.41298946121603,140.7306464734467,352600
2018-03-12,142.001220703125,142.42477224175477,141.6835772452016,142.27476945416896,215400
2018-03-13,141.33944702148438,142.76891000799515,141.0570927722203,142.76007760193357,398200
2018-03-14,140.7129669189453,142.0630055843321,140.4923721897771,141.96594336493672,223400
2018-03-15,140.21884155273438,140.99532586974038,139.8305926622143,140.9600366360723,236800
2018-03-16,140.8629608154297,141.18943668547197,140.33352811327686,140.33352811327686,216300
2018-03-19,139.41587829589844,140.41297084789818,138.53349931934213,140.30707621516785,250800
2018-03-20,139.689453125,140.06005078426506,139.41591771916427,139.918880340763,1452000
2018-03-21,139.90121459960938,140.99535611043663,139.69827116841353,139.83944159739838,438300
2018-03-22,136.63905334472656,139.4010433829178,136.55937016446086,138.79906322890164,454100
2018-03-23,133.9921112060547,137.05509748055712,133.84161957374565,136.70098760343828,575500
2018-03-26,137.13478088378906,137.24985478596585,134.62066128982863,135.8600122142001,623700
2018-03-27,135.21377563476562,137.8606779142016,134.55868244946612,137.74560401590756,559900
2018-03-28,134.6737518310547,135.8422805770807,134.29308542727514,135.56785388323783,547300
2018-03-29,136.51510620117188,137.22329901462146,135.23147633399242,135.32000718962965,452100
2018-04-02,133.41668701171875,136.32032015511774,132.2304359346704,136.07245002150387,665200
2018-04-03,134.8153839111328,135.08096292735385,133.2130756407427,134.12488657370403,401200
2018-04-04,136.39111328125,136.55045254434626,132.85894436231334,132.95632285906316,369700
2018-04-05,137.30296325683594,137.7367292690803,136.57704816285198,137.09049733734815,402500
2018-04-06,134.34620666503906,136.91345260209212,133.40783913587538,136.26720714619518,433800
2018-04-09,134.59405517578125,136.47965112014845,134.51438553224955,135.15176969631992,282700
2018-04-10,136.70098876953125,137.1878814122788,135.8954039886135,136.22295731623137,288200
2018-04-11,136.16098022460938,137.0639435155272,135.8954011969382,135.8954011969382,400700
2018-04-12,136.90457153320312,137.3826164176813,136.55932289792824,136.87801498494417,222800
2018-04-13,136.4265899658203,137.66594103008535,135.91314066550666,137.59511903956826,208300
2018-04-16,137.7101593017578,138.06426913307303,136.88687927127913,137.43573262493157,265500
2018-04-17,139.0203399658203,139.36558862892105,138.11739023642428,138.60428284026116,283100
2018-04-18,139.47181701660156,140.1180488703755,139.07345528503978,139.52493011308866,308300
2018-04-19,138.45376586914062,139.37443789727268,137.9137602106906,139.20623742052308,275900
2018-04-20,137.57737731933594,138.56885783669136,137.1081936096653,138.51574473867717,265100
2018-04-23,137.5950927734375,138.38298220206872,136.99312623082466,137.85182412854252,479000
2018-04-24,136.07244873046875,138.44492384623737,135.24030750069917,138.25016681340153,412400
2018-04-25,136.18746948242188,136.47960491771656,134.8950062318616,135.99271252555874,307600
2018-04-26,137.1259307861328,137.4888884104568,136.1432976494953,136.68330349049273,270600
2018-04-27,137.3560791015625,137.52427960269242,136.59475975975528,137.2144351524099,217500
2018-04-30,136.24948120117188,138.00228078689594,136.24948120117188,137.60391908667333,309700
2018-05-01,136.35574340820312,136.43541306771326,135.08983601406084,135.79802877581008,307000
2018-05-02,135.5413055419922,136.78065633373586,135.39966159210417,136.22295523140647,275300
2018-05-03,135.36424255371094,135.70063001301585,133.63799931547172,135.0986635536951,426800
2018-05-04,136.8603515625,137.32067417834855,134.39934512487324,134.753441522897,262900
2018-05-07,137.3206787109375,137.84298915094345,136.9311645555075,137.2764267906577,268100
2018-05-08,137.5331573486328,137.6570924542558,136.74528128261952,137.1790609062567,241600
2018-05-09,138.66622924804688,138.90525168477382,137.69244414131362,137.9491754457743,233100
2018-05-10,139.71975708007812,139.96762732636978,138.8787677795946,139.14433339496756,233700
2018-05-11,139.60462951660156,140.12692642060472,139.33905046964543,139.71086924013088,215900
2018-05-14,139.40985107421875,140.19772690437625,139.12657670670058,139.8967436676665,303400
2018-05-15,138.80789184570312,138.99378770423436,138.30329035672676,138.85215726703774,310800
2018-05-16,139.45416259765625,139.80825905109782,138.9318656010601,138.97613103471878,648100
2018-05-17,139.58692932128906,140.06497433710723,138.67511822612778,139.37447687684747,266000
2018-05-18,139.54269409179688,139.710894635707,139.20629300397658,139.53383290027705,205000
2018-05-21,140.3925018310547,140.66692855290017,140.04725313132792,140.2862756181883,925500
2018-05-22,139.7639617919922,140.74659466567,139.6488744033918,140.73773347706415,263100
2018-05-23,140.1003875732422,140.1003875732422,139.1620198622585,139.2948161564757,223400
2018-05-24,140.02066040039062,140.1268865858109,139.02917998204794,139.86132112226025,258600
2018-05-25,139.6665802001953,139.9587157516631,139.3921535176402,139.64887133128263,188800
2018-05-29,138.36521911621094,139.25932089814276,137.7809481658449,138.79898498198415,408300
2018-05-30,140.05609130859375,140.38363108305484,139.05574960876325,139.153128123861,241900
2018-05-31,138.7282257080078,139.97642417065381,138.48034204383362,139.90560219630552,377300
2018-06-01,140.05609130859375,140.23313947025085,139.31246741697973,139.56033754488143,239600
2018-06-04,140.5695343017578,140.61379972147225,139.96756781895223,140.3924861308097,266700
2018-06-05,141.02987670898438,141.0652944495161,140.4810233019346,140.64922379968476,235400
2018-06-06,142.1275634765625,142.1275634765625,140.93246491210274,141.33082659762033,260600
2018-06-07,141.800048828125,142.5525205005809,141.19808229648882,142.2161194929544,294300
2018-06-08,142.45510864257812,142.4816651887657,141.4636282304879,141.68494178732286,239700
2018-06-11,142.69419860839844,142.9597777038899,142.31353208634744,142.57026349822428,220100
2018-06-12,143.36697387695312,143.54402208809495,142.72958951051248,142.88008116537867,302900
2018-06-13,142.72958374023438,143.641394823269,142.72958374023438,143.55287747523298,273200
2018-06-14,143.26072692871094,143.5263059609631,142.89776936823,143.19875263442412,635100
2018-06-15,143.3049774169922,143.32267277816362,142.26037026777766,142.83579369567246,617500
2018-06-18,143.50860595703125,143.56171906518125,142.39319016214662,142.41974671622162,541700
2018-06-19,142.83578491210938,142.90659336825942,141.74691241110693,142.34003116369988,310200
2018-06-20,143.44662475585938,143.64138181497816,143.03941527436442,143.26957656790893,321000
2018-06-21,142.35775756835938,143.4377690144554,142.1364439688792,143.37580823071423,245500
2018-06-22,142.36752319335938,143.0782086852463,142.26980376878493,143.0782086852463,349700
2018-06-25,140.35989379882812,141.83456429072265,139.6936284801628,141.83456429072265,351400
2018-06-26,140.56417846679688,140.99947658631035,140.07558130309795,140.62636972181284,286400
2018-06-27,139.06288146972656,141.46144729071068,139.0273532862105,140.91065878219945,377900
2018-06-28,139.8357391357422,140.15554696413082,138.38771847453805,138.98291374163918,326500
2018-06-29,140.0400848388672,141.12387750007173,140.01343531073942,140.38654225973076,252900
2018-07-02,140.1377716064453,140.1910706502688,138.81411994563152,139.1872268075953,337800
2018-07-03,140.10223388671875,141.0172368905668,139.90679503587756,140.69742909420836,222500
2018-07-05,141.21270751953125,141.21270751953125,140.04007415059797,140.74186759640395,218000
2018-07-06,142.46527099609375,142.63406035899845,141.02614241587636,141.2482308291297,315500
2018-07-09,143.58462524414062,143.62015343091403,142.84728998296592,143.0604862140121,1173800
2018-07-10,143.78005981445312,143.93107832528142,143.3003411986903,143.86888705630375,338700
2018-07-11,142.83836364746094,143.4246802531795,142.63404612311646,143.01604520449055,304100
2018-07-12,143.8599395751953,143.88658909052145,142.98046490384456,143.6023095201146,215900
2018-07-13,143.8155517578125,144.22420034399155,143.64676241906895,143.82443041319934,512100
2018-07-16,143.26478576660156,143.9488082640523,143.00715563726567,143.9221587410451,217500
2018-07-17,143.9221649169922,144.1176037975647,142.99828311763162,143.00716177394838,242000
2018-07-18,144.29525756835938,144.35744882203986,143.6112351090691,143.93104292251357,995000
2018-07-19,144.41964721679688,144.7216841790961,143.7178403015254,143.9932277409864,399800
2018-07-20,143.88658142089844,144.2774590317748,143.83328239308716,144.2774590317748,235300
2018-07-23,144.055419921875,144.1886675369207,143.58459360844705,143.86885970561116,211800
2018-07-24,143.30027770996094,144.59727957421043,142.90052141073764,144.52620967909573,246900
2018-07-25,144.45516967773438,144.57065997559505,143.1848170668648,143.22035879937545,462300
2018-07-26,145.05926513671875,145.25470402897503,144.58843877497443,144.59733098702327,224500
2018-07-27,143.58462524414062,145.13924435313234,143.0693784271076,145.11259482425157,187800
2018-07-30,142.56298828125,143.68232254242503,142.39419892090132,143.58460309986532,185100
2018-07-31,143.58462524414062,143.87778361703198,142.89171038283484,143.03383668513132,247300
2018-08-01,142.80282592773438,143.49574057721355,142.4741394685503,143.32695124243295,242600
2018-08-02,143.74447631835938,143.82442487936206,141.9766615452623,142.00331106559653,227500
2018-08-03,144.02880859375,144.02880859375,143.37142188972635,143.80672013964514,494100
2018-08-06,144.5617218017578,144.63279168898327,143.708910265442,143.9309985798235,238400
2018-08-07,144.88156127929688,145.04147194941044,144.57064570411723,144.8193835863401,234100
2018-08-08,144.5617218017578,144.8548800033648,144.295213113461,144.8548800033648,195600
2018-08-09,144.6860809326172,145.28127594829198,144.61501105019713,144.72162265142427,191600
2018-08-10,143.78890991210938,144.29526440017085,143.50463026216624,143.92215752602036,442300
2018-08-13,143.05154418945312,144.14421505515963,142.84722670680486,143.94877622647107,231100
2018-08-14,144.1619873046875,144.44626689649456,143.46907274365404,143.46907274365404,445500
2018-08-15,142.7139892578125,143.45132431477757,142.0121959329802,143.45132431477757,331400
2018-08-16,143.8155517578125,144.32191977404312,143.29142643080817,143.44244490357897,246500
2018-08-17,144.59732055664062,144.76610991097752,143.5845979858195,143.67342521349136,220200
2018-08-20,145.2369384765625,145.41460648984398,144.71279953786137,144.881588894799,183200
2018-08-21,145.91209411621094,146.2407806450487,145.46791726958625,145.46791726958625,220400
2018-08-22,145.61886596679688,145.96532319887797,145.4589688851572,145.6899358548129,315600
2018-08-23,145.3257293701172,145.86762548601695,145.10364102024346,145.61000896445017,473800
2018-08-24,146.48956298828125,146.5606329319031,145.87661014055368,145.91213833476175,176400
2018-08-27,147.2801055908203,147.6354550872419,147.05801723875578,147.05801723875578,216400
2018-08-28,147.38671875,147.66210614059216,146.91589252314293,147.5732653767636,296900
2018-08-29,147.95526123046875,148.18622823420662,147.2001554196687,147.5377340487601,366900
2018-08-30,146.99581909179688,147.85752286230158,146.72931039536942,147.68873356939102,228700
2018-08-31,147.15576171875,147.324551063898,146.74712667226495,146.74712667226495,171100
2018-09-04,147.08465576171875,147.31562272944387,146.52498887026766,146.99581501364253,927300
2018-09-05,146.69383239746094,146.97809849705908,145.8054788090167,146.97809849705908,214200
2018-09-06,146.21408081054688,147.18238274977506,145.89427304880581,146.79151864559995,245600
2018-09-07,145.63665771484375,146.41841303994423,145.40567715686566,145.76102664791,249700
2018-09-10,146.3473663330078,146.56056250622197,146.15192747076202,146.30294594518847,192600
2018-09-11,146.70266723632812,147.04024583677298,145.78766439793958,146.0097527287173,1122200
2018-09-12,146.8714599609375,147.0224784027639,145.91203672298474,146.57830173085225,215300
2018-09-13,147.38671875,147.75094690442072,147.05801876799225,147.46666730432725,229700
2018-09-14,147.82203674316406,147.87534934665936,147.24461231303627,147.51999976602647,452600
2018-09-17,146.60494995117188,147.8486391994553,146.51610919549614,147.69762075896347,228000
2018-09-18,147.36007690429688,147.57327306026977,146.7382186355143,146.8004098844718,287700
2018-09-19,147.0225067138672,147.7598417578476,146.9869785375592,147.36008538718804,326200
2018-09-20,147.84869384765625,148.02637542468284,147.36011017643665,147.49335780400543,210600
2018-09-21,147.86642456054688,148.49716145522024,147.82200417835338,148.3372507903632,184500
2018-09-24,147.08465576171875,147.68872947201294,146.83590437814436,147.68872947201294,235200
2018-09-25,147.00474548339844,147.42227274717786,146.8714978695113,147.42227274717786,177600
2018-09-26,146.22299194335938,147.46668142486308,146.098622995209,147.20017266305553,237200
2018-09-27,146.24073791503906,146.86259616277448,146.1519107047895,146.3473495446153,323100
2018-09-28,146.53082275390625,146.88779597929684,145.9418046761217,145.9418046761217,756500
2018-10-01,146.18275451660156,147.20906265050462,145.86147319872381,147.12874572544877,336500
2018-10-02,145.52235412597656,146.38802849893898,145.37955938828765,146.12922495232655,369300
2018-10-03,145.7989501953125,146.3611957316859,145.60261091650432,146.1827091921285,506100
2018-10-04,144.2907257080078,145.54907838535294,143.57677949057768,145.42413643553755,380500
2018-10-05,143.44293212890625,144.82622702384165,142.5772578741633,144.3621509985564,309400
2018-10-08,142.9163818359375,143.35368552289674,141.98824346854485,143.06809610668182,382000
2018-10-09,142.30955505371094,143.21092130746024,142.1846130619273,142.65760871779787,857300
2018-10-10,137.8740692138672,141.99716782158276,137.7401940638802,141.97039551511605,530900
2018-10-11,135.1164093017578,138.25782513528125,134.6077218227873,137.10657501723426,867000
2018-10-12,136.49078369140625,137.36537753690644,134.90222985017655,137.08872127275413,881800
2018-10-15,136.6514129638672,137.70450698626576,135.80359145506097,136.49969868272535,358300
2018-10-16,139.65003967285156,139.78391483298196,136.99947219059152,137.5617179042995,993300
2018-10-17,139.16812133789062,139.55186682936588,137.84730421742722,139.51617495806863,654000
2018-10-18,137.29400634765625,139.03427480685363,136.56220708533135,138.63267648821684,519900
2018-10-19,136.50865173339844,138.52557635102198,136.23198182058806,137.6331296607655,367300
2018-10-22,135.955322265625,137.1601307156458,135.5448044238373,136.92808586644315,233000
2018-10-23,134.94686889648438,135.62512347304894,132.45693502561235,134.09903365370909,579400
2018-10-24,130.85055541992188,135.26817831035876,130.74346615341963,134.90227182626475,782900
2018-10-25,132.5640411376953,133.41187648835142,130.89516998617577,131.49310770560973,1352000
2018-10-26,130.2704315185547,131.93930230581515,128.59262754997982,130.74342712796707,1020800
2018-10-29,130.02052307128906,133.01914363245942,128.449808633082,132.2337864133559,751100
2018-10-30,132.67112731933594,132.78713612825678,130.08302376499313,130.18119344494502,780100
2018-10-31,134.2864532470703,135.49126171408895,133.91162727498033,133.95625233258392,565900
2018-11-01,136.4640350341797,136.66037440747493,134.22398498912656,134.64343604865218,542000
2018-11-02,135.9910430908203,137.80270894344957,134.99149344899735,137.50819987540277,720300
2018-11-05,136.69602966308594,136.9369940326015,135.49123505081408,136.23195366711414,1116800
2018-11-06,137.50814819335938,137.56169280057838,136.61570175930407,136.61570175930407,353600
2018-11-07,139.65003967285156,139.68574516261475,137.9811688942635,138.57910648008033,311900
2018-11-08,139.2395782470703,139.70364086067173,138.77550201580902,139.15924767140172,305600
2018-11-09,137.8562469482422,138.5166624282869,136.89240284938893,138.33816218884064,248900
2018-11-12,135.47337341308594,137.78480644317585,135.25026180127838,137.7223422730488,303900
2018-11-13,135.51805114746094,136.9638105964266,135.14321151035531,135.86610485249554,297600
2018-11-14,134.68804931640625,136.96379104022782,133.92947782023603,136.58003189233133,350800
2018-11-15,136.13380432128906,136.39262147248587,133.29583054574354,133.8223707945163,566900
2018-11-16,136.48184204101562,136.88345387582933,135.39306979671682,135.52693132988577,247200
2018-11-19,134.01870727539062,136.4550827347584,133.67957320218133,136.23197107978487,452900
2018-11-20,131.9125213623047,133.22441887012886,131.35920886320866,132.33197232699152,697500
2018-11-21,133.13516235351562,134.0186892910033,132.58184988108147,132.7424973322851,497100
2018-11-23,132.9567108154297,133.67067092721913,132.22491157364647,132.22491157364647,137300
2018-11-26,135.00042724609375,135.06289143905977,133.98303846896627,134.06335541034704,1087100
2018-11-27,134.54519653320312,134.982500113611,134.00973693474714,134.52735741227596,541300
2018-11-28,137.20472717285156,137.21364673532491,134.31319566612294,135.15209753880885,828100
2018-11-29,136.8031005859375,137.61523006583604,136.0088238467101,136.6960113772128,865900
2018-11-30,137.4278564453125,137.5438652429774,136.43724017742505,136.76744106083606,517900
2018-12-03,139.1502685546875,139.6321973318177,138.05256307868612,139.38229976219023,341400
2018-12-04,134.69696044921875,139.12350163113476,134.5363265957279,138.9628677776439,519000
2018-12-06,134.5274200439453,134.5274200439453,130.81483851519965,132.75144621408646,783600
2018-12-07,131.43060302734375,135.2591926126102,130.88621010455122,134.28642917246307,633400
2018-12-10,131.22537231445312,131.7608458449202,129.02996079838468,131.33247519114107,1452200
2018-12-11,131.0022430419922,133.25121250358404,130.38646626750264,132.88530609409835,906400
2018-12-12,131.86788940429688,133.45644307845964,131.82327797359963,132.68001898424885,721200
2018-12-13,130.984375,132.510450870264,130.53815175551182,132.24271420004055,814100
2018-12-14,129.24412536621094,130.82374607060493,128.85144667664815,130.0740941819785,969000
2018-12-17,126.18301391601562,129.19055435455184,125.53153176420626,128.6907864782239,1194900
2018-12-18,126.12055206298828,127.72694494715391,125.29948925943904,127.12900739713163,1427700
2018-12-19,124.17503356933594,127.95007930578423,123.46107348421761,126.19195821346344,1986300
2018-12-20,122.04206085205078,124.21069934570879,120.5873686758362,123.6127618151407,2104400
2018-12-21,119.62355041503906,123.64849377219736,119.34689411515537,122.3455155903814,1960600
2018-12-24,116.55555725097656,119.1839627525131,116.5017355833879,118.93278584502279,1535300
2018-12-26,121.97383117675781,122.01868712835503,116.17878990850795,117.2193877578592,2345200
2018-12-27,123.03237915039062,123.05032427137911,118.80721341736374,120.31427506559541,2535700
2018-12-28,122.70048522949219,124.42284748327066,122.08150851414149,123.66035084619391,2280900
2018-12-31,123.95634460449219,123.95634460449219,122.36855056950719,123.57957922221868,2073400
2019-01-02,123.58859252929688,124.10889163462828,121.72269653752478,122.19813967568429,631200
2019-01-03,121.130615234375,123.1220994683663,120.81663719217765,123.03238754541916,843900
2019-01-04,125.10459899902344,125.55313116945314,122.6735486125236,122.87986957824891,668500
2019-01-07,126.76417541503906,127.65227414949177,124.80858148162577,125.17636750366626,3359300
2019-01-08,128.27120971679688,128.3519422063964,126.64751208221149,127.99310832798822,624200
2019-01-09,129.4015655517578,129.81422128096915,128.50450097254284,128.86332132898116,429800
2019-01-10,130.1730194091797,130.23580680118124,128.28917863926355,128.58521154242848,482600
2019-01-11,130.22682189941406,130.3703554715818,129.34770272408767,129.56298939422445,630000
2019-01-14,129.35675048828125,129.88601547222513,128.76468439363717,129.23116195500432,663100
2019-01-15,130.64852905273438,130.80102844031637,129.5899990607686,129.5899990607686,1064300
2019-01-16,131.08799743652344,131.4737284766732,130.6394653313557,130.81887543580007,891200
2019-01-17,132.31698608398438,132.76551824020126,130.42417983722447,130.64844591533293,503000
2019-01-18,134.3353729248047,134.4519956587924,132.9359548694092,133.2678642653874,593400
2019-01-22,132.4874267578125,133.66257878386762,131.74286175691248,133.51904521277766,1586100
2019-01-23,132.47848510742188,133.37554965020166,131.25849046983527,133.08849611433382,442900
2019-01-24,133.240966796875,133.42037692923358,132.1106706437118,132.43361435720354,1009600
2019-01-25,134.82879638671875,135.0440831052041,134.2008539776067,134.3623190164707,561900
2019-01-28,134.29949951171875,134.38023201184947,133.38449011255992,133.77920058624076,781400
2019-01-29,134.29949951171875,134.6493540337332,133.77022118303873,134.56860784548783,592500
2019-01-30,136.04879760742188,136.45247387180967,134.2008470327581,134.9902544398826,530600
2019-01-31,136.93687438964844,137.17908560891468,135.79761246370725,135.9411323639054,554700
2019-02-01,137.46617126464844,137.60072546670824,136.69469523389637,137.2329257302538,576300
2019-02-04,138.26454162597656,138.26454162597656,136.9727666879773,137.53792164538112,492500
2019-02-05,138.7938232421875,138.91941172711236,138.11205913661234,138.4529343453408,402200
2019-02-06,138.6861572265625,139.02703237961063,138.30937814521477,138.75791033069768,591700
2019-02-07,138.00439453125,138.54263868752818,136.9907209898945,137.94160713628412,402900
2019-02-08,138.36322021484375,138.36322021484375,136.98173335122192,137.35849876272331,294400
2019-02-11,138.77589416503906,138.955304351659,138.33634126103817,138.740017602963,331700
2019-02-12,140.33676147460938,140.6058835409553,139.52939527557163,139.63705231498014,612700
2019-02-13,140.839111328125,141.11719910306917,140.30984661528828,140.8032347747617,313500
2019-02-14,140.6058807373047,141.16205629204381,139.9420481453037,140.13043769442444,430500
2019-02-15,142.11294555664062,142.11294555664062,141.3325038816473,141.57471511075855,417000
2019-02-19,142.42694091796875,142.74988470005107,141.61957461870364,141.64648545986728,466900
2019-02-20,142.77676391601562,143.00999571714564,142.29234150613289,142.54351842677002,432400
2019-02-21,142.21157836914062,142.57039855330186,141.68231380666342,142.57039855330186,332900
2019-02-22,143.09970092773438,143.19837854823075,142.39999186898376,142.6511687778627,306600
2019-02-25,143.11767578125,144.12239740972072,142.99208728870605,143.9070969847372,403000
2019-02-26,142.66912841796875,143.27017366318088,142.60634102239172,143.01001729947097,398500
2019-02-27,143.02793884277344,143.1086713472566,142.13087451354193,142.39999654993446,275000
2019-02-28,142.7677764892578,143.24321946861133,142.44483279685593,142.85748839363632,430000
2019-03-01,143.7366180419922,144.0775068777367,142.76778689417807,143.72765232614682,340100
2019-03-04,142.80368041992188,144.40941963260138,141.4580838539018,144.1582427019936,537800
2019-03-05,142.4448699951172,142.92032678674695,142.24752839255703,142.83061485894095,361500
2019-03-06,141.04541015625,142.39998595298022,141.0005542055034,142.39998595298022,290000
2019-03-07,140.1842498779297,140.94674636294513,139.66395091209318,140.94674636294513,326000
2019-03-08,139.78952026367188,139.84334192724285,138.81172354049605,139.15259863915003,481100
2019-03-11,141.71824645996094,141.79001326283014,140.15736298393932,140.1842738240005,258900
2019-03-12,142.29237365722656,142.5973860053028,141.8348756672902,141.98737499726897,278200
2019-03-13,143.05491638183594,143.62903727272297,142.70506167782858,142.78579421995602,296900
2019-03-14,142.78573608398438,143.06382385239073,142.53455915199694,143.0369130159718,524600
2019-03-15,143.28807067871094,143.85322554373926,142.98307211490157,143.02792806560632,446000
2019-03-18,144.06851196289062,144.29277800661362,143.34187848321324,143.69173296389656,448300
2019-03-19,143.83531188964844,144.84899910723854,143.36884822700077,144.58884274911065,464200
2019-03-20,142.96511840820312,144.0954280703551,142.22055347320074,143.7096833432055,382300
2019-03-21,145.18092346191406,145.45901128226728,142.64222914327587,142.64222914327587,540400
2019-03-22,142.20266723632812,144.66959459161484,142.13986615153334,144.48120502534837,481300
2019-03-25,142.18475341796875,142.8126959635785,141.34151041895527,142.08607575450716,466200
2019-03-26,143.35984802246094,143.82632530554642,142.4896945295256,143.19838301376714,307200
2019-03-27,142.83956909179688,143.79045522236595,141.91559379978224,143.34192299563583,311000
2019-03-28,143.71812438964844,143.88915529207878,142.6919527102819,143.20503168235746,287900
2019-03-29,144.6992950439453,144.86131565544528,144.12319886658491,144.58227100105114,437500
2019-04-01,146.3735809326172,146.45459124070666,145.49143664013738,145.62645382028649,1644800
2019-04-02,146.4185791015625,146.5355894029209,145.87848295529955,146.4455825353541,646400
2019-04-03,146.94964599609375,147.56174206338926,146.59858766685926,147.21068373415477,788800
2019-04-04,147.0936737060547,147.24669772314712,146.45456047211437,147.0936737060547,590300
2019-04-05,148.19186401367188,148.19186401367188,147.36372673916824,147.49874389552755,505300
2019-04-08,148.21888732910156,148.22788389566102,147.4267499449539,147.9398426783812,1005500
2019-04-09,147.12966918945312,147.68777211520813,146.86863145893918,147.68777211520813,437700
2019-04-10,147.9668426513672,148.04785295415527,147.29172932436833,147.40873962776806,1190200
2019-04-11,148.31787109375,148.41688824446499,147.82278534017502,148.272860800659,391900
2019-04-12,149.51510620117188,149.51510620117188,148.83999286263898,149.19105124926745,571600
2019-04-15,149.27203369140625,149.67709887187627,149.0469959538992,149.63208857733215,349200
2019-04-16,148.97499084472656,149.8211349843188,148.62393250332278,149.75811782127016,516800
2019-04-17,147.84085083007812,149.52412932451654,147.68782676105812,149.52412932451654,885400
2019-04-18,148.25485229492188,148.35386944454055,147.3727082479999,148.1738420093828,398800
2019-04-22,148.19186401367188,148.22786401029626,147.75078507754108,147.8678091031953,339500
2019-04-23,149.7850799560547,149.8840970883929,148.4078504013937,148.43485382519407,371900
2019-04-24,149.80313110351562,150.19020318443583,149.60509678029405,149.7221208081653,367000
2019-04-25,148.68695068359375,149.32606400197852,147.93983736472632,149.32606400197852,349500
2019-04-26,149.67709350585938,149.67709350585938,148.47089457251576,148.71393916616987,241700
2019-04-29,149.5601043701172,149.94717649733244,149.39808376003836,149.7491421504253,544900
2019-04-30,150.0731964111328,150.19921701901617,148.86699720207542,149.74014489070166,298300
2019-05-01,148.44395446777344,150.55030521741205,148.44395446777344,150.37927427244486,397600
2019-05-02,148.79493713378906,149.18199540347845,147.60673142781718,148.28184456024343,514000
2019-05-03,150.0821533203125,150.16317733878344,149.26302645312296,149.34403673638138,327600
2019-05-06,149.47909545898438,149.72214011158522,147.53476570861042,147.80481379647617,417700
2019-05-07,146.98565673828125,148.5069141879286,145.9594851058586,148.0928524027696,451000
2019-05-08,146.93162536621094,147.75076596942532,146.48154992293436,146.7786013637224,366000
2019-05-09,146.8236541748047,147.03068509280797,144.79831409352738,145.8244858519659,325600
2019-05-10,147.3727264404297,147.72378478964822,144.4832356159276,146.22953079647624,434700
2019-05-13,143.61012268066406,145.0773735960565,142.84500236835655,144.76232890341856,391800
2019-05-14,145.12237548828125,145.83348888262023,143.98818993717273,144.04219681076594,372300
2019-05-15,145.70742797851562,146.07649315964744,143.95213639597975,144.24019128912065,291100
2019-05-16,146.8326416015625,147.59777552317024,146.00450424588274,146.00450424588274,229100
2019-05-17,145.87844848632812,147.17466794290883,145.68942449445063,145.77943134075008,263400
2019-05-20,144.79830932617188,145.47342266437013,144.31223376616418,145.02334710557128,283500
2019-05-21,146.4635772705078,146.6886150236069,145.5274125258955,145.5274125258955,423400
2019-05-22,145.8064422607422,146.3375417426137,145.57240796608244,145.9414731399487,199400
2019-05-23,143.78111267089844,144.57324993121887,143.0159925764653,144.57324993121887,336400
2019-05-24,144.15016174316406,144.89728862370401,143.66408631021199,144.4562097466973,235700
2019-05-28,142.92593383789062,144.87925930147202,142.88092355371015,144.3571702224413,223800
2019-05-29,141.7738037109375,142.4219136267191,141.0896937932642,142.24188614682782,382100
2019-05-30,142.2418975830078,143.05202817526077,141.62978761990462,142.1968872756121,344700
2019-05-31,140.9816131591797,141.53971599218772,140.30650006273072,140.71157890876898,389600
2019-06-03,141.32369995117188,142.06183032725883,140.54956958037474,141.0176519228881,548500
2019-06-04,144.37521362304688,144.44722734891948,142.34987393922603,142.5839082469017,453800
2019-06-05,145.761474609375,145.77948147891294,143.997185980733,145.16738526679305,419200
2019-06-06,146.5535888671875,146.89565065822208,145.40139663289878,145.92348588518817,293900
2019-06-07,147.3817138671875,148.01181679655795,147.07566583509524,147.07566583509524,211200
2019-06-10,148.10182189941406,148.92995905358555,147.9577944634158,148.14683219006506,759300
2019-06-11,147.73272705078125,149.2269804946873,147.19264487716393,149.0559496657185,278600
2019-06-12,147.6157684326172,147.9758233409656,147.27370665503616,147.6157684326172,226600
2019-06-13,148.38990783691406,148.52492500192065,147.81381170752732,148.2098666366184,261900
2019-06-14,147.9307861328125,148.29985127462052,147.6067312801636,148.29985127462052,224400
2019-06-17,147.8588409423828,148.4349371990603,147.7778306254793,148.14689593833066,207600
2019-06-18,149.25405883789062,150.06420310780024,148.59695234929654,148.7589729621486,372800
2019-06-19,150.14517211914062,150.33419611547995,149.2270143598546,149.38904866335807,289700
2019-06-20,151.19834899902344,151.67542788107863,150.12716722169512,151.54041073906785,289900
2019-06-21,150.57725524902344,151.2523684858771,150.35221750340554,151.07234103642557,282500
2019-06-24,149.90216064453125,150.9193357764242,149.85715034277024,150.82031860663625,238600
2019-06-25,148.63296508789062,150.1272194099124,148.61497195284284,150.1272194099124,270600
2019-06-26,148.23684692382812,149.4340492957436,148.23684692382812,149.13699784389573,274500
2019-06-27,149.4933319091797,149.65591622834458,148.7074801338741,148.7074801338741,256000
2019-06-28,150.99282836914062,151.00185623957765,149.83662693482052,149.96308603598027,286400
2019-07-01,152.0586700439453,152.9077583425538,151.3270129560398,152.7000070938536,516600
2019-07-02,152.0586700439453,152.20319864434802,151.49863894614225,152.0857674336451,453600
2019-07-03,153.42262268066406,153.42262268066406,152.33867205696293,152.51029803181575,269500
2019-07-05,153.36839294433594,153.36839294433594,151.8237869499655,152.69093078957627,235800
2019-07-08,152.49221801757812,153.06127684311707,152.17606350549897,152.77223349701836,231000
2019-07-09,153.02516174316406,153.0703286454572,151.7966964290086,151.83282168104105,1474600
2019-07-10,153.15164184570312,153.8110346041853,152.79936201221207,153.55811645619198,548700
2019-07-11,153.28717041015625,153.3865321226336,152.52841576015223,153.3865321226336,268900
2019-07-12,154.34393310546875,154.34393310546875,153.41355289107545,153.5580814521274,214600
2019-07-15,154.10910034179688,154.54267228643272,153.7839179375691,154.54267228643272,254300
2019-07-16,153.68458557128906,154.24461668086352,153.51295957757915,154.08203233924755,214500
2019-07-17,152.72711181640625,153.70265924145434,152.72711181640625,153.70265924145434,200400
2019-07-18,153.34130859375,153.65746313937663,152.2664134612283,152.519331584528,1407500
2019-07-19,152.42901611328125,154.0278309859777,152.4109465928707,153.8381354791809,222600
2019-07-22,152.53741455078125,152.99809775853583,152.39289972809974,152.74517959008512,410700
2019-07-23,153.72068786621094,153.72068786621094,152.61869533287103,153.09743420011839,232100
2019-07-24,154.93109130859375,154.95818869373028,153.4948609813394,153.4948609813394,277100
2019-07-25,153.77488708496094,154.47944664994287,153.4858299388128,154.47944664994287,345500
2019-07-26,154.7684783935547,154.84074267466636,154.0187519828988,154.1723084116352,356600
2019-07-29,154.19041442871094,154.84077932967256,153.8562041095799,154.7414176424977,434000
2019-07-30,154.38014221191406,154.38014221191406,153.1065095326584,153.43169205112775,761200
2019-07-31,152.9709930419922,154.7143227469676,151.72445799789193,154.38914029124606,927900
2019-08-01,151.0379638671875,153.74781299946426,150.4327520986009,152.7090292289549,550400
2019-08-02,149.54751586914062,150.59532734912187,148.79778940241283,150.4056318741412,314100
2019-08-05,145.2027587890625,148.06616457125307,144.0465575200078,147.25321529185743,610900
2019-08-06,147.090576171875,147.21703521971463,145.37434426790816,146.22343235326107,470600
2019-08-07,147.668701171875,148.01195312288075,144.73303141807557,145.63631441924463,463300
2019-08-08,150.6766357421875,150.6766357421875,148.28294129399148,148.44552561892337,281500
2019-08-09,149.40298461914062,150.3153091599341,148.66229981587588,150.10754417129618,333900
2019-08-12,147.49708557128906,148.7165232218442,146.95512400226903,148.57199462356988,416400
2019-08-13,149.3488006591797,150.1707914571821,146.8557446621329,147.271247103472,294700
2019-08-14,144.94979858398438,147.23510306885464,144.8052700215177,147.10864402244687,435100
2019-08-15,145.16661071777344,145.6634053198891,144.27235562455775,145.39243145800936,490300
2019-08-16,147.35252380371094,147.62349761037515,145.98855798949464,145.98855798949464,408700
2019-08-19,148.91522216796875,149.41203052865265,148.48165022728256,149.01458384010553,567900
2019-08-20,147.97579956054688,148.81584597509638,147.92159101312245,148.67131741463555,263000
2019-08-21,149.2675018310547,149.44815565760808,148.76166560350384,149.13201490689053,252900
2019-08-22,149.15911865234375,149.9449704120141,148.28293308404287,149.683024419792,282800
2019-08-23,145.4375762939453,149.39395984804108,144.88657316784068,148.45455168670046,426900
2019-08-26,146.58480834960938,146.71126745643122,145.5731354950347,146.62094739899214,456300
2019-08-27,145.94342041015625,147.64158283899744,145.5550016075949,147.42480377059374,382000
2019-08-28,146.87380981445312,147.01832460805545,145.2478977851448,145.60017757624465,278500
2019-08-29,148.80686950683594,149.08688507507028,147.86744732236474,148.3461862841216,363300
2019-08-30,148.75262451171875,149.54751789114223,148.21969089733415,149.54751789114223,245100
2019-09-03,147.89450073242188,148.328086434624,147.09962117772358,147.6957773979966,390500
2019-09-04,149.53854370117188,149.53854370117188,148.74365003641876,149.15012473934627,232200
2019-09-05,151.27279663085938,151.83282764889722,150.88437779547533,150.88437779547533,306300
2019-09-06,151.5166778564453,152.08573670818092,151.29085713256526,151.57087262489603,366300
2019-09-09,151.3992919921875,152.05868484407148,150.8482887096523,152.00449005939709,228300
2019-09-10,151.56185913085938,151.6070260406268,150.16178140910947,151.04699495192685,330200
2019-09-11,152.65480041503906,152.65480041503906,151.27277876835967,151.7786149549871,198500
2019-09-12,152.98904418945312,153.56714478416828,152.60966696632806,153.0793780067233,372000
2019-09-13,152.87161254882812,153.6303669245105,152.70901444946526,153.31421237647413,301400
2019-09-16,153.3582000732422,153.43975098286236,152.25268609769608,152.53359289319343,307300
2019-09-17,153.87477111816406,153.9744491052323,153.06829061438688,153.21327929137365,348500
2019-09-18,153.57568359375,153.71161561609603,152.13489541426674,153.71161561609603,242600
2019-09-19,153.18606567382812,154.0650403441381,153.0320204197472,153.90192465771926,296000
2019-09-20,152.5245361328125,153.65723374373152,152.05333005514515,153.43069422154772,554000
2019-09-23,152.7510986328125,153.1860507093087,152.1439604543801,152.2436384122102,193200
2019-09-24,151.6818389892578,153.4126046801673,151.09284161838715,153.27667263751204,368900
2019-09-25,152.497314453125,152.74198096975596,150.87529781568736,151.64553759954964,365400
2019-09-26,152.19839477539062,152.61521996159436,151.5097054343691,152.61521996159436,218600
2019-09-27,151.16534423828125,152.71486729068718,150.30448273485655,152.54269499000225,296300
2019-09-30,151.8721160888672,152.18926315488534,151.40090996501348,151.4552772433665,237300
2019-10-01,149.77886962890625,152.54265466135035,149.60671120061517,152.32518556166664,380200
2019-10-02,147.259765625,148.92710723864417,146.58921739927678,148.92710723864417,494300
2019-10-03,148.5193328857422,148.5465165273192,145.60150219020142,147.1329118578031,366700
2019-10-04,150.1776123046875,150.22292298540026,148.59183526789045,148.90899620600126,269600
2019-10-07,149.51609802246094,150.57630142194049,149.24424780613575,149.8060752737082,238500
2019-10-08,146.91543579101562,148.52839630721925,146.89730875519393,148.52839630721925,421500
2019-10-09,148.25653076171875,148.7277368562651,147.64940647974345,147.89407304399117,308600
2019-10-10,149.0630340576172,149.5070565835499,147.9847035138361,148.19311604251246,418200
2019-10-11,151.07472229003906,152.18023659103312,150.73037768999458,150.73037768999458,464500
2019-10-14,150.74847412109375,150.9387734211329,150.3225786738943,150.7394175170448,198600
2019-10-15,151.91741943359375,152.23458034005301,150.89347005144003,151.19250392204754,267900
2019-10-16,151.536865234375,151.98994443399798,151.21064765757126,151.60030295922456,368700
2019-10-17,152.15296936035156,152.6513589479702,151.86299220869284,152.26170387878776,932600
2019-10-18,152.03526306152344,152.2889863204162,151.1562882621876,151.85403413758297,1135900
2019-10-21,153.09542846679688,153.18604981952595,152.57892547149723,152.90514298369385,566900
2019-10-22,152.46115112304688,153.37636613130934,152.40678383123245,153.32199883949494,271800
2019-10-23,152.90513610839844,152.93231974761943,151.98085089425516,152.22551747412058,354000
2019-10-24,153.20420837402344,153.34012660420225,152.57895686144104,153.24044862644448,469900
2019-10-25,153.64820861816406,154.055977112954,153.05921121756518,153.1679457956747,291500
2019-10-28,154.11036682128906,154.6721806086844,154.1012963880214,154.26441209115941,276900
2019-10-29,154.27340698242188,154.7264860043967,153.73877705494147,153.8384549928509,258000
2019-10-30,154.43658447265625,154.57251654198473,153.4398184319868,154.3187932714957,354300
2019-10-31,153.55755615234375,154.25528792691668,152.76013260783165,154.25528792691668,378200
2019-11-01,155.23394775390625,155.27020182232388,154.23718210243484,154.36404368814485,365400
2019-11-04,155.74139404296875,156.76535715883773,155.4876708716363,156.14917626470915,336500
2019-11-05,155.36082458496094,156.3122934845904,155.17959570571657,155.93170869011405,270400
2019-11-06,154.89865112304688,155.30641945870076,154.36402122014792,155.15237425753702,238200
2019-11-07,155.1071319580078,155.96797967423709,154.79904141988447,155.7051998215742,338100
2019-11-08,155.4061279296875,155.4061279296875,154.31874087864517,154.83524385146777,251400
2019-11-11,155.1977081298828,155.3154992855192,154.37310090604868,154.58151340621387,274300
2019-11-12,155.2611083984375,155.85917599687522,154.99832866226723,155.40609699688432,287600
2019-11-13,155.49676513671875,155.72330470490925,154.47280186389668,154.762765321204,410900
2019-11-14,155.84107971191406,155.88639038622745,155.20677175215616,155.3517603792084,611200
2019-11-15,156.95565795898438,156.95565795898438,156.21260164517363,156.62037004395654,608300
2019-11-18,157.1187744140625,157.20939576750624,156.63851165994055,156.90129146192385,705300
2019-11-19,157.4449920654297,157.77120958048206,156.6928790772012,157.42686502934976,676000
2019-11-20,157.16409301757812,157.70777968503052,156.25793474494623,157.07347165956375,786300
2019-11-21,156.41197204589844,157.29094663184722,156.22167273448719,157.29094663184722,857000
2019-11-22,156.79254150390625,157.00095400411024,156.20354424498697,156.8469087798833,880500
2019-11-25,158.39646911621094,158.43270936335736,157.39968948370964,157.43594355773402,743200
2019-11-26,158.77703857421875,158.8223492489275,158.01586901586754,158.31490287669337,315500
2019-11-27,159.40228271484375,159.40228271484375,158.80421502028287,159.23916705865625,232300
2019-11-29,158.50518798828125,159.19386323088983,158.38738299968475,159.13043934794476,191900
2019-12-02,157.01905822753906,158.9401087763202,156.93750732542074,158.65920200666338,818900
2019-12-03,156.0041961669922,156.11293072439577,154.90773868129185,155.61454095816836,769800
2019-12-04,157.02813720703125,157.689642601255,156.4663235876571,156.66567948360452,313100
2019-12-05,157.3725128173828,157.49937442833556,156.79257204918756,157.30908892534572,791500
2019-12-06,158.5414276123047,158.94012556261586,158.3601849304015,158.5414276123047,1031900
2019-12-09,157.97061157226562,158.613976358543,157.97061157226562,158.42369081827331,747600
2019-12-10,157.85281372070312,158.32402002950195,157.52659609567039,158.03404266196978,944400
2019-12-11,158.16082763671875,158.3058162502031,157.67150834980308,158.1517710334542,614400
2019-12-12,159.31167602539062,159.7285148945493,157.91619843658114,158.19710527526584,901000
2019-12-13,159.03074645996094,160.0093988666319,158.54142717006312,159.28446962166726,684700
2019-12-16,160.1815948486328,160.5621796475757,159.4929057417937,160.12722756690917,399500
2019-12-17,159.96409606933594,160.4171751413789,159.86441812041147,160.4171751413789,497400
2019-12-18,160.2178192138672,160.38093486974796,159.93691240155272,160.24500285203467,687000
2019-12-19,160.91555786132812,161.0242924092714,160.28124995353352,160.48060584267975,338200
2019-12-20,161.95767211914062,161.96674255151257,161.34149110050802,161.54990364188333,391100
2019-12-23,161.8126678466797,162.347297837933,161.73110310457025,162.3110437688008,331600
2019-12-24,162.03228759765625,162.12340077189162,161.74979921661853,162.12340077189162,240300
2019-12-26,162.47877502441406,162.4970032209774,162.0413956351744,162.3785407993758,249500
2019-12-27,162.22364807128906,162.7794899238727,162.0140724592123,162.7794899238727,344400
2019-12-30,161.64047241210938,162.515245168647,161.28509902127502,162.515245168647,454500
2019-12-31,162.36033630371094,162.3694573553441,161.30333711742077,161.35800781105138,334600
2020-01-02,162.94351196289062,163.3808913744158,161.85916362878288,163.23509360256048,1741500
2020-01-03,162.21453857421875,162.43322133007285,161.29420229652965,161.33976583867957,390300
2020-01-06,162.44229125976562,162.44229125976562,161.27593724879637,161.27593724879637,409200
2020-01-07,162.39674377441406,162.73388888625408,161.89557272705866,162.296509564943,262600
2020-01-08,162.6883544921875,163.47200011457835,162.3147668300094,162.40588000691412,636900
2020-01-09,163.7362518310547,163.818257857236,163.18041003575954,163.5631187286454,438200
2020-01-10,163.4810791015625,164.0277997344414,163.2168189772397,164.00958544617123,402400
2020-01-13,164.66575622558594,164.66575622558594,163.49028046500246,163.81831859539264,353900
2020-01-14,164.8661651611328,165.34000097464366,163.69070363027745,164.51079177700993,317100
2020-01-15,165.37648010253906,165.93232202632007,164.47437189389825,164.77507463011185,383500
2020-01-16,167.08949279785156,167.08949279785156,166.05982928597632,166.16006349375579,1776700
2020-01-17,167.25355529785156,167.3993530690503,166.96195975545407,167.36289667423026,740600
2020-01-21,166.87997436523438,167.3173538288911,166.64306338576247,166.7432976278549,582500
2020-01-22,166.9619598388672,167.93696679220008,166.8070549209064,167.308226069627,660300
2020-01-23,167.6271514892578,167.65448683247462,165.75915757988085,166.63391637089933,497400
2020-01-24,166.03250122070312,167.84581028081914,165.15772865048783,167.80936779641107,831500
2020-01-27,163.53579711914062,164.1645378474073,163.01639776829742,163.41733469090462,622500
2020-01-28,165.00286865234375,165.54958949144222,163.84562132498675,164.24655828275087,323500
2020-01-29,164.35589599609375,165.5040361502174,164.31945350258525,165.45847260530041,673000
2020-01-30,164.64747619628906,164.79327396480156,162.74303977123137,163.20775451631937,445800
2020-01-31,161.95938110351562,164.07339296055088,161.4946524918101,164.04605761916105,486700
2020-02-03,163.25332641601562,164.13720631482406,162.67014921614586,162.77949059610856,377700
2020-02-04,165.54954528808594,165.9140396542034,165.02105278928275,165.06660241901383,410700
2020-02-05,167.00747680664062,167.09860386428272,166.35140092292062,166.88901441251323,344200
2020-02-06,167.00747680664062,167.6271102097259,166.9345779413343,167.50864781559852,348500
2020-02-07,165.81382751464844,166.50634604640211,165.54956732603017,166.50634604640211,442600
2020-02-10,166.68856811523438,166.72502450474082,165.39464436852947,165.4584360981464,294900
2020-02-11,167.87318420410156,168.41081177696677,167.39936227770178,167.39936227770178,515400
2020-02-12,168.85726928710938,168.94839635944314,168.27409217467493,168.68413619209866,1480500
2020-02-13,169.1215057373047,169.25818242259905,167.99159415740166,168.26496143202755,1117700
2020-02-14,169.39492797851562,169.47694792707614,168.74797286637457,169.28558658582537,1070200
2020-02-18,169.04869079589844,169.24003825030636,168.3197156696702,169.02135544526874,439700
2020-02-19,169.6409454345703,170.1512237619874,169.03043287112186,169.63183828730988,432800
2020-02-20,169.73208618164062,170.16035850605186,167.98255438797975,169.60451658952087,379200
2020-02-21,167.82763671875,169.03044765633675,167.4631561398683,169.03044765633675,477700
2020-02-24,162.94351196289062,164.00963209950623,162.11430277750932,163.54490343972245,738200
2020-02-25,157.631103515625,164.00960914931017,157.2666091369911,163.61777943028358,919700
2020-02-26,155.908935546875,159.7816003770173,155.75401671811292,158.25985866702854,924100
2020-02-27,149.62152099609375,155.44418509848518,149.5486221174863,153.09324840354242,1126300
2020-02-28,147.75352478027344,148.07245563094037,143.27946914950988,144.309132770843,2310300
2020-03-02,153.3302001953125,153.43043443301718,146.7876672063134,148.73766736380637,1332500
2020-03-03,150.08628845214844,156.09119435313266,148.57366761365998,153.54889570588327,987900
2020-03-04,155.62643432617188,155.6537835732628,151.34372576505965,152.77434027023614,1076900
2020-03-05,150.7058563232422,153.35749545148693,149.37547623458485,151.9997800236962,956400
2020-03-06,147.13394165039062,148.34585971768436,143.63487809155248,146.03136497429725,1679100
2020-03-09,134.14910888671875,143.1245845718089,133.3836914212807,136.77341322998188,1643400
2020-03-10,140.36370849609375,140.36370849609375,132.93662080872775,139.20979945639658,2678800
2020-03-11,132.69845581054688,137.14921221770513,130.91266150573915,136.54479920416117,1927400
2020-03-12,119.36454772949219,127.62501083177165,119.05318122464136,123.29331053529098,3256500
2020-03-13,127.66162109375,128.01878003555788,118.45790667626217,127.29530924662954,3959700
2020-03-16,111.84587860107422,120.16129380330936,111.77262041742662,114.14452267321607,3059000
2020-03-17,119.03483581542969,119.4927325677305,110.02343108388548,114.11702916736682,2494900
2020-03-18,109.05268859863281,113.35691513314663,103.57624054795443,111.29637981593156,2627400
2020-03-19,111.14070892333984,113.2561898477145,104.66604862160335,108.73217433417327,2942800
2020-03-20,106.14047241210938,114.22693102650953,105.80162628787335,112.23965373970658,2990100
2020-03-23,102.90773010253906,106.140480416352,100.78308921442441,105.27047229779663,3715800
2020-03-24,114.10787200927734,114.46503092567126,108.12774139889451,108.2742717168767,2363700
2020-03-25,117.2032470703125,121.64484383967417,112.4960623789988,115.42660556778804,4711600
2020-03-26,123.61381530761719,124.32813319245987,117.67947673588513,118.29305676651148,2514400
2020-03-27,120.14297485351562,123.43982370999801,118.2930677112495,119.78581587804915,2159300
2020-03-30,123.31157684326172,123.54969207272481,119.28209143613032,121.25104167449939,2319300
2020-03-31,120.56422424316406,123.31160509768874,119.79496095763355,122.67055235974665,1597000
2020-04-01,114.73977661132812,116.98346805107258,113.55840207389947,116.61714922763767,3776200
2020-04-02,116.03105163574219,118.24727057230618,113.40272835509722,114.08041369376741,1602900
2020-04-03,113.86976623535156,116.91020751766517,112.7433440856778,115.4815648337822,3441500
2020-04-06,122.76213836669922,123.56802725536947,118.54948209731138,118.57695478818073,4539900
2020-04-07,123.95264434814453,128.49497186256616,123.86105941705678,127.27696494337164,2303200
2020-04-08,129.5481414794922,130.10677601661789,124.37390034653147,125.58275435102583,1235600
2020-04-09,132.89996337890625,134.84145532219546,130.96763831495662,132.10322741484646,1466800
2020-04-13,129.92361450195312,132.79005252112592,128.22940497481628,132.7076344629521,1381000
2020-04-14,133.6142578125,134.227851716655,131.95667391564578,132.93657960762863,1238900
2020-04-15,129.740478515625,130.52806157592605,128.6506818884048,129.8137436809904,1287800
2020-04-16,129.850341796875,130.6379246905022,128.2660231061,130.27161291509822,1355200
2020-04-17,134.59417724609375,135.01543444771477,132.46037662809033,133.87069252650483,1144400
2020-04-20,131.94754028320312,134.40186036268912,131.55374177856856,132.38711728757804,943800
2020-04-21,128.27523803710938,130.6288207222548,127.5975456274512,129.54819079826598,1004700
2020-04-22,131.44381713867188,132.0390772208664,129.91444393580366,131.01339315041525,650800
2020-04-23,131.6269989013672,133.53185110250462,131.15994923611672,131.98415781571168,988400
2020-04-24,133.3029022216797,133.86153682652107,131.2057412143309,132.24057838724357,686000
2020-04-27,136.8286895751953,137.21332111038174,134.38352297543298,134.41099565838218,1036400
2020-04-28,137.36904907226562,140.10727714771093,136.74631609061112,139.19148348722916,966800
2020-04-29,141.42604064941406,142.01216214121632,139.54867439486867,140.45530138295115,878800
2020-04-30,137.72622680664062,139.83255530752473,137.65296162695114,139.48454919747573,762400
2020-05-01,133.56849670410156,135.6565049090634,132.88165153210358,135.29934597858045,802500
2020-05-04,134.39268493652344,134.39268493652344,131.6453046652487,132.61604345860863,730900
2020-05-05,135.68399047851562,137.21336419647986,135.43672228043096,135.98620405975197,677800
2020-05-06,134.50262451171875,136.86537407976368,134.3469412500213,136.61810585287773,968100
2020-05-07,137.1309356689453,138.58704410708137,136.37082532084824,136.37082532084824,951300
2020-05-08,140.1347198486328,140.31787574675053,138.34892538766124,139.10902166615483,563900
2020-05-11,139.6493682861328,140.5651618677154,138.2665110346464,138.7518805149731,588500
2020-05-12,136.12356567382812,140.48273835627546,136.12356567382812,140.13474627639437,1541700
2020-05-13,132.7534637451172,135.91294928303708,131.40724585935862,135.6656810660459,670900
2020-05-14,134.41102600097656,134.48429116334623,129.13604610156827,130.82111688826865,1091300
2020-05-15,135.0703887939453,135.31764297855813,132.56110956501226,133.42195769369368,1578100
2020-05-18,140.68421936035156,141.50844204913778,139.3013759468325,139.3013759468325,2369800
2020-05-19,139.57611083984375,141.66411920338507,139.57611083984375,140.37284682822346,760100
2020-05-20,141.9571533203125,142.61652579499287,141.21536277977222,141.5908414894459,523200
2020-05-21,141.13296508789062,142.3143327907934,140.17137892567527,141.90222842810186,519600
2020-05-22,141.8014373779297,141.8472298396982,140.39112178318206,141.1420650553757,2660600
2020-05-26,144.8419189453125,145.9317155637491,144.612970545604,145.7668654495303,1153100
2020-05-27,147.1863250732422,147.26874313038232,143.5323041604722,146.8291661850691,658200
2020-05-28,146.97572326660156,148.77067093839747,146.52697936170173,148.46845736659574,1012700
2020-05-29,147.73582458496094,148.0197183542324,145.59285702310697,146.61855531796297,846700
2020-06-01,149.3659210205078,149.9520282842116,147.58011256922182,147.85485340587346,950600
2020-06-02,151.1059112548828,151.1059112548828,149.40253496905365,150.15349226579156,939000
2020-06-03,154.26536560058594,154.5950517197812,152.22315062623804,152.5070442895098,908900
2020-06-04,153.45037841796875,154.54017507357113,152.2506909984071,153.44122551227275,667300
2020-06-05,157.63551330566406,159.19235920093178,157.22339512035708,157.56224816102943,638600
2020-06-08,160.64849853515625,160.64849853515625,158.70702073312123,158.78028589201503,639900
2020-06-09,157.2509002685547,158.7894265651112,156.83878203478497,158.7894265651112,868100
2020-06-10,155.19039916992188,157.34250587822956,154.41196897238154,157.34250587822956,2435800
2020-06-11,145.53785705566406,150.7120971404721,144.94259705136284,150.1259760638861,919200
2020-06-12,147.85484313964844,150.37327501527358,144.61294061917724,149.98864346022773,1509300
2020-06-15,150.052734375,150.53810369502716,143.52312382315662,144.08175828238174,608500
2020-06-16,152.81845092773438,155.09878168461884,150.5656068307684,155.09878168461884,727500
2020-06-17,152.0125732421875,153.4503618194378,151.74698529281176,153.4503618194378,1059700
2020-06-18,152.2048797607422,152.69941608540412,150.71214582998883,151.05098495969784,533400
2020-06-19,150.97769165039062,154.3569713345182,150.38243156477412,154.3569713345182,509200
2020-06-22,151.85691833496094,152.24155001283594,149.7780627192504,150.61143834159773,416800
2020-06-23,151.80191040039062,153.5785518491495,151.60043473255826,153.5785518491495,565300
2020-06-24,147.1588897705078,150.7762720386559,146.03246744841522,150.51985092425926,550800
2020-06-25,148.99798583984375,149.04396716462242,145.77029889441687,146.86458987911,770300
2020-06-26,146.1749267578125,148.77729881653508,145.89905281301105,148.2163602736671,715700
2020-06-29,148.35433959960938,148.4462882487574,145.41171622770625,147.35201092522496,614300
2020-06-30,150.726806640625,151.29693587043755,148.20717837550856,148.28993635437828,675300
2020-07-01,151.168212890625,151.7751328643021,150.0463356174161,150.93832023679587,463600
2020-07-02,151.7383270263672,153.70620738533083,151.5544157279798,153.15447349016864,519800
2020-07-06,153.56826782226562,154.72692155807619,152.92457130237085,154.27634100991574,489400
2020-07-07,151.8302764892578,153.60504071009774,151.5819885406812,152.45557765570976,558100
2020-07-08,152.9061737060547,152.99813636390942,151.2969254143178,152.1153425557113,525500
2020-07-09,151.6831512451172,153.3291902986046,149.69687559654867,153.02573034966784,788700
2020-07-10,153.0348663330078,153.1452102635537,151.13136337345466,151.66470172544467,597500
2020-07-13,151.18658447265625,155.3062562530348,150.94748717006652,154.17518850277327,1312600
2020-07-14,153.66943359375,153.7705869144726,150.0923047522444,150.76358731802182,746200
2020-07-15,156.391357421875,156.86033331278398,154.64416510041687,155.9591581760928,591100
2020-07-16,156.04190063476562,156.29937921964563,155.03957228423053,155.5269434650056,496800
2020-07-17,157.27413940429688,157.67875266396987,155.96835099541815,156.69480550689855,409500
2020-07-20,157.6971435546875,158.12013810948258,156.74078241670162,157.02584701483127,513600
2020-07-21,158.4696044921875,159.25123108973057,158.02821452936706,158.83742712261554,815300
2020-07-22,159.56385803222656,159.65580665232585,158.12012578451504,158.12012578451504,298400
2020-07-23,158.9385528564453,161.10873967487314,157.81667578742142,159.4259240713373,650400
2020-07-24,157.4856414794922,158.40521199526262,156.85114961009793,158.03738940156745,1110100
2020-07-27,158.85581970214844,158.96616368305192,157.173003835702,157.76152845307666,1266600
2020-07-28,157.5408172607422,158.96614024235026,157.50402658484361,158.35002972059962,371000
2020-07-29,160.49266052246094,160.79612051337187,158.46041729299805,158.46041729299805,445500
2020-07-30,159.98687744140625,160.22597476022537,157.79830911377647,158.56154030860316,457100
2020-07-31,160.2719268798828,160.4558521943314,157.94541477372897,160.35469888399726,470600
2020-08-03,161.44898986816406,161.8168124337893,160.32711280201625,161.26506455382,1028500
2020-08-04,162.11111450195312,162.11111450195312,161.00763245483125,161.10878579432364,404900
2020-08-05,163.05824279785156,163.26974007754072,162.57085753877888,163.05824279785156,478900
2020-08-06,162.60763549804688,162.9570767400986,161.77082306657078,162.8191327611952,425300
2020-08-07,162.8743133544922,163.0214479938254,161.6604876588219,162.0742915543565,592900
2020-08-10,163.45364379882812,163.7938803675599,162.46050605145655,163.2973185096397,471400
2020-08-11,162.35018920898438,164.6491156661166,162.23983119759922,164.41922302040336,473000
2020-08-12,163.6007843017578,164.19849948959043,163.29732436544023,163.73871425847867,371000
2020-08-13,163.6835479736328,164.31805385969935,163.08583276499368,163.17778139549773,429600
2020-08-14,163.56398010253906,164.09733261031624,163.0858136044193,163.4812221353488,371900
2020-08-17,164.27203369140625,164.5019262606134,163.83983453877448,163.95017848190466,411700
2020-08-18,163.931884765625,164.7778881885319,163.43530869316757,164.40086080602467,535000
2020-08-19,162.8927459716797,164.08819063466962,162.6444579649235,164.08819063466962,418500
2020-08-20,162.63519287109375,163.19613127759405,161.61446934554496,161.7432086176174,314600
2020-08-21,162.45135498046875,162.71802429605202,161.92719297294815,162.40537364149657,403600
2020-08-24,163.8950653076172,163.91346064858118,162.93871805049898,163.4628659999341,460100
2020-08-25,164.06057739257812,164.3088513265698,163.16859287896614,164.3088513265698,383800
2020-08-26,164.37326049804688,164.68591116443275,163.67439182644281,164.11578182790143,456900
2020-08-27,164.74105834960938,165.47671759560217,164.1341524508334,164.8054350232178,464700
2020-08-28,165.9272918701172,166.02844517943186,164.96174010511925,165.52267863285851,485200
2020-08-31,165.3755645751953,166.0192611547869,165.062913955327,165.9548985125943,395800
2020-09-01,167.44456481933594,167.44456481933594,165.2467922026813,165.64221475702843,582600
2020-09-02,170.1205291748047,170.40559376243098,167.15951127421263,168.22621633822752,463400
2020-09-03,164.70425415039062,169.45843141281765,163.57318649240312,169.18255748777588,687100
2020-09-04,162.99388122558594,165.82616022488364,159.9225189328241,165.59626758563738,682200
2020-09-08,159.31556701660156,161.41218634312878,158.87417716668276,160.67652723891055,935400
2020-09-09,161.8811798095703,162.80075028209615,160.5294241239667,160.99840001360337,541100
2020-09-10,159.5546875,163.2421745340742,159.26043220855567,162.65364991965194,696300
2020-09-11,159.68338012695312,160.8420477079489,158.11092274064387,160.49260649697817,563800
2020-09-14,162.5156707763672,162.8926980030933,160.91562728109244,161.1822965197947,525200
2020-09-15,163.1317901611328,163.9778073122166,162.78236293597874,163.70193337438766,608500
2020-09-16,163.7203369140625,165.67902670395827,163.60080228227756,164.04219222382687,452500
2020-09-17,162.5156707763672,163.05822796936377,160.61216736920537,161.50415176827417,1186200
2020-09-18,161.21910095214844,163.1134138684486,159.84893590545505,163.06743253880862,580400
2020-09-21,158.5799102783203,158.7362355601753,156.6212348973473,158.53392895270872,657300
2020-09-22,160.3087158203125,160.37307845444772,158.13852902970342,159.1132714469926,524000
2020-09-23,156.55686950683594,160.93401980850976,156.53847416896076,160.37308127133562,1309900
2020-09-24,156.67642211914062,158.55233971544655,154.6441651942383,156.15226021292563,748100
2020-09-25,159.6148681640625,159.97490115053023,156.20840871656742,156.34687752430548,1273000
2020-09-28,162.68898010253906,162.96593176628187,161.2673155553013,161.7104297654817,599300
2020-09-29,161.75656127929688,163.02128960700958,161.341140902475,162.54125516933925,739200
2020-09-30,162.71664428710938,164.1013882678043,161.4796097117445,162.30122391016974,736500
2020-10-01,164.2029266357422,164.49834542825394,163.02127963838183,163.72289222742558,1632400
2020-10-02,164.44300842285156,165.1169133814874,161.33193993662775,161.40579465743474,763000
2020-10-05,167.1847686767578,167.43401246071548,165.59692772415934,165.66154178751495,752200
2020-10-06,165.73541259765625,169.40036995743043,165.53231565935548,167.8863835632266,674800
2020-10-07,168.4772186279297,169.04034852487968,167.1847962839529,167.43404010906815,692100
2020-10-08,170.6004638671875,170.6004638671875,169.354188630824,169.65883400163165,489600
2020-10-09,171.31129455566406,172.07750713607433,170.88663355147926,171.7821024218819,490500
2020-10-12,172.6591339111328,173.12994185865162,171.68981017320945,172.28063378996384,337500
2020-10-13,172.05909729003906,172.76069598821377,171.51442050038455,172.07755040495482,501600
2020-10-14,171.30209350585938,173.12995197601805,170.91436680530128,172.2898845013157,462900
2020-10-15,171.809814453125,172.09599264262715,168.7633746586064,169.28034352820322,511800
2020-10-16,171.60670471191406,172.7237377181426,171.54209065121253,172.45601266087354,454100
2020-10-19,169.4834747314453,172.60376986503198,169.2619246490071,172.00371960996443,558100
2020-10-20,170.06504821777344,171.84674561920522,169.91733879245947,170.51740305041773,611900
2020-10-21,169.56654357910156,171.41286925789672,169.56654357910156,170.27738290961486,398800
2020-10-22,171.10821533203125,171.3390060114182,168.8649226034905,169.92656818047763,460800
2020-10-23,172.6314239501953,172.6314239501953,170.88664702024874,171.8928909769897,471700
2020-10-26,169.07728576660156,170.9882398018701,167.20326613705672,170.794369387692,641300
2020-10-27,167.960205078125,169.67728807124354,167.86788318392826,169.13262551997548,538000
2020-10-28,162.96591186523438,165.52307651290747,162.9197509125232,164.97841389541261,631100
2020-10-29,164.369140625,165.79080514997244,162.356638380578,162.9105416993887,736800
2020-10-30,162.6058807373047,164.21218893921284,160.63953963849326,163.34441372966518,765600
2020-11-02,165.34768676757812,165.7354134464072,163.58444246982148,164.60915372327912,578900
2020-11-03,169.00340270996094,169.76961535706073,167.23091792515808,167.4340148466179,523700
2020-11-04,170.86822509765625,173.16690588818182,169.20652898922503,170.45280459213558,607300
2020-11-05,174.3577423095703,174.9947268543999,173.3607248593604,173.4253530126483,970400
2020-11-06,174.60699462890625,175.32706041671813,173.89615539712196,174.6716227801344,687300
2020-11-09,176.73028564453125,182.50927960199803,176.73028564453125,181.88153567024693,945900
2020-11-10,176.72103881835938,177.70882972424658,174.64392262677728,177.39495776935271,757500
2020-11-11,177.9765625,178.3181423386792,177.09033403818043,178.3181423386792,392000
2020-11-12,175.82557678222656,177.83806473816844,174.80086560579102,177.3026286734562,452000
2020-11-13,178.91818237304688,179.20436059100442,177.03493643421055,177.03493643421055,565500
2020-11-16,181.81690979003906,181.86307074709185,179.89672948468282,181.4014893492566,1358000
2020-11-17,181.62306213378906,182.04770915165025,179.54594574469135,180.73681960978132,895300
2020-11-18,179.45361328125,182.12155316746535,179.41669296782823,182.0292312543916,560500
2020-11-19,180.8475799560547,180.93990186705582,178.17964012973408,179.25051231742538,612700
2020-11-20,180.45985412597656,181.26301531365965,180.29369158901548,180.7644995300845,364000
2020-11-23,182.3246612548828,182.91548491017895,181.226095219329,181.67845008289441,686500
2020-11-24,184.4202423095703,185.02951907113976,183.29398253118447,184.11559688561215,702200
2020-11-25,184.48484802246094,184.66947776264084,183.29397422490632,184.1617494987327,503100
2020-11-27,185.2141876220703,185.41728459847818,184.72491238427378,184.97415623921626,162500
2020-11-30,184.33714294433594,185.45417614124668,182.6016064420877,184.9279806650036,402700
2020-12-01,185.60189819335938,186.62660954451516,185.32494651454883,186.42351258581058,441100
2020-12-02,185.34339904785156,185.5834163044401,183.98634860679132,184.94643171949184,384200
2020-12-03,186.5527801513672,187.6051854046469,185.54653586521408,185.59268274599128,317000
2020-12-04,188.9160614013672,189.0083833288917,187.18975123017628,187.29129971591388,522800
2020-12-07,188.75912475585938,189.14685149472513,188.13136664078027,188.91606076304205,444100
2020-12-08,189.4237518310547,189.8114784647951,187.9005249631339,187.9005249631339,490300
2020-12-09,187.6420440673828,190.1068867694238,186.53425165211138,189.96841799989417,934900
2020-12-10,188.5006103515625,188.66677289056005,186.10038148839317,186.34041282651776,587600
2020-12-11,187.7989959716797,188.42675398162373,186.27578303221395,187.5497521653754,588900
2020-12-14,187.097412109375,190.24540079160863,187.07894490829744,189.6545771342512,2403700
2020-12-15,189.9314727783203,189.9314727783203,188.0205194913873,188.59287577883137,475800
2020-12-16,190.16232299804688,190.4761949903764,189.4330164487753,190.25463083243048,490300
2020-12-17,192.21170043945312,192.26708794431676,191.15005494630535,191.17774869873716,541300
2020-12-18,192.03628540039062,192.58094794630594,190.69770246575317,192.4886260530165,551200
2020-12-21,191.02084350585938,191.3716498749563,187.8451612429825,189.69148682964615,712800
2020-12-22,191.482421875,191.82398759550145,190.49464502665276,191.482421875,470800
2020-12-23,191.6393585205078,192.8671667108387,191.63013196377312,192.21172902402094,1177600
2020-12-24,192.0353240966797,192.3691701140284,191.1728826559393,191.97968545215736,625300
2020-12-28,190.88543701171875,193.50983531076494,190.88543701171875,193.50983531076494,546000
2020-12-29,190.04153442382812,192.29499879240612,189.31820367594287,191.83132451041732,620100
2020-12-30,191.3490753173828,191.72002318662055,190.53301830548853,190.58865694832062,594200
2020-12-31,191.74786376953125,192.08170981375574,190.1342721974103,191.2378192366583,546800
2021-01-04,188.93798828125,192.95340897996522,187.21311950709307,192.8699368608913,861400
2021-01-05,190.73704528808594,191.03380361979322,188.7154322166404,188.7154322166404,836100
2021-01-06,193.90858459472656,195.17904756135124,190.87615091905414,191.2378162821919,1945500
2021-01-07,196.6906280517578,197.09864951707291,195.00284694210205,195.00284694210205,788700
2021-01-08,197.58087158203125,198.5731412813687,195.54070768692017,197.6643295520086,600200
2021-01-11,197.06155395507812,197.96108312161968,195.56852232145692,195.7261698665952,575400
2021-01-12,198.81423950195312,198.97188704508392,197.31193949664765,197.51595729369097,697300
2021-01-13,198.2393035888672,198.971902717617,197.55306056746647,198.81425516206872,491800
2021-01-14,198.34132385253906,199.38921815238837,198.072384833392,198.90700706670523,506000
2021-01-15,197.05230712890625,197.69216577029758,195.1419571459116,197.42324090509396,1454100
2021-01-19,198.07235717773438,198.76786853327695,197.2377492111692,198.49894370189497,519100
2021-01-20,199.93634033203125,200.19599677751006,198.58240530899303,198.94407065449676,739000
2021-01-21,198.69369506835938,200.30728663813315,198.4155018237569,200.18672679866148,551000
2021-01-22,198.33201599121094,198.67514455286303,197.08937241715998,197.49740801466086,521000
2021-01-25,198.22076416015625,199.23157074274548,195.67055549844662,198.2300325521208,650200
2021-01-26,196.18055725097656,199.08314812676332,196.18055725097656,198.82349170624974,713400
2021-01-27,191.2378387451172,194.19608318733927,190.50522539128764,193.86223710905867,646600
2021-01-28,193.68600463867188,195.27177676998645,192.1744220839899,192.43407852709643,628400
2021-01-29,190.83900451660156,193.8621690954606,189.52217160043477,192.9997277998862,957800
2021-02-01,194.20535278320312,194.6133884536544,191.45112615787443,192.76795954419245,516000
2021-02-02,197.2841339111328,198.01673303318805,195.95801813801452,196.14348501636383,546400
2021-02-03,197.42323303222656,197.90545824221357,196.25477894863613,197.48815422308957,419500
2021-02-04,200.00128173828125,200.1682118534701,198.0167561923889,198.05385806252752,832100
2021-02-05,201.99502563476562,202.0413817323812,201.0862140580079,201.5498882358673,523200
2021-02-08,203.6920928955078,203.78483340583546,202.88530422647509,203.04295177385993,452000
2021-02-09,204.35977172851562,204.72143705505172,203.34896532232682,203.57153404258528,463300
2021-02-10,205.2686004638672,206.28867534524983,203.5437316514839,205.3335075021241,532100
2021-02-11,205.964111328125,206.28867481901247,204.01667378193852,205.8435514928213,502500
2021-02-12,207.3273162841797,207.38295493158023,204.96257471814877,205.24078210536692,685300
2021-02-16,206.99346923828125,208.51432024406597,206.2886753074099,208.36594108491246,558700
2021-02-17,206.0382843017578,206.17739506780774,204.07230999681298,206.00119658760696,547500
2021-02-18,205.0831298828125,205.6951833329377,203.52519108272966,204.84202434952812,475300
2021-02-19,207.2716522216797,207.88370561025238,206.168119424375,206.168119424375,522700
2021-02-22,204.8605499267578,206.89144530066602,204.7121707783868,206.14028116836818,504700
2021-02-23,204.92550659179688,205.41700025837454,199.37996546782261,203.46957652765676,847000
2021-02-24,206.88214111328125,207.40145392802805,203.80335193290534,204.71214935871225,611400
2021-02-25,201.00277709960938,207.36438805040837,200.03834093500663,206.80797331876659,862100
2021-02-26,201.0306396484375,202.9966142626069,198.5917081656092,202.02290949818138,653600
2021-03-01,205.89915466308594,206.5761150019335,203.94244906294838,204.0166386295665,429700
2021-03-02,203.92393493652344,206.1124780209859,203.70138034671692,205.9362936874609,687000
2021-03-03,200.37217712402344,204.1650287131971,200.31652433341517,204.00738118200803,703700
2021-03-04,196.02293395996094,200.6689449338831,192.98123195763904,199.8992439671068,1269600
2021-03-05,199.7045135498047,200.12181756234511,191.69222273820864,198.48040668612265,1126800
2021-03-08,199.3520965576172,202.44943697103454,199.2129999508106,200.1125149251837,719100
2021-03-09,201.7353973388672,203.1449710969134,200.91005769538415,202.05997499145028,891900
2021-03-10,203.36749267578125,204.4061182828123,202.5050513662045,203.4045803830841,966100
2021-03-11,206.48342895507812,207.28094926410643,204.8883883370215,205.11094293009822,707800
2021-03-12,207.45716857910156,207.45716857910156,204.84203864616555,205.74156795073853,789400
2021-03-15,209.47874450683594,209.66421137007103,206.9656239368245,207.605496642668,483800
2021-03-16,207.52206420898438,209.88680591926516,206.78018251455285,209.88680591926516,613100
2021-03-17,208.69053649902344,209.1356740445746,205.60247790929063,207.13259754024716,1266600
2021-03-18,205.0831298828125,208.57923794162514,204.80493663295212,207.48497342493116,584700
2021-03-19,205.53749084472656,206.88214314257405,203.87754349914906,204.97180777664013,1495500
2021-03-22,206.58543395996094,207.43859290115074,205.43551669998405,205.9733805401241,613900
2021-03-23,203.525146484375,206.19591429952018,202.85745453058868,205.73224011773598,594400
2021-03-24,201.39227294921875,204.97183874126395,201.39227294921875,204.65654364590304,569500
2021-03-25,203.29052734375,203.5044350770584,198.70536902902774,200.33295810337742,904100
2021-03-26,206.341064453125,206.3875698299267,202.51855521978027,204.31354639444837,608600
2021-03-29,204.43447875976562,206.23877971198158,203.29052016721272,205.40173960844533,780800
2021-03-30,205.03900146484375,205.3087099471507,203.38349801819712,204.24845262425487,526300
2021-03-31,205.85743713378906,207.15951674631634,205.31800597607116,205.690034804557,461500
2021-04-01,208.82431030273438,208.85221069212844,207.02000943418764,207.19672136131635,691500
2021-04-05,210.24729919433594,210.48912150512595,209.3358533075701,210.3868153408956,616300
2021-04-06,211.2703399658203,211.61445421539645,209.8008580208822,210.17287265872403,455500
2021-04-07,209.9496612548828,211.2145308415826,209.38232973015465,211.1494204772368,525800
2021-04-08,211.047119140625,211.1029199162237,209.5869468104812,210.75880567239938,432700
2021-04-09,211.80975341796875,211.86555418983534,210.44257774144674,211.0378096271031,610400
2021-04-12,211.9678955078125,212.09810206092263,210.93553848263588,211.8097885641395,523400
2021-04-13,212.55380249023438,212.8235251680531,211.30753783061726,211.7725632282161,499800
2021-04-14,212.4514923095703,214.15348693550646,212.088773073974,212.7026099931212,587600
2021-04-15,214.4511260986328,214.63713342982476,213.09324561717722,213.5303706507756,1043800
2021-04-16,214.8510284423828,215.56717152613308,214.11629456062778,215.4090645943997,548000
2021-04-19,213.26063537597656,214.59060110890883,212.2282784972989,214.18137651679186,749300
2021-04-20,211.43775939941406,213.1490495782372,210.35889699437126,212.6933337387337,765000
2021-04-21,214.1720733642578,214.2092833393474,210.45187057635485,211.14011320103796,688100
2021-04-22,213.2978515625,215.66018859151092,212.57241305852324,214.49762506700338,671000
2021-04-23,216.1996307373047,216.70185196113113,213.90240396102735,213.90240396102735,1331800
2021-04-26,217.4272918701172,217.6970145703944,216.62744755199006,216.76696369775587,639400
2021-04-27,217.39938354492188,217.8644089642693,216.78554658543538,217.8644089642693,779100
2021-04-28,217.10174560546875,217.678386736178,216.58091944207865,217.23196633776485,427900
2021-04-29,217.67840576171875,218.5526558372985,215.9485106012918,218.48754546545965,491800
2021-04-30,215.7996826171875,216.9250503118431,215.2695610490232,216.2647080099223,513500
2021-05-03,215.7811279296875,217.22270982150943,215.5486151791179,217.22270982150943,574600
2021-05-04,214.50692749023438,214.9626575156858,212.20970075526964,214.68363942237778,893100
2021-05-05,214.0232696533203,215.51135649933863,213.58614467448174,215.51135649933863,476000
2021-05-06,213.78150939941406,213.9303209555976,211.5121828376939,213.9303209555976,589500
2021-05-07,216.6181182861328,216.73901523048875,214.199980718744,214.2743864798965,497300
2021-05-10,214.78594970703125,217.28778881235587,214.73014892558834,216.5623502706978,574300
2021-05-11,213.09326171875,213.6512979459414,210.52632629486135,211.58658377336437,820800
2021-05-12,207.615234375,212.50731062463592,207.32692090004176,211.93997907372014,1028800
2021-05-13,209.8008575439453,210.80531409357334,207.87564560929607,208.44297715515685,1026400
2021-05-14,213.72569274902344,214.2372235657769,211.12154747491942,211.28894981961145,461400
2021-05-17,213.2699737548828,213.77220919785984,211.9306981622118,213.02816562510364,487000
2021-05-18,211.97718811035156,214.17210868485162,211.97718811035156,213.5582717176682,386500
2021-05-19,211.3912811279297,211.3912811279297,208.11751189419311,209.26147062667914,619600
2021-05-20,213.71640014648438,214.36744716035076,211.6517001072393,211.6517001072393,408500
2021-05-21,213.97682189941406,215.80900915502102,213.60479301667726,214.93477321135381,341100
2021-05-24,215.92990112304688,216.599538861002,214.7859425671442,215.1951672060556,410300
2021-05-25,215.04637145996094,216.9250782622834,214.73015755810536,216.6274551606895,431500
2021-05-26,216.29261779785156,216.33912317743582,215.39977695221086,215.4834781205929,388400
2021-05-27,216.9622802734375,217.32499956924573,216.0880301267584,217.06458644361166,361100
2021-05-28,217.5388946533203,218.1434362387951,217.28779113414402,218.0411300745732,375400
2021-06-01,218.2178497314453,219.35251297788108,217.39010498853239,218.99908909053042,481400
2021-06-02,218.14341735839844,218.62704774662984,217.54818541574784,218.4038304463425,398300
2021-06-03,217.21340942382812,217.69703990749446,215.71602677694625,217.0366974668278,425700
2021-06-04,218.67356872558594,218.85028067179098,217.71561740911204,218.24575324772718,391900
2021-06-07,218.692138671875,218.9711567426724,218.3852202131427,218.89675097769654,378200
2021-06-08,219.58499145507812,219.8546999328898,218.03179418790762,219.17576684754448,613700
2021-06-09,218.6270751953125,219.91984539828852,218.6270751953125,219.91984539828852,375600
2021-06-10,219.2594757080078,219.705896117604,217.92950987828104,219.32458607578693,300400
2021-06-11,220.22674560546875,220.2639555885524,219.21299353392126,219.85473092333496,332300
2021-06-14,219.9756317138672,220.50575332049607,219.17578741267027,220.4592479395585,312500
2021-06-15,219.3989715576172,220.13371961510822,218.75724844540474,220.13371961510822,557800
2021-06-16,218.2736358642578,219.8082140874158,217.28778423566422,219.5199005950667,509700
2021-06-17,217.41799926757812,218.7479652206663,215.74390483700014,218.27364437844014,476500
2021-06-18,214.62782287597656,216.45071446097765,214.59061289749565,216.1345006011334,562500
2021-06-21,218.1341552734375,218.23646145108512,215.18589530671346,215.80902777367547,637500
2021-06-22,219.27809143066406,219.75241225211118,217.66909325294114,218.34804058680328,484900
2021-06-23,219.2501983642578,220.0593380841804,219.08278182721685,219.57570765561226,523200
2021-06-24,220.81910705566406,221.09894656564902,220.05422757714916,220.52062201604784,399200
2021-06-25,222.23696899414062,222.23696899414062,221.10828809360586,221.52805451081883,382000
2021-06-28,221.92913818359375,222.49813999423876,221.0429915560592,222.49813999423876,520000
2021-06-29,221.84521484375,222.75002133388512,221.4814276944443,222.52614684460818,428900
2021-06-30,221.39744567871094,221.88248564689084,221.1549114613923,221.70525348292065,462700
2021-07-01,222.4981689453125,222.7500259718392,221.69596980023925,222.14370455488464,504500
2021-07-02,223.04847717285156,223.24436910443677,222.20897285629567,223.05781417111646,581800
2021-07-06,222.16233825683594,223.13244671685715,220.66988450536954,223.13244671685715,504500
2021-07-07,222.27427673339844,222.7593309816511,220.4460183282794,222.39554385376914,705200
2021-07-08,220.091552734375,221.0150189307057,217.74092056486134,219.09347594632766,641300
2021-07-09,223.2723388671875,223.28166163169033,221.04297409338545,221.30415383174673,437000
2021-07-12,223.40296936035156,223.50557672145382,222.5354824073123,222.99253991594256,529500
2021-07-13,220.92172241210938,223.04847999194467,220.77247277027516,223.03915722679102,1384400
2021-07-14,219.74642944335938,222.19966901346137,219.39196507660478,221.7239375247686,711200
2021-07-15,219.1214599609375,219.867693982229,217.6569744487453,219.00951560614422,416700
2021-07-16,217.68496704101562,220.11954693015738,217.50773485152845,220.0262765689536,491200
2021-07-19,214.42953491210938,215.43694871678255,213.11429903657245,214.78398504530958,1009100
2021-07-20,219.280029296875,219.97029824768725,214.9518891140669,215.5022311816609,1483000
2021-07-21,221.47206115722656,221.6026652668093,220.2407872134957,220.31541203330198,1287300
2021-07-22,221.15493774414062,221.3788122252187,220.09155886717295,221.3788122252187,551600
2021-07-23,223.26304626464844,223.39363615147127,221.50939844168744,222.1903304063186,333800
2021-07-26,223.28167724609375,223.6174818236456,222.46083268236754,223.0857995452389,810200
2021-07-27,222.47950744628906,222.53548674426105,220.91242870062052,222.3395947844369,1076500
2021-07-28,223.45895385742188,224.23317051611866,221.7985904029938,222.8060043360005,772000
2021-07-29,225.04464721679688,225.94013083267618,224.00925095776265,224.2984274756649,561900
2021-07-30,224.3077850341797,225.77225644820257,223.52424564451528,223.7947482076501,384700
2021-08-02,224.21449279785156,225.8375508210672,224.06525737149764,225.68830116148234,1216000
2021-08-03,225.67897033691406,225.67897033691406,222.9645509622158,224.70886181748307,608300
2021-08-04,224.3824005126953,225.64165714361178,224.2611333860532,224.97004791383065,702600
2021-08-05,226.31324768066406,226.31324768066406,224.9420468025535,225.10995621274543,367600
2021-08-06,226.37855529785156,227.23671943426996,225.93082058172675,226.75166518908392,476200
2021-08-09,226.19198608398438,226.70500859375974,225.10994754114384,226.17332632063082,369200
2021-08-10,226.4811553955078,227.21805238870888,226.21997563336848,226.63040504051017,485700
2021-08-11,227.48855590820312,227.56318072636068,226.09869535732255,227.0035017067934,2981000
2021-08-12,227.74044799804688,227.8990346667581,226.83564145254581,227.2460709247193,501600
2021-08-13,227.74044799804688,228.076252635895,227.42330312708802,228.0576071022375,384200
2021-08-16,227.22743225097656,227.23675501808677,225.69765868420322,226.8636450684278,553500
2021-08-17,225.55770874023438,225.86553082221732,223.63616565261123,225.86553082221732,466800
2021-08-18,223.49623107910156,225.91215096758913,223.36564119954085,225.20322227863446,384000
2021-08-19,223.0858154296875,223.953302347414,221.6679721975991,221.82654461589652,486400
2021-08-20,224.84878540039062,225.03534034885246,222.81529803243527,223.07647780692787,396500
2021-08-23,226.83560180664062,227.16208362059814,226.04273976781846,226.06139953144643,469100
2021-08-24,228.69189453125,228.98105686556633,227.7124631613292,227.8710355952049,546200
2021-08-25,230.12838745117188,230.65074702974073,228.40272205539955,228.81315150519822,1372400
2021-08-26,228.54263305664062,230.22165614215496,228.36541509845185,229.9884588867566,404300
2021-08-27,231.2010955810547,231.61152504228667,229.0743376757903,229.2329101070424,497900
2021-08-30,230.9772186279297,231.95664997123086,230.77200389949587,231.72345271012256,428700
2021-08-31,231.089111328125,231.28498901305483,230.46414451606398,231.22902396021775,391100
2021-09-01,231.57418823242188,231.95663513214856,230.26828934705077,231.58352523153692,854200
2021-09-02,233.01071166992188,233.05735396989553,232.040603070104,232.040603070104,564300
2021-09-03,232.66554260253906,232.98270166502382,232.2644501831691,232.68420236697463,410500
2021-09-07,230.5760955810547,232.60024583095023,230.39886340880815,232.34838883706146,582500
2021-09-08,229.97914123535156,230.70671554971756,228.91576229641424,230.1097311319498,581000
2021-09-09,229.70860290527344,231.27569575075472,229.49406543095495,229.78322772965157,630800
2021-09-10,228.31878662109375,230.98656395366345,228.25348455367856,230.98656395366345,807200
2021-09-13,228.49598693847656,229.89517036031597,227.4046113441996,229.62465359481834,1099200
2021-09-14,226.9662322998047,229.37281545805257,226.56512561794273,229.03701083986408,632300
2021-09-15,228.88775634765625,229.10229382014143,226.39721156739142,227.27402122157474,1030100
2021-09-16,229.186279296875,229.84856582128754,227.74045334350305,228.73854451364565,629200
2021-09-17,227.27403259277344,229.10230528281406,226.83562062713182,228.70119861429427,1006300
2021-09-20,223.5708465576172,224.5129724973392,220.80979926273383,223.73875596828464,1184900
2021-09-21,223.47756958007812,225.38978969919157,222.80596042377263,224.96070053640724,654500
2021-09-22,226.2946014404297,227.23671314130053,224.66222080334194,224.96070586141573,708000
2021-09-23,228.97171020507812,230.0537488290912,227.19007985173025,227.20873961648363,694700
2021-09-24,228.92401123046875,229.3354782344811,227.68961021843174,228.16654436817888,445700
2021-09-27,228.4283905029297,229.5692711283952,228.18524311996035,228.97077754366023,468100
2021-09-28,223.79005432128906,227.59610993729794,223.50016099804762,227.07242983476985,1368800
2021-09-29,223.8928985595703,225.47329931169207,223.6310585346377,224.87480578767313,616700
2021-09-30,221.40541076660156,224.94962608239103,221.3680111629963,224.68778604951933,947800
2021-10-01,224.2108612060547,225.19276850459232,220.50768671967734,222.55566113025841,799100
2021-10-04,221.6111602783203,223.8461613220937,220.38611983543203,223.61237454232992,1510800
2021-10-05,223.50950622558594,224.69714705386104,221.79818529737574,222.47149235992444,840600
2021-10-06,224.51011657714844,224.51011657714844,220.47027427217796,221.62051547438367,2080900
2021-10-07,226.61416625976562,228.29743365446285,225.9876195040859,225.9876195040859,666000
2021-10-08,225.7725830078125,227.31558445864255,225.5949170248811,227.0443837782479,551800
2021-10-11,224.4913787841797,227.29681968729457,224.4913787841797,225.6883657613052,331800
2021-10-12,225.58551025390625,226.64223094616452,224.61296363753152,225.0337769401051,606100
2021-10-13,227.0537109375,227.46517793044544,224.75324287203773,226.12791020337278,679600
2021-10-14,230.8504180908203,230.94393851029344,228.93336364532217,228.94272424879705,572000
2021-10-15,231.47695922851562,232.60849349164872,231.1777195781775,232.15961261232312,431400
2021-10-18,232.35598754882812,232.39338715219696,230.27061363263547,230.47634712419296,511100
2021-10-19,233.53428649902344,233.93640718098732,232.66460652583814,233.3192066566033,639300
2021-10-20,235.03054809570312,235.34849471991348,233.8616140926822,233.9083743066458,812400
2021-10-21,235.9750518798828,235.9750518798828,234.40401136082667,234.55363834432188,580200
2021-10-22,236.2836456298828,237.2655530616704,235.1334185482418,236.15272559025877,554200
2021-10-25,236.91954040527344,237.67700732727153,235.76929911633016,236.64833973615475,448800
2021-10-26,236.09658813476562,237.78920209305795,235.90956156967258,237.6582820705716,470600
2021-10-27,232.87034606933594,236.48001462020835,232.80487891995637,235.98438777483994,538400
2021-10-28,235.890869140625,235.890869140625,233.04802807641278,233.45948083723854,471200
2021-10-29,235.9937286376953,236.46130219940662,235.01182130425903,235.01182130425903,582300
2021-11-01,237.6302490234375,237.70506250968438,236.10595456323603,236.9569419164291,605200
2021-11-02,238.1913299560547,238.25678283466812,237.22811529177687,238.25678283466812,610200
2021-11-03,239.21998596191406,239.4070268040034,237.29358514978202,237.80791892710195,805900
2021-11-04,239.41635131835938,240.58528519848687,238.82721834583955,239.69691257264486,564500
2021-11-05,240.51983642578125,242.01604889837307,239.50986161451578,241.36146307622005,534800
2021-11-08,241.93194580078125,242.212507108979,241.0529050709361,241.94130640591692,645800
2021-11-09,242.25918579101562,242.53971848288913,240.79099811389216,241.99734576579291,678100
2021-11-10,239.26675415039062,242.37143531745647,238.4999266260518,241.37082100192362,535500
2021-11-11,240.388916015625,240.73491588334656,239.75302282422186,240.41696928764497,323700
2021-11-12,242.1470184326172,242.26859213485676,240.38893712915066,241.14640407864434,413100
2021-11-15,242.37142944335938,242.92316283259433,241.8664705342856,242.88577749457653,385300
2021-11-16,244.2604522705078,244.5690382797646,242.30596957098305,242.53975636353198,371100
2021-11-17,242.39947509765625,243.74608922304853,241.64200821942623,243.74608922304853,562200
2021-11-18,241.17445373535156,243.11957586515126,240.12709345242587,242.82968252035673,429600
2021-11-19,240.201904296875,241.51113325232967,239.9587854227029,241.24929316892448,1115300
2021-11-22,238.50929260253906,241.3989082513895,238.36901196313474,241.00613387642835,572700
2021-11-23,238.6401824951172,239.6314361038289,236.03111418541346,238.34092858422437,3027100
2021-11-24,239.82781982421875,239.93070084629304,236.85405886383444,237.6302326773894,543900
2021-11-26,234.2356414794922,236.58286983145405,233.45946767462786,235.36717574830251,862600
2021-11-29,236.41452026367188,237.75178794726625,234.4226525076798,236.86338684628578,637300
2021-11-30,230.10232543945312,235.48878262377727,229.93400578705015,235.27368848675437,1760800
2021-12-01,225.29562377929688,234.0205473986114,225.22081030358734,233.28178751344845,1439600
2021-12-02,230.897216796875,231.7575505764589,226.0063862811021,226.41785336464548,2242800
2021-12-03,228.07302856445312,232.4308175307843,226.07181431563342,232.12221727153297,1391800
2021-12-06,230.42025756835938,231.7762323836906,227.50260295666163,229.41031117908972,686800
2021-12-07,235.74122619628906,236.67637328511012,233.65585218359752,233.786772205264,629000
2021-12-08,237.50868225097656,237.83598947920004,235.32978755908977,236.33974824905536,653900
2021-12-09,233.98316955566406,237.11590387802852,233.98316955566406,236.51741028590422,526400
2021-12-10,234.7125701904297,235.92824997618192,233.01059565963737,235.5074366450206,559100
2021-12-13,232.96383666992188,234.54423752271705,232.06610346131237,234.50683791786335,1307800
2021-12-14,230.4483184814453,232.36537310223153,229.16717137895353,231.19643909799774,1802800
2021-12-15,234.00184631347656,234.00184631347656,228.89595132423136,230.69143197852068,828400
2021-12-16,231.63595581054688,235.47006499228968,230.51378203783625,234.98378445873672,812300
2021-12-17,231.09353637695312,233.34724421105273,228.8865887495898,230.99066962981794,995600
2021-12-20,227.8392333984375,228.06367383396082,225.58552551698133,227.63349989984414,1275700
2021-12-21,233.3004608154297,233.3004608154297,229.73755316211893,229.9619935706179,803900
2021-12-22,234.99310302734375,234.99310302734375,232.91708964119465,232.935782308928,548400
2021-12-23,236.3023223876953,237.07849619104846,235.48874897888967,235.66641494130442,448400
2021-12-27,239.17434692382812,239.22127800400878,236.4243460244164,237.13766407191068,492000
2021-12-28,238.7895050048828,240.29119915068222,238.25453085135624,239.37141023326166,590000
2021-12-29,239.42776489257812,239.80318489381116,238.0105235970101,238.81768948888066,522500
2021-12-30,239.2869415283203,240.77926950054336,239.17431840639904,239.69053158412694,541600
2021-12-31,239.1179962158203,240.1691834972986,239.05228985005164,239.2493946260051,343100
2022-01-03,237.82276916503906,239.98146957221633,236.3116803121502,239.7562090207479,1084500
2022-01-04,237.64447021484375,239.20249033961224,236.1427759761927,238.67689664001665,673600
2022-01-05,231.69398498535156,237.84158404950043,231.60951763499747,237.6069429731692,1323500
2022-01-06,232.28526306152344,233.98406200171044,230.12656249963499,232.35095510956455,806700
2022-01-07,230.8961944580078,233.6555757456615,230.6897091697239,232.27588510183466,524100
2022-01-10,230.12655639648438,230.12655639648438,225.4712717054274,229.3850826652701,1929900
2022-01-11,232.7263946533203,232.80146718953594,228.78441339837443,230.22981034421557,677200
2022-01-12,232.7076416015625,234.55661447204702,231.64705932888268,233.7118979846662,510400
2022-01-13,229.798095703125,233.81515003985515,229.28188243807318,233.53359218742295,570800
2022-01-14,229.15045166015625,229.32878115576636,225.79040431024814,228.25881850345928,691000
2022-01-18,224.2886962890625,226.7195742195624,223.76310260910077,226.7195742195624,975400
2022-01-19,221.82029724121094,225.98752528794566,221.78276096823515,225.29298250637135,842100
2022-01-20,219.0984344482422,225.9687171116077,218.81686231714897,223.08733239489447,1063500
2022-01-21,215.25967407226562,220.093273279283,214.90301514467367,218.63849611401966,2133100
2022-01-24,217.8126220703125,218.1223356838117,207.18806741298212,212.17184151097845,2404900
2022-01-25,213.78616333007812,216.63940666484177,210.70767374139106,214.59332915646277,1575000
2022-01-26,212.12489318847656,218.43204586231536,209.8817252862962,216.75202221797372,2896700
2022-01-27,210.18209838867188,216.4704765365095,209.12151611275127,214.69659052535096,1679300
2022-01-28,214.48069763183594,214.6402518292359,207.826266487766,210.32285072759575,1720500
2022-01-31,220.27162170410156,220.33731374721475,214.11464319809488,214.1991105341057,815300
2022-02-01,222.22389221191406,222.38344643791498,218.27252987161836,220.71280298760433,1043500
2022-02-02,223.18118286132812,223.46275499574824,221.10696392451922,222.76822662837947,1103600
2022-02-03,218.86378479003906,221.9985857336571,218.43203896315225,220.77844942778006,1052000
2022-02-04,220.04638671875,221.92351522873525,217.1180708260063,218.6010040674571,626400
2022-02-07,220.34674072265625,222.21447448009812,219.91499485109446,220.36550169694044,818900
2022-02-08,222.75885009765625,223.11550911860903,219.46449452229535,220.03701932476199,767300
2022-02-09,227.62997436523438,227.62997436523438,224.96445547336447,224.96445547336447,807500
2022-02-10,223.9883270263672,228.98149514199955,222.68372344028845,224.44822861218142,732900
2022-02-11,220.0276336669922,225.51824084230427,219.00460196275353,224.19486167185494,1517400
2022-02-14,218.2349853515625,221.2383883891195,216.9022257011889,219.92440403561184,1254200
2022-02-15,222.45849609375,222.79637978680563,220.39365766790047,220.39365766790047,1189300
2022-02-16,222.7400665283203,223.38766380717038,220.3373301063625,221.29466961628728,848400
2022-02-17,217.4934539794922,220.95675778552092,217.08048348579152,220.95675778552092,803000
2022-02-18,215.81350708007812,218.7136677283529,214.80923626686953,217.0617994891207,1219900
2022-02-22,213.27932739257812,216.63938884361744,211.81515525575244,215.231542586993,2288500
2022-02-23,208.9150390625,215.4380585504118,208.76486532661934,214.94062058149333,2607300
2022-02-24,213.35443115234375,213.88940532515227,203.3117822688327,204.14710387443844,3012300
2022-02-25,218.84498596191406,218.9763843609486,212.9977357228494,213.97383606977016,2449100
2022-02-28,218.1317138671875,219.4269227526226,215.41926384349725,216.3202774749866,1262500
2022-03-01,214.17100524902344,218.48839274545577,212.89455713674002,217.61553475818508,1233300
2022-03-02,218.63853454589844,219.4738561378653,215.19400553986196,215.672668141544,1018900
2022-03-03,216.9397430419922,219.76481631617702,215.4098787114207,219.37062104452477,1546300
2022-03-04,214.8561553955078,215.52254240436108,212.30325914517644,215.10957178719633,805700
2022-03-07,207.64797973632812,215.02509602154822,207.64797973632812,214.76229915205786,1017900
2022-03-08,206.822021484375,211.70255278574183,206.1274787743468,208.00460729959204,1293200
2022-03-09,212.2093963623047,213.4576742926522,210.369804012071,210.8953977346078,773100
2022-03-10,211.561767578125,211.89965127546677,208.7836111420532,209.51569009940144,759800
2022-03-11,208.3143310546875,213.65476389351963,208.18293263340487,213.60783281705716,649000
2022-03-14,206.35275268554688,209.98499203374263,205.38603257829396,208.90564879053173,679300
2022-03-15,209.95684814453125,210.25719561924166,206.90651392111323,207.08484344405306,952200
2022-03-16,215.4286651611328,215.47559624095445,209.8254350786761,211.98413585827726,901200
2022-03-17,218.7699432373047,218.8450300978036,214.11467245720658,214.2742266652589,666300
2022-03-18,221.36041259765625,221.83907527111063,217.8595571829441,217.8595571829441,646400
2022-03-21,220.70338439941406,222.5335961998933,218.96704907669738,221.06942389523905,1102000
2022-03-22,223.0028839111328,223.59416968294423,221.19144736094586,221.38855216578614,1178400
2022-03-23,220.1029510498047,222.48503680631012,220.0276264196866,221.8918643233204,585800
2022-03-24,223.02169799804688,223.02169799804688,219.9240499033082,220.90324133050927,504100
2022-03-25,223.63368225097656,223.70900687098228,221.5623054842772,223.51127794762948,1298900
2022-03-28,224.87652587890625,224.87652587890625,221.83536766022533,223.31357217682483,640600
2022-03-29,229.1981964111328,229.52773989415593,226.09113781899555,226.75962061021824,695900
2022-03-30,226.9196319580078,228.74621446510403,225.88395076912894,228.52025497421516,1040800
2022-03-31,223.93496704101562,227.76702628268666,223.93496704101562,226.63718571259108,890700
2022-04-01,225.21546936035156,225.59209248243644,223.20058234898246,224.93300561046365,601500
2022-04-04,226.354736328125,226.50538557814207,224.85769711867616,225.57325950620248,926300
2022-04-05,223.22882080078125,227.2021048314279,222.55091356742997,225.94985992445135,623800
2022-04-06,221.26100158691406,222.12721314571817,219.33084955079423,221.40222626677814,1324800
2022-04-07,221.458740234375,222.46617651730108,218.69062145381707,220.82789832539672,578300
2022-04-08,221.48699951171875,223.0311184350829,220.32889954416802,221.3175155107611,503900
2022-04-11,219.2367401123047,221.60940131906727,218.9448517820728,220.2818460129159,1248400
2022-04-12,218.3987579345703,222.48502186887478,217.69260573716596,220.88441309476553,875800
2022-04-13,221.62820434570312,221.89183333094235,218.65294652177218,218.69061601492191,2257500
2022-04-14,219.293212890625,222.62624491639195,219.20847807557146,221.71295359849557,443900
2022-04-18,218.35169982910156,219.472130391728,217.3348388403323,218.63416360932158,1137200
2022-04-19,222.79574584960938,223.21943432378794,218.42701786318847,218.42701786318847,655900
2022-04-20,223.57720947265625,224.91418925490493,222.72040801711907,223.7937587925414,568800
2022-04-21,219.3214569091797,225.96870055173747,218.8224438447975,225.37552811544418,751600
2022-04-22,213.5027618408203,218.86010557670855,213.36153714539586,218.86010557670855,845000
2022-04-25,214.4254608154297,214.6890898038829,209.86841465780492,212.35406966800826,975800
2022-04-26,208.91748046875,213.5875066466741,208.77625577622035,213.38977771042937,933600
2022-04-27,209.0210723876953,211.5443829421231,207.8912316265082,209.27529122814147,961700
2022-04-28,212.9001922607422,213.68166914568874,207.42986843282065,210.61226585424325,1000700
2022-04-29,205.970458984375,213.5780733906961,205.65975030676123,211.63851106986695,740700
2022-05-02,206.93081665039062,208.0606571720802,202.3455401362388,205.97987029825308,1716000
2022-05-03,208.16424560546875,209.47298041541475,206.90259048125955,207.14738473370667,838900
2022-05-04,213.87940979003906,214.133614271299,205.88576066731278,208.35258141164752,1110100
2022-05-05,206.28118896484375,212.11871127731555,204.30397131225226,211.83626187459114,1230700
2022-05-06,203.60723876953125,205.443231806482,200.43426581934696,205.1513578322366,1262500
2022-05-09,195.45350646972656,201.23453846355835,194.6155397828369,200.50956589589967,1342300
2022-05-10,195.32171630859375,199.39857049853123,192.12049840997042,198.39113405731283,1730500
2022-05-11,192.32763671875,198.72066229638818,192.0451729367645,195.00159653924257,1569700
2022-05-12,193.6081085205078,195.35936656391632,190.17149250215118,191.21659834042242,1711700
2022-05-13,199.58685302734375,200.40599934559108,195.81129778436218,195.81129778436218,907000
2022-05-16,197.93914794921875,199.70924057256903,197.29891024008475,198.748869642166,861900
2022-05-17,201.92184448242188,201.9877445407463,198.73944777007037,201.12153302634613,880400
2022-05-18,194.25775146484375,200.0481932225168,193.41036028320983,199.972868604147,945900
2022-05-19,195.21810913085938,197.4778045946603,192.478235384768,192.69479905132238,832500
2022-05-20,195.5853271484375,197.4307445760085,190.84940081599115,197.27068513263657,957000
2022-05-23,197.74143981933594,198.37226735913396,194.79442687019827,197.3271615862262,807900
2022-05-24,195.22756958007812,196.35741033634932,192.00750259298343,196.05611180576784,840100
2022-05-25,197.82618713378906,198.72064372087942,194.36132617427572,194.36132617427572,717900
2022-05-26,202.37379455566406,203.3059062055564,198.87127871759608,198.87127871759608,675600
2022-05-27,207.9288787841797,207.97595847382016,203.588395746686,203.588395746686,887400
2022-05-31,205.2266387939453,207.10971112173914,204.43575186428032,206.97789663346163,737700
2022-06-01,203.1741180419922,206.74254877299958,201.20631056308437,206.22470091889116,558500
2022-06-02,207.7499542236328,207.825278842709,202.91988334650165,203.2117572662331,679100
2022-06-03,205.0854034423828,206.51652799299808,204.5675557058505,206.01751500143996,1157300
2022-06-06,205.7257080078125,207.36398655252034,205.23610504616897,207.20392708493998,475900
2022-06-07,208.39967346191406,208.5785676852861,203.72023617702902,204.24749428799532,1297500
2022-06-08,205.4243927001953,208.06069733753563,204.90655920420184,207.31688994690006,513800
2022-06-09,200.37774658203125,204.91594372222167,200.37774658203125,204.52991042142068,563200
2022-06-10,194.4648895263672,197.18592869702636,194.25776477004115,197.15768375904085,858400
2022-06-13,185.40733337402344,189.88904115684744,184.550531861119,189.30529322646188,1299000
2022-06-14,184.7105712890625,187.33746542441693,183.04406250072233,186.57482337437943,1710000
2022-06-15,186.88555908203125,189.33354502176473,183.48661221477823,186.3488764556048,1402800
2022-06-16,179.2308349609375,182.7992509043707,178.0821596261041,182.7804305240441,1858100
2022-06-17,180.23829650878906,181.83891979648052,177.8468005021434,179.94642253908438,1539100
2022-06-21,183.77847290039062,184.9836382163968,182.77102216225055,183.4395192573449,1020700
2022-06-22,183.94793701171875,185.50148048179432,181.01034843805357,181.4811165744334,1521900
2022-06-23,185.95950317382812,186.34670583437017,183.32465175330458,184.39181514106417,1083600
2022-06-24,191.9468994140625,191.9468994140625,187.37606403775982,187.86713552068082,825900
2022-06-27,191.8902587890625,193.08018284578014,190.41701536353924,192.23023914958492,1006500
2022-06-28,188.68873596191406,194.47782493063144,188.44318584547673,193.06124285045223,1261000
2022-06-29,187.4988250732422,188.83041588081045,186.27113195329775,188.83041588081045,798600
2022-06-30,186.01614379882812,187.9332506805914,183.70239560465384,185.4022972365726,947000
2022-07-01,188.49046325683594,188.91543512313498,184.76013223675406,186.0161704444182,774700
2022-07-05,188.74545288085938,188.74545288085938,183.71186133484733,185.7611822890023,894000
2022-07-06,188.61322021484375,189.9353579851377,186.7999965254888,188.56599792085734,773600
2022-07-07,191.8902587890625,192.3152306371601,189.8314848252818,189.91649072307868,872600
2022-07-08,191.2858428955078,192.5324278920362,189.76537723679002,191.20085141147155,588200
2022-07-11,189.0570831298828,190.47366548282938,188.74543328300805,189.5859382360142,701600
2022-07-12,187.687744140625,190.35091176981763,186.7244639976214,188.62267937598446,574700
2022-07-13,186.62054443359375,187.91435159847012,184.33512682101357,184.94897335947704,940300
2022-07-14,184.95843505859375,185.29841538759905,182.35191439947965,184.16513801743446,1149900
2022-07-15,188.6415252685547,188.6887475561726,185.58170259967378,187.2816040823854,778400
2022-07-18,188.13160705566406,191.01197995688852,187.4610849955348,190.51145529082655,634400
2022-07-19,193.6373748779297,193.95847785864052,190.16203277569952,190.16203277569952,548500
2022-07-20,195.63002014160156,196.2249893501235,193.2690495175889,193.33516361196737,1029700
2022-07-21,197.2449493408203,197.28271853393622,193.8451455514901,194.86508668828915,688500
2022-07-22,195.23336791992188,198.35929054618006,194.02455218064776,197.39602496065308,648600
2022-07-25,195.65834045410156,196.0738735679386,194.00566110329908,195.50724929379567,1200900
2022-07-26,193.6657257080078,194.94064133343022,193.1368561278124,194.79898884512417,766600
2022-07-27,198.32154846191406,199.08650070034588,194.86508373026737,195.29005559492703,533000
2022-07-28,201.78744506835938,201.94798934912757,197.29216197618473,198.79373590532995,628100
2022-07-29,203.78955078125,204.3089672432424,201.18304418591865,201.4474717647107,690600
2022-08-01,203.2606964111328,204.12953194627596,201.40025024656663,202.24075528460244,533700
2022-08-02,202.71292114257812,205.09278343881786,201.79686343676974,202.79792703225192,546500
2022-08-03,204.78111267089844,205.23442933541892,203.03400332754762,203.9783914299704,550800
2022-08-04,204.441162109375,204.80947294647436,203.75176272920874,204.46949260375027,439900
2022-08-05,205.36666870117188,205.41387658400444,202.1746319056877,202.55238142967207,407100
2022-08-08,206.38662719726562,208.43596263280074,205.98998581271064,206.2260829042474,475100
2022-08-09,204.8378143310547,206.09385248594538,204.21452901144102,206.08441379072548,602400
2022-08-10,210.1547088623047,210.37191411744192,208.36981570785213,208.3792544023466,636900
2022-08-11,210.66468811035156,213.74338853387323,210.31525466841242,211.8262815913724,812300
2022-08-12,214.2533416748047,214.31000265994027,211.24074107652356,211.82627154677112,401700
2022-08-15,214.47056579589844,214.72554023431607,212.5251140010204,212.56289759871063,524200
2022-08-16,214.77273559570312,215.72656236958537,213.08228727165076,213.97945306632275,459200
2022-08-17,212.2701416015625,213.56394883558437,211.10853373006532,212.70455210763066,486000
2022-08-18,212.8273468017578,213.17676585974215,211.84518931515936,212.09072508425353,376600
2022-08-19,209.60696411132812,211.51463236482752,208.96478703384122,211.38241858944957,437500
2022-08-22,205.23446655273438,207.1232431000915,204.83781079679449,206.79270144021544,670500
2022-08-23,205.08335876464844,207.05712677695396,204.72448661323966,205.64054438167264,351300
2022-08-24,206.3488311767578,207.07601415901604,204.89447962246234,205.12112357833016,524000
2022-08-25,209.6258544921875,209.6258544921875,207.04767868465402,207.44432000810374,582700
2022-08-26,202.7034912109375,209.63529743250274,202.65626891690408,209.63529743250274,418200
2022-08-29,201.3152313232422,203.156785435392,200.55027918513537,201.0602424737998,579900
2022-08-30,199.11480712890625,202.07074684328077,198.113757929976,201.99519405710595,575300
2022-08-31,197.80210876464844,200.55972062343028,197.50935072361162,199.90809044939576,486400
2022-09-01,196.8105010986328,196.94271487424308,193.67513967263747,196.01721844497118,714000
2022-09-02,195.56390380859375,199.86087286052918,194.7233989144084,199.04869845860244,524200
2022-09-06,195.0917205810547,196.43275012673186,193.6656995538718,196.1872143767529,826100
2022-09-07,199.4642333984375,199.7947606145766,194.56285644941082,194.80839218799017,444400
2022-09-08,201.40969848632812,201.44746767815127,197.5660311557794,198.15156170570287,546500
2022-09-09,204.79061889648438,205.26281307018138,202.72240611005583,202.91128089749012,395200
2022-09-12,206.60382080078125,206.89657885167298,205.2722299142533,205.80108502686045,561500
2022-09-13,198.58596801757812,202.48629625769505,197.9343377933219,201.85355783405802,514300
2022-09-14,198.60487365722656,199.3320567244089,196.83885763692663,198.80318714177093,467900
2022-09-15,196.57440185546875,199.78533044350118,195.8755637965376,197.53768187290055,577600
2022-09-16,193.83570861816406,194.6195526770038,192.1641372056932,194.6195526770038,769600
2022-09-19,195.3561553955078,195.47893048017357,192.03190469641294,192.03190469641294,442400
2022-09-20,192.0130157470703,194.08121380055164,190.7947468993078,193.71290297894862,506900
2022-09-21,189.1043243408203,195.01619009750033,189.02877154521204,193.4296246203935,606400
2022-09-22,185.4683837890625,189.17038351975089,185.3172782302052,189.00040057370086,775700
2022-09-23,182.33438110351562,183.63351368825184,179.7740405810248,183.27317889856005,1168600
2022-09-26,179.50852966308594,183.38697243702194,178.84473980084675,181.4904217051764,1453100
2022-09-27,179.0438690185547,182.48611321737312,177.86801682863646,181.62317916413502,1200800
2022-09-28,183.4817657470703,184.34468514502584,179.3946876568594,180.43779611970314,1159300
2022-09-29,179.75503540039062,181.71797190933944,178.20934227322016,181.54727485791625,1043000
2022-09-30,178.25677490234375,182.10677004733398,178.1524640475495,179.71712686946324,1013900
2022-10-03,183.56710815429688,184.56279997132964,179.14814241325706,180.6843435501169,784700
2022-10-04,190.21453857421875,190.27143277697982,186.66799821980655,186.66799821980655,1039700
2022-10-05,189.2093505859375,190.40417213577362,186.15590326682502,187.79641532078526,798900
2022-10-06,187.3033447265625,190.08178446090525,186.92402591791864,188.55506062125465,697000
2022-10-07,182.23007202148438,185.5964524032419,181.1680082612019,185.3783531245125,653600
2022-10-10,180.62745666503906,182.95072801911394,179.52746842610404,182.81797006943913,598200
2022-10-11,179.39471435546875,182.0593801035721,177.94385430365253,179.8214498162064,1183000
2022-10-12,178.29473876953125,179.66973515943042,178.0102532651819,179.56542429015343,716300
2022-10-13,182.0404052734375,182.94126388867352,173.42058651654094,175.08006824390867,963700
2022-10-14,176.91973876953125,183.8611067985325,176.61628371254167,183.42489377149334,601300
2022-10-17,181.7369384765625,182.60936440423606,180.41883651150093,180.47574517859118,1171100
2022-10-18,184.52488708496094,186.54471810345228,182.6947227020245,185.53005658745792,1125000
2022-10-19,181.7938690185547,183.87057982699588,180.380933574525,182.91282695727094,590400
2022-10-20,179.9447021484375,183.80418927374998,179.4136703356105,181.9171163600318,607500
2022-10-21,183.6430206298828,183.86111992420552,178.48440004905896,179.67922186480223,656600
2022-10-24,185.24559020996094,185.75765251799118,182.61886351273097,184.61972502384265,621600
2022-10-25,189.77835083007812,189.92058634506776,185.33093711397746,185.33093711397746,674300
2022-10-26,189.86366271972656,192.47141953371093,189.42744975879359,189.5412526226851,1031200
2022-10-27,190.2429656982422,192.7464116435723,190.0153889110957,190.736072852945,1194900
2022-10-28,194.2446746826172,194.3489855259809,190.06277787530342,190.65071829677638,586400
2022-10-31,193.4386749267578,194.7472849424221,192.96453729815414,192.96453729815414,649500
2022-11-01,194.1214599609375,196.20766290899033,193.28697299390276,195.6861085545936,636900
2022-11-02,188.6878204345703,195.61971075686057,188.63092623009987,193.51455284378835,818300
2022-11-03,188.3748779296875,189.90160170396427,185.61540787131983,186.60160779249904,646500
2022-11-04,190.51797485351562,192.02572895633713,187.36021668544544,190.9162487031554,563900
2022-11-07,191.62747192382812,191.87401828966154,189.66453513241086,191.46626686122175,651600
2022-11-08,192.8602294921875,194.70936337908924,190.68867101588998,192.06366726668705,761900
2022-11-09,188.99124145507812,192.46193199818137,188.6498618201904,191.26709604130912,484800
2022-11-10,200.26625061035156,200.56021362015437,195.89470116732014,195.89470116732014,568800
2022-11-11,202.05848693847656,202.96882305270634,200.63607409915238,201.01537840182618,731700
2022-11-14,199.69729614257812,202.74126628601397,199.57403019027515,201.29988374831456,612400
2022-11-15,202.02053833007812,203.40502646186673,200.18089663210174,202.86450266295685,691300
2022-11-16,199.5929718017578,201.30934769973769,199.11883417382825,201.06280134224588,694200
2022-11-17,197.66798400878906,197.93349993605617,195.54385659065233,196.98522463309288,543200
2022-11-18,199.0619354248047,200.3231432226211,197.27917335427745,199.8584831488366,493100
2022-11-21,198.5972900390625,198.82488132113193,197.3266046039571,198.2085081611349,700600
2022-11-22,201.1671142578125,201.17659180143653,198.92918405230188,199.54555718710512,749600
2022-11-23,202.26712036132812,202.61797758509996,200.78781323787302,200.81626033874466,461000
2022-11-25,202.7886505126953,202.87399180514817,202.13433833149526,202.23864917878123,242800
2022-11-28,199.17575073242188,201.8119695516071,198.73955216869942,200.96799058840125,761200
2022-11-29,199.58349609375,200.43693804405925,198.85332008855426,199.5076323362397,604300
2022-11-30,205.3300323486328,205.35847944768685,198.55934785267044,199.83952518822872,671300
2022-12-01,206.02227783203125,207.54900157980873,204.92228952699026,206.22142200327707,717100
2022-12-02,205.63352966308594,206.2878275454486,202.94990850056232,202.94990850056232,783800
2022-12-05,200.93002319335938,204.21106161550813,200.34209722405882,204.21106161550813,522500
2022-12-06,198.44557189941406,201.09125356405104,197.08953072484115,201.06280646321332,524100
2022-12-07,198.29383850097656,199.8679788917975,197.88607261850828,197.9714283880225,519200
2022-12-08,199.820556640625,201.02487022827216,198.67313725137302,199.3274494719808,841900
2022-12-09,198.32229614257812,200.29471050768953,198.25592439557474,199.2895410023852,551100
2022-12-12,201.43264770507812,201.44212524952695,198.37919992666343,198.72057963075744,741600
2022-12-13,203.11106872558594,207.4162317950232,201.4231400161583,206.7808891432302,723900
2022-12-14,201.69813537597656,204.6093472319701,200.5127913569951,203.0541764578477,626800
2022-12-15,196.97573852539062,199.89642806788174,196.38781249336452,198.9576303497314,685900
2022-12-16,194.500732421875,195.78090976635568,193.09728913714486,195.13607508772938,825200
2022-12-19,192.45245361328125,194.6903837183348,191.58951968766664,194.55762576589652,816200
2022-12-20,192.8032989501953,193.59984655602508,191.43778050047024,192.18691145772044,802600
2022-12-21,195.761962890625,196.34988896933,193.66626802920445,194.26368612178106,874300
2022-12-22,193.3220672607422,194.23738826851988,190.04220214182894,194.17063959517196,902900
2022-12-23,194.49481201171875,194.49481201171875,192.04443170909448,193.17904269444765,691600
2022-12-27,194.2755126953125,194.91432424461496,193.14091622772156,194.72363661846296,933200
2022-12-28,191.56768798828125,194.95244751035108,191.4342052108617,194.52339676496905,1076900
2022-12-29,195.3052215576172,195.71521372923516,192.63555144356627,192.95019253847354,1118400
2022-12-30,194.3231964111328,194.44714992018436,192.48303964600618,193.58903374361293,938100
2023-01-03,193.4269256591797,196.55424904516772,191.9300126319479,195.4387112411902,763800
2023-01-04,196.24917602539062,197.0977483682358,194.22786090502547,194.68551413918598,681200
2023-01-05,193.66529846191406,195.10502128078994,193.2648500929816,195.07641886504712,587600
2023-01-06,198.11793518066406,198.64233708873513,194.0753049406995,195.41967677360878,719000
2023-01-09,198.79489135742188,201.13084760275433,198.4039722520733,199.74834407376443,727800
2023-01-10,200.41574096679688,200.41574096679688,197.98443383784638,198.41349916242143,388400
2023-01-11,203.40957641601562,203.45725195624325,201.0831497188181,201.0831497188181,745500
2023-01-12,204.06748962402344,204.79210847195412,201.7315333110495,203.8577288564714,561200
2023-01-13,204.69674682617188,204.9637123978594,202.11288380554942,202.13195693167924,363200
2023-01-17,204.71580505371094,205.78366726274535,204.3916201272271,204.47744191429922,653100
2023-01-18,201.72198486328125,206.50830670840907,201.61710448946587,205.79321721835854,664700
2023-01-19,199.50042724609375,200.68269915894206,198.58510634881017,200.310853226912,688500
2023-01-20,203.21890258789062,203.35238538046264,199.06184834253338,200.16785693729202,632500
2023-01-23,205.8981170654297,206.73716013530714,203.21891718374792,203.73377526392363,555800
2023-01-24,205.44996643066406,206.0411169479126,204.1914165378277,205.13532532032187,513200
2023-01-25,205.82180786132812,205.86948340097777,202.27496302966998,203.28563500523322,695200
2023-01-26,208.09103393554688,208.1387094761664,205.83135588579776,207.47129555308993,934600
2023-01-27,208.87289428710938,209.81680316854673,207.23295444534943,207.36643724416552,477700
2023-01-30,206.21273803710938,208.85380595195412,206.09832837460718,207.23293935619702,613800
2023-01-31,209.77867126464844,209.84540538972703,206.23182598681817,206.64180367260724,586100
2023-02-01,212.2957763671875,213.66875054863456,207.93849065380434,208.9205457463746,633400
2023-02-02,215.46124267578125,216.59585374605376,213.6020127721361,214.10734155239518,621100
2023-02-03,212.22901916503906,214.3933607265238,211.84764392931635,212.55318957025665,698200
2023-02-06,211.0086212158203,211.7427838910481,210.27445854059252,210.99909192599858,828800
2023-02-07,213.0966339111328,213.71637221718922,209.09213631781094,210.42696399940803,553100
2023-02-08,211.30416870117188,213.20154468577763,210.88464721323632,212.31482616836243,435900
2023-02-09,208.99684143066406,213.32552509474704,208.3675591193778,212.76297691121476,445200
2023-02-10,209.46400451660156,209.60701658752657,207.86219657958077,208.34846671779007,476500
2023-02-13,211.70460510253906,211.92390967154566,209.32097364532535,209.67376099399465,370700
2023-02-14,211.9239044189453,213.4208173717375,209.8263116982931,211.07533222315064,567800
2023-02-15,213.89755249023438,213.93569874135846,210.72255359089502,210.99906299168245,624900
2023-02-16,211.57115173339844,213.53527654794243,210.82745977924964,211.57115173339844,464600
2023-02-17,210.2935028076172,210.92278501430548,208.99680669165286,210.665348739109,381200
2023-02-21,205.41184997558594,208.6726564313751,205.14488438612017,208.2817373366097,460500
2023-02-22,205.33554077148438,206.65130993974455,204.51557100045042,205.7645915072336,1033000
2023-02-23,206.09832763671875,207.0327071570515,203.8291056816635,206.4034249184766,543500
2023-02-24,204.20094299316406,204.66814000783182,202.68495684044055,203.7337459784963,600500
2023-02-27,204.7539520263672,206.86108873728273,204.1246697997373,206.09832372456765,426900
2023-02-28,204.11514282226562,205.78368494149103,204.0388648652771,204.63954468372873,517000
2023-03-01,203.60983276367188,204.6872244521952,202.8375383825555,203.61936205346976,866000
2023-03-02,205.4690704345703,205.79324088235472,201.94129812103867,202.34174653569025,1301300
2023-03-03,208.26268005371094,208.78708198310542,205.75510917984485,206.13648446565833,644800
2023-03-06,207.27108764648438,209.31147589939664,207.02319517504918,208.63453261071305,569200
2023-03-07,204.20094299316406,207.7859195562182,203.90537501290714,207.34733950439573,704200
2023-03-08,204.6776580810547,205.23066230835974,203.48584238820706,204.23907805326434,565200
2023-03-09,199.7483367919922,205.33557008801978,199.4146225340242,204.52512948925946,530400
2023-03-10,194.49481201171875,199.25253144129934,193.35065718877019,199.09999007363473,735500
2023-03-13,192.9025421142578,195.32430538091776,190.05171352743076,191.68210936934878,804600
2023-03-14,195.62940979003906,197.4505078622361,193.42693647326587,196.35404312267994,688100
2023-03-15,192.38766479492188,192.6641741965753,189.61311423250342,192.1206992303454,784600
2023-03-16,195.10501098632812,195.41010825433116,190.31867484129012,190.95748634006205,898100
2023-03-17,191.6154022216797,194.21832418126803,190.9765906187019,194.13251692456979,666600
2023-03-20,193.95135498046875,194.6187689899852,192.11119817219236,192.43536861273833,496000
2023-03-21,196.95472717285156,197.4028365479874,195.74383819515836,196.06800861484527,346600
2023-03-22,192.18746948242188,197.53632521181646,192.11119151989928,196.78310397327297,395200
2023-03-23,191.60362243652344,195.34573470835286,190.26374278595193,193.2497686378501,463100
2023-03-24,192.88612365722656,192.97227027103088,189.09616917210693,190.43604912066516,497700
2023-03-27,194.1207275390625,195.14477544285953,193.33593033486343,194.6853901497354,562300
2023-03-28,194.42697143554688,195.04906996009612,193.52734620002943,194.04415280782007,578400
2023-03-29,197.47044372558594,197.67141840423113,195.97743055555466,196.26455184292882,475000
2023-03-30,198.51361083984375,199.5280932653352,197.74795904209384,199.27926263759366,453800
2023-03-31,201.8633270263672,201.9111830024573,199.39410761677067,199.39410761677067,392000
2023-04-03,201.53793334960938,202.44713849716547,200.4468842518233,201.81547465013304,562900
2023-04-04,199.31756591796875,202.02605094335703,198.4466512999554,202.02605094335703,1866100
2023-04-05,198.02554321289062,198.9060377947658,197.17375929971607,198.52320453943173,444100
2023-04-06,198.20736694335938,198.3509202722032,196.89618325767822,197.8245337271191,468900
2023-04-10,199.63339233398438,199.63339233398438,197.08760603545298,197.27902995845443,422500
2023-04-11,201.14553833007812,201.89204485206207,200.0927798367235,200.2458985206118,544300
2023-04-12,200.25546264648438,202.73424730181137,199.99705206973664,202.70553663812748,523000
2023-04-13,201.85377502441406,202.18873767201433,199.93007272493782,200.71486989466524,473800
2023-04-14,200.8488311767578,202.8299399429712,199.71949155153885,201.80589222027547,456100
2023-04-17,202.3131561279297,202.3131561279297,200.51387649088014,200.86799904719803,751400
2023-04-18,202.4567108154297,203.3563506399813,201.69107357236769,202.98309737273055,583800
2023-04-19,202.3035888671875,202.6194207964758,201.15510381392315,201.39436909942089,413000
2023-04-20,201.2891082763672,202.12174680453873,200.51387647708302,200.91584040804838,392100
2023-04-21,201.2125701904297,201.53796752307258,200.06408496341376,201.53796752307258,377200
2023-04-24,201.54751586914062,201.88249313268273,200.59045466312892,201.1838425413008,430500
2023-04-25,197.52783203125,200.42772588125146,197.52783203125,200.39901521767464,447900
2023-04-26,195.7477264404297,197.71927017960846,195.27876119424258,197.09718623986197,617700
2023-04-27,198.618896484375,198.64760715018173,195.66158107752972,196.36023161815018,365500
2023-04-28,200.30332946777344,200.42775209527483,197.69055651540742,197.9298218122364,578400
2023-05-01,200.15017700195312,201.35606863718746,199.93004245142907,200.15017700195312,2811100
2023-05-02,197.0876007080078,199.37499093512812,195.10649167012974,199.18356701730102,603100
2023-05-03,196.18797302246094,199.07828721957014,196.00612906495124,197.55656347555913,556900
2023-05-04,194.80979919433594,196.37937888967502,194.11114864674323,195.97741496077535,583400
2023-05-05,198.00636291503906,198.52316946393523,196.3506513635908,196.3506513635908,485500
2023-05-08,197.8628387451172,198.60934531660175,197.2120295319592,198.389210724901,543700
2023-05-09,197.2598876953125,197.75756361633998,196.45595977921866,196.75264641942508,896100
2023-05-10,197.71926879882812,199.06872858883636,195.99655572685958,198.92517525100354,625200
2023-05-11,196.7334747314453,197.22158523217527,195.71899231567494,196.88660801024662,3104300
2023-05-12,196.66648864746094,197.86281500999783,195.38401568809047,197.49912712263676,1447800
2023-05-15,198.00636291503906,198.37005079245043,196.33150605330786,196.91531388639788,1559700
2023-05-16,194.7906494140625,197.00145827409355,194.7140827717055,197.00145827409355,2011400
2023-05-17,197.11631774902344,197.61397902453186,194.7523755777795,195.77642339814682,1195900
2023-05-18,198.9730224609375,199.1835770983282,196.5420933796025,197.09719064148743,569900
2023-05-19,198.32223510742188,199.78653766429045,197.7097164862716,199.5664176638947,493200
2023-05-22,199.27928161621094,200.08320950879443,197.7958338549662,198.5806310383892,480200
2023-05-23,196.82919311523438,199.25055657650168,196.66649447753744,198.53276073770087,635800
2023-05-24,194.8289337158203,195.99653481399895,194.3216779012138,195.84341613784667,492500
2023-05-25,194.6949462890625,195.34575547681246,193.35506649603977,195.0969248305638,558300
2023-05-26,196.65692138671875,197.0014639855173,195.02992034934564,195.23090961680907,380600
2023-05-30,196.580322265625,197.93936172784728,195.9678038137973,197.57567387708988,570300
2023-05-31,195.02993774414062,195.86257634733616,193.76662450493342,195.7381683169478,726800
2023-06-01,196.81007385253906,197.43215782039786,194.23557676671908,195.4414832818115,666600
2023-06-02,201.01156616210938,201.49009677042818,198.51363580254142,198.85817842467475,582500
2023-06-05,200.46603393554688,201.41351512316655,199.79607945091,201.13597381658963,806000
2023-06-06,202.1696014404297,202.55242005682794,200.26504450540224,200.4660337713475,532000
2023-06-07,203.22235107421875,203.68175091817386,202.3035805934955,202.82038716345315,617100
2023-06-08,203.30850219726562,203.57649276658393,201.78677840542306,202.85869687191158,493000
2023-06-09,203.0500946044922,204.08372238627678,202.552418723575,203.67217850294313,457900
2023-06-12,204.61964416503906,204.67706548830841,202.7150875229181,203.54772591750753,802800
2023-06-13,206.72520446777344,207.02189108205494,205.2321914387479,205.4523114100545,883000
2023-06-14,206.3806610107422,207.8832539910848,204.98334533859935,207.1558781876705,1181700
2023-06-15,208.85943603515625,209.1752679449488,205.69156618728826,205.7585674728169,701900
2023-06-16,208.32351684570312,210.14194195065664,207.99811953132883,209.88353132872624,714400
2023-06-20,206.58164978027344,207.28030031288102,205.67243002817486,207.0984563624613,525800
2023-06-21,206.3615264892578,207.0314809966103,205.44275593655976,206.03612919366034,535700
2023-06-22,205.61502075195312,206.0552753210748,204.61968354866173,206.0552753210748,515400
2023-06-23,203.8031768798828,204.65820046597395,203.49576008107752,204.01453234243468,413300
2023-06-26,205.06167602539062,205.6284862368053,203.81276148595296,203.96647720200568,370100
2023-06-27,208.0398406982422,208.3472574490089,205.22497865547,205.676509376805,549700
2023-06-28,208.15512084960938,208.53941011328476,207.0791402295913,207.86690756663694,593900
2023-06-29,209.50009155273438,209.50969328624575,207.65553257908886,208.2223573572336,488600
2023-06-30,211.50796508789062,212.00751912277607,210.78743923770315,211.1428939662055,461800
2023-07-03,212.2188720703125,212.25730832432376,210.76821865280604,211.2581709479315,247500
2023-07-05,211.19094848632812,211.6520809619866,210.23984901234152,211.23898647859482,504300
2023-07-06,209.3367919921875,209.53854570035264,207.5787216426819,209.34640838632805,521000
2023-07-07,210.24948120117188,211.89227218249155,209.01978473427752,209.1062443313705,366000
2023-07-10,212.449462890625,212.4686810191932,209.91321230768932,210.0092882913934,402500
2023-07-11,215.1009979248047,215.36999309446213,212.9874581664374,212.9874581664374,607900
2023-07-12,216.13853454589844,217.21452977186038,215.84071954323304,217.12805552984804,540800
2023-07-13,217.6180419921875,217.8678190292668,216.34030762497457,216.95515581243956,441600
2023-07-14,216.08090209960938,217.6948876633287,215.59094978767587,217.6948876633287,605300
2023-07-17,217.25296020507812,217.87741009677177,215.2643164223356,215.8215101962986,528700
2023-07-18,218.6171417236328,218.79967727955824,217.25294790978955,217.49312318671554,550600
2023-07-19,219.26080322265625,219.84683146739084,218.49223942739422,219.08788406476825,662600
2023-07-20,218.05032348632812,218.77084929033393,217.45469351260653,218.50185416290256,529000
2023-07-21,218.31932067871094,219.10710260159323,217.9062262502252,219.01102662982973,633000
2023-07-24,218.38658142089844,219.19356682793463,217.7525151757405,218.74203613751632,339500
2023-07-25,219.03985595703125,219.6547040891417,218.050334973465,218.19443427820346,437300
2023-07-26,219.1551513671875,219.645118357266,218.25208990067253,218.3962038750461,432000
2023-07-27,216.66693115234375,220.32720022158745,216.23461856274912,220.25034236979386,616700
2023-07-28,217.9542694091797,219.04946815491684,216.99356824066862,219.04946815491684,590900
2023-07-31,218.96298217773438,219.44333270409632,218.24245638819144,218.67476893009027,545900
2023-08-01,218.22328186035156,218.48267530096768,217.42591272732676,217.84860896130056,651000
2023-08-02,215.74465942382812,216.92631770710707,215.31233218877418,216.52282499230782,643000
2023-08-03,214.94728088378906,215.60055063033215,213.92892534966728,214.77434705379244,544000
2023-08-04,213.59268188476562,216.1769702444317,213.33328847766666,215.38918828921842,483600
2023-08-07,215.1682586669922,215.26433465499167,213.93856224811424,214.51497419869835,427500
2023-08-08,213.5446319580078,213.7944089580901,211.56559010583885,212.99703997267574,614100
2023-08-09,212.7760772705078,214.09224775652675,212.32454657706953,213.71757491081578,464100
2023-08-10,212.23809814453125,215.05296016126016,211.66168624500045,213.80404572357233,820200
2023-08-11,212.05555725097656,212.67040539050947,211.315827932208,211.44070911144365,440000
2023-08-14,212.22848510742188,212.27652309460845,210.89311115479393,211.38306344217176,503500
2023-08-15,209.44244384765625,211.12367079123064,209.221486696773,211.12367079123064,617800
2023-08-16,207.8092803955078,209.91321843142666,207.8092803955078,209.26955036741532,637800
2023-08-17,205.70533752441406,208.76037498204659,205.70533752441406,208.76037498204659,928600
2023-08-18,206.29135131835938,206.68524230324692,204.0817357684876,204.62934245369263,660300
2023-08-21,206.2721405029297,206.9734482043362,204.82147245395106,206.52191751269675,632800
2023-08-22,205.84942626953125,207.05030262976,205.59963460475709,206.7813074977996,626800
2023-08-23,207.7804412841797,207.9629768461516,205.79179754810943,206.19529026761447,545300
2023-08-24,205.5227813720703,208.79877567450458,205.45553991713842,207.7131933887012,482000
2023-08-25,206.64682006835938,207.31930793124764,204.56208570470181,206.3297869346115,737300
2023-08-28,208.06866455078125,208.7123325860815,207.45381637832006,207.54987770140465,583800
2023-08-29,210.806640625,210.82585875204003,207.6939783647611,208.1262909387792,549100
2023-08-30,211.767333984375,212.00750925659378,210.55685588968095,210.72978970842883,579400
2023-08-31,211.0564422607422,212.29574031930565,211.0468258672004,212.25731872254792,431700
2023-09-01,212.10362243652344,213.1123616886233,211.57523381312467,212.50711520553583,559600
2023-09-05,209.79791259765625,211.83459425512683,209.7306564837299,211.575200851481,507500
2023-09-06,209.5673370361328,210.16296702626727,208.32803906911278,209.7594743240018,494200
2023-09-07,208.66427612304688,209.01974549848873,207.5402575944166,208.510560428755,318600
2023-09-08,208.4145050048828,209.22149043402086,208.10707360760975,208.8852391756454,358200
2023-09-11,208.83724975585938,209.74991304360893,208.5202165731202,209.43287986086975,424900
2023-09-12,208.4337158203125,209.4904782283127,208.23196214053743,208.4913555404953,478000
2023-09-13,207.30970764160156,208.58744200991,206.68525771879942,208.52980228277593,480900
2023-09-14,209.35598754882812,209.56734296920834,208.09747141965062,208.81799726390972,431100
2023-09-15,207.55947875976562,208.8660328621042,207.23284389896492,208.69309903871016,476100
2023-09-18,207.07913208007812,207.7708380683355,206.47388567556894,207.34812722449647,573200
2023-09-19,206.60836791992188,207.2712539977517,205.65728325097896,207.07911671729804,621800
2023-09-20,205.7533416748047,208.24155387073574,205.69570195739078,207.50182461841115,648300
2023-09-21,201.8946075439453,204.97041963071769,201.84639441753015,204.84506844455439,848600
2023-09-22,201.52822875976562,202.79134808266056,201.36431588105,202.39602099792052,499700
2023-09-25,202.07781982421875,202.13566969409888,200.6508024210443,200.71828903171064,604100
2023-09-26,199.20448303222656,201.55712761576535,198.99235704896466,201.13289036182186,687500
2023-09-27,199.86978149414062,200.85327340239908,198.4331273756668,200.40009647960258,596100
2023-09-28,201.38357543945312,202.36706728447575,199.4069550094122,200.1879576138848,508900
2023-09-29,200.78578186035156,203.18663963429182,200.35187842944507,203.05165170608868,598800
2023-10-02,198.43312072753906,200.650792138984,197.42070391877283,200.51580421198722,748900
2023-10-03,195.6754608154297,198.01846826044488,194.99086985629572,197.4688799155039,1134400
2023-10-04,197.22789001464844,197.43036457337863,194.5859663090372,196.3022478941347,809800
2023-10-05,196.75540161132812,197.43034124832656,195.29945934347577,196.95789085871797,528900
2023-10-06,199.03091430664062,200.01440614243856,195.04874855134256,195.627276622419,502600
2023-10-09,200.6122283935547,200.93041739422114,197.81604342418015,197.81604342418015,460700
2023-10-10,202.1935272216797,203.42770686780221,200.95934757555713,201.007560706477,709800
2023-10-11,202.75274658203125,203.16736181073736,201.2485912106109,202.63704684963903,467700
2023-10-12,200.1204833984375,203.08058114418384,199.01164030192086,203.08058114418384,484800
2023-10-13,199.2237548828125,201.18108712933432,198.45240372734833,200.87254960966467,466200
2023-10-16,201.74034118652344,202.16459317937722,199.59980774082018,200.44831172652778,495800
2023-10-17,202.71417236328125,203.94835180768587,200.40007487058799,200.40007487058799,876200
2023-10-18,199.0213165283203,201.9042765704424,198.80919050823726,201.64395212881738,601900
2023-10-19,196.32150268554688,199.78299020373152,195.96475204866843,199.01162435331497,499400
2023-10-20,193.67959594726562,196.39865749154643,193.58318440310362,196.21545643128312,697200
2023-10-23,192.4840087890625,194.61489094233764,191.87655568865497,192.81183454916908,646000
2023-10-24,193.69888305664062,194.65345002776132,192.72504260434408,193.69888305664062,680200
2023-10-25,190.95089721679688,192.98536764364894,190.74842267572225,192.45506737054234,835400
2023-10-26,190.5266571044922,192.146512259299,190.08311692872508,191.09553375676975,935000
2023-10-27,188.65611267089844,191.18232183359942,188.17401078717188,191.11483522042028,838000
2023-10-30,189.38888549804688,190.3916655666109,187.82688024086056,189.620299678311,1730800
2023-10-31,191.3076629638672,191.53906243982618,189.44674214007065,190.13133325247193,954100
2023-11-01,192.0886688232422,192.3586446914166,190.18918629264124,191.2883779595175,1066400
2023-11-02,196.6396942138672,196.83253200084008,194.31595989250644,194.31595989250644,673500
2023-11-03,200.36154174804688,201.26789562504933,198.7513232546287,198.7513232546287,673300
2023-11-06,198.8284454345703,200.6507897839283,198.09564122869108,200.32294935428632,720900
2023-11-07,199.19483947753906,199.6962295226363,198.24992396809427,198.93451507077975,628100
2023-11-08,198.7802734375,199.64805103576035,197.902844384483,199.42628826510864,598200
2023-11-09,197.14109802246094,199.82158317288284,196.93860876879577,199.82158317288284,626900
2023-11-10,199.47447204589844,199.5708835911928,196.83254853346733,197.46892652525153,458200
2023-11-13,199.08877563476562,199.6383788051924,198.29813625218816,198.64525017230486,617700
2023-11-14,205.44288635253906,206.0406879295844,202.86844956491976,202.86844956491976,836300
2023-11-15,206.0599822998047,207.70876241255806,205.67429198645513,205.67429198645513,660100
2023-11-16,205.23074340820312,206.55169764030805,204.6811402907823,205.94424466054386,723100
2023-11-17,206.39744567871094,206.60957167383944,205.63573121444486,206.26245774659108,666700
2023-11-20,207.3230743408203,207.814812909108,205.59714155663485,206.04068171216156,583300
2023-11-21,206.98562622070312,207.38095330636182,206.53244926154943,207.0434760941981,607100
2023-11-22,207.9112548828125,208.46084335803948,207.1977388265126,207.8437535597141,718200
2023-11-24,208.76939392089844,208.79831885554003,207.63162587886526,207.68947574814842,190700
2023-11-27,208.2872772216797,208.67295279781263,207.51591135683367,207.97872499070922,753400
2023-11-28,207.94020080566406,209.16472907256363,207.64129997338804,207.7666364663079,595000
2023-11-29,208.9140167236328,210.49531022439984,208.58619099224256,209.23220571442255,625000
2023-11-30,210.44708251953125,210.5338720292486,208.71152772646457,209.2707528941807,672800
2023-12-01,213.90858459472656,213.96643445943172,209.98426869631916,210.29282092485343,1030400
2023-12-04,213.6964874267578,214.40035206320053,212.4912327076385,212.4912327076385,689900
2023-12-05,211.84518432617188,212.99257427812626,211.1798814727812,212.74188663286037,716000
2023-12-06,211.65235900878906,213.8121806965713,211.40167133133372,212.6840640791499,661900
2023-12-07,212.5008544921875,212.68405555061233,211.52701404421148,212.13445237533784,594300
2023-12-08,213.33004760742188,213.8699992722121,212.28870594850662,212.51046865813558,622400
2023-12-11,215.42237854003906,215.44166673263513,213.48433449266784,213.48433449266784,671900
2023-12-12,216.01055908203125,216.39623468654756,214.43890230409394,215.4995322853856,623700
2023-12-13,220.60980224609375,220.8604899033189,215.78878390466943,216.07804794767097,765000
2023-12-14,223.7241973876953,224.7944641504296,222.7407054323926,222.7503568860506,950800
2023-12-15,222.1332550048828,223.6084855014339,221.57401508861273,223.6084855014339,703400
2023-12-18,222.39356994628906,223.14564762967035,221.95004449843873,223.14564762967035,823100
2023-12-19,224.37982177734375,224.50515823830284,223.14562765825988,223.31919195335723,870500
2023-12-20,220.51336669921875,224.7365832963164,220.47480502764816,223.82059279257243,671100
2023-12-21,223.5015106201172,223.5499596528378,221.51461223886542,222.59044401092297,919900
2023-12-22,224.45130920410156,225.09099607200315,223.34640224548974,224.335007878694,593100
2023-12-26,225.9148406982422,226.48667531483332,224.5579424912325,224.82932213263445,627500
2023-12-27,226.4963836669922,226.53514585016396,225.48838943554605,226.29284153536577,779500
2023-12-28,226.74838256835938,226.8453102132191,226.10869560608256,226.15715942851241,732600
2023-12-29,225.4787139892578,226.82592545609953,224.8487286545575,226.46731978457004,703400
2024-01-02,224.1993408203125,225.30424789104637,223.44333776120683,224.07333784561465,793100
2024-01-03,220.67137145996094,222.619507554027,220.56477176235657,222.619507554027,806700
2024-01-04,220.6907501220703,222.13488905215175,220.38060831311438,220.67136163742288,963200
2024-01-05,221.0978240966797,222.43534857223432,219.86692889433107,220.01230555946486,582000
2024-01-08,223.90858459472656,224.03457278704244,220.86524286690246,221.46615285988025,932500
2024-01-09,222.76487731933594,223.5208655509223,221.97012690701112,222.40627168845236,957900
2024-01-10,223.47242736816406,223.9085721707729,222.20274035387564,222.93935492538364,579000
2024-01-11,222.73582458496094,223.50151453122828,220.94278145954277,223.1719694106528,799700
2024-01-12,222.3675079345703,224.27686711192456,221.77629960595732,223.65656865967782,462000
2024-01-16,220.75860595703125,221.53398267545185,220.02199141944533,221.068747770951,759400
2024-01-17,218.90736389160156,220.0316592209682,217.93814683988793,218.90736389160156,710500
2024-01-18,220.18675231933594,220.41936976709692,218.12232977814443,219.59554403580282,539400
2024-01-19,221.8732147216797,222.28028419864316,219.40170773596824,220.88460896957875,657500
2024-01-22,223.5790252685547,224.41255268444553,222.68734718466143,222.68734718466143,650800
2024-01-23,223.34642028808594,224.46101418416194,222.60980573011875,224.29624903016435,666100
2024-01-24,221.83444213867188,224.85839513382774,221.7762914717006,224.75178064802,599900
2024-01-25,223.7729034423828,224.09274693820174,222.45476727283338,223.81166562865653,549200
2024-01-26,223.59841918945312,224.59671178531093,223.3270395394577,223.97641332973828,481300
2024-01-29,225.43994140625,225.44962825481556,223.25920256337,223.54995591115522,590200
2024-01-30,225.22669982910156,225.7500706149267,224.56762443645707,224.91654322336746,499800
2024-01-31,222.12521362304688,225.36241064340587,221.94107475895248,224.86810035559833,714400
2024-02-01,224.96499633789062,224.96499633789062,221.1462783486981,222.75518238896058,676300
2024-02-02,225.00376892089844,225.91483546266866,222.5516505677922,224.17024153045767,737400
2024-02-05,222.77459716796875,223.78257662945848,221.6793769117943,223.77288978075217,638100
2024-02-06,224.66453552246094,224.69361085347148,222.92962856373967,223.2397851466252,777100
2024-02-07,225.69192504882812,226.45760015428047,224.4416413277757,225.6531628667759,464100
2024-02-08,226.5739288330078,226.74838084553116,225.5271723906214,225.99239254643243,477500
2024-02-09,227.17483520507812,227.36867570116053,226.04085277446026,226.87438021778817,822400
2024-02-12,228.1827850341797,229.0066255219265,227.17480571196376,227.22326952696298,634800
2024-02-13,224.00546264648438,224.9746797950608,222.40626026696523,224.4125320741969,741700
2024-02-14,227.01007080078125,227.16514911379693,225.08132310398898,225.75008538842235,559800
2024-02-15,229.5881805419922,229.81109636236397,227.66911979210272,227.66911979210272,618100
2024-02-16,228.38632202148438,230.03398817096001,228.1440177410003,228.9096927601349,510000
2024-02-20,227.44622802734375,227.7563846703002,226.78716734468537,227.2717760074928,582400
2024-02-21,227.6788330078125,227.75637216429396,226.23469394787367,226.6320765789355,433000
2024-02-22,230.3829345703125,230.9353954948647,228.7255813748186,229.27802751028943,1051100
2024-02-23,230.83847045898438,231.5072327271614,230.39263880625404,230.67370530131606,614300
2024-02-26,230.4022979736328,231.66228320398645,230.2762950138735,230.993521016156,556300
2024-02-27,231.54600524902344,231.6623213806925,230.84816761533781,231.4103154196447,424400
2024-02-28,231.8367462158203,232.3310564420298,230.67368855905295,230.92567970147704,490800
2024-02-29,233.15489196777344,233.58134991062673,231.72045462378782,233.10642814897992,640000
2024-03-01,234.73471069335938,234.82193668999534,232.14690260292917,233.465038556501,524200
2024-03-04,235.57794189453125,236.1691650072789,234.62811313258769,234.9867187817836,619200
2024-03-05,233.62010192871094,235.69422609674297,232.74781238470027,234.95762636600242,814800
2024-03-06,235.587646484375,236.20794493920494,234.74441741160868,235.50040569127384,691800
2024-03-07,237.69082641601562,237.971892890865,236.72160923655085,236.96391353141703,1568500
2024-03-08,236.8960723876953,238.93143447606735,236.4405391087652,238.13666925271482,598400
2024-03-11,237.08023071289062,237.16745671549552,235.4131758696166,236.27577862545525,594800
2024-03-12,237.69082641601562,237.94281755860752,236.20792531456092,237.30313067078143,457100
2024-03-13,237.41946411132812,238.40805505837315,236.7313133565043,237.7102174551169,365000
2024-03-14,235.1417999267578,237.50669240627033,233.5135072404206,237.4000779161585,777500
2024-03-15,234.88980102539062,235.73301528089985,233.5232011850899,233.8915084640853,576100
2024-03-18,235.35499572753906,236.16913456139264,234.85099868269083,235.57791152486288,397100
2024-03-19,236.71194458007812,236.79918537956033,234.77350991831648,234.8607507177987,603100
2024-03-20,238.92172241210938,239.18341519241247,236.2660767962028,236.59560708898118,500400
2024-03-21,240.6576690673828,241.48476274910163,239.95706333242936,240.21977934722753,544600
2024-03-22,239.22727966308594,240.97877924595505,239.12024225766646,240.7744445569021,444100
2024-03-25,239.2078094482422,239.87922453709763,239.10077204497907,239.32457212534877,516200
2024-03-26,239.12026977539062,240.31713192081733,238.94511088829861,240.21981977823862,696200
2024-03-27,242.58432006835938,242.58432006835938,240.48250292714906,240.69657772011,549100
2024-03-28,243.12924194335938,243.66442894693643,242.76921379901935,242.837320409795,459800
2024-04-01,241.5529022216797,243.35305790867085,241.27070594330064,243.35305790867085,617500
2024-04-02,239.22727966308594,240.22953225576532,238.60452062639442,239.82084802991275,934700
2024-04-03,240.07383728027344,240.3365681551561,238.6920911402647,238.6920911402647,1007500
2024-04-04,237.20330810546875,242.31188317921664,236.9113865602767,241.8156120980662,959900
2024-04-05,239.27590942382812,239.9084085520198,237.4270977981052,237.45628846657218,744700
2024-04-08,240.1808624267578,240.9106588270486,239.55810342575285,240.06409975398995,836000
2024-04-09,240.72579956054688,241.52371750086408,238.7212942830146,241.1734145986329,675100
2024-04-10,237.14492797851562,238.42936199708282,236.20105672462498,236.87245697992907,599200
2024-04-11,237.12545776367188,238.32231974823438,235.63667423835733,237.72875139287885,405100
2024-04-12,233.47647094726562,236.30808459467664,232.79533059765114,235.8118135310142,579100
2024-04-15,230.76162719726562,236.21077986022524,230.0707615523713,235.7437142984062,1592100
2024-04-16,229.6328887939453,230.70324800171596,228.66955214397976,230.45025724666036,575400
2024-04-17,229.01986694335938,230.85895348150447,228.32898640836163,230.83948808464254,698700
2024-04-18,228.78631591796875,230.96597998338177,228.20248766941387,229.73018717659986,624700
2024-04-19,228.6598358154297,230.17781010064198,227.87164315403356,229.00039859351094,459100
2024-04-22,230.50863647460938,231.60820118995355,228.1830190914254,229.58423062481174,614900
2024-04-23,232.4547576904297,233.3207821912206,230.7227086888479,230.9367834955824,546300
2024-04-24,233.0386199951172,233.92409511665574,231.83201778924115,232.98022380394374,426000
2024-04-25,233.35972595214844,233.91436354751698,230.119427849478,231.7055087449419,367300
2024-04-26,233.91436767578125,234.74147629398183,233.20403659109854,233.4667526340821,369100
2024-04-29,235.3350372314453,235.68534012539754,234.40089123165703,234.73172872934887,326200
2024-04-30,231.64710998535156,234.5954863093096,231.58872864788643,234.33277029071644,498300
2024-05-01,231.24815368652344,234.59548898499952,230.3529385237734,231.05354427683798,548800
2024-05-02,233.18453979492188,233.75864271965114,230.43077299357805,232.90235839305774,749100
2024-05-03,234.62469482421875,235.7145343148663,233.6808235360828,235.48099409949603,755000
2024-05-06,237.07681274414062,237.07681274414062,235.49071701543167,236.22051347743928,761800
2024-05-07,237.40762329101562,238.04012239493068,237.09625122340364,237.24220456013654,348200
2024-05-08,237.02813720703125,237.24221200612192,236.3080809262224,236.51241560406163,308300
2024-05-09,238.79913330078125,238.82832397104437,236.88220009885237,237.14493097896738,426000
2024-05-10,239.12026977539062,239.8987075250269,238.79915752217892,239.7332887608418,318000
2024-05-13,238.61424255371094,240.61874771095518,238.52667054534507,240.01545407855062,495100
2024-05-14,239.57757568359375,240.15167863814304,238.69208579574885,239.39269154791776,718300
2024-05-15,242.27296447753906,242.4383832302617,240.94959960801074,241.33883330360572,509300
2024-05-16,241.54315185546875,242.66218195178428,241.49449579080348,242.09780426670923,391100
2024-05-17,242.01025390625,242.0978259218328,241.08583313816172,241.99078850909348,688800
2024-05-20,242.16590881347656,242.71082109848837,241.69884326171592,242.25349566822547,377800
2024-05-21,241.9518280029297,242.10752146556715,241.24149699529679,241.8350653298245,335700
2024-05-22,241.29991149902344,242.38001091694576,240.57985511890715,241.7475265536953,294900
2024-05-23,237.9428253173828,242.31187859537465,237.6995598422824,242.31187859537465,329100
2024-05-24,239.9570770263672,240.2295331779815,238.61424681644905,239.26619652550804,339100
2024-05-28,237.92337036132812,240.22953726293468,237.18384862976373,240.0641185143379,357300
2024-05-29,234.84849548339844,235.77290131876768,234.741458080498,235.77290131876768,362800
2024-05-30,235.94802856445312,236.4151089335928,234.92631067260982,235.27661352559196,342100
2024-05-31,238.01095581054688,238.07906242533178,234.35223342361996,236.5610881787331,426300
2024-06-03,236.35671997070312,238.48772782078652,234.2841083043547,238.4293464847972,593200
2024-06-04,235.72422790527344,236.35671215456927,234.74144080388035,235.4614970542642,451400
2024-06-05,237.3687286376953,237.64118478919417,235.38367399363605,236.64865746716453,436200
2024-06-06,236.72650146484375,237.85525684956684,236.19131444210896,237.23249781795178,360000
2024-06-07,235.5491180419922,237.0476269417475,234.9555496467926,235.47127130271633,509500
2024-06-10,236.61947631835938,236.8724670841463,234.4008962253131,234.90689260463424,326900
2024-06-11,235.89939880371094,236.15240441047206,234.17708986162896,235.56856130782762,471200
2024-06-12,237.59249877929688,239.24670087570092,237.06705193841364,238.5947512490841,409200
2024-06-13,236.93087768554688,237.42713397284174,235.51020059679854,237.3298218312946,394900
2024-06-14,235.17935180664062,235.66588279557482,233.44730267385478,235.45180797262398,347300
2024-06-17,236.61947631835938,237.00871001312458,233.97274658494499,234.65388699110002,698900
2024-06-18,237.4952392578125,237.68984867989735,236.61947458680993,236.88220547288543,582800
2024-06-20,237.4465789794922,238.12771936858343,236.75569846843376,237.69956973894125,477200
2024-06-21,237.183837890625,237.5536061635384,235.7923665019182,237.45629403453606,348400
2024-06-24,238.3612518310547,239.694341895494,237.5146778735106,238.1082462320833,695600
2024-06-25,237.3006134033203,238.68235959296695,236.52217572017923,238.68235959296695,488800
2024-06-26,235.7437286376953,236.2302596247765,235.24745752831413,236.2302596247765,407200
2024-06-27,236.64138793945312,236.64138793945312,235.33246942041438,235.879479254944,405300
2024-06-28,236.485107421875,238.31173272141086,235.42037589344343,237.2763191311948,410000
2024-07-01,234.66824340820312,237.5498226043177,234.3361175244751,237.2958431105904,571400
2024-07-02,235.7427215576172,235.80132762360014,234.42404035830143,234.51194945727588,634600
2024-07-03,235.95762634277344,236.9637369138745,235.7036617488208,236.0553130584707,464300
2024-07-05,236.0650634765625,236.26042199288486,234.52170585928695,236.11390683186795,445300
2024-07-08,236.524169921875,237.39352800975055,235.9185540351234,236.6120790206164,495900
2024-07-09,235.93807983398438,237.2567759368294,235.80132737853302,236.63161972549466,474600
2024-07-10,237.84288024902344,238.05777910651187,235.93809356629413,236.77814867150326,487600
2024-07-11,240.7342071533203,241.25191393971178,239.12248072850156,239.20062711766062,472500
2024-07-12,242.95156860351562,244.08466890872677,241.66217551726157,241.7696249411161,594800
2024-07-15,243.26414489746094,244.59260375730793,242.61946324429573,243.28368522176908,375700
2024-07-16,247.55230712890625,247.60115048282597,243.8795164495882,244.12371831428777,607200
2024-07-17,245.17869567871094,247.4155784157908,245.1005492859225,245.91130134308955,831400
2024-07-18,243.60604858398438,247.80632427627933,243.10788207003475,245.3643052580731,1215700
2024-07-19,242.35569763183594,244.28977221438123,241.8184505519903,243.99672699765648,504600
2024-07-22,244.9930877685547,245.0419311247496,241.9063724777926,243.7720783881804,457000
2024-07-23,243.86976623535156,245.26659381864766,243.80138255538057,244.514462768365,1381800
2024-07-24,240.1090545654297,243.74277973916824,239.9136960420362,243.0883204881051,483300
2024-07-25,240.421630859375,244.00651253785566,239.69878795529223,240.03089892274943,494700
2024-07-26,243.31300354003906,244.0651495716966,241.31054496232554,241.6914993333129,361600
2024-07-29,243.55718994140625,244.23118953292737,242.5999227197025,244.18234617464753,399900
2024-07-30,244.36795043945312,245.66710630911928,243.2641531047584,244.47539986942255,447600
2024-07-31,246.0382843017578,248.19702058644998,245.2665980098398,246.8783393699154,392300
2024-08-01,242.46319580078125,247.08349180667585,241.0272873645154,245.9894720094835,1610600
2024-08-02,237.99916076660156,240.28490183019662,235.34224295815494,240.28490183019662,689900
2024-08-05,232.3238983154297,235.08826540151213,230.1749247400536,230.59495972661665,818800
2024-08-06,235.29339599609375,238.370333667327,233.1248821479276,233.9649371963604,611300
2024-08-07,233.58399963378906,239.00526973845726,233.41794413501498,237.59867935385893,462900
2024-08-08,238.39964294433594,238.55593572602172,234.6975489706663,234.99059421010216,563200
2024-08-09,238.9857177734375,239.493646923305,236.57300214442017,238.54615739551795,379300
2024-08-12,237.87217712402344,239.13225229675734,237.3935360620298,239.00526254655693,743400
2024-08-13,240.5486297607422,240.8807556663236,238.44849942154931,238.80991345729578,912300
2024-08-14,241.17376708984375,241.73055452220098,240.32394932982447,240.9686458604803,527100
2024-08-15,244.5535430908203,244.8172853073046,242.9320389522882,243.39113970120874,470800
2024-08-16,245.3251953125,245.3642759588693,243.95767078756253,244.20187266022276,369100
2024-08-19,247.19090270996094,247.26904909827851,245.3935804933554,245.5791763024972,395300
2024-08-20,245.99920654296875,247.31790267988987,245.62802981423775,247.1518471871865,397700
2024-08-21,248.3435516357422,248.40215770272107,246.56575477791566,247.04439583307666,367200
2024-08-22,247.4839324951172,249.17380518543808,246.99552877728698,248.63655811484514,336300
2024-08-23,250.59019470214844,251.04929540177915,248.2653881725205,248.84170099804874,461000
2024-08-26,250.22879028320312,252.08471857044145,249.98457350340905,251.39116378268568,678500
2024-08-27,250.22879028320312,250.37530544618,249.17382149017138,249.4668667210247,447000
2024-08-28,249.21290588378906,250.55112740876305,248.12864894675982,249.8673651297581,366700
2024-08-29,250.17994689941406,251.93821838909037,249.0566241700603,250.39484575449225,361400
2024-08-30,252.2117156982422,252.29962479860177,249.34966189014668,251.31303965601083,318000
2024-09-03,247.9821319580078,251.508422771613,247.09324840086168,250.7758170972691,478800
2024-09-04,247.4839324951172,248.8514569430823,246.69272085701604,247.4839324951172,376200
2024-09-05,246.09689331054688,247.80630650067187,244.9247272468698,247.3960491236299,468800
2024-09-06,243.25437927246094,247.59140711306932,242.8538846058957,246.3997007278607,471200
2024-09-09,245.92105102539062,247.03461098006022,244.64143558417993,244.8465717174952,421700
2024-09-10,246.223876953125,246.39969515111085,244.35817102614283,246.223876953125,374800
2024-09-11,247.0346221923828,247.2886016932435,241.66218069436428,245.85269340956287,440800
2024-09-12,248.74403381347656,248.89056388724848,245.86245455476472,247.28860011968357,370600
2024-09-13,251.15675354003906,251.62563189753428,249.6720167893388,249.6720167893388,454200
2024-09-16,252.71963500976562,253.22756417304723,251.34233287166484,251.8405142307095,431300
2024-09-17,253.36434936523438,254.63418726772454,252.53405697831346,253.32526871613902,534500
2024-09-18,252.5242919921875,255.8454617059611,252.28009009028077,253.41319049230432,508600
2024-09-19,255.89430236816406,256.8906354439381,254.57560607300752,256.8906354439381,471500
2024-09-20,255.5621337890625,255.5621337890625,253.91132684041776,255.38631560525113,311700
2024-09-23,256.9199523925781,256.9785584702203,255.75754883633263,256.25573030609655,684900
2024-09-24,257.3594665527344,257.6427490671422,256.6170833328236,257.57436538956125,411700
2024-09-25,255.82589721679688,257.8478960457579,255.3374934306595,257.77951236134635,443500
2024-09-26,257.21502685546875,257.91106860789364,256.54839447517514,257.4797411226278,398200
2024-09-27,257.9699401855469,259.24438631508036,257.626810868217,258.2248114606653,479600
2024-09-30,258.6463317871094,258.7345898211253,256.18566788076726,257.69538886805964,551000
2024-10-01,257.28369140625,258.6855881860332,255.90139090438643,258.5679506825523,571300
2024-10-02,257.27386474609375,257.80326340183206,255.8817811376449,256.7836885621087,444600
2024-10-03,256.3621520996094,257.1856445238443,255.51906339788584,256.6170532968658,399000
2024-10-04,258.607177734375,258.6659964871567,256.4307941275064,258.30327087234224,467700
2024-10-07,256.51904296875,257.793489272565,255.39164355876218,257.793489272565,518800
2024-10-08,257.4208679199219,257.7639971740605,256.31309506326573,256.8032711640423,392200
2024-10-09,259.1463317871094,259.558092930359,257.07780272772703,257.5385695203731,454200
2024-10-10,258.362060546875,259.1463304410172,257.7836562642989,258.6267449046028,627200
2024-10-11,261.41094970703125,261.5972190480834,258.39147761488704,258.74439010236716,373300
2024-10-14,263.4794921875,263.6951708889632,261.12662274681855,261.7932850445997,291000
2024-10-15,262.6363525390625,264.8911805854136,262.352042019545,263.6853365899225,473300
2024-10-16,264.44024658203125,264.63632902906033,262.88148985748705,263.21480608305177,402400
2024-10-17,264.0187072753906,265.46963962437894,263.80302854672993,265.26374407567,382400
2024-10-18,265.0088806152344,265.1461144004438,263.4109013399771,264.79320188020614,309100
2024-10-21,263.14617919921875,265.0872576180264,262.35206630664146,264.7147189547867,354100
2024-10-22,261.5285949707031,262.27367235704185,260.37178633674176,261.6462623880044,398300
2024-10-23,260.7247009277344,261.7932813231646,259.195353763818,260.61684661954706,763600
2024-10-24,260.9501647949219,262.07756394233365,260.24430995096344,261.5677915231327,969500
2024-10-25,259.9012145996094,262.714851164141,259.58752456421024,262.3129030834936,585500
2024-10-28,261.4599914550781,262.1756295442642,261.1462715134726,261.2246865398838,402400
2024-10-29,260.8325500488281,261.6952649242158,259.90120332699365,260.5384563040279,948400
2024-10-30,260.6070556640625,262.3128891210326,260.27373945058054,260.4110031421213,437400
2024-10-31,257.54833984375,260.35216292997586,257.53855666514636,259.7835418518704,1116600
2024-11-01,257.4895324707031,260.2149107405857,257.28366685925283,258.85223656463376,481600
2024-11-04,257.4208679199219,258.74434937561364,256.6758205909644,257.1561835959735,1322600
2024-11-05,261.4501647949219,261.4991704441392,257.55816485534064,257.86207168363717,420400
2024-11-06,268.32244873046875,268.55772371945994,265.29313365731076,268.55772371945994,837500
2024-11-07,269.1949768066406,269.85182611486215,268.2048112541515,269.18516370834425,758800
2024-11-08,271.2635192871094,271.65565426096884,268.9106496079911,269.17536390178134,581800
2024-11-11,273.1849670410156,274.1751324070792,272.2144278678496,272.48892530662266,496500
2024-11-12,271.3321228027344,273.09677507238615,270.3517704033659,272.5085576491689,499500
2024-11-13,271.10662841796875,273.05751988522803,270.76349913570283,272.15558262195566,550000
2024-11-14,268.57733154296875,271.312523079504,268.3616528211276,271.18507248232777,582200
2024-11-15,266.9695129394531,268.7341348969346,266.36169937449785,267.9890576660995,495900
2024-11-18,268.3616638183594,269.02832620644796,266.7833107713728,267.3617151131992,606000
2024-11-19,269.2047424316406,269.44001740540256,266.1460481008262,266.26368558770713,918400
2024-11-20,270.09686279296875,270.36154713472234,267.7439934165847,269.6949147731361,1175100
2024-11-21,273.7928161621094,274.37122048602254,270.5086296494668,271.8027019934662,665300
2024-11-22,276.302490234375,276.5868007800475,274.4398268372347,274.488832485326,1240500
2024-11-25,278.3808288574219,279.7337198091932,277.79261149778506,278.5082794424406,577400
2024-11-26,278.4494323730469,278.7435260639598,277.33184642960316,277.9886656453002,452600
2024-11-27,278.33184814453125,279.9886460622446,277.8514850514834,279.1063349027357,448100
2024-11-29,279.0376892089844,279.772953458419,278.93964799213063,279.1749229781965,227000
2024-12-02,278.01812744140625,279.52787848139997,277.45931940532034,279.4298372599494,527100
2024-12-03,277.5279541015625,278.43967464265484,277.05737418455647,278.1357677956241,576400
2024-12-04,278.76318359375,278.76318359375,277.39069635190435,278.5769142625733,1219400
2024-12-05,277.4102783203125,279.38079592324976,277.3122371113846,278.9886310875383,421400
2024-12-06,277.8710632324219,279.2337373962352,277.5769695043984,278.7827837072731,385100
2024-12-09,274.9300231933594,278.5671221375619,274.85157824907503,278.5671221375619,591900
2024-12-10,272.2144470214844,274.69473724140965,271.92032336911853,274.69473724140965,543700
2024-12-11,273.1849670410156,273.97904998596545,272.76342274539576,273.7829675648517,416100
2024-12-12,272.0575866699219,273.52811517572076,271.97914172887766,273.1849858741052,578100
2024-12-13,270.9889831542969,272.3516572297059,270.43017518932686,272.3516572297059,481200
2024-12-16,270.4007873535156,272.1458133075045,270.26352366642556,271.2732853715206,486700
2024-12-17,268.1655578613281,269.8223555264941,267.8420248707704,269.4498168915371,585500
2024-12-18,259.0973205566406,268.57731064648215,259.0679111840405,268.3714450382812,708800
2024-12-19,258.5287170410156,262.567764048619,258.5287170410156,261.0384167334678,966700
2024-12-20,262.656005859375,264.15594370723653,257.6365768666697,257.8816649458496,1060700
2024-12-23,262.5998840332031,262.7672398387501,260.14881692026347,262.1274065408961,691400
2024-12-24,264.85406494140625,264.91312462112194,262.314408592045,262.7868860297705,428800
2024-12-26,264.9033203125,265.3462980328102,263.3480317248411,264.1158377436535,691900
2024-12-27,262.6392517089844,264.65719430815415,261.2316125284696,263.6925327911306,634700
2024-12-30,260.0306701660156,261.1233042924538,257.73707576500505,260.7590929169744,712400
2024-12-31,260.00115966796875,261.42847543590807,258.93802526207196,261.07411732763006,848000
2025-01-02,259.6172180175781,262.0584615785238,258.3276982846408,261.49736458435234,653700
2025-01-03,262.89520263671875,263.1708245103945,259.87318527998536,261.0544390474705,551200
2025-01-06,263.092041015625,265.2675160609948,262.7376829328944,264.44065049409426,562700
2025-01-07,261.487548828125,264.50953597561886,260.5523871443622,264.0862649147702,620900
2025-01-08,262.2258605957031,262.2750669897484,259.4597583018739,261.3005520795971,694300
2025-01-10,258.711669921875,260.92649847792984,258.10136641513657,260.54258044209024,977200
2025-01-13,259.9716491699219,259.9716491699219,256.6248032781794,257.3433728424996,813300
2025-01-14,262.5506591796875,263.2298755676512,260.7000423568606,261.5269079507881,563000
2025-01-15,265.2380065917969,267.1968895719068,264.6965860920036,267.00985722259134,716600
2025-01-16,268.1812438964844,268.4765423062303,264.97219432143885,265.72032368016846,577800
2025-01-17,269.5396728515625,270.5141876304761,268.87030977191534,269.80544141657634,532800
2025-01-21,273.0440368652344,273.24089246703045,271.32139263672906,271.48871839622916,669300
2025-01-22,272.35498046875,273.83153273677704,272.17780140631464,273.83153273677704,577400
2025-01-23,273.10308837890625,273.27041413340015,271.1934118594845,272.12857357176387,687900
2025-01-24,272.99481201171875,274.0382699116681,272.5715409073489,273.11296142644454,423900
2025-01-27,270.5831298828125,271.124520365115,268.9884582391244,269.7168810787022,706600
2025-01-28,270.5929870605469,271.5281188198096,269.26408399155963,270.83907910885813,544100
2025-01-29,270.0023193359375,271.4886946555657,269.1459239437113,270.4452669316431,493600
2025-01-30,273.36883544921875,274.1268180534025,271.31150988455784,271.88246016099714,511000
2025-01-31,271.3016662597656,274.3729198371908,270.9768380182024,273.427904871585,596500
2025-02-03,270.32720947265625,271.3312843338941,266.23223386502,267.15754244196614,645200
2025-02-04,270.9177551269531,271.6265012701709,269.9727702828383,270.2385388213475,476900
2025-02-05,272.9357604980469,273.0046734819008,270.28780763196653,271.6954769913437,636700
2025-02-06,272.7979431152344,273.6740151248542,270.7996770243692,273.5952788927377,593300
2025-02-07,271.9907531738281,274.3926137928719,271.6757481653071,273.5756014700846,1252500
2025-02-10,273.6051330566406,273.6740159947623,272.13840411909473,273.6740159947623,525200
2025-02-11,272.0990295410156,272.3549448064016,271.2819872369931,272.20729560703876,505300
2025-02-12,270.73077392578125,271.1540450249827,268.73250776199285,269.14595560715316,529400
2025-02-13,272.15814208984375,272.27626147227977,270.01219649362923,270.7012662785521,550500
2025-02-14,271.3804626464844,272.86686819317487,271.36078609771556,272.6601292487059,552700
2025-02-18,273.2310791015625,273.28028549365945,271.5970243408084,272.3845068575546,626800
2025-02-19,273.2113342285156,273.73304808187453,272.2368194935031,272.69947366840836,509200
2025-02-20,271.4493408203125,272.6108878999121,269.3526320847895,272.2368232375427,1214600
2025-02-21,266.2026672363281,271.86278400615697,265.5726872517192,271.86278400615697,903400
2025-02-24,265.7794189453125,267.2461179776324,264.2142770830542,267.2461179776324,526100
2025-02-25,265.2576904296875,266.6161233028767,263.0428620600614,265.7203446685196,672000
2025-02-26,265.2478332519531,267.8367262925898,264.6867662373329,266.11408203032164,465500
2025-02-27,262.61956787109375,266.724365932565,262.550654895925,265.89750035212853,626500
2025-02-28,266.28143310546875,266.3995524748704,261.9698958791207,263.131443065612,675800
2025-03-03,262.6687927246094,268.28952643228797,261.31035987534705,267.46266079372214,663600
2025-03-04,258.84942626953125,262.8361350850631,256.88069007633925,260.85754559793554,878600
2025-03-05,261.6253662109375,262.1569334243136,257.3138288991209,258.8199109699099,673300
2025-03-06,256.870849609375,260.2767545840104,256.112866999851,258.74114285946825,816000
2025-03-07,258.7608642578125,259.3908743260727,253.92761278477903,256.36885673848724,761700
2025-03-10,253.4846649169922,257.333548185709,251.46670710196744,256.0046451069626,1802800
2025-03-11,251.36825561523438,254.0851063476621,249.70467101049437,253.68151179450595,1353100
2025-03-12,250.9351348876953,253.98666723650908,249.1829607272092,253.69136879843447,1149100
2025-03-13,247.93280029296875,251.23043959238876,246.77125308963664,250.8563748901726,956900
2025-03-14,253.28778076171875,253.57325595289734,249.39952935085782,250.20670346949117,1422000
2025-03-17,257.0382385253906,258.00293024709606,252.9137330601052,252.9137330601052,559500
2025-03-18,255.1187286376953,256.39839532675535,254.02606427596047,256.27042264974244,831500
2025-03-19,257.914306640625,259.4203886970943,255.38447330456225,255.45338628426785,1398000
2025-03-20,257.2252502441406,258.8789815995177,256.36885472226794,256.68385975392073,1550000
2025-03-21,256.2802734375,256.59527847929047,253.58308407290374,255.43370114275493,694400
2025-03-24,261.1331787109375,261.47771356769204,258.64272852090176,258.9774100832962,714200
2025-03-25,260.6902160644531,261.73367398924603,259.4400792704339,261.3989623670194,445600
2025-03-26,259.23333740234375,262.0683222521754,258.47535476203785,260.9362749385542,477300
2025-03-27,257.9944763183594,259.981873058609,256.9167426645956,258.87447811801684,683600
2025-03-28,254.22731018066406,258.0142383122284,253.33744151300965,257.63850860995876,562600
2025-03-31,255.71041870117188,256.83760773752357,251.18194368770492,252.1608112306369,728900
2025-04-01,256.5508728027344,257.1935540401606,252.86284083391863,255.1073067630278,1103600
2025-04-02,258.95355224609375,259.89287657378014,254.04936195844365,254.04936195844365,833000
2025-04-03,246.3766326904297,252.58599442664834,246.22832627648728,250.92488715488113,1589100
2025-04-04,231.64427185058594,241.04727579593919,230.98181138108265,240.5331368294464,2246200
2025-04-07,229.74588012695312,238.50620304313355,221.13386363042733,224.6637072894386,3211800
2025-04-08,225.96885681152344,237.52734357712524,222.88396247967796,237.0428658648506,1994600
2025-04-09,243.91465759277344,245.66474872651366,222.71586233342381,223.85291841481646,2598900
2025-04-10,236.90443420410156,240.23651586591492,230.68519014101966,239.485071525123,1623100
2025-04-11,240.8791961669922,241.58121508964766,233.9282870094848,236.5583648223587,1396700
2025-04-14,244.06295776367188,245.06160455684068,241.42299803265502,244.65621358312112,912100
2025-04-15,243.49937438964844,246.05035023277597,243.2126285495907,244.10251226442418,925900
2025-04-16,240.9385223388672,244.7155534767723,239.03024263842306,242.73805405473777,754300
2025-04-17,242.96543884277344,244.69575067025704,241.43287392100646,241.7888243861451,815800
2025-04-21,237.369140625,241.996481840853,234.93680979737698,241.30436008896763,918900
2025-04-22,243.83555603027344,244.41891471300866,240.08820142994097,240.08820142994097,646500
2025-04-23,246.54473876953125,252.0026261409935,245.70429550659117,248.769425549772,685100
2025-04-24,251.1918487548828,251.60712179272468,246.2184392786823,247.30605482909036,644600
2025-04-25,250.87545776367188,251.3006279810047,249.0561619321791,250.72715134316226,4186000
2025-04-28,251.72576904296875,252.43766999587513,249.38243720714001,251.42914113140407,950000
2025-04-29,253.30776977539062,253.75271917797653,250.25253704380026,250.72713264115362,779000
2025-04-30,253.20889282226562,253.73292892684603,247.60268414877794,250.22287975880212,1076000
2025-05-01,253.9900360107422,256.2542813460495,252.68487912254565,254.40529400064744,645100
2025-05-02,257.82635498046875,258.4492720554506,255.98726503651073,256.5706236787615,691300
2025-05-05,257.40118408203125,258.7360021494321,256.04660188428363,256.35311186300413,579300
2025-05-06,255.96749877929688,257.5890324168748,254.60301951672642,255.26549501893194,592100
2025-05-07,257.47039794921875,258.20209319484843,255.61154381454227,256.47178134011676,487600
2025-05-08,259.5072326660156,262.0977520007546,258.5382772907519,259.2007226790348,617900
2025-05-09,259.7346496582031,260.89146985863425,258.8546479803542,260.7431634450206,808900
2025-05-12,266.1516418457031,266.6064884414344,264.17414240973073,266.54713569804824,807200
2025-05-13,267.2392883300781,268.6136650027677,266.1516575413038,266.30986112642086,577100
2025-05-14,266.1318664550781,267.4073619861082,265.2617619121815,267.2590253952884,566200
2025-05-15,268.1390380859375,268.4455480841749,265.47929893407354,265.6572666412604,605100
2025-05-16,271.19427490234375,271.19427490234375,267.7633121301875,268.52463856002146,691800
2025-05-19,271.33270263671875,271.5897570370918,268.16869156566423,268.32689513664155,475200
2025-05-20,270.3143005371094,271.352475673805,269.24643394152554,270.24508081486385,475800
2025-05-21,264.5696105957031,268.91023592020906,264.34221749414405,268.38619982748395,689100
2025-05-22,264.25323486328125,265.7660205850233,262.67122942585803,264.2729989930856,619400
2025-05-23,263.5215759277344,264.2927995357748,261.2968889613583,261.6132961272847,1146700
2025-05-27,267.9709167480469,268.18844287596113,265.31117780074084,266.3889414623917,479100
2025-05-28,265.77587890625,268.15876904967416,265.4595019684652,267.82259780848574,541000
2025-05-29,266.685546875,267.51609292916544,264.47075739722544,267.51609292916544,596600
2025-05-30,267.12060546875,267.7039641334871,264.38177983785005,266.1318558320612,559700
2025-06-02,267.7138671875,267.78305673116785,263.7588685535549,266.6855590938857,590200
2025-06-03,270.3736267089844,270.3933908409264,267.18985135998304,268.50487522893593,633600
2025-06-04,269.4145202636719,270.76910248027036,269.31563926207264,270.30438892957466,548500
2025-06-05,269.0684509277344,270.56147257633,268.1785822648659,269.9682167430026,523000
2025-06-06,270.9668273925781,271.49086349600793,269.879226925484,270.83831528544926,424400
2025-06-09,270.34393310546875,271.88638009147417,269.7704414309897,271.5798701246554,522700
2025-06-10,271.1645812988281,271.2239038616541,270.1362732527718,271.1250228655296,445400
2025-06-11,270.3044128417969,271.7084205962766,269.4738666685312,271.7084205962766,596200
2025-06-12,271.20416259765625,271.20416259765625,269.16734063758787,269.42439504009184,666600
2025-06-13,267.9709167480469,270.45268800185335,267.30847138638376,269.0585473876181,796600
2025-06-16,270.66033935546875,271.6194277931718,269.2563316472315,269.7012509177657,919900
2025-06-17,268.5048828125,270.4626182029519,267.95118536001326,269.45407413472753,506900
2025-06-18,269.0684509277344,270.83832127531673,268.32688867963645,268.7223825104396,600200
2025-06-20,269.4145202636719,271.2436830091544,268.9300124081091,270.6306630431824,488700
2025-06-23,272.10394287109375,272.15336828882226,268.23792773334736,269.8792559368527,558700
2025-06-24,274.6647644042969,275.2580202090196,272.68726517138344,273.3101822576302,481100
2025-06-25,272.6872863769531,275.16902758876677,272.5290828051081,275.16902758876677,515800
2025-06-26,274.6548767089844,274.90206412160944,273.06300425531646,273.61670164565703,489400
2025-06-27,275.92047119140625,277.2552892357413,274.25937904364207,275.4458605030832,729500
2025-06-30,277.7477722167969,278.19443588391965,275.92146728787816,276.64604626395607,550100
2025-07-01,279.3358459472656,280.2390781875595,277.3408231415889,277.4102792443084,766200
2025-07-02,280.3581848144531,280.3581848144531,277.9859847403423,279.2663639414234,943700
2025-07-03,281.51953125,282.1646885813946,280.5170369056722,281.06296256338976,539500
2025-07-07,280.12994384765625,281.7180140513881,278.5517786366119,280.97359478445225,719700
2025-07-08,279.9612121582031,280.7155667532472,279.4252217727508,280.30861389489445,394000
2025-07-09,281.2118225097656,281.27137362639036,279.42519813953334,280.76515884458337,603900
2025-07-10,281.99591064453125,282.99840488374235,280.7651472311996,281.2118108779063,558100
2025-07-11,280.12994384765625,280.8445875555346,279.61379376999565,280.47731527316165,1039900
2025-07-14,281.2217102050781,281.5294313427079,279.4549565093865,279.84206903413383,511700
2025-07-15,277.7477722167969,281.77758963239097,277.55921387366385,281.77758963239097,596500
2025-07-16,278.78997802734375,279.14728472952123,275.3755726286619,278.65100522727676,1135300
2025-07-17,281.31109619140625,281.6584676226951,279.0381275105127,279.0381275105127,650000
2025-07-18,282.6212463378906,283.2664339348319,281.5790714805966,282.5517902271025,716700
2025-07-21,281.10260009765625,283.5839973698129,281.07282454201015,283.1274287530744,567800
2025-07-22,283.79248046875,284.14978716661835,281.59890328612624,281.59890328612624,1504800
2025-07-23,285.7081298828125,285.7875212793495,284.63614914132256,285.2118503555853,565400
2025-07-24,285.3011474609375,286.46242447159057,285.24159634708326,285.6783247090113,533000
2025-07-25,287.6138000488281,287.68328644601627,285.2614401509945,286.055505496368,413100
2025-07-28,286.20440673828125,287.8222828284187,285.94633169357274,287.2763571792659,651900
2025-07-29,285.7279357910156,286.8594675164286,285.1224893800628,286.7800458389462,392300
2025-07-30,284.67584228515625,286.9091000188262,283.2664254781404,286.2043916153183,543500
2025-07-31,283.8619384765625,286.6808023993148,283.0480631180296,284.51703105086716,543100
2025-08-01,279.8420715332031,281.01328381924,276.92394581002986,280.9437974233322,680700
2025-08-04,284.080322265625,284.31855703939596,281.39049567368187,281.39049567368187,738100
2025-08-05,282.5517883300781,284.3185421664226,281.45003207158106,284.08030740511396,454100
2025-08-06,282.2539978027344,283.0679034519323,281.1919524036954,282.84953926045233,376900
2025-08-07,282.2440490722656,284.60634422468047,280.9636698332471,284.40785060856297,525400
2025-08-08,281.43017578125,283.1770589519568,281.0132876905556,282.4326397325347,627500
2025-08-11,280.32843017578125,282.51207208477854,279.9909637517538,281.7279419960254,460100
2025-08-12,283.68328857421875,283.72299941600687,281.04307796950764,281.4500307989685,552300
2025-08-13,286.2837829589844,286.3433340752992,283.37559238045577,284.665906954606,1073600
2025-08-14,284.16961669921875,284.68576674173386,283.0480505240892,284.68576674173386,722900
2025-08-15,283.67333984375,285.1324027327006,283.256482041476,284.9735896635738,627500
2025-08-18,283.8917236328125,284.36816287309534,282.9488107260311,283.57412776312174,1704900
2025-08-19,284.61627197265625,285.876810903842,283.6634238852284,283.97111472898627,493500
2025-08-20,284.2688903808594,284.85449655360793,282.7205007704232,284.1398528649069,451200
2025-08-21,283.18701171875,284.0902440622747,282.4624327291979,283.46492703287316,1077700
2025-08-22,288.54681396484375,289.440110992987,284.5964485916,284.8644286128941,574500
2025-08-25,286.4822998046875,288.42770690079413,286.4822998046875,287.84210074448384,411300
2025-08-26,286.7701721191406,287.28629191707927,286.00588226987793,286.3731242694206,565700
2025-08-27,288.2986755371094,288.7056283575627,287.0182962501304,287.2664359974437,422300
2025-08-28,288.7850341796875,289.281313647059,287.6932132933712,289.0133033487617,397800
2025-08-29,287.77264404296875,289.28135321606186,287.03816002375174,288.56670947367536,547800
2025-09-02,286.01580810546875,286.124975057187,284.0505303600659,284.9537626944961,532700
2025-09-03,285.51953125,286.3632124748688,284.09024383835094,285.61879321007234,638000
2025-09-04,287.5443420410156,287.68328454397755,285.28130883003075,286.13489499385605,454500
2025-09-05,287.2565002441406,289.6684113143564,285.21183115286766,288.44755285499576,534900
2025-09-08,287.822265625,288.1597320453337,285.85698792841345,287.85204118295604,390900
2025-09-09,287.5641784667969,288.01084210779413,286.55177924849687,287.7130562502976,447800
2025-09-10,287.55426025390625,289.4599868673266,286.7502898847828,288.10018587980903,466200
2025-09-11,291.48480224609375,291.88181977081655,288.1597236818611,288.1597236818611,529300
2025-09-12,289.6286926269531,291.76271862493485,289.4699098488713,291.15724190782737,435000
2025-09-15,288.9835205078125,290.71059360826683,288.74531606243704,290.19444358929456,656800
2025-09-16,287.9413757324219,289.37066313439664,287.14731034771523,289.2813364580854,618600
2025-09-17,287.990966796875,291.0182897004762,286.04555978003754,288.39791959206707,843400
2025-09-18,289.9463195800781,290.7701604824861,288.1696305540196,288.9041447845693,566400
2025-09-19,289.31109619140625,290.55179488980247,288.2292105612642,290.55179488980247,641700
2025-09-22,289.97607421875,290.26392477874737,287.81230310406477,288.7056000487015,453900
2025-09-23,290.1349182128906,291.75279422572396,289.5890228803196,290.2242448878297,448300
2025-09-24,289.0331726074219,291.2465596359813,289.0331726074219,290.7205046145642,375500
2025-09-25,287.16717529296875,287.9512750887412,285.9959629502607,287.6634547897599,484800
2025-09-26,290.2441101074219,290.47237928678476,287.6832909776851,288.1497949096606,440900
2025-09-29,292.00115966796875,292.3497941221571,290.53691927876304,292.1505657489118,839900
2025-09-30,292.5888671875,292.778125037783,290.1783678280809,291.8019849657804,795200
2025-10-01,292.3099670410156,292.73830503984976,291.51311427673784,291.80198632293195,990100
2025-10-02,293.3757629394531,293.42555483488195,291.4632738668624,292.3099488750301,603900
2025-10-03,294.0531005859375,295.7065989022421,293.80408030452986,293.82402138175195,554400
2025-10-06,294.3519287109375,295.5073864076986,293.64468925991423,295.5073864076986,453500
2025-10-07,292.5390625,295.13881959604606,291.61271436678703,295.13881959604606,509700
2025-10-08,294.21246337890625,294.36186946112855,292.1605387884348,293.4654025698128,510300
2025-10-09,291.9314270019531,294.54118494306806,291.3238321394905,294.4415707563415,420100
2025-10-10,285.14813232421875,293.2562472617677,285.0883698886384,292.57891939320126,697100
2025-10-13,288.45513916015625,289.2819035449205,287.10048337507516,287.9869797995505,454300
2025-10-14,290.7361755371094,292.04103943246736,285.8852651233455,285.9948194605507,453900
2025-10-15,291.2939758300781,293.9534954949831,289.0328825481644,292.50919605689154,466800
2025-10-16,287.5985107421875,291.8916179080121,286.7119839604548,291.88164736952604,631900
2025-10-17,288.0268249511719,288.6941822894618,286.26377228361804,286.9610108400704,501600
2025-10-20,291.0848083496094,291.5330266328487,289.8098256806432,289.8098256806432,448900
2025-10-21,292.3697204589844,292.9972564305366,290.4074394295517,291.31387689979556,412500
2025-10-22,290.3177795410156,292.63866545211096,288.9033614474562,292.58884315992645,1498900
2025-10-23,292.33984375,293.07696446346955,290.35765201079744,290.99515853077287,421000
2025-10-24,293.6546630859375,295.26830958462523,293.63475240745356,294.7603289004347,401900
2025-10-27,295.0691223144531,295.51734058147616,294.2324178180266,295.51734058147616,397800
2025-10-28,292.23028564453125,294.3220620889783,292.11076077307433,294.3220620889783,1443600
2025-10-29,290.1783447265625,292.66854740258066,289.2818778427923,291.67246633217337,631400
2025-10-30,288.4850158691406,291.89162675446096,288.30572855885646,288.7041549365938,594200
2025-10-31,289.76995849609375,290.54690054366387,288.0566977760696,288.68423373718065,693400
2025-11-03,288.8735046386719,289.9392883689168,285.8952013233584,289.9392883689168,1518000
2025-11-04,285.9848327636719,287.3694000969386,285.51670382426056,286.3733189874171,649300
2025-11-05,287.40924072265625,288.5248466584404,285.82547546760736,286.10437695155343,623900
2025-11-06,285.2078857421875,287.8973168502043,284.7496969512304,287.3196031918656,676600
2025-11-07,287.97698974609375,287.97698974609375,283.5045953730238,283.8432592963448,638000
2025-11-10,290.1385192871094,291.0250461112088,287.62840570529585,289.6902706055784,536700
2025-11-11,290.9552917480469,291.85175864723027,289.96915080076093,290.26799336581036,377900
2025-11-12,290.98516845703125,292.8079834438671,290.8855542702246,291.4931795311578,661600
2025-11-13,286.0744934082031,290.5269769750384,285.7856213885433,289.9093811817701,576500
2025-11-14,285.8055419921875,287.84752648072373,283.96278588233184,284.4608264310505,606900
2025-11-17,281.5921325683594,285.87526903937317,280.3071794678624,285.5266345828995,737800
2025-11-18,281.57220458984375,283.5046044005476,279.97846871324487,280.4466280570336,923500
2025-11-19,281.163818359375,282.498563467296,279.92868744714644,281.95073098796485,869100
2025-11-20,276.9504089355469,285.28760322145155,276.68144757278606,284.1022642319064,1102700
2025-11-21,281.363037109375,282.7973963638376,277.3687420634634,278.3747937289085,667000
2025-11-24,281.94073486328125,283.5842929480935,280.2474152821156,281.8012993203532,1105500
2025-11-25,286.8713684082031,287.20006180939123,282.59817180485373,283.2655595439719,882500
2025-11-26,289.112548828125,290.3576502442668,286.8912769584539,287.2697926526384,507400
2025-11-28,291.0050964355469,291.72227606601666,289.4213310845061,290.10862949695564,308900
2025-12-01,288.9332580566406,291.06485584857506,288.7738814295267,288.983049953496,487900
2025-12-02,288.813720703125,290.79591232083857,288.1164517893857,290.58674380590963,569500
2025-12-03,291.0648498535156,291.27404877115947,289.09262872931697,289.49105508990374,811500
2025-12-04,291.73223876953125,292.47929959795715,290.4174044159857,290.96523686430487,584500
2025-12-05,291.9314270019531,293.1665882009948,291.2341884908312,291.9314270019531,846600
2025-12-08,290.68634033203125,292.41954215418804,290.3177951807285,292.41954215418804,755500
2025-12-09,290.16839599609375,292.1107663885594,290.0986630204088,290.3377431659023,566300
2025-12-10,294.11285400390625,294.7005382022513,290.16838137878557,290.6863326049586,725500
2025-12-11,296.164794921875,296.41381520934766,293.4355422985296,293.4355422985296,568400
2025-12-12,293.19647216796875,297.4696685153784,292.5888469018235,296.97162797505496,627900
2025-12-15,293.07696533203125,295.00936517920553,292.09082433089577,294.77028503451425,568000
2025-12-16,291.2640686035156,293.8439149206544,290.18828402771595,292.99723993365956,1029600
2025-12-17,289.7599792480469,292.9573909940946,289.4511965459852,291.7222601858481,772900
2025-12-18,290.6564636230469,293.1865182225115,290.0986606181548,291.61272340113385,578200
2025-12-19,291.7919921875,293.0570042079381,290.9453171951832,291.25409989621915,665600
2025-12-22,294.2699890136719,294.4800109863281,292.80999755859375,293.260009765625,770500
2025-12-23,293.55999755859375,294.3999938964844,292.54998779296875,293.80999755859375,1021700
2025-12-24,294.32000732421875,294.92999267578125,293.260009765625,293.8699951171875,589700
2025-12-26,294.510009765625,294.6700134277344,293.54998779296875,294.29998779296875,487100
2025-12-29,293.5299987792969,294.75,293.07000732421875,293.69000244140625,744500
2025-12-30,292.9200134277344,293.8900146484375,292.82000732421875,293.70001220703125,620900
2025-12-31,290.2200012207031,293.25,290.1300048828125,292.94000244140625,578100
2026-01-02,292.6300048828125,293.19000244140625,289.8599853515625,291.20001220703125,819300
2026-01-05,296.0899963378906,296.95001220703125,293.19000244140625,294.1300048828125,1281500
2026-01-06,299.3900146484375,299.70001220703125,295.5199890136719,295.7799987792969,982100
2026-01-07,295.75,299.5799865722656,295.6199951171875,299.1099853515625,916200
2026-01-08,297.010009765625,297.8299865722656,295.0799865722656,295.3500061035156,752000
2026-01-09,298.6600036621094,299.3399963378906,297.3299865722656,298.2799987792969,1194700
2026-01-12,299.1700134277344,299.32000732421875,296.9200134277344,297.30999755859375,695000
2026-01-13,299.4200134277344,300.17999267578125,298.260009765625,299.6499938964844,1036200
2026-01-14,300.1199951171875,300.6199951171875,298.6099853515625,299.2799987792969,1072300
2026-01-15,301.2699890136719,302.5400085449219,300.57000732421875,301.4700012207031,920800
2026-01-16,300.3699951171875,301.5,299.760009765625,300.9800109863281,708900
2026-01-20,295.20001220703125,298.510009765625,294.75,297.0,1203600
2026-01-21,299.4700012207031,300.510009765625,296.739990234375,297.0,922300
2026-01-22,300.19000244140625,301.8699951171875,299.5299987792969,301.0400085449219,820500
2026-01-23,298.6300048828125,300.19000244140625,297.739990234375,300.07000732421875,705700
2026-01-26,299.75,301.010009765625,299.1700134277344,299.4100036621094,839600
2026-01-27,300.2099914550781,300.5799865722656,299.1499938964844,300.5799865722656,609800
2026-01-28,299.4599914550781,301.3699951171875,298.6499938964844,300.7300109863281,922900
2026-01-29,299.0,301.9700012207031,297.07000732421875,300.7900085449219,1129600
2026-01-30,296.0899963378906,298.9599914550781,293.8399963378906,297.79998779296875,1080700
2026-02-02,297.3999938964844,298.2300109863281,294.9200134277344,295.3599853515625,705900
2026-02-03,296.70001220703125,298.67999267578125,293.9700012207031,297.4800109863281,785700
2026-02-04,298.04998779296875,299.0,295.6000061035156,297.25,1076000
2026-02-05,293.8900146484375,297.0199890136719,293.3299865722656,296.260009765625,871600
2026-02-06,301.1499938964844,301.44000244140625,296.7699890136719,297.0299987792969,845900
2026-02-09,302.04998779296875,302.6600036621094,299.8999938964844,300.1600036621094,732500
2026-02-10,302.1600036621094,303.42999267578125,301.92999267578125,302.4100036621094,746000
2026-02-11,302.739990234375,304.3500061035156,300.9800109863281,303.8500061035156,814800
2026-02-12,298.3500061035156,305.8399963378906,297.95001220703125,304.0,1038600
2026-02-13,302.1400146484375,303.5199890136719,297.4599914550781,298.5799865722656,822600
2026-02-17,301.8599853515625,303.7099914550781,299.25,301.989990234375,1198600
2026-02-18,303.7099914550781,305.0,301.9599914550781,302.80999755859375,626600
2026-02-19,303.1000061035156,303.8299865722656,301.19000244140625,303.1400146484375,671100
2026-02-20,304.30999755859375,305.5799865722656,301.9100036621094,302.20001220703125,1150200
2026-02-23,300.2900085449219,304.1600036621094,299.1000061035156,303.0799865722656,1328000
2026-02-24,303.5400085449219,303.8599853515625,299.95001220703125,300.55999755859375,613600
2026-02-25,304.5299987792969,305.0,302.239990234375,304.79998779296875,614200
2026-02-26,307.05999755859375,307.05999755859375,304.260009765625,305.3999938964844,730400
2026-02-27,306.20001220703125,306.3500061035156,303.4100036621094,304.79998779296875,620500
2026-03-02,305.95001220703125,307.05999755859375,303.17999267578125,303.67999267578125,918300
2026-03-03,301.7799987792969,303.1499938964844,295.95001220703125,300.3500061035156,1171000
2026-03-04,303.0799865722656,304.1099853515625,301.1499938964844,303.29998779296875,759900
