Date,Close,High,Low,Open,Volume
2014-01-02,136.65191650390625,137.45080864990047,136.3013741984759,137.38559118751903,1731300
2014-01-03,136.5295867919922,137.12469128721284,136.40731186226478,136.8556740028573,1710500
2014-01-06,136.18722534179688,137.0839497598868,135.99158542436425,137.04318729743596,1339000
2014-01-07,137.0350799560547,137.25517492769316,136.6519350868104,136.73344759665255,824700
2014-01-08,137.09213256835938,137.27962501715078,136.58671273293893,137.0106200614311,3147500
2014-01-09,137.17364501953125,137.5078674137265,136.5377903041912,137.4997198954639,1117200
2014-01-10,137.49156188964844,137.56492686529327,136.67636232303929,137.4018894397631,990200
2014-01-13,135.74705505371094,137.55679934985574,135.44542271171343,137.1899495403712,1338500
2014-01-14,137.15733337402344,137.24700582802245,135.90193145699595,136.1627888620193,866000
2014-01-15,137.9317626953125,138.11925511070277,137.43449046748412,137.46710541561345,943100
2014-01-16,137.71983337402344,137.76874336368232,137.2959260653803,137.6220133947057,778500
2014-01-17,137.12474060058594,137.76059534174766,136.92908820370553,137.52418047398055,904300
2014-01-21,137.55673217773438,137.9969343196109,136.71707790717153,137.94802435261948,1366400
2014-01-22,137.63829040527344,137.8339427772438,137.35297802331118,137.81763530317343,751200
2014-01-23,136.5295867919922,136.96164146230268,135.8040598513807,136.96164146230268,1294000
2014-01-24,133.59487915039062,135.6654801144702,133.5867191956118,135.6247176574425,1828900
2014-01-27,132.94276428222656,134.05958385474986,132.29874957417366,133.74981643723063,2882100
2014-01-28,133.76608276367188,133.89651766882076,133.02424823446447,133.07317065311318,1067400
2014-01-29,132.37213134765625,133.34222098148487,132.1194214307349,132.67375125637395,1346400
2014-01-30,133.85577392578125,134.2796812073198,133.1465542431555,133.60306403606214,2086700
2014-01-31,133.02426147460938,133.89653099578425,132.14385687461913,132.18460690244655,1322100
2014-02-03,130.1139678955078,133.21172789292982,129.82864314930197,132.89380064607852,2969400
2014-02-04,130.99444580078125,131.31237319597355,130.2118485916368,130.66835844740413,1116700
2014-02-05,130.77435302734375,131.10044041721397,129.7635007771891,130.5134955544096,1701400
2014-02-06,132.5270233154297,132.54331835363843,131.1493338102019,131.1737888064755,1109600
2014-02-07,134.23890686035156,134.3285793073775,132.75525016469084,133.17914496976087,1258200
2014-02-10,134.45089721679688,134.47536465467329,133.85580484493823,134.214494747635,937400
2014-02-11,135.9345245361328,136.24430434462772,134.48347033680076,134.60574529333405,1497400
2014-02-12,136.05674743652344,136.54587195343044,135.71436525026982,136.13012482132672,1855000
2014-02-13,136.7252960205078,136.82311600500023,135.07858912744337,135.07858912744337,1336600
2014-02-14,137.45079040527344,137.6953527470019,136.4399385309759,136.5948284287025,917200
2014-02-18,137.65463256835938,137.80136255509458,137.17366769322342,137.55681257720255,1174300
2014-02-19,136.70899963378906,138.16005423662335,136.60303212164592,137.29594446627948,1928100
2014-02-20,137.48345947265625,137.82585438021454,136.40740206263868,136.89651454393268,1080000
2014-02-21,137.41824340820312,138.10300829048873,137.29595596846198,137.78508084950167,706200
2014-02-24,138.07034301757812,139.04859242317943,137.58937827116415,137.6627432448969,978600
2014-02-25,138.02146911621094,138.60841393742575,137.63832423461346,138.2415765339068,1001000
2014-02-26,138.02146911621094,138.61656145698444,137.69539418840768,138.24972405346546,709000
2014-02-27,138.78778076171875,138.80408824236844,137.74432590147603,137.89105591043372,1034200
2014-02-28,139.09750366210938,139.78226830104933,138.23339412645308,138.76326886014178,853900
2014-03-03,138.14369201660156,138.49422177831,137.263275196021,137.9235847017176,2235900
2014-03-04,140.1165313720703,140.4018438097125,139.5051315841735,139.5377340997187,1281500
2014-03-05,140.14096069335938,140.46703554491356,140.04312828672653,140.2143256691153,983100
2014-03-06,140.58934020996094,140.89910762529405,140.36923281670232,140.65454523711335,1037000
2014-03-07,140.5567626953125,141.13556008687334,140.0431827872348,141.094797604826,1205600
2014-03-10,140.58116149902344,140.60561649068327,139.78226941389994,140.4099765574046,885300
2014-03-11,139.80674743652344,140.96432950862877,139.53773004499075,140.80943957662873,945700
2014-03-12,139.90455627441406,139.92901126815437,138.87740922044338,139.19533657802663,1065000
2014-03-13,138.35565185546875,140.4099579554405,137.93990461337302,140.32843303473632,1659400
2014-03-14,137.95623779296875,138.76328995085674,137.7687453502529,138.05407021265694,1323500
2014-03-17,139.1953125,139.51323980258812,138.5757653674828,138.632822863354,1695400
2014-03-18,140.18174743652344,140.36107992866465,139.34208029238746,139.45622019305247,779700
2014-03-19,139.41543579101562,140.4018203179647,138.57578121791016,140.23878288959676,1166300
2014-03-20,140.20616149902344,140.3447439164223,138.8855298974779,139.1382397432615,818200
2014-03-21,139.7415008544922,141.18440749429266,139.59477091093157,140.87462769483238,825200
2014-03-24,139.15110778808594,140.3549231159751,138.52873208964735,140.19114135278048,2004900
2014-03-25,139.83074951171875,140.24020997881016,139.03639520590207,139.85531614008488,1202100
2014-03-26,138.79898071289062,140.55965657399915,138.76621686207355,140.3549262415099,1155600
2014-03-27,138.52052307128906,139.03644745233314,137.97184733869693,138.6597506786712,980700
2014-03-28,139.13473510742188,139.86357462344887,138.80717155926868,138.91363533550523,548900
2014-03-31,140.32215881347656,140.5186919128761,139.92906762318472,140.0682827338415,822000
2014-04-01,141.26385498046875,141.33755486235023,140.65784901715816,140.74793081581592,1247500
2014-04-02,141.74705505371094,141.91083678017029,141.1819974760432,141.44405823497394,1972800
2014-04-03,141.52593994140625,141.97633651620893,141.11647942195407,141.94358517277985,718300
2014-04-04,139.82260131835938,142.34487995387587,139.65062237913878,142.30393139732382,2270800
2014-04-07,138.31581115722656,139.74892352118258,138.04557810771036,139.51144182757048,1645000
2014-04-08,138.88900756835938,139.11830445030145,137.75889258182846,138.22567105730238,2064000
2014-04-09,140.3876190185547,140.41219814428555,138.89718931771722,139.28208318185636,768800
2014-04-10,137.39039611816406,140.43678360255868,137.2675504560104,140.37945312773812,1286900
2014-04-11,136.15379333496094,137.61966884046677,136.03096019013847,136.69428416366395,1762400
2014-04-14,137.25119018554688,137.57875364831625,136.1538263442047,137.23480826368487,1456600
2014-04-15,138.201171875,138.29125372942275,136.2111988578639,137.56241417845638,2160100
2014-04-16,139.65882873535156,139.66702594537935,138.55329251158952,139.15110154350887,2410000
2014-04-17,139.82260131835938,140.23206189238974,139.24116180510842,139.50322257044547,925500
2014-04-21,140.33851623535156,140.37946479280546,139.7570892050403,139.91268622591792,804400
2014-04-22,140.9527130126953,141.36217361289093,140.43680115355605,140.50231634907684,1053300
2014-04-23,140.61692810058594,140.98544004539005,140.56778234496846,140.92810957837432,724500
2014-04-24,140.92811584472656,141.37034019474902,140.28117373470357,141.37034019474902,543900
2014-04-25,139.79803466796875,140.5514406246111,139.47865592009052,140.48592543328414,1357900
2014-04-28,140.22384643554688,140.82166779276994,138.79893182062983,140.35487680116373,647800
2014-04-29,140.8953857421875,141.09191882005354,140.38764613429515,140.68245824683925,1065900
2014-04-30,141.3375701904297,141.4358492060046,140.44494931330587,140.64967956011824,605300
2014-05-01,141.3457489013672,141.69787888184908,140.87895800176176,141.26385181506208,623900
2014-05-02,141.11651611328125,141.88629159357416,140.90358859052765,141.31304921644258,754800
2014-05-05,141.41127014160156,141.4440339787216,140.05187079894233,140.43676466277591,792600
2014-05-06,140.18289184570312,141.16560704975387,140.12557387305446,141.07552523924065,567700
2014-05-07,141.00999450683594,141.0345611346534,139.5768829040242,140.63328538739916,1160600
2014-05-08,140.8380584716797,141.83714329273712,140.38764933173653,140.8216890453147,1390700
2014-05-09,141.08367919921875,141.09186390902946,140.19924320579688,140.838000451756,955400
2014-05-12,142.4185791015625,142.4758970838348,141.6406065141871,141.6406065141871,780100
2014-05-13,142.5496063232422,142.89355169648576,142.40219402285513,142.5659757488171,994800
2014-05-14,141.86170959472656,142.46771575393038,141.67336122600932,142.41858248346028,1335700
2014-05-15,140.58413696289062,141.6159727071142,139.92899780171717,141.59140608194747,3191100
2014-05-16,141.13282775878906,141.14920967592764,140.11737381954495,140.69061596197977,699600
2014-05-19,141.6160430908203,141.75527069694868,140.69885530677578,140.8380704171578,926900
2014-05-20,140.6824493408203,141.57508283068478,140.37126782198368,141.55870090998468,669400
2014-05-21,141.90261840820312,141.9763182932666,141.1082641027634,141.14921264860146,991300
2014-05-22,142.28756713867188,142.5414307267653,141.72250947704632,141.96000363708293,859000
2014-05-23,142.87713623046875,142.9344541980132,142.34484262212806,142.418542507146,613900
2014-05-27,143.72064208984375,143.76159064086988,143.31118157106928,143.38488146547027,890000
2014-05-28,143.5732421875,143.95812357875974,143.38488135207746,143.7370238957316,990900
2014-05-29,144.3921356201172,144.3921356201172,143.61415078719813,143.98267517994546,541000
2014-05-30,144.58053588867188,144.6951843532971,144.1137448211472,144.261157130377,874700
2014-06-02,144.77703857421875,144.82618433080646,144.08096321934536,144.80980241194388,1620200
2014-06-03,144.68701171875,144.7770935630945,144.3103149120349,144.4167786814641,1252900
2014-06-04,144.9490203857422,145.0718535403142,144.29388107129077,144.43309614505344,984900
2014-06-05,145.93173217773438,146.0791444681241,144.64603259559578,145.14557494813542,853600
2014-06-06,146.6278076171875,146.66055895907587,146.19378048664552,146.27566508923786,586800
2014-06-09,146.77517700195312,147.15188608223778,146.4803650030426,146.61958004478643,461800
2014-06-10,146.80796813964844,146.83253476948212,146.30842584012603,146.61142260523647,959900
2014-06-11,146.33299255371094,146.43945628021285,145.97266532162067,146.29204400538384,558100
2014-06-12,145.24383544921875,146.1937868499861,144.9326414568914,146.1118897480863,891400
2014-06-13,145.70245361328125,145.82529928668916,145.0882627334781,145.54685659107852,731200
2014-06-16,145.82528686523438,146.1037170413828,145.35849583838763,145.51409284733654,756700
2014-06-17,146.21009826660156,146.3247466663299,145.46488991623661,145.62867155931445,2934400
2014-06-18,147.29933166503906,147.38122877189494,145.9071683186981,146.25111367515333,501900
2014-06-19,147.47946166992188,147.57774067488458,147.00448604911603,147.43851312583251,746900
2014-06-20,147.77430725097656,147.8725862782572,147.61052553316762,147.82344051674482,830300
2014-06-23,147.70762634277344,147.84746832516896,147.46907532621955,147.82279106662938,737700
2014-06-24,146.83570861816406,148.18478689554436,146.67941089758665,147.4855642146509,391700
2014-06-25,147.4608612060547,147.65007028320605,146.5313217202881,146.53954329024526,586000
2014-06-26,147.38685607910156,147.55960949557033,146.407949340486,147.54315380066438,676800
2014-06-27,147.64183044433594,147.70764065749051,146.99197498645836,147.07422833889055,1032300
2014-06-30,147.60072326660156,147.9215528187599,147.47733694039982,147.60072326660156,1261200
2014-07-01,148.63722229003906,149.0485267902375,147.92977804761702,147.97091100804033,1199000
2014-07-02,148.744140625,148.91688145709267,148.53848840926057,148.62074176434726,511500
2014-07-03,149.49267578125,149.53380872671988,149.05669417369703,149.1471816329257,327900
2014-07-07,149.0074005126953,149.30354026820055,148.76061529110464,149.2048312003714,1151800
2014-07-08,148.04495239257812,148.74417510900213,147.65832513319327,148.7030421459152,749400
2014-07-09,148.661865234375,148.79348565653547,148.0695858866672,148.3657255605211,930300
2014-07-10,148.09434509277344,148.45629517798764,147.11543805831354,147.25528012723336,614600
2014-07-11,148.29177856445312,148.36581038724,147.66658747775105,148.0203159955464,520400
2014-07-14,149.02386474609375,149.22951701719884,148.90869997635562,149.05676358658243,493100
2014-07-15,148.76889038085938,149.41052460246954,148.11902203331752,149.0979290655749,1207000
2014-07-16,149.3365020751953,149.51747714386954,148.90052010575914,149.42698960953243,539400
2014-07-17,147.5842742919922,149.4022330369431,147.4032993193704,148.8593206710942,1103900
2014-07-18,149.1390380859375,149.25420286229345,148.02028916475732,148.08609940153488,571500
2014-07-21,148.81817626953125,148.95801827361885,148.17654234394567,148.65365700307618,866000
2014-07-22,149.4844970703125,149.74772540316482,149.23771187875226,149.36933232118656,1509500
2014-07-23,149.83824157714844,149.9780961690223,149.41871545758278,149.71485523375225,750900
2014-07-24,149.83824157714844,150.12615978109773,149.69017796507302,150.01099500992174,535800
2014-07-25,149.12257385253906,149.52565682272086,148.84288977625874,149.426935197196,635700
2014-07-28,149.1883544921875,149.3857851520559,148.2999353508038,149.180132921699,485700
2014-07-29,148.55499267578125,149.62438714805887,148.53854952920705,149.4680893914618,639000
2014-07-30,148.55499267578125,149.2542155178144,147.95449147329487,149.0732404893357,1128500
2014-07-31,145.5689697265625,147.65839214827722,145.5689697265625,147.53500575503523,2430500
2014-08-01,145.2151641845703,146.11180497232252,144.49126425580744,145.20694261338602,3398000
2014-08-04,146.23521423339844,146.5148982977235,144.83678135975512,145.44550402304876,2212000
2014-08-05,144.75450134277344,145.99663636778385,144.2856082052691,145.63468641294196,1251300
2014-08-06,144.8450164794922,145.45375175174135,144.10466073453736,144.12111643163036,1185800
2014-08-07,144.0635223388672,145.63469603461874,143.70979393162304,145.51953127338012,1527100
2014-08-08,145.73336791992188,145.8238553837309,144.03879591769237,144.35961282537647,1209900
2014-08-11,146.14471435546875,146.81102562074628,146.10358139607771,146.3174552120875,1191200
2014-08-12,145.97193908691406,146.41615489858717,145.51950170540076,145.98839477860957,513900
2014-08-13,147.00021362304688,147.10715680084118,146.31744670331437,146.54777620008966,781600
2014-08-14,147.64183044433594,147.64183044433594,147.05778519961297,147.1811715042686,842000
2014-08-15,147.60072326660156,148.31640161462238,146.5724620415307,148.1930027364037,1694300
2014-08-18,148.8264617919922,148.91694931022826,148.34934692784026,148.4480685717474,1039100
2014-08-19,149.61611938476562,149.73950570608145,149.08141603769215,149.2212580525222,583000
2014-08-20,150.0274200439453,150.2166165824912,149.42690649009975,149.43514061265574,1507800
2014-08-21,150.45518493652344,150.67729288678262,150.06033612096525,150.19195657682383,756600
2014-08-22,150.2166290283203,150.61147783122223,149.91226771691854,150.37292674564029,656500
2014-08-25,150.9981231689453,151.24490840735723,150.75957205475896,150.9816674725129,1097200
2014-08-26,151.12152099609375,151.49991414723485,151.07215390714538,151.12974256824253,749500
2014-08-27,151.09681701660156,151.2777920030645,150.81713296552883,151.2037602046071,602600
2014-08-28,150.98167419433594,151.04748443097694,150.41408443834325,150.5539264841982,447700
2014-08-29,151.3518524169922,151.4094285267862,150.72666146939682,151.22023194886486,617200
2014-09-02,151.31068420410156,151.60682391239337,150.75953774322824,151.60682391239337,553800
2014-09-03,151.2449493408203,151.9194824528843,151.02284131093563,151.89480517756624,627600
2014-09-04,150.9981231689453,152.03461865987157,150.6197300151299,151.45878225290426,536700
2014-09-05,151.7219696044922,151.7466468644163,150.43870188038102,150.97339258142262,502300
2014-09-08,151.3354034423828,151.73848643691954,150.8665102108593,151.55751142321074,635900
2014-09-09,150.3563995361328,151.26127402074252,150.05203836949644,151.1872297069027,515300
2014-09-10,150.94879150390625,150.98992447521061,149.93698568032593,150.4469993788424,849800
2014-09-11,151.08863830566406,151.1133155788169,150.21667451554117,150.33183930759475,525700
2014-09-12,150.19189453125,150.9569145798587,149.78059019061848,150.94047144368236,724000
2014-09-15,150.0931854248047,150.32351485127253,149.6242924517729,150.24124896238587,1021700
2014-09-16,151.2119598388672,151.4587324441067,149.71480575633686,149.8052932289295,565100
2014-09-17,151.42587280273438,152.1168613802602,150.70197283464958,151.45055006964475,975000
2014-09-18,152.21556091308594,152.23201660733466,151.71376893064456,151.89474391132944,740000
2014-09-19,152.06752014160156,152.8736735525298,151.83719059562205,152.70915424140426,964000
2014-09-22,150.8905792236328,151.86588642738457,150.61782413983238,151.83281832595003,836700
2014-09-23,150.03924560546875,151.0062793949735,150.02271155617052,150.3863849700255,752200
2014-09-24,151.2459259033203,151.31204946552918,149.70031443672053,150.11357724169096,968500
2014-09-25,148.81597900390625,150.85749882378715,148.7663894717283,150.84096477580005,1603000
2014-09-26,150.01441955566406,150.3285033679144,148.88208334465043,149.0721807306948,916900
2014-09-29,149.71682739257812,149.97304827768625,148.5844915022184,148.71672599623093,1482800
2014-09-30,149.2622528076172,150.27061503322727,149.0142926090315,149.84909152387732,767700
2014-10-01,147.30343627929688,149.1217906057494,146.96455765791805,149.05566702510598,2380200
2014-10-02,147.29518127441406,147.80762327954798,145.79915885142256,147.1629341079976,1263800
2014-10-03,148.93992614746094,149.22921518237558,147.84891879968168,148.3448266443882,1217400
2014-10-06,148.75811767578125,149.74994616491747,148.2456756889473,149.55158803416032,1307000
2014-10-07,146.4768829345703,148.3200316811982,146.46034888956822,147.9894264518431,930600
2014-10-08,149.03909301757812,149.2209170354827,145.78258033732735,146.56777708635423,1897500
2014-10-09,146.0305633544922,148.95647157004942,145.96445239290654,148.77463489623366,1428600
2014-10-10,144.39407348632812,146.74967736690198,144.36101799922054,146.0057964832439,2469900
2014-10-13,142.02194213867188,144.84865910828395,141.93928450673533,144.3362171032723,2109200
2014-10-14,142.25332641601562,143.83199339317144,141.74914527819342,142.76576826988142,2431300
2014-10-15,141.1953582763672,141.58382628571098,137.90579018724404,140.34403798655725,5460300
2014-10-16,141.1044921875,142.1211154377706,138.59184657532998,138.70757230005654,4452600
2014-10-17,142.84840393066406,143.7989032126312,142.1954417219152,142.7657463358068,2259400
2014-10-20,144.25355529785156,144.31141816088987,142.53438001993783,142.60050360121724,1379400
2014-10-21,147.0554962158203,147.1546752945247,145.1296892296705,145.28673117880925,2884200
2014-10-22,146.05540466308594,147.71671726516092,145.97274702422678,147.36130455220857,2374200
2014-10-23,147.7332305908203,148.65067476160104,147.2621048166271,147.49353103882555,1812400
2014-10-24,148.84071350097656,148.91509776912358,147.41908863253514,147.97285920392667,1152600
2014-10-27,148.65066528320312,148.88209149064517,147.84066094537354,148.36963693549572,1476000
2014-10-28,150.36154174804688,150.37807579201703,149.10521925370188,149.1796161456774,1330000
2014-10-29,150.18800354003906,150.9070769257207,149.16310704278536,150.45248522888306,1600700
2014-10-30,151.1385498046875,151.5270180463281,149.64253971367364,149.741718801144,1588900
2014-10-31,152.84939575195312,152.9485874146281,152.16339050089874,152.92379265190476,1946100
2014-11-03,152.9403533935547,153.41973994905052,152.57669257621964,153.07260056992283,2270000
2014-11-04,152.39480590820312,152.78327397908313,151.62613048283902,152.5435744740138,1639400
2014-11-05,153.39492797851562,153.55196990636927,152.69238857993807,153.51891442187645,1826500
2014-11-06,154.01480102539062,154.0478691170862,152.82460195998385,153.37838529574034,1758600
2014-11-07,154.14703369140625,154.29580225471918,153.56846825888846,154.01478656060775,1396400
2014-11-10,154.6099090576172,154.64297715113065,153.95695924622385,154.13052259593113,1876400
2014-11-11,154.75868225097656,154.84132725692115,154.37847486592986,154.67602463325022,1031600
2014-11-12,154.6347198486328,154.79176177964206,154.11401713376148,154.13881190057518,2742900
2014-11-13,154.77517700195312,155.25456335620012,154.0478430608366,154.75865557068155,1163600
2014-11-14,154.83303833007812,154.99834092363176,154.4363095831935,154.71732525341264,1464500
2014-11-17,154.9156951904297,155.04794232011702,154.361924523117,154.50243236899212,584600
2014-11-18,155.80838012695312,156.06461372889754,154.95705952851574,154.95705952851574,1252600
2014-11-19,155.52735900878906,155.78357999011664,154.86613584330252,155.593482586516,1880800
2014-11-20,155.80838012695312,155.91583252093682,154.80001760247293,154.80001760247293,866800
2014-11-21,156.68441772460938,157.43654621330293,156.1719634280974,157.39521742316512,1586200
2014-11-24,157.0894775390625,157.21346396508943,156.84979062759447,157.056422059191,1365900
2014-11-25,157.03990173339844,157.5027541627274,156.75888598870338,157.32091747809346,1736700
2014-11-26,157.40353393554688,157.46965749555469,156.94068162727172,157.12251826434832,824400
2014-11-28,157.06463623046875,157.56055656404826,156.84147081918016,157.2878016417573,430200
2014-12-01,155.9901885986328,156.53569857616102,155.6843781317372,156.45304096316062,2083600
2014-12-02,156.97377014160156,157.1473460996292,155.97368103895857,155.97368103895857,1446800
2014-12-03,157.57711791992188,157.76722790930475,157.0150865037843,157.12253887936754,2240100
2014-12-04,157.4201202392578,157.85817793443007,156.68451273115872,157.32920189053618,1573000
2014-12-05,157.70111083984375,158.0234553680969,157.3291767859796,157.57712441403459,2215900
2014-12-08,156.62664794921875,157.72592883874074,156.08941119357863,157.32919996362523,1527800
2014-12-09,156.5026397705078,156.60181881457476,154.54376536772037,154.91569939475215,1763100
2014-12-10,154.04788208007812,156.0976625253316,153.81645586586157,156.0976625253316,1749800
2014-12-11,154.76693725585938,156.27122008284238,154.40326393013683,154.5437717856603,1972600
2014-12-12,152.2543182373047,154.47766197341693,152.221250143777,153.73379382221594,2614400
2014-12-15,151.19631958007812,153.502333030463,150.65082227759683,153.12212571125036,2801400
2014-12-16,150.03097534179688,153.3536001676492,149.96485176059505,150.5103618466724,3837500
2014-12-17,153.05601501464844,153.36183808355955,150.29542234880847,150.40287471992164,5588600
2014-12-18,155.84140014648438,155.86619490486487,153.73375740168603,154.34539086922365,3820200
2014-12-19,156.56045532226562,157.14729396380002,155.87443765863787,156.4530029738125,1800800
2014-12-22,157.25485229492188,157.25485229492188,156.49444979126315,156.68455987601845,3005800
2014-12-23,157.49452209472656,157.84166147987125,157.28789060748915,157.81686671034555,1926800
2014-12-24,157.4779510498047,157.9077479735907,157.45315628610376,157.70937725220125,952700
2014-12-26,157.99041748046875,158.29624063317206,157.85818292415325,157.91603317783176,650300
2014-12-29,158.2135467529297,158.3871226977666,157.78374986096594,157.84161271317197,878600
2014-12-30,157.35400390625,157.94083022902763,157.28788032124413,157.82511710821342,3224500
2014-12-31,155.7174530029297,157.79204079686752,155.70093156769687,157.6597936443092,1366000
2015-01-02,155.7174530029297,156.80847309386183,154.7752141115713,156.4530604478342,1865000
2015-01-05,152.9816436767578,154.8991894157138,152.62624366805125,154.77520298968136,2734700
2015-01-06,151.47738647460938,153.63461931106104,150.7252449718803,153.2130830826963,2245300
2015-01-07,153.37008666992188,153.65937567152494,152.27080612032174,152.6840689158806,2305600
2015-01-08,156.06460571289062,156.25470311328104,154.61818558047,154.66777510998205,1740600
2015-01-09,154.7504119873047,156.49438181690684,154.27102554091647,156.46132633623063,2525200
2015-01-12,153.60153198242188,155.05622527574553,153.06429532590744,154.94051218302945,1847500
2015-01-13,153.19651794433594,155.72568414588935,151.99804579014616,154.7421167093343,2158500
2015-01-14,152.2956085205078,152.41132160459898,150.51858345515475,151.33684837165822,5216300
2015-01-15,150.8739471435547,153.1138366184369,150.7582340872885,152.80802624368567,1940700
2015-01-16,152.741943359375,152.97336953351893,150.5020532881768,150.68388994097285,1472800
2015-01-20,153.1221466064453,153.65112254985206,151.73358948442058,153.41969636284793,1637600
2015-01-21,153.9238739013672,154.34541006983372,152.32868539214257,152.71715347080183,1586500
2015-01-22,156.27947998046875,156.33733022101342,153.40317409212844,154.63468930658334,6074900
2015-01-23,155.41986083984375,156.22986496957623,155.21322944972857,155.98190477908219,3109800
2015-01-26,155.72572326660156,155.80836827648653,154.50245604719322,155.2132687134723,2018000
2015-01-27,153.6841583251953,154.70904190591614,152.92375635467457,153.8494609080427,1979100
2015-01-28,151.65924072265625,154.82483640784343,151.54352760204975,154.78350759081593,2530800
2015-01-29,153.1304473876953,153.3453395679296,150.60128031074302,151.86586384921918,4338200
2015-01-30,151.2459259033203,153.2213216066078,150.9483761792704,152.04765675390536,2302500
2015-02-02,152.9816436767578,153.12215153683587,149.98962458287764,151.66747079857328,3397800
2015-02-03,155.21324157714844,155.27110442455574,153.5601903270677,153.84121862453435,1435000
2015-02-04,154.6842803955078,155.67612132932652,154.27101754367712,154.58510134683848,1861200
2015-02-05,156.25469970703125,156.37041281063114,155.26287130306343,155.29592678475666,1033800
2015-02-06,155.816650390625,157.08123388038152,155.33726390384794,156.6183814412266,1454700
2015-02-09,155.1058349609375,155.87449790279874,154.74216159033452,155.22980878646902,2289300
2015-02-10,156.7588653564453,156.98201821221195,155.26285587577178,156.06458680383128,1798000
2015-02-11,156.8663330078125,157.23000639386834,156.03154645293588,156.63490678246487,1744400
2015-02-12,158.3209991455078,158.40364414780643,157.42834988292674,157.6184472611729,2008500
2015-02-13,159.01528930664062,159.0566181166968,158.24662640908062,158.46151856487776,1073100
2015-02-17,159.27149963378906,159.4202808176969,158.5193582210659,158.75079701956489,1700400
2015-02-18,159.30458068847656,159.33763616993429,158.69294708135885,158.9243732869099,1863000
2015-02-19,159.19711303710938,159.49466278882505,158.60201353367805,158.76731614867984,1017600
2015-02-20,160.16415405273438,160.19722214434682,158.23834759921473,158.800391650591,1374000
2015-02-23,160.12281799316406,160.12281799316406,159.54425253396286,159.9244598995986,1497700
2015-02-24,160.5939483642578,160.75099026742313,159.87486241880504,160.0897671754656,1244200
2015-02-25,160.42037963867188,160.8832320403482,160.10630842998128,160.46170844848913,1983600
2015-02-26,160.23855590820312,160.4699821277348,159.6930584546117,160.33774758213318,994200
2015-02-27,159.6847686767578,160.38732059268816,159.6765079596908,160.1558943969943,966600
2015-03-02,160.73446655273438,160.73446655273438,159.76743292095242,159.77569363836201,1016600
2015-03-03,160.04843139648438,160.36251518913488,159.263234526639,160.31292566645973,1388100
2015-03-04,159.37892150878906,159.56075813666507,158.46973836940907,159.5194293372789,1497500
2015-03-05,159.55252075195312,159.7922202753224,159.0896683628312,159.6434390863722,1135800
2015-03-06,157.2960968017578,159.14751882587257,156.9902863424235,158.69292718917242,1815600
2015-03-09,157.965576171875,158.25486519038725,157.38701074663086,157.4696683552859,1132000
2015-03-10,155.3702850341797,156.7340598963486,155.36202431808664,156.6844703762298,2390500
2015-03-11,155.0066375732422,155.77531309854328,154.94878732738817,155.60173713741645,1857500
2015-03-12,157.00686645507812,157.0399219420913,155.55217279080935,155.56044612140096,2646900
2015-03-13,156.04803466796875,156.86628693448142,155.07272790893325,156.77536861467118,1792200
2015-03-16,158.18048095703125,158.18048095703125,156.66793752300987,156.70099299941356,1054700
2015-03-17,157.6432647705078,157.9738826627531,156.89939658357613,157.4366333172731,1460900
2015-03-18,159.51947021484375,160.14762524643268,156.61836936413144,157.1804008221138,2287400
2015-03-19,158.78379821777344,159.39543156602858,158.48624856345702,159.15573213272472,1372000
2015-03-20,160.2220458984375,160.6683643217107,159.62694625955058,159.67653579416051,1350100
2015-03-23,159.93458557128906,160.74040699136987,159.9096643047816,160.20873217899847,707100
2015-03-24,159.00411987304688,160.2087067180646,158.94597448581263,159.8182567033296,1587700
2015-03-25,156.6863555908203,159.39457178757158,156.65313146573695,159.20350454705974,1216700
2015-03-26,156.29592895507812,157.13497450731347,155.47348912980607,156.07994041940805,1906200
2015-03-27,156.6199188232422,156.82760449639412,156.0384014736423,156.21285034045852,1837000
2015-03-30,158.57217407226562,158.82970228667176,157.60850947709022,157.63343074454065,1414700
2015-03-31,157.176513671875,159.3198313231071,157.15159240538267,157.82449195293034,2765200
2015-04-01,156.66973876953125,157.15157098291326,155.73931114431124,157.15157098291326,3379900
2015-04-02,157.135009765625,157.58361801684313,156.40396465525484,156.57011069506032,1803500
2015-04-06,158.23985290527344,158.7050667507522,156.25437852295232,156.370681984322,1242500
2015-04-07,157.81619262695312,158.94600321239741,157.81619262695312,158.23986684294684,1372300
2015-04-08,158.389404296875,158.72169630238037,157.68326794001672,158.0404938882561,1412100
2015-04-09,159.07888793945312,159.26165230589953,157.80785291215528,158.21490862968383,794800
2015-04-10,159.95115661621094,159.97609055343943,159.12041410975147,159.2865727519431,1056900
2015-04-13,159.22845458984375,160.36656805251056,159.17030919140691,159.80166909111117,1227800
2015-04-14,159.5192413330078,159.685387363331,158.48081279832593,159.02079056590867,2647800
2015-04-15,160.2502899169922,160.6822797462125,159.87645817153205,159.9512219853981,934900
2015-04-16,160.19207763671875,160.64067300877753,159.7517851262469,159.9594707510402,823300
2015-04-17,158.33132934570312,159.31161282599538,157.63350816211928,159.1122299123425,2059300
2015-04-20,159.7767333984375,160.0841041187348,159.12875515362734,159.22844021402068,1430300
2015-04-21,159.618896484375,160.5493242206155,159.33644701817732,160.42471789027155,1089500
2015-04-22,160.40809631347656,160.56593944620704,159.08721853345878,159.90965832583643,1125400
2015-04-23,160.82351684570312,161.3801130740635,159.9180101164063,160.0426164824083,956400
2015-04-24,161.14747619628906,161.40500442236737,160.76534162731105,161.18071300514796,978300
2015-04-27,160.50779724121094,161.77883251533297,160.3333357025878,161.68745031436413,898200
2015-04-28,161.00619506835938,161.03943186557953,159.45271071560433,160.47452039795328,1103800
2015-04-29,160.3499298095703,160.8816045320692,159.61887231258737,160.1754682973811,1408900
2015-04-30,158.7549285888672,160.16718858624932,158.10695032329033,159.83488391407715,2506100
2015-05-01,160.4164581298828,160.48290640650237,159.3780295109067,159.46941173642182,1921200
2015-05-04,160.9148406982422,161.42159419636837,160.74869471180148,160.86499816992261,1060000
2015-05-05,159.0373992919922,160.99795275318795,158.94601707945696,160.6656480366377,1138300
2015-05-06,158.397705078125,159.82658350004405,157.450658931144,159.5773581611275,1588100
2015-05-07,159.0373992919922,159.419533870864,158.04051049459898,158.33126286093557,1320700
2015-05-08,161.1225128173828,161.31358005193525,160.5243771755337,160.5825352377726,1322900
2015-05-11,160.3499298095703,161.33019992950173,160.3000872849806,161.10589589272283,1090100
2015-05-12,159.88473510742188,160.39148862814903,158.8629125267926,159.6271942394074,1852700
2015-05-13,159.93458557128906,160.8400920573997,159.71858436005456,160.30011438156828,589000
2015-05-14,161.60435485839844,161.66251292418124,160.60746628661192,160.86499446107646,902300
2015-05-15,161.77052307128906,161.89514208246607,161.3468488559937,161.72898340089674,719000
2015-05-18,162.26898193359375,162.50989175219422,161.56284552975487,161.68746454720613,984500
2015-05-19,162.18588256835938,162.6344906940023,161.96159118166466,162.36034410080424,980400
2015-05-20,162.07785034179688,162.7839737893297,161.828625081911,162.3021416671832,3401300
2015-05-21,162.56809997558594,162.76747018320154,161.85366048732155,162.03642496172398,756200
2015-05-22,162.21080017089844,162.61786861999386,162.1526547788142,162.25233983731655,831600
2015-05-26,160.46624755859375,161.80374368414823,160.08410037580973,161.77050688070975,1235300
2015-05-27,161.94497680664062,162.19420214084798,160.58255934591782,160.8816272117412,1420100
2015-05-28,161.79544067382812,161.8868228761705,161.16408079699832,161.7123740110525,1114500
2015-05-29,160.7404327392578,161.76224285812233,160.54104989913301,161.72070318191348,1530900
2015-06-01,161.1141815185547,161.69569865767917,160.40804541496732,161.3550912347195,1157400
2015-06-02,160.94808959960938,161.5794494659936,160.12564979213505,160.6905487237219,1094400
2015-06-03,161.3883819580078,161.9366624860379,160.94808935724956,161.42160608729287,1213800
2015-06-04,160.07579040527344,161.27206175341317,159.73518290384808,160.7653082705519,1383400
2015-06-05,159.75184631347656,160.3499821560658,159.1537104708873,159.90137393605917,1567800
2015-06-08,158.7632293701172,159.76843356058106,158.68846557340657,159.64381455660308,1130100
2015-06-09,158.72166442871094,159.2117994750496,158.14845005961578,158.75490122826352,1466100
2015-06-10,160.60748291015625,160.9813145787536,159.40290856639717,159.46936950154537,1247700
2015-06-11,161.10589599609375,161.47142474481976,160.85668337298537,161.12251439634275,724700
2015-06-12,159.92626953125,160.516102414378,159.6770568669553,160.34164087324433,2147700
2015-06-15,159.18687438964844,159.4776393361869,158.23152558152137,158.85458245885414,1392600
2015-06-16,160.1173553466797,160.17550074510478,158.95430794077168,159.0872298173545,819800
2015-06-17,160.39146423339844,160.90652053883625,159.46102399232146,160.38314869548825,1170600
2015-06-18,161.97821044921875,162.43512147608035,160.83179412633524,160.8400969900499,1041600
2015-06-19,161.0395050048828,161.87024784694847,161.0395050048828,161.82870816961923,691400
2015-06-22,162.1428680419922,162.68537008691908,161.95924922224114,162.22632303754142,1027000
2015-06-23,162.25970458984375,162.55181615820308,161.91750474497235,162.31812180936086,1727200
2015-06-24,161.09951782226562,162.35145685130166,161.0744800605155,162.06767432582956,2160600
2015-06-25,160.59878540039062,161.65876432956333,160.5487098618352,161.50852497851085,2287600
2015-06-26,160.59878540039062,161.14130011730893,160.08132118813623,160.93264354973718,1631900
2015-06-29,157.2018585205078,159.7724961509216,157.12673247947828,159.22999418520268,2746800
2015-06-30,157.61077880859375,158.72917464904754,157.11001082432534,158.72917464904754,2679400
2015-07-01,158.80433654785156,159.20495357284776,158.11993692540523,159.12148585558847,2782300
2015-07-02,158.6875,159.41362079426275,158.3119079825944,159.2884319453852,3087100
2015-07-06,158.22848510742188,158.91287217915885,157.3103909113721,157.51070584561634,1741100
2015-07-07,159.20498657226562,159.33017543871762,156.2337186115148,158.46216958207793,3507500
2015-07-08,156.5007781982422,158.23680248894718,156.3338554796986,158.04484199939142,1874000
2015-07-09,156.78456115722656,158.68750817046268,156.7678650647211,158.49553494511753,2224900
2015-07-10,158.77932739257812,159.1716028106926,158.03651042249945,158.72923911196503,1648600
2015-07-13,160.55706787109375,160.6488772795793,159.89771865407025,159.90606033288256,1026100
2015-07-14,161.26644897460938,161.52518101657904,160.47355676152662,160.55701172662938,1128900
2015-07-15,161.19970703125,161.69213344275477,160.76569783253092,161.32489586963752,1174800
2015-07-16,162.4349365234375,162.47667037783086,161.9592062424292,162.17620445573667,949500
2015-07-17,162.6269073486328,162.68532455562908,162.11778489733788,162.4850096986759,872100
2015-07-20,162.7020263671875,163.1360355381601,162.41825652806043,162.82721519757163,1103500
2015-07-21,162.0594024658203,162.79387775459028,161.8006703260185,162.60191725334826,772400
2015-07-22,161.7422332763672,162.05105368309228,161.40004615490665,161.40004615490665,1193800
2015-07-23,160.8157958984375,161.94254654332633,160.53202600141222,161.917508772141,899300
2015-07-24,159.13821411132812,160.99108573759534,158.87948196506895,160.966047964434,1589100
2015-07-27,158.2367706298828,158.8460568962058,157.8695330817935,158.39535163795634,1745600
2015-07-28,160.15638732910156,160.33166439781178,158.27013709850206,159.07137095019397,931300
2015-07-29,161.29148864746094,161.50014516576294,160.17309276585408,160.30663599405932,2471200
2015-07-30,161.31654357910156,161.48346626443146,160.26491919967717,160.89088882120265,924400
2015-07-31,161.04115295410156,161.85074153881047,160.84085077917152,161.85074153881047,1437200
2015-08-03,160.54039001464844,161.09123374904982,159.68906753728206,161.08289206995167,3081700
2015-08-04,160.2231903076172,160.88253939247903,159.79753553653308,160.54035233433765,1601700
2015-08-05,160.78244018554688,161.70887606233893,160.50701192645852,161.11628567422963,1369900
2015-08-06,159.55548095703125,161.0244184090878,158.90447357319152,160.89088790281681,1321200
2015-08-07,159.13821411132812,159.40530067223318,158.3202838054857,159.31349125884557,1854100
2015-08-10,161.15797424316406,161.2080497788515,160.16476700074506,160.16476700074506,1346700
2015-08-11,159.68075561523438,160.281675006984,158.99635574000658,159.94782948541305,4996300
2015-08-12,159.82257080078125,160.0479106985053,157.16011126544788,158.47882214990767,3758700
2015-08-13,159.64730834960938,160.3483913442956,159.22165354613256,159.7641555153904,1155900
2015-08-14,160.2649688720703,160.3150444196512,159.3969502627066,159.5137974521915,742500
2015-08-17,161.15797424316406,161.15797424316406,159.29676133293012,159.76414997986012,1926300
2015-08-18,160.6655731201172,161.21642957016488,160.48195430343463,160.94934302394026,1023800
2015-08-19,159.39695739746094,160.70732704962714,158.67917813409994,160.06466111099962,1771900
2015-08-20,156.05010986328125,158.52059704701972,156.03341376821314,158.04486658838584,4195700
2015-08-21,151.10073852539062,155.2655283134192,151.10073852539062,154.47263588191433,6145900
2015-08-24,144.9412384033203,149.84883347375956,140.28402109000336,143.55575538209268,12325000
2015-08-25,143.1801300048828,150.06579629183645,143.02989066349434,149.5316360226276,8132200
2015-08-26,148.8639373779297,148.98912622036585,144.12325368996974,147.08617940302148,7086100
2015-08-27,152.50291442871094,152.56968605915077,149.3480281189005,150.90043350431407,7168800
2015-08-28,152.50291442871094,152.89518979792845,151.42623939902492,151.87694472064717,2945000
2015-08-31,151.1591796875,152.35268926235378,150.73352483112183,151.63491008752413,1923000
2015-09-01,146.54371643066406,148.9808241831729,145.91774658115494,147.82069390483156,8531800
2015-09-02,149.49822998046875,149.50658439250677,147.22804586297926,148.96406976078794,2424000
2015-09-03,149.62347412109375,151.5180668267764,149.15608538779074,150.19936835869487,2420200
2015-09-04,147.30319213867188,148.3047410962959,146.59375472868746,147.62869586828432,2317700
2015-09-08,151.07566833496094,151.1925154815246,149.33130281290948,149.95727239851124,2248500
2015-09-09,149.03921508789062,152.611414407373,148.70535694775134,152.56968054793234,2125500
2015-09-10,149.873779296875,150.88366950622415,148.62184044419448,148.77206699353346,1774400
2015-09-11,150.49978637695312,150.58324134678318,148.83887583211458,149.47318709143488,2185000
2015-09-14,149.9322509765625,150.7168016470276,149.54831731864235,150.7168016470276,905300
2015-09-15,151.88528442382812,152.25252201877908,150.04076750653283,150.41634677941045,1641500
2015-09-16,153.21237182617188,153.33756068994543,151.82688896860077,152.1857722016769,2098900
2015-09-17,152.8116912841797,155.23211464220466,152.51957978717607,153.07042334038255,3106200
2015-09-18,150.3412322998047,151.93535877762454,149.97399470771683,150.5749266337904,3205200
2015-09-21,151.11566162109375,152.03862574460666,150.1423428263026,151.15760464247882,1467600
2015-09-22,149.14389038085938,149.56342312454674,148.1286155077617,149.18584621585276,2469500
2015-09-23,148.8753662109375,149.73121649481158,148.38871955080236,149.34525358461863,1670300
2015-09-24,148.4138946533203,148.77468663615284,146.57633934657596,147.717468822725,2562400
2015-09-25,148.31321716308594,149.9494051746267,147.53289237258087,149.7564108861829,3436300
2015-09-28,144.57943725585938,147.56650968895306,144.3361137882074,147.55812363942337,3732900
2015-09-29,144.6548614501953,145.93024436910983,143.78223911817247,144.8814126799317,3219500
2015-09-30,147.4321746826172,147.54124446933207,145.720474240657,146.46724187180135,4123600
2015-10-01,147.8433380126953,148.03631949213326,145.99739647989603,147.65035653325737,3948400
2015-10-02,149.98289489746094,149.98289489746094,145.45194822879887,145.9973354526333,2307200
2015-10-05,152.67633056640625,152.86091315709595,151.03175691331043,151.14922554545151,2049100
2015-10-06,152.16452026367188,153.05392756753494,151.52682234533808,152.60922391560342,1325400
2015-10-07,153.43988037109375,153.7083874354404,151.91278805276718,153.04551862228558,1693800
2015-10-08,154.79080200195312,155.042524216069,152.77704989527334,153.0791139915877,3109600
2015-10-09,154.87469482421875,155.29422752897506,154.31252253621992,154.9418215933544,1651000
2015-10-12,155.05929565429688,155.16836545521997,154.53906637610604,154.95859909551532,885100
2015-10-13,154.02725219726562,155.4872178994923,153.87621375727363,154.37125930450858,1022300
2015-10-14,153.30567932128906,154.49715092068575,153.03717218744626,153.92657966283215,1184100
2015-10-15,155.60472106933594,155.63829086483557,153.5657977005693,153.88463393906173,2523100
2015-10-16,156.2340087890625,156.35147745840345,155.3278164242361,155.99907145038063,1241200
2015-10-19,156.41856384277344,156.42694988730165,155.48720077528515,155.780878774351,768900
2015-10-20,156.21719360351562,156.7961507912719,155.81444578716776,156.0829528668145,1151200
2015-10-21,155.20193481445312,156.74581214487168,155.10963710431275,156.72902725126727,1556900
2015-10-22,157.886962890625,158.06317228936965,156.04102124261192,156.0829770807058,1498300
2015-10-23,159.60704040527344,159.9510603329606,158.70084812906313,159.42244497105708,1624300
2015-10-26,159.2294158935547,159.5230810488439,158.9105670019245,159.51469500547665,1150500
2015-10-27,158.91896057128906,159.22102458737012,158.28966160471353,158.65046633650604,1442400
2015-10-28,160.7649688720703,160.7649688720703,158.6337351473775,159.28820526992106,2251900
2015-10-29,160.7062225341797,160.9747296536191,160.16922109842497,160.2950758087096,1779000
2015-10-30,159.89230346679688,161.100559713145,159.89230346679688,160.94953408391257,2011600
2015-11-02,161.78857421875,162.0151126272008,160.135614584894,160.2446843657006,2403500
2015-11-03,162.30044555664062,162.82906095784531,161.33552528132594,161.55367771838092,3920400
2015-11-04,161.8389434814453,162.6947809978101,161.33549910454173,162.58571119854147,1786700
2015-11-05,161.63758850097656,162.30884350766914,160.85726367792256,161.93126656738093,2185100
2015-11-06,161.57040405273438,161.79695525729701,160.36214803256001,161.31868191467808,2172600
2015-11-09,160.0601043701172,161.10893607605163,159.21265296084587,161.00825232928077,2127800
2015-11-10,160.36216735839844,160.47124995209674,159.34690544348214,159.64057063733867,1257500
2015-11-11,159.74961853027344,160.7229372083015,159.74961853027344,160.664196500417,1114700
2015-11-12,157.61009216308594,159.26305255496058,157.5597502714554,158.88547556460557,2454900
2015-11-13,155.78929138183594,157.42546656231377,155.7137785588424,157.19892809333317,3224000
2015-11-16,158.1806182861328,158.20578922475718,155.52916845730462,155.64663710525917,1687100
2015-11-17,157.98764038085938,159.2462386549119,157.60167741323255,158.46591387049872,1879900
2015-11-18,160.530029296875,160.68944099886122,158.49109332575543,158.50787822185242,2858600
2015-11-19,160.44607543945312,160.83203832634686,160.177568384987,160.51320220306965,2154800
2015-11-20,161.0418701171875,161.65439728298054,160.68107801961534,161.10899690808782,1317600
2015-11-23,160.85723876953125,161.55365180773902,160.42930720742777,161.00826440101082,1308100
2015-11-24,161.11737060546875,161.41943471579918,159.57348026204414,159.95107000230038,1572000
2015-11-25,161.06700134277344,161.36066655368145,160.8236652047206,161.22641301566074,758700
2015-11-27,161.2263641357422,161.4193583393066,160.680976907174,161.16763623261429,894500
2015-11-30,160.5719451904297,161.4949222728855,160.46287539204653,161.4781373796257,1551000
2015-12-01,162.12420654296875,162.19133330676019,160.9159504009648,161.1425016283708,1812900
2015-12-02,160.4124755859375,162.3171571367609,160.19432324741834,162.09060595241343,1999600
2015-12-03,158.13031005859375,160.89083027451812,157.5177829467301,160.73140576055704,2724400
2015-12-04,161.2347869873047,161.53685099968573,158.44908411722167,158.57495159086716,2900700
2015-12-07,160.21957397460938,160.99991164128267,159.40567931726602,160.99991164128267,1752800
2015-12-08,159.1958770751953,160.02655644241483,158.30646978674406,158.793129262205,1721700
2015-12-09,158.00442504882812,160.53002044246062,157.0730618152437,158.6840660673393,4500300
2015-12-10,158.36520385742188,159.57344724562876,157.8282025282894,158.16382355782662,4083800
2015-12-11,155.21029663085938,157.03106680747086,155.01731519546271,156.43533761029667,3084400
2015-12-14,156.14169311523438,156.14169311523438,153.80909208992438,155.49562190968416,2722600
2015-12-15,157.76947021484375,158.54980771463272,157.34993750400216,157.53453292102225,3799300
2015-12-16,159.984619140625,160.32863907222804,157.49259355346177,158.81831859468613,6361700
2015-12-17,157.65200805664062,160.39575568334726,157.59328013232923,160.37897078934853,3096000
2015-12-18,154.72369384765625,156.9723963471288,154.72369384765625,156.86331372048687,4531400
2015-12-21,156.09275817871094,156.21093950962327,154.8604318813751,155.93239682831978,2168400
2015-12-22,157.5023651123047,157.74713803266175,155.98304716703115,156.86931704172372,2423300
2015-12-23,159.39303588867188,159.477447436839,158.32108392743473,158.47300925886273,2275500
2015-12-24,159.11448669433594,159.6715719787934,158.9709973718654,159.26642489891228,1170800
2015-12-28,158.7683868408203,158.83590060283768,157.83991162070723,158.5573709161937,2668300
2015-12-29,160.54090881347656,160.80256649268327,159.81501353597267,159.8909761758605,1757100
2015-12-30,159.35926818847656,160.36370629832666,159.24953575918073,160.34682141395967,2535800
2015-12-31,157.78086853027344,159.32550710957622,157.78086853027344,158.78530669490698,2395200
2016-01-04,155.56942749023438,155.5778763727053,153.6871684525572,155.11363861559371,4193500
2016-01-05,155.84796142578125,156.2531085005068,154.8266384172724,155.7888836487597,2882500
2016-01-06,153.8728485107422,154.78443905028826,152.93593708504702,153.5605361159153,2755100
2016-01-07,150.12522888183594,152.7755894206988,149.82136531587864,151.21406581353585,4952500
2016-01-08,148.52993774414062,151.53480341487526,148.2598310917899,151.06212965265553,7357300
2016-01-11,148.5468292236328,149.66943589843328,146.9177789928911,149.43308612743797,4493300
2016-01-12,149.77911376953125,150.54721489312567,147.9306120480992,150.03233547701623,2998800
2016-01-13,146.11590576171875,150.78357821073521,145.7867213479698,150.60631912053503,4125700
2016-01-14,148.48770141601562,149.55121716217428,145.22961464895528,146.68984140950303,5081400
2016-01-15,145.3055877685547,146.07368896914986,143.5752671659597,144.5037296806266,8087300
2016-01-19,145.46597290039062,147.11189496872294,144.09859347122122,147.0359323069676,5863300
2016-01-20,143.76095581054688,145.07769330726765,140.08083704513638,143.14477994961612,8577600
2016-01-21,144.46151733398438,146.14120896879282,142.92532788213546,144.157653844255,3004600
2016-01-22,147.42422485351562,147.59303508167017,146.1750008305034,146.89246039940375,2611700
2016-01-25,145.23809814453125,147.14567814115128,145.03551814867114,146.95154702807355,2756400
2016-01-26,147.20472717285156,147.42419201201793,145.5081635068383,145.89643853655355,2263700
2016-01-27,145.53350830078125,148.2345104314805,144.75697099316736,146.77428336821708,3543000
2016-01-28,146.32691955566406,147.16254746087782,144.88356460654813,146.97685237083033,2616400
2016-01-29,150.0323944091797,150.0323944091797,146.93468069461332,147.15413272495837,4453100
2016-02-01,149.89730834960938,150.57256206098288,148.47928714717898,149.0701293148583,3923200
2016-02-02,147.17941284179688,148.63120372806793,146.69830313334018,148.43707264426206,5101200
2016-02-03,148.04037475585938,148.39488006713032,144.81605718417006,148.10790141696722,3871000
2016-02-04,148.22604370117188,149.14607014757445,147.06123154151894,147.66895850486904,3562200
2016-02-05,145.44061279296875,147.87152034875672,144.88352766486904,147.74490306724869,2371900
2016-02-08,143.44020080566406,144.0141579938433,141.48196665434182,143.7356154009712,3402000
2016-02-09,143.48243713378906,144.64723664008818,141.7774243291097,141.95467054817104,2360700
2016-02-10,143.38961791992188,145.7276662769771,143.25456456863736,144.27587494915983,1953600
2016-02-11,141.54946899414062,142.41041750795105,140.15676914833787,141.1780789340895,3439200
2016-02-12,144.45306396484375,144.45306396484375,142.39354643533656,143.10255686633045,1800300
2016-02-16,146.8755645751953,146.8755645751953,145.2212064313253,146.191874830476,2361000
2016-02-17,149.2811279296875,149.61031230477337,147.81245224424717,147.9812753119973,2265400
2016-02-18,148.6480712890625,149.5849825904457,148.38641358064402,149.56809770878905,1646000
2016-02-19,148.6143341064453,148.72405365328112,147.4157520583606,147.9475164262156,1136900
2016-02-22,150.74139404296875,150.87644738063003,149.99862644462206,150.05770423022688,2603100
2016-02-23,148.8506622314453,150.40373659446908,148.74092981165396,150.1758357531301,2076000
2016-02-24,149.55128479003906,149.7791857241994,146.52954636840408,147.53397192095352,2599800
2016-02-25,151.34912109375,151.34912109375,149.25584587881593,149.99017747289872,2546000
2016-02-26,151.07052612304688,152.23533821755728,150.86795906618642,152.1002849267232,2560800
2016-02-29,149.7200164794922,151.88925339344144,149.7200164794922,151.03675373144418,3128400
2016-03-01,153.4086456298828,153.4086456298828,150.52194803893602,150.95241608059973,3041400
2016-03-02,154.05853271484375,154.07540471815636,152.6995894434503,153.0794155882539,3839200
2016-03-03,154.62405395507812,154.65781084110043,153.36639422093378,153.8475167826466,3150400
2016-03-04,155.12203979492188,155.86482003955177,154.08384495618955,154.84349720318568,2821000
2016-03-07,155.29086303710938,155.6369323055946,154.25266811104598,154.33707964754214,3449900
2016-03-08,153.5436553955078,154.74222449630216,153.43392297549548,154.32019257858337,3385400
2016-03-09,154.3877410888672,154.6493988541951,153.62807580178617,154.3370993122739,1641600
2016-03-10,154.47215270996094,155.63696518685734,152.80090954527105,154.78446515746492,2090500
2016-03-11,156.97900390625,157.00432479344545,155.69603602370304,155.7888835698841,2231000
2016-03-14,156.74269104003906,157.16472306377605,156.21093944811923,156.48946924991782,1412800
2016-03-15,156.54006958007812,156.54006958007812,155.66223606291922,155.89857288383337,1325300
2016-03-16,157.47705078125,157.78090150356894,156.0336954532525,156.05058034206905,2700700
2016-03-17,158.47299194335938,158.8865878771564,156.99588016758904,157.3503854482468,1937300
2016-03-18,159.06387329101562,159.3508519871442,158.60808435477585,158.97947461065792,2623400
2016-03-21,159.3065643310547,159.4847747866773,158.6107239129261,158.83983499348895,1535400
2016-03-22,159.22166442871094,159.71385040381605,158.44095965911757,158.59370033319453,1521600
2016-03-23,158.20333862304688,158.99253760376465,157.9911901694204,158.8397839839263,1633300
2016-03-24,158.0930938720703,158.1100693807778,156.99840015952407,157.20206741845618,1874800
2016-03-28,158.20333862304688,158.63612975549387,157.77056043911392,158.4833761356555,1271200
2016-03-29,159.7223358154297,159.7223358154297,157.52448084699716,157.8299751515738,1604900
2016-03-30,160.3927459716797,160.99525340411796,160.02785676994083,160.52852411821743,1908400
2016-03-31,160.01089477539062,160.630364817065,159.80724048690473,160.25699430533487,3007800
2016-04-01,161.03768920898438,161.19892414295316,158.77194475180534,159.026512596475,2971800
2016-04-04,160.52854919433594,161.14801928047112,160.24003029926135,161.0122540612423,1259500
2016-04-05,158.8992156982422,159.7138715802104,158.68706721266378,159.31503139144166,1737500
2016-04-06,160.63031005859375,160.7066933392549,158.7634063422947,159.01798706463399,1860800
2016-04-07,158.73794555664062,159.95992263420246,158.05906796371593,159.67988514155178,2635300
2016-04-08,159.1707305908203,160.1890404671339,158.67854467842434,159.7986816578155,2043800
2016-04-11,158.75494384765625,160.37576125817148,158.71251156416082,159.75627840587092,1355300
2016-04-12,160.29942321777344,160.53702853420114,158.5428401321457,158.9331861740547,1590700
2016-04-13,161.90321350097656,161.95414000827483,160.98674354583864,161.131002945231,1972900
2016-04-14,161.88621520996094,162.34445008637252,161.58072097618268,161.94561003259224,3214800
2016-04-15,161.70811462402344,161.95421420224028,161.41959569306334,161.91178190097665,2059700
2016-04-18,162.87911987304688,162.87911987304688,161.10556167921786,161.2243643106582,2345300
2016-04-19,163.37130737304688,163.59193713384556,162.62454056955005,163.2355292363173,1633300
2016-04-20,163.507080078125,164.14352555622372,162.97247468151323,163.43920395515556,1636800
2016-04-21,162.59909057617188,163.62589497385025,162.39542336257418,163.52405489279323,1814700
2016-04-22,162.64149475097656,162.87909998484463,161.8183577091785,162.33600045764416,1863900
2016-04-25,162.37843322753906,162.38691450430485,161.5298394044498,162.1408279929552,2368000
2016-04-26,162.6160125732422,163.06576619199646,162.20019700466224,162.69238289751848,1715300
2016-04-27,162.95550537109375,163.30343201999105,161.91173837291876,162.25966502181606,1971700
2016-04-28,161.48744201660156,163.26948166103048,161.10557730340372,162.26814694871095,1578800
2016-04-29,160.5709686279297,161.2158954502914,159.57811513427959,160.91040107159003,2785500
2016-05-02,161.852294921875,162.03898659730126,160.67275003541684,161.07159016487165,1638900
2016-05-03,160.46910095214844,160.94431143264808,159.77324778533506,160.75761975123544,2351900
2016-05-04,159.52719116210938,160.19757472661368,159.0859186553058,159.52719116210938,2079600
2016-05-05,159.51025390625,160.2994403023848,159.1708214033249,160.0194156091576,1611600
2016-05-06,160.0872344970703,160.1466422855215,158.68705973761516,158.86527015445336,1551400
2016-05-09,160.25698852539062,160.61339646590432,159.8411727871993,160.0024077254473,1569000
2016-05-10,162.24269104003906,162.25966654584437,160.84250315273408,160.90191094879415,1021100
2016-05-11,160.7236785888672,162.14084178869797,160.71519731137977,161.83534746845228,2725500
2016-05-12,160.8170928955078,161.47899537972768,159.84121467989462,161.3517114206549,1783200
2016-05-13,159.3319854736328,160.98675393195208,159.0774176632901,160.46911113672977,1658700
2016-05-16,160.91888427734375,161.36863806122153,159.47626411930287,159.51869640898352,1075000
2016-05-17,159.50173950195312,160.9358525352315,158.9671211197763,160.68128468516375,3327100
2016-05-18,159.47625732421875,160.55397528330607,158.50037944572907,159.11136813524973,1942000
2016-05-19,158.95860290527344,159.1877139170981,157.812996052093,158.8143305590685,1796000
2016-05-20,159.95143127441406,160.42664167494905,159.45075115023187,159.51015892455487,1588700
2016-05-23,159.7393035888672,160.1975385493026,159.55261191463063,159.94295781638783,1415400
2016-05-24,161.76747131347656,162.089928214432,160.4521480810968,160.49458036895092,1985400
2016-05-25,162.87063598632812,163.28645169702446,162.3869441520846,162.40391965722964,2006700
2016-05-26,162.94703674316406,163.23555561895887,162.65850491885135,163.04886388791095,1225300
2016-05-27,163.58340454101562,163.63431808918904,163.06576188706637,163.09121866115308,988600
2016-05-31,163.3882598876953,164.00774274276012,162.82819776800721,163.9143968980596,2821900
2016-06-01,163.6937713623047,163.8295495049236,162.61606634512256,162.82821483727096,2375500
2016-06-02,164.18600463867188,164.18600463867188,162.86219973869515,163.31195363552007,1601700
2016-06-03,163.7108154296875,163.99933439219774,162.5821834249626,163.65142056023976,1897100
2016-06-06,164.4999542236328,164.830905370006,163.88047127262584,164.02473070068422,1177600
2016-06-07,164.7969207763672,165.28910675630797,164.64418010078955,164.66963688005248,1551200
2016-06-08,165.34007263183594,165.43341850150807,164.80546714963967,164.91577557851147,1041100
2016-06-09,165.08546447753906,165.21276134157142,164.41508094162748,164.64420493807265,1521600
2016-06-10,163.49859619140625,164.1435229374578,163.03186692521018,163.83804154341985,1932900
2016-06-13,162.26812744140625,163.7531667741626,162.18326287155688,162.95548643223387,2318200
2016-06-14,161.91168212890625,162.46326285988118,161.0630884206295,161.93713890427355,2051200
2016-06-15,161.67408752441406,162.89606461619672,161.53830941454638,162.30203862265392,1590700
2016-06-16,162.2002716064453,162.36150655308333,160.01939155846893,160.89344242322636,2744400
2016-06-17,161.59774780273438,162.16631717249643,161.00373459759123,162.16631717249643,1701000
2016-06-20,162.63302612304688,163.99926290708171,162.55665577482213,163.4052497289179,1192800
2016-06-21,163.0961456298828,163.4457980374011,162.59296316527642,163.01938060133875,1826500
2016-06-22,162.82318115234375,163.92334507970781,162.70378482822596,163.27518245173414,2245900
2016-06-23,164.9296875,164.97233183386675,163.74424789255679,164.18772554096842,2582200
2016-06-24,158.917236328125,161.88511085430005,158.62727561415522,159.4801104292851,10310500
2016-06-27,156.11143493652344,157.82562844346353,155.4462247390107,157.82562844346353,7717000
2016-06-28,158.9939422607422,159.0024789348845,157.3735617868838,157.66352241682094,4475900
2016-06-29,161.73159790039062,161.91922260551019,160.2135529322248,160.29030494434818,4147800
2016-06-30,163.91477966308594,163.9489003286928,161.63771322961784,162.14941910795224,3822200
2016-07-01,164.25601196289062,164.6994767549133,163.80401049314136,163.82105782213807,2170900
2016-07-05,163.1046142578125,163.59073621724167,162.52469298679844,163.51397121460025,2233000
2016-07-06,164.06838989257812,164.16220225649076,162.01305456436475,162.64415710461603,2197800
2016-07-07,163.95745849609375,164.81881679224892,163.2666645242078,164.22183515069466,1704900
2016-07-08,166.44776916503906,166.60980986189148,164.946784576455,165.1344092766813,2048200
2016-07-11,167.0276641845703,167.50524948580096,166.65241487268236,166.83150285403212,3590400
2016-07-12,168.20457458496094,168.46895124467386,167.65876092881118,167.87196959157632,2356700
2016-07-13,168.14488220214844,168.59688352420605,167.74404887681828,168.59688352420605,2767300
2016-07-14,169.12567138671875,169.54356513405776,168.76748232323956,169.35594043225058,3691100
2016-07-15,168.8697509765625,169.6543571378607,168.48597806257834,169.6543571378607,2346500
2016-07-18,169.35597229003906,169.49242901033637,168.77603773539002,168.98924648089366,1155700
2016-07-19,169.16831970214844,169.19390370633857,168.75896262187953,168.97217133228185,1003200
2016-07-20,169.8505859375,170.0893786461306,169.21095982226228,169.64590089586233,1096900
2016-07-21,169.2109375,169.9870202072822,168.83568814644707,169.7738115303294,4509800
2016-07-22,169.99554443359375,170.03818877177076,169.11712572269184,169.3900260632199,1678900
2016-07-25,169.5862274169922,169.85912782189004,169.0062929100887,169.79943614494252,1172600
2016-07-26,169.57766723632812,169.92733262487857,168.83570513012816,169.4582708857531,1405300
2016-07-27,169.46681213378906,170.0040892192574,168.733373670978,169.96144487578172,2120100
2016-07-28,169.6544189453125,169.8932246592675,168.84422849546652,169.27918256790025,937200
2016-07-29,169.95289611816406,170.22580946553032,169.13418210251461,169.39855877451026,1758600
2016-08-01,169.7567596435547,170.31963370190593,169.35592626987054,169.99555233257178,2111500
2016-08-02,168.6992950439453,169.6630027911749,167.90616471313956,169.535069728857,4085800
2016-08-03,169.18536376953125,169.2194714340951,168.34957633562124,168.63955004392966,2057500
2016-08-04,169.34739685058594,169.6288208569697,168.90391915181817,169.2876921737484,1384700
2016-08-05,170.71194458007812,170.75458892377898,169.8761700990934,170.0040901169693,1818600
2016-08-08,170.62667846679688,171.00191487800106,170.38787273133622,170.91663919904767,1441900
2016-08-09,170.73748779296875,171.18948909911202,170.44752714623974,170.7289641315556,1821100
2016-08-10,170.30258178710938,170.90808720234452,169.99556074129714,170.8569191969135,1222300
2016-08-11,171.13836669921875,171.32599140608335,170.56696891494093,170.8313456346428,1644700
2016-08-12,170.96774291992188,171.16389122230697,170.60101729731758,170.83982294297996,1718400
2016-08-15,171.46243286132812,171.76945389860984,171.2918685102218,171.32597617515273,1051100
2016-08-16,170.5754852294922,171.1298356625181,170.5669615661754,171.0871913194813,1731200
2016-08-17,170.85687255859375,171.01891320704428,169.83347368964937,170.60955626211106,3157700
2016-08-18,171.26629638671875,171.3004040540153,170.7801742884627,170.882510303579,5211200
2016-08-19,171.02745056152344,171.18096756142918,170.40488492682894,170.8568862385799,1190800
2016-08-22,171.0104217529297,171.20657009488954,170.4646080524837,170.82279707341152,880300
2016-08-23,171.32595825195312,171.85471158903513,171.30037425262492,171.57327458320052,1214400
2016-08-24,170.49868774414062,171.30887799283877,170.10639112457952,171.2321260037798,1161300
2016-08-25,170.36227416992188,170.74606023871576,169.99556145397815,170.12348146809194,1262600
2016-08-26,170.0382080078125,171.4624405741157,169.2365412070035,170.53285375752927,2890600
2016-08-29,170.8995361328125,171.12126845853072,170.13199014798283,170.16609780839175,1140700
2016-08-30,170.5754852294922,171.05308365298768,170.09789981922313,170.80575427130992,1407400
2016-08-31,170.1575469970703,170.4133999555989,169.41557211601523,170.31105096425424,2343900
2016-09-01,170.12350463867188,170.3878813793323,169.0659976760302,170.1405649806194,2196100
2016-09-02,170.8825225830078,171.27483235785596,170.37935312155966,170.91664326598297,1555800
2016-09-06,171.41976928710938,171.45387694821346,170.49870627860665,171.1553926205735,1589600
2016-09-07,171.41123962402344,171.54768327688723,170.839841974658,171.2662592962642,1455400
2016-09-08,171.0104217529297,171.35155043574903,170.72898473365245,171.09569741702197,2180400
2016-09-09,166.88270568847656,169.86762745754794,166.87418202532635,169.78235178636734,3435600
2016-09-12,169.27064514160156,169.671478533169,166.13221936694083,166.20044771159337,2799900
2016-09-13,166.85748291015625,168.33947661768048,166.2920934940908,168.1167533953117,3365300
2016-09-14,166.75466918945312,168.00536469716297,166.29207315239444,166.90029740219322,2967100
2016-09-15,168.4679718017578,168.81919972863986,166.50624553415062,166.62617542730817,1874400
2016-09-16,167.808349609375,168.0653459703435,167.19156357160185,167.9197177491162,1774100
2016-09-19,167.8597412109375,168.99908168885483,167.59418310544126,168.4422671496774,2061400
2016-09-20,167.87693786621094,168.78498064405412,167.84266470211372,168.63935237509645,1294100
2016-09-21,169.76148986816406,169.90711807980898,167.88543354933074,168.49365779455545,2238800
2016-09-22,170.78085327148438,171.08068443533682,170.4553237874587,170.69518348999128,2215200
2016-09-23,169.86431884765625,170.56677479750093,169.80436042856547,170.45540664170122,1413400
2016-09-26,168.51077270507812,169.2731868158908,168.3308713659536,169.16181869779584,2451600
2016-09-27,169.53872680664062,169.6243835202659,168.03959706877168,168.35655174479572,1468000
2016-09-28,170.4553680419922,170.53247609390456,168.87058124390634,169.77004882624138,1419900
2016-09-29,168.8534393310547,170.56673078058236,168.36514499367863,170.2240777192274,2074600
2016-09-30,170.20697021484375,170.7637848024895,169.4017210046149,169.62444422539747,3147400
2016-10-03,169.66726684570312,169.91570145029428,169.14471237933773,169.77006015994624,2136000
2016-10-04,168.87916564941406,170.01850622076492,168.31377624022429,169.83004308436833,2846600
2016-10-05,169.58160400390625,169.9927903174567,169.37600431144241,169.41883921462787,1126700
2016-10-06,169.77865600585938,169.90714766457322,168.89631175901272,169.3931679583385,1117400
2016-10-07,169.1533203125,170.12989620309384,168.45942609140576,169.97569313016834,1795100
2016-10-10,169.93287658691406,170.42973287568182,169.15333859808868,169.15333859808868,1297400
2016-10-11,167.8683319091797,169.67585523359077,167.20871092350734,169.61588374790296,2643500
2016-10-12,168.08245849609375,168.53647967124238,167.55132927372335,168.00535044887195,1458700
2016-10-13,167.54281616210938,167.9968374690658,166.12078075058778,166.9003317007884,2407100
2016-10-14,167.5856170654297,168.86201090388394,167.56848048995232,168.45938634411755,1218800
2016-10-17,167.08876037597656,167.8425997664983,166.8831606850831,167.5941782441237,1323200
2016-10-18,168.0738983154297,168.55361785765172,167.74838180970883,168.5022212026104,1263300
2016-10-19,168.53656005859375,168.8278165982943,168.01400540965702,168.3223985315112,1041300
2016-10-20,168.2624053955078,168.7335633087873,167.64561923110205,168.2195704813223,1309600
2016-10-21,168.30517578125,168.3908455767751,167.37143513835397,167.50848851126835,1376300
2016-10-24,168.99049377441406,169.31601023815472,168.7163608877109,169.07615049797718,817000
2016-10-25,168.51077270507812,169.09328547676628,168.3137347928524,168.87056231195174,1465300
2016-10-26,168.13392639160156,168.63934443147946,167.5000035994855,167.6970285339261,1202300
2016-10-27,167.6884002685547,168.81917889711673,167.60273046770857,168.79346749976176,1635500
2016-10-28,167.1573028564453,168.24523363526222,166.53194199713786,167.6541590000667,2632000
2016-10-31,167.1573028564453,167.67985732892834,167.02879814075925,167.4656958741628,1816300
2016-11-01,165.99221801757812,167.5084712857208,164.86143957553182,167.4913477854771,2456600
2016-11-02,164.89576721191406,166.0265329562706,164.56167584751572,165.69244159187224,3395900
2016-11-03,164.2532196044922,165.33258827301535,163.9533884386601,165.15268695924138,1512200
2016-11-04,164.0305633544922,165.08424728765198,163.893509936316,164.30469633360428,2221300
2016-11-07,167.62843322753906,167.67984295223238,166.19783640092845,166.33490285735715,2699100
2016-11-08,168.39942932128906,168.9134089474404,167.06306399336745,167.311485518634,3055900
2016-11-09,170.19839477539062,170.76378418538624,166.97741101749372,166.99454759483928,6119100
2016-11-10,170.59246826171875,171.70611057379492,169.28180104771033,170.92655964820366,5126400
2016-11-11,170.2755126953125,170.43827751107145,169.35889528925085,169.9756813956114,1954200
2016-11-14,170.30116271972656,170.8922503266032,169.66724021484606,170.72948555701393,2651000
2016-11-15,171.680419921875,171.68898167577527,170.53251747299973,170.72096755846553,2532400
2016-11-16,171.38909912109375,171.57754913584603,171.02929645021413,171.14066456602808,1195000
2016-11-17,172.20291137695312,172.29714292084518,171.4319224529158,171.5090304952822,1178200
2016-11-18,171.89454650878906,172.45993586452468,171.7060833902105,172.32286940167168,1668300
2016-11-21,173.16246032714844,173.19672042334037,172.28011579714178,172.4000457408888,2641300
2016-11-22,173.47933959960938,173.667802724956,172.84543006105966,173.53931108102776,2773400
2016-11-23,173.633544921875,173.65068149841622,172.84543232889308,173.1623871023266,1466300
2016-11-25,174.32737731933594,174.32737731933594,173.86479445279252,173.96758774060788,1843100
2016-11-28,173.50502014160156,174.21603766499638,173.34226843310282,173.95905440348443,2193000
2016-11-29,173.7792205810547,174.19898185694092,173.18813270712275,173.47938923093858,1689600
2016-11-30,173.38507080078125,174.4901509867485,173.3079758309812,174.35308454840953,2360100
2016-12-01,172.7083282470703,173.65064368095065,172.3913735426629,173.62493228604924,3284100
2016-12-02,172.82827758789062,173.23946388201762,172.48562452134757,172.7854426867286,2118900
2016-12-05,173.8219757080078,174.15606699582077,173.40221462480667,173.5906777175602,2070500
2016-12-06,174.4302215576172,174.43879638168937,173.5907122953673,174.04473354433557,2413300
2016-12-07,176.640380859375,176.74318725526888,174.15611299348632,174.2846046491299,2253900
2016-12-08,177.1029510498047,177.55697226182102,176.42619357209023,176.68318991715424,2983000
2016-12-09,178.18231201171875,178.2080103379334,177.30852970629124,177.3428028554951,1972000
2016-12-12,177.9853057861328,178.54212034090935,177.61694128619953,178.11379743065729,2419600
2016-12-13,179.2017364501953,179.63862110117503,178.5849504303548,178.63634708677858,2670200
2016-12-14,177.71971130371094,179.54435763944272,177.30851198262684,178.90187340554593,4232900
2016-12-15,178.37937927246094,179.23602520692017,177.8225646436143,177.9424945515834,2812500
2016-12-16,178.0709686279297,178.9019161480059,177.79684875309064,178.88479264240107,3074000
2016-12-19,178.47357177734375,178.86763457233528,178.12234388397383,178.26798516376272,2042000
2016-12-20,179.15890502929688,179.30453324912145,178.76484220342383,178.9704419044938,3195300
2016-12-21,178.67063903808594,179.21031705869729,178.67063903808594,179.09038715729713,1546600
2016-12-22,178.44302368164062,178.6412936056516,178.00340741056328,178.57233186944427,1863700
2016-12-23,178.59825134277344,178.62411035846776,178.23621196994216,178.41722507980245,1278900
2016-12-27,179.037841796875,179.4257401291438,178.84820027387977,178.84820027387977,1818500
2016-12-28,177.62417602539062,179.35680891218178,177.49488095314206,179.29646244305906,2228000
2016-12-29,177.5896759033203,177.9775742167779,177.15004641537462,177.6586376495296,1772700
2016-12-30,176.97764587402344,177.9430839997225,176.28804157576357,177.8913659791469,4251000
2017-01-03,178.21031188964844,178.71888995192734,177.19314261198298,178.15858071706936,4750200
2017-01-04,179.2620086669922,179.45163707696582,178.53791672016152,178.60687848429356,4622400
2017-01-05,179.12405395507812,179.33092605834835,178.44306487352208,179.08095121586038,2772100
2017-01-06,179.82223510742188,180.23599237848055,178.77920691536028,179.28779808425833,2194600
2017-01-09,179.25332641601562,179.7101864572737,179.20160839671962,179.5895066945472,1705200
2017-01-10,179.22744750976562,180.00325717240332,178.87402354633423,179.21020378754537,2189400
2017-01-11,179.736083984375,179.736083984375,178.53790138585265,179.15854405662355,5677600
2017-01-12,179.33946228027344,179.46014199616303,178.03783125199712,179.27050056360758,3244600
2017-01-13,179.69293212890625,179.96876591305255,179.40846990727965,179.45155948225764,2822700
2017-01-17,179.05502319335938,179.47740882992665,178.71884300200313,179.1153564825237,1690000
2017-01-18,179.434326171875,179.4860441835431,178.7964400040552,179.30501798959907,1980500
2017-01-19,178.83094787597656,179.66707774863548,178.40856214392642,179.52916741946828,1666900
2017-01-20,179.4084930419922,179.89982737680955,178.9171455540672,179.41710832747754,2082500
2017-01-23,178.9947052001953,179.47743735575577,178.28787041891786,179.15848768026504,4586600
2017-01-24,180.13255310058594,180.50320763497157,179.0809096427339,179.17573038575682,1940100
2017-01-25,181.6324462890625,181.68416430430395,180.83939287833817,181.00317536200717,2873000
2017-01-26,181.4945526123047,181.79624546844983,181.23594934053116,181.58074493415668,2485100
2017-01-27,181.23590087890625,181.6755171161938,181.0462594071888,181.58069638033507,1428200
2017-01-30,180.1411895751953,180.60667806046558,179.19299518653617,180.57219061179705,2782300
2017-01-31,180.13255310058594,180.13255310058594,179.1153839342394,179.58948764935403,3787100
2017-02-01,180.15838623046875,180.89970834586663,179.61532085723996,180.6928231672308,2698800
2017-02-02,180.23599243164062,180.5032109433012,179.49467019617583,179.804991437838,1661300
2017-02-03,181.57212829589844,181.64970533092023,180.82219065113725,181.0894092071736,4264400
2017-02-06,181.19284057617188,181.48591813631603,180.88251929098737,181.12387882911884,1345500
2017-02-07,181.23590087890625,181.7444788471006,181.01178511828806,181.58069638033507,1194600
2017-02-08,181.4686737060547,181.54625073314935,180.70149241420143,181.23592947166335,1096100
2017-02-09,182.50306701660156,182.77890082080137,181.46866723291527,181.46866723291527,1237100
2017-02-10,183.23580932617188,183.43406614427934,182.75307705778718,182.85652626328147,1412400
2017-02-13,184.20982360839844,184.46842683738993,183.66677129593356,183.70124558834937,1756300
2017-02-14,184.97703552246094,184.97703552246094,183.74437877937424,184.08055908686234,2528100
2017-02-15,185.9165802001953,186.09760640284344,184.73564169997314,184.76150070705054,2050200
2017-02-16,185.77008056640625,186.10626088231982,185.09771993457912,185.96835053323127,1920100
2017-02-17,186.05447387695312,186.05447387695312,185.14936931487665,185.1924720374716,1452600
2017-02-21,187.1492156982422,187.3302418678388,186.40789360679162,186.46824004769178,1893000
2017-02-22,187.0630340576172,187.2182012446018,186.66652053563385,186.81305928533254,1471400
2017-02-23,187.16647338867188,187.5198841649537,186.4510102461712,187.5198841649537,1717200
2017-02-24,187.39064025878906,187.4164992701291,186.33038133452277,186.3820993572028,1637700
2017-02-27,187.66647338867188,187.83024273069242,187.0716898655678,187.33029311297489,1942200
2017-02-28,187.11480712890625,187.55442347646033,186.81310112465184,187.34753823184798,2181000
2017-03-01,189.7696990966797,190.20932845140288,188.66633779790308,188.6921968007569,3325500
2017-03-02,188.65777587890625,189.65770144910925,188.5629551239196,189.6318424389409,1657100
2017-03-03,188.76126098632812,188.85608176596256,188.18372102059536,188.51990139327896,1765900
2017-03-06,188.1750946044922,188.4767875014067,187.5975546729136,187.97683776902147,1530600
2017-03-07,187.60618591308594,188.20096962318505,187.41654434890617,187.89926354750497,1743200
2017-03-08,187.20957946777344,188.08882515035253,187.11477187910035,187.8733246602277,1784400
2017-03-09,187.4078826904297,187.7785372858171,186.58898331306185,187.3389209429628,1636200
2017-03-10,188.06300354003906,188.39918384535892,187.27857844325652,188.39056855915896,1819900
2017-03-13,188.1750946044922,188.26991537851916,187.79581150838433,188.07164538993788,1388100
2017-03-14,187.5371856689453,187.75268620646767,186.95964580675852,187.71821190783203,1428400
2017-03-15,189.097412109375,189.51118262183832,187.80440885242302,188.02853783495132,3358800
2017-03-16,188.7783966064453,189.3386925223462,188.47669071135786,189.30421823727235,1710900
2017-03-17,188.39915466308594,189.15772063066112,188.39915466308594,189.03704087701112,1588500
2017-03-20,188.23541259765625,188.6836574159368,187.89923227222323,188.42505413027075,1035900
2017-03-21,185.8303680419922,188.89047736593284,185.68382929983963,188.77841291183177,3468700
2017-03-22,186.20970153808594,186.48681820543896,185.28306336244037,185.82865455798049,2600300
2017-03-23,186.0192108154297,187.07574555027497,185.70744625081497,186.0192108154297,2436700
2017-03-24,185.9585418701172,186.85920072725946,185.22244043467143,186.31360955830365,2647600
2017-03-27,185.65542602539062,185.94986656798068,184.13123834275402,184.3477410736487,2082900
2017-03-28,187.03245544433594,187.4568057246975,185.36971538804684,185.4649771565246,3057200
2017-03-29,187.3095245361328,187.46541339684626,186.60805769862216,186.81590510814678,1748500
2017-03-30,187.8118438720703,188.03701524019982,187.0410944361026,187.2056386776489,2494800
2017-03-31,187.36151123046875,188.01967492499392,187.36151123046875,187.54336616580025,1331400
2017-04-03,187.12770080566406,187.65596816376225,185.96724897452452,187.50007927706528,2843700
2017-04-04,187.23165893554688,187.27496214768658,186.47823325859906,186.80732181371883,2481600
2017-04-05,186.66004943847656,188.72981569126418,186.48684984021511,187.82916985173532,2311800
2017-04-06,187.14500427246094,187.6472790826367,186.38291027476413,186.80726047153271,1635500
2017-04-07,186.98043823242188,187.61262256259613,186.53876416516275,186.93713503955425,1835900
2017-04-10,187.11036682128906,187.8205023066378,186.62540269191993,187.11036682128906,1311900
2017-04-11,186.87655639648438,186.95450744957583,185.54290492449698,186.73800464336287,1787300
2017-04-12,186.10577392578125,186.7899300720652,185.86329188297384,186.61673050067137,2002700
2017-04-13,184.867431640625,186.40027532812977,184.867431640625,185.7594222146295,1806800
2017-04-17,186.48681640625,186.49548497389245,185.15316520302773,185.32636477023738,1746900
2017-04-18,185.975830078125,186.40018015185737,185.30899802348182,185.80263055094255,2695900
2017-04-19,185.56890869140625,186.79864320725522,185.37838513965514,186.46089931356633,2032400
2017-04-20,187.08436584472656,187.49139209486935,185.86328709429816,186.17505160048668,2734000
2017-04-21,186.53878784179688,187.07572371580432,186.1317615628813,187.03242051744036,2594400
2017-04-24,188.53060913085938,188.7471119004663,188.1235828668559,188.57391232763683,2366400
2017-04-25,189.66510009765625,189.9682092904927,189.04157100300193,189.14550132829876,1745100
2017-04-26,189.52659606933594,190.43589744820633,189.49194821408688,189.62185784984337,2824500
2017-04-27,189.6737823486328,189.96822299393648,189.19747353165178,189.8296580263997,1154200
2017-04-28,189.3100128173828,189.95085251016823,189.16277931653707,189.94219715717472,1257600
2017-05-01,189.76904296875,190.1500900200392,189.35334806864407,189.7950222482213,1506700
2017-05-02,189.82962036132812,189.98550922244692,189.4572419510265,189.90755818474753,2573000
2017-05-03,189.63916015625,189.8037044256761,188.99832021968655,189.4659605305378,1654600
2017-05-04,189.81231689453125,189.9595504181183,189.05889142506078,189.8902679406307,1439100
2017-05-05,190.57444763183594,190.57444763183594,189.7603948824448,190.14144197486482,1729700
2017-05-08,190.58306884765625,190.7389445025789,190.1500632982747,190.63502739929714,2225000
2017-05-09,190.3406219482422,190.94684044284048,190.03752591522706,190.7736276076501,1636900
2017-05-10,190.69566345214844,190.7129873761343,190.13276145828934,190.314616410153,1066900
2017-05-11,190.3059844970703,190.461860189297,189.32738749270112,190.29732914115235,1855700
2017-05-12,190.01148986816406,190.17603408386805,189.76033926073796,190.08942769214593,1056500
2017-05-15,190.9727783203125,191.1459779036673,190.37522852559934,190.41853172500834,1440600
2017-05-16,190.93812561035156,191.33649653477102,190.5224439780345,191.2845379825165,2452500
2017-05-17,187.55201721191406,189.71704481117828,187.42210762739035,189.31867391863057,3507700
2017-05-18,188.2361602783203,188.99825422247588,187.1709703985791,187.34416996381088,2894500
2017-05-19,189.40533447265625,190.06349829390732,188.64324031120927,188.68654351843395,2436500
2017-05-22,190.46185302734375,190.56578336587063,189.85564777878434,189.88162705984521,1865000
2017-05-23,190.8341827392578,190.99005837497495,190.4358118686267,190.79087954679892,1259000
2017-05-24,191.29319763183594,191.38845938453525,190.76493031491825,191.07669484972675,1453900
2017-05-25,192.18519592285156,192.46232583817766,191.5703353964295,191.7608456953641,1564600
2017-05-26,192.19383239746094,192.31508663421613,191.96867427408785,192.04661209976155,1196000
2017-05-30,192.01199340820312,192.22849619589826,191.75218742011265,191.87342845265067,1511700
2017-05-31,191.9686737060547,192.3237414187804,191.31916539880143,192.2890935757299,2326200
2017-06-01,193.4668426513672,193.51014584210495,192.13319159088206,192.37567360187936,2112900
2017-06-02,194.0731201171875,194.2636436431517,193.26772280937828,193.53618417388716,1857600
2017-06-05,193.9431915283203,194.22897678930303,193.82195049768654,193.97783937380495,1831200
2017-06-06,193.38897705078125,193.9432237420641,193.29371528129747,193.44093561335723,1449400
2017-06-07,193.70936584472656,193.9258686301651,193.0598574884109,193.71803441328416,1328800
2017-06-08,193.7786102294922,194.25491890668226,193.3282940385841,193.83058198777735,1116100
2017-06-09,193.55352783203125,194.7919176627759,192.34111728345022,194.09045061579087,2117600
2017-06-12,193.47552490234375,193.53613880224097,192.69610705677226,193.302325341421,1812100
2017-06-13,194.41952514648438,194.48015227669097,193.6747549447461,193.97786416721328,2170700
2017-06-14,194.211669921875,194.71395801126243,193.44958903994444,194.6966473012812,1886000
2017-06-15,193.82199096679688,193.9259080963857,192.69617361054296,192.99928285755578,2170900
2017-06-16,193.8739471435547,194.03849140623294,193.06856297059338,193.9865328420785,1603600
2017-06-19,195.458740234375,195.51936736589468,194.52344648070616,194.61870824860623,1433100
2017-06-20,194.177001953125,195.16425403815393,194.14235411054565,195.16425403815393,1366000
2017-06-21,194.0990753173828,194.59269478121138,193.6747251141456,194.4801223220398,1422000
2017-06-22,193.98651123046875,194.55808180105774,193.87392554448786,194.13373155059944,1344400
2017-06-23,194.31703186035156,194.5606121661529,193.75158042348366,194.0995484963053,1257400
2017-06-26,194.3779296875,195.2565576819926,194.2039456545678,194.86509028936246,1321700
2017-06-27,192.82945251464844,194.44752926934225,192.8033555729704,194.1778520225818,3476700
2017-06-28,194.5345458984375,194.72593235090636,193.56022452160195,193.76030553131642,2875800
2017-06-29,192.85557556152344,194.79552370892785,191.7507562091226,194.6998304851115,4613000
2017-06-30,193.17745971679688,193.9169086118082,193.0034756456571,193.62113436345717,2982300
2017-07-03,193.603759765625,194.4562911284832,193.53416347235188,194.07351815254893,1762500
2017-07-05,193.94300842285156,194.14308944391036,193.1252686748713,193.85600974893003,2043800
2017-07-06,192.20315551757812,193.34276655088937,192.0117690399389,193.26447570298285,2540700
2017-07-07,193.42105102539062,193.57764599017864,192.58592212696956,192.70771231107824,2148000
2017-07-10,193.62110900878906,193.98647949257753,193.16003203315265,193.29922458149073,1800100
2017-07-11,193.47323608398438,193.78641272511928,192.44672076112397,193.49063847352906,1638700
2017-07-12,194.926025390625,195.1087040105491,194.40405992828988,194.40405992828988,1492100
2017-07-13,195.256591796875,195.39578435719255,194.7694311098967,195.00431689616593,1485500
2017-07-14,196.1439208984375,196.51798595777453,195.20439106043833,195.31748667099728,1642400
2017-07-17,196.16998291015625,196.4831594670534,196.0307903795063,196.12648358506183,1176200
2017-07-18,196.3179168701172,196.3353192591361,195.50017714996375,195.84815855967452,3146500
2017-07-19,197.3531494140625,197.3531494140625,196.570214434574,196.5876035502895,1255300
2017-07-20,197.41403198242188,197.69241711518035,196.95296822115765,197.58802932746278,1698100
2017-07-21,197.27487182617188,197.2835663846138,196.70071238976337,196.91819581802704,2461700
2017-07-24,197.2052764892578,197.32706667870866,196.79640658021538,197.18787409815482,1278200
2017-07-25,197.67503356933594,197.9882102364761,197.49235492341626,197.9186139466522,1349500
2017-07-26,197.7359161376953,197.9881910489904,197.45753100537854,197.97080193382087,1574100
2017-07-27,197.5010223388672,198.15347253289704,196.30050973412963,198.1273755870665,1834500
2017-07-28,197.27487182617188,197.40535657347607,196.68330999874448,197.0747775147921,2364100
2017-07-31,197.16172790527344,197.7358872010541,196.9877438601031,197.67498548447202,3020000
2017-08-01,197.60543823242188,197.7533386453453,197.19656832406898,197.73593625427165,1674500
2017-08-02,197.718505859375,197.84029603137068,196.85726682403404,197.7446028052217,1889300
2017-08-03,197.37051391601562,197.63148334299245,197.08343427220947,197.63148334299245,1266400
2017-08-04,197.70111083984375,197.98819052899128,197.3357403102379,197.78810951199767,1039800
2017-08-07,198.02301025390625,198.04910720269544,197.64893186437007,197.76202749187968,848500
2017-08-08,197.63150024414062,198.88420669728544,197.24003279606606,197.77069279985287,1064700
2017-08-09,197.51846313476562,197.60544854640395,196.6050300306809,196.9095121567544,1536600
2017-08-10,194.8042449951172,196.90949620793887,194.73466198109676,196.81380297099244,3043300
2017-08-11,195.0652313232422,195.57850229850263,194.75205465788622,194.9782459170591,1584300
2017-08-14,196.9790496826172,197.18783851577217,196.22221173289606,196.22221173289606,2201900
2017-08-15,196.99647521972656,197.3618457650831,196.69200640232992,197.33574881713866,1309700
2017-08-16,197.30966186523438,197.81422500794616,196.9268889104782,197.43145205319,1531400
2017-08-17,194.23878479003906,197.0399722118916,194.23878479003906,196.7702949035867,3396200
2017-08-18,193.88204956054688,195.0999642658674,193.5166791311897,194.07343596746682,2691100
2017-08-21,194.11695861816406,194.30834504808243,193.22962274073626,193.86468374643437,1281300
2017-08-22,196.0830841064453,196.25708149542322,194.59550465929868,194.62160161281795,1455700
2017-08-23,195.41322326660156,195.78728840896437,195.09133875144346,195.2653361214254,1462900
2017-08-24,194.96083068847656,195.88295823293407,194.7607496658819,195.76986261079472,1345100
2017-08-25,195.38706970214844,196.2396008166678,195.27397409925698,195.69153846312517,1220800
2017-08-28,195.45664978027344,195.91772674127495,195.03039086644932,195.8742274120335,801000
2017-08-29,195.60458374023438,195.8742610440513,194.12568593688462,194.2126846103054,1397400
2017-08-30,196.5789031982422,196.81378899481908,195.46538921510282,195.61327633913015,1377800
2017-08-31,197.7359161376953,197.97949649140563,197.0834659172283,197.1530622003075,2202700
2017-09-01,198.07522583007812,198.44059642724991,197.9186308460696,198.1361142925387,1393700
2017-09-05,196.61373901367188,197.7794604275402,195.7177082358341,197.56197697128562,2222300
2017-09-06,197.30096435546875,197.59673862548865,196.77030427142844,197.2661595742107,1523300
2017-09-07,197.25743103027344,197.5880100245956,196.90075509157134,197.5880100245956,1620300
2017-09-08,196.95297241210938,197.4575355203704,196.82248767468585,196.99647174929524,1896900
2017-09-11,199.10169982910156,199.22349000277535,198.20566927833013,198.21437710982113,2007200
2017-09-12,199.83242797851562,199.84112253473478,199.32786496104112,199.49315444812623,1535000
2017-09-13,199.9541778564453,199.9541778564453,199.45830949508021,199.53660030767608,1155800
2017-09-14,199.8845977783203,200.03248486101538,199.4844225802225,199.6236151077461,1857300
2017-09-15,200.16299438476562,200.19779915802826,199.64104225301128,199.75412458078563,1419700
2017-09-18,200.510986328125,200.86764899103292,200.1891018920517,200.4848893838667,1325200
2017-09-19,200.75457763671875,200.82417391659135,200.46749796004417,200.77196675108706,1302400
2017-09-20,200.86476135253906,200.91722258893392,199.91167997903167,200.82977830019232,1850500
2017-09-21,200.29640197753906,200.74233580336275,200.12151341011852,200.70735275302886,1899900
2017-09-22,200.27015686035156,200.46252360970195,199.9903591699211,200.01658978645756,1599200
2017-09-25,199.97288513183594,200.4100799018409,199.23840112033778,200.0778209492825,1523300
2017-09-26,200.04281616210938,200.51499393400448,199.82421880085678,200.31387475532273,2335000
2017-09-27,200.82101440429688,201.16202574086964,199.88542467251972,200.6986004204534,2103600
2017-09-28,201.05714416503906,201.1183444983438,200.4887829270952,200.54999660252625,1084700
2017-09-29,201.77410888671875,201.83532255371495,200.8822412354488,201.0308858439938,1726200
2017-10-02,202.62229919433594,202.62229919433594,201.90530665697867,201.98399851922645,1960600
2017-10-03,203.033203125,203.07692526064963,202.56977783978363,202.77088365322481,1316400
2017-10-04,203.31304931640625,203.54038578216853,202.84087151704438,202.96328551278174,1006700
2017-10-05,204.51971435546875,204.54594497510496,203.52291078291503,203.61035507645303,1471800
2017-10-06,204.3273468017578,204.34483832882367,203.89015201999217,204.13499337253677,1101500
2017-10-09,203.9687957763672,204.54588257443822,203.71521540774216,204.53714348460082,768300
2017-10-10,204.48471069335938,204.82572203413895,203.98630231876874,204.46721916913063,1027600
2017-10-11,204.81698608398438,204.81698608398438,204.25737737919715,204.37979136642798,1036400
2017-10-12,204.50218200683594,204.84319331391367,204.29232376320255,204.4934295745247,1079400
2017-10-13,204.7295379638672,205.01808807309743,204.62461550310115,204.93064379437664,1067900
2017-10-16,205.05308532714844,205.21048238156666,204.6421211777723,204.96565437880543,1767300
2017-10-17,205.18418884277344,205.21041945344524,204.79945543009194,205.0180527471045,1332100
2017-10-18,205.3678436279297,205.56021037221632,205.20170749948903,205.53397975637031,1527800
2017-10-19,205.47274780273438,205.47274780273438,204.2748253809727,204.63332819851166,1653600
2017-10-20,206.4957733154297,206.52200392617397,205.94490380555706,206.18099264437697,1296300
2017-10-23,205.7438201904297,206.78434566920328,205.61265378044578,206.78434566920328,1101000
2017-10-24,206.03236389160156,206.25970031621725,205.71758319637541,206.07607268478432,1818400
2017-10-25,205.04434204101562,205.84003970477738,203.98632485333926,205.74385632407953,1943400
2017-10-26,205.23667907714844,205.84000989213163,205.1929569391409,205.56895131545764,3298200
2017-10-27,206.98545837402344,207.12536387914528,205.74382703584433,206.03237713686192,2825000
2017-10-30,206.23350524902344,206.8980364569823,205.9449551168226,206.03239940250458,1292500
2017-10-31,206.46958923339844,206.7668784502431,206.26847004954078,206.58325079153053,1357600
2017-11-01,206.82814025878906,207.5713768639668,206.46965061055508,207.25659602840227,2078300
2017-11-02,206.91551208496094,207.02918697918878,205.76132498696006,206.74937596020447,1908100
2017-11-03,207.6062774658203,207.61502989914305,206.65319618232022,207.08165180929112,1934200
2017-11-06,207.92103576660156,208.00848003765182,207.41390168930218,207.44013230219275,1688600
2017-11-07,207.83360290527344,208.29702818486138,207.32645549056687,208.00847810362544,1502700
2017-11-08,208.13967895507812,208.20963171890435,207.3614728029339,207.5888226209005,4711000
2017-11-09,207.38766479492188,207.52757029651644,205.90120553131788,206.9941922460448,1644100
2017-11-10,207.26527404785156,207.38768803993682,206.70566532087267,206.98547635542434,1019000
2017-11-13,207.51014709472656,207.68502234699105,206.62700505628214,206.64449658414657,900000
2017-11-14,207.00299072265625,207.09917410863133,206.0411568629055,206.74067118434914,2763300
2017-11-15,205.94497680664062,206.56579927926737,205.32416767614004,206.12860448906227,2436200
2017-11-16,207.70245361328125,208.0434649479077,206.79309450165186,206.810586025565,1072300
2017-11-17,207.1428680419922,207.57132370187156,207.04668466292233,207.37895694373185,1370500
2017-11-20,207.41390991210938,207.64124634688113,207.10786829342317,207.33520472819492,1420400
2017-11-21,208.7954559326172,208.97908359208225,208.10469412098567,208.15715535451156,1151500
2017-11-22,208.64678955078125,208.93533964718716,208.489405866627,208.85664780511001,2143500
2017-11-24,209.0840301513672,209.2239356849735,208.97036857967237,209.0840301513672,1219300
2017-11-27,209.02285766601562,209.4425609806229,208.8304908672107,209.14527168869807,2654000
2017-11-28,211.09510803222656,211.1475692666275,209.36382058637167,209.49497367237404,1800500
2017-11-29,211.01644897460938,211.75967214766806,210.5879932568743,211.25253790822887,2442100
2017-11-30,212.78268432617188,213.70078260229258,211.80335904038543,211.86457270792658,5451700
2017-12-01,212.38917541503906,213.09744202138927,209.43374837841404,212.6952170353925,3775600
2017-12-04,212.161865234375,214.2866386321232,212.11814309146766,213.9631054483088,2162000
2017-12-05,211.40982055664062,212.98372379137797,211.2786675129627,212.3978846260825,1886300
2017-12-06,211.4010772705078,211.82951943276285,211.016343893864,211.36609423147465,1204800
2017-12-07,212.10064697265625,212.3979361718875,211.20876603283884,211.33118001735312,2670000
2017-12-08,213.2548370361328,213.28106765159984,212.65150619614403,212.8701035531183,1685700
2017-12-11,213.94557189941406,213.97181585370342,213.26354929882226,213.36848508961327,2513300
2017-12-12,214.3128662109375,214.73256942422285,213.95436332315492,214.17296069246754,1855000
2017-12-13,214.2603759765625,214.92492046966703,214.19917565553231,214.54018699305357,1808300
2017-12-14,213.41221618652344,214.64509503652553,213.35100252748109,214.57514228710116,1932900
2017-12-15,215.20477294921875,215.58076743061596,214.28667450509315,214.35661393490346,3170800
2017-12-18,216.5425262451172,216.85730695796428,216.36765103622952,216.42886469750798,2089600
2017-12-19,215.755615234375,216.80487999566117,215.65069276088397,216.77864937728842,3170300
2017-12-20,215.58944702148438,216.64746405960068,215.33587996755682,216.6037419214412,2570000
2017-12-21,216.0266571044922,216.6824491972204,215.81681217377871,216.16656261971738,2262400
2017-12-22,215.98291015625,216.0878459516785,215.48451516092496,216.05286290582808,1888500
2017-12-26,215.731689453125,215.88106342477005,215.4856822390084,215.83713069230902,1492300
2017-12-27,215.85470581054688,216.15344036509535,215.59113621298718,215.88107617669132,1379100
2017-12-28,216.25880432128906,216.3203128134757,215.93372630940112,216.25002313942719,2346700
2017-12-29,215.5120391845703,216.81237835212482,215.28360774472907,216.8035837618005,2326700
2018-01-02,217.093505859375,217.093505859375,215.90740261884162,216.26761882005434,2784300
2018-01-03,218.385009765625,218.50801333971518,217.1725363878902,217.2252636965438,2917700
2018-01-04,219.34266662597656,219.7556100411053,218.920942029856,219.00880746530675,2918000
2018-01-05,220.7484588623047,220.88024362444472,219.60627510034718,220.05437010439272,2190200
2018-01-08,221.205322265625,221.3019688877377,220.41457351932547,220.66937525325167,2476200
2018-01-09,221.6710205078125,222.23332457484275,221.32836667644074,221.56557927835365,2129800
2018-01-10,221.293212890625,221.55679585202375,220.37069263530884,220.97691601822376,1953600
2018-01-11,222.92739868164062,222.92739868164062,221.69736280583282,221.8203663934136,2280300
2018-01-12,224.40345764160156,224.5352424131987,223.07676171105723,223.19098411736522,2054900
2018-01-16,223.5863494873047,226.15186246304012,222.98890732049952,225.61592879325724,3719600
2018-01-17,225.7477569580078,226.10798660767813,223.81483732050063,224.48256929523563,1867700
2018-01-18,225.44020080566406,226.03764298019308,224.93939185961554,225.65985102977956,3154200
2018-01-19,226.3978729248047,226.40666751387016,225.3874872548231,225.93221552145118,2541200
2018-01-22,228.21656799316406,228.24292494583054,226.1957967880149,226.1957967880149,1607800
2018-01-23,228.73489379882812,228.9896954991299,228.00566704484433,228.2955934665389,2161100
2018-01-24,228.62074279785156,229.86836792867828,227.575205535565,229.34120200279696,2935500
2018-01-25,228.72613525390625,229.50810283872755,228.02326533659362,229.46418352368374,3585600
2018-01-26,231.38833618164062,231.39713077133672,229.2884938278303,229.6047773036082,2857300
2018-01-29,229.7892303466797,231.29163000839077,229.73651645067335,230.9226059235813,5145000
2018-01-30,227.33798217773438,228.74374897597707,227.0831804099398,228.14630680087467,6678900
2018-01-31,227.54885864257812,228.77012687175636,226.6351329309347,228.28688024633968,5585800
2018-02-01,227.32041931152344,228.54166061344574,226.63511168564614,226.93383277253918,3125700
2018-02-02,222.45294189453125,226.23970925194027,222.36507645071455,226.12548685625546,5532200
2018-02-05,213.31549072265625,222.69895460701747,212.55111228663705,220.7572408638429,8559200
2018-02-06,217.2604217529297,217.72607914085836,208.81706686795022,209.8098901396853,11701700
2018-02-07,216.07431030273438,219.89622953431407,216.06552912013888,216.75963133036544,6240200
2018-02-08,208.04391479492188,216.51362748763543,207.9648439262921,216.3554857503759,6985700
2018-02-09,211.2507781982422,212.7971107777568,204.20439603842053,210.5127567448182,9713100
2018-02-12,214.15016174316406,215.53835260247848,211.44406969662023,213.0606919354228,4236200
2018-02-13,214.8706512451172,215.25723781723943,212.59507794858206,213.17495780676543,3077700
2018-02-14,217.68215942382812,217.99845629173535,213.3594445000201,213.50002386495356,3650800
2018-02-15,220.50244140625,220.50244140625,216.99681942677955,219.2987626136248,2923800
2018-02-16,220.4761199951172,222.28603576980206,219.79959352376875,219.8874589795129,3007500
2018-02-20,219.140625,220.97689758076888,218.42017926576665,219.65021510781634,3454400
2018-02-21,217.9896697998047,221.7940133049523,217.9896697998047,219.52722137455464,2798000
2018-02-22,218.2532501220703,220.4409577562756,217.7260842259517,218.92098197161965,3177700
2018-02-23,221.83790588378906,221.83790588378906,219.03516737545277,219.49204351448267,2923100
2018-02-26,224.39466857910156,224.4825340332541,222.2772505604397,222.77804611122838,1892000
2018-02-27,221.5304412841797,225.22056256437548,221.5304412841797,224.59676340227432,2947100
2018-02-28,219.07034301757812,223.00648466317048,219.07034301757812,222.6111035369799,2716600
2018-03-01,216.17977905273438,220.55520828545215,214.7740120880891,219.23730678349244,5182300
2018-03-02,217.3306884765625,217.76998886454015,213.7899284219733,214.58945834562476,3276500
2018-03-05,219.82589721679688,220.34426842348503,216.0918441609743,216.15335264636934,3024600
2018-03-06,220.3795166015625,220.7485274566039,218.97374947211912,220.72217049598586,1932000
2018-03-07,220.2828369140625,220.5903526170151,218.20933808255313,218.36747982254914,2730200
2018-03-08,221.31076049804688,221.42498289494,219.96650231301476,220.88024126900592,3021600
2018-03-09,225.14149475097656,225.15028934061527,222.32997437585146,222.6374766663135,2450800
2018-03-12,224.92185974121094,226.02011100947857,224.55284892383952,225.48417726069601,2029200
2018-03-13,223.4369659423828,226.42420328163863,222.9098135094234,225.97613510904972,3080600
2018-03-14,222.25970458984375,224.49134531685445,221.81162288891153,224.3332035658388,2352700
2018-03-15,222.04879760742188,223.34913656803434,221.60071598298583,222.76925676719787,2161500
2018-03-16,222.27720642089844,223.23487801161224,222.2596306522809,222.48806201877545,1554600
2018-03-19,219.30755615234375,221.63584301519197,217.77878586483774,221.62706183309277,2715800
2018-03-20,219.69415283203125,220.2300999053471,219.061559125613,219.64143892422732,1991400
2018-03-21,219.18455505371094,221.5128419429314,219.04397570022232,219.59749852559307,2777300
2018-03-22,213.7372589111328,217.96332737616078,213.5263898548103,217.11108337397243,3589400
2018-03-23,209.18609619140625,214.4577018718365,209.0367356392271,214.15019958430995,3815500
2018-03-26,214.94427490234375,215.19140722645653,210.34583593723679,212.55238416517338,5529000
2018-03-27,211.2196502685547,216.27705575080907,209.86042229383017,215.77396968694148,3363600
2018-03-28,210.6282958984375,212.90545559706206,209.64858781260722,211.352050280629,4384100
2018-03-29,213.66452026367188,215.01492695860662,211.01666188651294,211.6962826409409,2910800
2018-04-02,208.72181701660156,213.32909103257938,206.46231366899758,212.8789600191387,4696400
2018-04-03,211.36968994140625,211.8286557999297,208.236388380825,209.8957171609228,3287900
2018-04-04,213.8057861328125,214.30887232367743,208.03344615364338,208.1834898761016,4598000
2018-04-05,215.35032653808594,216.14467866369225,214.30000722758805,215.27088055136198,3436600
2018-04-06,210.61062622070312,214.92663432877023,209.16313101693447,213.54092894436062,4931600
2018-04-09,211.46676635742188,214.69715640338637,211.228468830205,211.96103103747498,2956000
2018-04-10,214.95310974121094,215.69452022779512,213.21436201872723,214.25584638319887,2903800
2018-04-11,213.81455993652344,215.35032261478148,213.54977141024395,213.59390507590783,2068300
2018-04-12,215.6062774658203,216.46241940694605,214.89135786848323,215.1031913841662,1723600
2018-04-13,215.00604248046875,216.98310086889592,214.03515597350884,216.98310086889592,2887700
2018-04-16,216.753662109375,217.4332827814629,215.7209990835207,216.4800522650507,2149200
2018-04-17,219.0837860107422,219.60452821846872,217.9010792606742,218.37768780537067,2301800
2018-04-18,219.2073211669922,219.96637427350635,218.83662269186217,219.47210963999967,1365100
2018-04-19,218.00698852539062,218.7925192408833,217.0890702889678,218.554208235506,1997100
2018-04-20,216.24180603027344,218.12179012297824,215.33270890274636,217.96291158880982,2103900
2018-04-23,216.14466857910156,217.19498784059505,215.13848298201688,216.7272006268094,1472600
2018-04-24,213.1967010498047,217.23026436946495,211.83745974482528,217.09787685754586,3653500
2018-04-25,213.7439422607422,214.14995311770966,211.47561736584524,213.1614102141946,2354800
2018-04-26,215.94168090820312,216.65660051793157,214.27353066293537,214.67070672748403,2106800
2018-04-27,216.17117309570312,216.74488386929818,215.26207605964092,216.4447829944415,2178600
2018-04-30,214.40586853027344,217.16847111738807,214.34409218542,216.69184917617093,2146100
2018-05-01,214.86488342285156,214.93549459575163,212.49945626766427,213.99108530938057,2323100
2018-05-02,213.3997039794922,215.37677615902342,213.02900547102428,214.66185664499943,1636400
2018-05-03,212.89666748046875,213.50566365680768,209.9928416204288,212.60540141298202,2666500
2018-05-04,215.72097778320312,216.2946749183522,211.73153493458912,212.04927840868584,1785200
2018-05-07,216.39178466796875,217.29206017694307,215.76513247067382,216.4094408259454,3127200
2018-05-08,216.38296508789062,216.70952994075878,214.9796035406056,216.09169908356122,1924500
2018-05-09,218.4835968017578,218.80134031930538,216.5594930055053,217.00080269833785,1506200
2018-05-10,220.53128051757812,220.8313678768319,219.11026276616698,219.20735143742002,1537600
2018-05-11,221.06968688964844,221.4668629345415,220.1958888167209,220.6901535363837,1703500
2018-05-14,221.3168182373047,222.2082589977836,220.84020967915345,221.64338311108045,1478200
2018-05-15,219.79867553710938,220.23116382740096,218.9425337685473,220.21350767106014,2600600
2018-05-16,220.73426818847656,221.13144419915986,219.83400615564835,219.8428275007027,2588700
2018-05-17,220.54893493652344,221.5286429868204,219.84283673913507,220.46948895688632,1714200
2018-05-18,220.001708984375,220.52246467101034,219.67514411279112,220.2400199957028,1702800
2018-05-21,221.6168670654297,222.13760919729637,221.0343351207816,221.3344359050465,1262900
2018-05-22,220.98141479492188,222.36713371695907,220.74311725374739,222.12882270808134,1055400
2018-05-23,221.66981506347656,221.66981506347656,219.72805544369308,219.87809909723492,1484100
2018-05-24,221.24618530273438,221.53745129705794,219.56037915424133,221.3079751201828,2025300
2018-05-25,220.6901092529297,221.21968618499176,220.20467944419045,220.6901092529297,1654700
2018-05-29,218.1393585205078,219.8428208032663,217.09787419232435,219.13672265706126,4465800
2018-05-30,221.01673889160156,221.4315711089879,219.2691426903001,219.35741002205614,1359700
2018-05-31,219.5868682861328,220.91963216114013,219.13673725344918,220.6460223098401,2378800
2018-06-01,221.8993682861328,222.11118834351694,220.80491527473137,220.8578702890774,1953900
2018-06-04,222.8790740966797,223.12620647281634,222.38480934440642,222.57015189265667,2031500
2018-06-05,223.1879425048828,223.41743214676038,222.30532318738946,223.00259999012232,1491200
2018-06-06,224.97085571289062,225.0326455346701,223.05557325327263,223.62927046952436,2763200
2018-06-07,224.86492919921875,225.6857587069645,224.0793985386838,225.3944927135928,2615900
2018-06-08,225.57106018066406,225.61518037917293,224.35304102524884,224.5030847162095,1517500
2018-06-11,225.86231994628906,226.54195418575853,225.68579874351627,225.76523126460836,2648000
2018-06-12,226.24179077148438,226.50659271974658,225.59749592839296,226.29477270945935,1182200
2018-06-13,225.34152221679688,226.6301388007805,225.27091105952772,226.41831879667424,2507800
2018-06-14,225.9946746826172,226.49777417859406,225.47394596401924,226.2241643338498,1913800
2018-06-15,225.80052185058594,226.01235535414523,224.3000715698914,225.30625714331745,2000100
2018-06-18,225.26214599609375,225.38571218526195,223.92939542237193,224.3442141899545,2015800
2018-06-19,224.4059600830078,224.59131606432246,222.79076512587315,223.15264227605292,1863300
2018-06-20,224.81198120117188,225.39449973836824,224.46776019240482,225.04145738444907,1578200
2018-06-21,223.4086151123047,224.77667785682527,222.93200656872037,224.7678565113211,4037600
2018-06-22,223.8057861328125,224.64427178838636,223.58513130409824,224.5383483125662,3092000
2018-06-25,220.7078399658203,222.87025514477224,219.1985680946892,222.74668894790943,6690000
2018-06-26,221.1932373046875,222.005245495932,220.57540644914303,221.2373709660198,2968600
2018-06-27,219.35740661621094,223.06440554144152,219.26913928582536,221.77578871111606,3433800
2018-06-28,220.69369506835938,221.33215427252696,218.69851343800858,219.2926325664745,2638400
2018-06-29,221.25234985351562,222.89283803698584,220.8887936848475,221.6691222345985,3711600
2018-07-02,221.50950622558594,221.5893102453006,219.31037643240126,219.52318715164034,1943100
2018-07-03,220.6138916015625,222.36078515631775,220.30353811322408,222.28984373680524,1157900
2018-07-05,222.50267028808594,222.5204090258199,220.72031277055453,221.74894306804686,1948100
2018-07-06,224.35598754882812,224.69295593983165,222.14799486020314,222.49382585545123,2622200
2018-07-09,226.34231567382812,226.40439449803105,225.24274382359886,225.2782213033417,3979500
2018-07-10,227.13153076171875,227.27338655589452,226.51965925576465,226.78568622727266,1314500
2018-07-11,225.57968139648438,226.48416757658913,225.2604517758999,225.76590431294707,2335100
2018-07-12,227.51280212402344,227.59260614799308,226.12946472175392,226.705858688706,2874000
2018-07-13,227.70787048339844,228.0359626887822,226.99846986330334,227.44183002883494,1814500
2018-07-16,227.56602478027344,227.90299317420002,227.14925235537274,227.7965877995679,993500
2018-07-17,228.5414581298828,228.83407291735074,226.8300283050017,226.87436838909179,1825900
2018-07-18,228.9581756591797,229.06458101092394,228.14235619350472,228.56800466186314,2606800
2018-07-19,228.08921813964844,228.69220001128974,227.67244568631628,228.33750638452364,2050500
2018-07-20,227.87635803222656,228.47046363960146,227.698997726554,227.8940832382405,2710700
2018-07-23,228.31088256835938,228.43501314788531,227.36205623756837,227.65469807035527,1447000
2018-07-24,229.38381958007812,230.17303778527847,228.62122977680886,229.52570241679,2916000
2018-07-25,231.48538208007812,231.66274237247558,229.1621083811302,229.25966466036314,2608700
2018-07-26,230.8026580810547,231.44999355386514,230.64305001205102,230.67852749229243,2166500
2018-07-27,229.3040313720703,231.21053307310683,228.40840774291667,231.20168399990362,2666200
2018-07-30,227.98281860351562,229.4725481109652,227.5749222753451,229.31294003403625,1601400
2018-07-31,229.1355438232422,229.74740175043056,228.42615666254713,228.7985754504271,1992500
2018-08-01,228.85177612304688,229.83607989084976,228.2044677864828,229.34837960483148,1651700
2018-08-02,230.013427734375,230.19963711657851,227.43298947830507,227.65467633472295,1767300
2018-08-03,231.13958740234375,231.13958740234375,230.01342791296486,230.19963729531295,2017600
2018-08-06,232.00857543945312,232.17703252916886,230.731657168718,231.05087320571184,1843000
2018-08-07,232.65591430664062,233.01948399316106,232.39874997980743,232.50518240087814,2619200
2018-08-08,232.5318145751953,232.92198565337537,232.14164349701522,232.5318145751953,1560400
2018-08-09,232.23916625976562,232.98403091696025,232.11503568092633,232.6204611923677,1084400
2018-08-10,230.66075134277344,231.40561598240154,230.04889341354578,230.87356207941414,2395500
2018-08-13,229.79176330566406,231.50317950951225,229.5789255009889,230.9179229040819,3684700
2018-08-14,231.27259826660156,231.50316126124778,230.1552878296352,230.50113232160453,1531800
2018-08-15,229.57009887695312,230.15532847822578,228.23997747855523,230.0489230961762,2587800
2018-08-16,231.4321746826172,232.23026892074057,230.8646704690106,230.8735195404831,1693100
2018-08-17,232.20372009277344,232.66484617706246,230.86474958077008,231.18396573630255,2278800
2018-08-20,232.71798706054688,232.98400045283836,232.23913589303947,232.68250958778043,1245500
2018-08-21,233.22349548339844,234.0747656042088,233.09046169397467,233.22349548339844,1937900
2018-08-22,233.15252685546875,233.6136529008136,232.6737026626089,232.89538955013617,1708100
2018-08-23,232.8155517578125,233.77325423875155,232.51406084681668,232.93083326583172,2308100
2018-08-24,234.27870178222656,234.35850581035677,233.31212318719278,233.35647679930042,2328900
2018-08-27,236.04335021972656,236.18523308574453,235.21868143104982,235.32508681521588,2371000
2018-08-28,236.1763458251953,236.61084347720362,235.77732565336777,236.5487917136227,3026900
2018-08-29,237.4709930419922,237.6926799388056,236.17634914179058,236.39803603860403,2116100
2018-08-30,236.50440979003906,237.39115725870252,235.98123203089386,237.03646368351417,2625500
2018-08-31,236.51329040527344,236.95666414800516,235.72407215374582,236.16744589647755,3172400
2018-09-04,236.18524169921875,236.4601313054693,235.2186900092747,236.18524169921875,3623300
2018-09-05,235.52011108398438,235.9900861160095,234.56240875293298,235.79500060867554,4595500
2018-09-06,234.82843017578125,235.8659093787333,233.8352775139747,235.59989600909955,1687900
2018-09-07,234.2609100341797,235.2186123331186,233.61360178352643,233.773209812889,2634100
2018-09-10,234.70428466796875,235.49350280755596,234.55355277119529,235.236338496059,2832700
2018-09-11,235.59107971191406,235.91917197158492,233.81758463357434,234.12795168456125,3420400
2018-09-12,235.61766052246094,236.10538786333316,234.8373184261733,235.5289803639946,3019800
2018-09-13,236.95664978027344,237.13401009116626,236.2915892065014,236.56647874541648,2087500
2018-09-14,237.08084106445312,237.31140411538345,236.2916497200539,237.17839737884324,1861000
2018-09-17,235.7418212890625,236.99213847431201,235.51125828626343,236.95666099817709,2515300
2018-09-18,237.027587890625,237.57739405355187,235.95463102918447,235.96350716352714,1823600
2018-09-19,237.29368591308594,237.67498092289358,236.96559359946582,237.07199899184081,2077500
2018-09-20,239.20013427734375,239.51050130962855,238.348864268225,238.43754442907573,3349700
2018-09-21,239.03167724609375,240.01598113900647,238.86319303975185,239.90954869706258,1352500
2018-09-24,238.23355102539062,238.59712069347034,237.66601972066655,238.47296307254368,2070900
2018-09-25,237.9408721923828,238.68576367919928,237.78126418579836,238.6236848784016,2360400
2018-09-26,237.24351501464844,239.2031854969183,236.89613494677596,238.11646408105338,2568400
2018-09-27,237.90261840820312,238.93589653630522,237.47507379220275,237.72448387942322,3077500
2018-09-28,237.8759002685547,238.4103582298524,237.3236370092228,237.3859963278341,1774300
2018-10-01,238.7577667236328,239.7732123903522,238.17878192225533,239.13186827002264,1968800
2018-10-02,238.73101806640625,239.31891904189862,238.32125160297758,238.69538029053024,3034100
2018-10-03,238.93592834472656,240.03156593640605,238.4727458878446,239.63071562188165,2505800
2018-10-04,236.97625732421875,238.41927479311113,235.488685834689,238.33911017635725,5004400
2018-10-05,235.6402130126953,237.62657823420082,234.2862487178526,237.10995256315428,2564700
2018-10-08,235.57777404785156,235.9162650071554,233.71610095534245,234.95423520874849,3219600
2018-10-09,235.27493286132812,236.45073503768373,234.75828015490063,235.24821132021384,2078000
2018-10-10,227.67678833007812,234.8206275220687,227.47190506952526,234.8206275220687,5803900
2018-10-11,222.88455200195312,228.29143736885774,221.30791301472433,226.973111159776,9037000
2018-10-12,225.89527893066406,226.8216573525995,222.95578724333112,226.59896879434444,7116700
2018-10-15,224.65713500976562,226.7503993387833,224.50569482669894,225.53007036764186,3306200
2018-10-16,229.44044494628906,229.9036545077869,225.9843280422952,226.37626204802737,3308500
2018-10-17,229.5206756591797,230.11746582569353,227.2047090099822,229.59192404336628,2845800
2018-10-18,226.29608154296875,229.2355727876923,225.08465542479664,228.70111489162298,3046800
2018-10-19,226.1179656982422,228.58534511805024,225.4944268666012,226.84837709578238,2684200
2018-10-22,225.1826629638672,227.01761442883307,224.62148347225573,226.74148280338312,2102000
2018-10-23,223.82870483398438,224.9866879634365,219.87375417835116,221.7977864311181,5206500
2018-10-24,217.14810180664062,224.06926714933923,216.67600307228815,223.74859502866272,4065700
2018-10-25,221.04067993164062,222.50151647845345,217.940858691688,218.86725079951992,4443800
2018-10-26,217.13027954101562,219.9985096892325,214.70742657616373,217.64691870473894,5278700
2018-10-29,216.0078887939453,221.21880618714985,212.70318480353782,220.04300414468784,5126200
2018-10-30,219.3126678466797,219.4640944781885,215.38443730373987,215.83871719826635,3619100
2018-10-31,221.61073303222656,223.65056777632955,221.1475506310116,221.5483873055298,4073400
2018-11-01,223.90890502929688,224.060331629945,221.31682033465526,222.35900123923258,2870700
2018-11-02,222.519287109375,225.27171410988657,220.68433577570065,224.8619748213844,3184500
2018-11-05,223.78419494628906,224.2830151705974,222.1452103258955,222.9736188777039,1912100
2018-11-06,225.2004852294922,225.34299557287898,223.68619220351133,223.73963528126018,2255200
2018-11-07,229.9571075439453,230.09963147799076,226.83055160303914,227.20468032786604,3090800
2018-11-08,229.5651397705078,230.2064837875913,228.61202639251513,229.36025654850306,2466900
2018-11-09,227.4451904296875,228.6031872826879,226.08233749358158,228.47846863761254,3078700
2018-11-12,223.05381774902344,227.10675308156604,222.6440647350955,226.86624558226413,2710200
2018-11-13,222.67965698242188,225.36972499665504,222.04721549266205,223.54368968113954,3097000
2018-11-14,221.1564483642578,224.77290818720277,219.71343093133478,224.4344308387354,3619900
2018-11-15,223.44573974609375,223.92674112676775,218.6178390870278,220.0341488688914,3911900
2018-11-16,224.01580810546875,224.88874353053293,222.02941619217282,222.48370959267646,2342800
2018-11-19,220.3013916015625,223.76642578193656,219.4373587192734,223.52591828072363,2973700
2018-11-20,216.2484130859375,218.5198391418849,215.4111019162146,217.20151306571933,5000900
2018-11-21,216.9699249267578,218.62672839895586,216.91648184569198,217.55782600214485,2425500
2018-11-23,215.5714111328125,216.76503204677195,215.32200105331768,215.38436036910636,830900
2018-11-26,218.9474334716797,218.9830576671482,217.21046511612872,217.5489425444967,2498500
2018-11-27,219.63328552246094,219.6600070630495,217.45092670096466,217.99428734598445,2849700
2018-11-28,224.76400756835938,224.76400756835938,219.79359753116387,220.65763018732582,3723300
2018-11-29,224.30081176757812,225.58349998363894,223.00922090262227,224.0603043291091,3279400
2018-11-30,225.7884063720703,226.198159349012,223.89110886968973,224.14942164796872,2992800
2018-12-03,228.57644653320312,229.58300323568133,227.19578824977253,229.50283861119155,3943500
2018-12-04,221.4860382080078,228.2735812246903,220.96049646401312,227.89947966358469,3837400
2018-12-06,220.92489624023438,220.98724197657145,214.78759935275755,217.71817516458398,7712700
2018-12-07,215.79412841796875,222.01160311992587,215.00135764715833,220.5774881758945,3928400
2018-12-10,216.0524444580078,217.00554443070675,211.66101897023324,215.56252690576486,5983700
2018-12-11,216.1147918701172,219.23243174633623,214.8410198161981,219.08100515479674,4543200
2018-12-12,217.3083953857422,220.15880603881854,217.21041188242566,218.94737981228232,4117000
2018-12-13,217.2371826171875,218.91179160970677,216.1860853806791,218.11011810416917,2610800
2018-12-14,213.228759765625,216.12371111955088,212.68539912167643,215.25076215594078,5088500
2018-12-17,208.87539672851562,213.3443303826573,207.48724979931643,212.30545789812197,6127200
2018-12-18,208.7947235107422,211.06948201329706,207.3080631068461,210.4604964977237,4691400
2018-12-19,205.4632110595703,212.25168428978557,203.99446577397075,208.85745450738614,8215600
2018-12-20,202.0868682861328,205.89306909910545,200.19720098295804,204.50493620553007,12141900
2018-12-21,198.06573486328125,205.4990237789639,197.53734792036238,203.06305420179442,11811600
2018-12-24,192.61170959472656,197.74336084997574,192.61170959472656,196.79405162519296,8493500
2018-12-26,202.3555450439453,202.4898897431572,192.39673688631595,194.23267178555486,11598000
2018-12-27,204.2362823486328,204.2989656156618,196.6686614783336,199.67779993114738,9578400
2018-12-28,203.97654724121094,206.94091764030506,202.8660408629144,205.3736583924945,7436100
2018-12-31,205.8125,205.95579556615348,203.69893822819702,205.36471160483342,6683900
2019-01-02,205.9736785888672,206.74387505424377,202.41823819624184,202.56152007448165,4891300
2019-01-03,201.05703735351562,204.5676975685684,200.5823826347343,204.28112003337054,3329600
2019-01-04,207.69320678710938,208.32905862518476,203.4302527232518,203.7795271081512,5100100
2019-01-07,209.2515106201172,210.66652358210004,207.16482873393159,208.03352564432288,3706000
2019-01-08,211.28440856933594,211.76802753729854,209.05441814020404,211.40083788855156,3546600
2019-01-09,212.26060485839844,213.09349820167603,210.8724720619598,211.991942810968,4565000
2019-01-10,213.14724731445312,213.2994937083993,210.32618627204567,211.04263667522406,2813500
2019-01-11,213.04873657226562,213.14725055401226,211.57104051148184,212.11734283472848,2551000
2019-01-14,211.8755340576172,212.60094898696093,211.07847135352873,211.44566107456455,2653400
2019-01-15,214.35630798339844,214.57123766495627,212.22483087183528,212.22483087183528,5103700
2019-01-16,214.83096313476562,215.62802592522593,214.5085549461852,214.68766756974827,4066700
2019-01-17,216.4340362548828,217.22214818501146,213.99806634850063,214.04284792006104,3059000
2019-01-18,219.3446502685547,219.74765706249568,217.4102012591383,218.12666537359803,4943300
2019-01-22,216.4251251220703,218.14463119527696,214.9115979173395,217.97446939137188,5786300
2019-01-23,216.7475128173828,217.929667152024,214.56230311939538,217.3385831519943,3076400
2019-01-24,216.96240234375,217.463936765271,215.75338202072808,216.63999419119435,2197100
2019-01-25,218.8072967529297,219.51479630355922,218.2251637230248,218.61921964101202,3677500
2019-01-28,217.1146697998047,217.168415884957,215.50264254607814,216.8101769776934,2407800
2019-01-29,216.84600830078125,217.73262055969923,216.07581172980596,217.22214890538538,2436900
2019-01-30,220.27601623535156,221.0103819069527,217.5176387966504,218.21618741871086,6028400
2019-01-31,222.11196899414062,222.5776726972165,220.02527367573384,220.18648458524368,5308100
2019-02-01,222.30003356933594,223.25829346335814,221.6194002458677,222.3806321868358,3718500
2019-02-04,223.88522338867188,223.91208959634693,221.73583111675586,222.37169658436935,2541700
2019-02-05,224.87933349609375,225.0853123278689,223.82254579638783,224.28824954534724,3613300
2019-02-06,224.6016387939453,224.98674381960197,223.84935776550773,224.56582174443514,2052200
2019-02-07,222.39857482910156,223.51804576087207,220.86713258165622,223.03442666571388,3907800
2019-02-08,222.6851348876953,222.73888096717218,220.4909747658942,221.2163896865527,2512600
2019-02-11,222.80157470703125,223.45534188455022,222.30005393165146,223.2493630658227,2986600
2019-02-12,225.685302734375,226.00771085632638,224.19864230174275,224.23447301830092,5980500
2019-02-13,226.3660125732422,227.17203998337948,226.03465349281208,226.41975866625322,3569100
2019-02-14,225.8644256591797,226.90329784028702,224.63749003648442,225.37185577456717,3247800
2019-02-15,228.3541259765625,228.37204133553243,227.3063029561669,227.50333090859152,2806600
2019-02-19,228.7482147216797,229.3482495118752,227.61082840856028,227.61082840856028,2509300
2019-02-20,229.27659606933594,229.60795507013705,228.27354088879304,228.73924459170883,2156300
2019-02-21,228.4437255859375,228.94524639386395,227.51231808657377,228.66761977986303,2020000
2019-02-22,229.81393432617188,229.993060606656,228.77507569261343,228.99001902994445,2119400
2019-02-25,230.1542510986328,231.60508100309596,230.05575077884367,231.13939095068568,2941300
2019-02-26,229.9840545654297,230.73636294295306,229.63479391163432,229.76016042066942,4629600
2019-02-27,229.86769104003906,230.18112103049833,228.46162901621904,229.32137502335868,2136400
2019-02-28,229.33030700683594,230.05572186790513,229.1332790611857,229.6437642836652,2207000
2019-03-01,230.9065704345703,231.2468940152568,229.56320514081006,230.88866873642144,2867000
2019-03-04,230.01992797851562,232.0439401687195,227.91533082635306,231.83794767820467,3384200
2019-03-05,229.75128173828125,230.31549949966876,229.23184555033075,230.15427490296148,2475900
2019-03-06,228.28245544433594,229.82284819220246,228.01379341364935,229.82284819220246,2514900
2019-03-07,226.4465789794922,228.0138382385324,225.64055173273604,227.90635973971519,6441200
2019-03-08,225.98980712890625,226.0883211063897,224.19865384041765,224.68227288094204,4522300
2019-03-11,229.28553771972656,229.37510085621514,226.5988212754774,226.6167229704423,1884200
2019-03-12,230.10052490234375,230.57517948059575,229.59900411516554,229.73333515979667,2271900
2019-03-13,231.66781616210938,232.48279438643857,230.78120381437003,230.91553487753706,1974300
2019-03-14,231.58718872070312,232.06184330541637,231.09463244007304,231.66778734857894,1557500
2019-03-15,232.7156219482422,233.36043829591884,231.83794690170552,231.97227794688123,3151200
2019-03-18,233.54852294921875,233.7365864295279,232.64398161157712,232.8499741200919,1830000
2019-03-19,233.6201171875,235.16947466682726,232.74246954199285,234.47092595695187,4061800
2019-03-20,232.78721618652344,234.43507383035148,231.8110409843506,233.33353211776716,3415200
2019-03-21,235.4485626220703,235.83582177475776,232.0712450434872,232.0712450434872,2968300
2019-03-22,230.9724884033203,234.71004766818322,230.89143608014177,234.22373372911196,4317400
2019-03-25,230.76539611816406,231.7110341721569,229.61259225495277,230.63929638579998,2893600
2019-03-26,232.4315185546875,233.36816912033822,231.21570604780274,232.36849617295573,3177600
2019-03-27,231.3507843017578,233.0169333008075,229.8647561760898,232.49455940601956,2714300
2019-03-28,232.25137329101562,232.55758011160606,230.8013640248914,231.8641141489171,1716700
2019-03-29,233.74642944335938,233.9085341050865,232.52157453493817,233.56629482942932,2831100
2019-04-01,236.4392852783203,236.66443981911348,235.23246023783122,235.47561724740117,3303900
2019-04-02,236.52027893066406,236.72743095128294,235.79078059826838,236.56532631845687,1512600
2019-04-03,236.96160888671875,237.98832668645267,236.32217774819188,237.64608741987468,1933900
2019-04-04,237.52906799316406,237.72720512384544,236.56542727478154,237.19584361081132,1738500
2019-04-05,238.6728057861328,238.71782569618625,237.87124250359417,238.14144441796248,1505000
2019-04-08,238.8799285888672,238.94297845022214,237.68211864653446,238.27652987213347,1720100
2019-04-09,237.6100311279297,238.2494896868913,237.12371720451068,237.96128533507874,2016900
2019-04-10,238.42971801757812,238.51978535889725,237.62818189463326,237.98842377521612,2990600
2019-04-11,238.3845977783203,238.87992672010333,237.84422144248657,238.87992672010333,1567700
2019-04-12,239.9967041015625,240.25786354300345,239.2311732741098,239.86158940843222,1903400
2019-04-15,239.83460998535156,240.14084435262194,239.087108990319,240.07779448379065,1584500
2019-04-16,240.00572204589844,240.6811856585321,239.43832821373658,240.645180721498,2447700
2019-04-17,239.42034912109375,241.0144335080616,239.0240748975502,240.99643103778686,1872400
2019-04-18,239.87060546875,240.1047749542415,238.7358179432836,239.96067276968375,2788900
2019-04-22,240.10479736328125,240.2038521642762,239.08709448557812,239.16814681857875,1126500
2019-04-23,242.17625427246094,242.43744127398696,240.20389800564942,240.4290525796262,2618300
2019-04-24,241.69888305664062,242.45539898738457,241.57281081052534,242.1672220742565,1393400
2019-04-25,241.60874938964844,242.15814058988212,240.44697211045093,241.61776436356791,1237400
2019-04-26,242.716552734375,242.75258515034295,240.87928430553603,241.61779766713644,2172600
2019-04-29,243.02273559570312,243.53609440507608,242.68049638945448,242.77056367815322,1892500
2019-04-30,243.17588806152344,243.44606248219068,241.46469178169184,242.77059894584087,2024600
2019-05-01,241.40164184570312,243.9503785386126,241.36560943216745,243.77925893016626,2669400
2019-05-02,240.92431640625,242.08609377184902,239.50132465497194,241.25754064993401,3009000
2019-05-03,243.2119140625,243.45509854684784,241.99610157949698,242.1942386667103,1969000
2019-05-06,242.24819946289062,242.59041115915218,238.94291985637565,239.2491266275627,3966900
2019-05-07,238.32156372070312,240.53707661138307,236.39425522620317,239.9967277244006,4752500
2019-05-08,237.85321044921875,239.40227445098353,237.28581673277594,237.88924286358886,2662500
2019-05-09,237.12374877929688,237.6190777436292,234.34084213044883,235.90790883949174,3094800
2019-05-10,238.23147583007812,239.00602164231188,233.5032310846753,236.29515252651615,3131900
2019-05-13,232.38650512695312,234.46693089927794,231.52191938013007,233.59333017566254,5548200
2019-05-14,234.40380859375,235.79978281559218,233.11593160595527,233.25101879266856,4702600
2019-05-15,235.7908172607422,236.36722602443027,232.71970631063058,232.92685836345896,2444100
2019-05-16,237.95228576660156,239.20415804070893,236.3672166983648,236.38521916476378,3221500
2019-05-17,236.51132202148438,238.68181508723373,235.83585840086596,235.8629033309884,2719500
2019-05-20,234.8992156982422,236.06099323977236,234.1787047389043,234.9712530518346,2762600
2019-05-21,236.8895721435547,237.32187871582093,236.18709114154862,236.412245661226,2760500
2019-05-22,236.2411346435547,237.12375028736594,235.84486047569524,236.07001500358433,3421500
2019-05-23,233.4761962890625,234.25074204372655,232.071234439344,234.23271209393556,3813200
2019-05-24,233.8815155029297,235.05230803362576,233.3141217050122,234.70108126829018,1833100
2019-05-28,231.78302001953125,235.02525010289773,231.71999765203952,234.12463216222253,2565900
2019-05-29,230.1889190673828,231.02648709369814,228.8470072305114,230.6752604149463,4593500
2019-05-30,230.82835388183594,231.62090202144674,229.78364757511252,230.81035141854542,2977200
2019-05-31,227.73928833007812,229.19829895702605,227.64923476794237,228.42376686248423,3698600
2019-06-03,227.06382751464844,228.72097523757787,225.8480013435791,227.70327240253545,3825600
2019-06-04,232.062255859375,232.1433081825078,228.78399309437353,229.1892684523779,3536300
2019-06-05,234.025634765625,234.05265221108291,231.83713922947717,233.47624339506692,2646500
2019-06-06,235.5476531982422,236.19609929557174,233.71939965065332,234.31381086359556,2277500
2019-06-07,237.8982391357422,238.92495684809813,236.36720502698356,236.52029469551934,1877400
2019-06-10,239.01499938964844,240.5550483139956,238.93391959155045,239.34822361749247,2845900
2019-06-11,238.9700164794922,241.05044220596946,238.3846201792803,240.6902004431225,1894500
2019-06-12,238.51968383789062,239.2942296619333,238.08737727437736,238.77185579543618,1711900
2019-06-13,239.58238220214844,239.88858901342553,238.7628165522542,239.40227509916858,1813700
2019-06-14,239.22213745117188,239.825563575899,238.5827063971169,239.3031897691778,1203300
2019-06-17,239.43833923339844,240.06878296141198,239.2221996625074,239.5104040801528,1782500
2019-06-18,241.824951171875,242.86065638863036,240.73518358849924,241.0504053896023,2340700
2019-06-19,242.4644317626953,242.91474086057679,241.1495368925935,242.03212513424205,1684500
2019-06-20,244.72491455078125,245.13919109362416,242.92367873098735,244.91403661614993,3288100
2019-06-21,244.4367218017578,245.6795789738356,244.22058228824122,244.5447915585161,2226000
2019-06-24,244.1215362548828,244.89608210107616,243.977434062924,244.5988627411977,3518400
2019-06-25,241.7079315185547,244.1846317182073,241.60884921853085,244.15761426996224,2287100
2019-06-26,241.4737548828125,243.00481686421762,241.38368756307918,242.5364777954792,2988700
2019-06-27,242.321044921875,242.79178977493967,241.86839607671905,242.15807034072418,2054600
2019-06-28,243.66091918945312,244.02303281641846,242.7827791396253,243.25355171942917,2883300
2019-07-01,245.73403930664062,246.8294419190358,244.701986543932,246.65743312525103,4497900
2019-07-02,246.44923400878906,246.4673300191818,244.99169016101823,245.7611988289099,3040700
2019-07-03,248.3413543701172,248.38660821918535,246.92909169815914,247.06488087286618,2335800
2019-07-05,248.0243682861328,248.27785049238375,246.1141761093049,247.27298348358167,3362500
2019-07-08,246.78421020507812,247.20063949855157,246.26818377745943,246.95621901428436,3131800
2019-07-09,247.09197998046875,247.3454622555099,245.6434979970212,245.6978136539946,2532900
2019-07-10,248.2416534423828,249.1288550587311,247.5626802252005,248.0696446838307,2853200
2019-07-11,248.73956298828125,249.05639502791075,247.9157389047696,248.83913245731026,2249400
2019-07-12,249.96185302734375,250.03429234903552,249.01130104331324,249.31006489715577,2932300
2019-07-15,250.02517700195312,250.36013281742837,249.59968586749798,250.34203680463256,1466200
2019-07-16,249.21043395996094,250.10667014500436,248.94788980254825,249.9708809696194,1564000
2019-07-17,247.52659606933594,249.3190684621551,247.52659606933594,249.21043712046944,1758100
2019-07-18,248.43186950683594,248.7668253197271,246.6665274965984,247.06486079503662,3461100
2019-07-19,247.10105895996094,249.44577707380284,246.87473449768856,249.42765343522242,2319400
2019-07-22,247.6985321044922,248.15118103063833,246.95620886251095,247.43601561912593,1304100
2019-07-23,249.40054321289062,249.40960503391062,247.95208847985043,248.69441186090742,1753000
2019-07-24,250.55026245117188,250.57742028380966,248.6581931040724,248.7577626145776,1669900
2019-07-25,249.328125,250.23342299820158,248.667247515412,250.23342299820158,1874200
2019-07-26,251.11160278320312,251.26548799577685,249.952822267767,250.04335760737274,1796900
2019-07-29,250.6588897705078,251.01194158914925,250.0976094866421,250.9757495645448,2925900
2019-07-30,250.05224609375,250.36910578397897,248.99306335733021,249.36423869417095,1751100
2019-07-31,247.21878051757812,250.41448154422721,245.3991502150979,250.21534249468078,4910000
2019-08-01,245.1456756591797,250.1157532946139,244.37616676304108,247.3998590453047,6921000
2019-08-02,243.35316467285156,244.5028832412967,241.85036660651556,244.33090203046956,5310400
2019-08-05,236.17410278320312,239.6142234930853,234.20056014045494,239.51465399278482,7354000
2019-08-06,239.2158966064453,239.4241250592053,236.33705605523195,237.6678450085284,4366800
2019-08-07,239.37889099121094,240.11218010487613,234.46310223062167,236.42761089633603,4261200
2019-08-08,244.05020141601562,244.0592632360267,240.26606273638697,240.80924701455137,3618800
2019-08-09,242.3481903076172,243.78761024602767,240.8091732620884,243.2715839584395,2616300
2019-08-12,239.50555419921875,241.52437798996428,238.60931832862656,241.02644768491854,2104500
2019-08-13,243.21726989746094,244.52090072330202,238.91710606114265,239.1977461223662,3402300
2019-08-14,235.8935089111328,240.03976163757693,235.8935089111328,239.50563912739653,4354800
2019-08-15,236.63583374023438,237.43247269320793,234.77995644992754,236.84403457774465,2775200
2019-08-16,240.1031036376953,240.51953292471265,238.1114372606582,238.15671873093095,2432700
2019-08-19,243.0543975830078,243.65189753061003,242.29395063901416,242.94573862457995,1430800
2019-08-20,241.17132568359375,243.06339474902623,241.0717561879112,242.60171166291332,1865000
2019-08-21,243.12680053710938,243.4617563379506,242.54742425045146,243.14489654911458,2007400
2019-08-22,243.0362548828125,244.34894782607444,241.4429494416613,243.77860575593303,1883700
2019-08-23,236.79881286621094,243.38031961309895,235.67622451980313,241.88658338576576,4184200
2019-08-26,239.42410278320312,239.42410278320312,237.4324366344932,238.82660293859016,2260000
2019-08-27,238.48257446289062,241.0445825110424,237.8307589919733,240.73678459803898,2490400
2019-08-28,240.1393280029297,240.31133681284612,237.18804803015172,237.84892543812018,3124000
2019-08-29,243.26260375976562,243.73337637411018,241.62401668483753,242.53837645269826,3128700
2019-08-30,243.1630096435547,244.62052593049438,242.31202744872726,244.56621026933502,4209200
2019-09-03,241.81410217285156,242.438759916912,240.51953284197208,241.56061987290664,3368500
2019-09-04,244.40328979492188,244.4847632954979,243.05440468399485,243.75147416281266,1486100
2019-09-05,247.6351776123047,248.44994013860364,246.65744047874801,246.75703760693315,1755800
2019-09-06,247.81617736816406,248.40464296046218,247.31827469659615,247.98818613706774,1890800
2019-09-09,247.87960815429688,248.80300203795727,247.11009943749727,248.77584420689368,2158500
2019-09-10,247.93392944335938,247.94299126308573,246.12333365803232,247.24589420413534,1870400
2019-09-11,249.7173614501953,249.7173614501953,247.59896774711035,248.18740583782863,2080300
2019-09-12,250.45065307617188,251.49174011308642,249.80789931681574,250.50496873879356,2433700
2019-09-13,250.38731384277344,251.2564198324819,249.99804232535365,250.95765601492494,2292000
2019-09-16,249.5634765625,249.95274801691053,248.99313448266673,249.30093244388658,1432400
2019-09-17,250.24240112304688,250.2967167745724,249.2646641406012,249.37329544365224,1789200
2019-09-18,250.3963623046875,250.47783580671913,248.0063900292559,249.86223981747932,2028700
2019-09-19,250.34201049804688,251.65470341656322,250.07043219714578,250.76750158779032,2267900
2019-09-20,249.002197265625,251.13871485543885,248.50429442979004,250.93048637504333,2052700
2019-09-23,249.17416381835938,249.77166369649524,248.3503394846037,248.58572575924734,1286400
2019-09-24,247.110107421875,250.4778167200662,246.29534483614313,250.14286091695973,5124900
2019-09-25,248.62188720703125,249.0292545552865,245.87883655215018,247.21865933417715,2649200
2019-09-26,248.13168334960938,248.82296574347163,246.82184714365889,248.63195605981238,2355000
2019-09-27,246.74002075195312,248.85939299443487,245.33921810264067,248.8321058929095,2836500
2019-09-30,247.95884704589844,248.56826812522047,247.22206767597197,247.24935477267297,2735200
2019-10-01,244.97531127929688,249.30502079311515,244.7660917209981,248.72288687284404,3696000
2019-10-02,240.65475463867188,243.52911637624524,239.4540666168364,243.52911637624524,4463500
2019-10-03,242.56488037109375,242.619454563504,237.94406184769804,240.45458573456656,2988800
2019-10-04,245.9303741455078,246.1032016498444,243.19244892743419,243.27433796337908,1907800
2019-10-07,244.87525939941406,246.6490039118219,244.59328348847728,245.19362735792302,1821900
2019-10-08,241.07313537597656,243.7928513472413,241.00945622559195,243.1197510688953,2153100
2019-10-09,243.31980895996094,244.1748415373997,242.31015877794022,242.90139762174476,1921200
2019-10-10,244.97531127929688,245.77576970879173,243.09241853159824,243.24706390234022,1559300
2019-10-11,247.5313720703125,249.55070084074725,247.3585445093155,247.50408496905004,2806500
2019-10-14,247.303955078125,247.8224377291885,246.94011783069544,247.22209377937855,1215500
2019-10-15,249.6962432861328,250.36934362862897,248.11350812331102,248.20447438124404,1783800
2019-10-16,249.30506896972656,249.89633571417792,248.88665753127043,249.29599177604413,1150800
2019-10-17,249.97811889648438,250.7967593712154,249.40506223647463,250.36013816382857,3100600
2019-10-18,248.95034790039062,250.11464377738835,248.14988928014154,249.5597690596689,1152200
2019-10-21,250.6876983642578,250.79684676439024,249.7508042511171,250.18739785164678,3017500
2019-10-22,249.80528259277344,251.3515972662833,249.70521142505055,251.13330054978601,1601500
2019-10-23,250.54214477539062,250.5785368265278,249.39603111608372,249.6052507113704,1296500
2019-10-24,250.95144653320312,251.51539833733054,250.1873523532262,251.3971450056913,2220600
2019-10-25,251.99746704101562,252.45227042548808,250.39655024479399,250.442019479643,5500900
2019-10-28,253.4619598388672,253.8440069549053,253.0708355298519,253.0708355298519,1795900
2019-10-29,253.29818725585938,254.1714019442871,253.03439353159678,253.16175179813544,1599200
2019-10-30,254.18966674804688,254.40796352755598,252.30677374777977,253.49835660093422,1811300
2019-10-31,253.37100219726562,254.09870440513677,252.0975580322422,254.09870440513677,2312100
2019-11-01,255.78152465820312,255.790601852974,254.60812374028532,254.73545429812614,2361900
2019-11-04,256.80029296875,257.32785289299125,256.4728199655259,257.2278094324827,3797500
2019-11-05,256.4728088378906,257.2550853745914,256.2454070640482,257.03676079557886,2995600
2019-11-06,256.6092529296875,256.81847256185944,255.70875075804665,256.5456015277278,1457200
2019-11-07,257.5187683105469,258.53755124603015,257.0366778159953,257.83713624294813,2689600
2019-11-08,258.1464538574219,258.1464538574219,256.50917237141806,257.1822726642637,2328700
2019-11-11,257.6461181640625,257.7552665352611,256.7274064414815,256.9002339488778,1123700
2019-11-12,258.1555480957031,258.98329375717316,257.4460557800147,257.946328502474,1737600
2019-11-13,258.2646484375,258.61940840883983,257.04577867368454,257.26407541974214,1721400
2019-11-14,258.6103210449219,258.6921823302605,257.40963334195953,258.0009000010685,2244000
2019-11-15,260.5387268066406,260.5387268066406,259.2379954565107,259.82015726185716,1892400
2019-11-18,260.702392578125,260.92071708704196,259.88375200692724,260.31126831485227,2278500
2019-11-19,260.5750427246094,261.2754299179632,260.0383780815469,261.2754299179632,3212500
2019-11-20,259.6563415527344,260.52958404097075,258.2282800164854,260.0656757040324,2816300
2019-11-21,259.2561340332031,259.8201135969772,258.48299041897684,259.7109374575706,2307200
2019-11-22,259.82916259765625,260.0201722426464,258.87408661371035,259.9201288244595,1266500
2019-11-25,261.8031005859375,261.82128273319546,260.6660918047384,260.6933789051271,2040300
2019-11-26,262.3305969238281,262.5852857187844,261.57563548988526,261.88489847240385,1795700
2019-11-27,263.5677490234375,263.5859311712879,262.65814196883866,262.93101298161656,1631500
2019-11-29,262.55804443359375,263.3130337582566,262.40342679485667,263.10381416343404,1988500
2019-12-02,260.4205017089844,262.90373908601396,260.0020902153733,262.90373908601396,4416100
2019-12-03,258.5921630859375,258.7194936220401,256.6001216793988,257.89174798087095,3236000
2019-12-04,260.24761962890625,260.7843121335883,259.30164842922926,259.6109114474698,3188800
2019-12-05,260.72967529296875,260.902475026025,259.50170070803557,260.902475026025,1597200
2019-12-06,263.0492858886719,263.4676973923604,262.4671240061432,262.4944111094488,1609400
2019-12-09,262.2487487792969,263.34936529559855,262.2123567327668,262.75812639472565,1478900
2019-12-10,262.00323486328125,262.8218756952521,261.3756037483356,262.24881878517084,1822700
2019-12-11,262.6853332519531,262.9490992150913,262.0394924922843,262.37607029727803,1835400
2019-12-12,264.99578857421875,265.69620371274254,262.5216564847496,262.7399810354982,3276600
2019-12-13,265.0958557128906,266.29654356709625,264.05889044998537,264.7774877238056,3519600
2019-12-16,266.9696350097656,267.5244819149375,266.7149461787194,266.75133822858334,3141900
2019-12-17,267.0242614746094,267.59731839638846,266.969687268631,267.4153858704565,3658200
2019-12-18,267.0423583984375,267.62452008842115,267.0332812063421,267.44258762055193,3294400
2019-12-19,268.1520690917969,268.22485317962855,267.19699307122585,267.2242801644137,2331600
2019-12-20,269.5166015625,269.935040859909,269.0436158129609,269.1436870393878,4985600
2019-12-23,269.7806701660156,270.11885125232317,269.62527534319975,270.0822828422152,2325200
2019-12-24,269.7806701660156,270.0000248396153,269.497327748108,269.96345642950735,1305900
2019-12-26,271.160888671875,271.1791589333292,270.1097489273875,270.14631734382476,2390300
2019-12-27,271.160888671875,271.9286580558846,270.6855829387769,271.9286580558846,2225400
2019-12-30,269.67095947265625,271.3161751081996,269.18653269936135,271.2339171157745,2345400
2019-12-31,270.3656921386719,270.53935726273806,268.8758707539147,269.2049028457047,2512700
2020-01-02,272.7603454589844,272.7877647909199,270.85917879971885,271.7275041335452,3142400
2020-01-03,270.7677307128906,271.79142280810856,269.6709297080932,269.83544567478515,3247900
2020-01-06,271.7823486328125,271.84633637320974,269.04030380630394,269.1042915467012,2777100
2020-01-07,271.0329284667969,271.70929079467305,270.6033402033681,271.2980006872607,2251800
2020-01-08,272.4312744140625,273.57379302040664,270.9779940940153,271.1973487405067,3719500
2020-01-09,274.314208984375,274.378196736203,273.3727745415037,273.95775759788415,2168500
2020-01-10,273.52813720703125,274.990538888903,273.0985490422623,274.88086155211505,3666800
2020-01-13,275.337890625,275.41102745093866,273.7292430701917,274.12226285565146,2728000
2020-01-14,274.9722595214844,275.95026223131856,274.4969817799732,275.0179770059809,2620100
2020-01-15,275.58465576171875,276.306707486947,274.83515681028234,274.9448341410247,2822300
2020-01-16,277.88800048828125,277.8971495649055,276.681493901991,276.8917274096636,2582600
2020-01-17,278.8294677734375,278.9574432871619,278.0434281098036,278.56439556181533,2218000
2020-01-21,278.2535400390625,278.9756195961833,277.8605203396059,277.9336292560201,2757900
2020-01-22,278.3267517089844,279.6155163688874,278.15308660558077,279.0579526438739,2765300
2020-01-23,278.6009216308594,278.7471673842304,276.63579487695057,277.71432592784606,2673100
2020-01-24,276.05999755859375,279.2499015399036,274.94489794805844,279.15852233876006,3448200
2020-01-27,271.67266845703125,273.0436908559245,270.9597379253476,271.31618924442836,4302000
2020-01-28,274.6158447265625,275.31962630362557,272.5775810358357,273.0163183203518,3562500
2020-01-29,274.341552734375,275.97764713253457,274.1313471698957,275.8314014087335,2739400
2020-01-30,275.20074462890625,275.3835587674673,271.7366203258792,272.41301032373815,4432700
2020-01-31,270.2651672363281,274.7529853901865,269.37857134208673,274.60673960527197,6184700
2020-02-03,272.2302551269531,273.9029183870268,271.4899051244705,271.57216313657665,3205200
2020-02-04,276.42559814453125,277.15682700864915,275.26480893300095,275.5755707401777,2292800
2020-02-05,279.5514831542969,279.7616887447909,277.74172347849526,279.1401652618573,3049900
2020-02-06,280.5020751953125,280.67571238231477,279.51492338037116,280.419789299464,1925500
2020-02-07,279.07611083984375,280.2277783486871,278.5368454855406,279.5331182140176,2249000
2020-02-10,281.0777893066406,281.11435770466926,278.1803783403345,278.21694673836316,2246900
2020-02-11,281.5897216796875,283.06130029644663,281.16013352500266,282.3666399883971,2438800
2020-02-12,283.3995361328125,283.59147150477145,282.5860771512054,282.942528556272,2115800
2020-02-13,283.12530517578125,284.0027517961206,281.84566181644345,282.0650443916722,2043400
2020-02-14,283.6006164550781,283.6463060546557,282.43067819190134,283.4452216081631,1637000
2020-02-18,282.8235778808594,283.18005702285586,281.54396280737825,282.64991284658157,3000300
2020-02-19,284.185546875,284.7979212848059,283.45431816255297,283.7285393897918,2257500
2020-02-20,283.0704650878906,284.4323385525226,280.30100067115063,283.66456927687955,4617300
2020-02-21,280.1365661621094,282.04685496775795,279.34137724086486,281.79093177593745,2678000
2020-02-24,270.7677307128906,273.6377505238216,269.7897560929877,271.42582247317614,7097000
2020-02-25,262.633056640625,272.58669299627206,261.73731193344514,272.1296855138682,8465800
2020-02-26,261.4723205566406,267.1483468258185,260.93305496556684,263.79389895342706,10233700
2020-02-27,249.88258361816406,260.01900700140897,249.85513638935063,256.4452048700444,14897000
2020-02-28,248.37437438964844,249.45293305951193,239.70038280896944,242.5064149570784,23179600
2020-03-02,259.46142578125,259.61682059972566,247.23190098620614,250.44010246561652,12428600
2020-03-03,252.3046875,263.52878965404216,249.8551063039349,259.89100021386156,9805900
2020-03-04,262.76104736328125,262.9164142959361,254.73599662260176,257.0484535019341,5253900
2020-03-05,253.95916748046875,259.0410905330378,251.9117541538228,256.19848832455074,6220000
2020-03-06,249.6997833251953,250.8605724415806,243.67642726172426,246.16254940889,6669100
2020-03-09,230.4322967529297,238.54873957254028,229.55483631328394,232.05924215746654,16425900
2020-03-10,242.25820922851562,242.25820922851562,229.57641055160224,239.2002637707325,10879100
2020-03-11,230.24684143066406,236.66580491253217,227.39090943376405,235.69240287069732,11480100
2020-03-12,207.97789001464844,223.77274669531212,207.36262682090236,215.74676311184052,24669300
2020-03-13,227.40924072265625,227.53780297019324,209.46555211065004,220.99947036019762,19533600
2020-03-16,200.714111328125,215.59066292269722,200.31923253616296,204.6444591466056,17271500
2020-03-17,213.85511779785156,214.83769798677923,198.90509639757133,205.470979062148,15115500
2020-03-18,202.16505432128906,206.38008938603866,191.29231496550682,198.42755629809267,20177500
2020-03-19,202.3395233154297,207.53713819238817,194.78186950733658,200.58555564299093,12441200
2020-03-20,193.52377319335938,206.21475231593038,192.89013993677347,204.59853912012343,11533200
2020-03-23,187.58233642578125,193.5605023540615,184.1662376061254,192.50445625103114,14128200
2020-03-24,205.47096252441406,205.976033614631,197.27967488423883,198.71222996759076,13160800
2020-03-25,208.10647583007812,216.27021461294498,202.32115994614975,206.61882477560923,11876400
2020-03-26,220.61380004882812,221.7157642543952,210.15429709158366,210.5399838629204,12411100
2020-03-27,213.83668518066406,220.0627972681573,211.8164152605979,213.68975289245418,11170600
2020-03-30,220.75157165527344,221.4035750596161,213.93774303664222,215.7284368764043,8727800
2020-03-31,217.4731903076172,222.17491160673782,216.20592379624318,219.88832507800538,10386300
2020-04-01,207.6748809814453,212.17458845698562,205.81991308703914,209.30028640501666,13710100
2020-04-02,212.5326690673828,213.2122063035412,206.3616537696549,206.92182079559316,6547000
2020-04-03,209.39215087890625,213.6990085248693,206.93108336168234,211.60525782526642,5490200
2020-04-06,223.63502502441406,225.2604303204731,216.65589488166015,217.60176280896877,7624000
2020-04-07,223.75442504882812,232.14774064285334,223.57076666627506,231.33962694493627,12936600
2020-04-08,231.34878540039062,232.3772974777576,224.11254485148692,226.1236368991704,6958600
2020-04-09,234.7832489013672,237.28105588182657,232.459936282077,234.2781778945139,8812600
2020-04-13,232.50584411621094,234.12205725458904,229.0071013147587,233.83738470298823,7666400
2020-04-14,239.6043701171875,240.2563594113307,236.1974353014133,237.1432891877931,6631100
2020-04-15,234.3883819580078,235.91275896611646,232.4323860823595,234.24144966423705,4888900
2020-04-16,235.572998046875,236.28008346096684,232.6986962589587,235.5546420187259,6165700
2020-04-17,242.07460021972656,242.43275296562666,238.30037649462167,240.88081378233596,6738800
2020-04-20,237.71267700195312,241.6063134870273,237.45555244369612,238.43814658665062,6498700
2020-04-21,230.44888305664062,234.61800005591533,229.5764951774139,233.47929559542993,6526100
2020-04-22,235.51791381835938,237.13414116006408,233.69048004440404,234.9301986065311,5626800
2020-04-23,235.47203063964844,239.58602347546827,235.2700022039984,236.69336525666387,7665400
2020-04-24,238.88809204101562,239.40234106380007,235.03119634566247,236.92290411329162,4768200
2020-04-27,242.3408966064453,243.26839443836585,240.20125640916166,240.60531320577243,3892200
2020-04-28,241.22052001953125,245.91307643658422,240.87155939063734,245.62840392868952,5849500
2020-04-29,247.4375,248.86086272832685,245.104995506175,246.08758940222924,6773100
2020-04-30,245.27947998046875,246.63855460218764,243.56225265202005,246.17940171118133,7386600
2020-05-01,238.59422302246094,241.37668851443985,237.60243705087217,240.72469923416259,4790700
2020-05-04,239.34725952148438,239.5859999951465,235.57300775820272,236.84946639118348,4128900
2020-05-05,241.5511932373047,244.0948905068111,241.14713639691396,241.9277020215084,4437200
2020-05-06,239.92576599121094,243.45205719002,239.80640976795772,243.08474044473243,3021400
2020-05-07,242.76332092285156,244.5448365128449,242.34090807893196,242.84599311084088,3410200
2020-05-08,246.82228088378906,247.1528856102539,244.61835213043022,245.6743984055319,3201100
2020-05-11,246.85897827148438,248.12624479220088,244.66421390093072,244.98562654414386,3469300
2020-05-12,241.8909454345703,248.3098943084342,241.81746527343697,247.9242215481302,5159900
2020-05-13,237.60247802734375,242.34094020181,235.4169053319085,241.39508617242555,5617500
2020-05-14,240.4675750732422,240.59615135395686,233.22215592771335,235.38934444999444,7737600
2020-05-15,241.5511932373047,241.61545335209286,237.437172691723,238.33712256795178,3385900
2020-05-18,248.93431091308594,250.421989771829,247.07934338291616,247.3181118462578,6759200
2020-05-19,246.58349609375,250.0087872717191,246.4182077536587,248.5027521078487,4921100
2020-05-20,250.60568237304688,251.42298810145334,249.49454004601395,249.7057604984553,4896200
2020-05-21,248.80575561523438,251.23926018395582,247.8966419144303,250.51379081365016,3581300
2020-05-22,249.36599731445312,249.52212167412776,247.48348111686138,248.64055571069483,2296400
2020-05-26,252.57083129882812,255.05024010703943,252.12084240692383,254.85740373877678,4911800
2020-05-27,256.25323486328125,256.25323486328125,250.5689194402009,255.08699652882308,5152400
2020-05-28,255.7482147216797,258.99902572872907,255.11458135527664,257.1532217462094,4630600
2020-05-29,256.89605712890625,257.44704623434484,252.86468106484284,255.31656997303298,7049300
2020-06-01,258.0164489746094,258.4939580262182,255.81252008525715,256.27167310489205,3888200
2020-06-02,260.1376647949219,260.1376647949219,257.54803572408025,258.7693981265803,4343900
2020-06-03,263.5721435546875,264.40780526831594,261.65288762867243,261.90084815190204,5568100
2020-06-04,262.9017639160156,264.24248247896236,260.98250824026877,262.6354473987254,3818600
2020-06-05,269.623779296875,271.2491986601622,267.7871675142476,267.8055515677358,6015500
2020-06-08,272.8929138183594,273.03065406675944,269.8716802559449,270.37673717490037,5559700
2020-06-09,270.9554138183594,272.17677670708014,269.6422427330563,270.4319725803362,4686400
2020-06-10,269.2657165527344,272.17675922904283,268.68717922412105,271.38700140799784,5602600
2020-06-11,253.746337890625,263.4803877570518,253.26880080250723,262.96611057958415,7748200
2020-06-12,256.80419921875,260.9365751232964,252.07493017732932,260.20194172783073,6232200
2020-06-15,259.1459655761719,260.20201187603,250.48631865859488,251.5332009550548,4431400
2020-06-16,264.21502685546875,266.49243602610164,259.7244966657741,266.3546676943127,5295000
2020-06-17,263.0028076171875,265.4087646229432,262.5252986317117,265.14247608605774,2662800
2020-06-18,263.2415771484375,263.66399002279263,261.3039370936515,261.6896379090001,2756300
2020-06-19,261.6896667480469,266.55667742766065,260.49588013590784,266.34548497944525,3479500
2020-06-22,263.4252624511719,263.7283191441398,260.1193830606352,261.1203333013171,2518000
2020-06-23,264.6190490722656,266.7035935148271,264.25173229277766,265.85876772445215,2503600
2020-06-24,257.8510437011719,263.2782332954514,256.1797207416211,262.70886026870346,4532300
2020-06-25,260.5784912109375,260.89071185407164,255.49106867693135,257.36442056020843,3897400
2020-06-26,254.47181701660156,259.80720180825824,253.93001972284583,259.6235293589087,4479000
2020-06-29,258.18536376953125,258.2038152194456,253.58841742714185,255.59151246386878,3464600
2020-06-30,261.6283874511719,263.0314861673693,257.6776087479408,257.8068533855474,5215700
2020-07-01,263.419189453125,264.4715135929939,262.10843235311154,262.4961099634787,3712600
2020-07-02,264.7484130859375,267.73918147011653,264.1668685289807,266.5484292698373,3661100
2020-07-06,268.8560791015625,269.1514430607482,267.60067663698356,268.31146570881697,3573800
2020-07-07,266.068359375,269.2437543126931,265.745304167095,267.3883841384478,3420300
2020-07-08,268.0438232421875,268.2007309781127,265.19151103650785,266.7699690557354,2434200
2020-07-09,266.6776123046875,268.892997058519,263.4560744634535,268.6345359734077,3164600
2020-07-10,269.3545227050781,269.5483896364316,265.2375970028618,266.5114509168118,2712400
2020-07-13,266.9176940917969,273.6469521014689,266.409983421925,271.4777094596511,3657900
2020-07-14,270.4899597167969,270.7576606346559,264.58225709774985,265.6530325990378,4053100
2020-07-15,272.889892578125,273.9237367149489,270.7852732509792,273.40681464653693,6601400
2020-07-16,272.0960693359375,272.4099129108489,270.60068540894724,271.20068130716453,3082900
2020-07-17,272.8160705566406,273.5545508844072,271.15453911691804,272.97300642946107,2246000
2020-07-20,275.0868835449219,275.70533092837786,271.93917961033196,272.6130095006602,2539900
2020-07-21,275.6591796875,277.24687723231494,274.76379162728205,276.7945492133463,3305500
2020-07-22,277.2283935546875,277.4407119347715,275.1791563835038,275.2807097548987,4121100
2020-07-23,273.9145202636719,277.49607216456957,272.65914603910363,276.85914524558814,3487100
2020-07-24,272.1422424316406,273.05608191225616,270.73914388507774,272.17914532065436,2851000
2020-07-27,274.12689208984375,274.26534836659454,272.06841487498855,272.7515127905391,2253300
2020-07-28,272.4283447265625,274.45910188500335,272.11450120671634,273.39756653284803,3135600
2020-07-29,275.72381591796875,276.24073810561566,273.13917680958775,273.2314903795561,2370800
2020-07-30,274.7176208496094,275.13301780856176,271.0807142725343,272.9914670413382,2951700
2020-07-31,277.0160827636719,277.0160827636719,272.52990305405126,276.4160868977528,4460300
2020-08-03,278.7607116699219,279.5268832721113,277.96687698539733,278.44686808509977,3767700
2020-08-04,279.9330749511719,279.9330749511719,278.04998503981824,278.04998503981824,2129200
2020-08-05,281.6776428222656,281.9084126473158,280.90225959051423,281.17917211251665,2615100
2020-08-06,283.5699768066406,283.6530505645646,280.8468815596151,281.15148533866966,4088200
2020-08-07,283.7176513671875,283.93920956366395,281.83458980308495,282.6745953797832,3319600
2020-08-10,284.6222839355469,284.7699800122431,282.38844767961444,284.1976753213867,2118200
2020-08-11,282.32379150390625,286.2653297218648,281.6037908227064,285.7114765432166,3571200
2020-08-12,286.1914978027344,286.902258682108,284.4930353676317,284.5391780619527,2947400
2020-08-13,285.7023620605469,286.8746629540519,284.8254252153033,285.508495071502,4074200
2020-08-14,285.7023620605469,286.17311347785704,284.6223465864128,285.3700387722931,2097600
2020-08-17,286.6253967285156,286.95769179457784,286.237690981295,286.56077440895416,2183400
2020-08-18,287.225341796875,287.5853280546303,285.48994830577584,287.0130234288727,2415800
2020-08-19,286.00689697265625,288.2592127973417,285.51766605328623,287.58535474343194,2498300
2020-08-20,286.9114990234375,287.3268677835297,284.3268602233551,284.4099339753735,2409300
2020-08-21,287.9361267089844,288.0930625888927,286.3115262548128,286.5976785915761,2316200
2020-08-24,290.8622741699219,290.9268964775588,289.26533694340515,290.17917637659684,2349600
2020-08-25,291.8777160644531,291.9330985745598,290.3084698243705,291.4069365583988,2890800
2020-08-26,294.85919189453125,295.0438190087238,291.92380670181046,292.3853463171493,2606000
2020-08-27,295.4499206542969,296.76991694550776,293.97298852847223,295.5883768788754,2295900
2020-08-28,297.3699645996094,297.48996940523466,295.3392072210366,296.4376737446403,3538700
2020-08-31,296.32696533203125,297.99773694175065,296.12388671907445,297.2131419177428,5068000
2020-09-01,299.09613037109375,299.1699924868499,296.25305865763625,297.0561331030883,3008000
2020-09-02,303.45306396484375,304.3115490775982,299.79767801845696,300.86845333005374,5273100
2020-09-03,292.9484558105469,302.3177339671647,290.594614681337,301.8561942814258,6892000
2020-09-04,290.6038818359375,295.01620052000436,283.29308013100626,293.32694933595553,5133900
2020-09-08,282.6192626953125,286.6992583069307,282.3238704947006,285.5546487422479,4278300
2020-09-09,288.1946105957031,290.45616638598824,285.4992345322511,286.2930692918514,3339800
2020-09-10,283.154541015625,290.5022434669728,282.2960841313259,289.893007822268,3589000
2020-09-11,283.36688232421875,285.77610567921135,280.773031848551,284.81609535795894,3690100
2020-09-14,287.0499572753906,288.6930372237512,285.79455483914853,286.22840321613864,3056100
2020-09-15,288.52691650390625,290.08692284449296,287.55766629334306,289.35768227714186,2570900
2020-09-16,287.3638610839844,290.9361740452533,287.1146397739479,289.67155970704175,2313400
2020-09-17,284.85308837890625,286.40385511739197,282.42538488167287,282.9054042317872,2848300
2020-09-18,281.5392150878906,285.67462091305765,279.2776593051912,285.63768984966714,3420800
2020-09-21,278.4837646484375,278.5391471465372,273.9975851113735,277.3576069035083,4536800
2020-09-22,281.2991638183594,281.760703446949,277.54225265094874,279.7945401219343,2741500
2020-09-23,274.7822570800781,282.0468871348944,274.3115057622529,281.797665848987,2755800
2020-09-24,275.53912353515625,278.2714299043481,272.3452775955537,273.51757796314644,3130700
2020-09-25,279.9514465332031,280.6529957092862,273.8960494968854,274.68988405286115,2683800
2020-09-28,284.6407470703125,285.24998284789814,282.8592106091265,283.7730783605786,2437900
2020-09-29,283.0174865722656,285.0662087765875,282.4149328669734,284.44509667744245,2303900
2020-09-30,285.19610595703125,288.06985757967277,283.52749058401224,283.7036256644167,4304500
2020-10-01,287.0036926269531,288.4034652737102,285.29798935504135,287.52281847969857,3005700
2020-10-02,284.333984375,286.0582183466488,282.0071681431274,282.47995475030393,3125100
2020-10-05,289.30267333984375,289.497366754237,286.16010888895045,286.16010888895045,2364500
2020-10-06,285.26092529296875,291.37922712762196,284.76032950270667,289.4603001734837,3389800
2020-10-07,290.1555480957031,290.9064276023164,287.9307188801735,287.939969788118,1707800
2020-10-08,292.7233581542969,292.7975351567472,291.12889208446427,291.97247867335267,1731700
2020-10-09,295.3282470703125,295.81031268359465,293.7245301990836,294.2992746239334,2794100
2020-10-12,300.09320068359375,301.48372273761566,297.25653795660855,297.7015151983832,2194300
2020-10-13,298.1742248535156,300.1024309633091,297.30282891182344,300.0190030484967,2229700
2020-10-14,296.3109436035156,299.70379195265735,295.6527429056825,298.7026286888553,1902100
2020-10-15,295.9587097167969,296.3665984308467,292.22284176466417,292.66779069617866,2481700
2020-10-16,295.7083740234375,298.69336212487605,295.624946105445,297.24722163252596,1669600
2020-10-19,291.24017333984375,297.46971224143505,290.4614562231858,296.9227487620532,2229600
2020-10-20,292.38970947265625,295.41178644289164,291.8056856861145,292.454607291215,3066600
2020-10-21,291.8612060546875,294.34559782088417,291.6294524580594,292.3896110446556,2607700
2020-10-22,293.46502685546875,294.01196208981764,290.14629865283763,292.06522571774656,2362400
2020-10-23,294.4661865234375,294.64232156334333,292.23207790853183,294.64232156334333,1429300
2020-10-26,289.0432434082031,292.0838512422625,285.8543097907445,291.37005993176325,3335800
2020-10-27,288.0883483886719,289.6642846961596,287.8936832227683,289.39544251165427,2196100
2020-10-28,278.1692810058594,283.42543800568086,277.7521131149729,282.8599726725031,5650500
2020-10-29,281.0986328125,283.8982065753035,276.889978824778,278.4010170711109,5365200
2020-10-30,277.9375305175781,280.75563459704983,274.7393187583447,279.55052690558745,5892100
2020-11-02,281.1727600097656,283.02678897203515,278.6883679899813,281.2283786154148,4080400
2020-11-03,286.13232421875,288.0605021012257,283.74988995382034,284.1948671375793,3378300
2020-11-04,292.5750427246094,296.3201893533564,289.22853384501195,290.3316834007809,5750200
2020-11-05,298.30401611328125,299.9355424628482,297.12668954423305,297.5160480979098,3950300
2020-11-06,298.26690673828125,299.35152611957915,296.1162263709001,297.9795345148215,3640600
2020-11-09,301.9842529296875,310.73527208324634,301.53927578467625,309.9565550069173,8097300
2020-11-10,301.5948791503906,302.4848051052031,298.55427287206487,301.06647412181235,4120800
2020-11-11,303.7177429199219,304.52424094942336,302.3643097703015,303.52307781044385,2773500
2020-11-12,300.908935546875,303.5416535349306,299.17542282472397,302.89273201882804,2532700
2020-11-13,304.9970703125,305.66452192922225,302.10478940344996,302.62391529531845,1996100
2020-11-16,308.6957702636719,308.8070074562487,306.294806556449,307.4442952667187,3018800
2020-11-17,307.1570129394531,308.23235326597677,305.21955582803866,306.5915476150324,3052100
2020-11-18,303.4304504394531,307.89866796598056,303.4026411307919,307.4258814284964,2647800
2020-11-19,304.70037841796875,305.07117853576483,301.659772187664,302.9112473391819,2962200
2020-11-20,302.6610107421875,304.6726450250356,302.57758281666514,304.44089135739256,3516800
2020-11-23,304.4500427246094,305.54391278693237,302.26227430973256,304.3202471459113,2222600
2020-11-24,309.3818664550781,309.8546529889561,306.0075477721978,306.86038542479986,2659700
2020-11-25,308.8719787597656,309.3169559262089,307.90787571092466,309.3169559262089,2256900
2020-11-27,309.7526550292969,310.1883247087638,308.86270069314946,309.89170155362024,984700
2020-11-30,308.36212158203125,309.2798568982108,305.9518781870697,309.06663337545973,4175700
2020-12-01,311.7549133300781,313.14543484946336,310.8464573764954,311.402671642296,3224200
2020-12-02,312.4132385253906,312.5059173648053,310.22546908447015,310.75387426230515,2270300
2020-12-03,312.3204650878906,313.60900055877613,311.3656412646343,312.3204650878906,2851100
2020-12-04,315.00872802734375,315.0365373248234,312.82098785165726,312.86732725071295,2907000
2020-12-07,314.4247741699219,314.84194201479755,313.2474759287377,314.3228161533118,1943100
2020-12-08,315.3332824707031,315.8338782644449,313.19188105722526,313.2289695616387,1948200
2020-12-09,312.53375244140625,316.0471178180774,311.71797497138704,315.91735046979824,2545800
2020-12-10,312.38543701171875,313.3309818612498,310.40161189043954,311.2359194977016,2738600
2020-12-11,311.98675537109375,312.21850902336473,309.4096558894501,310.8372663087067,2387900
2020-12-14,310.55908203125,314.99020942964466,310.4478448372687,314.0353857943284,2654600
2020-12-15,314.8512268066406,314.8512268066406,311.69935478988725,312.9971977568978,2757400
2020-12-16,315.3332824707031,316.1490598263594,314.2208536602191,315.0273518172121,2943200
2020-12-17,317.0482177734375,317.2706921862296,316.0748356370009,316.8257150704098,2627000
2020-12-18,315.7782287597656,317.502462128067,313.97981838989426,317.40050411370464,6025700
2020-12-21,314.8048095703125,315.5371588509892,309.7247605888998,312.2462408313934,3918100
2020-12-22,314.1839599609375,315.12405379158486,313.18799169110343,315.0496018825313,2371900
2020-12-23,314.4353942871094,316.241159175627,314.3237021753955,315.11489250794045,3682200
2020-12-24,315.6919250488281,315.71053092846535,314.39809206300095,314.9565809172722,1447500
2020-12-28,318.4378356933594,318.7636232788005,317.4884243699486,318.09344222523765,2798800
2020-12-29,317.76763916015625,319.9829319421699,317.2836022180311,319.852633969545,2555500
2020-12-30,318.19586181640625,319.1825133614055,317.9352374159523,318.59610135890176,2009100
2020-12-31,319.908447265625,320.5413879956896,317.6186743857318,318.1678460549868,3507000
2021-01-04,315.5709533691406,321.2116318160795,312.16420219919985,321.14646862071015,5402600
2021-01-05,317.64666748046875,318.6984821525382,314.97526046361395,314.9845492018058,3299700
2021-01-06,319.5733947753906,322.5240602931298,315.8222502753179,316.27836422206485,4805000
2021-01-07,324.3484191894531,325.03723445361334,321.6304835176574,321.81662754116525,3638900
2021-01-08,326.1728820800781,326.35902614009945,322.6544383586646,325.6702391467533,3758500
2021-01-11,324.0412292480469,325.61429235913903,323.17558720161287,323.3244910411944,2975000
2021-01-12,324.0691833496094,324.9906715257451,322.0307174280357,324.1994813232202,2298400
2021-01-13,324.8789978027344,325.83772619950923,323.28732857051943,324.0226443620194,3039900
2021-01-14,323.7806701660156,326.07976068353065,323.501411497203,325.6422810010585,3497400
2021-01-15,321.4722595214844,323.0453229349733,319.75958097784815,322.30997870829503,3622100
2021-01-19,324.01336669921875,324.46945225712125,322.3937459808003,323.73410803456136,3433800
2021-01-20,328.4159851074219,329.2350982256007,325.75389587926094,326.0796833793439,2920600
2021-01-21,328.72314453125,329.3560852049479,327.9226373449346,329.0023747090819,2580800
2021-01-22,327.55035400390625,328.6114855985126,326.70331783784013,327.066345511549,1812200
2021-01-25,328.8814697265625,329.2072573078946,323.8923662620192,328.30437490553686,3549000
2021-01-26,328.3880615234375,330.1100568158425,328.20191752793875,329.71913454115094,2430200
2021-01-27,320.42047119140625,325.3723631909595,318.32615884933983,325.35375730738673,5010400
2021-01-28,323.1104431152344,326.7778182104747,321.6676778799831,322.03070557596294,3432200
2021-01-29,316.6413879394531,322.26346075386755,315.14280481505756,321.41642439428097,5803600
2021-02-01,321.84454345703125,322.84982910428505,317.7769287764956,319.85263485453396,3334000
2021-02-02,326.4705810546875,327.9598749386177,324.85098922409446,324.897518118063,2955200
2021-02-03,326.79644775390625,328.38811695279526,325.6701812312009,327.3642537899313,3392800
2021-02-04,330.45452880859375,330.47316309672095,327.5690547415838,327.75519878136635,1988300
2021-02-05,331.77618408203125,332.4184418966678,330.7336868773802,332.20434648981615,2091800
2021-02-08,334.2243347167969,334.2243347167969,332.3534065886124,333.1539140825448,3371100
2021-02-09,333.9543762207031,334.4663078527751,333.01425363191964,333.43312744428977,1891200
2021-02-10,333.8240051269531,335.6576641812686,331.64589586671633,335.5832122606254,2400000
2021-02-11,334.3638916015625,335.18300483647613,332.14857037238914,334.8199771231249,2237200
2021-02-12,336.06719970703125,336.1975260673948,333.56333149417077,333.6471289577873,2144500
2021-02-16,335.750732421875,337.2958724473229,335.07126281237566,337.0910941691088,4408500
2021-02-17,335.8252868652344,335.9928250191363,333.1538799229567,334.1870602779451,3211800
2021-02-18,334.39178466796875,335.0247254179079,331.8227530987875,333.45166227949437,3010500
2021-02-19,333.7774658203125,335.750768491867,333.3586204830051,335.52738431196974,2487100
2021-02-22,331.15252685546875,333.4050877413382,330.9570657341977,331.21769003119834,3291000
2021-02-23,331.57147216796875,332.81874788783716,325.34438230579667,329.2165358450224,5251100
2021-02-24,335.23883056640625,335.62975287378924,329.6912390924217,330.57548705830783,3301200
2021-02-25,327.1966552734375,335.34120131099223,325.85629342449755,334.1870118767082,7049200
2021-02-26,325.400146484375,329.9424798473035,323.6502283784025,329.0116747616515,7579500
2021-03-01,333.34002685546875,334.5221678987671,329.97051583672464,330.01704474457074,3721100
2021-03-02,330.76171875,333.8147594566381,330.5848634439446,333.5820580966629,5462600
2021-03-03,326.39617919921875,331.0315996672853,326.3030929910878,330.15664044151464,6317600
2021-03-04,322.3750915527344,328.5928638955095,318.26094819536996,326.23792771508516,6604500
2021-03-05,328.2857666015625,329.2538121942316,318.8846261569197,325.567802270351,8721300
2021-03-08,326.6753845214844,331.7389670739465,326.39615432429434,329.16064690015725,5663500
2021-03-09,331.2457580566406,333.65654096073456,329.7192517647896,330.20326041226815,6075100
2021-03-10,333.29345703125,334.94097216853396,332.1857964635979,333.5075240681743,7231400
2021-03-11,336.8118591308594,338.5897004284433,335.2387961085448,335.7041986972552,3340700
2021-03-12,337.28656005859375,337.3703575241568,334.7827201934885,335.55527601413934,4847300
2021-03-15,339.2413024902344,339.5112439894914,335.50879243437026,337.5751814024281,3154800
2021-03-16,338.859619140625,340.46992235060515,338.1149863486121,339.85558751453044,3698400
2021-03-17,339.9673767089844,340.7213268581975,336.5978654928116,337.7241321443883,5011600
2021-03-18,334.96893310546875,339.5205851239257,334.4197613308811,337.63105130745663,5067500
2021-03-19,334.37322998046875,336.1789947068676,332.4278501269619,334.76415233637096,5382800
2021-03-22,337.0167236328125,338.347768559655,334.8665653953202,334.8944884215502,3417600
2021-03-23,334.5407409667969,337.8264825855752,333.7030218662497,336.5140436854843,4954600
2021-03-24,332.6885070800781,337.20289093224767,332.6885070800781,335.7508366562717,4099000
2021-03-25,334.5592956542969,335.31324557001597,329.63535675404137,331.4410926515754,5487300
2021-03-26,340.0172424316406,340.35350029068377,335.10393244650345,335.6830622078057,3322600
2021-03-29,339.8117370605469,340.6430602040089,337.3083606199992,338.67214904469864,3143300
2021-03-30,338.94293212890625,339.51274025236563,337.457736619358,338.66271731807996,3696200
2021-03-31,340.2880554199219,341.7078866244821,339.43806090382856,339.43806090382856,7470300
2021-04-01,343.8937072753906,344.01514322896946,341.90409605098034,342.06290349168165,5132000
2021-04-05,348.85369873046875,349.4141569942868,346.36902228221214,346.44376525397,3764100
2021-04-06,348.6575012207031,349.6569531577099,348.10639302931804,348.45200083526396,3583500
2021-04-07,349.0965576171875,349.42346546164555,348.153120050028,348.5454493719042,2768900
2021-04-08,350.7965393066406,350.8058893033246,349.4047580929302,350.25478111463326,3949400
2021-04-09,353.318603515625,353.4587109420407,350.5910554216819,350.67514838362007,2627500
2021-04-12,353.47747802734375,353.69229995325867,352.2257754308835,352.8049337468089,2747500
2021-04-13,354.4395446777344,355.06536739476746,353.01039181636725,353.43071412495124,2985500
2021-04-14,353.3000183105469,355.42973723045225,352.80495294558057,354.4489279938313,3691100
2021-04-15,357.09228515625,357.32580700953844,355.2147603338636,355.26145330208703,3573800
2021-04-16,358.343994140625,358.82970938108264,356.9989058528009,358.2786011738071,3252500
2021-04-19,356.57861328125,357.8396373201967,355.29891775134524,357.40061498089204,3945700
2021-04-20,353.9631652832031,356.0368409414867,352.5900553404736,355.4109896929113,4106700
2021-04-21,357.2884826660156,357.44729008987986,353.21587469031414,353.34663212224115,3640100
2021-04-22,354.00982666015625,357.867612750406,353.04771763692435,357.1203541229579,3965000
2021-04-23,357.7835388183594,359.11927711994383,354.4488395568469,354.55160400640113,3781100
2021-04-26,358.55889892578125,359.1100357665743,358.0545120807936,358.4374914671624,3125200
2021-04-27,358.4467468261719,359.0445765402796,357.4939877886637,358.8764476229705,3370600
2021-04-28,358.2786560058594,359.7825519423893,357.97974111702086,358.78307131751274,3960400
2021-04-29,360.66986083984375,361.24899052871035,357.57803349618104,360.9314041995283,4209900
2021-04-30,358.2879638671875,359.3995303181276,357.50333375583386,358.6055502094433,5219200
2021-05-03,359.1006774902344,360.50180903953884,358.652305132263,360.14685115273994,4180800
2021-05-04,356.9148254394531,357.7181269749948,353.5054118995176,357.30712621064276,5485600
2021-05-05,356.9802551269531,358.6055583583984,356.2983609463827,358.42807944162104,4410700
2021-05-06,359.88525390625,359.9693183659028,355.2054661096154,357.06431973779354,4737300
2021-05-07,362.4540100097656,363.0611612480817,359.93196208926344,360.5764848132564,3516600
2021-05-10,358.9044494628906,363.04245023577266,358.7736635303051,362.80892836137406,5942700
2021-05-11,355.7565612792969,356.5785628627118,352.10430413994726,354.7197378089138,7081500
2021-05-12,348.16253662109375,354.27144996944696,347.6020782709992,353.1225402831537,7707400
2021-05-13,352.30047607421875,354.06588678216593,349.50756332419326,349.5449063031119,7179100
2021-05-14,357.7088928222656,358.4935230623064,354.7758437883592,354.7758437883592,5167900
2021-05-17,356.8494873046875,357.5220315218632,354.95329060302555,356.72805135482236,3781600
2021-05-18,353.7669372558594,357.26041506908035,353.58945836636667,357.0549146973564,3128300
2021-05-19,352.8328552246094,352.9355911589963,348.0596536337588,349.4047418135544,5086300
2021-05-20,356.5972900390625,357.7461995391081,353.5054623744648,353.6175483250945,4776700
2021-05-21,356.32635498046875,359.1099459552822,355.8966827179431,357.9703580803412,3567500
2021-05-24,359.9226989746094,360.9315012027769,358.16660944215494,358.40013137985164,2962500
2021-05-25,359.1659851074219,361.26768193186683,358.63354840376815,360.9313956167901,4031800
2021-05-26,359.8198547363281,360.3242699916443,358.755009759649,359.70776879205556,2642700
2021-05-27,359.9786682128906,361.2863850948702,359.92262523981225,360.8193413151568,3015900
2021-05-28,360.6791687011719,361.7440135033148,360.50168981646726,361.51984165151316,3370100
2021-06-01,360.3990173339844,363.0051298004526,359.9786950046135,362.89304384595374,4389000
2021-06-02,361.006103515625,361.7159905454612,360.0626661330021,360.97808203426416,3209200
2021-06-03,359.633056640625,360.660530140448,357.4753166812531,358.8484265195888,3391000
2021-06-04,362.8929443359375,363.1731591453462,361.2676414291985,361.3143343954051,2628100
2021-06-07,362.58477783203125,363.0704930971864,361.72540474096775,362.9116856705663,2500600
2021-06-08,362.640869140625,363.43482086128046,360.9688442169195,363.3601063897941,2386600
2021-06-09,362.0710144042969,363.48149573778676,361.8748639989666,363.4347742562672,2968100
2021-06-10,363.7430419921875,364.6304080750023,362.0336457853683,363.22927672794606,2611800
2021-06-11,364.37823486328125,364.4809993242537,363.10788938789244,364.2941703985357,2241500
2021-06-14,365.29364013671875,365.29364013671875,363.36007198674133,364.49030998730825,2252200
2021-06-15,364.5276794433594,365.41507405007803,363.74304929398795,365.36835256725084,2405000
2021-06-16,362.5286865234375,364.8358837923809,360.5764470660374,364.68645487749893,4194300
2021-06-17,362.39794921875,363.27599379939903,360.0907518216981,362.0710128738547,4065300
2021-06-18,357.5874328613281,359.978694910319,357.30718946906205,359.4275866301156,5211100
2021-06-21,362.59405517578125,362.7808840659881,358.3626402179823,359.15662024223184,4389800
2021-06-22,364.51837158203125,365.3123518209663,361.9309589389616,362.6501961991695,2705400
2021-06-23,364.1259765625,365.35897883783224,364.01389062948556,364.6210417707049,2404200
2021-06-24,366.2090148925781,366.6480371841,365.8540855664474,366.0595859689915,2987800
2021-06-25,367.5634765625,367.9558059035444,366.6667604336593,367.0030182921901,2862800
2021-06-28,368.3293762207031,368.4508121521866,366.937566513032,368.058482874016,2418500
2021-06-29,368.4915771484375,369.2226356937619,368.02294914238894,368.6696580789586,2927600
2021-06-30,368.82891845703125,369.40065940930333,368.07912520459945,368.07912520459945,3795900
2021-07-01,370.90960693359375,371.0127199466487,369.47560668130234,369.55995627228685,3414500
2021-07-02,373.7308654785156,374.01203086409356,371.6501558168812,371.9500846300216,4363100
2021-07-06,373.02789306640625,373.95576736611787,370.4972903909227,373.749569899206,4331300
2021-07-07,374.3119201660156,374.58373241190657,371.79069926458413,373.6558581346571,4747800
2021-07-08,371.3313903808594,371.9780991931835,368.36027680809656,369.4662604280053,5817100
2021-07-09,375.2491149902344,375.5115454805581,372.484227431963,372.6810431490112,3332200
2021-07-12,376.608154296875,376.8049700175299,374.78049393960003,375.1835070923435,2929200
2021-07-13,375.33349609375,377.24550617107263,375.0710655813944,375.91459018519595,4313100
2021-07-14,375.8490295410156,377.31114658100296,374.7336926370431,376.83313687850546,3332200
2021-07-15,374.63995361328125,375.2585459794429,372.8497912966881,374.6586884354866,4483900
2021-07-16,371.7250671386719,375.7271683352173,371.2845843025741,375.68967008858584,4516600
2021-07-19,366.1671142578125,367.64799454119634,363.58966063058097,367.19810142926093,12336200
2021-07-20,371.3408203125,372.55924161124796,365.5392036706331,366.79512321630955,4043100
2021-07-21,374.46185302734375,374.54620262701127,372.34364551531326,372.54048985065134,2996600
2021-07-22,375.2585754394531,375.42727466089144,373.68399216712686,374.63060131149814,2575700
2021-07-23,379.007568359375,379.3543484869204,376.3832345188587,376.93624070377814,3151900
2021-07-26,379.9729309082031,379.98231262041514,378.48269740832836,378.5764287221053,2374300
2021-07-27,378.2857971191406,379.07311715619494,375.6521106273915,379.07311715619494,3626100
2021-07-28,378.07965087890625,379.36368681634383,376.81434976145937,378.81070929744334,3763700
2021-07-29,379.7104797363281,380.6477356175511,378.97942129308535,378.98877440200744,2274200
2021-07-30,377.8547058105469,379.14812351340345,377.21737867089513,377.3298448010949,5204500
2021-08-02,377.086181640625,379.9260660842261,376.7206666859504,379.3824702071159,5814700
2021-08-03,380.13226318359375,380.20725967864456,375.76467554009,377.78912326194563,4129600
2021-08-04,378.31396484375,379.4573895215397,378.0327709272163,378.9419102453959,3880200
2021-08-05,380.6758728027344,380.70398933658527,379.0075583877573,379.30748715068785,3052800
2021-08-06,381.3319396972656,381.6318684640531,380.68525941037853,380.9383082182909,2486900
2021-08-09,380.9664611816406,381.5100570959894,380.2354026194286,381.2288917269787,1984400
2021-08-10,381.4444580078125,382.09116693744375,380.7415160062814,381.37884322300164,2400700
2021-08-11,382.3629150390625,382.4660280631488,381.37880776951624,382.4004132844376,3554400
2021-08-12,383.478271484375,383.64697069302247,381.4350603500038,382.2317336389928,2319300
2021-08-13,384.23736572265625,384.23736572265625,383.50630736947363,383.9374656157225,2253800
2021-08-16,385.15594482421875,385.22155960239536,381.6037369268642,383.06585385399234,3379100
2021-08-17,382.6159973144531,383.38452543635555,379.8791974228313,382.78469651661845,5186300
2021-08-18,378.50146484375,383.10339529974584,378.2202994809737,381.6693947440196,4878300
2021-08-19,379.0356140136719,380.1040707310956,375.77395359718207,375.92391795454927,5505700
2021-08-20,382.0347900390625,382.3253656266168,378.8950062614257,379.28863764600317,3263600
2021-08-23,385.4183654785156,386.2243918088273,383.55323542361987,383.57197024428535,3259400
2021-08-24,386.0275573730469,386.48680358072124,385.5401946343471,386.05567390407225,3006500
2021-08-25,386.7398681640625,387.2834639468235,385.84011059824763,386.20562548948163,3261400
2021-08-26,384.48114013671875,386.7680469618775,384.46240531456505,386.5337329724373,4707600
2021-08-27,387.8927001953125,388.3332115978313,385.2308969598211,385.2965117353148,3882200
2021-08-30,389.673583984375,390.42337738226723,388.38954777402256,388.6425966101846,2811800
2021-08-31,389.008056640625,389.9171960235973,388.5675452158285,389.5797976230454,6062900
2021-09-01,389.4205017089844,390.4514890703703,389.1112198019608,389.94536280154733,3256400
2021-09-02,390.5826416015625,391.24808524787585,389.42980660630525,390.6482277731076,2835500
2021-09-03,390.4327392578125,390.8919855454784,389.111204863877,389.5048363667954,3740000
2021-09-07,388.9893493652344,390.17030105635524,388.4176369451093,390.1515376309199,3542500
2021-09-08,388.614501953125,389.20497787353366,386.7774880029097,388.52077062241494,4012600
2021-09-09,386.8711853027344,389.9641475560529,386.6837512467303,388.3426842261563,3887800
2021-09-10,383.88128662109375,389.054957867982,383.73135083672736,388.67067948893543,4035500
2021-09-13,384.7810363769531,386.81486561578805,382.6909454708498,386.6367847106466,4738300
2021-09-14,382.7847595214844,386.31820465029404,381.9224713416307,386.168240244981,3657700
2021-09-15,385.98077392578125,386.3931688552231,382.11928377081045,383.1408893814967,3891400
2021-09-16,385.3153076171875,386.32756013362564,382.6160343131812,385.4652720123185,3351500
2021-09-17,381.53814697265625,385.00600549631844,381.2475999107193,384.60299229463584,5396100
2021-09-20,375.3054504394531,377.3768069989015,370.750399557003,375.94277771799756,10942700
2021-09-21,374.9399108886719,378.55770544129825,374.3775515491571,377.3955171150094,6418100
2021-09-22,378.5576477050781,380.3853081290571,376.0833070324883,376.9362133234931,6004800
2021-09-23,383.1315002441406,384.57488246921685,380.0291852233092,380.25411750672475,4098000
2021-09-24,383.7688293457031,384.39680344371885,381.4163362626014,381.62253372434566,3417700
2021-09-27,382.68157958984375,383.8719129105862,382.01613589734393,382.79407432625476,3546600
2021-09-28,375.0336608886719,380.4041199113816,374.2744571507097,380.10419110166634,8234300
2021-09-29,375.6241149902344,377.81509938418236,375.0599113992794,376.22593980634275,4724200
2021-09-30,370.86602783203125,377.56117070261615,370.80961034577456,376.9311658738884,9511200
2021-10-01,375.304443359375,376.9312243229267,369.33334310089555,372.5869050279989,8482200
2021-10-04,370.6873779296875,375.1351479205716,368.5716360194857,374.36407064833963,8820400
2021-10-05,374.2888488769531,376.4610082291632,371.2327772943579,371.95682084623274,5523200
2021-10-06,375.9532165527344,376.1506777554739,369.605991052554,371.10111183789513,6590000
2021-10-07,379.18798828125,381.82090021783495,378.81186210410755,379.0187358060241,4409200
2021-10-08,378.47332763671875,380.2599771933015,377.95615773134233,379.9308560277948,3960900
2021-10-11,375.7181396484375,380.5890406981645,375.7181396484375,377.92792022399647,3695700
2021-10-12,374.96588134765625,376.996996948624,374.1289741380796,376.6490508535713,6201300
2021-10-13,376.1695861816406,376.95945986444485,373.0758927348804,375.79345995600886,6492400
2021-10-14,382.4884948730469,382.6671598009919,379.15971990088315,379.61108846041526,3785200
2021-10-15,385.4693908691406,385.77971577551824,383.91785242701775,384.51967727781766,3501600
2021-10-18,386.6447448730469,386.90803603145537,383.2125473341769,383.8425808363959,3402700
2021-10-19,389.6538391113281,389.6538391113281,387.54750969361663,388.1116845757993,2838300
2021-10-20,391.167724609375,391.3840107611318,389.9076863133038,389.99231253879555,3208200
2021-10-21,392.12689208984375,392.34314955211187,390.18040274992285,390.5941501080679,2579500
2021-10-22,391.73193359375,393.05780187140397,389.95472544052654,391.7225211141476,3648900
2021-10-25,393.7630615234375,394.1298038804709,391.1113248846246,392.71930933173024,2511500
2021-10-26,394.1391296386719,396.37711858465093,393.86642603101893,395.19229415523125,3085300
2021-10-27,392.42779541015625,395.21119208537687,392.38079040207316,394.61877976128204,2873500
2021-10-28,396.26434326171875,396.2925520049223,393.763062810188,393.79127155339154,3643600
2021-10-29,396.96966552734375,397.3081705097316,393.87597218754297,394.1392634060415,4637400
2021-11-01,397.8064270019531,398.29541676124137,396.14205393569955,397.93808692070985,3937300
2021-11-02,399.3486328125,399.60251150722894,397.7688857632371,397.9005170023828,2989200
2021-11-03,401.7558288574219,402.1413674439762,398.40825771667704,398.8314175229539,3562900
2021-11-04,403.6365051269531,403.7493400943005,402.0285494490855,402.3200493469275,4287300
2021-11-05,405.0093994140625,406.9370925282563,403.68353108573956,405.79927292307906,4942900
2021-11-08,405.4984130859375,406.54216534607764,404.8119620297731,406.1096216911482,3511600
2021-11-09,404.07855224609375,405.98742073131547,402.7808924360888,405.80875576057036,4696000
2021-11-10,400.82501220703125,404.08795794386333,399.46152244193877,402.5458032110252,6350700
2021-11-11,400.9566345214844,402.2919155090773,400.9472507368474,402.1790805207208,3634600
2021-11-12,403.93743896484375,404.50164252813966,401.26690604160075,402.1414057815875,3655500
2021-11-15,404.1254577636719,405.2914860272312,403.0722931616827,405.2350685447377,3122300
2021-11-16,405.66766357421875,406.7772457993769,403.8434215514261,403.89042656060235,3267000
2021-11-17,404.6896667480469,405.64882135654983,404.19129318157155,405.50774895182866,3764900
2021-11-18,406.09075927734375,406.3822878771686,403.2133527703608,405.69583688431396,4732200
2021-11-19,405.3291015625,407.15334345757674,404.6990967400285,406.1001787957973,4886200
2021-11-22,404.2571105957031,409.428923508491,404.0784456720802,407.0968957188641,4868300
2021-11-23,404.7837219238281,405.5547991551353,401.55839798130705,403.93743094398144,6795200
2021-11-24,405.7805480957031,405.9874218151923,402.1884811012046,402.98776723089424,4569600
2021-11-26,396.9507751464844,401.06939493866275,395.78474685822687,399.8187691214563,7702500
2021-11-29,401.74639892578125,403.3825919019346,399.21691007024674,401.248025398292,6300800
2021-11-30,394.0545349121094,401.17283714282803,393.65020005586507,399.4520178390987,8657600
2021-12-01,389.52215576171875,401.7276452856652,389.26827707999627,399.14173867694143,8337000
2021-12-02,395.4650573730469,396.8755519267447,389.3247055638124,389.6914479221347,10417700
2021-12-03,391.967041015625,397.9381405374871,388.13989212923843,396.9319808397044,10228900
2021-12-06,396.6498107910156,398.38001368942747,392.1174155514195,394.3836131712176,7289500
2021-12-07,404.80255126953125,405.37616734828975,401.4643920830957,401.5020133087324,4731900
2021-12-08,405.94036865234375,406.3541160422482,403.6271367824451,405.235121332723,4476500
2021-12-09,403.1757507324219,405.5829923455644,403.03467832736965,404.7742939227051,5035400
2021-12-10,407.021728515625,407.12515101134665,403.3544483156385,405.6958601555172,6238300
2021-12-13,403.4109191894531,406.84311741163697,403.16642424490317,406.56100123794323,5923900
2021-12-14,400.6651306152344,402.68683399424015,397.94759235050475,400.3924269316714,6522900
2021-12-15,406.9276428222656,407.1439289655117,398.38946250404524,400.683840374677,6871300
2021-12-16,403.25091552734375,408.8552715373222,401.84983369899413,408.6296016311666,7159500
2021-12-17,399.0665588378906,403.20400402408876,397.4491905100529,400.43943224631283,8882700
2021-12-20,394.7503967285156,395.14534782916024,391.45924277728875,394.3648868043668,9903400
2021-12-21,401.756103515625,401.9071111678335,395.9329915347256,397.9432395022141,6916700
2021-12-22,405.8143005371094,405.90868391316315,401.4068820128495,401.5295775215431,4992200
2021-12-23,408.31536865234375,409.693273906193,406.6448662647838,406.6826253790957,5032700
2021-12-27,414.1383972167969,414.1478441945675,409.5516590950784,409.5799712266287,4986300
2021-12-28,413.82696533203125,415.44081444001426,413.0530619977192,414.5819747107307,4865800
2021-12-29,414.3271789550781,415.2143308447735,412.93982685538543,413.8458438995432,4596700
2021-12-30,413.1568908691406,415.60126773639985,412.732208866198,414.68583248502455,3751800
2021-12-31,412.0243835449219,413.7326161669205,411.8545107409335,412.64727929464306,5185600
2022-01-03,414.5537109375,414.5725760935516,411.14669255634976,413.30791939573663,6017300
2022-01-04,414.3838195800781,416.4506917449297,412.6378278643307,415.8089020449578,6262200
2022-01-05,406.4466552734375,414.70469689188525,406.32395976110985,414.11011328707485,7539600
2022-01-06,405.8992004394531,408.4945846378782,403.8417755145786,406.0124777615901,7971500
2022-01-07,404.4930419921875,407.1072917226963,403.18120803848757,406.02195484261034,6157500
2022-01-10,403.9644470214844,404.1154546402722,396.1688479118919,401.463446339157,10481500
2022-01-11,407.5036315917969,407.6640861969592,400.89719908170593,403.6341439326773,7282400
2022-01-12,408.7210998535156,410.5803398193897,406.89961899403886,409.1835409002846,8270300
2022-01-13,403.0868225097656,410.27839257633826,402.1335993271114,409.68380895950503,7521300
2022-01-14,403.2095031738281,403.53980179166876,399.0379998327966,400.1139184906319,9960800
2022-01-18,396.14056396484375,401.0859702262465,393.86606014801123,398.8586436928721,10681500
2022-01-19,391.9784851074219,398.7831310077999,391.73312292529334,397.4901624574872,8184100
2022-01-20,387.6654968261719,398.0375873973906,387.22192088790865,393.71510534513914,8907600
2022-01-21,380.04925537109375,388.7697385887554,380.02094323604024,386.6745541895005,16225900
2022-01-24,381.6347351074219,382.116070132663,365.09034130631505,374.92450089364235,22970700
2022-01-25,377.0008239746094,381.5309669097696,370.64922873021527,375.7833734423389,16836300
2022-01-26,376.1513977050781,385.24941307571027,372.168661436491,382.8522137325555,14377300
2022-01-27,374.2449951171875,383.1447971216631,372.62169901951097,380.2757096184242,12455200
2022-01-28,383.4185485839844,383.4845910321499,371.18718764536004,375.4530747289619,12096800
2022-01-31,390.43072509765625,390.69498124545333,381.6158600511445,382.861651377228,9200400
2022-02-01,392.97894287109375,393.5923915738172,387.79759251314994,391.04418459110644,8154900
2022-02-02,396.7257385253906,397.4996419001965,393.12053543143554,395.42335159925193,6726500
2022-02-03,387.50506591796875,393.01671546145315,386.7500564798118,391.2801707122811,7658300
2022-02-04,389.32647705078125,392.8373250301575,385.117244026622,387.2690522203198,8210000
2022-02-07,388.0429992675781,391.30845663140303,386.85383212047066,389.99662278017985,5620900
2022-02-08,391.1858215332031,392.1012856779329,386.3348264253094,387.62779532212267,5565700
2022-02-09,396.9239501953125,397.2070715252264,394.82876594866076,395.0175039013491,6284500
2022-02-10,389.9494323730469,397.1410022053362,388.0241497167775,391.60104067632767,9260500
2022-02-11,382.17266845703125,391.8558197557017,380.8796999023022,389.92106161028767,10458600
2022-02-14,380.9269104003906,383.16365518156067,377.7369425278273,381.69136674834084,10167600
2022-02-15,387.0426025390625,387.22192231062104,384.55101969325636,385.2305396692251,6815000
2022-02-16,387.50506591796875,388.7319922571786,383.47515191867524,385.2494557802843,7743800
2022-02-17,379.2658996582031,385.041834344186,378.67134483039865,384.5793644090963,7541000
2022-02-18,376.8404235839844,380.6343937066919,374.6791679261629,379.5396098101921,10570800
2022-02-22,372.7160949707031,377.8596577780778,369.4978147986101,374.7263140044446,10414700
2022-02-23,366.0058288574219,375.92492547634276,365.60001202265045,375.37751917672136,12154900
2022-02-24,371.6307373046875,372.0082708193931,356.27550917205264,356.5209001962586,21277200
2022-02-25,379.7471618652344,379.8887225113518,371.2814896063036,372.74435975420784,11665200
2022-02-28,378.7939758300781,380.2002218568395,373.7353495698372,374.8489984970416,11855900
2022-03-01,373.1124572753906,379.3225204312757,370.70583962913645,377.5199045402047,9124400
2022-03-02,379.96429443359375,381.3799586983972,374.4715101737333,375.3586620838178,8185200
2022-03-03,378.0578308105469,382.7389811690578,376.4534286649685,382.24819914660645,8745300
2022-03-04,374.9999694824219,376.0286819131165,371.2531774395115,374.6130178485673,6317700
2022-03-07,363.9294738769531,374.6790970607965,363.88229659450076,374.42428789238613,8411500
2022-03-08,361.1831359863281,370.658627581526,360.1827355940135,364.0710886361062,9356100
2022-03-09,370.8096923828125,372.6500676382585,366.8647144689741,368.90327467751297,5812600
2022-03-10,369.1580505371094,369.9697130365007,364.7978091525645,366.60042512962025,6394800
2022-03-11,364.4485778808594,372.0270987213048,363.99555498963434,371.4891394383052,5872800
2022-03-14,361.7872009277344,368.3275637298738,360.75848822393573,365.30749687145294,6455000
2022-03-15,369.72430419921875,370.30944079988,363.0046226660879,364.16544888941206,5739400
2022-03-16,377.9917907714844,378.0295210797881,368.59175968669126,373.263463096979,7407300
2022-03-17,382.6163024902344,382.75786315610486,375.906038910343,376.2269481553336,5177500
2022-03-18,386.84442138671875,387.2124791096708,380.5682869244728,381.26670086326806,5875000
2022-03-21,386.8632507324219,388.5997952379297,383.5788996535807,386.7971794953689,4159500
2022-03-22,391.3556213378906,392.15780792670836,388.0807173424317,388.0807173424317,4231700
2022-03-23,386.31591796875,390.36472612718353,386.27818765619406,388.98682087299454,3742600
2022-03-24,392.0582275390625,392.13400010862296,387.12460097615724,388.1473283738483,2977300
2022-03-25,394.04681396484375,394.2740738618634,390.344217349146,392.78737683717173,3638000
2022-03-28,396.76458740234375,396.82140237915803,391.7457384586293,393.45972435631865,3395300
2022-03-29,401.783447265625,402.19063088082925,397.95774190497326,400.5239812388094,5510600
2022-03-30,399.283447265625,401.5182754061974,397.332722877008,400.80805937445535,4794300
2022-03-31,393.1471862792969,399.30239168470905,393.03352744300497,398.6395118507747,5876600
2022-04-01,394.23614501953125,394.70962231834443,390.96914009821575,394.5770348032715,4663100
2022-04-04,397.5789794921875,397.68313064902355,393.66805153521256,394.35933894438995,5117200
2022-04-05,392.6642761230469,398.4975210888876,391.5658051003788,396.3573940189682,4112000
2022-04-06,388.6870422363281,390.77035426536025,386.01665177936167,388.9711460032502,5540700
2022-04-07,390.64727783203125,392.32337749030955,386.11135607021293,387.8727070947548,4954100
2022-04-08,389.7003173828125,392.2476281700845,388.23254896580494,390.00334986205525,4752800
2022-04-11,382.9485168457031,387.3613296989029,382.50344693200276,386.8310373207196,3342800
2022-04-12,381.5469970703125,387.97679861942584,380.07919995901506,385.72304182952473,6615800
2022-04-13,385.8557434082031,386.5470309409833,381.1304473478398,381.2156698274255,4358700
2022-04-14,381.16827392578125,387.0962208159934,380.99782898038876,386.09245093921095,3735700
2022-04-18,381.2345275878906,382.7780685280968,379.198580557664,380.2496865090828,4305900
2022-04-19,387.32342529296875,388.0336413625311,381.01670312740316,381.22503433042544,3841500
2022-04-20,387.0299072265625,389.5677681782807,386.0450949933026,389.027996980064,5067100
2022-04-21,381.291259765625,391.73616773413875,380.4863425846222,390.50513832702444,4670200
2022-04-22,370.8843078613281,380.5716655404425,370.3540155032086,380.36333433555507,6326400
2022-04-25,372.9107666015625,373.15698408259016,364.5775764144526,368.76312909809604,8141200
2022-04-26,362.24810791015625,370.8180375420472,362.15340664762476,370.6381138128678,8493000
2022-04-27,363.185546875,368.1286517274582,361.2632299267532,363.1571393890166,6415700
2022-04-28,372.28582763671875,373.9524484500911,363.50753805842163,367.6362760547402,7030200
2022-04-29,358.6117858886719,370.6854593048241,357.9489059847491,368.7631422619678,8221900
2022-05-02,360.8655090332031,361.9923875151498,352.57965484169273,358.6970034290508,10737000
2022-05-03,362.427978515625,364.63437022548476,359.84278181116355,361.37684378350366,5607700
2022-05-04,373.4221496582031,373.98084951830253,360.1079675785836,363.0151257292215,7367500
2022-05-05,360.3068542480469,369.6059581364371,356.38647605910177,369.52073566480453,10477300
2022-05-06,358.0436096191406,361.0549188966322,353.16679826117155,357.9583871564305,7959600
2022-05-09,346.4907531738281,353.74443036014,345.16502224263587,352.6080730483941,10793200
2022-05-10,347.3808898925781,353.42246604522046,343.6593645228997,352.1724787932048,7870800
2022-05-11,341.78436279296875,351.661093663128,341.15936920509114,346.55702271027474,8026900
2022-05-12,341.5191345214844,344.45469925017215,335.2408215649583,338.8581946893493,7679200
2022-05-13,349.5777893066406,350.92244875420084,344.350609933865,345.3827870559047,5377400
2022-05-16,348.32781982421875,351.651640130314,346.0646130767067,348.204711087139,4719800
2022-05-17,355.2974548339844,355.63834469279675,350.44902195143635,353.8391363408298,4513300
2022-05-18,341.2257080078125,351.47176644533937,339.9567919735906,351.3013215076309,6883600
2022-05-19,338.9435119628906,343.0154347899941,336.9738587679488,338.22384599294423,6359500
2022-05-20,339.0287170410156,342.75027103820094,331.20689073750214,342.2389073998733,8755900
2022-05-23,345.4586181640625,346.1783131427667,339.81477499605774,341.9359447453706,5254900
2022-05-24,342.9681091308594,343.94347149456337,336.8318600461078,341.7086718646278,5567300
2022-05-25,345.82794189453125,347.68396541146444,341.15943226292353,341.4151285817686,5704600
2022-05-26,352.7027587890625,354.28418594013874,346.841106563099,347.0115803814971,4248300
2022-05-27,361.54730224609375,361.60411721766127,354.9186191747496,355.0512067075836,3911800
2022-05-31,359.5397644042969,362.5416236092915,356.92618900462895,360.0606068442643,5016500
2022-06-01,356.5284423828125,362.34275807687646,354.25575689638003,361.36736699899194,4245800
2022-06-02,363.2992248535156,363.3844473227336,354.3505188004026,356.44328094124967,3273700
2022-06-03,357.4185791015625,360.4109593780601,356.50951069438713,358.9999772443431,2749500
2022-06-06,358.39398193359375,362.6457997097726,357.3902121641563,361.102258772213,2659500
2022-06-07,361.8977355957031,362.314369128855,354.83343184464763,355.25957307235495,2649900
2022-06-08,357.9394226074219,361.95453046479275,357.24816412373275,360.3162883167221,3436400
2022-06-09,349.52105712890625,358.36561237034965,349.4452845540808,356.2823000441981,3022000
2022-06-10,339.2654724121094,344.39797994114525,339.22761502871475,343.6782850739239,7629700
2022-06-13,326.1880187988281,332.22959461104506,324.8622879541641,330.59135252160297,10399700
2022-06-14,325.37371826171875,328.8963917413975,322.5044459926977,327.9967730024425,7584200
2022-06-15,330.03265380859375,334.1235051991249,323.83011185441455,328.4228480984994,7887600
2022-06-16,319.1900939941406,322.76010355145297,316.8227067521847,322.41921366002094,8821900
2022-06-17,320.0234069824219,322.7884989945097,316.51018363937385,319.41734199969255,7084000
2022-06-21,327.8641357421875,329.06675780600983,324.90961280721206,324.9853853664177,5628300
2022-06-22,327.1728820800781,330.97018006036404,323.5081716426655,323.93428396168616,4876100
2022-06-23,330.6102600097656,331.06477971690543,325.88496586214103,329.1898281274326,6708800
2022-06-24,340.9036865234375,340.92261521357835,333.2996415605458,333.35645652973193,5458600
2022-06-27,339.6253662109375,341.9927534407625,338.6026676431119,341.850715986727,4608600
2022-06-28,332.2864685058594,343.59311231952853,332.2864685058594,340.9795075489004,8797800
2022-06-29,332.45001220703125,334.08542079098464,330.7099676515779,333.2011510750976,3775900
2022-06-30,329.8256530761719,332.64011658236575,325.6134609438931,328.8748180656973,7159600
2022-07-01,333.21063232421875,333.58144289930937,326.6974065244363,329.14105953098476,7481500
2022-07-05,333.8001403808594,333.83818190653653,325.92722756224254,328.4944937275841,6180600
2022-07-06,335.0076904296875,337.24215853413017,331.7748571593276,333.96179511955785,5450900
2022-07-07,339.92352294921875,340.6841793657287,336.5956003469187,336.6051179827093,3737500
2022-07-08,339.7239074707031,341.3973576453913,337.0425453156818,338.41175028772733,4791300
2022-07-11,335.8824462890625,338.08839033850944,335.1788377111378,337.3942703784082,3491700
2022-07-12,332.78271484375,337.45131793001343,331.25188450259407,335.26440915202505,4080300
2022-07-13,331.23291015625,333.7431288140404,327.43908729369224,327.7908916471283,5603500
2022-07-14,330.3581848144531,330.8431200528413,324.2823339470747,326.5263201121222,4624800
2022-07-15,336.605224609375,336.70028492866436,332.6021869759065,334.4373212166929,4520500
2022-07-18,333.8191833496094,340.0376531999718,332.7162401383045,339.41961617135877,3544900
2022-07-19,342.880615234375,343.33702650693306,336.83331821319194,337.4989143585246,3620200
2022-07-20,345.07708740234375,346.33216768180284,341.77768844329114,342.96623231878294,4270600
2022-07-21,348.5666809082031,348.5952048042048,342.3101979085929,344.5446374688327,4604000
2022-07-22,345.3908386230469,349.75516810527887,343.2609773551647,348.66171357997086,4533900
2022-07-25,345.73309326171875,346.522302544996,343.67931523937153,345.95179575337477,3902200
2022-07-26,341.5874938964844,344.4019575376678,340.8268374584942,344.3163858646826,2987200
2022-07-27,350.5348205566406,352.1226986934857,344.4114410802717,344.6681560738148,4500300
2022-07-28,354.9656982421875,355.52668736125656,347.986573432218,351.2574478686586,4345300
2022-07-29,360.1668395996094,360.9940615029225,355.5457658740474,356.30645137269175,5246400
2022-08-01,359.08282470703125,361.3268103507242,356.98148752420747,357.62804834704855,4421400
2022-08-02,356.7628173828125,360.9655211467318,355.5647849300149,357.6185631397203,4132600
2022-08-03,362.334716796875,363.31407573046886,358.3792395359687,358.64547218731894,3854800
2022-08-04,362.0494689941406,362.7721129524727,360.5471623102856,362.1540759436181,3410600
2022-08-05,361.29827880859375,361.98288114097664,358.02740422245097,358.13198213988017,2852100
2022-08-08,360.97503662109375,365.035091886894,359.9576361413198,363.0098085634583,3450800
2022-08-09,359.54876708984375,360.7563171146881,358.5598905478115,360.38547752998284,2360500
2022-08-10,367.07940673828125,367.24106147740196,364.26494288770954,366.0620061884607,3651000
2022-08-11,367.07940673828125,371.4437364883172,366.45185207251865,369.7512511232672,3575400
2022-08-12,373.3644104003906,373.4119405458328,368.05873459238285,368.87646782114075,3664400
2022-08-15,374.9618225097656,375.35166837765144,371.2630600916285,371.2915839835624,3203900
2022-08-16,375.617919921875,377.3769707253743,373.14574276699915,373.90639926826,3864800
2022-08-17,373.0506286621094,375.4372339783005,371.1014283714053,372.30897846664527,3222300
2022-08-18,374.2011413574219,374.6480350143441,371.9381781977315,373.1267220706964,3258100
2022-08-19,369.03814697265625,371.72902679301063,368.2109250053232,371.4913179970098,2899000
2022-08-22,361.26031494140625,364.6833273391271,360.452099247652,364.5787203820315,4153700
2022-08-23,360.4045715332031,363.0954223010086,359.9101186730195,360.8989953762001,2869200
2022-08-24,361.49798583984375,362.81963149182917,359.58679807286967,360.2714004806527,2241200
2022-08-25,366.765625,366.765625,361.9829257194313,362.9908085805082,2631300
2022-08-26,354.1956481933594,367.069936583452,354.1956481933594,366.59451895854545,5153200
2022-08-29,351.85650634765625,354.70901156009666,350.6489562539092,351.5902736885158,4953200
2022-08-30,348.0341796875,353.1877188332195,346.1229918005067,353.04507035070316,5044500
2022-08-31,345.2957458496094,350.65846951026316,345.2577043224406,349.53646208765804,4062500
2022-09-01,346.3607177734375,346.76959895059537,340.8839269125831,343.34658652681964,6126800
2022-09-02,342.728515625,350.9817571416009,341.1406082764701,349.859778713184,4544200
2022-09-06,341.5779724121094,344.46851907483597,339.448111195986,343.593738065538,5680300
2022-09-07,347.70135498046875,348.36695112398934,341.055027250017,341.2166529592946,4137000
2022-09-08,349.9738464355469,350.36369226874643,344.4589860091425,345.51442795115724,3692000
2022-09-09,355.37457275390625,356.19227690610995,351.78993533579103,352.0371326981978,2621600
2022-09-12,359.2825622558594,359.90062832812674,357.0481228272737,357.3428794076536,2961400
2022-09-13,343.6127624511719,352.3128970372066,342.56683813096845,351.18140104769316,5549200
2022-09-14,344.89642333984375,346.2656281935893,341.8537394388127,344.75377486230775,3555500
2022-09-15,341.0455627441406,346.0754890794938,339.8284948482134,343.4036444875192,3807500
2022-09-16,338.36419677734375,338.9537389695674,335.35006547473813,337.12812263724715,4452300
2022-09-19,340.9599609375,340.9599609375,335.40708733930273,335.4546174882529,3412600
2022-09-20,337.11859130859375,338.85863588521073,334.5323185362011,337.90780073384855,3624000
2022-09-21,331.1854248046875,341.63509495450444,331.1854248046875,338.8586722640824,5102400
2022-09-22,328.3899841308594,331.40414481055325,327.724416828716,330.4627981283877,5555600
2022-09-23,322.9321594238281,325.2616882232548,318.8245444490615,325.2616882232548,10491500
2022-09-26,319.8038635253906,324.8623130550128,318.5963134343243,321.6009557334867,5405700
2022-09-27,318.9006042480469,325.0334733506393,316.70414842901073,323.08427296504016,5795700
2022-09-28,325.1645812988281,326.71170599628226,318.19293150785677,319.74005620531096,8683900
2022-09-29,318.3838806152344,322.1275345614861,315.66207369902963,321.9842877016509,7230100
2022-09-30,313.532470703125,321.06757846611544,313.3605744178843,317.6104171647852,7736600
2022-10-03,321.8220520019531,323.4264756254366,315.2515219497715,316.8655050818562,5739000
2022-10-04,331.59185791015625,331.70645542989234,326.74037832399307,326.7499378322518,5110000
2022-10-05,331.0188293457031,332.9575441830944,325.5274749439907,327.68582530475203,4755800
2022-10-06,327.5329895019531,332.3271988715433,327.08412984274526,329.653130785576,3879600
2022-10-07,318.33612060546875,324.07578781412315,316.73169744344443,323.8274738206545,5168100
2022-10-10,315.95819091796875,319.61592663398545,313.876258413802,319.42491135229454,3933900
2022-10-11,313.8762512207031,318.5558340664881,312.14767079692234,314.39196915357786,4968100
2022-10-12,312.90216064453125,315.7098871921789,312.71114535660155,314.3442182324887,3235100
2022-10-13,321.0961608886719,322.490479041827,305.4816103822044,306.4079790303939,6396900
2022-10-14,313.86669921875,324.88761648093515,313.27459264769476,323.3882310382048,4879400
2022-10-17,321.8410949707031,322.89162069423406,319.4153408717933,319.52040801656597,3889500
2022-10-18,325.6324768066406,329.481198041154,322.5764076596291,329.17558529748584,4903300
2022-10-19,323.3786315917969,326.3010134904805,320.79054096753856,323.7893114826362,4403200
2022-10-20,320.7237243652344,327.01731946174624,319.9788113929004,322.95849242707664,3459100
2022-10-21,328.4306945800781,328.8986732331137,319.1001789221865,320.4085489596825,4362400
2022-10-24,332.4322204589844,333.5209549958079,327.44702520817776,329.9109880310747,5639400
2022-10-25,337.8376159667969,338.10501983978986,332.37491186579473,332.394001733567,5203400
2022-10-26,335.31640625,340.1488248675655,334.67656041520394,334.9248744587706,4277700
2022-10-27,333.5209655761719,337.87584557194265,332.91929953882334,336.2140943390662,4145300
2022-10-28,341.3044128417969,341.87742959725034,333.25361631944634,333.3395644610379,4388100
2022-10-31,338.9837341308594,340.8651212193793,338.1241944035867,339.18427979962934,6431000
2022-11-01,337.6179504394531,342.63179490338973,336.4432969605974,342.40259991138595,8014300
2022-11-02,329.00372314453125,341.06560595956444,328.91777501612665,336.91127155097786,5022500
2022-11-03,325.4988098144531,328.3447742762043,323.6556318557432,325.98587837721146,4534800
2022-11-04,330.2643127441406,332.36533473630004,324.70610130932073,330.8277698343266,3655400
2022-11-07,333.4350280761719,333.97936623436425,329.5767468534927,331.44857413891884,3316600
2022-11-08,335.24957275390625,337.95226123999635,331.4676799721346,334.4568913843325,3237200
2022-11-09,328.402099609375,334.46647093149693,327.9150310071974,333.37773620776875,3570800
2022-11-10,346.37548828125,346.6811010426543,338.4679402351457,340.4830142694288,4603600
2022-11-11,349.6894836425781,350.5107853427102,345.4682901813065,347.33058741462946,4877400
2022-11-14,346.8816223144531,351.2460613576948,346.56647921345433,348.17090238093647,5274300
2022-11-15,349.74676513671875,353.10841869672356,346.2800444197663,352.0674523597747,4597800
2022-11-16,347.091796875,349.07822179243857,346.5283396669533,348.2951290637877,2755100
2022-11-17,346.08892822265625,346.66191560945913,342.44075308757664,342.6603885375739,3278500
2022-11-18,347.6170349121094,349.14506972753725,344.98120472895727,349.020912709213,2574400
2022-11-21,346.39459228515625,347.37825972088757,344.63736255262836,346.4518910371532,2397900
2022-11-22,351.0072937011719,351.14098105436256,346.8720497956091,348.1135905757641,2316000
2022-11-23,353.2038879394531,353.70048685556094,350.51072992302863,350.6921856922456,2590900
2022-11-25,353.1656799316406,353.68139786358114,352.458975867572,352.7741481600843,1423400
2022-11-28,347.5788879394531,351.8096115998004,346.81485588729066,350.3579652731131,3553600
2022-11-29,346.9675598144531,348.7534386700738,345.21988983636555,347.55966626446275,2507800
2022-11-30,357.6446838378906,357.74019146748395,345.382256134895,347.10130603306465,4748800
2022-12-01,357.69244384765625,360.04177992747776,355.31442924927546,358.9626049425055,4608600
2022-12-02,357.1767883300781,358.01720896579405,353.03201305378917,353.03201305378917,3596000
2022-12-05,350.8163146972656,355.44815790643673,349.5270345459735,354.57908801400777,3707000
2022-12-06,345.7452087402344,351.0741970249091,343.7396648597163,350.57759809476295,3911000
2022-12-07,345.07666015625,347.25410015059913,344.10255223464367,344.80925626728913,3338000
2022-12-08,347.7984313964844,348.7247999774008,345.33449789957524,346.7956742029965,3604500
2022-12-09,345.25811767578125,349.00180128513256,345.0862214201822,346.671554893107,4271400
2022-12-12,350.18603515625,350.18603515625,345.31543694435913,345.9839612823041,2946200
2022-12-13,352.7740783691406,360.2232063797446,350.30055634457017,360.14678862614,6161800
2022-12-14,350.6445007324219,356.03078845433816,347.86539415476506,352.49723845085975,4707100
2022-12-15,342.0206604003906,346.90078923837956,340.42576723968455,346.1654357428151,5126800
2022-12-16,337.94268798828125,340.7790928868338,335.9658226882543,339.6521785332263,4533100
2022-12-19,335.0299072265625,338.4011200533582,333.5400812781386,338.20057440698895,5538500
2022-12-20,335.5404357910156,336.97982331170317,333.17981917231,334.36973276947987,5068200
2022-12-21,340.5589599609375,341.5665484363661,337.4882852503257,337.96808091927164,3832400
2022-12-22,335.77069091796875,338.01613168529747,330.4257588265814,337.7570525029018,6458200
2022-12-23,337.6514587402344,337.7282424600309,333.31411567281015,334.83025736809105,4572000
2022-12-27,336.3080749511719,337.8146408170896,334.75354121820186,337.54595633588997,4303200
2022-12-28,332.1818542480469,337.96819072412194,331.9227457606142,336.26011875910314,4464600
2022-12-29,338.0736999511719,338.86057205814234,334.38887187718643,334.81109450607744,4086600
2022-12-30,337.1429138183594,337.28684670343597,333.707588728746,335.65555853188124,5325400
2023-01-03,335.8473815917969,340.6933356873755,333.1605374105452,338.9084804720828,4957300
2023-01-04,338.2656555175781,340.23280664912375,335.08940955887834,337.87221943438647,3119100
2023-01-05,334.57122802734375,336.62473892937,333.9954671807636,336.5575897700593,3216500
2023-01-06,342.1807861328125,343.2171615236954,334.6479857535694,337.38282783831545,3464800
2023-01-09,341.9312438964844,347.1130616905288,341.8257028825722,344.2342870424642,3775300
2023-01-10,344.3686218261719,344.4454055509941,340.6166152756766,341.46106054225703,3495700
2023-01-11,348.76361083984375,348.82118399839084,345.1267501414106,345.8464439076633,5710500
2023-01-12,350.0686340332031,351.3544833540938,346.02876131087197,349.75198166792967,4743500
2023-01-13,351.4311828613281,351.91097858030105,346.8635182456953,347.06502424803006,3015200
2023-01-17,350.8938903808594,352.8610415430922,350.12619949274887,351.3928674948214,4942000
2023-01-18,345.1939392089844,352.8034945033725,345.04997702377284,351.85350807370173,3931800
2023-01-19,342.70855712890625,344.8388223619559,341.47067576870825,343.30349923374837,3569900
2023-01-20,349.0130615234375,349.20499156208933,342.4590636136913,343.9656294923124,3265100
2023-01-23,353.2640380859375,355.04886426600143,348.955452225095,349.780716164525,3243300
2023-01-24,352.8898010253906,353.71503572178125,350.65396554509516,351.7574899973339,2702400
2023-01-25,353.0145568847656,353.2832413571203,347.04589605622,349.08022553039245,3061700
2023-01-26,356.7857360839844,357.02563397432266,352.75543981253674,355.49028161927544,3460900
2023-01-27,357.80291748046875,359.9236067303113,355.77819324811844,355.9029448424171,5549500
2023-01-30,353.3312072753906,357.24635731888037,352.9953443656955,355.19281728230675,3280600
2023-01-31,358.3498840332031,358.4458490486357,353.4463558033861,353.7150402759506,4181700
2023-02-01,362.27459716796875,364.79832763323355,354.81858135722763,357.3902796862903,4941700
2023-02-02,367.46600341796875,368.87660421743465,364.0690410119142,365.8442912987049,5207900
2023-02-03,363.5412902832031,367.71551967777725,362.52412551102435,362.94634816563575,6472500
2023-02-06,361.43975830078125,362.65842903216577,359.8660140954561,361.3629745771794,2880100
2023-02-07,366.1033630371094,367.28367120348224,359.4821871009045,360.6049221161773,4504600
2023-02-08,362.09228515625,365.53721543214203,361.50694834593924,364.347331237798,2921500
2023-02-09,358.9927978515625,365.6043980032036,357.87969737070625,365.5756114267058,3327700
2023-02-10,359.8659973144531,360.2210707718362,357.15997151408345,357.92763300784344,3256700
2023-02-13,364.02105712890625,364.10741685351303,360.0387580885195,360.47055671155334,2980600
2023-02-14,363.8866271972656,366.007345162992,360.27858363898935,362.6871380112048,4718000
2023-02-15,365.1054382324219,365.1534061007228,361.123109493407,361.9099816675498,2820200
2023-02-16,360.0291748046875,364.09783381833046,359.93320978778974,360.48018402813653,3077500
2023-02-17,359.0983581542969,359.3190747575742,356.31554846083304,358.1003747228137,3285300
2023-02-21,351.9685974121094,356.3347273077586,351.67112637048456,355.43270889624785,3109200
2023-02-22,351.5271301269531,353.70542150467804,350.0973482084486,352.34278873288685,3872000
2023-02-23,353.2928771972656,354.63629967522,349.416118659957,354.1565038413496,2867200
2023-02-24,349.5120849609375,350.27974658417014,347.11310578281825,348.62924773824756,4055000
2023-02-27,350.72113037109375,353.86858970028936,349.8575037735509,352.64031360314993,3300100
2023-02-28,349.3968505859375,352.0357272379568,349.3392774381007,350.26050637230725,3022200
2023-03-01,348.1206970214844,349.78080130629024,346.84445286766044,348.6580660635593,3764700
2023-03-02,350.72113037109375,351.55597039153224,345.96156415522984,346.23024863634123,2727200
2023-03-03,356.27716064453125,356.6514154172417,351.8822440933522,352.4483996114126,4913600
2023-03-06,356.7089538574219,359.3094385864825,356.29630726203226,357.2175361739453,2638300
2023-03-07,351.1912841796875,356.8624730788003,350.62512874675355,356.6129699345083,3546100
2023-03-08,351.7383117675781,352.4580055136183,349.7135874185704,351.31608909381487,2906300
2023-03-09,345.2994689941406,353.974186040694,344.34948259541335,352.50601193156353,4409600
2023-03-10,340.34796142578125,346.6428803446119,338.8702113607359,344.8100567680395,8360400
2023-03-13,339.772216796875,344.17676847723806,335.6268029023684,336.5863946039105,6478700
2023-03-14,345.41455078125,346.90193518826703,341.2595324396224,344.37820483846633,4798800
2023-03-15,343.28424072265625,343.4185975840388,338.32316925647956,340.1367818942919,6610400
2023-03-16,349.156982421875,349.5408424859988,340.64540969089273,341.17320263685735,5016700
2023-03-17,345.3377990722656,349.0898054097031,343.9368036601277,348.1014273207195,5189900
2023-03-20,348.4565124511719,348.8883111129881,345.2802665062473,345.903995207368,3099800
2023-03-21,353.0145568847656,353.5231392533087,350.13578213050397,351.6135613706601,4117600
2023-03-22,347.16107177734375,356.21961944774324,347.04592546292224,352.91862177372917,4094800
2023-03-23,347.986328125,353.4080150612095,345.56813843809215,349.7519732372933,4787200
2023-03-24,350.30548095703125,350.3729359838374,344.67839673525197,346.856012020848,3740400
2023-03-27,350.8836975097656,353.07092875541,350.1513956808326,352.3964665384875,4144800
2023-03-28,350.2669677734375,350.92219903761054,348.4940530576997,350.2862574431093,2413700
2023-03-29,355.2485046386719,355.489390275851,352.9360084027494,354.00552651743186,3636100
2023-03-30,357.36834716796875,357.93683380222603,355.64359759302636,357.69594813999896,3316700
2023-03-31,362.3594665527344,362.61961246456957,358.10059539407547,358.2258606347693,4159800
2023-04-03,363.795166015625,364.1324118291601,361.54047970954525,361.90663062681256,3525300
2023-04-04,361.7427978515625,364.604520601901,360.49020421073556,364.4021848856108,2713300
2023-04-05,360.865966796875,361.7331786676667,359.29541704674415,361.04904224471,3227700
2023-04-06,362.2438049316406,362.47504571585046,359.13155215423103,360.04692926669935,3076200
2023-04-10,362.638916015625,362.6678505253798,359.36287672061576,359.93136338432413,2671100
2023-04-11,362.6870422363281,363.98783051485805,361.9932904481111,363.1591686599119,3069000
2023-04-12,361.24176025390625,364.81649507204475,360.67327364762446,364.6045145235171,3624200
2023-04-13,365.9245910644531,366.31003165840787,361.7524642202916,362.2053304536985,2680900
2023-04-14,365.1730041503906,367.4276903279332,362.9857730127072,365.44279490484047,2981700
2023-04-17,366.416015625,366.4545655662756,363.91079873189756,365.0285117889737,2721000
2023-04-18,366.6665344238281,367.996228007963,365.41391131479315,367.9191281278745,3019300
2023-04-19,366.647216796875,367.42768394458113,364.8646865243279,364.92249672749233,2671300
2023-04-20,364.5755920410156,366.21362614745533,363.19773324376666,364.0071054618357,2953200
2023-04-21,364.78765869140625,365.27907492033916,363.08219855127453,364.87437401327816,2762300
2023-04-24,365.2693176269531,365.6354684765686,363.47714271670884,364.68157082466325,2310400
2023-04-25,359.4977722167969,363.9300743324359,359.420672337227,363.4290133301969,3795400
2023-04-26,357.8982849121094,361.0201536941281,357.45506352570885,360.0373507751562,3766900
2023-04-27,364.9995422363281,365.3078829021102,360.0469489390103,360.2589294711124,4302400
2023-04-28,368.12139892578125,368.18885395771395,364.2190635780102,364.2576135112551,3386900
2023-05-01,367.87091064453125,369.65347020545846,367.61073534232435,367.8131004451485,3069300
2023-05-02,363.7469787597656,367.21570861889353,361.0105212861271,367.1675432505672,4311600
2023-05-03,361.21282958984375,366.3388829242179,360.943038856718,364.13236228955583,5513000
2023-05-04,358.57275390625,360.47090458161205,357.3972307691056,360.21075866785367,4421500
2023-05-05,365.1537170410156,366.23287997948427,361.7427682208678,362.04146405544446,3139400
2023-05-08,365.3560791015625,365.78004020154793,364.1034854729607,365.5777044872325,2957600
2023-05-09,363.7759094238281,364.7779726333297,363.5735442906692,363.9396952116362,2271000
2023-05-10,365.36572265625,366.94591723748454,361.94515817130076,366.4159805668541,3512900
2023-05-11,364.85504150390625,365.06702205039716,362.9376011549563,364.6719660589829,2676600
2023-05-12,364.3636169433594,366.1558214140479,362.1378359591874,366.0016510742586,2531000
2023-05-15,365.6258850097656,365.9920359208368,363.16886301913854,364.9321331269433,3882600
2023-05-16,363.2073669433594,365.45240809078126,363.16881700892316,364.59487053321976,2275300
2023-05-17,367.5433044433594,368.1599563629291,363.52531921395837,365.03808802108176,3222600
2023-05-18,371.1373291015625,371.5131248274153,367.1097281179897,367.3602586018916,3340600
2023-05-19,370.5495910644531,372.4477711950544,369.46078320306935,371.9467102153099,3649000
2023-05-22,370.7519226074219,372.14907114753976,369.4896841464819,370.63630219954746,2784000
2023-05-23,366.60870361328125,370.1063385947832,366.2232630444773,369.2198958585027,2887300
2023-05-24,363.86260986328125,365.42354422676897,362.8412570228513,365.0959432595544,3611600
2023-05-25,367.0326843261719,368.3430882341644,365.1055989991322,367.100109964827,3315900
2023-05-26,371.8022155761719,372.47670722568597,367.63008863871846,367.7264487893619,3042800
2023-05-30,371.91778564453125,374.1050460885643,370.73264710752994,373.62327480555933,3968500
2023-05-31,369.8944091796875,371.118097783068,368.478000280583,370.29908063372386,4205300
2023-06-01,373.44024658203125,374.40378926986784,369.007944336985,370.19311242882014,3563600
2023-06-02,378.9227600097656,379.5972221649234,375.3383804776881,375.858672293242,7368900
2023-06-05,378.1904602050781,380.37769126174317,377.5063532110968,379.19255271519586,3481200
2023-06-06,378.97088623046875,379.4333972015051,377.14016141987986,377.7568133096124,2894700
2023-06-07,377.72796630859375,380.36809307580944,377.2654846714075,379.31783515138284,3942900
2023-06-08,379.9923095703125,380.33920021435364,377.02461115123526,377.67016825891346,3455400
2023-06-09,380.6282043457031,382.45892927120605,379.71282718045944,380.64746461050345,3060100
2023-06-12,384.1258850097656,384.15479011070573,380.88836667954854,381.5435979758331,3792700
2023-06-13,386.6600036621094,387.1995851454405,384.8388941021277,385.43628578688816,3913100
2023-06-14,386.958740234375,388.7316552097859,383.9332021511817,386.96835566563504,5161300
2023-06-15,391.9209899902344,393.05796330965273,386.2746439292322,386.38061951096245,5285000
2023-06-16,390.47564697265625,393.85769098033734,390.12878574365675,393.7902359397028,5141900
2023-06-20,388.6737976074219,389.5795299546852,386.63109211103557,388.7797731732792,4242900
2023-06-21,386.5444030761719,388.3654833245292,386.0626317695712,387.6428263646282,3423500
2023-06-22,387.9511413574219,388.03785665826695,385.36885438230814,385.6868104854066,3141000
2023-06-23,385.0412292480469,386.6503582654559,384.38602736280836,384.77143850677305,4215300
2023-06-26,383.4513854980469,386.24565301593714,383.229789530429,384.4920279202862,3250700
2023-06-27,387.70062255859375,388.24020405008855,383.8657419158261,384.26076849657494,4302400
2023-06-28,387.87408447265625,388.77981692183977,386.1011695139321,386.71785092826485,4320700
2023-06-29,389.35986328125,389.5146395662912,387.11565142899,387.5122601243034,3914800
2023-06-30,393.97406005859375,394.8833523867606,392.0490832994514,392.1554754022601,5173700
2023-07-03,394.72857666015625,394.72857666015625,393.3936568776837,393.62583609239283,2372000
2023-07-05,393.8482971191406,394.5157570003386,392.74555656796196,392.74555656796196,4230100
2023-07-06,390.6367492675781,391.1397796169769,388.4409214225471,390.58839458962535,6040300
2023-07-07,389.7275085449219,393.39366714983436,389.5533667492026,389.86291936319014,3673200
2023-07-10,390.772216796875,390.9076276169037,388.92461335385383,389.4759984195823,3362300
2023-07-11,393.277587890625,393.70321534994554,390.57872957369733,391.54605934114187,3177800
2023-07-12,396.373046875,397.6982839060956,395.43473583888283,396.7889915815877,4246400
2023-07-13,399.60394287109375,400.29073875747025,397.69830200054736,398.0949107576274,3273400
2023-07-14,399.2846374511719,401.16125927952294,398.61717765033785,400.41642609797304,3680900
2023-07-17,400.67767333984375,401.68370461052604,399.14930522525606,399.1686411941019,2963700
2023-07-18,403.715087890625,404.2761261716201,400.02956380595725,400.38747109976333,3594000
2023-07-19,404.58563232421875,405.66903682556324,403.8504523323527,404.41152006947954,3494900
2023-07-20,401.9448547363281,404.4986194947621,401.2677416107883,403.66670054324976,4085000
2023-07-21,401.99322509765625,403.66668664620875,401.9061689639652,403.4828916348962,3176700
2023-07-24,403.6957702636719,404.4406331726117,402.42857046860405,402.97027284570635,3471100
2023-07-25,404.88555908203125,405.93994502248995,403.4442471253452,403.453900349371,3949300
2023-07-26,404.9822692871094,406.17209548529877,402.9702069123124,403.9762380997109,6138800
2023-07-27,402.23504638671875,408.35823045115774,401.3644555533684,408.0100059260416,4149400
2023-07-28,406.15277099609375,406.8782683685889,404.49864525256265,405.2434785942548,2701200
2023-07-31,406.936279296875,407.21681319506246,405.35952705337417,406.5880547506244,3452100
2023-08-01,405.67877197265625,406.35588511318383,404.87587171560125,405.5626971211694,3118000
2023-08-02,400.05859375,403.08634075697034,399.391133824221,402.85416153024534,4973700
2023-08-03,398.9267883300781,400.6583168714882,397.6595887022789,398.23030971994285,3022300
2023-08-04,396.9728088378906,402.534955198968,396.6342375031038,400.61963156375094,5717300
2023-08-07,400.5518798828125,400.7066561814126,398.1916225107019,398.8203809283796,2598000
2023-08-08,398.8204345703125,399.2557152931458,395.7636686830816,398.3077509274881,3780100
2023-08-09,396.1698913574219,399.24602242951977,395.49277823783115,399.1783022613922,3145900
2023-08-10,396.402099609375,401.49023444514404,395.27031071834784,398.346412495202,4588300
2023-08-11,396.0344543457031,397.0017840416149,394.0320747902315,394.62216125542864,2918900
2023-08-14,398.26898193359375,398.2883179000305,394.9703841417169,395.2122165646942,2772900
2023-08-15,393.7032470703125,398.2593623763019,393.13252600400506,396.69229275007393,4686100
2023-08-16,390.79156494140625,394.7769590806585,390.6754900861757,393.3066283801331,3353700
2023-08-17,387.62835693359375,392.32956508594134,387.2897856359066,392.087732661959,7102500
2023-08-18,387.98626708984375,388.88587662882935,384.8521282982502,385.1616808881892,4157700
2023-08-21,390.5496826171875,391.17847053700234,386.9221962516079,389.00197871765454,3292400
2023-08-22,389.45660400390625,392.1554621857229,388.9245844666705,392.10710750799615,2646100
2023-08-23,393.6548767089844,394.3513553507445,390.2885583537168,390.3756144938664,3250000
2023-08-24,388.421630859375,395.7152765726317,388.28619051237854,395.25097714421827,3458800
2023-08-25,390.99468994140625,392.54239389797374,386.65135936564866,389.911255843024,4417800
2023-08-28,393.5677795410156,394.1288473441037,391.86529920470645,393.08411465172827,3236700
2023-08-29,399.1589660644531,399.4878546401618,393.2872673403168,393.49039832402127,3482700
2023-08-30,400.82275390625,401.4708778486012,398.9267958011483,399.53621828650006,3004500
2023-08-31,400.31005859375,402.52525199331717,400.1456290672959,401.4225114258678,4751100
2023-09-01,401.161376953125,403.26049583767923,399.7103820944808,402.85420428820987,3588000
2023-09-05,399.4104309082031,400.929145636139,399.28467332275414,400.66797724213274,4426700
2023-09-06,396.6535949707031,398.66565759928096,394.5061215132089,398.6366388844728,3744100
2023-09-07,395.47344970703125,396.05385352132106,393.5678087211277,393.86770813363825,2245800
2023-09-08,396.01507568359375,397.41768587911037,395.14445543468975,395.4636907314362,4124400
2023-09-11,398.61724853515625,398.907465185703,396.8857494586462,398.42380028868763,3346600
2023-09-12,396.47943115234375,398.68494175280915,395.9183928987821,397.28233135862473,7595300
2023-09-13,396.9437561035156,397.95944050026134,395.62817233495855,396.6342035084951,2529700
2023-09-14,400.3777770996094,400.96786359703293,397.9788182158919,399.18798040181764,3660900
2023-09-15,395.3863220214844,399.187950080903,395.13483637989543,398.8687147565523,4004000
2023-09-18,395.8216247558594,396.93404795742805,394.82527638985493,395.2315383143299,3014600
2023-09-19,395.0284423828125,395.45406983133125,392.455341724244,394.88334882549043,3623300
2023-09-20,391.333251953125,396.45043477158924,391.120438220016,396.08284473071353,4009400
2023-09-21,384.91986083984375,388.9149078450049,384.69736437356556,388.6730754114436,4633100
2023-09-22,383.99127197265625,387.2511690389754,383.60434591361104,385.77115546071707,7204200
2023-09-25,385.5872802734375,385.6163285043802,382.4531414698566,382.83041422539276,3227900
2023-09-26,379.9284362792969,383.41079970989426,379.15455477872797,382.7917240299999,5734700
2023-09-27,380.0155029296875,381.50519902901834,376.72658764279316,380.97314994754794,4837700
2023-09-28,382.232421875,383.81515997588673,379.0183176148948,379.5426768423047,4065800
2023-09-29,381.319580078125,385.2424796885773,379.96012832086865,385.12596202553925,5766600
2023-10-02,381.2904357910156,382.34884403323656,378.6686699421969,380.54273142705114,5886200
2023-10-03,376.1634521484375,380.571861614008,374.84284953874743,379.26097868693836,6886700
2023-10-04,378.9308776855469,379.5232153610289,375.2021640246218,376.4936373636012,4333700
2023-10-05,378.6104431152344,379.464945527319,375.7362319744615,378.59103338157104,3329100
2023-10-06,383.1257019042969,384.6113615247803,375.21189373462147,376.45479832147566,4897200
2023-10-09,385.6794738769531,386.1649839244194,380.9408910723727,381.3875520187509,2959500
2023-10-10,387.6700134277344,390.0393045868399,385.8736501430335,386.2426128493649,3289600
2023-10-11,389.31109619140625,389.4664629692188,386.4562946196145,388.6702193453731,4181800
2023-10-12,386.97088623046875,390.15583069862646,384.7181423138542,389.8451268146246,3872900
2023-10-13,384.9317932128906,389.34020304089523,383.51408255997666,388.2235358753554,3769800
2023-10-16,388.96148681640625,389.96163622671924,386.79610155790124,387.019446824872,5150900
2023-10-17,388.97119140625,390.8355629064151,385.79596656934007,386.1067000915642,4214600
2023-10-18,383.76654052734375,388.2235189448955,382.7955204895369,387.3301971046939,7329300
2023-10-19,380.51361083984375,386.0775662274147,379.8047851898382,384.4947988520762,6708900
2023-10-20,375.7750549316406,380.4650985582408,375.6294078448602,380.03784734823057,7549600
2023-10-23,375.1147766113281,378.63958435464235,372.72607543618585,374.3088429580097,5537100
2023-10-24,377.9210205078125,378.95029940430555,375.3477936333992,377.02766901093406,4451500
2023-10-25,372.590087890625,376.44503859998343,372.0171896281737,376.3673700360831,5471200
2023-10-26,368.0166015625,372.28908388619374,367.1912285875047,371.54140911033096,6959400
2023-10-27,366.3852844238281,369.85183303903347,365.0549917255173,369.5022504193691,5638800
2023-10-30,370.7937316894531,371.7064929800223,367.73502421424826,368.90026022060374,5795800
2023-10-31,373.0368347167969,373.33784860123814,369.531436465939,371.26957088136567,4523200
2023-11-01,377.1441955566406,377.80448210329865,373.47374081610076,373.93012144194586,5549200
2023-11-02,384.310302734375,384.43654007841644,380.5621796771599,380.5718697268082,4752200
2023-11-03,387.8642578125,389.23339966252587,386.31061977914703,386.38831797906414,5981400
2023-11-06,388.6119079589844,389.1168573268906,386.9126229499929,388.5245197145034,4007100
2023-11-07,389.709228515625,390.3889544827424,387.66039019639504,388.6605397785809,3358600
2023-11-08,390.02960205078125,390.8355355824525,387.9807345171091,390.34030591810387,3731900
2023-11-09,387.0874328613281,391.2045482407984,386.6698717338154,391.13656972781035,4145600
2023-11-10,393.127197265625,393.3699522991486,387.5729905464592,388.9809519609867,3992800
2023-11-13,392.7291259765625,393.7389656338413,391.14635833249383,391.89403320756867,2872900
2023-11-14,400.2738952636719,401.52651945383786,398.01143153451994,398.1570786186832,6973100
2023-11-15,401.14776611328125,402.7014039952018,400.4195011342414,401.5556075401418,4414800
2023-11-16,401.7110290527344,401.95378407883993,399.8175279958383,400.7788284165981,3798900
2023-11-17,402.3033142089844,402.7694145005401,400.9050429674973,401.94404153209314,4696200
2023-11-20,405.33294677734375,406.0806512814619,401.9829449349988,401.9926349862372,3517600
2023-11-21,404.2745056152344,404.7600156661197,403.26463641210194,404.33276445068606,5248200
2023-11-22,406.0223693847656,407.15844633669457,404.9736510549423,405.9543908640362,3692800
2023-11-24,406.2456359863281,406.36215364597393,405.7309965674398,406.0708594968594,1351300
2023-11-27,405.5368347167969,406.401027166557,405.13871293362894,405.6824818001069,3632600
2023-11-28,405.9349060058594,407.10014187882,404.63374273985494,405.1581018460051,3382400
2023-11-29,405.67279052734375,408.91599421996233,405.27466871629406,407.88671524824673,4092600
2023-11-30,407.2457580566406,407.5370818193674,404.49778465729696,406.410695129813,4405700
2023-12-01,409.6344909667969,410.1297206590745,406.1291229223436,406.6923014947309,4973600
2023-12-04,407.5759582519531,407.7021956034625,405.40088275881124,406.5175499224089,5806100
2023-12-05,407.4497375488281,408.28483025968336,405.88640938255014,406.2165526667359,3419300
2023-12-06,405.75042724609375,409.4500409299111,405.36202514949713,409.3917524639001,4201800
2023-12-07,408.9256896972656,409.4500488360452,407.12929662849155,407.6439360838849,3248300
2023-12-08,410.663818359375,411.10075960811116,407.9740738178163,408.18769941714754,5125300
2023-12-11,412.25628662109375,412.4019337078096,409.98410316878295,410.1685993563501,5247100
2023-12-12,414.30517578125,414.30517578125,411.00368360182057,411.92616458722284,5982600
2023-12-13,419.9468078613281,420.073015589772,414.1498163429345,414.5090890594534,8659100
2023-12-14,421.179931640625,422.7432596413478,418.7426619195801,421.6363122331478,8349100
2023-12-15,420.5390930175781,421.66547989348265,419.71372000306735,420.6362009545527,5326000
2023-12-18,422.9180908203125,423.7531538590247,421.8596824969029,422.04417868139626,4280500
2023-12-19,425.4912414550781,425.52037086874356,423.3161662129201,423.40355445391634,4061500
2023-12-20,419.349609375,426.3893097106717,419.16435175389176,424.6342719644131,5783200
2023-12-21,423.4349670410156,423.7859924350294,420.1003596975434,422.3136912995033,4621600
2023-12-22,424.4197692871094,425.9310501540621,422.6549717242237,424.5855073148496,4037800
2023-12-26,426.1845397949219,426.9840695117388,424.70247890414333,424.7902575667637,3835800
2023-12-27,426.9645690917969,427.0815676399065,425.5215473244719,425.98954151691015,4271000
2023-12-28,427.0328063964844,427.8810755825207,426.7305502441146,427.30581291331765,4703700
2023-12-29,425.8919982910156,427.3935489661793,424.0784614313387,426.9352848529043,4376900
2024-01-02,423.1716613769531,424.40017569620676,421.5628423246266,423.0741526835583,9076000
2024-01-03,420.0321044921875,422.1869069327585,419.5055813113611,421.523895374964,4805000
2024-01-04,418.7060852050781,421.97243353877536,418.49157794794183,419.5836040731883,3945300
2024-01-05,419.24237060546875,421.50441198254254,417.93583721566944,418.86209556569025,5724600
2024-01-08,425.2387390136719,425.3752273878312,419.62257121503814,419.70059007639543,7222400
2024-01-09,424.2052001953125,425.5312232458795,422.3428941934761,422.79139848934716,7939600
2024-01-10,427.0035705566406,427.78358069979964,424.605011098721,424.8877476662154,4278800
2024-01-11,426.8573303222656,428.38810100060493,423.1619674820743,427.9786060822396,4796600
2024-01-12,427.0523376464844,428.8171352577683,425.8238230793443,428.1443638197118,5182700
2024-01-16,425.5994873046875,427.04253866089954,423.8834294492437,425.88225360029514,5730800
2024-01-17,423.23016357421875,423.6299283910746,421.0265920612246,422.7718994920158,6044600
2024-01-18,426.9938049316406,427.44233902554106,423.3179618050658,424.7024842535988,4331300
2024-01-19,432.219970703125,432.53195690476724,427.36432279516214,428.0370941846835,4836800
2024-01-22,433.2047119140625,434.7842814789598,432.60019961717154,433.66297603516983,5870400
2024-01-23,434.4917907714844,434.6868081920701,432.69774357292266,433.7215106422958,3251600
2024-01-24,434.8525085449219,437.9726084710898,434.61851146487663,437.1243393004477,4568200
2024-01-25,437.29986572265625,437.55338241294476,434.96953554464756,436.948870079623,4167100
2024-01-26,437.03662109375,438.28465520078595,435.9933344461355,436.9098627479957,6404000
2024-01-29,440.2151794433594,440.3321779885932,436.52957649109896,437.03660986108446,4543300
2024-01-30,439.9031982421875,440.5272004090212,439.19141740995116,439.5814224836572,3410000
2024-01-31,432.7366638183594,438.2455626264581,432.66840475967496,437.8263079896387,7108000
2024-02-01,438.4308776855469,438.4308776855469,433.54598029448005,434.228511459849,6138400
2024-02-02,442.9355163574219,444.49556639603264,438.4601434520213,438.77215941083944,6253500
2024-02-05,441.31695556640625,442.8087464960685,439.2889113978016,442.39925159681627,7101900
2024-02-06,442.6917419433594,442.9452586192977,440.9171847227478,442.2529676589243,4383600
2024-02-07,446.3286437988281,446.73813872785155,443.9008048405513,444.75883388962257,6763400
2024-02-08,446.6308898925781,446.88437682918646,445.61685287970386,446.3773732004895,4184600
2024-02-09,449.1659240722656,449.5169196838183,446.7283553626695,447.08911077081336,4002600
2024-02-12,448.9611511230469,451.1842126170054,448.26888993450774,449.1073992959104,4564200
2024-02-13,442.6332702636719,444.32007868363667,439.7374371701371,443.1305438496313,8152200
2024-02-14,446.8453674316406,447.21588264759595,443.05249612202067,445.1780489598419,5624000
2024-02-15,449.8679504394531,450.01419861268516,446.9818476287773,447.4401117418896,5695700
2024-02-16,447.56689453125,450.60897572260075,446.952622414635,449.56568910407947,5527900
2024-02-20,445.1098327636719,446.6211135517279,443.0817588130453,446.0166012365055,5306800
2024-02-21,445.5582580566406,445.70450621091373,442.27242058358456,443.94946884868864,4208600
2024-02-22,454.9186096191406,455.6596103209295,450.77474254553806,451.6522613864992,4328500
2024-02-23,455.12335205078125,457.1611560303052,454.45058067052224,456.4006357424662,4050600
2024-02-26,453.4560546875,455.9131133195327,453.3292963493534,455.5231082636435,3450800
2024-02-27,454.2945556640625,454.4798132693908,452.32501082720347,454.0800484239707,3586900
2024-02-28,453.592529296875,454.1970415784732,452.51999310913095,452.89050831539504,2800600
2024-02-29,455.2696228027344,456.7906634538268,452.8710632768548,455.30863223764146,7332900
2024-03-01,459.6571960449219,459.98870181623124,455.7570861394323,456.14709117888583,4839400
2024-03-04,459.1112060546875,460.79801438534633,458.8479593348417,458.8576893763687,3970200
2024-03-05,454.5090637207031,457.658413261464,452.4712598139089,457.2391585772743,4616500
2024-03-06,456.9173889160156,458.9064533763978,455.64986504982323,457.53166101080114,5325100
2024-03-07,461.4415588378906,462.3483273396976,459.0234797442586,459.8522591326169,7149800
2024-03-08,458.6431884765625,464.4055746718658,458.0874156742209,461.93875634910495,6285600
2024-03-11,458.2629089355469,458.71141323829073,455.71810153238476,457.4828988650814,5323900
2024-03-12,463.16729736328125,463.6743009351396,457.8436557145986,460.13497621761854,4811000
2024-03-13,462.46533203125,463.5963676019025,461.0905395640469,463.44035961745243,3544500
2024-03-14,461.4512634277344,463.4598177374049,458.7017084369918,463.2940797221629,5153000
2024-03-15,458.272705078125,459.9984931175296,457.0149112159261,458.6627101442895,6807100
2024-03-18,461.1392822265625,463.4110832791054,460.7005079358606,462.1143097565855,3939100
2024-03-19,463.7231140136719,463.8596023993774,459.52074760573834,460.4080262570034,4550200
2024-03-20,467.7694396972656,468.03268640836455,463.06980004038905,463.6645822838791,6179400
2024-03-21,469.3294982910156,471.1722848136431,469.1929801568693,470.56777251780255,5044700
2024-03-22,468.7161560058594,469.83127619445946,468.3640316417753,469.3910908881875,5881500
2024-03-25,467.50323486328125,468.33467939819604,467.12173695798515,467.29782898798055,6081300
2024-03-26,466.1925048828125,468.90200572260284,466.02620403362204,468.59877757216725,8073500
2024-03-27,470.26171875,470.3693023663834,467.02400115838617,469.0390148301709,4951400
2024-03-28,470.20294189453125,471.63105144286834,470.0072973641117,470.36921287934007,4065000
2024-04-01,469.58673095703125,471.4354435531746,468.37378850625385,470.9268095261819,5734000
2024-04-02,466.5152893066406,466.573976700671,464.34376617401716,465.9283855151703,4817800
2024-04-03,466.9359130859375,468.34447030786055,465.4002197387195,465.44911595220464,6224800
2024-04-04,461.1842956542969,470.9659255199938,460.9788599342782,470.69204107780087,6871200
2024-04-05,466.08489990234375,467.88471632355464,462.1037989948622,462.52440194006084,5588200
2024-04-08,466.270751953125,467.6304129108142,465.5762645512492,466.7304897771649,4736800
2024-04-09,466.8478698730469,468.14884345106606,462.4167924340217,467.93364638521456,5250400
2024-04-10,462.3287658691406,464.03078989796853,460.39202210867694,461.6049347547183,6933400
2024-04-11,465.6642761230469,467.0043546589644,460.3919930673751,463.62971021436533,5109900
2024-04-12,459.3160705566406,463.6982222975544,457.69231617008063,462.44617467855477,6959700
2024-04-15,453.48614501953125,463.2482227409818,452.7427614204263,463.1308479543424,9530000
2024-04-16,452.67431640625,455.34471240494787,451.5102999338306,453.91657279184096,6761400
2024-04-17,449.9452209472656,455.08057706397057,448.7127557780506,454.9534110887034,7156200
2024-04-18,448.91815185546875,453.1829284182619,448.2040820836614,451.28528971612593,5637300
2024-04-19,445.1620178222656,449.89632348504716,443.98821020123944,448.96705663080405,9787500
2024-04-22,449.0257568359375,451.64725661752294,445.4065712950045,447.5585121933831,5818100
2024-04-23,454.6893310546875,454.97300671153613,450.6104076512242,451.10925053258774,4257400
2024-04-24,454.35675048828125,456.1272232743187,452.3417369323363,455.40339214776606,7687800
2024-04-25,452.4786682128906,453.3394565067085,447.2748632704644,448.75186923487746,4876200
2024-04-26,457.007568359375,458.39657307998345,454.6599829164915,455.16861697624626,4907100
2024-04-29,458.6019592285156,459.1693105122501,456.02938563953126,458.6019592285156,3253200
2024-04-30,451.3537902832031,458.1129008596049,451.2853117021935,457.21300752781934,4364800
2024-05-01,449.88653564453125,456.87063432430824,449.407245290449,450.70818904488715,6115400
2024-05-02,454.0827941894531,454.79686387104636,449.1332921775704,453.2415585514372,3972400
2024-05-03,459.7170715332031,460.7147870772689,457.2325290789608,459.50187447258105,4586900
2024-05-06,464.35357666015625,464.44160775486125,461.5169097098225,461.908168970012,4782500
2024-05-07,465.0187072753906,466.23164975429495,464.3437723838486,465.31217410063385,3451300
2024-05-08,465.0382995605469,465.4686638479824,463.16021333289854,463.24824442699907,3214900
2024-05-09,467.7086486816406,467.7086486816406,464.5687537011981,465.20455370298964,3486000
2024-05-10,468.2857971191406,469.8997901294739,467.1609155143395,469.21506401289804,3347200
2024-05-13,468.31512451171875,469.9291174658531,467.2978564069065,469.8606388863461,3108400
2024-05-14,470.5355529785156,470.9561559177336,468.0314580062487,468.52053952194404,3257700
2024-05-15,476.267578125,476.5903886447988,472.19841629715,472.7853200912839,4399500
2024-05-16,475.35791015625,477.90114011829735,475.22095299736094,476.41431314141255,3347400
2024-05-17,476.0622253417969,476.1013602260818,474.11569022779673,475.4753214822036,3274000
2024-05-20,476.5317077636719,477.9402350972109,475.8274291713186,476.15020984436217,2599600
2024-05-21,477.8130798339844,477.91087225445324,475.7295878379392,475.90565001618256,2453600
2024-05-22,476.4241027832031,477.76418141375194,474.3504018496969,477.13817257116887,3250600
2024-05-23,472.88311767578125,479.2900733117141,471.75823620893664,479.2118334071258,3811300
2024-05-24,476.101318359375,476.7566708948746,473.7537031274432,474.5851477011551,2555200
2024-05-28,476.4827880859375,477.0012133170364,473.9493493263284,476.7566725504583,4034700
2024-05-29,473.1277160644531,474.0960879889332,472.4136462492408,472.6386345104864,5605000
2024-05-30,469.9486999511719,472.2082544096579,468.7357872136074,471.5920068571308,3386800
2024-05-31,474.0373840332031,474.32105968292285,466.07515213534,470.7311880676808,5334000
2024-06-03,474.5557861328125,475.7882810980475,469.9095117589292,475.68066764257196,4211300
2024-06-04,475.1329345703125,475.7883169817284,472.0223830770599,473.430940328942,2560300
2024-06-05,480.8160705566406,480.8160705566406,475.44596457059737,477.2164374328746,3026100
2024-06-06,480.70849609375,481.43232726525275,478.9478143815439,481.0997553796658,21344000
2024-06-07,480.0824279785156,482.7528239347545,478.8499627958554,479.8378872083857,3063600
2024-06-10,481.6572570800781,481.9311415320976,478.86948649810034,479.4661814639224,3461900
2024-06-11,482.7528381347656,482.8800041151606,478.4293440571812,480.26829547883693,4028400
2024-06-12,486.7730407714844,489.22820955791775,485.86332651118846,487.05668654347227,3698800
2024-06-13,487.69256591796875,488.54359292599275,485.22760554799487,488.3968445738427,8808900
2024-06-14,488.08380126953125,488.142488663456,485.45254032096017,486.40135965763267,5812000
2024-06-17,491.95733642578125,493.17024907925065,487.0371773816096,487.59473749535,4609500
2024-06-18,493.26806640625,493.3463063164892,491.65410332845363,492.0649150967528,3431700
2024-06-20,491.89862060546875,494.69615249324636,490.24552272590336,494.10927856655604,4810900
2024-06-21,490.8226623535156,492.2312195574815,489.91297786587825,491.13568169910087,4338100
2024-06-24,489.5021667480469,493.4246104418364,489.5021667480469,491.06723372233677,7022800
2024-06-25,491.5367431640625,491.8497326655006,489.3945636121124,490.7541947825462,6325200
2024-06-26,492.08453369140625,492.7692299727035,489.9521452291755,490.51946671088865,3202700
2024-06-27,492.8474426269531,493.4636901045265,491.35085440334615,492.0159980913567,3619700
2024-06-28,490.9469909667969,496.4441739373745,489.8475603641288,493.73484141134446,5598600
2024-07-01,492.075927734375,492.46857728787796,489.4451427729407,492.28206350744694,4368500
2024-07-02,495.2662353515625,495.34475327640445,490.43655914969395,490.51510703177547,4210100
2024-07-03,497.50439453125,497.8283521352014,494.96195344656826,494.96195344656826,2131100
2024-07-05,500.4787292480469,500.7339649259591,497.19023323026965,497.81849645059543,3156900
2024-07-08,500.959716796875,501.82356373605774,499.9682819774738,501.12660857445115,3143400
2024-07-09,501.50946044921875,502.60889111104717,501.16588087808765,501.8235620974277,3140600
2024-07-10,506.3390808105469,506.7022823545802,502.2947339571424,502.57941758242686,3446900
2024-07-11,502.00030517578125,507.30111900964647,501.45055985989245,506.5256458884489,5537800
2024-07-12,505.10223388671875,508.51837766155603,502.76592874341054,503.08006034997476,5238200
2024-07-15,506.6336364746094,509.58837913928363,504.8961763697166,507.09503791147887,7771500
2024-07-16,509.509765625,509.86320111721085,507.1145646295579,507.83120167352024,4164300
2024-07-17,502.3929443359375,505.65196247847086,502.16715662081674,504.1304342774646,4984300
2024-07-18,498.6135559082031,504.74879768764094,496.5815566411169,503.8260549274347,5055900
2024-07-19,495.2858581542969,499.8505026654021,494.3140453019339,498.31914849194055,4039400
2024-07-22,500.4296569824219,500.9499243530627,497.1411609798102,498.9375468196489,4342900
2024-07-23,499.59521484375,502.25544739911953,499.1534654348303,500.30199592367967,3116000
2024-07-24,488.1591796875,495.43312697584554,487.43274658605446,495.168065320454,6157400
2024-07-25,485.6952209472656,493.9017364990313,484.8510259992704,488.4143495081131,5646600
2024-07-26,491.143310546875,493.65633334816255,488.5321777920283,489.20948097982034,3636000
2024-07-29,491.50653076171875,493.5385001928848,489.6119452196168,492.60596136107586,3096200
2024-07-30,488.93463134765625,493.7741333103211,485.8326791589675,492.8317385104083,3817800
2024-07-31,496.6405334472656,499.31059230280556,494.0686444676315,495.2171750969726,5367600
2024-08-01,489.8671875,500.5375959909139,486.6474135766928,498.51542254892917,6939200
2024-08-02,480.9146728515625,484.45837457507946,476.88012176596,483.368769875795,8561200
2024-08-05,466.4747619628906,472.34494271635316,460.2806236347774,461.53712007953163,15244300
2024-08-06,471.1277160644531,477.92063961131873,467.20116096450005,468.62454917112825,8255000
2024-08-07,467.8588562011719,479.5796259226769,467.3680367989556,476.78197929583496,5976400
2024-08-08,478.7746887207031,479.3047520880049,470.83323465558965,472.6492424167421,4177200
2024-08-09,480.82635498046875,482.1908174220354,476.8997995291541,477.9894042874184,7661300
2024-08-12,481.0717468261719,483.3098821519933,479.0201252739389,481.92576781195066,3578100
2024-08-13,489.062255859375,489.229147635775,483.8694082010146,484.0853699342882,3247900
2024-08-14,490.623046875,491.65378556122914,487.3640289153936,489.75922991864184,3700500
2024-08-15,499.0455017089844,499.2516374539931,495.22691267472,495.81590190341007,4279000
2024-08-16,500.0959167480469,500.74377201713133,497.34731003419483,497.5338238095264,3449300
2024-08-19,504.9059143066406,504.9059143066406,499.71306640280756,500.49836549334003,3804300
2024-08-20,504.0715026855469,506.01512825549986,502.84445423694524,504.483774188224,3156000
2024-08-21,505.83843994140625,507.1734542726193,503.43341300175877,505.023662996331,3344100
2024-08-22,501.74505615234375,508.1257084987814,500.73396936342857,507.5563412056606,3677100
2024-08-23,507.1734924316406,508.04716537134226,502.84449154614725,504.88631709216924,5102800
2024-08-26,505.9267883300781,508.7735046359143,504.4445042939956,508.1354754241018,3398600
2024-08-27,506.6041564941406,507.1048018564145,503.7377281286662,504.8175667313782,3031800
2024-08-28,503.70831298828125,506.75136924661496,500.7928446075243,506.32927176010264,3940400
2024-08-29,503.7868347167969,508.57723651734005,502.72664811124105,505.53412050248915,3487100
2024-08-30,508.5281677246094,509.058291048293,502.71688251506544,505.9562787336009,5637700
2024-09-03,498.2405700683594,505.9660623697302,495.8257470901164,505.6617567486086,5866400
2024-09-04,497.0037536621094,500.1744580335884,495.7472570922268,496.39514234880954,3601400
2024-09-05,495.77667236328125,499.59526173950223,493.60725896652445,497.0626168165061,3425600
2024-09-06,487.5210876464844,497.63195488123233,486.69648472656,496.06132687539366,7411400
2024-09-09,493.0084533691406,494.1275059962758,489.59233964326467,491.4083773707324,3656800
2024-09-10,495.0404357910156,495.4429112946436,490.32858152502206,494.6968861761585,2975400
2024-09-11,500.105712890625,501.0677297342999,487.138272257942,495.050278877784,5956900
2024-09-12,504.4052734375,504.6997530748033,498.7313727960713,500.72409822778826,4092900
2024-09-13,507.0851745605469,508.02756940090546,504.7881133497573,504.98445309747524,4416600
2024-09-16,507.8507995605469,508.0864431962287,505.2004227825095,506.85939471955345,4256300
2024-09-17,508.0864562988281,511.17858259110403,506.0348048305493,509.90246412534833,8150000
2024-09-18,506.4372253417969,513.132008861945,506.005301891643,508.66556449537217,6921300
2024-09-19,515.2720336914062,516.9310057808678,512.6020047198014,515.242615680791,5558400
2024-09-20,514.2608642578125,515.2817468915572,511.55153197904417,513.8976627479962,5612700
2024-09-23,515.5272216796875,516.1751368270507,514.2118592656677,515.3603598630233,29289200
2024-09-24,517.009521484375,517.1666172461506,513.7701253928715,516.3518402574448,4650600
2024-09-25,515.9591674804688,517.6181394882489,515.0168325554673,516.9408063036645,35418000
2024-09-26,518.0108032226562,520.1900125848978,515.8413599201872,519.9446028865656,5273900
2024-09-27,517.3402099609375,519.6936506487082,516.2964333527217,519.0240637775081,5598600
2024-09-30,519.5951538085938,519.8807544608405,514.1990323941735,516.2964422346845,8013000
2024-10-01,514.7406005859375,519.0338659192496,512.2690010175648,518.9747864917691,9198700
2024-10-02,514.8292846679688,515.8336350032034,511.6290185767367,513.8642404855223,3270600
2024-10-03,513.8544311523438,515.7450330137334,511.86532350684195,513.5786870782091,4008000
2024-10-04,518.5907592773438,518.955092401537,514.3072907695295,518.1082072063858,5354400
2024-10-07,513.9232788085938,517.6749726606348,512.8401359509694,517.1038915690165,3970500
2024-10-08,518.7876586914062,519.3095770186451,515.4889473476901,516.2964062061026,2626700
2024-10-09,522.3326416015625,522.9037828057103,518.2559807705255,518.807408798312,2941800
2024-10-10,521.456298828125,522.775819652214,520.0088226483319,521.1707582480637,3637600
2024-10-11,524.55810546875,525.2670586561253,521.2889033131654,521.3972055888224,5429200
2024-10-14,528.851318359375,529.7473663430533,525.798721059824,526.0744651170455,2638900
2024-10-15,524.8238525390625,529.3830050193025,523.6816303227246,529.1565439137428,4811300
2024-10-16,527.0296020507812,527.5318072346914,524.0755104759186,524.7746671183824,3237200
2024-10-17,527.1083984375,530.5154723813738,526.9607299183853,530.3776003492821,3225300
2024-10-18,529.1368408203125,529.8655070878592,527.3643979882257,528.683918600564,5070400
2024-10-21,528.3196411132812,529.3830708638552,525.5427876733712,528.5066758925163,3671400
2024-10-22,527.9552612304688,529.0581774646578,525.3064231731743,525.9366438495247,3366600
2024-10-23,523.1400756835938,526.5372327803782,519.939809936485,526.1040237301761,5227800
2024-10-24,524.3217163085938,525.0208729931076,521.9289092011797,525.0110164044149,4477800
2024-10-25,524.1148681640625,529.0383534771414,523.2778396001556,526.4683085679876,4327200
2024-10-28,525.74951171875,527.3742861377351,525.5033374189733,527.3349198861839,3408000
2024-10-29,526.5865478515625,527.6204679050284,523.6127430358041,524.9617734095817,3027600
2024-10-30,525.0010986328125,527.9946163912555,524.439874154248,526.1728906288043,3067000
2024-10-31,514.6716918945312,521.1313034136526,514.5141667799356,520.9934914763129,7972800
2024-11-01,516.9069213867188,520.9835819888199,516.5130184885002,517.1235259099382,6106900
2024-11-04,515.784423828125,518.2265139540754,514.041550509334,517.0251520185151,3681500
2024-11-05,521.9879760742188,522.0569120922574,516.4539824657015,516.6903001840348,3300300
2024-11-06,534.9859619140625,535.8131339836445,529.9344606099595,533.3612476397756,7483300
2024-11-07,539.1512451171875,540.0866593040124,536.8076611541286,536.8765370637984,6051300
2024-11-08,541.5343017578125,542.8045396609213,539.6732094035344,539.6830659928937,6798000
2024-11-11,541.9773559570312,543.2869599433791,540.4510272357238,542.9915628074039,4893100
2024-11-12,540.3524780273438,542.5089668585051,538.0679737782627,541.9673955294564,4818600
2024-11-13,540.6283569335938,542.450022795247,538.5998229130552,540.7563122823057,3701600
2024-11-14,537.191650390625,541.1600086710558,536.5417767296585,540.6971697675967,3940300
2024-11-15,530.2594604492188,534.2671854032849,528.536240289913,533.8339162163277,7360100
2024-11-18,532.4553833007812,533.6370321509274,529.9149073892978,530.6730834863729,4494500
2024-11-19,534.3952026367188,535.054932957306,528.6839706813164,529.2747649831633,6978400
2024-11-20,534.592041015625,534.7594226822151,529.215573601569,534.4738821802513,3949100
2024-11-21,537.2901611328125,538.6982708288807,531.7758210959372,537.231081708542,4530600
2024-11-22,539.0921630859375,539.6633043070516,537.0243229455975,537.4674487188558,5574600
2024-11-25,540.8251342773438,543.9269539836502,538.8262305452754,542.7650186923884,4305000
2024-11-26,543.8580932617188,544.3602984361747,541.4357165795208,542.0757937824834,4438600
2024-11-27,542.125,543.9270125998162,540.707033710187,543.5921891267288,3312200
2024-11-29,544.980712890625,546.2115844708725,542.6371285937415,542.8537331433125,3988700
2024-12-02,546.516845703125,547.0682737745815,545.413989560212,545.87676843217,5441000
2024-12-03,546.6448364257812,546.9303769869761,545.3154591003619,546.3100129220102,4202900
2024-12-04,550.0912475585938,550.3275652658248,547.6590142691908,548.3089480652225,5490300
2024-12-05,549.175537109375,550.8494743905665,548.9293627914171,550.0814417711372,3021600
2024-12-06,550.2684936523438,551.3910628787769,549.5398273443196,549.9238135734491,5134900
2024-12-09,547.4029541015625,550.3176792374908,546.8810958762028,550.1601541414793,4412300
2024-12-10,545.8472290039062,548.3581949048565,545.0988494974883,548.0627977578887,4110100
2024-12-11,549.98291015625,550.8297352534422,548.1414712525685,548.3975021194273,3514400
2024-12-12,547.1470336914062,549.65799957923,547.1174639262896,549.1360812046911,4048600
2024-12-13,547.1076049804688,549.618570857473,545.719208352386,548.9785537286709,4666900
2024-12-16,549.2542724609375,550.2488263268185,547.9052419996391,548.6043987026724,22846800
2024-12-17,546.9500122070312,547.8756298782937,545.807729922763,546.969665280111,6110900
2024-12-18,530.8897094726562,548.9983069958306,530.2890585521625,546.802391178132,24584900
2024-12-19,530.6926879882812,536.7583960285048,530.4071474492761,535.3699994821861,16792100
2024-12-20,536.6993408203125,541.130478225008,527.6499711386772,528.3983506276538,9389400
2024-12-23,540.5411987304688,540.7091162099724,533.754679643226,536.7083390636657,7063400
2024-12-24,546.1027221679688,546.181766974605,540.8868502133581,541.4005510162119,3439300
2024-12-26,546.0927734375,547.2386516857365,543.2378755130591,544.5023511048515,4492000
2024-12-27,540.4324951171875,542.9416100911947,536.5996358381383,542.6946478195731,7077100
2024-12-30,534.4163818359375,537.4787496884112,530.8700379492883,533.9916140321794,6505100
2024-12-31,532.262939453125,536.4711860154097,530.8700988342451,535.8587244333751,6040800
2025-01-02,530.9293212890625,536.9353995267231,527.3038722113171,535.4339101140656,7142700
2025-01-03,537.7849731445312,538.2591213295436,532.6481467306834,533.6261075090279,6416300
2025-01-06,540.91650390625,544.7295867149661,539.1877680931589,541.6178984275143,5983400
2025-01-07,534.831298828125,542.9217845236544,533.0038023014529,542.6452181571798,5383200
2025-01-08,535.552490234375,536.4020259339176,531.5418255645473,534.7424467905599,4317000
2025-01-10,527.4027099609375,532.2036415656845,525.5356609056969,532.1641493118841,7935200
2025-01-13,528.0842895507812,528.4102362812093,522.5918519983678,522.967239409327,5621000
2025-01-14,528.7560424804688,531.3738060409526,525.3479515194086,530.7910089205702,8820000
2025-01-15,538.4271240234375,539.4940179021722,535.1771222859164,536.2440161646512,5307300
2025-01-16,537.6270141601562,539.8694510346418,536.7873664963015,539.7113614055575,3632800
2025-01-17,542.7835693359375,544.4233722558218,541.0251690581309,542.2500922526145,6558700
2025-01-21,547.7227783203125,547.7227783203125,543.8108745741129,545.6087669895801,5301700
2025-01-22,550.83447265625,552.138440586236,549.965160702926,550.4195929537377,4780000
2025-01-23,553.886962890625,553.886962890625,550.0343275582278,550.2714016783408,6217900
2025-01-24,552.2174682617188,554.8352318840543,551.2395074179414,553.9462039776735,3612100
2025-01-27,544.5320434570312,544.6901330783796,540.1855435663423,540.2843043595416,7617400
2025-01-28,549.0958862304688,549.8862137281786,542.5464420157728,545.5890340600918,4164700
2025-01-29,546.6854858398438,548.7501167687154,544.2751318801,548.424109718153,4174500
2025-01-30,549.5404052734375,551.0024628426007,545.6680539443307,548.6217129075114,4296500
2025-01-31,546.6065063476562,554.0746424072779,545.9940447885657,551.8322058739351,6233900
2025-02-03,543.0206298828125,545.2531783623799,536.3822529748279,538.3678391941515,7824000
2025-02-04,546.626220703125,547.100429223299,542.556287641614,543.0206080248129,4181400
2025-02-05,548.86865234375,548.9773012624718,543.7219373875864,545.6285390012484,3424200
2025-02-06,550.8443603515625,550.8740247627633,547.4560454811386,550.5183532959477,3606300
2025-02-07,545.490234375,552.4051774322511,545.0851825172764,551.3185073471434,10161600
2025-02-10,549.3922729492188,550.0146226738316,547.5054475004655,548.6908784184669,3517600
2025-02-11,549.8861083984375,550.3503684355671,547.2583965882839,547.3670454956743,2752900
2025-02-12,548.0685424804688,549.165040482456,543.7022664544098,544.3048399192652,3579500
2025-02-13,553.8572387695312,554.0647087490236,547.959809640179,549.1155759978913,3388500
2025-02-14,553.8770141601562,555.0327805160285,553.2645526523597,554.0844841393183,3380600
2025-02-18,555.4774169921875,555.4774169921875,552.6916753351705,554.973604311495,3844900
2025-02-19,556.8209228515625,557.0678851432109,553.7191222915404,554.2031587362068,3857600
2025-02-20,554.4796752929688,555.6453299695133,551.4370832512542,555.5564573168868,4446800
2025-02-21,545.0457153320312,554.3809009473965,544.571567080223,554.2820798659222,6148700
2025-02-24,542.4674072265625,547.7721514636128,541.8450575412311,546.8830632578486,4772300
2025-02-25,539.7705688476562,543.0897874539279,535.58209855392,542.5069299896343,5491500
2025-02-26,540.1064453125,544.6505266334785,537.6368227916381,541.3511447099773,4180800
2025-02-27,531.43310546875,543.1984209975662,531.0676061568121,542.1611915908907,5521400
2025-02-28,539.6915283203125,540.244721315021,529.0721522143695,531.8776094398505,7328100
2025-03-03,530.3958740234375,542.6155614641715,526.770485035803,541.5388398067154,7290000
2025-03-04,524.0045166015625,531.7393911905449,519.7666057835498,526.5827880333838,10477400
2025-03-05,529.8822021484375,531.2552663691079,520.5272412172229,523.8069069741879,6221700
2025-03-06,520.2704467773438,526.9483160600154,517.8502045252245,522.7598456987832,7228900
2025-03-07,523.0758666992188,524.4292148325501,513.8098394415059,518.5218978624321,7308300
2025-03-10,509.2460632324219,517.3365492019306,504.62290685930265,515.55843300618,11176900
2025-03-11,505.0674743652344,511.24156123692023,501.36304033027966,508.08043213505437,11208900
2025-03-12,507.5173645019531,511.44898463562356,502.91398406710357,510.60933701598344,8590600
2025-03-13,500.8888244628906,507.8136556146684,499.2786559127235,507.2703507222097,21650000
2025-03-14,511.1723937988281,512.1206903039467,504.63280773026116,505.06746372628095,7412300
2025-03-17,515.0742797851562,517.4748057234152,510.79693736510376,511.1624366426877,6269800
2025-03-18,509.64117431640625,513.2073551922092,507.82356583783667,513.0097733244897,6010600
2025-03-19,514.9953002929688,518.5811967374599,510.1449282753891,511.25131425508465,5373900
2025-03-20,513.8099365234375,518.2453691569285,511.03408307591843,511.66632094491393,6029700
2025-03-21,513.9383544921875,514.6199727458982,508.40636365661,509.522637902448,5059000
2025-03-24,522.9573974609375,523.9452464626007,519.4900378181367,520.0827231017273,22376300
2025-03-25,524.2020874023438,525.1404957021964,522.6807613793495,524.1428188750529,6260200
2025-03-26,518.0873413085938,524.9528440619171,516.7438207597802,524.1131964757402,4410200
2025-03-27,516.6619262695312,520.1016178947806,514.6991626725652,516.7411846250698,5534900
2025-03-28,506.3426818847656,515.9184213728878,505.70828233714,515.2245175617469,5831800
2025-03-31,509.425537109375,510.83318959203325,498.2539215344847,500.90060587446084,8196700
2025-04-01,511.2990417480469,512.8355041211018,504.4394436196811,507.88905727048245,7697000
2025-04-02,514.3819580078125,516.9394618351629,505.48033696477086,505.6885262829775,6308600
2025-04-03,489.8478698730469,499.26497107368533,489.19362552790204,496.62817910735345,16226000
2025-04-04,461.4577941894531,479.08264212513336,460.1889648648284,477.08027982805794,30966500
2025-04-07,459.514892578125,476.5648144939119,438.9360382602086,445.61724442148136,31285300
2025-04-08,452.75439453125,478.2796953773555,445.6767151923528,475.49421836531945,19002700
2025-04-09,494.7447814941406,497.67894360145067,449.20565868956226,449.53276574745655,29286600
2025-04-10,477.8534851074219,486.0215722141904,464.243283817939,484.88161330021615,16651300
2025-04-11,486.26934814453125,488.6979810433298,473.8288741150338,476.4954030442769,11541200
2025-04-14,491.1563720703125,495.8946598052031,486.4081619166348,495.6864705183345,7701500
2025-04-15,489.77850341796875,494.91329481076025,489.11436686494386,491.7015771483047,8200600
2025-04-16,479.0132751464844,487.4787320749711,474.056905878682,484.3859624920668,6374900
2025-04-17,479.6773986816406,483.9002348637186,477.29834754785674,480.5596469080012,5638900
2025-04-21,468.2480163574219,475.30588121878014,463.2519877612392,474.8399813065192,7762500
2025-04-22,480.0640563964844,482.2349487068554,473.026005496499,473.89833138850116,6236300
2025-04-23,487.776123046875,496.8066131593746,486.41808273369134,492.35580332247525,8047600
2025-04-24,498.0259094238281,498.6107573778755,487.92482625286993,488.9557595496154,6184300
2025-04-25,501.693603515625,502.10002943222764,495.3891162269271,498.05564535568453,6933400
2025-04-28,502.00091552734375,504.3006478642491,496.58853853513,502.3874965974864,4210000
2025-04-29,505.0440979003906,506.0948457482734,499.8597550899236,500.1373105544346,6525500
2025-04-30,505.29193115234375,507.03658283821744,493.4164895895997,498.86849585667727,7873700
2025-05-01,508.8703918457031,513.9160022160769,508.2954965913198,510.63488828843447,5784500
2025-05-02,516.166259765625,517.8513770115861,512.3795861668541,514.5901076266572,6285400
2025-05-05,513.469970703125,516.3049996078606,511.7650085934436,512.5679380525487,4793500
2025-05-06,509.09844970703125,513.3113636430429,507.4727460440511,508.4144683184942,4694300
2025-05-07,511.398193359375,513.6582662316024,506.64006082217736,510.4267038637424,5460000
2025-05-08,514.8082275390625,519.6555110570382,511.8442676770843,515.0064339222881,5088200
2025-05-09,514.124267578125,517.0782446412209,512.8454854380793,516.1464446914268,4739500
2025-05-12,531.2434692382812,531.2434692382812,525.7617562628097,529.8358773001077,7793600
2025-05-13,534.7327880859375,536.7549650347337,531.104752280218,531.6499408176204,7356800
2025-05-14,535.3968505859375,536.6954167783211,533.5431735136619,535.6545914413423,5031300
2025-05-15,538.0238037109375,538.5095182163107,533.1467533168634,533.5630713925327,7362200
2025-05-16,541.4932250976562,541.7013538699605,536.9730190779994,538.7275325280139,7255300
2025-05-19,542.0484008789062,542.6729082756738,535.8628614276449,535.9124130220988,7766100
2025-05-20,540.1253051757812,541.2950010691892,537.2605092024265,540.4623044064377,7158200
2025-05-21,531.0947875976562,539.9369330263775,530.1530653793247,536.1898889900331,6339500
2025-05-22,531.3426513671875,534.5246018413654,529.7764216758837,530.9262727703801,5816600
2025-05-23,527.7542114257812,530.1431547355588,524.4928818026269,524.810096688613,6455900
2025-05-27,538.5988159179688,538.7772379690934,532.4925344897529,534.0190745955265,6118100
2025-05-28,535.5257568359375,540.1451267013113,534.9012494914662,539.0447667832817,4910500
2025-05-29,537.587646484375,540.5218388879958,534.0388691283658,540.3929684461187,4659500
2025-05-30,537.032470703125,538.6482517384467,531.4813014613144,536.6260145885706,6171500
2025-06-02,540.155029296875,540.155029296875,533.1070864528284,535.5357195861693,5933500
2025-06-03,543.2181396484375,544.0805431686233,539.3422850176937,539.7784479878788,4993600
2025-06-04,542.8711547851562,544.8537025093748,542.6629654931935,543.9615318324544,4543400
2025-06-05,540.3334350585938,545.8250698531843,538.5987059959333,544.6850808395595,6372100
2025-06-06,545.8547973632812,547.5003457324408,543.9119394608454,545.497953320289,4736000
2025-06-09,546.439697265625,547.8770564156325,545.3988718475345,546.4892488564764,4516400
2025-06-10,549.5523071289062,549.8992287645939,545.9341334879238,546.9650969814916,5984100
2025-06-11,548.03564453125,551.3762325554322,546.1026484290911,550.5633807405866,20800600
2025-06-12,550.107421875,550.1569734657926,546.3207485991272,546.7866182561522,8422900
2025-06-13,543.9813842773438,548.4222718808753,542.633205824081,545.4385278337941,7100600
2025-06-16,549.2351684570312,550.8410274267036,547.0543536517474,547.1237500890247,7421300
2025-06-17,544.5562744140625,548.333025425695,543.852508690414,546.9749850686615,4753300
2025-06-18,544.447265625,547.8870175096597,543.6047070133916,545.3592206697201,4602300
2025-06-20,542.9404907226562,547.8968600332884,541.8501136753392,546.905586171162,9978500
2025-06-23,548.53125,548.8683097097753,540.9876709775266,543.8722510857576,9820200
2025-06-24,554.5582885742188,555.5396400823059,551.5150703556442,552.3179998170391,6770000
2025-06-25,554.8358154296875,556.1245199415973,553.4679130677265,555.6288829762656,16472300
2025-06-26,559.2271728515625,559.6236460944064,556.0650068150547,556.6201177570802,6081400
2025-06-27,562.0027465820312,563.370709396633,558.295391897045,560.1787759950432,6056500
2025-06-30,564.8117065429688,565.9253560347773,562.1766965355931,564.2846802657554,5750600
2025-07-01,564.5531616210938,565.5772943130643,562.5942916419095,563.3499953622305,7412700
2025-07-02,567.0588989257812,567.1086641933864,563.5986349041015,564.1554596971229,6164000
2025-07-03,571.9609375,572.4084000655041,568.8884785496117,568.9381831259236,4837000
2025-07-07,567.3770751953125,570.34023265111,564.7619711549579,569.7535487161342,6417800
2025-07-08,566.9992065429688,568.5901777750566,566.2534558468063,567.9140377599244,6944600
2025-07-09,570.3600463867188,571.0063879156759,567.5262180906509,569.2165984292465,7156500
2025-07-10,572.0305786132812,572.9951144781767,569.4552866677095,570.5291847441787,4961700
2025-07-11,569.9722900390625,571.1257518368241,568.132795821965,569.2066938810723,4428900
2025-07-14,571.0958862304688,571.4240335455327,568.3416214626598,569.6043847666239,4747000
2025-07-15,568.6199951171875,573.8899547404444,568.6100420639461,573.5817135367072,5399000
2025-07-16,570.4893188476562,571.006392074588,564.9508698316273,570.1512791910823,6141200
2025-07-17,573.9098510742188,574.3772197431613,570.548996360714,570.7677814602514,6495300
2025-07-18,573.6513061523438,575.2223712812718,572.5774688443802,575.1925121224881,4262400
2025-07-21,574.675537109375,577.2409366690971,574.3175913166746,574.7053355807578,5913800
2025-07-22,574.675537109375,575.5605092268993,572.3786272388537,575.0036844306926,4767700
2025-07-23,579.5576782226562,579.6571480667276,575.590294057537,577.280674513253,4257300
2025-07-24,579.9554443359375,581.4369927602507,579.4184649627472,580.035008074438,3840900
2025-07-25,582.2622680664062,582.7196229809774,580.2835526159447,580.5022770204185,4210100
2025-07-28,582.1231079101562,583.177099900134,580.9298945448685,582.7196842481237,4193100
2025-07-29,580.6116943359375,583.7538248554031,579.8162389969906,583.4952882151412,5053400
2025-07-30,579.9057006835938,582.829045810669,577.2607375884871,581.3474367968366,6974700
2025-07-31,577.7280883789062,584.8275885913824,576.5547812811058,584.4995019948527,7046800
2025-08-01,568.2123413085938,572.4780135581487,566.0645452593706,572.4680605049679,8781300
2025-08-04,576.8530883789062,576.9226990593714,571.821759483875,571.9112155806541,6640100
2025-08-05,574.0789184570312,578.2054303266774,573.1343493665354,577.4994310829265,4647400
2025-08-06,578.3446044921875,578.9710399429853,574.1385292240667,574.9737967215798,4545000
2025-08-07,577.99658203125,582.2026575245955,575.0334851423228,581.5563159330202,4594300
2025-08-08,582.42138671875,582.848943202314,579.2991623250759,579.6273096503606,4342300
2025-08-11,581.2281494140625,584.0321794205664,580.1344059606674,582.709758498944,5373900
2025-08-12,587.4328002929688,587.6117731700517,582.1130757962902,583.4256042509097,5851900
2025-08-13,589.4811401367188,590.6644003150951,587.4626124897578,589.5009855528509,5393000
2025-08-14,589.4910278320312,590.1473224141533,587.1543666519995,587.5719700383119,6236700
2025-08-15,588.2183227539062,590.5848431369229,587.3134445954516,590.4953263506237,7196300
2025-08-18,588.009521484375,588.6658161133237,587.0052341235611,587.6316695923985,5311700
2025-08-19,584.7978515625,588.7652358099382,583.6145912878824,587.9001698021217,6739300
2025-08-20,583.256591796875,584.6685294157126,578.5533496027183,584.4796034837358,7113600
2025-08-21,580.959716796875,583.1373113261384,579.3489000973485,581.6159507269473,4807300
2025-08-22,589.8490600585938,590.9527565438972,582.5208212704941,582.9483777281517,6389300
2025-08-25,587.353271484375,589.8689056549586,587.2040970665975,588.6955984869797,6483000
2025-08-26,589.6998901367188,590.067788967958,586.4483975958944,587.0350815288523,4776600
2025-08-27,591.0521850585938,591.7681373220745,589.0834225403846,589.1629862784048,6171400
2025-08-28,593.1403198242188,593.6871915548227,589.9087333286917,591.6985229421906,5058700
2025-08-29,589.7197875976562,592.1757641209703,587.9001388851298,591.8675229239278,7512000
2025-09-02,585.3745727539062,585.4640288556581,580.3630889966092,582.7395625599719,11116700
2025-09-03,588.367431640625,588.8745518170082,585.4441472155382,587.4626141789571,8205900
2025-09-04,593.2099609375,593.3889338390954,588.2481815154114,589.1132475511325,8045600
2025-09-05,591.5891723632812,596.2028375113763,588.099049169208,595.5167443989571,6641500
2025-09-08,593.1204223632812,594.0252398919042,591.6587800425785,592.9314964147533,9472200
2025-09-09,594.5621948242188,594.9797982287735,591.6388496136398,593.2297601857944,7844800
2025-09-10,596.2823486328125,598.3406277884415,594.7709411702801,597.5153133777854,21641100
2025-09-11,601.1447143554688,601.8009483112475,597.48557129658,598.0224899876716,9109700
2025-09-12,601.0154418945312,602.5466949070278,600.5282277855256,601.1646163190375,8130500
2025-09-15,604.1475830078125,604.3265558928599,602.7654438134858,603.0338727963833,7710700
2025-09-16,603.35205078125,604.972820445287,602.6262062076754,604.7142838329603,6393200
2025-09-17,602.6561279296875,604.883427145041,598.1418111766942,603.4018786860435,11613600
2025-09-18,605.4899291992188,607.8464966277915,603.6305289191104,605.1021242579728,11057500
2025-09-19,608.3138427734375,609.1987541410208,605.4003899847261,607.16038104569,6065700
2025-09-22,611.2769775390625,611.734332486025,607.0510566703133,607.06100972383,11583800
2025-09-23,608.0751342773438,611.7740891781633,606.8819817506393,611.2272174885329,10753000
2025-09-24,606.0467529296875,609.2683863358677,604.7441774305381,609.1590241288386,23787300
2025-09-25,603.1532592773438,604.4856332301953,599.9315652221774,603.1830577473652,6965700
2025-09-26,606.7030029296875,607.2399823045055,603.1333767013826,604.5851266590024,6438600
2025-09-29,608.408203125,609.9538168146053,606.762835120086,609.0663138092174,5658800
2025-09-30,610.65185546875,611.1304814223963,606.5534685833694,607.7101682589858,6515700
2025-10-01,612.835693359375,613.6533866263884,607.849803338256,607.9794413478384,10020000
2025-10-02,613.5137329101562,614.7402423108704,611.2900455607868,614.670432550915,7139500
2025-10-03,613.5635986328125,616.674789059916,612.55643913542,614.2117886646731,7210700
2025-10-06,615.65771484375,616.5352363432314,613.7430892832919,615.7175430885821,6056400
2025-10-07,613.4638671875,616.9938551057744,612.0877567919383,616.5550943874372,7466300
2025-10-08,617.0238037109375,617.1534417101326,613.7231472159369,614.4809513135795,5035200
2025-10-09,615.3585205078125,617.84154485691,613.5437101040723,617.4825145204802,5898500
2025-10-10,598.8153686523438,617.8514625298008,598.5361295990145,616.2460205619025,13664200
2025-10-13,607.8896484375,609.3056849779514,604.8682308333726,605.6559795199996,6968400
2025-10-14,607.0321044921875,610.4125525025372,598.8153675509674,602.4949567872518,7493500
2025-10-15,609.7045288085938,614.4710687969058,604.1103749130206,611.3399153130877,6504900
2025-10-16,605.6759643554688,613.065026608591,602.4351358323087,611.3797933420311,7594800
2025-10-17,609.0364379882812,610.2928919918451,603.3923764901953,604.628928320771,6911000
2025-10-20,615.4282836914062,616.2659399291223,611.7786392610752,611.7786392610752,4086200
2025-10-21,615.3485717773438,616.9938788873429,614.2416579901371,615.5878847487681,4216200
2025-10-22,612.2373046875,616.0864577544928,608.1090343116314,616.0864577544928,6961600
2025-10-23,615.6975708007812,616.7246324654526,612.2572946173415,612.5165706286896,5851800
2025-10-24,620.7931518554688,622.0296428376574,619.4569674184256,620.164924846306,5694900
2025-10-27,628.2221069335938,628.5112666277245,625.3900947829738,625.968475034147,7804300
2025-10-28,629.9073486328125,631.6025633391333,627.863145985299,629.927311668165,5625600
2025-10-29,630.1666259765625,632.3404666326501,626.0981228453509,631.4230799481803,6104500
2025-10-30,623.4755249023438,628.8503286011702,623.3359053837717,627.035457448466,6243300
2025-10-31,625.2704467773438,628.1622872095131,622.737636666961,628.0625937585746,7058600
2025-11-03,626.4970092773438,628.7605618340095,623.3957396012149,628.6409053492039,5568100
2025-11-04,619.237548828125,623.4057455130561,618.449800128511,619.8957203832224,8390500
2025-11-05,621.1022338867188,624.2333872092119,618.0808163928704,618.8386813614137,10323100
2025-11-06,614.5009155273438,621.0324187716259,613.0849399136996,620.2048049141433,7099400
2025-11-07,615.1491088867188,615.2787468868712,606.2043911907548,612.3570228505718,7571300
2025-11-10,624.7020263671875,625.4399891576033,618.9084250490456,620.9327254539305,8425000
2025-11-11,626.1380004882812,626.7163807600025,622.3088711170228,623.3957610351957,5639200
2025-11-12,626.4470825195312,627.9927569829758,624.3330702021078,627.8731005018319,6090200
2025-11-13,616.2459716796875,624.2533395737732,614.770167837483,623.9042907847992,13065800
2025-11-14,616.0864868164062,619.4668739039655,608.1090629972355,610.0236276722206,9681700
2025-11-17,610.3128051757812,617.7019282870357,607.0919396909817,614.0023759723429,8902500
2025-11-18,605.2870483398438,609.7843308752952,601.2983363244247,607.0021652922746,8542600
2025-11-19,607.4808349609375,611.8384978456554,603.9607674925649,605.8055832653334,7449400
2025-11-20,598.2669067382812,619.3771469668188,597.6685634485882,616.9739140162726,13985000
2025-11-21,604.2200317382812,609.2857127977412,596.6913503410358,600.5504241627623,9821400
2025-11-24,613.20458984375,614.3513687918355,606.5932953943952,607.5605896212248,6242700
2025-11-25,618.908447265625,619.9953980241507,609.2657534123575,613.04509684152,7389500
2025-11-26,623.1864013671875,625.041137834417,620.5039901208723,621.3017203458503,5323200
2025-11-28,626.6365966796875,626.8560074871706,623.9442647851458,624.2633690469028,2953200
2025-12-01,623.7547607421875,626.2377240597434,622.3387242546335,622.4085340135617,9191600
2025-12-02,624.811767578125,626.995589690376,622.8572769148013,625.2405467866423,5280600
2025-12-03,626.99560546875,628.00276494655,623.1863783574937,624.004071588352,6338400
2025-12-04,627.5240478515625,628.4015692831588,624.7119988361619,628.3517225601405,5147700
2025-12-05,628.7007446289062,631.1936895443081,627.7035666627454,628.5212598985469,5693100
2025-12-08,626.8359985351562,629.6879127831298,624.9314154850509,629.5782378188794,6876700
2025-12-09,626.3274536132812,628.4315453690031,625.8886928754664,626.4072448918602,12849000
2025-12-10,630.3759765625,631.7222032923954,624.7020316782604,625.8587921660036,22457400
2025-12-11,631.9216918945312,632.0812135947486,625.4998631440401,628.2221396062009,33921000
2025-12-12,625.1009521484375,631.6424372281339,622.7176821817394,631.0142102350223,8534700
2025-12-15,624.1935424804688,628.7805367860499,622.8074504984702,628.7805367860499,11337200
2025-12-16,622.448486328125,624.4527629350972,618.898535167976,622.7874927567435,15819600
2025-12-17,615.6077880859375,623.8744323108245,615.4183218393827,623.4256900570984,21356900
2025-12-18,620.2546997070312,624.1736019573118,618.818760947447,621.2917429200417,37062400
2025-12-19,625.7890014648438,626.3574002086103,622.0994308206766,622.2190873074787,10487000
2025-12-22,629.72998046875,630.27001953125,627.7999877929688,628.969970703125,9850100
2025-12-23,632.6699829101562,632.8800048828125,628.9199829101562,628.9400024414062,13798500
2025-12-24,634.780029296875,635.3200073242188,632.5399780273438,632.6699829101562,3275200
2025-12-26,634.8400268554688,636.0800170898438,633.8800048828125,635.1400146484375,3852100
2025-12-29,632.5999755859375,633.7899780273438,630.9500122070312,632.2999877929688,6579400
2025-12-30,631.719970703125,633.2100219726562,631.4099731445312,632.2000122070312,4180400
2025-12-31,627.1300048828125,632.1400146484375,626.9400024414062,631.9400024414062,5556800
2026-01-02,628.2999877929688,631.6599731445312,625.2100219726562,630.6400146484375,11337000
2026-01-05,632.4600219726562,634.0399780273438,631.22998046875,631.3800048828125,16175600
2026-01-06,636.2100219726562,636.6799926757812,632.530029296875,632.6400146484375,8672000
2026-01-07,634.1699829101562,638.219970703125,633.9299926757812,636.5800170898438,8820100
2026-01-08,634.0599975585938,635.0999755859375,632.239990234375,633.47998046875,9017400
2026-01-09,638.3099975585938,639.4400024414062,633.7999877929688,635.1500244140625,7864100
2026-01-12,639.3400268554688,640.1599731445312,635.1599731445312,635.1900024414062,7929800
2026-01-13,638.030029296875,640.1500244140625,635.8200073242188,639.6799926757812,8860000
2026-01-14,634.9400024414062,636.1199951171875,631.0,635.489990234375,8683400
2026-01-15,636.6199951171875,639.5800170898438,635.7000122070312,638.77001953125,6937000
2026-01-16,636.0900268554688,638.510009765625,634.6799926757812,637.9600219726562,6733700
2026-01-20,623.1500244140625,629.760009765625,622.219970703125,626.760009765625,14877600
2026-01-21,630.2899780273438,633.4000244140625,623.6500244140625,625.02001953125,10403800
2026-01-22,633.5700073242188,635.6199951171875,631.75,634.4299926757812,6085500
2026-01-23,633.8300170898438,635.469970703125,631.969970703125,632.8800048828125,5850400
2026-01-26,637.0900268554688,638.3900146484375,634.52001953125,635.030029296875,9007400
2026-01-27,639.7000122070312,640.5999755859375,637.8699951171875,638.4199829101562,4339600
2026-01-28,639.5999755859375,641.8099975585938,638.219970703125,641.0499877929688,5568700
2026-01-29,638.27001953125,641.0399780273438,629.8200073242188,640.4299926757812,8697200
2026-01-30,636.219970703125,638.4500122070312,631.9500122070312,636.25,6562300
2026-02-02,639.6799926757812,640.9600219726562,634.0700073242188,634.1799926757812,9490300
2026-02-03,634.1500244140625,641.0,629.1099853515625,640.3300170898438,9702800
2026-02-04,630.9099731445312,635.9199829101562,627.0,634.9299926757812,11322000
2026-02-05,623.0999755859375,628.75,621.5,626.239990234375,11714700
2026-02-06,635.239990234375,636.719970703125,626.2000122070312,626.719970703125,12987900
2026-02-09,638.22998046875,639.989990234375,633.1099853515625,634.0700073242188,8908500
2026-02-10,636.4400024414062,640.6199951171875,636.0800170898438,639.1400146484375,13645300
2026-02-11,636.3499755859375,641.1500244140625,633.8400268554688,640.489990234375,5345000
2026-02-12,626.489990234375,639.52001953125,625.760009765625,638.510009765625,8951100
2026-02-13,626.8900146484375,631.1699829101562,623.1199951171875,626.9299926757812,9312800
2026-02-17,627.989990234375,629.9299926757812,621.510009765625,625.5399780273438,8718600
2026-02-18,631.1500244140625,633.7999877929688,628.0,629.1099853515625,9509200
2026-02-19,629.530029296875,631.0800170898438,626.8099975585938,628.9500122070312,5212400
2026-02-20,634.02001953125,634.5800170898438,627.030029296875,627.47998046875,7482000
2026-02-23,627.6300048828125,634.6099853515625,625.75,632.6099853515625,10868700
2026-02-24,632.2100219726562,633.0900268554688,625.4000244140625,627.1500244140625,6930300
2026-02-25,637.530029296875,638.0,634.739990234375,634.77001953125,12135200
2026-02-26,633.9500122070312,637.77001953125,629.4299926757812,637.6500244140625,9497700
2026-02-27,631.0399780273438,631.6900024414062,626.9400024414062,628.239990234375,10471100
2026-03-02,631.280029296875,633.3400268554688,623.5999755859375,624.1900024414062,9211400
2026-03-03,625.719970703125,627.7899780273438,615.8800048828125,620.8099975585938,18493400
2026-03-04,630.1799926757812,631.9600219726562,625.0700073242188,626.9199829101562,13417600
