Date,Close,High,Low,Open,Volume
2014-01-02,56.45210647583008,57.29190207414465,56.376386856195666,57.23683230500286,122900
2014-01-03,56.33507537841797,56.60353915895367,56.101036764286384,56.44521490394458,92400
2014-01-06,56.34883499145508,56.527809061362724,56.197395797820974,56.44520443254212,104500
2014-01-07,56.86510467529297,56.878869488181536,56.486506674096255,56.50715651929955,114000
2014-01-08,56.56910705566406,56.81003065116603,56.417667866565544,56.803145619368685,74800
2014-01-09,56.83755874633789,56.89951352164224,56.5071455321077,56.72053947844506,61200
2014-01-10,57.61540603637695,57.9733541653,57.126673813810164,57.236813315552794,209100
2014-01-13,57.078495025634766,57.68425184468109,56.97524054495723,57.68425184468109,99900
2014-01-14,57.133548736572266,57.367587258754554,56.9889946049174,57.18173344712389,56000
2014-01-15,57.07160949707031,57.2161636547641,56.97523480686726,57.14044406000919,134900
2014-01-16,57.3813591003418,57.3813591003418,56.99588140396817,56.99588140396817,59800
2014-01-17,57.374481201171875,57.52592038692525,57.29876160829518,57.40201607601252,71600
2014-01-21,58.02155303955078,58.05596770343592,57.567235361636,57.60165527726292,77400
2014-01-22,58.131690979003906,58.276250432351496,57.98713677739843,58.09039127904295,61100
2014-01-23,57.98024368286133,58.09037794138423,57.64294537148408,58.04219321857904,51500
2014-01-24,57.3813591003418,58.12478487341071,57.3813591003418,57.780606858294334,89000
2014-01-27,57.43644332885742,57.64983207149028,57.24370443206116,57.42955829633154,59700
2014-01-28,57.62228775024414,57.636057813039336,57.33317945242753,57.54656816009119,43900
2014-01-29,57.512176513671875,57.828819812008206,57.40892200836296,57.47775659465481,1252100
2014-01-30,58.496498107910156,58.53779778941308,57.773722171170455,57.821906883503786,48300
2014-01-31,58.90262222290039,59.01964148151535,57.83566833102658,57.952692841381,72300
2014-02-03,58.289981842041016,59.54278945637141,58.22114729764159,59.02652249576703,220400
2014-02-04,57.94583511352539,58.53093693402444,57.75309618458376,58.53093693402444,430500
2014-02-05,57.69802474975586,57.938948403964154,57.56035559070591,57.938948403964154,63900
2014-02-06,58.11103057861328,58.159215303733546,57.62918332741065,57.71178271233615,60400
2014-02-07,58.489620208740234,58.503385020339636,58.145442149610766,58.3244162108454,68100
2014-02-10,58.916404724121094,58.916404724121094,58.16609898584939,58.5515767778612,88600
2014-02-11,59.39136505126953,59.590988955800924,58.8269132442892,58.957702587333316,84600
2014-02-12,59.48086929321289,59.549703871579254,59.1711058129517,59.44644937815886,81400
2014-02-13,60.20364761352539,60.22429746438899,59.3432021492598,59.3432021492598,64400
2014-02-14,60.575347900390625,60.57534790039063,60.0384308842794,60.1967498753167,83600
2014-02-18,60.77497482299805,60.95394892107798,60.657955519221034,60.67860536674151,91300
2014-02-19,60.42389678955078,61.112252880116166,60.3619472622352,60.78872467727201,130800
2014-02-20,60.93327713012695,61.06406646425098,60.35506055098082,60.35506055098082,59600
2014-02-21,61.00212478637695,61.48397199765341,60.960819845595594,61.126029105239574,62900
2014-02-24,60.83692169189453,61.552812801010724,60.830041910851044,61.160449960140824,158800
2014-02-25,60.82314682006836,61.29122918894232,60.67170763429437,60.93328106770556,109300
2014-02-26,60.60976791381836,61.07785035844704,60.53404830867686,60.96771084124441,82100
2014-02-27,60.444557189941406,60.79562032793779,60.25870332379103,60.57534655055088,76800
2014-02-28,60.85756301879883,60.9952321328929,60.451430204263204,60.451430204263204,78300
2014-03-03,60.27933883666992,60.7611859689615,60.16231956907623,60.71988628669076,172100
2014-03-04,60.802520751953125,60.97460984821581,60.63731143828638,60.76810083200361,85500
2014-03-05,60.41014862060547,60.850696219792425,60.32065894306516,60.850696219792425,139900
2014-03-06,60.03842544555664,60.57534241302997,59.886986249245545,60.513392879124936,129300
2014-03-07,60.16922378540039,60.1761035668126,59.54281706194743,59.942064957000426,97600
2014-03-10,60.121036529541016,60.30001063745827,59.900762724312756,60.20364117590477,96200
2014-03-11,59.90762710571289,60.23115529442994,59.71488824904911,60.23115529442994,46900
2014-03-12,60.65107345581055,60.66483827091768,59.7768580218684,59.7768580218684,68600
2014-03-13,61.236148834228516,61.3875879937759,60.68546718793014,60.75430173725,84100
2014-03-14,61.61476516723633,61.75931933957815,61.21551730929737,61.21551730929737,62200
2014-03-17,61.952030181884766,62.02774975002394,61.43576326370239,61.74552131391635,94800
2014-03-18,61.93829345703125,62.151682199405236,61.807504097903426,62.05531275112401,92600
2014-03-19,61.036537170410156,62.007121840647514,60.78184876182288,61.9658169014043,193900
2014-03-20,61.01588439941406,61.02276943091437,60.47208244917536,60.91951496537077,191500
2014-03-21,61.483970642089844,62.03465765861375,61.263696885828395,61.263696885828395,95200
2014-03-24,61.53325271606445,61.84556689149775,61.19317116183811,61.436082775516894,115200
2014-03-25,61.817787170410156,61.921893630877086,61.325022238946175,61.69980231958241,236800
2014-03-26,61.540184020996094,62.03989089516325,61.54018402099609,61.90108578348375,108800
2014-03-27,61.99132537841797,62.0399077101809,61.38057530838737,61.70677323382858,71700
2014-03-28,62.07460403442383,62.15788499576277,61.79004662964539,62.15788499576277,122500
2014-03-31,62.82414627075195,63.025417377815536,62.1509356927362,62.296682640249415,212400
2014-04-01,62.42853546142578,62.900480148537596,62.19950760795893,62.900480148537596,181800
2014-04-02,62.3521842956543,62.53957695864796,62.1023362367858,62.31054383502186,86900
2014-04-03,62.53959274291992,62.69921807901444,62.31055956148848,62.400787642396416,57400
2014-04-04,62.76865768432617,63.46269412826581,62.68537140482538,62.70619165093112,82600
2014-04-07,62.58126449584961,63.21284019760305,62.574327943908756,62.858880130740374,141000
2014-04-08,63.43490219116211,63.518183136404225,62.23421737819313,62.65757983342508,114600
2014-04-09,63.309993743896484,63.57372563837852,62.66453975667227,63.57372563837852,133400
2014-04-10,62.95602798461914,63.754170735984026,62.768640525814156,63.31692980205479,1328500
2014-04-11,62.88664245605469,63.3308253554897,62.77559408365701,62.95604504126431,544500
2014-04-14,63.27526092529297,63.497352233757134,62.8935443018785,63.17809630878205,91400
2014-04-15,64.11505889892578,64.11505889892578,63.36550386635754,63.36550386635754,104100
2014-04-16,64.5800552368164,64.60087547067445,64.06646475796924,64.26773584372155,131400
2014-04-17,63.92765808105469,64.6702764089702,63.80273138593458,64.55922810438582,154900
2014-04-21,63.830528259277344,64.30941506748191,63.55985448813846,64.08731833723719,111200
2014-04-22,63.955440521240234,64.03872148112139,63.615364246547536,63.8721542662828,79400
2014-04-23,64.03873443603516,64.64254799270526,63.97627370348861,64.07343837305704,71400
2014-04-24,64.41349792480469,64.56618673577323,63.740281964666636,64.07342166996855,104000
2014-04-25,65.0520248413086,65.05896139186532,64.45515319867046,64.45515319867046,236900
2014-04-28,65.36434173583984,65.46844824429891,64.80911055410944,65.16307056483949,120700
2014-04-29,65.06591796875,65.5864453125,64.94099119444688,65.46151853819688,127700
2014-04-30,65.17692565917969,65.46147767603362,65.04505711998598,65.14222173989461,136100
2014-05-01,65.42679595947266,65.61418871508475,64.71888130346676,65.23940849893701,102400
2014-05-02,64.21918487548828,65.34352570823482,63.92074902269566,65.34352570823482,122400
2014-05-05,64.7119140625,64.74661797994261,64.07340222412103,64.13586821650287,132000
2014-05-06,64.3996353149414,64.78135214084517,64.36493137846048,64.78135214084517,79700
2014-05-07,65.41984558105469,65.41984558105469,64.58699906730124,64.58699906730124,84000
2014-05-08,64.725830078125,65.48926898753179,64.62866541484107,65.44068665588982,82100
2014-05-09,63.88603591918945,64.80910006392173,63.85133199029471,64.80910006392173,94200
2014-05-12,63.40019989013672,64.10811971326771,63.344675728503795,64.01789162684534,124300
2014-05-13,63.469600677490234,63.81661873542091,63.28221325604082,63.49042620882936,66900
2014-05-14,63.775001525878906,64.16366019810683,63.441867033991336,63.50432776556627,150600
2014-05-15,63.54594421386719,63.95542827012297,63.46959981854959,63.83744340284133,61100
2014-05-16,63.754150390625,63.76802878144682,63.323846144102525,63.67780600341819,76900
2014-05-19,62.8449821472168,63.71252742647117,62.81722006287152,63.71252742647117,150300
2014-05-20,62.86580276489258,63.192000639066734,62.456318637181546,62.78251651135571,92300
2014-05-21,62.85884475708008,63.0462321605098,62.7061559790615,62.935189146089364,93000
2014-05-22,63.38632583618164,63.52513095468993,62.879677092982284,62.94214310286411,52200
2014-05-23,63.282249450683594,63.53210301890488,63.268371050261685,63.282249450683594,51200
2014-05-27,63.788875579833984,64.08730609014586,63.66394884048359,63.85133630197094,102800
2014-05-28,64.17058563232422,64.19140587085761,63.71252449936197,64.0248386675146,67400
2014-05-29,64.20529174804688,64.28163615532172,63.844389950915584,64.2677524657757,73000
2014-05-30,64.69808959960938,64.72585169768881,64.14285822817818,64.27472687028582,87400
2014-06-02,64.628662109375,64.8021711842331,64.51067191421316,64.73970516384428,118900
2014-06-03,64.78828430175781,64.95485152279558,64.4898484958987,64.60783339017227,61100
2014-06-04,64.84378814697266,64.85766653809343,64.4620662027162,64.75356536700059,58400
2014-06-05,65.4615249633789,65.5170491563141,64.84383287844075,64.93405572065157,74900
2014-06-06,65.24634552001953,65.79463476078494,65.22552528095235,65.6141838637426,73700
2014-06-09,64.88544464111328,65.36433132671719,64.79522183885759,65.17694387739348,75100
2014-06-10,64.69110107421875,65.03117726392603,64.58005805710157,64.86461009071277,84000
2014-06-11,63.934627532958984,64.58008152062898,63.934627532958984,64.44821292575844,94700
2014-06-12,64.12895965576172,64.24694456417964,63.19201164437014,63.84440221126035,96200
2014-06-13,64.47598266601562,64.55926364522672,63.82358675511525,63.99709585524173,99400
2014-06-16,64.93402099609375,65.39902924440689,64.42043572378779,64.54536244354607,1006300
2014-06-17,64.89238739013672,65.0520180525877,64.58700975505286,64.85768346066766,265700
2014-06-18,66.1971664428711,66.1971664428711,64.885438535802,64.885438535802,151900
2014-06-19,66.71076965332031,66.81487086006032,66.25964500883255,66.27352340470567,102200
2014-06-20,66.33596801757812,66.84261137714401,66.3082059397139,66.68298604826843,88400
2014-06-23,66.1632308959961,66.73680459331275,65.88344561684725,66.73680459331275,184000
2014-06-24,66.3450927734375,66.58990755055594,66.17022431312978,66.24716686259013,119800
2014-06-25,66.69481658935547,66.7227961778945,66.10726123971851,66.31710014891992,118900
2014-06-26,66.82070922851562,66.83470168837661,66.51993538022211,66.63185371287078,84800
2014-06-27,67.09349060058594,67.20540891172776,66.58287798153809,66.78572591806353,121500
2014-06-30,67.63907623291016,67.72301496280035,66.91162858676283,67.07250448168747,729900
2014-07-01,67.03056335449219,67.64609826547971,67.03056335449219,67.64609826547971,124900
2014-07-02,65.73653411865234,67.02356303675697,65.58264906614848,67.02356303675697,193000
2014-07-03,65.1139907836914,65.57564589232203,64.8132222776293,65.47072379158236,151300
2014-07-07,65.32383728027344,65.59663154984514,65.0370558871729,65.0370558871729,313800
2014-07-08,65.78550720214844,65.82747391873438,65.26090189857966,65.26090189857966,142100
2014-07-09,65.63859558105469,65.93237852878265,65.3308308469278,65.83445265839323,189200
2014-07-10,65.974365234375,66.02332818441286,65.42178032019851,65.42178032019851,168400
2014-07-11,65.5196762084961,66.05827374876513,65.41475412460068,66.00231459247973,117900
2014-07-14,64.79924011230469,65.67358219643721,64.77126052522517,65.67358219643721,143900
2014-07-15,65.0650405883789,65.23291811705776,64.73629243531121,64.73629243531121,103600
2014-07-16,65.2049331665039,65.28187569334712,64.68032793978763,65.16995735009868,69200
2014-07-17,64.56840515136719,65.30285455283138,64.56840515136719,65.12098992585321,65900
2014-07-18,65.3028564453125,65.3098526756267,64.46349025065136,64.66633290072237,62000
2014-07-21,65.18395233154297,65.37980410323976,64.87618221227056,65.21892281273995,197400
2014-07-22,65.10698699951172,65.40776078258148,65.10698699951172,65.26786289710795,79100
2014-07-23,65.0650405883789,65.33084400717338,64.94613134131863,65.11400353343672,89900
2014-07-24,65.23290252685547,65.38678755641993,64.93911959015989,65.06502503829815,67400
2014-07-25,64.70831298828125,65.3168516872464,64.63137045494254,65.23291825928474,122300
2014-07-28,65.59662628173828,65.65958167396187,64.61736228000728,64.7013010241189,574200
2014-07-29,64.95310974121094,65.79247580793488,64.92513016077889,65.79247580793488,134200
2014-07-30,63.98784255981445,65.16295833466407,63.70805207312461,64.99508084071437,169000
2014-07-31,62.938655853271484,63.931907383981034,62.924663388578864,63.708075977954074,144000
2014-08-01,63.13447570800781,63.5681458358467,62.770746521981486,62.770746521981486,303300
2014-08-04,62.83371353149414,63.28837242985331,61.82646985962891,63.22541703208176,262100
2014-08-05,62.06429672241211,62.833716637989255,61.86144873199046,62.72879452755596,1561000
2014-08-06,61.364830017089844,61.84746324097683,61.252911663599,61.77751693832546,190700
2014-08-07,61.966346740722656,62.21116670311543,61.546663762641415,61.546663762641415,107900
2014-08-08,63.20442581176758,63.20442581176758,62.09226017307923,62.09226017307923,100200
2014-08-11,63.022586822509766,63.4772458490716,62.94564427940415,63.32336076286038,184500
2014-08-12,62.959632873535156,63.28139015376194,62.86170697679488,63.001599590263524,239300
2014-08-13,63.25339889526367,63.44925065261503,62.9106583198988,63.09251761654783,123500
2014-08-14,63.86893844604492,63.90391426381104,63.35832566064703,63.35832566064703,103000
2014-08-15,64.11377716064453,64.4635140938711,63.79901071880336,64.00885501336414,102900
2014-08-18,64.03682708740234,64.39355487507171,63.93190495244487,64.31661233187366,72400
2014-08-19,64.79924011230469,64.8062363432147,64.1347422629882,64.14872938824766,91400
2014-08-20,64.96710205078125,64.97409828058773,64.57539856657372,64.73627983276452,68100
2014-08-21,65.10698699951172,65.40076455416813,64.92512241667546,64.92512241667546,98800
2014-08-22,64.93215942382812,65.344846437894,64.61040209000674,65.20495380112368,82500
2014-08-25,65.29583740234375,65.50568154597505,65.0440265646095,65.09998571445227,122100
2014-08-26,64.65935516357422,65.5197048876781,64.6383718049221,65.37281604055211,158500
2014-08-27,65.30988311767578,65.32387024826372,64.72931847186803,64.72931847186803,55800
2014-08-28,65.72953796386719,65.72953796386719,65.15596979986643,65.22591609565964,102900
2014-08-29,66.17720031738281,66.18419654789392,65.63161174184279,65.75052097773018,56100
2014-09-02,65.53368377685547,66.23315738203378,65.24689703718352,66.14921862825075,163900
2014-09-03,65.91837310791016,66.13521349532972,65.72951763402462,65.72951763402462,77900
2014-09-04,65.88341522216797,66.00932067432453,65.54066934117753,65.80647270493009,63100
2014-09-05,66.6668472290039,66.6668472290039,65.94639005741253,65.97436965024426,55600
2014-09-08,66.26112365722656,66.63184373965754,65.98832409636704,66.63184373965754,87000
2014-09-09,65.50570678710938,66.17720083429293,65.42876426056706,66.17720083429293,90900
2014-09-10,65.2119369506836,65.5057146308989,65.00209270106642,65.47073881044237,125200
2014-09-11,65.79248809814453,65.80648055925404,65.12099405201667,65.15596986823012,75800
2014-09-12,64.5544204711914,65.55466795259237,64.38654829808192,65.47772542813382,210400
2014-09-15,64.65935516357422,64.94613662608845,64.47749049432055,64.66634605875079,83700
2014-09-16,65.43577575683594,65.5686721492271,64.55443727955235,64.55443727955235,92900
2014-09-17,65.25391387939453,65.68059334025446,65.00210287506535,65.63862128182507,102600
2014-09-18,64.7852554321289,65.47073666348588,64.59639454635449,65.41477748721488,67400
2014-09-19,65.29583740234375,65.35879278005643,64.88315067950931,64.88315067950931,80900
2014-09-22,64.79568481445312,65.25422912255814,64.67575941481233,65.25422912255814,122500
2014-09-23,64.48531341552734,64.76043902394878,64.44298267273156,64.72516430198012,70800
2014-09-24,64.28072357177734,64.56995580235315,64.01264863661814,64.46413703227275,64500
2014-09-25,63.935028076171875,64.47117239251757,63.850377392966685,64.26659093783087,134400
2014-09-26,64.02676391601562,64.21723340606457,63.42007534450193,63.94916383950807,120200
2014-09-29,64.34420013427734,64.35831217159439,63.67402368018006,63.77984243139681,57600
2014-09-30,64.42182159423828,65.04261688828738,64.16785865981659,64.44298427507891,787400
2014-10-01,64.68988037109375,65.25424354925103,64.42181082166043,64.42181082166043,118800
2014-10-02,64.59112548828125,64.9861819139686,64.4359253262791,64.54174410784118,129000
2014-10-03,65.02851867675781,65.12728145495643,64.29484848001972,64.74633700383274,70300
2014-10-06,65.04261779785156,65.36713018250278,64.75338551870651,65.21193001127841,93300
2014-10-07,64.92974853515625,65.62108790414472,64.81687372591978,64.85214844934795,54100
2014-10-08,66.35475158691406,66.40413296562744,64.97206760077272,64.97206760077272,149700
2014-10-09,65.2189712524414,66.68631126436729,65.19075793643614,66.29126025429737,100300
2014-10-10,65.5434799194336,66.05140031157649,65.28246101258982,65.28246101258982,319200
2014-10-13,65.46588134765625,66.32652739363714,65.44471328810387,65.61402547152589,128100
2014-10-14,66.1219482421875,66.79212477896513,65.53642241109449,65.79743592984333,175100
2014-10-15,65.24718475341797,66.305361630817,64.06202643544441,65.94558536766078,193100
2014-10-16,65.37418365478516,65.52232781132894,64.11848095269917,64.53470010103706,146900
2014-10-17,65.79036712646484,65.9596738732511,64.9649852987824,65.9455672202541,127800
2014-10-20,66.72159576416016,66.77803316877723,65.78334409552795,65.79040011664686,104600
2014-10-21,67.06018829345703,67.1589510293282,66.62986263766174,66.94731890196088,254700
2014-10-22,67.44818878173828,67.94905848133735,67.08135114851628,67.11662586092183,243100
2014-10-23,67.65986633300781,68.04080546516741,67.41295396437698,67.78684245561526,137400
2014-10-24,68.20303344726562,68.39350293443547,67.68100098042382,67.70921967892424,121000
2014-10-27,68.09014892578125,68.47109322786497,67.92789816029126,68.1183676202503,179600
2014-10-28,68.65450286865234,68.65450286865234,67.86439567568856,68.188907927598,127800
2014-10-29,68.30181121826172,68.92966259698245,67.6386851131181,68.76035575092129,130200
2014-10-30,69.7409439086914,69.74799993152683,68.24538461552095,68.24538461552095,112800
2014-10-31,69.81143951416016,70.10067704571571,69.32467653772018,70.10067704571571,177000
2014-11-03,70.25589752197266,70.46753508031803,69.81852112857001,69.91728388722008,402000
2014-11-04,69.83262634277344,70.55924035873835,69.53633807295277,70.25589606854103,157600
2014-11-05,71.31407165527344,71.35640239452465,69.88906235103376,69.88906235103376,221300
2014-11-06,70.21357727050781,71.27175437487314,69.80441416509979,71.1659355880032,167600
2014-11-07,70.94722747802734,70.95428349708435,70.18533888483819,70.32643235515039,104400
2014-11-10,71.28585815429688,71.34934618975979,70.67211356732314,70.98251387091902,195900
2014-11-11,71.01072692871094,71.32112182548337,70.78497735699858,71.27174045221281,68900
2014-11-12,69.86084747314453,70.94018719516927,69.55750317239138,70.94018719516927,252400
2014-11-13,69.19770050048828,70.19238920227129,69.09188713405617,69.96664505027421,99900
2014-11-14,68.89437103271484,69.2682593306725,68.76033357413914,69.21887795890764,106500
2014-11-17,69.72679138183594,69.79028478615554,68.78148939310341,68.98607087920941,138900
2014-11-18,69.93842315673828,70.26293002399291,69.56453492668761,69.76206037787175,304900
2014-11-19,69.88906860351562,70.05132479046715,69.49401754960506,69.98077534612574,94900
2014-11-20,69.71975708007812,69.94550129312572,69.47285018802084,69.62804496148071,85800
2014-11-21,70.01602935791016,70.37581096539539,69.45872228189667,70.07951738043765,102500
2014-11-24,69.48695373535156,70.17829838432347,69.430516339075,70.12186098804692,118500
2014-11-25,69.46578979492188,69.5645525455279,69.07778943027944,69.5292778279545,112600
2014-11-26,69.7620849609375,69.9455038225988,69.44463399997896,69.44463399997896,92100
2014-11-28,70.37581634521484,70.71442992224392,69.8537785588659,69.8537785588659,76700
2014-12-01,70.3899154663086,70.92605985173603,69.83260840735306,70.37580881134492,334000
2014-12-02,70.87667846679688,71.08125994778797,69.98075248514054,70.77085971702007,331400
2014-12-03,70.74969482421875,70.91900158925169,70.38285722078818,70.89078289805202,175300
2014-12-04,70.74969482421875,71.07420169976731,70.4392946031875,70.7990761882769,190700
2014-12-05,70.24884033203125,70.54512858034883,69.91727736655702,70.13596554286292,232400
2014-12-08,70.72149658203125,71.07422225076955,70.2488454776419,70.2488454776419,144300
2014-12-09,71.20120239257812,71.29290912717741,70.35466295609815,70.35466295609815,199200
2014-12-10,70.19947052001953,71.60331730299261,70.19947052001953,71.08833541137915,133300
2014-12-11,70.86964416503906,71.4057887146128,70.23473685398685,70.23473685398685,179900
2014-12-12,70.12184143066406,71.14474338759325,70.12184143066406,70.60154840088906,96200
2014-12-15,69.48695373535156,70.48164266160202,69.09895336365818,70.1994610623856,141800
2014-12-16,69.38111877441406,70.50983952575284,68.85908643607584,69.33879342816545,267100
2014-12-17,70.74266052246094,70.82731662204766,69.52223270087754,69.52223270087754,111900
2014-12-18,71.48336791992188,71.48336791992188,70.24177236114775,70.54511657771856,136800
2014-12-19,71.49046325683594,71.97722658787069,71.12363078941738,71.6033380973762,328200
2014-12-22,71.69498443603516,71.72320312238432,71.13062685554426,71.5256777001043,93000
2014-12-23,71.98426818847656,72.25939382945961,71.6950305041691,71.7373612519748,103600
2014-12-24,73.19761657714844,73.36692335480706,71.88547694042192,71.88547694042192,178600
2014-12-26,74.04415893554688,74.29106578454717,73.22583832426508,73.22583832426508,165200
2014-12-29,75.12351989746094,75.36337617799386,74.01596138793765,74.07945481420147,1794400
2014-12-30,73.55036163330078,75.04591509901272,73.49392423175814,75.04591509901272,166200
2014-12-31,72.20293426513672,73.91718101564578,72.1747155693143,73.59267408693682,192300
2015-01-02,72.60504913330078,72.72497456692336,71.77261635387184,72.40752362329502,325700
2015-01-05,71.62447357177734,72.63326920161224,71.36346002099134,72.4851250663148,317900
2015-01-06,71.66679382324219,72.8590082232329,71.5962497708176,71.76556195523608,335700
2015-01-07,72.4286880493164,72.61916292582197,71.58214859110636,71.97719962064883,151600
2015-01-08,72.99302673339844,73.20465883570945,72.71790123287876,72.88015197310072,250100
2015-01-09,72.47101593017578,73.07064847126144,72.08301555420874,73.06359245110755,136400
2015-01-12,72.28053283691406,72.69675186397168,71.82198845808189,72.55565838778021,209200
2015-01-13,72.56272888183594,73.5644685428749,72.13945913315986,72.5980036034618,110000
2015-01-14,73.23995208740234,73.26817078462145,72.09711906977671,72.23115653602588,231200
2015-01-15,73.64205169677734,73.85368921355015,73.16940067577247,73.41630752389698,139700
2015-01-16,74.34044647216797,74.38982784151489,73.47274449904852,73.60677656889551,161900
2015-01-20,74.46041107177734,74.68615534587055,73.79022888962986,74.68615534587055,552100
2015-01-21,75.17288208007812,75.23637549012392,73.87485438765094,74.42510549127402,175300
2015-01-22,74.9118881225586,75.50446473279214,74.43218094096453,75.48330205130769,185800
2015-01-23,75.17288208007812,75.45506365126492,74.91186856701712,74.91186856701712,124500
2015-01-26,75.19406127929688,75.38453616912368,74.4321778664906,75.38453616912368,184900
2015-01-27,75.2575454711914,75.58910844585766,74.96125721465972,74.96125721465972,128700
2015-01-28,74.52388000488281,76.04060148018239,74.3827918880875,75.32103809089298,155700
2015-01-29,75.50445556640625,75.58911166423387,74.1217715948879,74.58031603932933,103100
2015-01-30,73.7761001586914,75.42685366005468,73.72671878169763,75.42685366005468,139300
2015-02-02,74.15705871582031,74.38985360498509,73.04950014931633,73.98774649185097,144900
2015-02-03,74.53095245361328,74.69320328547484,73.81138890571644,74.1641146576198,199300
2015-02-04,73.5715103149414,74.58030580136416,73.45158489610655,74.43921232435332,130600
2015-02-05,74.26285552978516,74.38983697829713,73.5150788786404,73.77609779562783,112800
2015-02-06,71.25057220458984,74.06532102526974,70.848465230207,74.06532102526974,209200
2015-02-09,70.5945053100586,71.54686340679638,70.33348641390612,71.18003113046868,255300
2015-02-10,71.94896697998047,72.02656704319975,70.61566463145375,70.61566463145375,141200
2015-02-11,70.44638061523438,71.75852071277622,70.33350580237743,71.75852071277622,197500
2015-02-12,70.19242095947266,70.63685344605784,69.97373272701817,70.62274678487297,261900
2015-02-13,69.18360137939453,70.11479678055512,68.66861961729732,70.11479678055512,473600
2015-02-17,69.07075500488281,69.74093173875231,68.43584761469894,68.43584761469894,2519500
2015-02-18,70.6932601928711,70.74264155885095,69.00017633015969,69.04250705968902,320100
2015-02-19,70.01602935791016,70.6932618423636,69.79028519642567,70.47457369965952,180200
2015-02-20,70.07247161865234,70.15007168413915,69.1624388906245,70.07247161865234,250400
2015-02-23,70.52395629882812,70.52395629882812,69.9807558687205,70.01603058107337,229600
2015-02-24,70.96131896972656,71.32110051443132,70.34052397951189,70.46750538457448,120200
2015-02-25,69.93842315673828,70.94721846714144,69.83966043114621,70.94721846714144,198600
2015-02-26,69.45873260498047,70.23472793902788,69.37407651353003,70.05131448080118,109900
2015-02-27,69.3952407836914,69.61392894695587,69.07073385743368,69.53632887957185,94700
2015-03-02,68.02665710449219,69.34585274094981,67.61043811200254,69.34585274094981,500500
2015-03-03,68.51342010498047,68.5275267603383,67.61749409804574,67.87851297057108,224600
2015-03-04,68.07604217529297,68.3582237374268,67.82913532673798,68.3582237374268,108700
2015-03-05,68.53457641601562,68.81675793646129,68.13952013452577,68.13952013452577,117600
2015-03-06,66.57344055175781,67.74448690106078,66.2983149776736,67.74448690106078,350900
2015-03-09,66.66514587402344,66.9967088363424,66.55932710572668,66.62282051957119,145000
2015-03-10,66.56639099121094,67.23656763267027,66.35475342960969,66.43235351005237,143800
2015-03-11,66.1572265625,66.83445921080401,66.00908242526162,66.64398971497371,129500
2015-03-12,67.4058837890625,67.6668973638936,66.32653862017843,66.38297602420512,133500
2015-03-13,66.73567962646484,67.2929866967992,66.1572098821703,67.2929866967992,125000
2015-03-16,67.82914733886719,68.27357974497244,66.94733316488859,66.94733316488859,145700
2015-03-17,67.7797622680664,68.06899450264865,67.52579936922203,67.65278081864422,152000
2015-03-18,69.57161712646484,69.95961215668494,67.56813240585169,67.73038859162268,187400
2015-03-19,68.91554260253906,70.00898894191945,68.80972382591088,69.28237492839466,108600
2015-03-20,69.57865142822266,69.67741416779249,68.88731225123384,69.33174457929807,116100
2015-03-23,69.66617584228516,69.90093501229322,69.53101048486432,69.65195048082515,213300
2015-03-24,68.89785766601562,69.88668556082902,68.72712623680904,69.64481648840757,127400
2015-03-25,68.10821533203125,69.36737383231575,68.07975919009472,68.9903394497014,127200
2015-03-26,67.55335998535156,68.42836904553711,67.40396925360402,67.94462530239717,154500
2015-03-27,67.98016357421875,68.28606030747149,67.54621691943106,67.65292609195251,145900
2015-03-30,68.8907241821289,69.08280173856748,68.06551796812522,68.29316162310411,172400
2015-03-31,68.91919708251953,69.21086846974671,68.19358445184285,68.67021262235862,105300
2015-04-01,68.91209411621094,69.02591326922067,67.93749149893932,68.72001649354087,180300
2015-04-02,69.13975524902344,69.33894288750798,68.82674300142995,68.82674300142995,136500
2015-04-06,70.00050354003906,70.38465329016945,69.2606601798754,69.31757246006963,143500
2015-04-07,69.19664764404297,70.04320035788444,69.19664764404297,69.99340345868524,143100
2015-04-08,69.01168060302734,69.34603348842,68.6702123252454,69.34603348842,103400
2015-04-09,68.72712707519531,68.99034232850097,68.32163653372429,68.99034232850097,160500
2015-04-10,69.23931884765625,69.44562179102991,68.67020690542178,68.81959756908124,91800
2015-04-13,68.55638122558594,69.23931223456793,68.51369430615048,69.16105921429835,135400
2015-04-14,68.90496826171875,69.08993046316462,68.57061539168524,68.7057807036019,77800
2015-04-15,69.08995819091797,69.57370192367914,69.01881509664975,69.0615020387019,129000
2015-04-16,68.64178466796875,69.0259346045919,68.07978783998989,69.00459384602223,118300
2015-04-17,68.41412353515625,68.92632332091597,68.17225442935583,68.38566738845238,159600
2015-04-20,69.37448120117188,69.93647777161635,68.60618710745203,68.70578088677597,144400
2015-04-21,68.7555923461914,69.85112957836009,68.56351471146853,69.52389203017283,130900
2015-04-22,68.91209411621094,69.11128170456901,68.48525736692399,68.94055026132706,95100
2015-04-23,69.3318099975586,69.55945373087732,68.86940713778328,68.86940713778328,93700
2015-04-24,69.99341583251953,70.41313728064641,69.14686296901962,69.36739678513615,83400
2015-04-27,69.1255111694336,70.29930144478605,68.9334389628092,70.12145459783736,106500
2015-04-28,69.6590576171875,69.67328840552496,68.67734489266776,69.02592322255836,84800
2015-04-29,69.42427062988281,69.5025236520067,68.84804876465539,69.27487997695175,124600
2015-04-30,68.47814178466797,69.2393259648639,68.02996432016705,69.21798521464085,113700
2015-05-01,68.76268768310547,68.8622814544845,68.05130050042465,68.52792861023197,89900
2015-05-04,69.26068115234375,69.80133712299462,68.68445906639222,68.97612509266143,100400
2015-05-05,67.70985412597656,69.18954124628453,67.54623263305237,69.18954124628453,135400
2015-05-06,67.3257064819336,67.93750011084549,66.77082515046826,67.7098563485147,153800
2015-05-07,67.54623413085938,67.95884014176954,67.3826180617623,67.38973345573119,68400
2015-05-08,68.02285766601562,68.64176116242542,67.72407086598707,68.17224835230263,98700
2015-05-11,67.61026000976562,68.51371963121035,67.53912235434919,68.00151982828365,90500
2015-05-12,67.46085357666016,67.53910660761011,66.85617550541826,67.35414440468713,103200
2015-05-13,66.8846206665039,67.87345384574145,66.66409237619989,67.6386947723803,124200
2015-05-14,67.68138885498047,67.75964189398879,67.09805147257134,67.09805147257134,165200
2015-05-15,68.45682525634766,68.60621598822173,67.71698156459779,67.8236853534677,102700
2015-05-18,68.74134063720703,68.84093440732363,68.1722341547484,68.271827924865,87500
2015-05-19,68.86228942871094,69.01879006796251,68.34297433713792,68.54927729529958,78800
2015-05-20,68.96900177001953,69.41006388319589,68.76270421360738,68.94055105203184,73400
2015-05-21,68.9405517578125,69.21087700110141,68.69867723280257,69.00457401512244,62400
2015-05-22,68.81962585449219,68.954791217504,68.41413519291271,68.81251588719594,76100
2015-05-26,68.32875061035156,68.72001035899774,67.95882618431948,68.72001035899774,65700
2015-05-27,68.64887237548828,68.74846616028229,68.32875027114385,68.41411327099345,63900
2015-05-28,68.86228942871094,68.96188321162289,68.37854587137252,68.62041493631467,59000
2015-05-29,68.73424530029297,69.02591128128742,68.45680467771952,68.81249834024491,59600
2015-06-01,68.84806823730469,69.19664652606733,68.6204244978641,68.85518363063389,72400
2015-06-02,67.8947982788086,68.65598239008392,67.4821923870079,68.65598239008392,109100
2015-06-03,66.99844360351562,67.84499606900995,66.67120615799806,67.84499606900995,120700
2015-06-04,66.74948120117188,67.26168099876622,66.69256890644914,66.8988719042277,99500
2015-06-05,65.98114776611328,68.81958052768583,65.76772948375945,66.15899452559067,149000
2015-06-08,65.63260650634766,66.03809712864242,65.59703496348891,66.03809712864242,137300
2015-06-09,65.48322296142578,65.83180132427277,65.47610756658433,65.65395444542855,89100
2015-06-10,65.81045532226562,66.19460520124802,65.80333992799125,66.03098369767095,91500
2015-06-11,66.29415893554688,66.42220881779978,66.00960303860127,66.19456518573377,103500
2015-06-12,65.68946075439453,66.1945502065889,65.66101005584514,66.10918182858751,76300
2015-06-15,65.49742126464844,65.78909263063342,65.24843682262087,65.51876201290027,102200
2015-06-16,65.81755828857422,65.81755828857422,65.21288009850149,65.46186459706614,150500
2015-06-17,66.35819244384766,66.42933007331439,65.68948678646329,65.81753669048469,121800
2015-06-18,67.24742126464844,67.36835576828653,66.39375892108762,66.39375892108762,88300
2015-06-19,66.63565826416016,67.33282032316409,66.63565826416016,67.27590802703004,61600
2015-06-22,66.58582305908203,66.9344011743403,66.4720039597425,66.79212594330285,80200
2015-06-23,65.7535171508789,66.47912968514555,65.66103877152194,66.39376669726327,119200
2015-06-24,65.27690124511719,65.88869476741151,65.26978585231251,65.76064483419981,112500
2015-06-25,64.82161712646484,65.41206450064712,64.79316098124026,65.41206450064712,117700
2015-06-26,65.1432876586914,65.20790418145702,64.45401188219111,64.79864977044126,106100
2015-06-29,64.7052993774414,65.79664241832971,64.6622162268128,64.9996726046036,126000
2015-06-30,64.56169891357422,64.99249208109664,64.37502534360831,64.99249208109664,116200
2015-07-01,64.79862976074219,64.83453146974786,64.4468160193798,64.64785244301545,132600
2015-07-02,65.74640655517578,65.79666568382042,64.87045704636856,65.22945238749715,231800
2015-07-06,65.91869354248047,66.05511346449809,65.40892104156165,65.58123719506746,110800
2015-07-07,67.47673797607422,67.73520947194133,66.17717167002333,66.17717167002333,277200
2015-07-08,67.13927459716797,67.64904705366628,67.01721208281555,67.24697423791127,112400
2015-07-09,66.4212875366211,67.5126304374151,66.20588824462534,67.36185312415068,91400
2015-07-10,66.80899047851562,67.23260206828171,66.29921261467128,66.53615069597969,235500
2015-07-13,66.83771514892578,67.23979344637058,66.485901431764,66.98849793411216,131600
2015-07-14,66.77310180664062,67.15363581145122,66.60796161773315,66.79464064044778,99700
2015-07-15,67.02440643310547,67.02440643310547,66.43565449181693,66.72285176318917,82800
2015-07-16,68.03678131103516,68.06550158837392,67.04595091526232,67.04595091526232,115000
2015-07-17,67.29722595214844,67.95777564204126,67.29722595214844,67.95777564204126,103400
2015-07-20,66.92388916015625,67.30442322204952,66.61515304766753,67.30442322204952,130300
2015-07-21,66.28486633300781,66.94541611481822,66.03357081577902,66.78745736746541,102500
2015-07-22,66.54335021972656,66.87362514503974,66.22743269210874,66.22743269210874,108800
2015-07-23,65.58842468261719,66.47873128199271,65.28687001670758,66.47873128199271,122800
2015-07-24,65.55972290039062,65.80384256391316,65.43048436742782,65.55972290039062,106200
2015-07-27,66.4212875366211,66.67976449588338,65.52379961635803,65.52379961635803,102600
2015-07-28,66.744384765625,66.77310503803494,66.26333252788008,66.48590779176735,116900
2015-07-29,66.95978546142578,67.02440196731722,66.26333390504769,66.64386793618245,118300
2015-07-30,67.48390197753906,67.71365863813246,66.67257496809414,66.93105189599056,105500
2015-07-31,68.09420776367188,68.69014111785197,67.81419194237417,67.81419194237417,155800
2015-08-03,68.37422943115234,68.78348374739468,68.05113045864599,68.13729128021411,122000
2015-08-04,67.25413513183594,68.30240007940625,67.13207812265578,68.30240007940625,111200
2015-08-05,67.5054702758789,67.92908755622643,67.29725783324757,67.39059463435242,121100
2015-08-06,67.65621948242188,67.6777583121365,66.76590768345977,67.53415698432138,173000
2015-08-07,68.40294647216797,68.66142346752343,67.26134430754155,67.59880068913522,129800
2015-08-10,68.20907592773438,68.81218512763122,68.08701889601683,68.41729376422192,163600
2015-08-11,68.53218841552734,68.94144276577806,68.02241583734364,68.25217256945226,200800
2015-08-12,69.71688079833984,69.83893787626508,68.38141794690344,68.38141794690344,167400
2015-08-13,69.73123168945312,69.94662552914622,69.0347801043312,69.52301380993394,213300
2015-08-14,70.31997680664062,70.34151564074108,69.37222976139888,69.62352528895698,373300
2015-08-17,70.70771026611328,70.9949020977212,70.20511360513332,70.4133315175322,220600
2015-08-18,70.47077941894531,70.64309563143422,70.31282060839979,70.60719390982528,144800
2015-08-19,70.7005386352539,70.95183426168957,69.94664627811305,70.25538246997226,81900
2015-08-20,70.19075775146484,71.03798682017772,70.01843607530301,70.43487190927767,162000
2015-08-21,69.3075942993164,70.14764153281536,69.2932369053195,69.93224775587825,146500
2015-08-24,66.83771514892578,68.61833352318646,66.05510834248796,68.61833352318646,305300
2015-08-25,64.82015991210938,67.92187762173549,64.80580251712935,67.54852509611435,1562800
2015-08-26,65.91869354248047,66.06229490192842,64.65503444632894,65.45200418831192,187500
2015-08-27,66.744384765625,66.7659236004745,65.88997446438266,66.39975245236937,307900
2015-08-28,66.64387512207031,66.88081329155071,65.80382758791167,66.71567307341307,81600
2015-08-31,65.6458511352539,66.42845790651397,65.08581959658504,66.42845790651397,118200
2015-09-01,63.92987060546875,64.99967484686336,63.55651250224662,64.99249340853882,335200
2015-09-02,63.879608154296875,64.58323569401993,63.36983561654547,64.4683600759932,145500
2015-09-03,64.23860931396484,64.51144372516018,63.97295086355144,64.0447488161994,94000
2015-09-04,63.31239700317383,63.82216955650171,63.06827740593055,63.82216955650171,308800
2015-09-08,64.60476684570312,64.61912424084433,63.972931902869675,63.972931902869675,201600
2015-09-09,63.89395523071289,64.94940184762913,63.80779990056872,64.76990427272041,160600
2015-09-10,63.714481353759766,64.34631655825515,63.56370399209609,63.865258715423444,243900
2015-09-11,64.20270538330078,64.20988682166757,63.41291697576083,63.54215547720064,54000
2015-09-14,64.38937377929688,64.74836894856641,64.21705763184033,64.21705763184033,70800
2015-09-15,64.7698974609375,64.8560582598515,64.07344606708376,64.41090234887521,78800
2015-09-16,65.45201873779297,65.54535553380838,64.7483856146651,64.77710589293899,70500
2015-09-17,66.26334381103516,67.0818525416807,65.31559657145438,65.38739452578888,158900
2015-09-18,65.86127471923828,66.52182470210846,65.55253856757436,65.80383416129311,197200
2015-09-21,66.09822845458984,66.4715867221328,65.92591220378878,66.0192490317571,64000
2015-09-22,65.32276916503906,65.99767641779525,65.13609012678087,65.78945854393649,66600
2015-09-23,65.45918273925781,65.60278410439055,65.20070575985085,65.41610506863398,53400
2015-09-24,65.98332214355469,66.07665892818618,65.29405198254778,65.29405198254778,60900
2015-09-25,66.6248550415039,67.24825734168893,65.87096637346758,66.2261620577623,145600
2015-09-28,66.26241302490234,66.90756678035768,66.18991936479203,66.45813152792675,90500
2015-09-29,66.29138946533203,66.64659062521699,65.98693606870657,66.35663263917382,157200
2015-09-30,67.42948150634766,67.50922010438103,66.42913209077827,66.53786704541375,103400
2015-10-01,66.73358917236328,67.55272108212004,66.20442084441316,67.54547060995242,191300
2015-10-02,67.63245391845703,67.63245391845703,66.60310264751566,66.98730021278715,126700
2015-10-05,68.62554168701172,68.69078485938299,67.68318516672205,67.90064950348653,276200
2015-10-06,68.11088562011719,68.58931723332289,67.79918168346525,68.56032087520529,158200
2015-10-07,67.96589660644531,68.3283427191688,67.84991119573918,68.22685825004532,84700
2015-10-08,68.8212890625,68.93001850258963,67.69770358399091,67.84267985777065,61400
2015-10-09,68.58207702636719,68.9010314829113,68.40085390887451,68.85753417397942,115000
2015-10-12,69.16197967529297,69.45918265394495,68.66180219917163,68.66180219917163,106200
2015-10-13,68.9590072631836,69.29970755255533,68.86477324866172,68.9880036208418,81500
2015-10-14,68.937255859375,69.36494518748631,68.83577138093963,69.02424492538644,86500
2015-10-15,69.95208740234375,70.02457550598955,68.8574987866824,69.0024805244618,77800
2015-10-16,70.09708404541016,70.43053937427288,69.84337284344018,70.05359227664086,94100
2015-10-19,70.18407440185547,70.18407440185547,69.50267384935051,69.90861731044409,99100
2015-10-20,70.3363037109375,70.66250858615308,69.90136940780644,70.05359613737782,82900
2015-10-21,70.1260757446289,70.85096800525704,70.06808856695034,70.40153834318059,107300
2015-10-22,70.89446258544922,71.03943881982475,70.16231988172844,70.30729611610397,103000
2015-10-23,69.712890625,70.94521084377128,69.61865661770433,70.94521084377128,111600
2015-10-26,69.62591552734375,69.95211488716043,69.10399212724509,69.79988815054665,118500
2015-10-27,69.3504409790039,69.61865310537598,69.11847567771878,69.57516133966286,66600
2015-10-28,68.75601959228516,69.60414208380939,67.95138886017604,69.38667775624556,375500
2015-10-29,68.37908935546875,68.60380419006637,67.53096672441725,68.42258112203884,231300
2015-10-30,68.7415542602539,68.95901868296849,68.24137668617627,68.46609158212853,114300
2015-11-02,68.78501892089844,68.90824926490345,68.27759660411989,68.78501892089844,168000
2015-11-03,69.0097427368164,69.0677354464439,68.40808634852097,68.6038048304023,158200
2015-11-04,69.36495971679688,69.55342777023127,69.06050068722894,69.06775116020424,221600
2015-11-05,68.79228210449219,69.39394405592628,68.77053621982412,69.39394405592628,90900
2015-11-06,66.31314086914062,67.90790149645761,65.79846254046802,67.82091244150831,353500
2015-11-09,66.40737915039062,66.68283621310985,65.60999878526533,65.96519443754597,194000
2015-11-10,67.05254364013672,67.13953271475431,66.41464035107717,66.41464035107717,144300
2015-11-11,67.58171081542969,67.6541989385306,67.13227560342116,67.13227560342116,78200
2015-11-12,66.79158782958984,67.94416966520741,66.76259146883007,67.38599939893963,99800
2015-11-13,66.50161743164062,67.31349879102531,66.34214024225352,66.83506722286398,85200
2015-11-16,67.66143798828125,67.66868845910683,66.46537023503343,66.4798656461958,100700
2015-11-17,66.42912292480469,67.95864595896012,66.2696457507428,67.6469420816088,96200
2015-11-18,66.98004913330078,67.04528678518591,65.95794834318586,66.55961027507666,83900
2015-11-19,67.58895111083984,67.71218699517931,66.98729475301525,66.98729475301525,71000
2015-11-20,67.89341735839844,68.30660575965531,67.6542015654367,67.77743193254202,72000
2015-11-23,67.40773010253906,68.06013424644705,67.29899515680621,67.8644157685192,48500
2015-11-24,67.3062515258789,67.42948189427962,66.76258228006326,67.19027162929281,111700
2015-11-25,66.97281646728516,67.30626634782448,66.76259698228391,67.30626634782448,75200
2015-11-27,67.11054229736328,67.36425354101155,67.05254957581786,67.05254957581786,50800
2015-11-30,67.2772445678711,67.6976833790352,67.12501786668864,67.12501786668864,83600
2015-12-01,67.78467559814453,67.951397717961,67.1902641765379,67.50196806411753,188800
2015-12-02,66.3783950805664,67.66870263335514,66.32765283513618,67.66870263335514,183200
2015-12-03,65.74773406982422,66.39288782022956,65.57376145399878,66.39288782022956,233300
2015-12-04,66.5958480834961,66.64659031603159,65.87820082700863,65.87820082700863,173800
2015-12-07,66.76258087158203,66.76258087158203,66.12467762759233,66.51612013998015,159000
2015-12-08,66.70458984375,66.79882938626302,66.20441789625379,66.50162087601362,179900
2015-12-09,66.70458984375,67.41498676131692,66.32764826516666,66.52336676105828,112200
2015-12-10,65.67525482177734,66.79884033075287,65.59551620988925,66.73359713443966,163100
2015-12-11,65.43601989746094,65.9796890760159,65.02283154297872,65.52300895700573,207500
2015-12-14,65.6679916381836,65.71148893746998,64.98659662824359,65.39253455165375,123800
2015-12-15,66.29138946533203,66.59584839244607,65.74772031543432,65.84195984092929,151500
2015-12-16,67.98764038085938,68.06012849505933,66.47261280078364,66.47261280078364,190000
2015-12-17,68.07398986816406,68.48376379732798,67.69348630290486,68.03740610034647,154000
2015-12-18,67.32762145996094,67.92033103220666,66.84466878424102,67.9130120448544,180100
2015-12-21,67.39346313476562,67.77397224819263,67.03491097933487,67.642258413968,163000
2015-12-22,67.9715576171875,68.11059047302031,66.95443603012596,67.49592389495861,171900
2015-12-23,69.07648468017578,69.17160918376734,68.12521731325405,68.12521731325405,161500
2015-12-24,69.06185150146484,69.20088435562016,68.86428349328533,68.99599735965565,51400
2015-12-28,69.23015594482422,69.2813776947186,68.65939770807195,68.79111157676493,76500
2015-12-29,69.62528228759766,69.7862664899038,69.44966569542315,69.44966569542315,53500
2015-12-30,69.50821685791016,69.77164459826218,69.40577335696794,69.59602796561153,59600
2015-12-31,68.7325668334961,69.39844954331807,68.17644102222873,69.39844954331807,88700
2016-01-04,68.49838256835938,68.49838256835938,67.83249453738672,68.25690632090229,173200
2016-01-05,68.98136138916016,69.12039424735673,67.60568753144615,68.52036563484027,148700
2016-01-06,68.88623809814453,69.10576307995403,68.42524233564723,68.59353998331594,312200
2016-01-07,68.38134765625,68.7179541843656,68.02279532487002,68.08133607608606,101500
2016-01-08,68.35205078125,68.91548989467353,68.24228831992704,68.50571599400187,153600
2016-01-11,68.76180267333984,68.94473818940908,68.41788300988988,68.46910473107931,109800
2016-01-12,68.31546020507812,69.01793212906537,67.92031870106958,69.01793212906537,118600
2016-01-13,68.18374633789062,68.82036413561478,68.03740011399455,68.55693646640138,151100
2016-01-14,69.28868865966797,69.63992188034514,68.05936122179507,68.33742132006046,125100
2016-01-15,68.62281036376953,68.98868161167425,67.71545123213643,68.64476174540346,166100
2016-01-19,69.53018188476562,69.73507450961328,68.7033147269549,68.98137491511837,238400
2016-01-20,68.04473114013672,69.34723185149782,67.01297715412956,69.31064807742429,208500
2016-01-21,68.00080871582031,68.38131223612491,67.4300506439882,68.26423637708905,106800
2016-01-22,69.33990478515625,69.35453717535242,68.1983829535722,68.4471782489146,136300
2016-01-25,68.600830078125,69.32525328058004,68.43984590363502,69.29598292315006,135300
2016-01-26,69.18624877929688,69.74236900482522,68.820377565409,68.85696133714679,96600
2016-01-27,69.32525634765625,69.81552787786164,68.75449830939485,69.0471963138943,189900
2016-01-28,70.47410583496094,70.8692473845046,69.14965393236638,69.47162236149482,214600
2016-01-29,71.95954895019531,71.97418692535264,70.97901675922176,70.97901675922176,491300
2016-02-01,72.71324920654297,72.99130932752382,71.76930077688839,71.95223638923807,242100
2016-02-02,72.9620361328125,73.0278958537377,72.09857985266525,72.40591032964521,207000
2016-02-03,73.90599060058594,74.19868870961392,73.17424811939202,73.17424811939202,316300
2016-02-04,73.51080322265625,74.07424770871368,73.37908943473685,73.90594458641445,360500
2016-02-05,73.62059783935547,73.9645176350366,72.45712460679059,73.17423456190775,214900
2016-02-08,73.40108489990234,74.06697322297498,72.757153540298,73.50352839841322,269700
2016-02-09,73.68645477294922,73.94256906985646,73.09374523693806,73.17423734463726,194500
2016-02-10,73.6279296875,74.03038469824175,72.5449483703953,73.51084821202835,271200
2016-02-11,72.44983673095703,73.59135340586124,72.33275523468326,73.23280109334058,411100
2016-02-12,72.1717300415039,72.77175841276008,71.60097202771753,72.53028773344651,232600
2016-02-16,72.6766586303711,72.77910212494623,71.94491619326195,72.55958274346453,636700
2016-02-17,72.55224609375,72.86689548841852,72.0766125088673,72.86689548841852,202700
2016-02-18,73.65719604492188,73.89866680511537,72.46445230520857,72.54494441952363,518000
2016-02-19,73.19618225097656,73.53278304307126,72.80104073432172,73.3644854383993,365500
2016-02-22,73.94258117675781,73.97916495176938,73.19620070729408,73.56207195392277,286700
2016-02-23,73.96452331542969,74.10355057550373,73.41571651406763,73.67182523815296,183200
2016-02-24,74.37429809570312,74.46210919468177,73.7010964184547,73.89866441271725,1347800
2016-02-25,75.06214904785156,75.06214904785156,74.35235791015076,74.54261252853762,124300
2016-02-26,73.03520965576172,74.77676020029413,72.98398790931968,74.76944121287336,434500
2016-02-29,73.2400894165039,73.86938828657043,72.82299649869248,73.00593208690366,198600
2016-03-01,72.95472717285156,73.69378868286287,72.50836378804048,73.65720490643308,280100
2016-03-02,73.46693420410156,73.49620456848889,71.59366996257049,72.8229973530826,299800
2016-03-03,73.87671661376953,73.87671661376953,72.66934046237266,73.54011575883345,178900
2016-03-04,74.67432403564453,74.87921104151944,73.28401217509769,73.54012093244133,241300
2016-03-07,75.06944274902344,75.23042695442192,74.38160875698117,74.60112810572835,265600
2016-03-08,75.68412017822266,75.78656367237103,74.80603149045034,75.24507583433649,185600
2016-03-09,76.13047790527344,76.33536487848744,75.62557387645943,75.62557387645943,2355600
2016-03-10,76.18170928955078,76.37927730079518,75.44264782885492,76.10853615882145,169900
2016-03-11,76.35733795166016,76.7744310035669,76.18904028273883,76.58418195024305,153700
2016-03-14,76.3646469116211,76.47440940197136,75.97682428410205,76.28415479088105,149700
2016-03-15,76.54756164550781,76.73781620467943,76.12314977610599,76.17437151325788,210700
2016-03-16,77.2573471069336,77.38174194798282,75.77922465449487,76.31339894657427,218200
2016-03-17,78.0988540649414,78.23056789538659,77.14758689142064,77.33784144267487,192200
2016-03-18,77.59395599365234,78.34033070086133,77.56468563103128,78.08422200636564,250700
2016-03-21,77.48124694824219,77.8348768739061,76.80346234653977,77.51808538951694,183200
2016-03-22,77.28233337402344,77.80540663563755,77.24549493303722,77.3781054515279,117400
2016-03-23,77.7022476196289,78.00430140637734,76.95815512719108,77.33388577872482,169800
2016-03-24,77.99694061279297,78.07061185908606,77.50333145904213,77.65067957238409,114100
2016-03-28,77.79068756103516,78.50531076882537,77.5549360964737,78.11484793259153,155100
2016-03-29,79.06520080566406,79.06520080566406,77.76856529769573,77.90117581124655,173500
2016-03-30,78.84416198730469,79.14622137961204,78.60841064581702,79.13885256935312,170600
2016-03-31,79.21990203857422,79.29357328765644,78.64525842667452,78.85154017240713,278500
2016-04-01,79.58090209960938,79.66194216696108,78.70420460306462,79.01362724890394,257000
2016-04-04,79.18307495117188,79.66930972688529,78.82944506094323,79.62510809839036,211100
2016-04-05,77.72435760498047,79.01362420032375,77.66541835449755,78.99889219808117,227700
2016-04-06,77.65805053710938,77.82749384620745,77.19391099315388,77.60647448044236,143800
2016-04-07,77.62859344482422,78.09272744294663,77.36337241139518,77.54018456009558,96300
2016-04-08,78.03377532958984,78.51264687331307,77.82012477559775,77.82012477559775,97100
2016-04-11,77.79068756103516,78.52004839703699,77.70965308890435,78.28429693247553,154400
2016-04-12,78.29899597167969,78.3579352181929,77.68751393580581,77.89380129860209,598400
2016-04-13,77.8864517211914,78.49793390806714,77.46651932240775,78.49793390806714,125200
2016-04-14,77.75382995605469,78.0558837890453,77.57701781916369,77.82013239960513,136300
2016-04-15,78.28428649902344,78.3800585866017,77.68017310030139,77.87171727545793,144600
2016-04-18,78.57158660888672,78.57158660888672,77.73908520009094,78.25479518144574,132800
2016-04-19,78.73369598388672,78.81473607363013,78.29165708682879,78.64528708032351,111500
2016-04-20,77.17919921875,78.89576167580888,76.8329380779901,78.85892885236561,163700
2016-04-21,75.26371002197266,76.80346014612351,75.00585218195096,76.80346014612351,748300
2016-04-22,75.92677307128906,76.06675242888066,75.58788070832448,75.58788070832448,158600
2016-04-25,76.07410430908203,76.07410430908203,75.61733351071257,75.83098409604231,764900
2016-04-26,76.28775787353516,76.55297891252535,76.11094010037037,76.20671779935721,132200
2016-04-27,77.27496337890625,77.6948957442398,76.24354887540515,76.52350753279875,1536500
2016-04-28,77.27496337890625,77.40020508313137,76.31722013549305,76.56770916470012,259800
2016-04-29,77.67279052734375,77.76119940689408,76.46456394393851,76.94343553851223,148500
2016-05-02,78.26953887939453,78.67473923810071,77.65069355419615,77.77593525752104,366500
2016-05-03,78.21797180175781,78.50529366093015,77.79803942137079,78.32111269372957,139000
2016-05-04,79.12416076660156,79.58829487510947,78.09274601582581,78.26955820657764,165100
2016-05-05,78.82205963134766,79.75033297932961,78.5789451051246,78.91046849045483,128300
2016-05-06,78.4389877319336,78.7336783905364,77.72436471156776,78.7336783905364,185400
2016-05-09,78.8368148803711,78.94732457377745,78.38741291574,78.49792260914636,92800
2016-05-10,78.98417663574219,79.19782726284919,78.71895555524783,78.99154544929976,111300
2016-05-11,79.15359497070312,79.24936702683242,78.571582581712,79.19042778271177,169600
2016-05-12,79.59562683105469,79.72086850731044,78.82943353158413,79.16095693832126,888000
2016-05-13,79.26412200927734,79.63985277354104,78.9178664963757,79.63985277354104,628700
2016-05-16,79.39672088623047,79.42619051251093,78.79260759937215,79.14623749398125,90800
2016-05-17,78.00433349609375,79.28623727673843,77.6065018697652,79.28623727673843,131100
2016-05-18,76.63402557373047,78.21062005477089,76.39827412604592,77.65807707231417,151400
2016-05-19,77.34864044189453,77.34864044189453,75.93413190736207,76.3688019297774,146400
2016-05-20,77.54753875732422,77.63594200463504,76.98762716774715,77.63594200463504,117600
2016-05-23,76.84029388427734,77.64332012095673,76.82555626078872,77.63595130921242,66400
2016-05-24,77.73908233642578,77.7832895805315,76.98025782488767,76.98025782488767,134400
2016-05-25,77.48124694824219,77.73173598324516,77.12025383092893,77.3265356122508,553500
2016-05-26,78.2916488647461,78.3726889459788,77.39285039965549,77.39285039965549,556600
2016-05-27,78.51265716552734,78.55685879602494,78.06325518627952,78.38004665327787,600900
2016-05-31,78.93994903564453,79.0504587196345,78.38003742531643,78.5936879821621,199500
2016-06-01,79.27883911132812,79.27883911132812,78.8147051961621,78.96941650121744,93500
2016-06-02,79.24201965332031,79.25675727871527,78.49793257283447,79.12414675394677,156900
2016-06-03,80.50180053710938,80.87753121804309,79.75034479599799,79.77981442006693,176900
2016-06-06,80.45758819580078,80.81121801677435,80.09659518535769,80.67860753650366,144400
2016-06-07,80.42814636230469,80.88491720121192,80.29553583621919,80.59022651871555,125800
2016-06-08,80.9585952758789,80.99543372207332,80.31764340909717,80.44289075370354,91600
2016-06-09,81.66585540771484,81.74689549849867,80.92913139750405,80.99543948121725,65900
2016-06-10,81.34902954101562,81.90157231558089,81.05433893709632,81.6068817116616,137600
2016-06-13,81.21643829345703,81.58480023044574,81.12803502586428,81.48902815030122,82600
2016-06-14,81.56269836425781,81.60689999748554,80.88491375789988,81.17223561539416,58300
2016-06-15,81.03227996826172,81.67323194119938,80.78916529368968,81.67323194119938,147800
2016-06-16,81.54058074951172,81.665822431694,80.89226590578362,80.98066915402717,138800
2016-06-17,81.7763442993164,81.7763442993164,81.03225166476301,81.47428483412148,126800
2016-06-20,81.48167419433594,81.92370747516706,80.9807016438585,81.85003619848823,188600
2016-06-21,81.65536499023438,82.04136967826422,81.13574220568195,81.62567145062229,126000
2016-06-22,81.24707794189453,81.75185673893054,81.20996526861224,81.75185673893054,93700
2016-06-23,81.59596252441406,81.59596252441406,81.03922150446562,81.29903284774905,133200
2016-06-24,81.55886840820312,82.33830261536579,80.53446107384103,80.93531537900917,284100
2016-06-27,82.5461196899414,82.776243125683,81.50687448386307,81.61821813918459,2280700
2016-06-28,82.93212890625,82.93212890625,81.94484030892285,82.76881732913284,254900
2016-06-29,83.22909545898438,83.57056269743204,82.91731609912863,83.07320861078853,241300
2016-06-30,84.99581146240234,84.99581146240234,83.20681393499319,83.40724391085462,287100
2016-07-01,84.91414642333984,85.3818068771249,84.09759399746912,85.3818068771249,307600
2016-07-05,85.41150665283203,85.58224308310966,84.90672782594329,85.15912007111935,302200
2016-07-06,85.6787338256836,85.96823871589297,84.90671889730432,85.44861600614864,271500
2016-07-07,84.1272964477539,85.4634717416315,83.91944733515942,85.42635906493308,312900
2016-07-08,84.90673065185547,84.93642419130347,83.3552814440759,84.03079106026159,686300
2016-07-11,84.88445281982422,84.9289959559563,83.93428231312983,84.73599080195183,191100
2016-07-12,83.86006927490234,84.72115935732195,83.80068218964192,84.48361667974439,1660800
2016-07-13,84.49845123291016,84.49845123291016,84.02336596237168,84.09017217379281,1140900
2016-07-14,83.90457916259766,84.26831502913015,83.15483303228748,83.8600416950319,1225600
2016-07-15,84.14212799072266,84.34255793653017,83.39238180491208,83.90458537368382,220600
2016-07-18,84.33516693115234,84.58013444598437,84.14216170763635,84.29062944244288,205800
2016-07-19,84.17182922363281,84.51329641288827,83.83778683468776,84.35740958714969,132800
2016-07-20,83.80066680908203,84.26090814018262,83.65220478664345,84.17925232880246,147500
2016-07-21,84.194091796875,84.26832280415431,83.32557711843508,83.54827580373585,147600
2016-07-22,85.24817657470703,85.36695070284239,83.88230808192338,84.06046361066427,1318400
2016-07-25,85.06260681152344,85.2778806979083,84.63948383854985,85.2036496903356,179100
2016-07-26,84.49845123291016,85.13684812709556,84.23863986050056,85.12942332689438,134700
2016-07-27,83.51860046386719,84.37227139222094,82.82081638380106,84.26092202531147,200200
2016-07-28,83.74127960205078,83.92685996153655,83.34042534594595,83.43693075749495,94500
2016-07-29,84.23863220214844,84.52071228605378,83.71157904158066,83.80808444503293,139400
2016-08-01,84.17182922363281,84.38710312492798,83.94913052202729,84.20894756172149,406300
2016-08-02,83.71157836914062,83.96397057983916,83.36269208269022,83.90458351103213,335100
2016-08-03,83.31073760986328,83.71901100332836,83.01380790150304,83.71901100332836,116400
2016-08-04,83.22168731689453,83.79327254136571,83.00641334149326,83.33303670602832,149600
2016-08-05,82.16756439208984,83.1325788940364,82.033946302471,83.08061661826592,229600
2016-08-08,82.0636215209961,82.7985180181128,81.88546033230075,82.24177704622942,179200
2016-08-09,81.93001556396484,82.39767601058368,81.85577889264447,82.07105277985524,120500
2016-08-10,82.01908111572266,82.33086037456185,81.8186568511124,82.07846818059319,81100
2016-08-11,82.2269515991211,82.2269515991211,81.82610296548098,82.00425854303923,119900
2016-08-12,82.2417984008789,82.84307699433124,82.2343736002232,82.41995397237154,93400
2016-08-15,81.08377838134766,82.41252885700789,81.08377838134766,82.2046797471496,136500
2016-08-16,80.09649658203125,80.99470498020705,80.09649658203125,80.94274269811304,188800
2016-08-17,81.1431655883789,81.28420849304972,79.39128630385342,80.06680162257796,240400
2016-08-18,82.16756439208984,82.17498352901184,81.04665739936854,81.09119487475373,77800
2016-08-19,81.22480773925781,81.88547334446679,80.80910955983542,81.75185526344346,119700
2016-08-22,81.47721099853516,81.78155987440897,81.22481873866212,81.36586163869305,105900
2016-08-23,81.15799713134766,81.90773764095756,81.15057233184244,81.64792629290153,95400
2016-08-24,81.120849609375,81.19508058733032,80.57153357635286,81.08373695212762,92200
2016-08-25,81.18769073486328,81.44007728362848,81.09861013111299,81.09861013111299,63200
2016-08-26,79.61396789550781,81.77412582679905,79.55458082595844,81.30645973342611,170400
2016-08-29,80.2301025390625,80.36372062470882,79.7698612077334,79.7698612077334,134400
2016-08-30,79.4432373046875,80.54187551796227,79.34673755719933,80.21525227498216,127700
2016-08-31,79.66594696044922,79.69564050148381,79.16116808978886,79.40613555572635,108300
2016-09-01,79.31704711914062,79.6956326507076,79.19827863016594,79.50262748472751,191800
2016-09-02,80.43052673339844,80.43795153355353,79.4729313980629,79.4729313980629,442200
2016-09-06,81.24707794189453,81.29162107868152,80.54187485143765,80.57899318818298,147000
2016-09-07,81.31387329101562,81.49945361010317,80.83136332869562,81.22479269900732,204100
2016-09-08,81.61824798583984,81.72217254445144,81.00212543506072,81.0243941742684,153900
2016-09-09,78.6563720703125,81.35099661774605,78.60440980069684,80.96499199538154,225300
2016-09-12,79.87377166748047,80.02965846266089,78.48563444510438,78.48563444510438,152300
2016-09-13,78.7825698852539,79.65109024669104,78.46337144965703,79.6362406468235,152000
2016-09-14,79.0126953125,79.59170512534392,78.68607206896215,78.90877076473124,81600
2016-09-15,79.65107727050781,79.71788346863934,78.74544438386694,78.92359990901303,119200
2016-09-16,80.35630798339844,80.46023254757466,79.13890109150766,79.58429288990068,118800
2016-09-19,81.15799713134766,81.20253460145365,80.46763802739153,80.54186903205573,140500
2016-09-20,81.0300064086914,81.66632739136638,81.0300064086914,81.60644259091268,150900
2016-09-21,82.76678466796875,82.78924218028057,81.17223846762553,81.17223846762553,158500
2016-09-22,83.33573150634766,83.40310975349772,82.72186809824045,83.17103547050642,126500
2016-09-23,83.15606689453125,83.4180807228283,82.72186928679723,83.2234394311763,195100
2016-09-26,82.98387908935547,83.28332589779941,82.72186527376931,83.26835612753999,408100
2016-09-27,81.98820495605469,83.51537824220712,81.88339945017408,83.17850421780113,213000
2016-09-28,81.80853271484375,82.19032743402849,81.13477900789164,82.08552193644385,129900
2016-09-29,80.69310760498047,81.60641764250013,80.28885534026824,81.60641764250013,124100
2016-09-30,80.0717544555664,81.26953573871624,79.7273926936278,80.97009470153255,215100
2016-10-03,79.08360290527344,80.0642856706016,78.60449027858846,80.0642856706016,223900
2016-10-04,77.36925506591797,79.07609405682103,76.95752079648238,79.07609405682103,258900
2016-10-05,77.19709777832031,78.03554202065845,76.98748100626273,77.44413612173892,252800
2016-10-06,77.18961334228516,77.57140819696792,76.59071967656604,76.95005701829217,221800
2016-10-07,77.04736328125,78.3724134621274,76.97999075246256,77.5788786170832,174200
2016-10-10,77.76605224609375,77.78851547296813,77.04738319590905,77.04738319590905,147800
2016-10-11,76.80030822753906,77.54892223445052,76.69550272348918,77.54892223445052,214700
2016-10-12,77.5114974975586,77.63876051214504,76.76288346614868,76.7853409732555,151100
2016-10-13,78.4472427368164,78.95630036192546,77.52644522688746,77.52644522688746,111800
2016-10-14,78.11788940429688,78.82158856894759,77.97565659232609,78.20772516302026,135700
2016-10-17,78.49217224121094,78.70178323531432,78.2376462373629,78.2376462373629,147900
2016-10-18,79.16595458984375,79.32316289230495,78.23767454658434,78.88148323941016,250500
2016-10-19,79.00872802734375,79.22582678860792,78.6868237553275,79.09107603028781,99900
2016-10-20,78.93390655517578,79.50284940415163,78.86652828716758,79.11357241740632,72100
2016-10-21,78.54459381103516,78.90393110951256,78.20771973428408,78.75420485536672,138000
2016-10-24,78.78414154052734,79.07610056502823,78.41732225282888,78.84403203567419,125300
2016-10-25,79.20337677001953,79.21834653948305,78.62694069490512,78.73923395603529,107700
2016-10-26,79.36058044433594,79.47287369894778,78.73174164539292,79.07610343778964,105200
2016-10-27,79.01622772216797,79.3006990498964,78.46973686644411,79.0311974924809,277300
2016-10-28,79.225830078125,79.56270413217655,78.83654755504939,78.98627379910624,222400
2016-10-31,80.7904281616211,81.13478994459965,79.33812076583713,79.33812076583713,277400
2016-11-01,79.33065032958984,80.70061573196398,79.14349677335753,80.6556949946664,220200
2016-11-02,78.23018646240234,79.15846650159537,77.69118330691178,79.1210392172533,292600
2016-11-03,78.57454681396484,78.83656064522937,77.78850532017125,78.08794643506033,124900
2016-11-04,78.29754638671875,79.60013903978687,78.27508887743694,78.87398244515602,177400
2016-11-07,79.73490905761719,79.73490905761719,78.02806940244385,78.6119876306375,159000
2016-11-08,80.3487548828125,80.67065918292131,79.77980655231198,79.77980655231198,141700
2016-11-09,77.72858428955078,79.00122566249836,77.63874856347753,78.89642017114836,365500
2016-11-10,75.9019775390625,77.56390163221624,74.89134972096066,77.30936988703996,736300
2016-11-11,75.75225067138672,76.67304267088515,75.44531619723963,75.85705617195612,762800
2016-11-14,75.76721954345703,75.9319155313992,74.74910408297038,75.34050980718479,231300
2016-11-15,76.9800033569336,77.12972391973543,75.90948476962765,75.90948476962765,594700
2016-11-16,76.50086975097656,77.33183178334072,76.01426948792529,77.03238502827288,274300
2016-11-17,76.4933853149414,76.88266211531092,76.32868930696782,76.38109206300742,109700
2016-11-18,76.35114288330078,76.8826581561807,76.04421410272359,76.81528563537293,119000
2016-11-21,77.21955108642578,77.22703882717418,76.48590670284702,76.81529875810354,140700
2016-11-22,77.57140350341797,77.64626377923503,76.89016185709497,77.25698120662962,115000
2016-11-23,76.79283905029297,77.3692694190275,76.65808827804076,76.96501710227088,158400
2016-11-25,77.87831115722656,78.0579769125955,76.91259844097746,76.91259844097746,67400
2016-11-28,79.30070495605469,79.39054071904158,78.15532610746973,78.15532610746973,142600
2016-11-29,79.54773712158203,79.93701394668241,79.06113680660225,79.09856979678239,143900
2016-11-30,77.12222290039062,78.94884315175418,77.12222290039062,78.94884315175418,198500
2016-12-01,76.39605712890625,76.85271210277675,75.92442667736748,76.70298588345045,206700
2016-12-02,77.05485534667969,77.5938584531231,76.67306052770347,76.8901593184361,96500
2016-12-05,77.30189514160156,77.30189514160156,76.2164012475821,76.92010034360351,119700
2016-12-06,77.12972259521484,77.54894473303955,77.03240480221218,77.36179117701448,135500
2016-12-07,78.19273376464844,78.19273376464844,77.33931422064583,77.33931422064583,122300
2016-12-08,78.5146484375,78.58202667962847,77.18211619078392,77.74357679213998,111000
2016-12-09,79.25576782226562,79.25576782226562,78.35742757740432,78.39486056274208,186500
2016-12-12,79.9220199584961,80.02682544547409,78.97127712616197,78.97127712616197,148200
2016-12-13,80.74551391601562,80.79791667237166,80.1091930998432,80.17656562452721,199800
2016-12-14,79.0711898803711,81.51809625124775,78.98811557854121,80.89126497811195,260100
2016-12-15,79.6375961303711,79.72067042562756,78.51987867721382,78.95035195179463,231100
2016-12-16,80.49102020263672,80.80820992416848,79.81132382660593,79.849086977104,138900
2016-12-19,80.89126586914062,80.95168459147267,80.18136028635524,80.95168459147267,186400
2016-12-20,80.94412231445312,81.13292648053816,80.55141218420843,80.76287192832834,1479300
2016-12-21,80.63448333740234,81.3217332899769,80.60427974027135,80.89126000778437,152200
2016-12-22,80.90636444091797,80.98943874034855,80.39281684527728,80.56651922459018,104400
2016-12-23,80.8610610961914,81.06496709332399,80.6193919549969,80.98189854771206,70600
2016-12-27,80.90636444091797,81.14803355875793,80.55141742553293,80.64959352402076,109300
2016-12-28,80.1813735961914,80.93659046516602,80.0378863091425,80.92904244500644,64100
2016-12-29,81.19334411621094,81.26886462927094,80.40791810432613,80.40791810432613,70400
2016-12-30,80.81574249267578,81.32929009066635,80.55896581275735,81.32929009066635,300400
2017-01-03,80.49855041503906,80.78553646690149,80.07563087989003,80.76288088635373,288100
2017-01-04,80.89126586914062,81.32173918252514,80.60428558083312,80.74022482515699,156400
2017-01-05,80.89126586914062,81.09517185470318,80.1964678478615,80.95923261037932,165900
2017-01-06,81.12538146972656,81.32173943699694,80.58917827150633,80.679806355288,143300
2017-01-09,80.01522064208984,81.33685009142397,79.99256505913965,81.28398514392448,175300
2017-01-10,79.84153747558594,80.05299730127852,79.50924017129867,79.9699229752067,165900
2017-01-11,80.64202880859375,80.72510309675954,79.8415010446458,79.8415010446458,109600
2017-01-12,80.72510528564453,80.84594271237876,80.20400396608305,80.71755150601223,88900
2017-01-13,80.67980194091797,80.8912616963254,80.19646371088778,80.58162008173153,196500
2017-01-17,81.48036193847656,81.75224052032344,80.84598242206617,80.84598242206617,812000
2017-01-18,81.39725494384766,81.71444457476977,81.24621390869794,81.36704558444849,86600
2017-01-19,80.64958190917969,81.37458915828682,80.49853513112897,81.10271071964097,151600
2017-01-20,80.81574249267578,81.01964847103623,80.34750605391058,80.70245883276607,89200
2017-01-23,80.41545867919922,81.10270272559275,80.35503997393421,80.95166172427511,138700
2017-01-24,80.53632354736328,80.73268153954548,80.35507311865129,80.4154918488377,95100
2017-01-25,80.54387664794922,80.61939717911993,80.18892381341492,80.45324855343604,132300
2017-01-26,80.58918762207031,80.94414045575802,80.29465351791396,80.55897825730463,102100
2017-01-27,80.49102020263672,80.89128424578601,80.34752714496138,80.66471686649315,1569300
2017-01-30,80.49102020263672,80.69492623452204,80.03789120589879,80.54388515622534,204200
2017-01-31,81.75978088378906,81.76732890404422,80.4683607129116,80.49101629737213,206900
2017-02-01,80.38528442382812,81.35196108275224,80.12095391334483,81.34440730083482,178700
2017-02-02,81.08763122558594,81.11784058950504,80.11340084612104,80.51366483481694,113700
2017-02-03,81.32929229736328,81.60117078378491,81.10272497139644,81.28397537506204,98300
2017-02-06,81.14803314208984,81.63137137528798,81.0725126234988,81.51809347832453,74500
2017-02-07,81.2613296508789,81.3746133276023,81.03476805927924,81.25377586927144,94600
2017-02-08,81.94856262207031,82.06184627514278,81.31417762197205,81.31417762197205,94300
2017-02-09,81.38970947265625,82.04675014251211,81.18580347820263,81.94857403582655,104100
2017-02-10,81.93346405029297,81.99388277347248,81.23866601926831,81.3066385233069,76900
2017-02-13,82.26573944091797,82.28839501563814,81.76729374969399,81.94099609229039,566800
2017-02-14,81.69181823730469,82.14494726679774,81.26889857802425,82.14494726679774,354300
2017-02-15,81.50299835205078,81.50299835205078,80.86106520332069,81.15559930405387,124500
2017-02-16,82.28841400146484,82.28841400146484,81.39725803184263,81.49543989407624,104100
2017-02-17,82.30352020263672,82.46966304012055,81.8126281851195,82.34127758130957,93100
2017-02-21,83.16447448730469,83.29285995798685,81.9712305834607,82.16758856099312,156500
2017-02-22,83.47410583496094,83.6024912986632,82.8623821158001,83.10405124352938,112200
2017-02-23,84.33507537841797,84.56164276803567,83.57231040785774,83.69314212363193,116000
2017-02-24,85.46788787841797,85.48299544176022,84.50121125101234,84.50121125101234,184800
2017-02-27,85.04496765136719,85.33950175399515,84.94679153777359,85.33950175399515,86700
2017-02-28,85.80774688720703,85.96634174595884,84.9468000757842,84.9468000757842,353600
2017-03-01,85.12049865722656,85.78508747486809,84.501221011151,85.09784307144358,346700
2017-03-02,85.7095718383789,86.23822717156665,84.80331378412588,84.96190865552775,99500
2017-03-03,85.44523620605469,85.80774283884722,84.76553987072336,85.7322165423735,127800
2017-03-06,85.23377990722656,85.43013791480259,84.96190136192061,85.37727296220685,85100
2017-03-07,85.17335510253906,85.43013182673927,84.97699710895624,85.18846266611705,78400
2017-03-08,83.919677734375,84.58426632408545,83.81394786241756,84.54650318616669,154900
2017-03-09,83.71578979492188,84.21423570021366,83.63271547737324,83.90459401446923,97600
2017-03-10,84.3879165649414,84.44833528673445,83.86682093455418,84.15380122030145,75400
2017-03-13,84.65226745605469,84.6824768262959,84.2973203198789,84.38794266875433,116900
2017-03-14,84.47098541259766,84.73531010106652,84.27462746037249,84.57671528798521,88000
2017-03-15,85.9587631225586,86.34392524641886,84.76551937371842,84.76551937371842,102300
2017-03-16,85.08272552490234,85.86059788937284,84.90146934848154,85.78507160160744,83500
2017-03-17,85.61892700195312,86.04940032893522,85.25642041835663,85.27907599948514,125100
2017-03-20,84.9920883178711,85.95876477434655,84.78062856324786,85.74730501972331,91900
2017-03-21,86.05696105957031,86.35904896354775,84.96189888973058,85.00721005868056,113700
2017-03-22,86.38170623779297,86.84994278620985,86.10982769507963,86.27597633360973,160500
2017-03-23,86.23063659667969,86.97075144261945,86.00406929886151,86.38923140041412,84300
2017-03-24,86.61365509033203,86.84208903187927,86.13395078426257,86.21770950887546,117800
2017-03-27,86.24054718017578,86.895384914708,85.90551229944316,86.78878396344147,113000
2017-03-28,86.3243179321289,86.37761841519112,85.88268203857513,86.27101744906669,73500
2017-03-29,86.02734375,86.3852150461449,85.66185063120778,86.3852150461449,110700
2017-03-30,85.48670959472656,86.04256233226391,85.18213880029487,86.02733611626854,109400
2017-03-31,85.7608413696289,86.17201897759594,85.47149674594088,85.47149674594088,73800
2017-04-03,85.7075424194336,85.83699141986713,85.11362113377531,85.83699141986713,472000
2017-04-04,85.98167419433594,86.30909313467079,85.47151155523575,85.6466450481524,133400
2017-04-05,86.47657775878906,86.53749423834032,85.79889789939821,85.94357308600364,66100
2017-04-06,86.37761688232422,86.44614358390943,85.96643924486236,86.40045911618596,84600
2017-04-07,85.9588394165039,86.65175162380845,85.92838116251401,86.6136773539916,104300
2017-04-10,86.0806655883789,86.14157628219786,85.56288693035417,85.98167481845283,67300
2017-04-11,86.09588623046875,86.21010321411892,85.54764935640168,86.06542798087423,58000
2017-04-12,86.6897964477539,86.71263867968875,85.76845630071169,85.99689023869283,67000
2017-04-13,86.3243179321289,86.78879605994979,85.99689901922758,86.78879605994979,1127700
2017-04-17,86.78877258300781,86.79638278616027,86.34713680891944,86.44612173373979,138200
2017-04-18,86.92585754394531,87.0629109531255,86.59082260777035,86.72026581154083,375600
2017-04-19,86.30907440185547,86.82685294374139,86.06541425328071,86.82685294374139,180200
2017-04-20,85.943603515625,86.20248993140761,85.3725243885921,86.20248993140761,109200
2017-04-21,86.37761688232422,86.71264599449114,86.00450769819297,86.00450769819297,72200
2017-04-24,86.79639434814453,86.93345354424606,86.0044974161486,86.38521675983993,469900
2017-04-25,86.76593780517578,86.87253875875471,86.40806649491296,86.66695286522857,905200
2017-04-26,86.56797790527344,87.19235748078148,86.4689871445978,86.72026333956634,66000
2017-04-27,86.78115844726562,87.268478688069,86.57556677139561,86.6136410252428,73500
2017-04-28,86.33191680908203,86.880153596822,86.1339469318663,86.743094399887,74300
2017-05-01,85.90553283691406,86.51468625491009,85.70755710466773,86.51468625491009,111800
2017-05-02,85.97406005859375,86.20248821927956,85.63902511840728,85.913143558684,149100
2017-05-03,85.63139343261719,85.9664283114906,85.56286673974732,85.9664283114906,78800
2017-05-04,85.88267517089844,85.95881788213894,85.31921213653891,85.49433979146042,154800
2017-05-05,86.40808868408203,86.64413288343376,85.97406874468042,85.97406874468042,91600
2017-05-08,86.33953094482422,86.49943236955133,85.92835336296189,86.38521540637022,56300
2017-05-09,85.58570861816406,86.25577256383468,85.47910766792819,86.23293033297216,112600
2017-05-10,85.8293685913086,85.9283535279537,85.35727452026772,85.69992541046896,65700
2017-05-11,85.95120239257812,85.9740504344745,85.3420548896214,85.63139951782709,70400
2017-05-12,86.35478210449219,86.53752580048138,86.04258938991485,86.18726462928653,63400
2017-05-15,86.73546600341797,86.89536739808437,86.33189870147135,86.42327341670142,81600
2017-05-16,86.0045394897461,86.80405282634796,86.0045394897461,86.68221978829399,64400
2017-05-17,86.2862548828125,86.63651607550186,85.84461893186246,86.08066893837311,86200
2017-05-18,86.5299072265625,86.8801683873994,85.82176889006348,86.33193150632698,89100
2017-05-19,86.85733032226562,86.90301479477591,86.04259097636653,86.54514341124954,120200
2017-05-22,87.64921569824219,87.74059044034782,86.80401821404432,86.83447646141286,53500
2017-05-23,87.89289855957031,88.37260300850974,87.71776504431536,87.71776504431536,66400
2017-05-24,88.46395874023438,88.52487523759171,87.95379614582983,87.95379614582983,68800
2017-05-25,89.21015930175781,89.2863020085471,88.41064635717994,88.53247352617957,80200
2017-05-26,89.14163208007812,89.278691284145,88.98173064355286,89.2101645867698,71500
2017-05-30,89.35484313964844,89.55281885674204,88.97412373486995,89.14925721716757,79500
2017-05-31,89.78886413574219,90.05536656050946,89.54520394605252,89.55281996085077,174900
2017-06-01,90.48177337646484,90.49699959626072,89.53758508824484,89.73556080149316,185700
2017-06-02,90.67214965820312,90.96911037772831,90.352346700148,90.96911037772831,123200
2017-06-05,90.21524810791016,90.67211010718046,90.15433162552331,90.5274349138406,138400
2017-06-06,90.04013061523438,90.33709125780356,90.00205635467256,90.3294752438279,65400
2017-06-07,90.3066177368164,90.51220941417007,89.95635667429353,90.07057362734383,53900
2017-06-08,89.71270751953125,90.23810208220294,89.1187862622413,90.23810208220294,159500
2017-06-09,89.75840759277344,89.76602360771653,89.09595952565684,89.54520564890524,81700
2017-06-12,89.59849548339844,90.17719055461491,89.11879116672225,89.77362895036589,105300
2017-06-13,89.75840759277344,89.84978234413865,89.29392943963887,89.49190516293818,152600
2017-06-14,90.26094818115234,90.68735201300166,89.99444578624652,90.2381059486342,56600
2017-06-15,90.77871704101562,90.78633305414576,90.00204636258688,90.05534683586605,77900
2017-06-16,91.20515441894531,91.2965291822134,90.80920873008625,90.83966698450895,151100
2017-06-19,90.83963012695312,91.28126011359889,90.55027973199843,91.2203494387856,200300
2017-06-20,90.8320541381836,90.9386551277239,90.68737887695679,90.8320541381836,78500
2017-06-21,90.25333404541016,90.79395486041719,89.88784669888096,90.79395486041719,55100
2017-06-22,89.87260437011719,90.45129937999857,89.83453592259671,90.18479701009134,54700
2017-06-23,89.57566833496094,90.23812224419817,89.46145134242796,89.79648630470668,89600
2017-06-26,90.2304916381836,90.66451149217181,89.5604276312962,89.69748683830916,54700
2017-06-27,89.23300170898438,90.06296709046316,89.01979980582712,89.91829188075666,155900
2017-06-28,88.45508575439453,89.5674847223529,88.4243981193592,89.44473418221156,103700
2017-06-29,87.77229309082031,88.05614344331103,87.43473499265048,87.98710066126755,94200
2017-06-30,87.6572494506836,88.24029712109619,87.64957607650014,87.88739799856134,160500
2017-07-03,87.21994018554688,87.97176679213086,87.18925254912554,87.85668961881792,324200
2017-07-05,86.90538787841797,87.45008020269698,86.59851739701735,87.35034978379551,234400
2017-07-06,86.71361541748047,86.84403350119985,86.49880778474996,86.6752602562466,108200
2017-07-07,86.9284439086914,87.22764116222544,86.7136362244178,86.7136362244178,105800
2017-07-10,86.71361541748047,87.24296697890138,86.69827452360073,87.05884698699937,201600
2017-07-11,86.6445541381836,86.88237598755195,86.2916551235162,86.82100071898341,99700
2017-07-12,87.42707824707031,87.68024686884179,87.29666017636444,87.42707824707031,110200
2017-07-13,87.0665054321289,87.6265445760033,87.0511645398482,87.48077976052878,83500
2017-07-14,87.49613189697266,87.8797186113775,87.44242999107873,87.59586233561316,63400
2017-07-17,87.85669708251953,87.88738472154787,87.38872668327616,87.49613049334103,56200
2017-07-18,88.09452056884766,88.19425100107365,87.87971295908804,87.99478428355327,69500
2017-07-19,88.50879669189453,88.570166115165,88.11753662156926,88.2326138014377,47700
2017-07-20,89.22994232177734,89.29899097604749,88.68524987327055,88.80032706167485,74500
2017-07-21,89.94339752197266,89.95107089395695,89.03813277906642,89.14553657457496,52000
2017-07-24,89.18390655517578,89.89737804173993,89.0074541001896,89.89737804173993,65800
2017-07-25,88.82333374023438,89.1992470607084,88.71592993438466,89.11486337302799,61800
2017-07-26,89.49846649169922,89.5444950303485,88.80033577248108,88.84636431113036,47500
2017-07-27,89.75161743164062,89.75161743164062,89.222271748007,89.40639173131137,56200
2017-07-28,89.613525390625,89.83600638497549,89.2759730656352,89.59818449756266,53700
2017-07-31,89.98178100585938,90.13521336546461,89.43708852027068,89.67491043357958,146700
2017-08-01,90.43439483642578,90.55714538521792,90.01245299435651,90.01245299435651,144500
2017-08-02,90.68756866455078,90.71058293050466,89.77463042792247,90.25028005222109,149600
2017-08-03,91.00211334228516,91.00211334228516,90.3883722640138,90.76428560159394,72600
2017-08-04,90.75665283203125,90.86405668389303,90.27332964558228,90.65691650310892,60700
2017-08-07,91.00977325439453,91.00977325439453,90.69523522154884,90.83332665996281,61900
2017-08-08,91.3626708984375,91.40103190693652,90.9560699618476,90.9560699618476,70400
2017-08-09,90.89471435546875,91.50844961324327,90.84101244725012,91.50844961324327,64300
2017-08-10,91.12487030029297,91.29364941216792,90.54949015693897,90.8410198422028,65500
2017-08-11,90.59551239013672,91.06348867573986,90.26563341651946,91.06348867573986,77100
2017-08-14,91.18622589111328,91.20924015538533,90.66454777303001,90.66454777303001,57200
2017-08-15,91.56214904785156,91.60051006114382,90.77196133980954,90.77963471308175,71900
2017-08-16,91.95339965820312,91.96107303068396,91.47008254713923,91.57748634959788,49900
2017-08-17,91.23992156982422,91.99175398549178,91.17854630057221,91.85366255620868,111800
2017-08-18,91.78463745117188,92.12986318637124,91.01746394800055,91.25528586100147,67100
2017-08-21,92.09149169921875,92.2372565119657,91.66954400603986,91.86133734783603,261000
2017-08-22,92.35233306884766,92.40603497347152,91.89203019306188,92.09917029166009,76900
2017-08-23,92.64385986328125,92.71290265864609,92.06080645023725,92.38301786807666,84700
2017-08-24,92.64385986328125,92.83565321005258,92.42905225138831,92.63618649055124,70200
2017-08-25,92.9123764038086,93.21157357915048,92.63619349532856,93.0197802178765,95700
2017-08-28,93.01978302001953,93.18856211951598,92.6668839270129,92.94306684381272,77100
2017-08-29,92.9123764038086,93.27294885949468,92.86634787008488,93.17321256566812,60100
2017-08-30,92.51343536376953,93.13484978353037,92.4597334611303,92.85866689765187,44400
2017-08-31,92.59014129638672,92.83563650194824,92.59014129638672,92.67453082202356,49800
2017-09-01,92.42137908935547,92.95839812031208,92.18355721179876,92.6668743396597,679500
2017-09-05,92.61315155029297,92.6745268122947,92.1835364224152,92.56712303032525,102300
2017-09-06,92.19889068603516,92.78961157255887,92.09148688848539,92.74358304591411,44400
2017-09-07,92.88936614990234,92.92005379140019,92.21424974308786,92.38302884479148,108700
2017-09-08,93.27294158935547,93.38034539505182,92.54412336148062,92.78195109100976,208000
2017-09-11,94.13984680175781,94.18587533257548,93.18855342875882,93.18855342875882,62500
2017-09-12,92.57482147216797,94.04012561332993,92.122191933109,94.04012561332993,126000
2017-09-13,92.05314636230469,92.5441369326519,92.03780546769914,92.5441369326519,83800
2017-09-14,92.9123764038086,92.9123764038086,91.78463050302662,92.06081341150664,101300
2017-09-15,93.01211547851562,93.24226987463628,92.5978410773401,92.90471165447784,57800
2017-09-18,92.1758804321289,93.05813096729305,91.59282703930599,92.98140894879059,115200
2017-09-19,91.93806457519531,92.28329614380492,91.8460075060213,92.27562277035075,528700
2017-09-20,91.24761199951172,92.16821779811798,90.94841482231124,92.09917499710353,112100
2017-09-21,91.20924377441406,91.80763808150351,91.1555418712924,91.3243209534086,70900
2017-09-22,90.56481170654297,91.38568691520625,90.56481170654297,91.38568691520625,70500
2017-09-25,91.37802124023438,91.42404976979066,90.53413169764859,90.71825166894206,102700
2017-09-26,91.2169189453125,91.58515890167193,91.0174522213278,91.2552741036878,174100
2017-09-27,90.1828384399414,91.04135479518636,89.71104095099194,90.88666960901281,169700
2017-09-28,90.46900177001953,90.60822078136951,89.2779070953277,90.03587857953556,88500
2017-09-29,90.32205200195312,90.62369222734077,90.09002423673407,90.51541142339963,117600
2017-10-02,90.61595916748047,90.8943912965632,90.21376827940118,90.60822313863173,368300
2017-10-03,90.29109954833984,90.7474307794422,89.86571242875394,90.7474307794422,398100
2017-10-04,91.16510772705078,91.20377607318976,90.16737234322383,90.36073177650358,102000
2017-10-05,91.11868286132812,91.28884007950803,90.8170426657767,91.15735710213653,97300
2017-10-06,91.0413589477539,91.05683100759394,90.49221884067036,90.83253334680852,51800
2017-10-09,91.1573715209961,91.38166917126976,91.05682674019546,91.10323111581704,69000
2017-10-10,92.0313491821289,92.0313491821289,91.19604096066432,91.31978792275262,57400
2017-10-11,92.39485931396484,92.85119058777848,92.0004044672549,92.0004044672549,102700
2017-10-12,92.8898696899414,93.09096515089396,92.41034207648889,92.41034207648889,101200
2017-10-13,92.27884674072266,93.17603727248759,92.03908295072323,93.15283508646974,146600
2017-10-16,92.0777587890625,92.36392695605288,91.50541065335922,92.30978655412001,85300
2017-10-17,92.58050537109375,92.77386482750862,91.86120795719594,91.97722481121733,118100
2017-10-18,92.5031509399414,92.64236996679209,92.17830851091033,92.37166794259953,52500
2017-10-19,93.3926010131836,93.3926010131836,92.57275895053601,92.64236551018212,57300
2017-10-20,93.46994018554688,93.58595701491113,93.00587876895094,93.15283381286973,96100
2017-10-23,93.4776611328125,93.59367794345872,93.1141445465224,93.54726767868416,100100
2017-10-24,93.44673156738281,93.53181017633608,92.98267018273081,93.32298461854391,296000
2017-10-25,93.06776428222656,93.21471343962772,91.97721424096159,93.01362387668685,376000
2017-10-26,93.19152069091797,93.97269453642515,93.14511631028701,93.42355439579724,80600
2017-10-27,93.7947998046875,93.93401884530839,93.02909803170374,93.12191269240503,72100
2017-10-30,93.77159881591797,93.97269429958236,93.12191388527299,93.12191388527299,108600
2017-10-31,93.85664367675781,94.07320524238484,93.5240653007277,93.77156507585289,249000
2017-11-01,93.37715148925781,94.07324081315993,93.27660079515374,94.07324081315993,111200
2017-11-02,93.65555572509766,94.10415094726137,93.19149434738301,93.5008705661463,100500
2017-11-03,93.95719146728516,94.35937637677502,93.47765808597886,93.64007925524554,98900
2017-11-06,93.67877197265625,94.15829954770666,93.62463157221956,94.06549080459294,120900
2017-11-07,94.7151870727539,94.80800172796161,93.50862605936271,93.89534493810213,77600
2017-11-08,94.69198608398438,94.93948593347913,94.08096953973066,94.65331183527569,66700
2017-11-09,94.7693099975586,94.91626503264642,94.4444676155483,94.4444676155483,171200
2017-11-10,94.35165405273438,94.5450134586385,94.08868809311794,94.36712610968874,176000
2017-11-13,95.39580535888672,95.4422156345784,94.3903398654431,94.3903398654431,120800
2017-11-14,96.58688354492188,96.63329381263316,95.25657585469497,95.25657585469497,170000
2017-11-15,95.72837829589844,97.09736628309322,95.71291213880036,96.92720905070868,280800
2017-11-16,95.61236572265625,95.92173606619114,95.29525344941362,95.80572513779609,390500
2017-11-17,95.02456665039062,95.56597073905141,94.95495418135596,95.52730239035392,202200
2017-11-20,94.75386047363281,95.07096688291526,94.57596719462431,95.07096688291526,78700
2017-11-21,94.99362182617188,95.21791947612545,94.77706020576473,94.92401526283882,48700
2017-11-22,94.93173217773438,95.1405636403889,94.66103018990513,95.07868721435344,153500
2017-11-24,95.06322479248047,95.4035333473218,94.97041014978137,95.12509532008552,65000
2017-11-27,95.5427474975586,95.65876431981164,95.009073655711,95.1405625347235,93500
2017-11-28,95.99907684326172,96.16149803083184,95.70516677930198,95.9372004191796,101900
2017-11-29,96.06097412109375,96.50956946933961,95.51957001173649,95.83668234783305,134700
2017-11-30,96.5714340209961,96.71065304638509,96.1151026985527,96.17697913225037,205600
2017-12-01,96.16924285888672,97.06643344264259,95.65104100492161,96.68745061371332,231100
2017-12-04,95.64330291748047,96.57142573991207,95.51181403193284,96.28525168424618,168900
2017-12-05,94.42899322509766,95.72063849455013,94.16602727497691,95.72063849455013,371100
2017-12-06,94.80799102783203,94.9394740155573,94.32072151906257,94.61463161028507,191600
2017-12-07,94.95494079589844,94.97814888287976,94.35939638232334,94.77705343506976,90500
2017-12-08,95.27980041503906,95.27980041503906,94.59917140345578,95.00136234682078,99400
2017-12-11,95.74385833740234,95.75932449579004,94.93174635179906,95.32620125059451,93300
2017-12-12,94.05001831054688,95.56595541660316,94.05001831054688,95.56595541660316,146700
2017-12-13,94.32069396972656,94.69968256604304,94.08093025027445,94.35936820228437,154100
2017-12-14,94.08300018310547,94.53506142733704,93.49844007480864,94.31682660500536,187900
2017-12-15,94.46488952636719,94.87798357014576,94.16091881526046,94.16091881526046,153600
2017-12-18,93.56080627441406,94.8390440619415,93.41271579227065,94.54286904410834,189700
2017-12-19,91.93962097167969,93.84139192262906,91.86947660699062,93.60756548075864,247800
2017-12-20,91.29271697998047,92.20463545276655,91.24595406471856,91.9006646106559,239200
2017-12-21,90.28726196289062,90.8250592104023,90.0222642125798,90.78609210112604,228300
2017-12-22,90.41976928710938,90.74712155706665,90.26388300632954,90.26388300632954,131000
2017-12-26,89.95214080810547,90.80949471585278,89.90537194104138,90.48993223447657,154100
2017-12-27,90.33403015136719,90.52888353566848,90.06902645656169,90.06902645656169,151800
2017-12-28,90.86402893066406,90.8874103846622,90.31843590274359,90.4899078273342,112600
2017-12-29,90.87181854248047,91.30829415294569,90.77049692660715,91.05888206687408,164100
2018-01-02,90.09241485595703,91.01212313861232,89.85079854366369,90.91080151168856,214900
2018-01-03,89.36756134033203,90.41976845346716,89.11035343925687,89.90535265131683,507000
2018-01-04,88.66605377197266,89.76502337207208,88.55693639172027,89.17267357825946,536200
2018-01-05,88.65048217773438,89.11033919522133,88.22180835758493,88.90769003769559,305900
2018-01-08,89.44551086425781,89.44551086425781,88.6115385085015,88.69727448449595,257400
2018-01-09,88.54916381835938,89.44549048818898,88.44004640948825,89.42989888894864,257500
2018-01-10,87.42681121826172,88.31534213610674,87.35666685727806,88.31534213610674,440200
2018-01-11,87.19297790527344,87.78532779904064,86.93577005994038,87.46577140193627,227700
2018-01-12,86.69414520263672,87.38002677562314,86.49929187487847,86.96693867220793,307800
2018-01-16,86.48370361328125,87.25532115594945,86.12517418995611,86.96694202547698,291100
2018-01-17,87.06828308105469,87.29431371406727,86.39798698217683,86.64739906921605,488600
2018-01-18,86.50709533691406,87.1072470108457,86.10180296785002,87.1072470108457,311000
2018-01-19,86.36680603027344,87.06048355347872,86.24989876514566,86.7019540653633,190700
2018-01-22,86.50709533691406,87.23974586741927,86.33562343007645,86.70194869532907,226900
2018-01-23,87.2865219116211,87.7931419090626,86.54608141675132,86.70196174837017,466000
2018-01-24,86.91239929199219,87.38004619324226,86.78769028021725,87.36445459354391,329900
2018-01-25,88.08930969238281,88.16725579825236,86.89680800859588,86.98254396788998,414500
2018-01-26,88.10490417480469,88.47901933082585,87.29431340815458,88.25299464505854,307000
2018-01-29,87.00592803955078,87.91005056606113,86.93578367790076,87.79313735019126,285400
2018-01-30,87.1306381225586,87.39563586508592,86.92019314212502,86.92019314212502,279800
2018-01-31,88.02696228027344,88.05813953373709,86.81886898098224,87.3410745969791,609100
2018-02-01,86.7097396850586,88.2295934178113,86.43694618769943,87.8944454220694,333700
2018-02-02,86.0082778930664,86.84225009397696,85.9537191863322,86.27328157324195,566200
2018-02-05,84.39488983154297,86.6863673430332,84.34033112633857,85.80562631358002,403300
2018-02-06,83.26473999023438,83.91944443157493,81.69811729637989,83.67782816581153,778700
2018-02-07,82.99972534179688,84.17664115630357,82.97634389290799,83.24913737403155,219700
2018-02-08,81.9631118774414,83.78693628744794,81.9631118774414,82.77369653980962,288300
2018-02-09,83.81814575195312,84.42608745562491,82.10343213122175,82.27490408794033,342800
2018-02-12,84.41825866699219,84.78458389566421,83.17899428552077,83.88825734717028,368800
2018-02-13,84.68328094482422,84.94048883602571,83.45180614433218,84.2779825805455,228500
2018-02-14,83.77914428710938,84.48841333190258,83.53752803716775,84.04414793395543,256200
2018-02-15,85.59519958496094,85.59519958496094,83.9350507912224,83.9973993586579,185500
2018-02-16,86.312255859375,86.483727793789,85.36137036595449,85.62637406817254,257300
2018-02-20,85.21326446533203,86.17973537114176,84.76120328731784,85.99267782889356,135600
2018-02-21,84.0831298828125,85.73548871513653,84.0831298828125,85.2210729285481,206900
2018-02-22,84.48064422607422,85.12755897643095,84.11431886270464,84.3247638761721,103000
2018-02-23,86.6629867553711,86.73313111428284,84.71445305511689,84.71445305511689,173300
2018-02-26,86.37460327148438,87.11504371309694,86.2031313511649,86.90460468590226,119000
2018-02-27,84.97166442871094,86.94358574756458,84.97166442871094,86.44476154057222,144200
2018-02-28,84.41049194335938,85.50946198404131,84.3715188863085,85.21328696839697,128200
2018-03-01,84.41049194335938,85.67313812003847,84.0207851586651,84.51181356665657,139500
2018-03-02,84.15327453613281,85.03400962937022,83.47518266660833,84.34033210665741,115800
2018-03-05,85.75106048583984,85.96930123498308,83.85708566755511,83.99738031877814,138100
2018-03-06,84.71446228027344,85.77446520435917,84.5507861452026,85.77446520435917,248100
2018-03-07,84.22341918945312,84.87033380840846,83.93504000606441,84.44165401356987,140700
2018-03-08,84.8079833984375,84.9560738704345,84.36371792889977,84.39489518334405,83200
2018-03-09,85.02621459960938,85.0496019992831,84.37151012361731,84.68327670828387,113500
2018-03-12,85.46269226074219,85.54842822225743,85.02621665308644,85.02621665308644,100800
2018-03-13,85.65753936767578,86.18754075167858,85.04959782794224,85.75106517597158,123000
2018-03-14,86.4057846069336,86.71755120892936,85.7978430035912,85.7978430035912,147600
2018-03-15,86.4213638305664,87.13842874573629,85.93033548281622,86.45254108309143,170000
2018-03-16,87.23735046386719,87.4022745134463,86.38916450163941,86.42843470040205,159000
2018-03-19,86.73473358154297,87.38657462069374,86.23210613382122,87.20594606480813,250200
2018-03-20,86.33416748046875,87.05669341314365,86.13782852103822,86.67972596643915,145900
2018-03-21,86.09858703613281,87.17452704955515,85.87868828694671,86.45985012290878,150100
2018-03-22,86.42058563232422,87.8028140407367,85.99649262093203,86.06717179360164,217700
2018-03-23,85.17972564697266,87.11170101923858,85.03050606401254,86.54624364359162,199100
2018-03-26,86.0828857421875,86.1928351208571,85.37606402803168,85.49386864568962,133700
2018-03-27,87.30020141601562,88.11696662256128,85.96509222973893,86.3106508883646,158300
2018-03-28,87.37871551513672,87.81065774615038,86.7896984795617,87.36300503878502,168400
2018-03-29,87.81066131591797,88.19549010889438,87.62217753457305,87.63788201977205,195500
2018-04-02,87.04886627197266,88.28188108726832,86.45984920357655,87.82637311634538,242400
2018-04-03,87.4651107788086,87.80281414057201,86.78184881660127,87.0410177669342,160700
2018-04-04,87.6064682006836,87.74783252681614,86.73472252149806,87.23734990512688,163900
2018-04-05,88.31328582763672,88.50177559458403,86.67974978996489,87.5514954887749,212000
2018-04-06,87.61432647705078,88.56460665940952,87.48081737521836,88.27402873092619,87500
2018-04-09,87.75569152832031,88.39183406252816,87.43369863354127,87.65359738934973,244900
2018-04-10,87.26091766357422,87.92061391841835,87.04886815895175,87.92061391841835,256300
2018-04-11,87.11170959472656,87.46512348519273,86.82113163104131,87.14312456222082,195700
2018-04-12,86.09072875976562,87.37085691071611,85.88653451759868,87.21378810399747,106500
2018-04-13,86.65621948242188,87.02533793710747,86.25569204553607,86.25569204553607,77000
2018-04-16,87.87348175048828,87.9363116680818,86.79754188091462,86.79754188091462,217900
2018-04-17,88.75308227539062,89.06722587034265,87.76353204841847,88.11693984787031,135600
2018-04-18,88.43896484375,89.58558421151257,88.4311096038099,88.82378771572006,112000
2018-04-19,88.3290023803711,88.51748616849326,87.71642557513036,88.21905300465053,163600
2018-04-20,87.63787078857422,88.36040284275145,87.42582731070945,88.30542816391313,70300
2018-04-23,87.85778045654297,88.21904350813473,87.55149208689362,87.6928564107157,111200
2018-04-24,88.47824096679688,88.96515802337072,87.81068333848661,87.96775818882728,163700
2018-04-25,88.45463562011719,88.8080493812192,87.8499141946349,88.25829663899057,114300
2018-04-26,89.44420623779297,89.53845112735226,88.28973180580586,88.59602020713407,94600
2018-04-27,90.29238891601562,90.55940710549889,89.06723535619103,89.32639830722145,241700
2018-04-30,89.97826385498047,90.65367069830572,89.90758466969396,90.3238225167169,199000
2018-05-01,89.79761505126953,90.06463924532278,89.6326909866153,89.95468986888663,112700
2018-05-02,89.67980194091797,90.08818441716905,89.3106836688847,89.82116625804154,84500
2018-05-03,89.82904815673828,90.09607240471996,88.65101374975563,89.54631941971903,167500
2018-05-04,90.20600891113281,90.5986869906722,89.97039966669239,89.97039966669239,128700
2018-05-07,89.79761505126953,90.3552231640707,89.71123139131966,90.27668275936632,71600
2018-05-08,87.69285583496094,89.49917108106025,87.551491512067,89.49917108106025,113500
2018-05-09,87.17452239990234,87.81065888923115,86.83681905543828,87.80280964274425,114200
2018-05-10,88.30543518066406,88.32113966509834,87.38656405879495,87.48866417888657,371800
2018-05-11,88.44680786132812,88.65099613721428,88.13266421685265,88.46251234724565,50600
2018-05-14,88.10909271240234,88.69025448231942,87.74782966668141,88.59600960403928,138800
2018-05-15,87.37085723876953,87.88133985020816,87.0174494264302,87.67714560727453,109800
2018-05-16,86.75044250488281,87.48867922789148,86.42844958836957,87.40228956916528,78100
2018-05-17,86.05146026611328,86.9624761401351,85.94151090087493,86.79754610048654,169500
2018-05-18,86.09858703613281,86.5540950118992,85.53313567756491,86.20068716382032,100200
2018-05-21,86.53836822509766,86.77397139917075,85.8551064375267,86.18495447630303,106200
2018-05-22,86.89179229736328,87.32374051862048,86.55408895850523,86.61691888010466,106000
2018-05-23,87.68501281738281,87.8185219210029,87.00960606851541,87.0802852439172,106300
2018-05-24,88.3447036743164,88.39182911348804,87.520083386205,87.70071192902358,84100
2018-05-25,88.72164916992188,88.93369260786426,88.33682649050594,88.43892059147235,70000
2018-05-29,88.86306762695312,89.37355042653655,88.26619515397282,88.58819411695994,220800
2018-05-30,89.60126495361328,89.83687415503559,88.58816096615368,88.77664473221698,88900
2018-05-31,89.69551086425781,90.19813824073535,89.027959441604,89.49131662012914,277200
2018-06-01,88.3682861328125,89.48349660598736,88.02273344347013,89.48349660598736,72900
2018-06-04,87.74784088134766,88.82377491821647,87.64574075221415,88.50178202857415,117900
2018-06-05,87.1274185180664,87.92847920358791,86.93107946857864,87.8420895424699,67600
2018-06-06,85.36036682128906,87.16668247618155,85.25826668110905,87.16668247618155,263500
2018-06-07,85.74519348144531,86.56196468014025,85.19544651683935,85.47816924735632,152900
2018-06-08,85.7608871459961,86.05932631065338,85.48601369838423,85.7844528630415,84400
2018-06-11,85.36819458007812,86.20067601231922,85.21112577720511,85.9807772915807,111700
2018-06-12,86.44413757324219,86.46769729534411,85.26610353381845,85.26610353381845,330900
2018-06-13,86.18497467041016,86.94677102783625,85.99649088862982,86.40487341445245,89600
2018-06-14,87.182373046875,87.36300157522051,86.19282278863884,86.19282278863884,148400
2018-06-15,87.7870864868164,87.81850144360027,86.52266293727047,87.17450980900713,122700
2018-06-18,88.17977905273438,88.36041358618905,87.67715164458828,87.71642184501492,131800
2018-06-19,89.1222152709961,89.28713933743462,87.73213158105577,88.16407984443647,141000
2018-06-20,89.11434173583984,89.36565540335683,88.77663843338357,89.14575669325328,126500
2018-06-21,89.40494537353516,89.86830863919033,88.99656279304222,89.12222265891216,116100
2018-06-22,90.01751708984375,90.19029039634123,89.51488967216218,89.56986435872763,271700
2018-06-25,91.32904815673828,91.50967667777094,90.02535434640565,90.02535434640565,235700
2018-06-26,91.32119750976562,91.94162948772512,91.10129878173764,91.16412870168591,139800
2018-06-27,91.83952331542969,91.96517714705377,91.10914206925737,91.29762581258856,104500
2018-06-28,91.8126220703125,92.61278554353986,91.67001873888888,91.89976888642177,107600
2018-06-29,91.86805725097656,92.24833472789611,91.27387784874976,91.62246503223389,140700
2018-07-02,92.5652084350586,92.57313251802665,91.5590674930707,91.86804024147746,152600
2018-07-03,92.80290985107422,93.37332310637323,92.26418689265914,92.66030653724945,338100
2018-07-05,93.3812255859375,93.41291587548923,92.50183969486714,92.93756757651792,177100
2018-07-06,94.14970397949219,94.27646515323373,93.44461157239479,93.47630186583018,123700
2018-07-09,91.2659683227539,94.16556716942154,90.96491955355333,94.16556716942154,248500
2018-07-10,92.08988189697266,92.54938207852335,90.4657951815202,90.95697961173167,443300
2018-07-11,92.83457946777344,93.01679712318817,92.09779685119172,92.09779685119172,103000
2018-07-12,92.90589904785156,93.08019265905767,92.44640485248813,92.9534375154662,101600
2018-07-13,92.93756866455078,93.12771040408721,92.42261807514443,93.01679741151001,182300
2018-07-16,92.78704833984375,93.00095024373974,92.34339032046287,92.89796133361276,94200
2018-07-17,92.72367858886719,93.08810790300058,92.64445587610872,92.98511898084512,66900
2018-07-18,92.2721176147461,92.69200350112368,91.89976415496022,92.62862290279703,114500
2018-07-19,93.19112396240234,93.61101594647525,92.43057481869926,92.43057481869926,64000
2018-07-20,92.51768493652344,93.20693515782466,91.94727179397138,92.93757070970624,82700
2018-07-23,91.91559600830078,92.58108012773138,91.63039543632294,92.58108012773138,67700
2018-07-24,92.16910552978516,92.31963291180456,90.60839938464333,91.79675818339337,93600
2018-07-25,92.32758331298828,92.7950016724616,91.8997732981799,92.03445254979351,100100
2018-07-26,93.35748291015625,93.56346683534359,92.67616262402574,92.67616262402574,162600
2018-07-27,92.96134948730469,93.72982251692056,92.64445862686185,93.37331727676953,72700
2018-07-30,92.40678405761719,92.84251805539466,92.20080016373095,92.84251805539466,65000
2018-07-31,93.40499877929688,93.49214557100709,92.53353690649989,92.8583518211701,91100
2018-08-01,92.62067413330078,93.07225016902633,91.8997336662049,93.07225016902633,64700
2018-08-02,93.20693969726562,93.34954298984883,92.12949394092708,92.59691215065216,172600
2018-08-03,94.0387954711914,94.27646966116875,93.13564322016668,93.27032848478356,135600
2018-08-06,94.19725036621094,94.6725927191194,94.05464705590781,94.11802764811053,97600
2018-08-07,94.05464935302734,94.20517675210867,93.41293746314355,94.14179615835799,186400
2018-08-08,93.6426773071289,93.91996588118353,93.30993827143034,93.8961936263715,87200
2018-08-09,94.13388061523438,94.16557091498545,93.43671215363076,93.73776093480596,68400
2018-08-10,93.69813537597656,94.87065214972243,93.68229325014345,94.30023891083557,91700
2018-08-13,93.81697082519531,93.9199657963703,93.37331877799787,93.72982402388071,70800
2018-08-14,94.11009979248047,94.37154019161257,93.92788210827472,93.92788210827472,88900
2018-08-15,94.75181579589844,95.34599525035972,94.1972507227903,94.26063131523293,681100
2018-08-16,95.8371810913086,95.88471351116445,94.50621893659357,94.72804495499513,141500
2018-08-17,96.28081512451172,96.69278283391398,95.65494552145005,95.8213150041417,165400
2018-08-20,96.00357818603516,96.4709965670511,95.85305075417226,96.4709965670511,125400
2018-08-21,95.36184692382812,95.93225414384837,95.16378709839846,95.93225414384837,101600
2018-08-22,94.6805191040039,95.4727583928634,94.37154626489318,95.4727583928634,85800
2018-08-23,94.5774917602539,95.21920947473922,94.45866074303814,94.68048670091295,173200
2018-08-24,95.01324462890625,95.06870112945955,94.20516332880015,94.52997824795375,190400
2018-08-27,94.34776306152344,95.10039392519334,93.99918192500044,95.10039392519334,339200
2018-08-28,94.13388061523438,94.4824678681895,93.98335320249345,94.25271772822423,68000
2018-08-29,94.80724334716797,94.80724334716797,94.29228676838511,94.43489003567414,110900
2018-08-30,94.89442443847656,95.33015848061937,94.62506597192015,94.87065822605175,88900
2018-08-31,94.4824447631836,95.29845013822877,94.2051622635525,95.04493384652245,84500
2018-09-04,94.92611694335938,95.38561720860964,94.59337787306357,94.59337787306357,75100
2018-09-05,96.10653686523438,96.17784153734708,94.97363455040009,94.97363455040009,78400
2018-09-06,96.6373519897461,96.97801512881304,95.90848724372195,96.20161795920482,92700
2018-09-07,95.52822875976562,96.06695179611586,95.36977725242322,95.9481146766858,82200
2018-09-10,96.00357818603516,96.35216548327242,95.54407784773284,95.72629558337252,175800
2018-09-11,95.81342315673828,96.3046076558206,95.63912954313892,95.98771677033763,81800
2018-09-12,95.75001525878906,96.22535749577581,95.55987957285525,95.70248284838173,110300
2018-09-13,96.51848602294922,96.51848602294922,95.34596955596103,95.85300207025205,58900
2018-09-14,96.06693267822266,96.22537810972649,95.29845964238689,96.22537810972649,210100
2018-09-17,96.29668426513672,96.47097182474769,95.8530261703559,95.9797873529521,96200
2018-09-18,96.19368743896484,96.2887583240794,95.81341598711812,96.21745364916704,83400
2018-09-19,94.08634185791016,96.19369527297332,93.68229811865018,96.19369527297332,136800
2018-09-20,94.35568237304688,94.42698704020283,93.28616072014823,94.00710125415638,113000
2018-09-21,94.72012329101562,95.10040079249826,93.88035161580319,94.26062911728582,179800
2018-09-24,93.93280792236328,94.7153178472844,93.90885459366369,94.7153178472844,116400
2018-09-25,92.86286163330078,93.7491714388653,92.60734928073502,93.7491714388653,196300
2018-09-26,91.92864990234375,93.10241200429694,91.82485009097554,93.10241200429694,196700
2018-09-27,92.8309097290039,93.24611496334855,91.9366135656307,92.104292954033,141800
2018-09-28,94.1164779663086,94.18035149089116,93.078455520174,93.078455520174,253600
2018-10-01,93.82105255126953,93.94881180225812,93.51763346801621,93.94881180225812,182700
2018-10-02,94.92292785644531,95.14650649663403,94.0046843319385,94.0046843319385,98200
2018-10-03,93.85298156738281,95.29822289952973,93.1982307111283,94.81913794722814,131500
2018-10-04,94.2841567993164,94.47578955565326,93.02256179531642,93.72521929648192,112000
2018-10-05,95.6655044555664,95.92900326436713,94.21227690809745,94.21227690809745,182400
2018-10-08,96.48796081542969,97.04689838829069,95.62561025792638,95.89708952242462,288900
2018-10-09,96.86324310302734,97.3183747502087,96.32027849832886,96.48795793761715,131700
2018-10-10,96.27233123779297,97.81339144463728,96.24837791255031,96.72746269308412,168400
2018-10-11,94.32406616210938,97.11873507976932,94.11646657153317,96.41607765926838,239000
2018-10-12,94.31607818603516,94.52367775989639,93.50961494328406,94.34801798783556,212600
2018-10-15,94.69934844970703,95.24231292419478,94.3320498481263,94.3320498481263,103700
2018-10-16,95.80925750732422,96.2324493602141,94.47580232394387,94.76325454324574,278100
2018-10-17,95.6655044555664,96.00884972682034,95.09858665268564,95.76931033946072,200300
2018-10-18,95.76934051513672,96.26439239346779,95.24234273148511,95.62561440067687,203000
2018-10-19,97.19062042236328,97.58187244263762,95.60963329807129,95.60963329807129,202900
2018-10-22,96.58377838134766,97.31837576836158,96.33625245769856,97.26248262134739,139300
2018-10-23,95.92103576660156,96.95905825952894,95.48985747378076,96.63966625463623,132200
2018-10-24,97.93321228027344,98.50013025983652,96.04081946169792,96.35222502664247,277000
2018-10-25,96.47196960449219,97.50999191215405,96.07273119260604,97.50999191215405,226500
2018-10-26,94.85107421875,97.11874575128748,94.15639710408907,96.91114613789999,273200
2018-10-29,96.0567855834961,96.44005113222079,94.99480971092433,95.0427163815409,166600
2018-10-30,96.36017608642578,96.91910738425479,95.33014033023152,96.24838982685998,247600
2018-10-31,95.21833801269531,96.12061441042587,94.69932698544244,96.12061441042587,185200
2018-11-01,94.93092346191406,95.68947412257192,94.38795889587723,95.19442231570304,712600
2018-11-02,94.5396499633789,95.39401985616556,93.90086611618202,95.19440066540331,170500
2018-11-05,95.78528594970703,96.0727381143266,94.7632365163464,94.7632365163464,158100
2018-11-06,96.56780242919922,96.61570909587324,95.54575292751642,95.74537216118557,146900
2018-11-07,97.69363403320312,97.7335603094589,96.5198721772591,97.04686978274191,137500
2018-11-08,97.41417694091797,97.93318811840842,96.6636067429504,97.66968929249704,113900
2018-11-09,97.6297836303711,98.04499509680659,97.01495899863305,97.27047140417172,94300
2018-11-12,97.6457748413086,98.56402481450714,96.37619296033732,96.98303732142729,188500
2018-11-13,98.01303100585938,98.21265021361062,97.01493496710317,97.69363905507844,99700
2018-11-14,97.03089904785156,97.81340900028748,96.79934613435077,97.42215707001681,181500
2018-11-15,96.47196960449219,96.63964900645699,95.61759964673162,96.63964900645699,118100
2018-11-16,97.7814712524414,98.02101673668453,97.13470697363762,97.8134110564668,115500
2018-11-19,98.30848693847656,98.30848693847656,97.54194977675246,97.69365625887038,94000
2018-11-20,97.78946685791016,99.17082848260416,97.22254899028424,98.58794375742193,430400
2018-11-21,96.45600891113281,97.55790480525783,96.26437007501926,97.55790480525783,117300
2018-11-23,96.57576751708984,96.79135966676941,95.96892952900902,96.45600086937296,126800
2018-11-26,97.07083892822266,97.19061168461099,96.24042220033105,96.71152675095307,155400
2018-11-27,97.7415542602539,97.8134142527382,96.71151839138136,96.99098407086734,126000
2018-11-28,97.73358917236328,98.11685473326995,97.39024380760726,97.82940251664182,112900
2018-11-29,97.49402618408203,97.89326462553355,96.63166968849191,97.79745129839809,500300
2018-11-30,98.94727325439453,99.04309269219942,97.55792491165374,97.6138180607325,172400
2018-12-03,99.79364776611328,99.84155443172627,98.08490155920627,98.85144476038671,441100
2018-12-04,99.85753631591797,101.04727148742904,99.68187039304271,100.01723537848473,214900
2018-12-06,99.87348937988281,100.40048095167015,97.98908346011935,100.36056076290019,383000
2018-12-07,100.3685302734375,100.87955493274087,99.37842075752401,99.87347856142799,361400
2018-12-10,100.63204193115234,100.87158743600341,98.80352911368193,100.38451604352942,195200
2018-12-11,100.94343566894531,101.2947674106126,100.2088384744542,100.85560273352849,276900
2018-12-12,100.50428771972656,101.46245754507997,100.47234791329542,100.98337263240326,188300
2018-12-13,101.33985900878906,101.71015246014056,100.61536915111604,100.61536915111604,252700
2018-12-14,101.0822525024414,101.46864909912452,100.58315817788518,101.36399682212412,226000
2018-12-17,97.79790496826172,101.2995984810167,97.38736586882241,101.21910097965012,1792400
2018-12-18,97.09757995605469,99.03759634763063,96.88828151768188,98.4741076384342,278800
2018-12-19,96.97683715820312,97.96696826276181,96.39724522306305,97.31493040651259,184500
2018-12-20,97.13782501220703,98.2487115196797,95.86594348645215,97.08147614165163,332400
2018-12-21,96.47773742675781,99.28714169715842,96.16379283610166,97.46787461837316,396800
2018-12-24,92.34010314941406,96.86413451077095,91.98590673105713,96.46968626612204,272800
2018-12-26,93.64417266845703,93.69246994042646,91.01186079794196,92.38034287221012,384800
2018-12-27,94.4169692993164,94.42502089264941,92.0583560611768,93.6522276134029,325100
2018-12-28,94.54576873779297,95.51175731360819,94.28012756039283,94.77117037124643,209800
2018-12-31,94.85166931152344,94.94021841917848,93.84543503504942,94.78726884385311,601200
2019-01-02,93.08876037597656,94.36064218694983,92.6138206664428,94.28014465975723,331700
2019-01-03,93.1933822631836,93.8534716406676,92.77479154591624,93.09678771234978,220800
2019-01-04,94.6423568725586,94.6423568725586,92.83918703529629,92.83918703529629,198400
2019-01-07,93.95008087158203,94.41697504826533,93.53953556852834,94.10303044639092,208300
2019-01-08,95.16561889648438,95.2461164145031,93.66834172338157,93.96618929577451,196000
2019-01-09,94.52162170410156,95.39100959463627,94.32037484841668,95.0448647571956,203900
2019-01-10,95.89813995361328,95.94644337045465,94.56991575101324,94.69871053226947,148500
2019-01-11,95.4231948852539,95.79348830473812,94.98850100805964,95.75323648327792,291600
2019-01-14,93.40269470214844,94.48942655299112,92.57355859477637,94.48942655299112,237900
2019-01-15,94.63430786132812,94.82750924105065,93.0323848059156,93.17728276992455,167300
2019-01-16,94.9885025024414,95.02070273180301,93.982268365763,94.43305929369387,121000
2019-01-17,95.56002807617188,95.6324801164976,94.8435899722337,94.89993882956935,109700
2019-01-18,95.65665435791016,95.89010144124451,95.24610906366237,95.72910027606574,130700
2019-01-22,95.71300506591797,96.30064244078241,94.87581741563218,95.65665619241636,176700
2019-01-23,96.7433853149414,96.79168259330929,95.79349994378575,95.79349994378575,113100
2019-01-24,97.2746810913086,97.34713315585628,96.01890262710613,96.75948961155544,195200
2019-01-25,95.99474334716797,97.14587552563104,95.83374833067552,96.98488050913858,179500
2019-01-28,95.5117416381836,96.25232845899995,95.14949367861772,96.05108163976297,107000
2019-01-29,95.78546905517578,96.18796283942157,95.47152439478947,95.80961769957969,202300
2019-01-30,96.397216796875,96.83996221164946,95.51978370049552,95.71297890804942,128000
2019-01-31,98.37751770019531,98.69951391562003,96.16380216380506,96.48579837922976,195700
2019-02-01,98.0394058227539,98.37749902105023,97.21831532224475,98.17625219231682,136400
2019-02-04,98.20040893554688,98.21651212245172,96.92048194709618,97.74156637381995,454800
2019-02-05,98.32921600341797,98.54655990767203,97.75767566393995,98.27286712886568,156900
2019-02-06,98.07967376708984,98.44192182597772,97.6932832074901,98.36946975757326,122300
2019-02-07,99.39178466796875,99.39983626074925,97.81401026910807,98.0394057344359,130800
2019-02-08,99.93919372558594,99.93919372558594,99.06980580056636,99.19055514708022,127000
2019-02-11,99.83453369140625,100.28533080736234,99.496440460614,99.8586884720912,176400
2019-02-12,99.97138214111328,100.52681924290056,99.39179025962555,100.02773101061535,260400
2019-02-13,99.72988891601562,99.97943304576863,99.3354468079878,99.81843802171504,151700
2019-02-14,99.59303283691406,100.10822423361601,99.38373441276455,99.85062853526503,134400
2019-02-15,100.02771759033203,100.26116463025325,99.7057214614212,99.91501986644805,329900
2019-02-19,100.59121704101562,100.76026364504388,99.8667272083474,100.01967676790125,528500
2019-02-20,101.05006408691406,101.22716229186454,100.02773282410844,100.62342176129677,1158700
2019-02-21,101.77455139160156,101.91944936095534,100.49461830538225,100.76026560612517,251800
2019-02-22,102.45879364013672,102.47489682715474,101.56525714919408,102.0562999466154,221000
2019-02-25,101.76649475097656,102.47488751782262,101.38010427957491,102.47488751782262,345000
2019-02-26,101.52499389648438,102.0240820594841,101.13859731527835,102.0240820594841,168600
2019-02-27,101.71821594238281,101.91946280739361,101.17887581812994,101.38816813581298,85400
2019-02-28,102.19315338134766,102.48294935200873,101.21911931279058,101.70211055003676,240700
2019-03-01,102.4266128540039,102.54736221329861,101.6135798606592,102.33001827982218,114900
2019-03-04,102.72444152832031,102.86933950446381,101.69405864977391,102.7405385738623,228300
2019-03-05,102.46684265136719,102.86933633474521,102.33804172473444,102.6680894930562,390300
2019-03-06,102.40243530273438,102.81298055181433,102.16094279388471,102.51513303517737,140900
2019-03-07,102.75663757324219,103.36037195074142,102.51513890898957,102.66003687922792,124400
2019-03-08,103.16719055175781,103.19133919167359,102.20925355798795,102.89349163572359,163200
2019-03-11,103.93995666503906,103.99631167216967,103.16717573247267,103.23157619070845,298000
2019-03-12,104.56785583496094,104.69665676381896,103.93996666069387,104.12512260210202,308100
2019-03-13,104.64032745361328,104.89791706123032,104.40687420472818,104.61617881174713,164700
2019-03-14,104.5195541381836,105.22794693381822,104.30221639844926,104.68860688555354,225300
2019-03-15,104.98645782470703,105.324551067074,104.22976768473342,104.77716551747032,144200
2019-03-18,104.72081756591797,105.13136903894691,104.25392335692732,105.03476218951619,154700
2019-03-19,103.45697021484375,104.76909114837248,103.1510711132589,104.59199296146875,181900
2019-03-20,103.75482177734375,104.53566051001847,103.23158489934347,103.69847904859154,167100
2019-03-21,104.91851043701172,105.08879942943565,103.62101275007751,103.75886986856283,175900
2019-03-22,105.53482818603516,106.22412623822754,105.11313952914605,105.20234266091381,287400
2019-03-25,105.67267608642578,105.94028545834132,105.16178434241837,105.64024421127941,244000
2019-03-26,106.37818908691406,106.51605859120303,105.67268130944679,105.85108756620845,340100
2019-03-27,105.72945404052734,106.5322698333324,105.24288926548604,106.5322698333324,220900
2019-03-28,104.50492858886719,106.04570866656863,104.20488734757787,105.76187717561291,171300
2019-03-29,105.0969467163086,105.16992773392057,104.2049152548559,104.53740083356631,164600
2019-04-01,104.3913803100586,105.08878304261292,103.80750767936878,105.08878304261292,275000
2019-04-02,104.31842803955078,104.57793255744593,103.79943137761695,104.52926617994824,387300
2019-04-03,104.28600311279297,104.66714266519556,103.52372400798782,104.22923185552321,163800
2019-04-04,103.86428833007812,104.46438313651961,103.33718070255068,104.42383401635324,119400
2019-04-05,104.90228271484375,104.95904158467104,103.15066464311684,103.97781968374139,106600
2019-04-08,104.13191986083984,104.85364980769768,103.96161846939842,104.76444667386775,143200
2019-04-09,104.310302734375,104.44815984231128,103.92104603376825,104.22920449495174,71300
2019-04-10,104.01837158203125,105.25098074051299,103.87239721856217,104.46438717338863,117700
2019-04-11,104.5373764038086,104.61846227980867,103.98593552727212,104.04270677694225,92400
2019-04-12,105.08070373535156,105.14557986275202,103.76698999666843,104.39952295843085,108000
2019-04-15,105.07257080078125,105.46991996094786,104.82117123404282,105.2104278944975,172300
2019-04-16,103.66968536376953,105.22667544336467,103.47506315055229,105.04016429355232,147600
2019-04-17,103.33720397949219,103.83998472294314,103.29665485019201,103.73455946153412,120100
2019-04-18,103.4264144897461,104.1319285561511,103.41830342592198,103.64536371756617,121700
2019-04-22,103.30474853515625,103.69399907539987,103.11823742037942,103.3858405931865,142100
2019-04-23,103.72644805908203,103.96161319605596,102.98849602336237,103.46694354697377,103900
2019-04-24,104.36707305908203,104.74010767798069,103.75887331820876,103.86429856626053,103200
2019-04-25,104.79686737060547,105.09692099266637,103.79942325246832,104.01026137636191,157800
2019-04-26,104.9509506225586,105.87541377620937,104.9104014965328,105.26721400739028,146800
2019-04-29,104.33462524414062,104.87794877811746,104.00213980020071,104.82117753819203,150300
2019-04-30,106.00515747070312,106.06191634347154,104.24543443320246,104.35084730373096,113200
2019-05-01,104.9347152709961,105.9483814245948,104.89417852393568,105.77809244014868,109400
2019-05-02,104.67524719238281,105.24289789389944,104.026498230425,104.81310433604705,145100
2019-05-03,105.40506744384766,105.57536881764699,104.67523269637745,104.80498494557166,165000
2019-05-06,104.85365295410156,105.66458605912345,104.72390068757234,105.33210051633876,200600
2019-05-07,104.54548645019531,104.99150209875094,104.07514380025086,104.73199758546176,149700
2019-05-08,103.09392547607422,104.47251549434115,103.02094446488832,104.47251549434115,212600
2019-05-09,103.02093505859375,103.49127771083194,102.47761140183317,103.06958906160868,179300
2019-05-10,104.83743286132812,104.845537737947,102.82632218653522,102.89930319767741,145100
2019-05-13,105.94029235839844,106.07004461514582,104.35897539759071,104.35897539759071,344800
2019-05-14,105.15369415283203,105.96462725715605,105.02394188641446,105.96462725715605,166500
2019-05-15,105.04826354980469,105.62403146910437,104.9996095458356,105.22666981359578,120600
2019-05-16,105.6402587890625,106.02950321380987,104.82932568608882,104.88608456889125,89300
2019-05-17,106.2079086303711,106.59715305198128,105.26722326877751,105.26722326877751,127600
2019-05-20,106.34574890136719,106.8971897538708,105.99705366466682,106.42684714768849,137700
2019-05-21,106.45929718017578,107.31077941636242,106.31333516052749,106.47551930697799,130300
2019-05-22,107.27021789550781,107.35131614629401,106.3133228802807,106.63769113571394,106500
2019-05-23,107.9919662475586,107.9919662475586,107.270236238031,107.28645836573328,201200
2019-05-24,107.8622055053711,108.60826246095006,107.76489749451291,108.14603703551673,94800
2019-05-28,106.15925598144531,108.12171261504827,106.02950371463092,108.12171261504827,205000
2019-05-29,104.70767211914062,106.44306836217102,104.4806118536119,106.39441435868007,121600
2019-05-30,104.47250366210938,105.21856056429212,104.11569114935763,104.8130940495935,174200
2019-05-31,105.08070373535156,105.26721486796784,104.11569144778585,104.43195483520304,194300
2019-06-03,106.19168090820312,106.32143316652183,104.99150345339608,105.45372885960391,170700
2019-06-04,106.34574890136719,106.41062502365321,104.40761960329708,106.41062502365321,153300
2019-06-05,108.4623031616211,108.77856657868946,106.41874826540996,106.77556081263731,243200
2019-06-06,109.08671569824219,109.2570047068031,108.37309066541809,108.59204605028116,1183300
2019-06-07,108.38935089111328,110.2545000082555,108.36502388133904,109.71116379300261,235900
2019-06-10,107.6919174194336,108.1865871020102,107.197247736857,108.12171096959032,237800
2019-06-11,107.01881408691406,107.85407397061276,106.40250954738367,107.69188986798412,105700
2019-06-12,108.36497497558594,108.50283209337779,107.47294377357412,107.47294377357412,120400
2019-06-13,108.62447357177734,108.96506394909869,107.91086094142314,108.5352704462511,345600
2019-06-14,109.56517791748047,109.85711434517188,108.6001654933378,108.6001654933378,206600
2019-06-17,109.20834350585938,109.72734012083359,108.62447076728145,109.64625424672047,102100
2019-06-18,108.84343719482422,109.76790039584375,108.17846614072522,109.76790039584375,395300
2019-06-19,109.80843353271484,110.14902388624276,108.44605974474841,108.56770711134361,382300
2019-06-20,110.43285369873047,110.69235820687146,109.25700328412465,110.33554569510561,216300
2019-06-21,110.85025787353516,111.01361880633144,109.64953569884013,110.24580871218465,166500
2019-06-24,110.84207153320312,111.1606296851374,110.48267003591542,111.01360859823194,199400
2019-06-25,110.2376708984375,110.9728015003616,110.00078689619664,110.9728015003616,126900
2019-06-26,107.83618927001953,110.14778299227314,107.78718224172933,110.14778299227314,227400
2019-06-27,107.9832534790039,108.2528047058868,107.54217758460528,108.17111798368813,130600
2019-06-28,108.5794906616211,108.93889217828472,107.90154343948899,108.03222470257049,117300
2019-07-01,108.27728271484375,108.73469833862329,107.26443739465792,108.73469833862329,146500
2019-07-02,109.61683654785156,109.74753025631168,108.42429073315768,108.59581531982829,95100
2019-07-03,110.39283752441406,110.94011600615568,109.86191133982673,109.86191133982673,78400
2019-07-05,110.36017608642578,110.44186279461795,108.6448549235244,109.64137293798835,167900
2019-07-08,110.44182586669922,110.75220783403658,109.77202998167692,110.35197550318739,117700
2019-07-09,110.51536560058594,110.57253632139621,109.75571915134553,110.32750114129372,65800
2019-07-10,110.81755828857422,111.33215697483809,110.36014277351211,110.7685512639087,129400
2019-07-11,110.76854705810547,111.15245202159271,109.87821957411913,110.70320020648663,171100
2019-07-12,110.15596771240234,110.86659468559768,109.7884024663924,110.86659468559768,101300
2019-07-15,110.47450256347656,110.62152364533979,109.71486871323914,110.22945496339915,96600
2019-07-16,109.91905212402344,110.40097108581212,109.37177385339443,110.11508019599914,77000
2019-07-17,110.31930541992188,110.88291116144401,110.25395856227482,110.25395856227482,89400
2019-07-18,111.25048828125,111.25048828125,109.72304426853302,110.31931727111473,98200
2019-07-19,109.61683654785156,111.25047051268882,109.56782952308853,111.02992643761714,138500
2019-07-22,109.32280731201172,109.86190963681938,108.81638465372383,109.86190963681938,141700
2019-07-23,108.83271026611328,109.49433009481567,108.52231579293861,109.49433009481567,156600
2019-07-24,108.84906005859375,109.0124334762212,108.06492249400624,109.0124334762212,129200
2019-07-25,108.62032318115234,109.3064589462204,108.10573693689946,108.68567003799875,104500
2019-07-26,109.02057647705078,109.38814166969024,108.4896503614204,108.62033162162943,120800
2019-07-29,109.60051727294922,109.73938715400563,108.76737276845306,109.27379540416332,84600
2019-07-30,108.93890380859375,109.88641473301955,108.39163779111708,109.35548854903742,120300
2019-07-31,108.35077667236328,109.44532099147965,107.82801425902792,108.898055063741,87000
2019-08-01,109.41265869140625,109.91909381792637,108.0649153308095,108.37529738371552,121700
2019-08-02,109.4371566772461,110.27031364796112,109.16760552602534,109.60051761214463,495200
2019-08-05,107.61566162109375,109.79656195868888,107.06839561550763,109.53518694666067,221800
2019-08-06,108.92255401611328,109.2411121536529,106.5619533395662,107.81984605959383,236500
2019-08-07,109.21661376953125,109.76387970005044,107.42778242716777,108.92255913155863,151600
2019-08-08,110.48267364501953,110.70321774622127,108.66117504823352,109.25744802622688,207400
2019-08-09,110.37651062011719,110.89927312197354,110.09061961881588,110.43368134219274,128100
2019-08-12,110.2376708984375,110.58073267691162,109.72307199890471,110.40103186957138,145500
2019-08-13,110.40919494628906,110.69508599192737,109.64956082607094,110.25399766229359,453600
2019-08-14,109.38001251220703,110.9728038255109,109.20031170110163,110.47454475174472,172500
2019-08-15,110.83390045166016,111.14429489926121,109.200266455677,109.68218549321884,154100
2019-08-16,111.48735809326172,111.74056937197845,110.83390199305302,110.88290901943195,164700
2019-08-19,112.15716552734375,112.53290691594057,111.30768114008819,111.45470225064274,516900
2019-08-20,111.96929168701172,112.51655765875324,111.59355032988466,112.51655765875324,185200
2019-08-21,112.6717529296875,112.67991661378886,111.81409248073015,112.00195692418029,155000
2019-08-22,112.76978302001953,112.91681660021904,111.83044820563312,112.60642206929688,124500
2019-08-23,111.44654083251953,113.34155025662201,110.98094904567783,112.89231076725157,252800
2019-08-26,112.81877136230469,112.81877136230469,111.5690422241039,111.78958632603332,89600
2019-08-27,112.81061553955078,113.73362289477066,112.78611202247772,113.34971784243888,141300
2019-08-28,112.71259307861328,113.38237660147173,112.32051190735812,113.09649810235928,115100
2019-08-29,113.5294418334961,113.5294418334961,112.5084202011252,113.19454374680413,79600
2019-08-30,113.58657836914062,113.96231970074096,113.22717686855923,113.77444280312119,139400
2019-09-03,115.49794006347656,115.49794006347656,113.43139367037121,113.43139367037121,221100
2019-09-04,115.67764282226562,115.98803733307129,114.90166900889226,115.922690464289,243100
2019-09-05,114.4278793334961,115.14668221147234,114.19100791069235,115.0568318517253,215100
2019-09-06,114.00318908691406,114.95886376976888,113.64378750423867,114.78732666398578,167600
2019-09-09,113.42323303222656,114.00317870850074,113.16184555457033,113.83164161833373,149300
2019-09-10,113.43140411376953,113.51309082177404,112.55741616360174,113.17819276805402,143400
2019-09-11,114.69747161865234,114.73015128683008,113.06383719172898,113.3497282018972,313900
2019-09-12,114.92616271972656,115.61228608793036,114.53409400413007,115.41625796195198,130700
2019-09-13,114.34622955322266,115.06502012115325,113.95414837401715,114.49325064769491,199400
2019-09-16,114.35441589355469,114.6076272488505,113.94600726536342,114.59946356319789,187400
2019-09-17,115.2937240600586,115.5796150190597,114.47690699278608,114.47690699278608,119700
2019-09-18,115.91455841064453,116.19227333102228,115.05689766134223,115.66951070175185,133500
2019-09-19,116.29026794433594,116.45364136532017,115.82468859272885,116.21675738307832,100700
2019-09-20,116.6333236694336,116.85386780545691,115.95537635466373,116.52714590764874,246000
2019-09-23,116.85386657714844,117.22143182422933,116.58431540565142,116.73951266775346,221400
2019-09-24,118.0382308959961,118.43847574923127,117.14790327646499,117.19691030673064,179700
2019-09-25,118.062744140625,118.0954238059215,117.3847968812283,117.923886722216,188100
2019-09-26,118.55577087402344,118.87674746062966,118.07841882451098,118.34177811077879,146800
2019-09-27,118.16896057128906,118.95082538872909,117.51876912815409,118.72860694730534,148000
2019-09-30,118.22651672363281,118.74502202108152,117.92200411821389,118.2594444723712,179000
2019-10-01,117.82325744628906,118.13599574017667,117.28828822244783,118.13599574017667,197200
2019-10-02,116.317138671875,117.74919455255154,116.04554121735401,117.58458090138119,287600
2019-10-03,116.56404113769531,116.59695633143461,115.83978129285238,116.36651230048602,150400
2019-10-04,118.30059051513672,118.3664334502583,116.56402234585444,116.73684906207477,112000
2019-10-07,117.73272705078125,118.21830465531094,117.44466572836099,117.88910247962323,253600
2019-10-08,116.55580139160156,117.6586550203974,116.55580139160156,117.6586550203974,938200
2019-10-09,117.18131256103516,117.62573677702862,116.66280717716056,116.90971510082744,196400
2019-10-10,117.0825424194336,117.3129864670948,116.08669761881026,116.94263085894349,142900
2019-10-11,116.8027114868164,117.50228180073918,116.48996063236747,117.14015187627365,149000
2019-10-14,115.95500946044922,117.12369355319663,115.76571883032508,117.12369355319663,149000
2019-10-15,115.56819152832031,116.36652003080361,115.36243701857221,116.11138644803736,112200
2019-10-16,115.89738464355469,115.89738464355469,115.08259241608167,115.58463382847805,436400
2019-10-17,116.23480224609375,116.43233104224072,115.65046663132371,115.93028967384049,195300
2019-10-18,116.6380844116211,116.81091111817028,115.69984461558879,116.1689582344774,96100
2019-10-21,117.0414047241211,117.05785604349916,116.32537046688533,116.78625857465236,92000
2019-10-22,117.46932983398438,118.01252460871108,117.08251045424767,117.28003925185428,219300
2019-10-23,117.9631576538086,118.18537600413732,117.43642669772845,117.69978589664022,142900
2019-10-24,118.3252944946289,118.46520603950083,117.93023683565927,118.06192272198248,89000
2019-10-25,117.05781555175781,118.39933855430534,116.66277053293118,118.35818515357754,405800
2019-10-28,115.60115051269531,116.84390356633625,115.43653681381876,116.58876991464444,330900
2019-10-29,115.6587142944336,115.89739653830624,115.22251577508851,115.46118546070356,151100
2019-10-30,116.78624725341797,116.9837760911379,115.80686639848355,115.81509205737518,213000
2019-10-31,117.20596313476562,117.38702804804598,116.48992913833716,116.75330085156476,138900
2019-11-01,117.00849151611328,117.57637606173618,116.80273697397516,117.37062151959806,160600
2019-11-04,115.49410247802734,117.06606966826969,115.07436787340121,117.0413801361303,248700
2019-11-05,114.32543182373047,115.42004725568697,114.07029825655599,115.12376027742613,173100
2019-11-06,114.71224212646484,115.20604534531107,114.41595517185436,114.5394028370017,150100
2019-11-07,113.20613098144531,114.40773025609725,112.4489559112483,114.23490350479858,328900
2019-11-08,112.72874450683594,113.26370103187621,112.18554976684598,112.90157120521624,243300
2019-11-11,111.93867492675781,112.80284634819635,111.89753407289832,112.63824525798383,145300
2019-11-12,112.16911315917969,112.32548858217847,111.80699580275748,111.91397959881647,176700
2019-11-13,113.6999282836914,113.92214665337228,112.34195364751898,112.34195364751898,270400
2019-11-14,114.15258026123047,114.65462168274932,113.8069142500914,114.0126687251687,170500
2019-11-15,114.48179626464844,114.48179626464844,113.81514120884374,114.1855093148208,87000
2019-11-18,114.57231140136719,115.51877683102911,114.47354072753163,114.66284386006784,194400
2019-11-19,114.4241943359375,114.98385311992965,113.87277376943213,114.45712208936793,111100
2019-11-20,115.0332260131836,115.14844802748462,114.30074051692897,114.53941020431763,96700
2019-11-21,114.67108154296875,115.07436482097553,114.27603648096085,115.07436482097553,88300
2019-11-22,114.74516296386719,115.05791380863874,113.88922980746281,114.9262279204973,77300
2019-11-25,114.40770721435547,115.10727741264542,114.16903756263932,114.83568001418894,87500
2019-11-26,114.84394073486328,114.94271144698422,114.36660128569399,114.53120239488268,82100
2019-11-27,115.07437133789062,115.09906087077333,114.4900230904006,114.7369309774845,91100
2019-11-29,114.88507080078125,115.59286672886334,114.76162313354598,115.18135776040299,46500
2019-12-02,113.96329498291016,114.5476306867963,113.90567769923447,114.457110769461,132200
2019-12-03,114.39129638671875,114.58058704357748,114.11146067340466,114.25961046966039,188500
2019-12-04,115.18138122558594,115.33775667477941,114.20198767180342,114.42420607635518,81800
2019-12-05,115.28834533691406,115.32126052625279,114.72868665210667,114.96736886827293,62500
2019-12-06,115.09081268310547,115.7492294721999,115.09081268310547,115.13196608709681,124700
2019-12-09,114.63816833496094,115.61756173558166,114.46534159265003,115.38711770699534,101700
2019-12-10,114.62993621826172,115.19782059894854,114.38302832775567,114.67931528471154,100500
2019-12-11,115.00853729248047,115.18136403602625,114.49003194532753,114.86862574257175,126100
2019-12-12,114.47354125976562,115.3377124498797,114.08672189426937,115.00851035757664,122300
2019-12-13,115.43649291992188,115.52702539657484,114.15258692975783,114.68755613116437,235900
2019-12-16,116.83927917480469,116.84757786111076,115.42988140034416,115.6122753929676,212200
2019-12-17,117.16259765625,117.85070533942715,116.78122503565321,116.97190502073482,137500
2019-12-18,117.7927017211914,117.88389871526026,116.7563779933344,117.28697523597974,150100
2019-12-19,117.69322204589844,117.95022831366227,117.13774137955122,117.84244659475364,300700
2019-12-20,118.58857727050781,119.11088841587228,117.80097386033422,117.834143299957,315400
2019-12-23,117.35326385498047,118.79581792546703,117.07138692746379,118.78753189245727,173200
2019-12-24,117.41131591796875,117.54396837643276,116.93046024386277,117.3864451633111,52700
2019-12-26,117.61030578613281,117.76782901422922,117.2040623373808,117.60201975060413,69000
2019-12-27,117.9336166381836,117.95020135663374,117.48593044349832,117.73463796808258,107700
2019-12-30,117.9336166381836,118.00822889555887,117.40301950168116,117.6600257107073,148700
2019-12-31,118.46424865722656,118.58860245613545,117.88390984492288,118.04971912694717,93000
2020-01-02,116.99679565429688,118.67149828513004,116.51593994245623,118.67149828513004,201800
2020-01-03,117.02995300292969,117.56055017315748,116.85584507422061,116.85584507422061,178900
2020-01-06,117.2621078491211,117.5937263913929,116.8973198623602,116.98851685905042,164400
2020-01-07,116.9636459350586,117.11287048373836,116.47450415824845,117.02167348717745,104500
2020-01-08,116.9636459350586,117.42791695375543,116.80612270005005,117.08799972562507,172300
2020-01-09,117.49420166015625,117.66001087244653,116.7812106619192,116.84753687692172,129500
2020-01-10,117.7927017211914,118.21551724800005,117.63517849048735,117.63517849048735,166700
2020-01-13,118.61348724365234,118.96169053507776,117.81758497008175,117.81758497008175,174600
2020-01-14,118.93680572509766,118.97824855336135,118.15748826711342,118.63834398907042,96300
2020-01-15,120.58661651611328,120.78559520963799,119.19380361274553,119.19380361274553,132400
2020-01-16,121.34934997558594,121.51517187980197,120.7358544715532,120.78559598264394,126500
2020-01-17,122.16182708740234,122.31933764315623,121.04259257533347,121.30789748058369,267800
2020-01-21,123.10693359375,123.23128734128098,121.95454248171195,122.35248712424317,219900
2020-01-22,123.47171020507812,123.84479675277086,123.35564248925415,123.46342417195936,164300
2020-01-23,124.54121398925781,124.62412492945859,123.30591182269292,123.52976124088835,97500
2020-01-24,124.82305145263672,125.26245146572626,124.22612829326424,124.4914330976206,107000
2020-01-27,124.41682434082031,125.51117506328701,124.17639027385229,124.7318579917571,204200
2020-01-28,124.93915557861328,125.49462344299548,124.39197374787271,124.70702013231723,129400
2020-01-29,125.2210464477539,125.46976663941511,124.56609550513272,125.14643418538589,104500
2020-01-30,126.30714416503906,126.46465474923971,125.00551545814209,125.22106624476123,89100
2020-01-31,125.68534851074219,126.6138905355883,125.14645257455119,126.31542879182544,147300
2020-02-03,126.19100952148438,126.36510473558556,125.80135098458967,126.00861562547283,147700
2020-02-04,125.02208709716797,126.57242322237383,124.98063162126958,126.39002924876901,313200
2020-02-05,125.60240936279297,125.90915707349409,124.66556886198128,125.07181223189818,178200
2020-02-06,125.68534851074219,126.2242317964969,125.48636979808819,125.74337606207692,97600
2020-02-07,125.25419616699219,126.09983962532931,125.25419616699219,125.90086097324044,108300
2020-02-10,125.66874694824219,125.7184884571309,125.08840826048286,125.4531961929129,98400
2020-02-11,126.09988403320312,126.57244110398729,125.80970831135474,126.00038834690365,115800
2020-02-12,126.27396392822266,126.57242564980587,125.70191124098524,126.14131146297782,86200
2020-02-13,127.65848541259766,127.69165485271976,126.16617686797312,126.27395857271776,110200
2020-02-14,128.5290069580078,128.57874847053233,127.75798821300639,127.90721275058,110800
2020-02-18,129.41610717773438,129.6896854988987,128.65336181121805,129.0430205298208,190700
2020-02-19,128.2056884765625,129.25029830495856,128.15594695860605,129.10107375108925,184500
2020-02-20,128.54554748535156,128.60357501320198,127.67503336414616,128.0895626932505,139700
2020-02-21,128.34661865234375,129.09277932450433,128.23883693681879,128.39636016706723,111700
2020-02-24,126.72994232177734,128.2637063271243,126.72165628704101,127.62532744025486,190500
2020-02-25,124.0438003540039,127.053288495044,123.88627712396963,126.92063602233766,290200
2020-02-26,122.71729278564453,125.1049736376215,122.66755127941663,123.93601028996393,340400
2020-02-27,117.11285400390625,122.60951848132439,117.11285400390625,122.02917978961716,419000
2020-02-28,113.13336944580078,115.08165003608514,110.61302360885391,115.08165003608514,2023800
2020-03-02,119.46736907958984,119.60830754684885,113.16651761728248,113.16651761728248,449100
2020-03-03,118.24870300292969,121.99604101145974,117.70152096303745,119.6746856611979,382500
2020-03-04,124.67388153076172,124.82310606067341,119.60833114165598,119.80729718153825,207500
2020-03-05,122.79188537597656,124.13495643073036,121.3244479251403,122.667531630326,225600
2020-03-06,121.78044128417969,122.3027523534076,117.45275352597564,119.56685590332887,265500
2020-03-09,115.00703430175781,118.09941999097069,113.49814125876499,116.4330164070618,717000
2020-03-10,116.34613800048828,118.27341875068214,111.09826103450906,117.09703503650623,1027200
2020-03-11,110.32231903076172,113.73470335192704,108.71208478297955,113.69298473431546,508100
2020-03-12,98.8420639038086,105.75858953740494,98.44993180105743,103.90639488675676,1149600
2020-03-13,104.42369079589844,105.1161728615792,97.1817793109567,104.40700079988584,764400
2020-03-16,92.70147705078125,102.04587678404489,92.22591397510455,95.30456283443574,824300
2020-03-17,104.75740051269531,105.08278537296535,94.32004362797042,94.70383073584358,885200
2020-03-18,99.83491516113281,101.52858681169187,94.80395109787982,98.3748525154277,671800
2020-03-19,95.11265563964844,98.95053345378868,94.6954948692991,98.66686718532787,469200
2020-03-20,86.9279556274414,95.81347415295205,86.85286338546878,95.71335965081208,482600
2020-03-23,82.28081512451172,87.16159619855722,80.16997570269288,86.52750987201247,731500
2020-03-24,91.4249496459961,91.81708176151284,85.30937164717079,85.918429130597,584700
2020-03-25,93.82779693603516,97.60727238548,88.85524146396183,91.4416368907782,474100
2020-03-26,101.45350646972656,102.73001751414984,94.28668689754883,94.38680141688008,366300
2020-03-27,102.10425567626953,105.80029991517382,97.74075810366656,98.2663783200581,527500
2020-03-30,105.89208221435547,106.47611107785154,102.54645761521422,102.64657212039745,1021200
2020-03-31,101.72883605957031,105.25801933646615,101.53693928492842,105.18292708017363,583700
2020-04-01,95.6466064453125,98.90880623125628,93.81110187963112,97.79081222587901,338300
2020-04-02,98.57510375976562,99.15078136712357,94.68716183356342,95.0876390244537,252200
2020-04-03,95.07926940917969,98.65850910810865,94.42015471556473,97.89093492011428,223800
2020-04-06,102.41297149658203,103.41415482249904,98.13290418503956,98.13290418503956,301900
2020-04-07,101.28663635253906,105.58339356185033,101.05302733951322,105.5667035664238,439400
2020-04-08,106.517822265625,107.42722962721966,101.06970399709132,101.87899685450617,249500
2020-04-09,111.6322250366211,113.0422304816772,108.0780071145894,108.22819161236222,407400
2020-04-13,108.09471130371094,111.37360201931587,106.9516947131703,111.37360201931587,424400
2020-04-14,111.09827423095703,111.20672738881049,109.28779777388284,110.45584299433777,220100
2020-04-15,107.12688446044922,108.98743072706743,106.68470141232213,108.33666092114056,200900
2020-04-16,107.19361877441406,108.02794024342884,106.13403330952704,107.62746950290763,152200
2020-04-17,110.79790496826172,111.29015162997113,108.16978443351206,109.67991714076476,238600
2020-04-20,106.32593536376953,109.64653141185077,106.25918811522318,109.37120378562305,223500
2020-04-21,104.9075927734375,105.82534523037268,103.68948404108812,104.281851593886,190100
2020-04-22,107.74427032470703,108.62864901478319,106.08397244029523,106.66799490254036,129000
2020-04-23,106.10901641845703,108.38671708151892,105.55002250008651,108.02795219018458,207900
2020-04-24,106.70973205566406,107.21866236666636,104.99937025928749,106.53452528655798,192700
2020-04-27,107.98621368408203,108.71208196565502,107.00172053378296,107.27704812600246,185500
2020-04-28,108.47013854980469,110.65606963581178,108.03630051626489,109.45464458442328,165500
2020-04-29,107.861083984375,110.38907714567004,107.31042873142822,110.38907714567004,244700
2020-04-30,105.01604461669922,107.06013601593612,104.35692989848248,107.04344602210566,188200
2020-05-01,102.56314086914062,103.7478758555061,101.94574474975363,103.7478758555061,197300
2020-05-04,103.08876037597656,103.45586386531957,101.36171516122667,101.89568040097954,206600
2020-05-05,104.1399917602539,105.2830143134457,103.64774521389329,103.83129056593783,141500
2020-05-06,100.43561553955078,104.51544698906864,100.4272769079759,104.4487061096315,186200
2020-05-07,101.06136322021484,102.371247749332,100.84444420852168,101.61201847766986,343000
2020-05-08,103.28064727783203,103.56431349957637,101.90401568932052,102.32952138730418,196000
2020-05-11,102.64656829833984,103.13882127017698,100.90283950073645,102.412959307787,168600
2020-05-12,101.53692626953125,103.27231655594277,101.39509313905471,102.88018442373394,193400
2020-05-13,100.5440902709961,101.13645779880383,99.36769384769093,101.11142917113659,205500
2020-05-14,101.47853088378906,101.75385853124939,97.92432555707165,99.4594741998169,218200
2020-05-15,100.26874542236328,100.91951509146358,98.70022349259932,100.91951509146358,224200
2020-05-18,104.6656265258789,105.29971262938346,102.82177682938682,102.82177682938682,249400
2020-05-19,102.92191314697266,104.47375183313311,102.8718558878606,104.13167692155095,232800
2020-05-20,103.6143798828125,104.66562029601043,103.25562141518762,103.9230747364513,216200
2020-05-21,102.5715103149414,103.93979737343561,102.45470578790184,103.26399247799897,132500
2020-05-22,103.73954010009766,103.73954010009766,102.32954098691431,102.6716095177925,98700
2020-05-26,104.58219909667969,106.44273884857479,104.40699234494626,105.70019322035644,159500
2020-05-27,105.78361511230469,106.49278705633186,104.39029984874804,106.33426394735652,202600
2020-05-28,108.67036437988281,109.1292437046012,107.1018360447489,107.12686466875768,204900
2020-05-29,109.53804779052734,109.95520847828746,107.84437641668,108.57858330097264,547300
2020-06-01,110.6143569946289,111.25678817810348,108.8455993126199,109.5964836449762,215400
2020-06-02,111.19001007080078,111.3735617865759,109.92183805200902,110.82290663925052,244000
2020-06-03,112.67513275146484,113.47607434492592,111.86583979447083,111.86583979447083,221400
2020-06-04,110.64772033691406,112.23293892679942,109.31281348993,112.23293892679942,513700
2020-06-05,112.34137725830078,114.39381361052939,111.83244066861194,111.83244066861194,228100
2020-06-08,115.17808532714844,115.53683746047953,112.10777559500298,112.65009220706014,475700
2020-06-09,112.85868072509766,114.25199619939063,111.67394564032284,114.25199619939063,203900
2020-06-10,112.03267669677734,113.48440051743857,111.70729185964878,112.90037808294299,232000
2020-06-11,107.39387512207031,110.01364438199357,106.67635805186269,110.01364438199357,345900
2020-06-12,107.18529510498047,109.59648397778608,105.7669445904446,109.56311671589123,289400
2020-06-15,107.98621368408203,108.78716783696915,104.36526183016692,105.24964685074767,201000
2020-06-16,108.63701629638672,111.31518138382808,107.98623376510889,110.62269295899861,215800
2020-06-17,108.10301208496094,108.93733334739984,107.21862085296068,108.93733334739984,213600
2020-06-18,108.09471130371094,108.18648719475173,106.93500471550703,107.52737869054096,128700
2020-06-19,105.04107666015625,109.29611497782233,105.04107666015625,108.77048836630733,188600
2020-06-22,106.16024780273438,106.73331281983253,104.17980469777915,105.18266365549083,169400
2020-06-23,105.00567626953125,107.28950684769907,104.76128026129167,107.09567974332428,216300
2020-06-24,104.07022857666016,104.66015195231466,102.81454454602076,104.31462457705257,476400
2020-06-25,102.8904037475586,104.00282974978995,101.6431487510909,104.00282974978995,334900
2020-06-26,101.84541320800781,103.75844197120001,101.12065426198971,102.79771619245304,268100
2020-06-29,103.76683807373047,103.76683807373047,101.55885776719624,102.4858728414397,149400
2020-06-30,104.2219467163086,104.76973053937556,103.2612209347633,103.75001304947624,293900
2020-07-01,106.53947448730469,106.96084561541105,104.33991668422044,104.33991668422044,186800
2020-07-02,106.79228210449219,107.88784942853464,106.48046520651405,107.40748024937423,505000
2020-07-06,105.51976776123047,107.89630090603019,104.76129836829145,107.28952539167898,482700
2020-07-07,105.0478286743164,105.45234137655218,104.05339250603436,104.68544922918956,191200
2020-07-08,105.89899444580078,106.2613674416407,104.719154007376,104.93826236351923,190600
2020-07-09,104.50003814697266,105.77258073437663,102.9999579829558,105.77258073437663,222500
2020-07-10,106.41304779052734,106.70801268488516,104.33990288595736,104.33990288595736,195700
2020-07-13,106.51419830322266,107.69403880383503,106.11810839526726,106.5226275264765,241300
2020-07-14,107.62660217285156,108.10696495441353,106.5816036783262,106.70801629023462,190700
2020-07-15,107.23053741455078,109.48908722451574,107.12098322105457,108.7137657868179,222200
2020-07-16,108.56204223632812,108.74743366569365,107.05352669364454,107.18836851429565,129100
2020-07-17,110.86273956298828,111.13241038160466,109.01713207783752,109.01713207783752,197600
2020-07-20,109.30368041992188,110.71949425726905,109.10985327965672,110.58465239481164,222000
2020-07-21,109.97785186767578,111.02285677527962,109.31209121940933,109.51434110788276,232800
2020-07-22,111.62120819091797,112.02572086942959,108.53676847660468,109.40480482265069,166600
2020-07-23,111.8150405883789,112.48923699055776,111.16613828532624,111.55379253660098,202500
2020-07-24,110.96385955810547,112.92745034983268,110.43292787807592,111.97514758640823,146500
2020-07-27,109.56490325927734,110.9975752143029,108.93284664119837,110.9975752143029,431600
2020-07-28,111.21669006347656,112.1521344274217,109.41322225523939,109.41322225523939,133700
2020-07-29,111.89089965820312,111.92460369241033,111.00601766434596,111.4695285048642,194600
2020-07-30,111.68019104003906,111.72233071852425,110.39921939759104,110.9469966402252,144100
2020-07-31,111.76446533203125,112.14370960562131,110.23068123015771,111.48635886570369,215100
2020-08-03,110.58463287353516,111.7391855763499,109.99471590345557,111.7391855763499,166000
2020-08-04,111.78974914550781,112.25325993340314,110.18012129550861,110.4582277682458,480600
2020-08-05,110.4582290649414,112.15213629961609,110.04528074738231,112.1015738238386,249300
2020-08-06,111.09870910644531,111.26725497966324,109.87673545158306,110.37395027830497,155400
2020-08-07,113.34039306640625,113.64378074589793,110.82058948231648,110.83744792540611,179500
2020-08-10,113.25613403320312,114.19157847455935,112.98646319150016,113.64380113848274,193300
2020-08-11,110.9385757446289,113.72805019442494,110.62676526511234,113.51736465762193,288700
2020-08-12,112.48079681396484,113.22241402767305,111.17454389771962,111.17454389771962,224100
2020-08-13,112.09315490722656,112.50610328643884,111.35155038639229,112.00045273471882,147800
2020-08-14,111.30939483642578,112.12685582499516,110.97229023023819,111.94145150639845,127600
2020-08-17,111.03130340576172,112.01731040143801,110.76161968426344,111.40211209320803,169600
2020-08-18,110.51721954345703,111.34310335828214,110.02842748918974,110.9554491195633,206900
2020-08-19,110.18852996826172,110.94699271727909,110.08740503085247,110.91328869121733,335000
2020-08-20,109.26997375488281,110.27283918653563,109.02557127765563,109.83460957370679,171400
2020-08-21,109.27839660644531,109.55650311900855,108.30081241547649,109.4216612597244,136700
2020-08-24,110.37395477294922,110.39081321872528,108.71375149273294,109.55649375236653,130200
2020-08-25,109.3542251586914,110.60149289518732,108.98342938594404,110.58463445030881,123000
2020-08-26,107.90471649169922,108.92444031440448,107.660326887158,108.92444031440448,210200
2020-08-27,108.38508605957031,109.19412431325557,107.76988136095021,108.16597769424338,172300
2020-08-28,108.6631851196289,108.8148725484971,107.57604687211617,108.6126226433395,194000
2020-08-31,108.9244384765625,109.65762013704219,108.6379091907689,108.65475477753802,348500
2020-09-01,107.76144409179688,108.7643029066064,107.3316437828142,108.7643029066064,210200
2020-09-02,110.85431671142578,111.3683900298498,107.50020595112632,107.81202291742707,244400
2020-09-03,109.70819091796875,112.11001171466047,108.68847989452883,111.03972534940627,243100
2020-09-04,109.05082702636719,110.0621278748292,107.64345563491328,110.0621278748292,251000
2020-09-08,108.1912612915039,109.22783072665143,107.30637929891245,109.22783072665143,220700
2020-09-09,109.47222137451172,110.88803514791941,108.97500649578598,108.97500649578598,166600
2020-09-10,107.60975646972656,109.40480151895788,107.58447523178464,109.40480151895788,526500
2020-09-11,107.79393005371094,108.10792825272539,106.99621522380447,107.92971515855723,224800
2020-09-14,109.17716979980469,109.78818961525856,108.243676656155,108.41340150507531,211700
2020-09-15,109.93246459960938,111.51093041596212,109.29598665671192,110.38225425916632,155100
2020-09-16,109.83912658691406,110.5774498908348,109.31297557081524,109.48270045189437,215400
2020-09-17,108.93108367919922,109.46572931866348,108.10790446730371,109.2535699949621,190600
2020-09-18,106.9707260131836,109.06686101861928,106.78402478563396,109.06686101861928,279900
2020-09-21,106.46154022216797,106.81797278718388,105.01037130435152,106.25786909543628,293300
2020-09-22,107.03013610839844,107.7429883159554,106.33425379762629,106.50397866382882,129000
2020-09-23,105.27347564697266,107.26777231000933,105.27347564697266,107.14047540075386,708900
2020-09-24,106.5294418334961,107.26775863337069,104.67092402926045,105.26497403851474,198400
2020-09-25,108.2691421508789,108.29460023250167,105.75717666221536,106.26635771843569,117000
2020-09-28,108.55768585205078,109.60150614364586,108.39644916184503,108.85471409763883,172800
2020-09-29,108.48130798339844,109.56756269517412,108.03153124879651,108.86319217986717,126200
2020-09-30,109.5591049194336,110.0428215541918,108.69349105559525,109.35542726053622,170700
2020-10-01,110.56047058105469,110.80658265888336,109.62696433614946,109.84761832995144,133900
2020-10-02,111.89283752441406,112.40201215465578,109.30449106919001,109.58454294295308,189400
2020-10-05,113.20821380615234,113.47130225381866,111.53639724246645,112.13045372842105,166200
2020-10-06,114.1417236328125,115.50803028497165,112.90270740354647,113.31854436696129,172900
2020-10-07,114.90547943115234,115.27040018527569,114.06533683410034,114.6169458715421,193000
2020-10-08,116.95921325683594,117.11196177397862,115.4146869656601,115.4146869656601,317600
2020-10-09,116.93373107910156,117.57020907157239,116.16996266780774,117.57020907157239,157500
2020-10-12,117.62112426757812,118.40186895870492,116.67913643224038,116.81490854652337,455700
2020-10-13,116.7555160522461,117.11194214836162,115.59288714711856,117.06102598451325,658300
2020-10-14,116.5772705078125,117.45136565657023,116.06809603380724,116.9336965243684,203400
2020-10-15,116.67913818359375,117.22226549640718,115.31283171631951,115.58438889813795,87900
2020-10-16,117.84178924560547,118.26610794331408,116.619749324336,116.75553441540572,134400
2020-10-19,116.72156524658203,118.2576095934927,116.48394784522972,117.87571245994056,95000
2020-10-20,117.40047454833984,118.0624105701749,116.97615592156473,117.26468947996936,112500
2020-10-21,117.33258819580078,118.00301891296603,117.04405462219479,117.36654093927062,69200
2020-10-22,119.07229614257812,119.1317069685105,117.13740415642596,117.54474643004288,198300
2020-10-23,119.44572448730469,119.82760876083836,118.7328721168178,119.52209875217538,123100
2020-10-26,119.31841278076172,119.445703199527,117.68901772549873,118.58008950438939,129300
2020-10-27,119.10625457763672,120.19250932531057,118.72435741936958,119.58148941109678,120600
2020-10-28,115.55046844482422,118.80923286709009,115.31285101502435,117.30714108292896,161000
2020-10-29,115.66075897216797,117.10345258001328,113.59009506926954,115.21947694897341,211900
2020-10-30,114.91397094726562,115.8305007137554,113.70041296924782,115.30433682331079,257300
2020-11-02,117.43443298339844,117.43443298339844,115.23645254876786,116.05115004931153,130600
2020-11-03,119.23355102539062,120.31132411594533,118.41037173682552,118.98745188461385,445900
2020-11-04,117.273193359375,120.1076389012595,117.17984273617867,119.14867458562243,153700
2020-11-05,118.300048828125,120.35376273917642,118.1727583973148,118.43583392044195,107700
2020-11-06,117.9945297241211,119.42024718488413,117.92665013238877,118.30003968362902,95600
2020-11-09,120.58290100097656,125.0722006920663,120.44711589122086,121.27029531399126,255500
2020-11-10,122.76388549804688,122.85723612705318,120.76958249162942,121.27027543394574,369500
2020-11-11,123.06940460205078,123.96047649974145,122.51778249910912,123.1797186632954,177800
2020-11-12,120.87142944335938,122.38201606328889,119.86156172462942,122.34806331272137,524500
2020-11-13,122.14435577392578,122.45836036854236,121.42302186559488,121.42302186559488,247400
2020-11-16,123.49372863769531,123.64647716715581,122.09346903840658,123.4088597107638,157300
2020-11-17,121.07508850097656,123.06089678119099,121.00719595945066,122.47534789023922,139800
2020-11-18,118.7073974609375,121.90675096856884,118.6989027999062,121.81340034147323,364700
2020-11-19,117.54476165771484,118.69890904012796,116.76401680331465,118.58859498352712,229100
2020-11-20,117.68053436279297,118.32549405745077,117.08649083492688,117.30713187408351,99700
2020-11-23,117.73145294189453,118.35944922660785,117.2816761937816,118.19820606234511,144800
2020-11-24,119.35237121582031,119.5984703802602,118.46129929776706,118.60556611129111,130800
2020-11-25,119.58148956298828,119.58997127460441,118.20668827967197,119.0892783565143,138000
2020-11-27,118.46127319335938,119.5729859431439,117.99452010588345,119.5729859431439,74000
2020-11-30,116.5518569946289,118.147299444705,116.15299638210988,118.147299444705,197900
2020-12-01,117.39200592041016,118.85166319512412,117.2816789214165,117.38352420863306,148600
2020-12-02,118.00299835205078,118.0454327994055,116.13599921102013,117.0270578595931,139000
2020-12-03,116.94223022460938,117.96907417363606,116.57730942802533,117.73995141096766,135000
2020-12-04,115.90685272216797,117.28164063358378,115.30431470406374,116.95916735201129,195500
2020-12-07,116.48396301269531,116.9422344529589,115.5080351978633,115.5080351978633,149100
2020-12-08,116.14452362060547,116.84889426829044,115.32982595907227,115.83901361617802,107100
2020-12-09,115.9577865600586,116.40756324039613,115.32979036997598,116.21238031004755,146100
2020-12-10,115.37222290039062,116.33966877491244,114.93942259703313,116.03415886984367,100400
2020-12-11,115.52499389648438,115.77109300328566,114.90547937569579,114.90547937569579,90100
2020-12-14,114.94790649414062,117.40896215101083,114.94790649414062,116.25481503759005,145800
2020-12-15,117.43443298339844,117.61263956374465,115.04126959675808,115.4316484499551,211400
2020-12-16,116.06813049316406,118.2321582603913,115.9323454134466,117.66355985772162,218000
2020-12-17,116.87366485595703,117.55923093497738,116.57371988913455,116.57371988913455,146700
2020-12-18,115.58821868896484,117.19074980349558,115.27113062025722,116.83938865845151,181900
2020-12-21,114.27708435058594,114.99693682876877,112.94877672867332,114.92837758184574,303900
2020-12-22,114.29419708251953,114.66270134449871,113.80573050197829,114.57699902971174,245600
2020-12-23,114.09707641601562,115.75103663686346,114.08851141665083,114.60268598157124,227500
2020-12-24,114.78265380859375,114.88548610472483,113.7200054686785,114.49985191789852,96700
2020-12-28,115.43396759033203,116.10240378817731,114.97120909810725,115.39969451089715,128600
2020-12-29,115.19402313232422,116.13669632277328,114.92836425401705,115.793900127911,170200
2020-12-30,115.91386413574219,116.27379029772297,115.18544681137743,115.19401181178061,114400
2020-12-31,117.59353637695312,117.69636869040974,115.63106588624323,115.86245166785754,188200
2021-01-04,114.79124450683594,117.78207752679334,114.16565943809374,117.73922636836713,356000
2021-01-05,114.86836242675781,115.31399091246654,113.80572698373916,114.9883378179482,168600
2021-01-06,117.82492065429688,118.6218972260845,115.45110786373007,115.46825094119961,321100
2021-01-07,116.34235382080078,118.63904241819634,116.27379458603735,118.63904241819634,182400
2021-01-08,117.18218994140625,117.404997638202,116.21380876915984,116.47090262013121,200500
2021-01-11,116.19664764404297,117.18217174030248,115.39967121379065,116.64227604475452,179600
2021-01-12,115.7767562866211,116.46232244172435,114.43130590074169,116.12810436439385,208400
2021-01-13,117.78207397460938,118.13343515623491,115.90530574864654,115.93957882855129,223500
2021-01-14,117.24219512939453,117.919209511607,116.67659115658545,117.919209511607,178600
2021-01-15,118.41622161865234,118.6904585576656,116.63373382041412,116.83939844833708,183600
2021-01-19,117.85920715332031,119.11895542587366,117.7649398310089,119.11895542587366,236200
2021-01-20,118.5190658569336,118.90470010687771,117.30216887364885,117.97060506057517,281500
2021-01-21,117.67925262451172,118.27055157324519,117.54213413944086,118.21913541042824,132700
2021-01-22,117.79063415527344,118.2191195564031,116.95937143097498,117.49070222028472,167800
2021-01-25,119.93306732177734,120.08732887380339,117.34501170463385,117.58497557182295,212600
2021-01-26,118.63045501708984,119.98447037548728,118.26196387007795,119.9759053754414,156400
2021-01-27,115.7167739868164,118.27054348398526,115.21972931968436,117.83349305359526,331700
2021-01-28,117.11363983154297,118.8190034590247,115.82818355289646,116.16240166229105,219000
2021-01-29,116.36804962158203,117.64494071619741,115.77675080226577,116.54801922838999,264300
2021-02-01,117.18218994140625,117.99630957253525,116.05098222766675,117.13933878685494,139700
2021-02-02,117.99630737304688,119.73595698944337,117.18218775709333,117.7049404496675,377800
2021-02-03,117.69638061523438,118.33910879213234,117.40501364669514,117.94490949971767,325800
2021-02-04,118.70759582519531,118.72472582579248,117.40499658131314,117.73921466166635,496500
2021-02-05,119.32461547851562,119.8902062522846,118.66474432005947,119.15321086236035,263100
2021-02-08,118.59618377685547,119.65025415760064,118.06486608639365,119.64168915742215,269700
2021-02-09,118.7504653930664,118.99041620199722,117.82493524018827,118.70761423225626,154400
2021-02-10,119.2560806274414,119.6245718595679,118.57050125167278,119.3332048746764,129700
2021-02-11,118.71615600585938,119.60741290150894,118.47620524387739,119.32461098710104,105300
2021-02-12,117.84208679199219,118.776195193646,117.23364465677902,118.53624434083788,172400
2021-02-16,116.65087127685547,117.79064410933886,116.49662279605543,117.79064410933886,297200
2021-02-17,116.86509704589844,116.92509127506679,116.0338343719158,116.6851405110652,165000
2021-02-18,117.36215209960938,117.85919674824866,116.71942397959361,116.73656705750174,179800
2021-02-19,115.93958282470703,117.4735679991462,115.84531550629826,117.4050087606364,160200
2021-02-22,113.64289093017578,115.8624420196996,112.7173609571267,115.64819933361423,411200
2021-02-23,114.47416687011719,114.91979537021373,113.59148794721693,113.8485818155933,316900
2021-02-24,113.51437377929688,114.54273626768952,113.36011221405181,114.54273626768952,222600
2021-02-25,112.27174377441406,113.73716964787143,111.83469335842571,113.42865962589815,249600
2021-02-26,109.92362976074219,112.8887409092182,109.90648668624007,112.40883943383488,701200
2021-03-01,112.24604034423828,113.454372403371,111.22624292169382,111.3033802376346,395300
2021-03-02,111.7661361694336,112.71737433157494,111.22624035200981,112.5459827776374,350200
2021-03-03,110.6092300415039,111.71471664599011,109.75225922129114,111.71471664599011,375800
2021-03-04,110.53209686279297,112.5802566766348,110.02648719828206,110.65207225905552,367100
2021-03-05,112.48599243164062,113.0173232664595,110.2492979231147,111.0291445582863,358700
2021-03-08,114.23421478271484,115.06547753776722,112.67452158825787,113.00873969045048,271700
2021-03-09,115.53682708740234,115.96531255250677,114.67127807903464,114.90266389156587,315800
2021-03-10,116.4109115600586,116.76227273008095,115.23686573611785,115.63106498552217,592600
2021-03-11,116.12812805175781,117.46501371010883,116.0595688069958,116.35951386828727,315100
2021-03-12,117.7049560546875,117.99632301669557,116.16240584944195,116.36807049258273,185100
2021-03-15,119.2389144897461,119.48743026378284,117.93631523530408,117.93631523530408,342900
2021-03-16,119.35033416748047,119.53029072357319,118.64761179250426,119.10180529775964,244200
2021-03-17,117.31072235107422,119.17034726037735,117.11362274514559,119.17034726037735,255800
2021-03-18,116.71084594726562,117.49925745062644,116.03383174702674,117.03649900947347,240100
2021-03-19,117.07076263427734,118.07341673944654,115.49393975484892,116.60800423048177,263100
2021-03-22,116.69371795654297,117.28502992958778,115.93101443040887,116.9679549025557,238500
2021-03-23,118.27911376953125,118.70759917058965,116.45376177659479,116.74512871099368,386200
2021-03-24,118.4248046875,119.33319170268163,117.51641767231837,117.86776578527562,272000
2021-03-25,119.79595184326172,120.07875379876576,118.27912282238235,118.65619209638774,509000
2021-03-26,120.13074493408203,120.26880957244467,118.75876215259605,119.82010608105044,269700
2021-03-29,121.3560562133789,121.84790661994981,119.88051816023672,119.88051816023672,227900
2021-03-30,120.31195068359375,121.10581581993645,119.48358913538223,121.10581581993645,160500
2021-03-31,121.24385833740234,121.40780844764521,120.27743221374139,120.57944696066966,370900
2021-04-01,121.1230697631836,121.33016674333088,120.31195638248596,121.33016674333088,283600
2021-04-05,122.3915023803711,123.08181243354024,121.51999400276864,121.64942137736386,313300
2021-04-06,122.90924072265625,122.90924072265625,121.40781731383527,122.49505994892162,167300
2021-04-07,122.6762924194336,123.34071719617432,122.12404684523396,122.76258613932261,163900
2021-04-08,122.58133697509766,123.3234179720568,122.33110633072995,122.98689363428284,121900
2021-04-09,122.56407928466797,123.21124250494725,122.27933905432619,122.8747181570648,157000
2021-04-12,122.6762924194336,123.51329146937927,122.37429073296823,122.7884716219747,156400
2021-04-13,124.10865783691406,124.28123207387314,121.93418558483286,122.33974228330035,212500
2021-04-14,124.60049438476562,124.60049438476562,123.65132950342984,123.8584133200128,324700
2021-04-15,126.0242691040039,126.04153047862336,124.66953427765486,124.68679565227431,329300
2021-04-16,126.94751739501953,127.41348222933945,126.28310605086999,126.40390931040334,178200
2021-04-19,126.25724029541016,127.18051967319063,125.96384961938259,126.94753721964722,184600
2021-04-20,127.77593231201172,127.99165342683482,126.25726040362294,126.29176998870298,226100
2021-04-21,126.72321319580078,128.12971908859924,126.36942740478477,127.72416233627787,232000
2021-04-22,125.87757110595703,127.0856039093161,125.83442425585777,126.57650531122692,176600
2021-04-23,125.6100845336914,126.34352835100998,125.4806439777618,125.98111849423422,230800
2021-04-26,125.0233154296875,125.99837897786946,124.67816694945574,125.99837897786946,150900
2021-04-27,123.98783111572266,124.98877993406433,123.7634728001753,124.98877993406433,171200
2021-04-28,123.82389068603516,124.35025060864551,123.3147921351771,123.98784080126002,312100
2021-04-29,125.00604248046875,125.00604248046875,123.9015516461155,123.9015516461155,239000
2021-04-30,125.82579803466797,125.87756898728769,124.52283428307891,125.08371699178892,116300
2021-05-03,125.8430404663086,127.0683345661703,125.75675993809169,126.09328428124688,294000
2021-05-04,125.42887878417969,125.94661469854147,124.62638943357605,125.94661469854147,142100
2021-05-05,123.30614471435547,125.48924064809712,122.70212841844096,125.48924064809712,139200
2021-05-06,124.35025024414062,124.36751161584233,122.87471237801094,123.81526622050671,160400
2021-05-07,124.6954116821289,125.50652507129878,124.25534540711065,124.4279196424176,96800
2021-05-10,125.80850982666016,126.99065688122485,125.0146580004899,125.0146580004899,172300
2021-05-11,124.35025024414062,125.52377335504991,123.49599009358461,125.52377335504991,303500
2021-05-12,121.33878326416016,124.15179444411766,121.29564958340704,124.05687664663623,212700
2021-05-13,123.75486755371094,124.3502598409663,121.43370662702316,121.4682293730909,176500
2021-05-14,124.32437896728516,125.11823099082471,124.00511597047314,124.00511597047314,526900
2021-05-17,123.25438690185547,124.83346670792297,123.13358362980179,124.18630350051346,253500
2021-05-18,123.22847747802734,123.57363902150678,122.7884113224785,123.15944516933146,149000
2021-05-19,123.04730987548828,123.08181945515933,121.58039599135535,122.65037729313669,264200
2021-05-20,123.99649047851562,124.678176554359,123.09909646083771,123.27167071424829,351300
2021-05-21,124.57460021972656,125.03192783821306,123.71171593328874,124.16041944887581,296500
2021-05-24,124.47106170654297,125.33394601646701,124.44517623057082,125.0837153598797,145600
2021-05-25,122.9178466796875,124.62635363987025,122.73664837830238,124.62635363987025,126400
2021-05-26,123.07319641113281,123.5305240534873,122.71078657190304,123.03867366459474,153800
2021-05-27,122.2361831665039,123.39244487458302,122.2361831665039,123.39244487458302,162100
2021-05-28,122.88335418701172,123.29753495717294,122.5899766900879,122.92650103457564,116300
2021-06-01,122.36560821533203,123.35793296084294,121.99457432346294,123.35793296084294,176000
2021-06-02,122.9437255859375,123.56500320493,122.05495599671123,122.56405446693468,122900
2021-06-03,123.7203598022461,124.03099868859658,122.09813304390802,122.39151055696959,99000
2021-06-04,123.47876739501953,124.1431789272394,123.39247368525439,123.97060467428062,91400
2021-06-07,123.8411636352539,123.93608143891188,123.461492420622,123.6858376080999,133600
2021-06-08,122.9178466796875,124.03959872758085,122.37423860896467,123.98782778432796,164300
2021-06-09,124.00511932373047,124.19494177298422,123.01279439254456,123.1767445304448,169400
2021-06-10,124.8507308959961,124.93701142565517,123.84978195265056,124.21219177698543,105100
2021-06-11,125.187255859375,125.25628818338286,124.35888113785026,124.97153478431403,93400
2021-06-14,125.29943084716797,125.75675845769861,124.68677722116458,125.21313715339765,123800
2021-06-15,125.70496368408203,126.32624136016217,125.11820874921077,125.5237653757233,192200
2021-06-16,123.88428497314453,126.37801966489603,123.82387676208874,125.9810871586408,118000
2021-06-17,124.46243286132812,125.13548154409982,123.50463078714239,123.78938417855643,110200
2021-06-18,121.16620635986328,123.96195610570418,121.05402719262176,123.81526736131006,210600
2021-06-21,122.81243133544922,123.07318224414479,120.93504070765174,121.69990650320082,188300
2021-06-22,122.01274108886719,123.04704408593311,121.9866673378769,122.6732982178468,141200
2021-06-23,120.7698974609375,122.06495190194397,120.44831219037124,122.06495190194397,225800
2021-06-24,120.70035552978516,121.28269167178445,120.16148008006606,121.28269167178445,249900
2021-06-25,122.07361602783203,122.12576354715937,120.69165371629958,120.83072260939885,170600
2021-06-28,122.77763366699219,123.29044855084743,122.35175341896777,122.48212221686514,151500
2021-06-29,120.778564453125,123.09922169518819,120.51781361711306,122.52557250842962,210600
2021-06-30,120.60472106933594,121.15229649576894,120.20491461697087,120.8654719039392,504100
2021-07-01,121.94325256347656,122.34305907070052,120.5091294075467,120.848101560341,142800
2021-07-02,122.1170654296875,122.35174250731318,121.55211633939655,122.35174250731318,112300
2021-07-06,122.56903839111328,122.58641205520291,120.63080059566008,122.11707114034179,208800
2021-07-07,123.35999298095703,123.35999298095703,122.12578616637472,122.55167975699466,133200
2021-07-08,122.8906021118164,123.51639873049811,122.45602186341726,122.55163004855855,211200
2021-07-09,123.16008758544922,123.40345155810067,122.15185783455505,123.19486144573762,126400
2021-07-12,123.5338134765625,123.6120347559308,122.4734363706602,122.96016423651575,161800
2021-07-13,122.54298400878906,123.64680865826945,122.1257772825683,123.25568895698595,124200
2021-07-14,123.42950439453125,123.942319279273,122.03015515787578,122.70809943279313,130400
2021-07-15,124.81147766113281,124.85492508481155,123.0209955384992,123.0383824653743,174000
2021-07-16,125.93270874023438,126.54981874836261,124.92447902159678,125.02878733678298,155600
2021-07-19,123.76846313476562,126.0891335888676,122.41257473169806,125.28080734098461,403900
2021-07-20,124.4812240600586,125.58506210676983,123.90757468816052,124.0292566825926,252300
2021-07-21,123.22090148925781,124.9331489254888,123.16005388157554,124.68108492557396,148000
2021-07-22,123.28174591064453,123.89015572550271,122.97754763438509,123.37735411457506,108500
2021-07-23,124.8896713256836,124.98527950884883,123.49900925461405,123.6206911911574,121200
2021-07-26,124.7506332397461,125.19390041885619,124.15961033426595,124.74194640725598,315600
2021-07-27,126.82792663574219,127.08867749591411,124.04661507270085,124.77670687131051,243700
2021-07-28,126.20214080810547,127.08000167131475,125.28951934962076,126.81055069298168,113800
2021-07-29,126.39332580566406,126.7409979836611,125.82837675213294,126.43678648570588,136300
2021-07-30,125.33296966552734,127.33204191807427,125.14175325148913,126.37595984788321,351200
2021-08-02,126.2977523803711,126.7323327757408,125.64588178731653,125.81102445953161,267300
2021-08-03,127.12345123291016,127.5928054822194,125.94139203859865,126.65411024594195,238100
2021-08-04,126.85399627685547,126.97567823933967,125.31557818789584,126.66277986976041,146400
2021-08-05,128.17515563964844,128.24469010131529,126.73234540033188,127.00178315032687,152000
2021-08-06,128.08819580078125,128.96605651128206,127.76661061664684,128.07082213733617,126900
2021-08-09,127.99258422851562,128.4532382820985,127.3146400265507,128.17511378858532,133400
2021-08-10,128.1316680908203,128.5488615110479,127.58409260891305,128.14035492332974,127600
2021-08-11,129.2876739501953,129.80047565886767,128.47936074117027,128.47936074117027,137700
2021-08-12,129.44406127929688,129.77434649890537,129.00079421798242,129.1746236579683,111100
2021-08-13,130.16549682617188,130.33933956959115,129.4093312891874,129.66138204740247,143100
2021-08-16,130.86083984375,131.73000059006858,130.11336107142242,130.32196442498145,187700
2021-08-17,130.94772338867188,130.9564102191826,129.72220390748956,130.46968246384864,126000
2021-08-18,130.20030212402344,131.06076290499502,129.81786921588386,130.82609901691686,166600
2021-08-19,130.63485717773438,131.60831292758667,130.14812930280823,130.14812930280823,172500
2021-08-20,132.24276733398438,132.3123017668129,129.9916447783005,130.50444630028184,175100
2021-08-23,130.60874938964844,132.14715389444865,130.40014609945376,132.12978023368478,219900
2021-08-24,129.81784057617188,130.73914878124907,129.05297492863323,130.73914878124907,175200
2021-08-25,130.1220703125,130.55665071620405,129.21813564588436,129.8526193218367,104800
2021-08-26,129.661376953125,130.1220442902797,129.5049344050013,130.10465736415304,111900
2021-08-27,129.73965454101562,130.37413830062255,129.56582500908343,129.930871004844,430900
2021-08-30,130.0003662109375,130.30456448436743,129.3919431393993,129.71354160181386,231400
2021-08-31,129.9742889404297,130.57401196246659,129.4267267022422,130.0264497242791,202700
2021-09-01,131.5648193359375,132.0428602586627,130.24370493792532,130.33061302966115,182900
2021-09-02,132.668701171875,132.67738800524816,131.88646177337765,131.88646177337765,173900
2021-09-03,131.62571716308594,132.42534352880133,131.3910400274096,132.3905829313101,126800
2021-09-07,129.94821166992188,131.53009051212578,129.7483084220888,131.53009051212578,256400
2021-09-08,132.09506225585938,132.4601082213405,129.55711416560334,129.86132576800867,209300
2021-09-09,131.39105224609375,132.18199185157502,131.32151778230326,131.72133763351295,143500
2021-09-10,129.44406127929688,131.49528050073718,129.44406127929688,131.39098548921288,264300
2021-09-13,129.26153564453125,130.64349749645405,128.89648986830647,130.32191239266118,150500
2021-09-14,128.705322265625,129.97428950230344,128.39242387287658,129.80916010425696,302900
2021-09-15,128.62709045410156,129.39194281416962,127.91437234916046,128.54885591556328,250700
2021-09-16,127.42765808105469,129.00083691649453,127.29728927349801,128.5662565415182,140300
2021-09-17,125.697998046875,127.76660445824227,125.60238985318144,127.3580979272187,402300
2021-09-20,125.31563568115234,126.28040499145095,123.94237287265443,125.22872753227081,360000
2021-09-21,124.97661590576172,126.47157342682857,124.97661590576172,125.80232921160815,176200
2021-09-22,124.95054626464844,126.04569731173719,124.62896102693036,125.44597426449158,141400
2021-09-23,124.52467346191406,125.84578834953027,124.37691771510204,125.1504703086129,125800
2021-09-24,124.28995513916016,125.2112631741618,124.09873876257447,124.50724527052232,136500
2021-09-27,122.96884155273438,125.42856771378892,122.88193344760846,124.29865624844273,174800
2021-09-28,121.46521759033203,123.00363586647003,121.18707977804773,122.96886200876406,260300
2021-09-29,123.0326156616211,123.76019253735382,121.49854321385051,121.8228856796145,196500
2021-09-30,121.9719009399414,123.44461735702205,121.84917568652214,123.37448672991827,185000
2021-10-01,122.03326416015625,122.95369682680831,121.63877773039252,122.74331833205298,291200
2021-10-04,123.75140380859375,124.15465150527726,121.98064254445293,122.08584515613622,340400
2021-10-05,123.5936279296875,124.43516862116834,123.41829469091822,123.9705649657356,195600
2021-10-06,125.42574310302734,125.47833772334245,122.43649067200533,123.12024748819746,215300
2021-10-07,124.94361877441406,126.58288039675983,124.78583489412496,125.55724504673204,174500
2021-10-08,124.05823516845703,125.02250112929966,124.01440185749861,124.9436091952036,155000
2021-10-11,122.44525146484375,123.65498123115971,122.28746760456661,123.60238661106733,192500
2021-10-12,123.26927947998047,123.54102728978917,122.26118017726134,122.5855226114138,140800
2021-10-13,124.750732421875,124.78580441518372,122.74329552645506,123.39198026615725,254600
2021-10-14,126.17961883544922,126.45136659923853,124.96112786565267,125.25041162660322,148500
2021-10-15,125.9342041015625,126.95983952165456,125.81147883871517,126.58288904401962,211700
2021-10-18,124.7682876586914,125.38191387575671,124.14588675392267,125.18029669930274,176400
2021-10-19,126.17961883544922,126.34617736836438,125.36436216803466,125.55721800866836,137200
2021-10-20,128.0731201171875,128.59031839709604,126.41632265832668,126.46014259224744,151900
2021-10-21,128.01174926757812,128.44129429842795,127.90656002575696,128.05558257701963,102700
2021-10-22,128.74810791015625,128.93220246968323,128.13448167181426,128.37117085519216,123300
2021-10-25,128.27471923828125,128.99353459162248,128.00297148118713,128.61659760624582,153300
2021-10-26,128.81820678710938,129.88767512867332,128.27471130652773,128.45879244463967,140200
2021-10-27,128.06434631347656,129.3792653653322,127.95039575802858,129.16888687770623,162500
2021-10-28,128.89710998535156,128.94971797689078,127.84517754736058,127.84517754736058,128100
2021-10-29,128.21339416503906,129.45818284127623,127.63483983386611,128.82703387781945,120400
2021-11-01,128.7831573486328,129.0987384125006,127.8627114643479,128.10816191668434,169400
2021-11-02,128.81820678710938,129.35294095789135,127.97666626079234,129.26528773175798,133500
2021-11-03,128.5377197265625,129.02862068023572,127.50330982328153,128.47635041932946,155200
2021-11-04,127.81012725830078,128.52018136581702,126.55656421116606,128.24843358403155,170300
2021-11-05,128.8883819580078,129.55460288636473,128.07313845525726,128.17832771340568,215000
2021-11-08,127.17897033691406,129.27407412547961,126.57410544223207,129.27407412547961,219400
2021-11-09,127.83642578125,128.16076818503439,127.1000743572839,127.4156554498476,161900
2021-11-10,128.8357696533203,128.9321975854103,127.84519302149097,127.8802650200955,172700
2021-11-11,128.2309112548828,128.85331218922818,127.58221300827415,128.85331218922818,131000
2021-11-12,128.1256866455078,128.4061956909172,127.59971379330294,128.20457856052496,143500
2021-11-15,129.67730712890625,129.7912710574632,128.40622142010554,128.66044658749445,175200
2021-11-16,129.11627197265625,130.010420625379,129.02861873285053,129.86139807926645,207600
2021-11-17,129.23899841308594,129.35296233954728,128.1958405805812,128.73057483975316,170300
2021-11-18,128.50265502929688,129.1601145673258,128.04682604701844,128.92343876439034,167900
2021-11-19,129.30911254882812,129.54580168282914,128.30101346586008,128.7217837449372,138100
2021-11-22,130.0893096923828,130.84319709357572,128.92342665867554,129.22147174434437,162200
2021-11-23,130.26463317871094,130.86072330547142,129.47567384052957,130.08053865365474,154800
2021-11-24,130.31724548339844,130.562695966096,129.5545833486864,130.26465086225582,107000
2021-11-26,128.14321899414062,129.85262420557112,127.8364126204311,129.24775939242448,240800
2021-11-29,129.9139862060547,130.19450866192835,128.14322498748118,128.84451775111842,208500
2021-11-30,126.17086791992188,129.34421520164477,126.06567866922968,129.28284588804155,352700
2021-12-01,126.31990814208984,129.4844808428357,126.2936108285253,126.8195704758657,362600
2021-12-02,128.08187866210938,129.16888319603814,126.81079295675467,126.81079295675467,220300
2021-12-03,129.0724639892578,129.14259461322305,126.88969346250451,128.64291893348903,158100
2021-12-06,131.3341064453125,132.491228124348,129.84385432115258,129.90522362379184,399000
2021-12-07,132.13180541992188,132.45616115791486,131.04481442267402,131.4305127073467,203400
2021-12-08,132.1493682861328,132.88571976483868,131.45685011888415,132.35098546757757,191400
2021-12-09,131.86007690429688,132.50877509885888,131.03605885002963,132.2896219302154,154500
2021-12-10,132.42111206054688,133.0172156509158,132.05293633239913,132.40357606128796,158200
2021-12-13,133.88507080078125,134.6126610386136,132.38607038543202,132.40359301088586,169500
2021-12-14,133.13992309570312,134.1392609030995,132.5613555819351,133.75354922725415,204600
2021-12-15,135.28761291503906,135.4366354395234,133.21004550610718,133.3853653363214,216000
2021-12-16,135.8560791015625,136.82703901096673,135.18521986967406,135.32645480995637,190400
2021-12-17,134.0288848876953,135.8207610683762,133.7375928797007,135.3794119900035,248100
2021-12-20,134.12600708007812,134.17014468987603,131.71624443687642,133.04029191736862,292500
2021-12-21,133.96714782714844,135.37945726895862,133.34042599992785,134.62033606150595,240500
2021-12-22,134.51438903808594,134.65562399404564,133.55225115481045,133.63169076669777,248800
2021-12-23,134.50555419921875,135.15874223824767,134.4349367279092,134.70857101116783,167600
2021-12-27,135.07933044433594,135.12346805660476,134.17015220101277,134.7703806273624,126600
2021-12-28,136.23565673828125,136.3062742208043,135.15876370039285,135.15876370039285,244200
2021-12-29,136.95945739746094,137.16247421432104,136.17385652988318,136.28859813824457,163000
2021-12-30,137.51556396484375,137.70093653650056,136.5799059100696,137.19779203408015,151800
2021-12-31,138.0540008544922,138.5306654518797,137.0477253886708,137.2595778173882,148900
2022-01-03,136.8270721435547,138.054022362939,135.2029103437339,138.054022362939,342400
2022-01-04,136.5799102783203,138.03637061961368,136.37689343156103,136.86238021199216,242800
2022-01-05,136.22679138183594,137.64793577805702,136.0943785932767,136.4386437621887,334400
2022-01-06,134.85865783691406,136.57991698946785,134.67329871912818,136.12974566307943,296500
2022-01-07,135.8560791015625,136.43866312854817,133.77291087356647,134.52319623961904,202800
2022-01-10,134.9380340576172,135.90018507909926,134.33780590445238,135.75011457190595,324200
2022-01-11,133.76406860351562,135.21169299698147,132.88137047411195,134.93805873189106,268600
2022-01-12,134.1348419189453,134.50557359510142,133.06677103111593,133.62287527980382,252100
2022-01-13,134.69976806640625,135.1764192295141,134.0553885997526,134.17014369059098,226600
2022-01-14,134.03775024414062,134.8498311123501,133.26979351843946,134.7262538817293,236900
2022-01-18,132.44888305664062,133.26096387911772,131.4249497926406,133.12856452123287,543600
2022-01-19,132.89024353027344,133.99361650301083,132.4753742150115,132.54599170153568,344400
2022-01-20,132.8813934326172,134.87630016983726,132.6783765990715,133.2433029607385,196100
2022-01-21,132.48419189453125,133.99361199679376,132.23703743446256,133.49046747307028,321400
2022-01-24,131.53970336914062,132.49301914166819,127.9735947235108,132.31646870797613,402900
2022-01-25,129.46534729003906,130.76291476076264,128.82980348932114,129.73015945182254,457600
2022-01-26,128.60914611816406,131.21310354102795,127.77058538455135,130.1627038248061,1721400
2022-01-27,129.4211883544922,131.1159670541146,128.87391985420163,129.4918058172561,357200
2022-01-28,130.9835662841797,131.12480120814908,128.2471968751134,129.10341508193525,398900
2022-01-31,133.41981506347656,133.47278826440265,130.2244521883936,130.31272738769934,246600
2022-02-01,131.62794494628906,133.63167353525876,130.49809238211614,133.1197069876015,341800
2022-02-02,133.5787353515625,133.6228729603427,131.44260708189063,131.60148631081077,399600
2022-02-03,132.73135375976562,133.48165278541742,132.46655501556725,133.08444120021122,170800
2022-02-04,131.61032104492188,132.78429792349954,130.4098508261253,131.79568014410484,194700
2022-02-07,131.44259643554688,132.0516603682233,130.77173716180192,131.5838313846412,190100
2022-02-08,131.6897430419922,132.39590427662432,131.30135368949925,131.91041758600815,159600
2022-02-09,132.19285583496094,132.79309751604072,131.80448000473686,132.475325677564,139100
2022-02-10,128.7945098876953,131.47790674550126,128.5208755746024,131.0806952113694,432900
2022-02-11,128.7680206298828,130.25978277654826,128.3001916508453,129.27998721369678,193400
2022-02-14,127.77056884765625,129.28881088142413,126.55244097968045,128.99751884912965,240300
2022-02-15,127.23213958740234,129.03283829447653,126.71135079361561,128.43260988175444,180000
2022-02-16,127.56754302978516,128.12363371685305,126.41121058455657,127.34686848775206,214200
2022-02-17,127.66465759277344,128.23840609191305,126.19055306936069,127.13503323286996,154500
2022-02-18,127.30272674560547,128.4414014191476,126.83489780922179,127.1968072789238,143200
2022-02-22,127.16154479980469,128.1236829401717,126.44656116395561,127.67351155028051,221100
2022-02-23,125.02538299560547,127.6646556837775,124.95476551741383,127.32922602959391,266300
2022-02-24,126.34944152832031,126.57011611625359,123.91319892634381,124.20449099868468,320600
2022-02-25,130.10089111328125,130.28626366723358,126.97614531663218,126.97614531663218,188100
2022-02-28,130.93063354492188,131.089512765461,129.43887134162998,129.4918310818097,150200
2022-03-01,129.61541748046875,131.7692035263938,128.76803463975205,130.8776830760985,455900
2022-03-02,131.34548950195312,131.83979831878702,129.86254958254634,129.91550931736353,327300
2022-03-03,133.53457641601562,134.06420069897766,131.88393516873515,131.88393516873515,233900
2022-03-04,136.30628967285156,136.37690716338,132.93438868080008,132.97851282708487,337300
2022-03-07,137.70095825195312,137.96577048083492,135.4324167695207,136.42987032844803,673500
2022-03-08,135.87376403808594,138.71605408474167,135.85611976694815,138.01872824534033,302400
2022-03-09,134.97340393066406,136.84472006715103,134.77037361856782,136.49164612517868,337200
2022-03-10,135.8649139404297,136.0326287640863,133.95828247502786,134.1966147754297,194200
2022-03-11,135.37940979003906,136.81821207220273,135.14991312182045,136.03261126422174,196000
2022-03-14,135.2382049560547,136.53575899357347,134.47024831886225,136.04145012806032,249500
2022-03-15,136.87118530273438,137.15365520123171,135.59127556382018,136.03262467854273,154500
2022-03-16,136.8182373046875,137.32138180372215,134.86746812389504,137.02125414358753,275900
2022-03-17,137.2860565185547,138.20407023294126,136.6240328369688,136.6240328369688,147500
2022-03-18,136.10324096679688,137.77154006714983,135.79429120162166,137.40080843028318,239500
2022-03-21,137.0036163330078,137.63914675130792,136.23565961243523,136.27979722355676,439400
2022-03-22,137.09185791015625,137.5861667565897,136.15619995527783,137.5861667565897,189900
2022-03-23,137.14483642578125,137.94809514566936,136.35923544394225,137.09187668054165,137000
2022-03-24,138.55039978027344,138.72809412874057,137.39536617942238,137.52863355147028,332400
2022-03-25,140.62057495117188,140.66500192847448,138.76363033471904,139.07460561862726,277400
2022-03-28,141.49127197265625,141.50015194430432,139.96307630225243,140.74494763795911,201100
2022-03-29,142.8595733642578,142.8862404011067,141.31361731649284,141.84670046643467,1425700
2022-03-30,143.97015380859375,143.97904733831683,142.59301242250947,142.86844069972634,235900
2022-03-31,143.7658233642578,145.0185910577767,143.64143594798577,143.64143594798577,281100
2022-04-01,145.81822204589844,145.86264902811342,142.91288449855824,143.6503154630384,198500
2022-04-04,144.60098266601562,145.40950754325488,143.1349873429768,145.40950754325488,272400
2022-04-05,145.42730712890625,146.866662927057,144.60102208161663,144.60102208161663,208600
2022-04-06,148.11941528320312,148.17272224103067,145.26737102452088,145.5072658919569,328900
2022-04-07,147.80844116210938,148.10164298977156,146.51124642977481,148.04833603150792,272400
2022-04-08,148.33262634277344,148.80352249328934,147.10652577973698,148.12827850846912,214800
2022-04-11,146.21804809570312,148.55475546777643,146.0581136747077,148.37706110005692,437400
2022-04-12,146.83111572265625,147.54190686737138,145.51616091712202,146.15587159164428,339400
2022-04-13,146.62673950195312,147.1509426164347,145.61386672261128,146.93771480428535,270300
2022-04-14,146.46682739257812,147.44415322347203,146.36019992292285,146.74225570453197,162900
2022-04-18,145.7115936279297,147.49744425460315,145.05410960535434,146.62673243016243,277700
2022-04-19,146.6623077392578,146.97326952939326,145.88043616229956,145.9870500838074,255100
2022-04-20,147.97726440429688,148.7058154727577,147.67518258462317,148.0661048209705,473900
2022-04-21,145.7027130126953,147.97723327062977,145.53389863215625,147.73733843737898,247900
2022-04-22,143.30380249023438,145.49836248661518,143.17941507800762,145.31178814688062,251200
2022-04-25,142.11325073242188,143.73918079818876,139.84761003234632,143.57925991821787,359000
2022-04-26,140.78053283691406,143.2682950910226,140.75387935496258,141.58905794201172,208400
2022-04-27,140.0164031982422,142.05992221680745,139.74985488152316,141.0292759560061,732300
2022-04-28,141.66014099121094,142.09549024248423,140.09639771645797,140.84273589632363,491000
2022-04-29,137.47535705566406,141.1448064939363,137.2532356815742,140.93156509421345,300800
2022-05-02,136.03599548339844,138.59483768618503,134.3834121536339,137.94623360517733,633400
2022-05-03,136.68460083007812,138.79032060331573,136.03601023594427,136.45359948952407,250800
2022-05-04,139.8654022216797,140.06975011467733,137.057784457966,137.41318683406456,606700
2022-05-05,138.3194122314453,139.91868879778266,137.11996497460163,139.12793726737314,290600
2022-05-06,139.3500518798828,139.71433416067805,137.67970848688174,137.69746843432654,244600
2022-05-09,138.1950225830078,139.53664430519234,137.16438975214496,138.5415313703695,351300
2022-05-10,136.45361328125,140.05198249354086,134.88988358370057,138.6126266742963,3097800
2022-05-11,137.44869995117188,139.68768713898055,136.34698664135186,136.70237540763978,491900
2022-05-12,136.32919311523438,137.58196070182447,134.67660983598225,137.30651885760707,364700
2022-05-13,137.7863006591797,138.03507545627073,135.77832878059905,137.16436366645203,181300
2022-05-16,138.33717346191406,138.87915009582582,137.40426108456285,137.77743688127234,153400
2022-05-17,139.88316345214844,139.88316345214844,137.08442590952887,138.93247743139338,410100
2022-05-18,138.59481811523438,140.4428690499272,138.24830941230502,139.96307942605029,304700
2022-05-19,138.470458984375,139.05684906171274,136.50690022888492,138.12395021072518,208100
2022-05-20,138.69259643554688,139.13683919984112,136.7556909334731,138.9235977923831,260200
2022-05-23,140.3096160888672,140.94044670309154,138.9857679306846,140.0519612818926,139300
2022-05-24,142.85067749023438,143.07279883395688,139.34116297086115,140.36291572910025,202800
2022-05-25,142.95730590820312,143.1794272744727,142.01551348437417,143.02838637227487,200800
2022-05-26,143.32159423828125,144.29004018226948,143.21498031629,143.59702257490056,424200
2022-05-27,145.5338897705078,145.5338897705078,142.6018856714291,143.33045009945388,146900
2022-05-31,143.67697143554688,144.6987241617625,142.96618044647013,144.36998892166383,280100
2022-06-01,143.39268493652344,144.10347610067734,142.05107661262815,144.0945825684016,246900
2022-06-02,144.4144287109375,144.59213665856112,141.2336625181123,144.11234689151814,181600
2022-06-03,143.75692749023438,144.58321233038959,143.5436861328346,144.0057022952624,136700
2022-06-06,144.52099609375,145.42724117515766,144.2811013099857,145.0274255736887,146400
2022-06-07,145.3828582763672,145.47169867466837,143.33933931449712,144.12121073992466,125500
2022-06-08,142.67298889160156,144.78758850759058,142.3620135749403,144.78758850759058,152800
2022-06-09,139.33229064941406,143.0994601692141,139.25231665780174,142.5841369966126,242900
2022-06-10,138.2572021484375,139.3589288334906,137.07551503775903,137.9018134408514,214700
2022-06-13,131.77125549316406,136.56019082033754,131.15819845389382,136.52465737274957,433600
2022-06-14,128.41275024414062,132.25101237839053,126.9556352244065,131.9666906393172,611400
2022-06-15,129.31015014648438,131.26482873614194,127.79084781031732,129.28349667091726,1068700
2022-06-16,126.73355102539062,127.63091635710097,125.83618569368026,127.55984945874884,502500
2022-06-17,125.6673812866211,127.8797013289146,124.69004189152758,126.79576157782691,366400
2022-06-21,127.89745330810547,128.56381726791554,125.79174753341265,126.20044317005886,284400
2022-06-22,129.2213592529297,130.09207142185775,127.10675899974595,127.10675899974595,243600
2022-06-23,132.07423400878906,132.28013428136111,129.83629446664997,129.83629446664997,343600
2022-06-24,134.36587524414062,134.67917853705782,132.35172996095642,132.70979476980375,147300
2022-06-27,135.6012420654297,135.86979756839492,133.8287976007397,134.3569481056811,223400
2022-06-28,135.1178436279297,137.08722774629754,134.89404966767654,136.07567467497753,274500
2022-06-29,135.00149536132812,135.55650013085287,134.1242266735272,135.11787261660353,246800
2022-06-30,136.38003540039062,137.3557737213121,133.98990405017253,133.98990405017253,330500
2022-07-01,139.84439086914062,139.96971495833827,136.54118936042298,136.60385823467243,284100
2022-07-05,135.00149536132812,139.51319021719448,132.8262241574407,139.45052133841472,268300
2022-07-06,136.37106323242188,137.55270171611352,134.4643482745336,135.42217917331647,268300
2022-07-07,136.32627868652344,137.51686380877297,136.15620680559772,136.8633894809786,122300
2022-07-08,135.91456604003906,136.38900820048926,135.4580312231816,136.24577677034932,155600
2022-07-11,136.5948944091797,136.7739268666339,135.0462438462145,135.52963284727093,134500
2022-07-12,135.9235076904297,137.48111870027964,135.39535717867557,136.2368247244807,179100
2022-07-13,135.48486328125,136.7739049640776,134.67919686277165,134.82242826951875,198000
2022-07-14,135.3864288330078,135.64602387379776,133.2111439589788,133.48864634512393,160700
2022-07-15,135.93243408203125,136.00403611709822,133.5333561283764,135.6549181441343,141200
2022-07-18,134.18687438964844,135.77133970418257,134.09736498692823,135.77133970418257,175200
2022-07-19,135.1804962158203,135.76236869678854,134.6612925989729,134.92984807793522,160600
2022-07-20,133.42596435546875,135.4490568770297,133.24693191574383,135.4490568770297,260800
2022-07-21,133.64974975585938,133.7392591403364,132.31593289567354,133.6228955745864,180800
2022-07-22,135.3595428466797,135.88769330651803,134.31217510862854,134.47331386036683,133000
2022-07-25,137.17674255371094,137.17674255371094,134.97460410701393,135.42219200063298,142300
2022-07-26,137.9287109375,138.30468319444648,137.02458815241215,137.02458815241215,558300
2022-07-27,138.17933654785156,138.44789201876574,137.03351262062984,137.81231119291215,175400
2022-07-28,142.9506072998047,143.19230855931838,140.43516581085277,140.43516581085277,290300
2022-07-29,144.1680908203125,144.7141487012636,142.85218106882874,142.87008841259959,445400
2022-08-01,144.23968505859375,144.33815494571937,142.7894909337164,143.58619687162408,555600
2022-08-02,143.97113037109375,145.61825061998277,143.87266048342653,144.5529891968461,303900
2022-08-03,144.82154846191406,145.05428926643674,141.56310890209892,143.95322679142242,322700
2022-08-04,145.03639221191406,145.99422324989087,144.3291956550039,144.7141283658295,193200
2022-08-05,144.35604858398438,145.07219197565485,143.11175473393533,144.57089569927524,308000
2022-08-08,144.71414184570312,146.0569057195817,144.05170675057488,145.43923215210947,217800
2022-08-09,146.22695922851562,146.3970311413927,145.01846654359997,145.01846654359997,164700
2022-08-10,146.95205688476562,147.13108930593538,145.9136497189635,147.13108930593538,164000
2022-08-11,146.943115234375,148.33960108094982,146.5313419787939,147.31014062339725,193600
2022-08-12,149.3422088623047,149.39591723506973,147.63241947967694,147.76670407089088,121900
2022-08-15,150.7117919921875,150.8013150321991,148.9572414867661,149.02885718691576,255600
2022-08-16,150.96241760253906,151.53532945900938,150.26418170431887,150.35370473098138,218600
2022-08-17,150.79238891601562,151.28473842974785,150.29109255996147,150.49697920777632,225700
2022-08-18,151.27578735351562,151.68756063762058,150.7744773521909,150.81923888115034,165100
2022-08-19,151.07882690429688,151.74124826887495,150.53276910794793,151.1325352679871,263200
2022-08-22,149.01095581054688,150.52379129794554,148.55440745308388,150.38057356434098,248700
2022-08-23,148.03521728515625,148.93935358272628,147.48021266159353,148.87668472042796,128800
2022-08-24,148.56338500976562,148.63498705514033,147.47126941726512,147.98151253152903,121700
2022-08-25,149.5928192138672,149.5928192138672,147.85617608400193,148.876675886388,223500
2022-08-26,147.31910705566406,150.05834317319324,147.18482247268096,149.70026461120548,148300
2022-08-29,147.695068359375,148.6618599161671,145.7167237214459,146.51342968130706,115600
2022-08-30,145.40341186523438,147.91886756588235,144.94687708304986,147.91886756588235,154800
2022-08-31,144.57986450195312,146.3612695811764,144.52615612979685,145.52876249415172,117000
2022-09-01,146.51344299316406,146.71038279073554,144.1501790816072,144.1680864248321,347400
2022-09-02,145.0990447998047,148.21426647552386,144.6604173917268,147.0326278414306,174700
2022-09-06,145.24227905273438,147.13110060866734,144.90210786487086,145.77939001680318,196700
2022-09-07,149.68235778808594,149.78082767657608,145.81519161389048,145.81519161389048,208400
2022-09-08,149.57493591308594,150.4432576175696,148.78719041962555,149.04678541716703,154700
2022-09-09,150.13890075683594,150.90875256549697,149.22581752812167,150.31793320225245,116700
2022-09-12,151.65174865722656,151.7770727336812,150.14784608047106,150.49696412625897,200200
2022-09-13,147.55181884765625,150.47904734174895,146.95205274103563,150.13887618960976,273700
2022-09-14,148.8677520751953,149.62864338016755,147.64135182715773,147.74878222144204,141100
2022-09-15,145.3496856689453,147.56973141728793,144.9558061439394,147.52496989684667,250500
2022-09-16,144.84840393066406,145.8062486587136,144.6067026235105,145.04534371289296,277900
2022-09-19,146.7640838623047,146.7640838623047,144.01590099353908,144.20388028049925,151700
2022-09-20,144.687255859375,145.8062255083294,143.70255710457613,145.62717943705871,190100
2022-09-21,142.67312622070312,146.49551712824865,142.67312622070312,145.34074633330727,333400
2022-09-22,142.2523651123047,143.02221671384802,141.375083144974,142.48510586280054,520800
2022-09-23,140.35462951660156,140.8111779876096,138.5463839538626,140.69480074452116,357500
2022-09-26,137.1677703857422,140.28299169503003,135.8160599793431,139.70111928724302,476600
2022-09-27,134.62550354003906,138.16144562592834,134.0346841656767,137.83918175439436,439400
2022-09-28,136.19921875,137.08403576735938,134.5198642935569,135.98252296384123,499700
2022-09-29,130.89927673339844,135.74774200433964,130.58327763153534,135.54910769947577,479800
2022-09-30,128.4434814453125,131.729958403828,128.19971418672222,131.32366586267923,897200
2022-10-03,132.22654724121094,132.9669141886563,129.67139955528157,130.2492412165525,521500
2022-10-04,135.07061767578125,135.11575057549427,132.4974086578937,133.16554365098972,326700
2022-10-05,132.0820770263672,133.39126174718177,130.64650365558887,133.39126174718177,322800
2022-10-06,127.86561584472656,131.59450749837737,127.75727486120341,131.43199602309264,423100
2022-10-07,125.13897705078125,127.76634325557902,124.38054857105392,127.42325876246082,401500
2022-10-10,125.37369537353516,126.71898915132388,125.29243962384598,125.47301254876561,451300
2022-10-11,125.22923278808594,126.75509950621047,124.35343962770477,124.9764279352781,438700
2022-10-12,121.16626739501953,125.07573216113903,121.10307307677634,124.99447641904216,606200
2022-10-13,124.13676452636719,124.59722758168346,118.92715195040267,119.3785911807711,715300
2022-10-14,122.43031311035156,125.79804559020313,121.76217815346746,125.4549473992585,624000
2022-10-17,124.9945068359375,126.14116643515973,123.94716442683425,123.94716442683425,364700
2022-10-18,127.1975326538086,127.87469155630657,126.04184922902535,127.215580305222,401200
2022-10-19,125.59037780761719,126.40296277184721,124.51595041976374,125.52716971335305,246600
2022-10-20,122.47544860839844,125.50009673836479,121.87052173777136,125.42786481364098,321800
2022-10-21,124.67847442626953,125.55426757274022,122.1865350123877,122.76437663488917,290500
2022-10-24,125.62649536132812,126.6016056503491,124.38051880699625,125.22922667578287,191600
2022-10-25,128.20872497558594,128.55182315523302,125.8070652717167,125.8070652717167,308100
2022-10-26,128.25389099121094,129.4366595971181,127.81147557582753,128.7143540568965,195300
2022-10-27,129.32830810546875,130.68262571730006,128.84074605018404,128.84074605018404,263700
2022-10-28,132.7411651611328,132.98493237113163,129.70749366746568,129.70749366746568,188900
2022-10-31,131.5855255126953,132.79537946947107,130.83613465912524,132.43421978151557,455100
2022-11-01,132.0730743408203,132.73217183054078,131.12504909970633,132.21753821651708,218500
2022-11-02,130.72775268554688,134.30315708038302,130.69164361267525,131.6848153270271,232100
2022-11-03,131.23338317871094,132.3168345217387,129.03938146551073,129.5449911738016,161400
2022-11-04,132.02789306640625,132.59671081741175,129.87001442956887,131.5042219868318,205400
2022-11-07,129.70751953125,131.9015075196954,127.68506687325026,131.9015075196954,304200
2022-11-08,130.62843322753906,131.35977626448584,129.51789671317076,129.9422506403448,209700
2022-11-09,129.60821533203125,131.01670363013852,129.35541044656753,130.00548408828365,132500
2022-11-10,135.70263671875,135.90127108418295,131.7119155368524,132.98496370843185,238600
2022-11-11,134.28509521484375,135.80193803025503,133.08426533755207,135.80193803025503,249400
2022-11-14,132.7411651611328,134.93515271209526,132.65989564763768,134.068397300664,158100
2022-11-15,134.15872192382812,135.06160048382722,132.5877220466031,133.96912514125506,338500
2022-11-16,135.26925659179688,135.8741835027599,134.24899953018587,134.26706095677886,173000
2022-11-17,132.94883728027344,133.8607394557797,132.3077875887975,133.8607394557797,130100
2022-11-18,135.7477569580078,135.92832986136793,133.8697684540378,133.8697684540378,113500
2022-11-21,136.5061798095703,136.7860698935084,135.36854427249253,135.36854427249253,541100
2022-11-22,137.68896484375,138.41127036550984,136.76802495908544,137.12014700662894,148700
2022-11-23,139.12451171875,139.12451171875,137.30973132439058,137.48128040294367,80000
2022-11-25,140.0364532470703,140.35245243879015,139.4495739878789,139.4495739878789,173600
2022-11-28,138.45639038085938,139.1877195867056,137.89659647645976,138.98004766204045,128600
2022-11-29,137.44515991210938,137.97786858012236,136.71383069254745,137.97786858012236,120200
2022-11-30,140.84902954101562,140.9754319651715,137.12917496428753,137.16528403826166,125300
2022-12-01,140.46080017089844,142.65478808360916,140.11770196818733,141.6164834279103,186900
2022-12-02,139.8468475341797,140.1809081639531,138.45642073362364,139.07037148854045,147100
2022-12-05,138.93495178222656,139.44958537732577,138.50156017107327,138.93495178222656,358400
2022-12-06,139.77459716796875,139.81974384148361,138.25776813104827,138.9439507272508,136300
2022-12-07,139.25091552734375,140.83095254299243,138.74530588662887,139.60303751118656,248800
2022-12-08,140.0725555419922,140.51497092117958,138.85366418153922,139.2599704862443,97400
2022-12-09,139.43150329589844,140.53301603495942,139.26899179841283,139.575967144884,178900
2022-12-12,142.32974243164062,142.39295052896975,139.5488754625953,140.38855949139054,176100
2022-12-13,142.79925537109375,145.10159811612158,141.381729627325,144.45152454630593,257700
2022-12-14,142.66380310058594,144.8397432301705,141.75190092689348,143.16038894837106,115200
2022-12-15,140.78518676757812,142.12253343255554,140.2757240155522,141.72223730401552,138600
2022-12-16,138.42889404296875,139.55698600299382,136.75494128293252,139.55698600299382,232400
2022-12-19,137.9376220703125,139.08392701987637,137.07335400386586,138.26513578707113,389600
2022-12-20,138.03768920898438,138.64722589665118,137.06425457942646,137.91943001286893,169600
2022-12-21,139.9663848876953,139.9663848876953,138.52896444157673,138.57445515402546,161600
2022-12-22,139.0293426513672,139.57518958724776,136.76403830428362,139.3568424838052,227600
2022-12-23,140.403076171875,140.44856688788278,138.65634095535248,138.65634095535248,79400
2022-12-27,141.2218475341797,141.51297699880948,139.9208991788848,140.42126927008167,92700
2022-12-28,139.97549438476562,142.13161837346837,139.79354539480988,141.31284097775844,153000
2022-12-29,141.0671844482422,141.74041089633008,140.5031384858382,140.5031384858382,93300
2022-12-30,139.5205841064453,141.00349511610403,138.38338581850212,140.93980534870798,159000
2023-01-03,139.5478973388672,140.403072804762,137.71928720647443,140.09375815423493,307600
2023-01-04,140.92164611816406,142.0224604800171,140.06648442465934,140.32121580260866,189600
2023-01-05,137.81936645507812,140.13924030385817,137.51003791099876,139.89361542125977,143900
2023-01-06,140.63052368164062,141.25825950469118,138.9474642685868,138.9474642685868,111600
2023-01-09,141.43109130859375,142.5500906044766,140.33936978090566,140.63049922344007,121400
2023-01-10,141.6312255859375,141.67671629660475,140.0573469459245,141.24003601419398,118200
2023-01-11,142.78662109375,142.95947746288334,141.676714401035,141.676714401035,263600
2023-01-12,142.16799926757812,143.16872553194023,141.90416146457815,143.08685057865736,124900
2023-01-13,141.440185546875,141.9132639556005,140.48493613991974,141.24913011275754,161500
2023-01-17,141.15818786621094,142.55921040079423,141.0035305260297,141.4584099554399,266700
2023-01-18,137.87393188476562,141.7131146570559,137.74656622377185,141.7131146570559,124300
2023-01-19,136.49110412597656,137.8739413126221,136.20908113462093,137.49184430351283,190000
2023-01-20,137.25531005859375,137.32809243071577,134.75347327939886,136.46382431972114,125600
2023-01-23,137.3917694091797,138.66542609808442,136.31824687268846,136.9641816889438,295100
2023-01-24,138.06497192382812,138.47437443422655,135.83606593993073,137.51001857518452,123000
2023-01-25,136.3910369873047,136.71855070903365,135.1173802260351,136.33645368065277,131800
2023-01-26,136.91871643066406,136.9824062178586,135.61776784811775,135.9634667954816,121300
2023-01-27,136.89138793945312,137.43724869319848,136.11808751861648,136.56387426356903,129800
2023-01-30,136.1363067626953,137.65560229830064,136.04532532964348,136.3182557469813,143600
2023-01-31,137.3189697265625,137.33716878605657,135.0991564499974,136.45470180509724,145700
2023-02-01,137.7374725341797,138.66543036856964,135.86337168486733,136.7913295192573,207900
2023-02-02,138.14688110351562,139.5751952192788,137.00968258893883,138.1195894497112,240200
2023-02-03,135.5085906982422,137.64652974989806,133.67998023491205,137.337215043392,192600
2023-02-06,136.41835021972656,136.5184242583576,134.69890637911666,134.9536377716648,89400
2023-02-07,136.3364715576172,136.75496676651906,134.48056947901165,135.9361754139248,211700
2023-02-08,133.94381713867188,135.60867781744167,133.4343543066197,135.60867781744167,130400
2023-02-09,132.10609436035156,134.97182930755446,131.88774722956867,134.29860273233817,290100
2023-02-10,134.64431762695312,134.7898823830513,132.15157323559382,132.29713799169198,163400
2023-02-13,135.5085906982422,135.81790540474822,134.70801227445122,134.70801227445122,207200
2023-02-14,134.77163696289062,136.2272562595685,134.18029943213585,135.34478931675238,101400
2023-02-15,135.63592529296875,135.73599930822334,134.17121318705142,134.17121318705142,88200
2023-02-16,134.7170867919922,135.25384116041292,133.35244857150826,134.46235543471394,157200
2023-02-17,136.26368713378906,136.79134896239086,134.08027132327462,134.65340999148864,200700
2023-02-21,133.64353942871094,135.472163189946,133.51617377365406,135.20832540901839,167600
2023-02-22,133.15231323242188,134.64431727396877,132.91578091574684,133.63448433914124,93000
2023-02-23,132.50633239746094,133.72541945195326,131.91499486973612,133.51616498242598,156100
2023-02-24,132.4244842529297,132.89756269992705,130.86880453107145,131.55112360812225,324500
2023-02-27,131.59661865234375,134.38958512418634,131.3873779933342,133.04314584605245,246400
2023-02-28,129.43138122558594,131.7421623421612,129.41318216368057,131.0598432797868,413300
2023-03-01,127.41172790527344,129.08568083380982,126.7930846775337,129.08568083380982,363700
2023-03-02,129.5223388671875,129.58602863807766,126.92953495752091,127.02050249645796,189400
2023-03-03,131.60572814941406,131.6694040550021,128.96741896333668,129.96815932388662,130200
2023-03-06,132.29710388183594,132.7155989772638,131.60569229136343,131.68756723987684,156200
2023-03-07,130.2138214111328,132.82482552551298,129.72254373468394,132.30625618724162,177700
2023-03-08,131.20538330078125,131.4601145922141,129.9408194319488,130.14096742976236,111200
2023-03-09,130.08642578125,132.67923023091126,129.84078699951158,131.46924926834185,132200
2023-03-10,128.03036499023438,130.63227597674873,127.32986063827134,130.4230353184883,223700
2023-03-13,129.7679901123047,132.6337246787791,127.58457462183058,127.58457462183058,211300
2023-03-14,131.6966552734375,132.66101108922678,130.37750802636316,131.0052437068824,175600
2023-03-15,133.2341766357422,133.8801115070237,130.65955750501274,130.96888605451235,416100
2023-03-16,134.14393615722656,134.7716719684441,132.506367493576,132.7610988543863,129900
2023-03-17,132.82476806640625,133.88918406249036,131.8877177310036,133.88918406249036,130600
2023-03-20,133.95289611816406,134.32588669104317,133.07042893598666,133.07042893598666,212600
2023-03-21,131.2781982421875,134.27129860045633,129.7316110511782,134.18033104911325,153200
2023-03-22,128.65811157226562,131.74219391811786,128.64901898004206,131.07807375847258,223000
2023-03-23,127.26616668701172,129.7770961494091,126.69301416160268,128.79456879416298,170800
2023-03-24,131.2965850830078,131.2965850830078,127.16891542118816,127.16891542118816,143200
2023-03-27,131.4158477783203,132.49820789024648,131.1957003335305,131.72771282789796,109900
2023-03-28,131.85610961914062,133.11275119374628,131.26906384746988,131.26906384746988,248900
2023-03-29,133.70901489257812,133.8557658782076,132.50740634529524,132.51657390805988,182000
2023-03-30,134.25018310546875,134.89226234899766,133.51637225731668,134.01170052823738,202600
2023-03-31,135.31417846679688,135.33251358667917,133.95662379667266,134.46111951893,155100
2023-04-03,134.27767944335938,135.21328848290727,133.6814660924736,134.84637611628278,166100
2023-04-04,134.89227294921875,135.05738705126006,133.9016303258076,134.26854277685555,141900
2023-04-05,138.37783813476562,138.60715312478106,135.3141932272657,135.3141932272657,168600
2023-04-06,139.331787109375,139.4785520671204,137.99259535970924,139.0015729525862,124300
2023-04-10,139.074951171875,139.12081696930025,137.24961280232614,138.5612878317753,198900
2023-04-11,139.203369140625,139.59779820899647,138.59798819267175,138.95571902402997,113600
2023-04-12,138.9740753173828,140.09313378006163,138.61634443152835,139.55195367002412,132500
2023-04-13,138.99241638183594,139.3960130494109,136.44243452355178,138.46040386514875,184100
2023-04-14,137.3413543701172,138.32282942045754,136.76349000979258,138.1577153201657,224600
2023-04-17,138.1393585205078,138.40535775621902,136.8460185902194,137.55231269343935,131300
2023-04-18,137.43309020996094,138.41455129422332,136.83686271358323,138.2678003071222,84100
2023-04-19,138.46038818359375,138.73556897089043,137.54312822345562,137.63485981797996,85500
2023-04-20,138.38702392578125,138.87317064895322,137.6165288169364,138.37785636363242,83300
2023-04-21,138.79977416992188,139.7537183033251,138.04761433704942,139.01074002702808,68200
2023-04-24,139.46939086914062,139.66200763822744,138.11184993874986,138.79061340580657,118400
2023-04-25,139.17584228515625,139.92800212989175,138.82729303667378,139.0382588971073,118000
2023-04-26,135.94712829589844,138.56131123536878,135.75449751268675,138.56131123536878,89500
2023-04-27,137.54315185546875,137.62570190695823,136.15809411634558,136.15809411634558,108100
2023-04-28,137.3413543701172,138.12103107358902,136.66259083635833,137.39638773812155,159500
2023-05-01,137.56150817871094,138.79063344172212,137.01114648074326,137.01114648074326,102500
2023-05-02,135.87371826171875,137.57064073884953,134.95645832934238,137.40554066923417,128400
2023-05-03,135.51600646972656,137.34134503375373,135.37840906279067,136.2222866394752,72200
2023-05-04,136.47909545898438,136.88269205763055,134.552858051276,135.6719162579675,115200
2023-05-05,137.37803649902344,137.5890023837209,136.1855956791091,136.1855956791091,79200
2023-05-08,137.02947998046875,138.19440417713056,136.66258155450615,137.3321774802129,71600
2023-05-09,136.8184814453125,137.25876225068777,135.9379058382875,136.58916648472285,61200
2023-05-10,138.14852905273438,138.44204497444284,136.76347149246797,137.60734901226044,136400
2023-05-11,136.6533660888672,138.11181986143936,136.06632035522233,137.80912243680265,92200
2023-05-12,137.45140075683594,138.13934567754828,136.67172424818517,137.29545425808558,98500
2023-05-15,135.75448608398438,137.95590458413258,135.24082270036828,137.81832117647738,109000
2023-05-16,132.76422119140625,135.8186987572981,132.76422119140625,135.55268551186387,126900
2023-05-17,132.470703125,133.1678157684576,131.9386905827777,133.13113152249815,163200
2023-05-18,131.9936981201172,132.15881218531993,130.99388815710174,131.7368664598247,194600
2023-05-19,131.8102569580078,133.25952941290183,131.70935779987352,132.17716934953094,106400
2023-05-22,131.87448120117188,132.7550430105467,131.36998537482296,132.0854470935441,116700
2023-05-23,131.50758361816406,132.87430628439304,131.39751687864575,131.4800669332845,110300
2023-05-24,130.70956420898438,131.72772347951602,130.48024918405633,131.3699926004794,164300
2023-05-25,128.8933563232422,130.38848034135052,128.02196227660986,130.38848034135052,208200
2023-05-26,128.96678161621094,129.07684835448646,127.8018573164386,128.8567008816564,222100
2023-05-30,128.48062133789062,129.88402808831125,128.3888897347964,129.25111641728282,138100
2023-05-31,129.62718200683594,130.1591804576435,127.7284472045062,128.5906737912873,191200
2023-06-01,128.77413940429688,129.87484867824438,127.95777850985573,129.85651355434433,203100
2023-06-02,130.20504760742188,130.59947666551273,127.9577635204752,128.20542762689152,318100
2023-06-05,130.5719757080078,132.01206673041338,130.09499655577332,130.43437830064207,121500
2023-06-06,130.69119262695312,131.38831914054174,130.2417442129562,131.07644012306875,302700
2023-06-07,132.9384765625,133.22283890114937,130.19587829587505,130.7370583020874,142000
2023-06-08,133.47967529296875,133.63560780894596,131.99370461809355,132.97517950817397,113800
2023-06-09,132.60830688476562,133.55308372156566,132.54409195591555,133.31458712444154,125300
2023-06-12,132.36062622070312,132.83760535919757,131.76439879851574,132.73670619521369,376700
2023-06-13,132.2688751220703,132.7183375128893,131.26906518759634,131.68182934440642,177800
2023-06-14,132.07626342773438,133.6447700828077,131.8928002432297,132.65412767084123,133400
2023-06-15,133.516357421875,133.73650485074265,132.3697824728739,132.66331237803078,137200
2023-06-16,134.1400909423828,135.13073330010886,133.53469605772662,133.53469605772662,164800
2023-06-20,132.5165557861328,133.93831161185025,132.41565662440377,133.93831161185025,147700
2023-06-21,133.516357421875,133.58973989816423,130.71871174705709,132.1496490402825,110600
2023-06-22,132.5807647705078,134.14011809136497,132.22303390194978,133.90162151480763,111900
2023-06-23,130.42518615722656,133.17696583057537,130.32428700935276,132.82840259314312,153100
2023-06-26,131.72769165039062,132.1863215894288,130.25090268683675,130.7370493025152,129900
2023-06-27,131.8102569580078,132.26888695020426,131.52590860225027,131.84695519529842,167400
2023-06-28,129.97572326660156,131.74604212763643,129.66385826394054,131.74604212763643,146600
2023-06-29,130.01455688476562,130.75415764423886,128.77569598798948,129.41361363396834,162000
2023-06-30,131.4383087158203,131.5954745883584,130.1624733767715,130.19946188029851,132700
2023-07-03,132.39981079101562,132.4182909355864,130.98528974043768,131.12397546660208,124400
2023-07-05,133.76809692382812,134.67411780470738,131.81736942785517,131.89133233137326,226100
2023-07-06,132.1502227783203,132.7973806842555,131.4753305412011,132.77888642780468,128900
2023-07-07,131.12396240234375,132.03923731870728,130.7264136219914,131.40131972005807,116100
2023-07-10,130.61550903320312,131.37361828425927,129.64476523169722,130.86513209232928,125700
2023-07-11,132.19644165039062,132.22417597953637,130.48608278249085,130.81890883922333,136400
2023-07-12,134.1748809814453,134.2858182792149,132.46452240359926,132.75111982749132,159200
2023-07-13,134.6741180419922,134.6833581148302,133.7680971595166,134.12865749793923,119300
2023-07-14,134.14715576171875,134.69261632208148,133.37055230367994,134.46148753138723,945500
2023-07-17,132.69564819335938,133.83279779085802,132.48301367509097,133.67563192022655,1253600
2023-07-18,131.82659912109375,133.712617744853,130.633980899848,132.70488560737306,280400
2023-07-19,133.17640686035156,133.93450192883057,132.1224601798935,132.1224601798935,196000
2023-07-20,135.47845458984375,135.68184906749013,132.87132899625885,133.48151242919803,172800
2023-07-21,137.3274688720703,137.90067783568773,135.71882160164427,135.92221605535028,172200
2023-07-24,136.95765686035156,137.75274035554193,136.38446205230034,137.57708024159592,161500
2023-07-25,137.2257843017578,137.5678645183491,136.56938640996879,136.80975528334497,190800
2023-07-26,137.2627716064453,138.68651879424038,136.63409394061338,136.82824833789476,186000
2023-07-27,134.79432678222656,137.22579230619252,134.48923505573237,136.79128311547038,199300
2023-07-28,134.41525268554688,136.07938272236154,133.7773349958528,135.570896585143,185500
2023-07-31,134.60015869140625,135.50619370478,133.9899753004358,134.8497817344363,225800
2023-08-01,132.9082794189453,135.08089544410404,132.87130502376357,134.378269079809,210700
2023-08-02,132.97300720214844,133.48149332348285,132.26112663228025,132.51074965675002,186200
2023-08-03,129.9683380126953,132.73264331596582,129.9683380126953,132.612451835438,318000
2023-08-04,128.55384826660156,131.16097393460555,128.04536205797112,130.3566501817612,330100
2023-08-07,128.67401123046875,129.6262748091352,128.61854257883377,128.96986284849748,194800
2023-08-08,129.05307006835938,129.1177929020489,127.37045978319813,128.41515233962332,281100
2023-08-09,129.42288208007812,130.53229744856588,128.8034586168973,129.05306755259434,906300
2023-08-10,128.98837280273438,130.68023741845502,128.65554674542895,130.07929403630126,166500
2023-08-11,129.6355438232422,129.82968414730652,128.7480028779939,129.0900831510818,158800
2023-08-14,128.48912048339844,129.45986427943174,127.90668549136454,129.45986427943174,250000
2023-08-15,126.17782592773438,127.76799314209029,126.17782592773438,127.76799314209029,332100
2023-08-16,126.76026916503906,127.34271820715928,126.37197450595268,126.84347214049016,226500
2023-08-17,126.39047241210938,127.99911974525887,126.31650950724317,126.86197006027705,199600
2023-08-18,126.99139404296875,127.31497996908621,126.33498211829476,126.53837656780046,165200
2023-08-21,126.25177001953125,126.93591621905101,125.26254627478572,126.66779896090983,205700
2023-08-22,126.56611633300781,126.88970227303581,125.73405835433785,126.15008734367284,226600
2023-08-23,127.0376205444336,127.25949513519389,126.27951140738767,127.2225207390607,224700
2023-08-24,126.31653594970703,128.51687287541188,126.20558451569087,126.90822520551622,283800
2023-08-25,127.20402526855469,127.79571434987986,126.42743599437425,126.46441039015312,194700
2023-08-28,127.21330261230469,128.2487551664266,127.07461686217427,127.58310306535309,173700
2023-08-29,127.71253204345703,128.10082674337465,126.92668846294441,127.42593458211186,195400
2023-08-30,127.21330261230469,128.18403232830246,126.80651364976164,127.42593716745836,207600
2023-08-31,126.06687927246094,127.90666939518997,126.06687927246094,127.5923235407019,192600
2023-09-01,125.61387634277344,127.21329780386077,124.64314666346756,126.86197751185598,299600
2023-09-05,123.65389251708984,125.52141693720907,122.96974627623926,125.38273121038469,254600
2023-09-06,123.76483154296875,124.0144545691574,123.2101309488595,123.8203001916816,141100
2023-09-07,125.30878448486328,126.32575685158375,124.4582321904164,124.46748637092088,190100
2023-09-08,126.50141143798828,126.64933724973442,125.25331032522585,125.50293336917471,183800
2023-09-11,126.88970947265625,127.62007026364161,126.40895762524562,126.40895762524562,150600
2023-09-12,127.18555450439453,127.44441761487978,126.18707646095933,126.8712086356783,153500
2023-09-13,128.61854553222656,129.127031695526,127.20403845512752,127.20403845512752,243400
2023-09-14,130.41209411621094,130.48605701498838,129.14551297872586,129.14551297872586,189800
2023-09-15,129.82041931152344,131.2164321486671,129.79268498480405,130.1347510856646,149000
2023-09-18,129.82041931152344,130.14400526589245,128.9421327157845,129.94061079862885,180400
2023-09-19,129.11776733398438,130.17171386193687,129.05304451311133,129.70945636534404,94500
2023-09-20,129.0623016357422,130.4120856566768,128.86814727567318,129.45983632053074,115900
2023-09-21,127.71253204345703,129.2102421869939,127.71253204345703,128.73874450287596,182300
2023-09-22,127.52763366699219,128.31346315189907,126.7880186582105,127.35197351537094,140100
2023-09-25,127.41670989990234,127.490658712358,126.103885713571,126.73256347531968,137900
2023-09-26,123.70938110351562,126.90821001761891,123.42278363832668,126.90821001761891,189700
2023-09-27,121.35186767578125,123.70938440486839,121.03753587376518,123.48750977143743,817100
2023-09-28,118.72412872314453,122.00879840427348,118.59348177735794,121.71952551989655,364600
2023-09-29,119.01341247558594,120.65575102579373,118.28555991337373,119.76926539116857,450200
2023-10-02,113.51716613769531,118.36018706608863,112.25742097410944,118.36018706608863,695600
2023-10-03,114.7209243774414,115.00086379080622,111.00700169104522,112.50003325366578,681900
2023-10-04,114.54364013671875,115.40213251301294,112.82665538413038,115.14085284364837,466500
2023-10-05,114.13304901123047,114.73026169346365,113.04127024396074,114.38500233865378,370800
2023-10-06,115.64473724365234,115.91535032840983,110.86702909504251,112.80797369785303,422200
2023-10-09,116.75518035888672,116.75518035888672,115.02885529862846,115.42078186241113,257100
2023-10-10,118.25755310058594,118.37885947391338,116.6432079697762,116.6432079697762,278900
2023-10-11,120.17049407958984,120.23582110878927,118.22022311414838,118.80810230291719,260400
2023-10-12,118.27619934082031,120.16115735264594,117.2310737540984,119.74124469976189,422600
2023-10-13,119.41465759277344,120.23583037357061,118.6961314095759,119.08805801829126,169800
2023-10-16,120.7490234375,121.15960974055982,118.97605266192771,119.75056514475955,325300
2023-10-17,120.51576232910156,121.28094864318594,119.67593688851125,119.78790981694368,160900
2023-10-18,119.34932708740234,120.98232481490895,118.72412122610895,120.26381293414218,235200
2023-10-19,118.18290710449219,120.08652523152065,118.10825373809809,119.13471260833799,257500
2023-10-20,116.95115661621094,119.02274128594242,116.95115661621094,117.86563544921324,183400
2023-10-23,115.96199798583984,117.62300309693133,115.06617908419639,116.03665134081074,269800
2023-10-24,118.79876708984375,119.26533990175182,117.35239564453042,117.42704188374026,329000
2023-10-25,119.40531921386719,119.57328571943053,118.0895875197347,118.50016677385007,232600
2023-10-26,120.47843933105469,121.43025191161516,119.67593347659648,119.67593347659648,266600
2023-10-27,118.20155334472656,120.46910459331133,117.7909741152705,120.03985134539082,2064600
2023-10-30,118.94806671142578,119.76923936777436,117.74430807418945,118.73344009824312,238900
2023-10-31,119.98387908935547,120.13318582271211,118.7614533478429,119.442652859943,189900
2023-11-01,121.47689819335938,122.11144466198766,119.08805464210901,120.10518713875948,218300
2023-11-02,123.8377685546875,124.37898051510821,121.54222393361238,121.54222393361238,211100
2023-11-03,124.69625854492188,126.17995672040993,124.69625854492188,125.64805686202399,295800
2023-11-06,124.2576904296875,125.16284293857741,124.19236339317993,124.66827683438075,212500
2023-11-07,123.30586242675781,124.29499451194306,123.15655570934473,124.25767495192592,205900
2023-11-08,122.36338806152344,122.80196763611953,121.06631623671238,122.80196763611953,350600
2023-11-09,120.66506958007812,122.78331433033,120.66506958007812,122.44738130490977,289300
2023-11-10,121.21560668945312,121.57953290073858,120.55308129287609,121.23427358811877,277400
2023-11-13,119.78790283203125,121.21561454098808,119.6106028799027,120.81436874505307,166600
2023-11-14,124.72425079345703,124.81755681510171,122.12076646053409,122.12076646053409,298300
2023-11-15,124.36965942382812,126.17996438427933,124.13637299570141,124.4163195571882,193800
2023-11-16,124.93885803222656,125.97465016983651,124.90153847496936,125.30278422983702,159000
2023-11-17,125.30280303955078,125.76937588799674,124.67759713127401,125.68539619255807,115800
2023-11-20,124.88288879394531,125.34946163667604,123.45517703428317,124.83622866193761,268300
2023-11-21,125.03218841552734,125.36812141274987,123.88440903579149,124.84554789810298,250000
2023-11-22,125.58272552490234,125.69469843069116,124.6962401305095,125.42409249547799,166400
2023-11-24,125.90000915527344,125.97466251577535,125.29347017937023,125.4054431007868,100300
2023-11-27,126.09598541259766,126.3665914057645,125.14417279353823,125.90001854682784,324900
2023-11-28,126.47856140136719,127.43037399834559,125.64806230127357,126.13330205013928,238900
2023-11-29,125.53607177734375,127.14108328896606,125.1441523485064,126.70250373412325,441200
2023-11-30,126.11463928222656,126.29193924850733,125.07884695592607,125.8440332864696,181700
2023-12-01,127.83161163330078,127.84093796270501,125.4614140069059,126.1332799294532,142000
2023-12-04,127.57034301757812,128.4754811626051,126.76783722085544,127.08510331199248,224500
2023-12-05,126.55321502685547,127.57035465923175,126.12397597936312,127.53302085764862,172100
2023-12-06,128.3541717529297,128.3541717529297,127.09441957965677,127.09441957965677,118800
2023-12-07,128.05557250976562,128.88607156189016,127.42104030754578,128.20487922981943,176800
2023-12-08,127.80361938476562,128.36349816539374,126.87047384504783,127.99957197445063,252800
2023-12-11,128.42886352539062,128.60616350905067,127.11312450434261,127.2250974461594,289100
2023-12-12,128.02755737304688,128.58745035811015,127.0011058853243,128.51279701085704,156100
2023-12-13,132.72129821777344,132.78662524606685,127.37437777492883,128.09290389279514,190700
2023-12-14,131.29359436035156,134.30765092065968,131.05098160941458,133.50515930478974,324800
2023-12-15,129.0260772705078,130.52844261901427,128.14891791640557,130.52844261901427,205700
2023-12-18,128.72743225097656,129.9965108323701,128.48481952169243,129.17533815068256,285100
2023-12-19,129.54705810546875,129.74490373888224,128.76512006655813,129.26444202228126,207200
2023-12-20,126.98457336425781,129.7260645129142,126.98457336425781,129.48112576989098,327700
2023-12-21,127.34255981445312,128.18102102660376,126.48525273933801,127.54040543762643,312600
2023-12-22,127.84188842773438,129.09487258041074,127.63462702652873,127.85131854836075,251800
2023-12-26,128.64266967773438,129.0854540822146,127.70057764695666,127.79477822492429,176400
2023-12-27,128.4542694091797,128.7180540591249,127.97379321627677,128.56731586624613,201200
2023-12-28,129.37750244140625,129.52824061885605,128.12451829482453,128.22814899492326,251100
2023-12-29,129.13255310058594,129.39633770191108,128.32235343217798,129.03833815360582,219700
2024-01-02,130.8565673828125,131.2051511828406,128.3600294410054,128.45424438699837,331100
2024-01-03,131.3370361328125,131.60082071661316,129.98042148744818,130.60220559577044,176000
2024-01-04,130.7623748779297,132.02477473108362,130.69642153662983,131.4972055014183,210200
2024-01-05,131.1674346923828,131.94937259592533,130.06518903322427,130.69638880170754,225500
2024-01-08,132.20375061035156,132.26968956454547,130.70582802371231,131.04498166362882,202100
2024-01-09,131.1863250732422,131.66678686971863,130.8189097288344,131.45952545746968,171600
2024-01-10,131.07325744628906,131.70445732700983,130.69641204163182,131.18630388009507,263200
2024-01-11,128.03028869628906,130.67757911871416,127.65345767094952,130.67757911871416,250100
2024-01-12,128.7368621826172,129.37749219846762,128.3129236703891,128.81223126537506,191600
2024-01-16,127.2106704711914,128.37886962396772,126.95630162841313,128.19045411550235,249700
2024-01-17,125.39244842529297,127.52157112735712,124.53514127251093,126.51352580756624,189500
2024-01-18,124.14886474609375,124.95906432452074,123.50824917836039,124.95906432452074,195600
2024-01-19,124.00756072998047,124.42208346377967,123.25388433899843,124.42208346377967,246400
2024-01-22,123.58362579345703,124.98734809547373,123.11257977770178,124.04525606396325,242900
2024-01-23,123.80970001220703,124.26190004159187,123.17850024457951,123.74376106269537,257400
2024-01-24,122.05743408203125,124.808340926287,121.87843430660381,124.57281793234199,267600
2024-01-25,124.25251007080078,124.25251007080078,122.62269497827481,123.41404878763257,206100
2024-01-26,124.52569580078125,125.03443345792203,124.18655652959545,124.46917258891695,191900
2024-01-29,125.4018783569336,125.80697105451787,123.88510952087219,124.56341697396701,231400
2024-01-30,125.27940368652344,126.0613418561283,124.29020410448429,125.090988141179,816600
2024-01-31,124.8271713256836,126.852663072594,124.31844804686986,126.18378590276149,1195100
2024-02-01,127.38968658447266,127.40853245029238,124.12062606115838,124.50688724695256,279200
2024-02-02,125.21341705322266,126.43813919456001,124.37495597668494,126.0424480122126,396400
2024-02-05,122.53790283203125,124.12061035622062,122.52847271272273,124.07350288522363,219600
2024-02-06,123.10314178466797,123.41403382390257,122.13278831759374,122.51904943075016,207900
2024-02-07,123.16909790039062,123.6778211918909,122.56615967056226,123.47055982771414,152000
2024-02-08,122.39659118652344,122.8487913224754,121.36029860933422,122.8487913224754,232700
2024-02-09,122.93358612060547,123.02778669232748,121.85960185173266,122.0856947240116,199600
2024-02-12,124.46920776367188,124.46920776367188,122.69808433228991,122.90534575115139,256100
2024-02-13,122.27412414550781,124.1017850718794,120.63489313437044,123.5836315553538,417600
2024-02-14,122.95240783691406,123.1502534596149,122.03857755026924,122.62268429932129,334700
2024-02-15,125.06269836425781,125.11922157761376,123.36693008767227,123.37636020668587,252400
2024-02-16,124.96849060058594,125.53375151696412,123.80972153471114,125.03444393674238,223800
2024-02-20,124.87428283691406,126.30626653410408,124.5162833188212,124.82717536739952,188300
2024-02-21,126.39102935791016,126.60770642975041,125.11919977826479,125.55256829712421,140000
2024-02-22,125.38302612304688,125.89176387462597,124.46919569445453,125.57144165596428,159600
2024-02-23,126.06132507324219,126.71137083704511,125.31707873690054,125.62797081416205,472200
2024-02-26,123.70610809326172,125.74103042571787,123.50827680757486,125.74103042571787,202300
2024-02-27,126.0330581665039,126.13668885456858,123.99813613278789,124.34671992455932,197600
2024-02-28,126.49468994140625,126.6548438476183,125.66564442672518,125.93884476669109,183300
2024-02-29,126.58889770507812,127.72883535254626,126.08017434909318,127.05052796111092,148600
2024-03-01,126.01420593261719,126.43815878293022,124.45034432158018,126.43815878293022,320300
2024-03-04,128.11509704589844,128.34118992717688,125.54317551989057,125.54317551989057,200600
2024-03-05,127.85132598876953,130.63991057151935,127.36143406875709,128.5202033337086,279600
2024-03-06,129.08544921875,129.71664913056776,128.56729574630765,128.6615106959092,156000
2024-03-07,129.99928283691406,130.48916033651142,129.8391289187553,130.15943675507282,151800
2024-03-08,130.28187561035156,130.70582844299275,129.3397837603593,130.48913696736435,268900
2024-03-11,130.90365600585938,131.29933284672458,129.6977796217425,130.21593299972562,334300
2024-03-12,129.7449188232422,130.6681650110847,128.95356494794862,130.55511856466674,158600
2024-03-13,130.5550994873047,131.61023783351405,130.28188478147288,130.53625362392756,178300
2024-03-14,129.6035919189453,130.58336118752388,128.57670080429955,130.41377716737304,101100
2024-03-15,129.65069580078125,130.2724799677599,128.90644944953084,129.06660336371934,103200
2024-03-18,130.0275421142578,130.86600342085745,129.0289268923732,129.79201911380642,122400
2024-03-19,131.24282836914062,131.39356653246463,130.1782598565407,130.27247480241383,165800
2024-03-20,131.6102294921875,132.09070553917002,130.84713738836928,131.1297678203859,125600
2024-03-21,131.49717712402344,132.88205324062716,131.49717712402344,132.04359210116874,157300
2024-03-22,131.66432189941406,132.5473945360378,131.56936130906766,132.3290025649833,86900
2024-03-25,132.38597106933594,132.44294162707902,131.60734929859458,131.96816766061792,113200
2024-03-26,130.79074096679688,132.91771912004543,130.7337559185903,132.49042543668403,198200
2024-03-27,134.28506469726562,134.31354997566243,131.7307784820409,131.7307784820409,232600
2024-03-28,135.38653564453125,135.5764423187791,134.07615496100522,134.28505664936299,358700
2024-04-01,134.62692260742188,135.5100098362953,133.82930571543872,135.5100098362953,466800
2024-04-02,134.7693328857422,135.45300856529175,134.2470931071281,134.27557838636335,174600
2024-04-03,134.3230438232422,135.1491458075886,133.85776016561422,134.67437188758257,166900
2024-04-04,133.97171020507812,135.7853501778083,133.13611790262456,135.25360567016935,165700
2024-04-05,134.55093383789062,134.82631084128224,132.59486749221662,133.27854313580477,235000
2024-04-08,135.3675537109375,135.59545043542678,134.37052546360567,134.5699369086528,157400
2024-04-09,135.9277801513672,136.3076080160883,135.09218782688384,135.64292736401578,248800
2024-04-10,133.4399871826172,133.96224151133333,132.42397829670895,133.64888891410365,178200
2024-04-11,133.2120819091797,134.37053162276783,132.35749450883878,134.19961993828068,91400
2024-04-12,132.19606018066406,133.88625428845182,131.69280095132,133.47795564496374,136700
2024-04-15,130.98065185546875,133.65836964885597,130.5058778612059,133.06016426857246,153700
2024-04-16,129.176513671875,130.74327668807564,128.82518552079688,130.74327668807564,130500
2024-04-17,131.83523559570312,132.17707344165632,129.8506838320355,130.04059052668683,114900
2024-04-18,132.48092651367188,132.94619570980723,131.42692776949937,132.1580692174124,136300
2024-04-19,134.47499084472656,134.83582374190945,132.80379148479375,132.80379148479375,132300
2024-04-22,135.87081909179688,136.22216170234304,133.79130666505634,134.5414576947243,111800
2024-04-23,136.51654052734375,137.22870163433984,135.4340562242679,135.690423790739,136300
2024-04-24,137.3900604248047,137.80786373527422,134.6838436567758,135.5669305609861,120400
2024-04-25,137.85536193847656,138.28267009942658,135.96577082500653,136.87732872674292,130400
2024-04-26,136.2886199951172,137.95032895505523,136.2886199951172,137.7414272409754,161300
2024-04-29,138.3301544189453,138.5010806039923,137.16221436211273,137.16221436211273,129300
2024-04-30,137.53253173828125,138.6150159015139,136.65894929856304,137.665467881522,91800
2024-05-01,139.11827087402344,140.447646754113,137.05775347328472,137.36161578494605,168500
2024-05-02,140.11529541015625,140.26722656191885,138.7574487747774,139.83042812283944,271300
2024-05-03,141.17877197265625,141.56809008116005,140.12478773428631,141.07433561515364,143400
2024-05-06,141.96693420410156,142.06189481168263,140.77050878893422,141.6725766051365,202200
2024-05-07,143.41969299316406,143.5336485813767,142.31822855940536,142.4511646715288,162000
2024-05-08,144.70159912109375,144.85353025742282,142.89746396627544,142.99241005976813,233200
2024-05-09,147.0754852294922,147.1134607733432,144.39776747495193,144.70161529261682,247900
2024-05-10,146.79058837890625,147.99651812089806,146.49623088424315,147.62619506487843,195100
2024-05-13,146.92352294921875,148.12945267857188,146.6671554823954,147.36032130020348,212600
2024-05-14,147.1989288330078,147.76864891570202,146.51525314261315,147.44580608661343,168400
2024-05-15,149.29742431640625,149.77219830474598,148.46183194941588,148.70870920732972,312300
2024-05-16,148.84164428710938,150.09505456211892,148.70870815087676,149.37338883203992,122700
2024-05-17,148.97457885742188,149.3828920144566,148.23393260777493,148.84164272258658,163000
2024-05-20,148.71820068359375,149.31642055024392,148.48081368748845,149.31642055024392,128700
2024-05-21,149.97158813476562,150.05704396299873,148.68969275546817,148.68969275546817,130900
2024-05-22,148.2244415283203,149.69622926698415,148.13897120079147,149.32590614419908,120200
2024-05-23,145.6226806640625,148.07251622262478,145.54671508601183,148.07251622262478,171900
2024-05-24,147.02798461914062,147.49326827850604,145.78407926231196,146.04046123697862,86800
2024-05-28,146.7811279296875,147.76865144999846,146.53425067184784,147.30338221449477,165700
2024-05-29,144.95799255371094,145.57519292149743,144.35028244933824,145.527712626525,130500
2024-05-30,146.77163696289062,146.96154365946933,145.1858790996303,145.4422611089353,180600
2024-05-31,149.48733520507812,149.63926636295503,146.89507321297143,147.4268177765879,98300
2024-06-03,148.0250244140625,149.61076769905466,147.48378963485027,149.61076769905466,167100
2024-06-04,148.1294708251953,148.42382835283374,146.34431615570944,147.56924104749953,961900
2024-06-05,147.17044067382812,147.83512133510908,146.84758336210444,147.83512133510908,187700
2024-06-06,145.4327392578125,147.46477089665487,145.3757687101079,146.77160508466704,118100
2024-06-07,143.85650634765625,145.29982320752254,143.83751133281626,144.4262408812472,136200
2024-06-10,145.68914794921875,145.79359881255078,143.6286304534442,143.88501247961432,133200
2024-06-11,144.79656982421875,144.93899621888812,143.5906398898619,144.48321726699444,158100
2024-06-12,143.86599731445312,146.42028348726242,143.48618394950165,146.42028348726242,181300
2024-06-13,144.05593872070312,144.5686882843061,142.66959221488992,144.103404531276,166900
2024-06-14,143.84703063964844,143.84703063964844,142.67907617650445,143.32477634583842,120400
2024-06-17,142.30874633789062,143.34376461286925,142.109349382613,143.13486290518196,152400
2024-06-18,142.31826782226562,142.31826782226562,141.06485742878186,141.20729833110695,162900
2024-06-20,143.4956817626953,143.62861789631802,142.29925656009078,142.5841238432686,169700
2024-06-21,142.75502014160156,144.13186162486429,142.66007405007156,144.09388608604235,92500
2024-06-24,144.54017639160156,145.00546005896993,142.6600756859251,142.76452653007107,155900
2024-06-25,143.2202911376953,144.54965221315348,142.75500751681042,144.4926816654837,103600
2024-06-26,142.72654724121094,142.87847838757344,141.89094042516882,142.7930225511014,87300
2024-06-27,142.92596435546875,143.11587105148453,141.95742137015043,142.80251848303,101300
2024-06-28,141.62860107421875,143.10310931218206,140.81476240632597,143.10310931218206,109000
2024-07-01,140.40304565429688,143.07437378003704,140.22112447613114,142.47117913797717,209100
2024-07-02,141.13070678710938,141.32221197919367,140.498789326534,140.6998493245096,211100
2024-07-03,142.0211639404297,142.87330947851248,141.0541269710804,141.30306327542303,103900
2024-07-05,142.04029846191406,142.66264644476917,141.51368845576326,142.164759292609,104500
2024-07-08,142.16477966308594,142.67223630269083,141.753075623699,142.27010167940745,84900
2024-07-09,142.53817749023438,143.76373468224665,142.04030492521287,142.04030492521287,109500
2024-07-10,143.93609619140625,144.02226476314655,142.16477540894815,143.11267352747691,157500
2024-07-11,146.7223358154297,147.18191615869128,144.71164807274218,144.99889126595406,409600
2024-07-12,148.04360961914062,148.89575504898963,146.74145332759448,147.38295475367914,156700
2024-07-15,144.62547302246094,146.6457300908783,144.34779925786322,146.54040807840934,242200
2024-07-16,145.9276123046875,146.07122657309714,145.07546688927266,145.30524971872805,134000
2024-07-17,146.04251098632812,147.91915364242234,145.41057895429492,145.71697555520583,239300
2024-07-18,146.02333068847656,147.37336306956703,145.75524101688586,145.95631557547458,143000
2024-07-19,146.10952758789062,146.31058755559565,145.23822876838824,146.31058755559565,109700
2024-07-22,147.2393341064453,147.47870095401203,146.42548098080135,146.7893232642365,123900
2024-07-23,146.48294067382812,147.32550203902247,146.35846523848878,147.201041213476,145400
2024-07-24,148.08193969726562,148.62768862175992,146.64573832466525,147.19148724915954,168100
2024-07-25,146.97125244140625,149.49896590551816,146.32975100802943,148.63725105108216,199500
2024-07-26,148.33087158203125,148.5798078863259,147.60320150115768,147.85213780545234,123100
2024-07-29,148.9053497314453,149.2787614721556,147.64148561839843,148.9053497314453,103900
2024-07-30,149.728759765625,149.728759765625,148.40745005132447,148.8766143464962,230800
2024-07-31,151.29901123046875,151.7681609328425,150.0638700328454,151.54794750907945,141400
2024-08-01,154.1139678955078,154.28630502460655,151.662838939906,151.74902211424927,273000
2024-08-02,154.22885131835938,156.7661340971621,152.2181639243621,155.44483901319748,621700
2024-08-05,150.20750427246094,154.44907823385546,149.9585533751801,154.44907823385546,381500
2024-08-06,151.25112915039062,152.92669713144915,150.52345917242798,150.62878117277197,165700
2024-08-07,152.01710510253906,153.77884163436784,151.56709425009026,152.495838808566,245900
2024-08-08,152.23733520507812,153.079911295184,151.1745456768018,151.69157170767915,162600
2024-08-09,152.6777801513672,152.82139443825594,150.23623500569187,152.5437352803393,149400
2024-08-12,152.88839721679688,152.88839721679688,151.72986977003947,152.72562950154145,130800
2024-08-13,153.6543731689453,153.84586373808784,152.81181174275943,153.36713001033456,126700
2024-08-14,153.57777404785156,154.48737981858685,152.57244490721814,153.45331321327248,123700
2024-08-15,153.7884063720703,154.1426792384158,152.4096510030754,153.0511670062603,196000
2024-08-16,154.38206481933594,154.8607985689012,153.2905524547189,153.90333106977064,183600
2024-08-19,155.358642578125,155.42567230343843,154.41075927857503,154.47777439409654,152300
2024-08-20,154.98526000976562,155.81826667189782,154.85121514375965,155.37782519228122,146200
2024-08-21,156.0959014892578,156.4884666105856,155.09055784601526,155.18631042529262,223500
2024-08-22,155.86611938476562,156.4406056973105,155.22461794797368,156.21080825033377,105900
2024-08-23,156.36399841308594,157.02465325520214,155.86611127543713,156.29698329232548,135600
2024-08-26,157.2257537841797,157.9534238671444,156.84275799593868,156.84275799593868,268000
2024-08-27,156.12466430664062,157.45554368444337,155.9810500107539,157.00553274427014,125400
2024-08-28,156.07676696777344,157.35978448054513,155.9427221064145,156.48848557681498,152400
2024-08-29,156.86190795898438,156.92892308931815,155.0522949028404,156.47891217923728,124800
2024-08-30,158.06829833984375,158.18320436888573,156.57465145044327,157.12998432646543,111300
2024-09-03,157.74278259277344,158.78641874060227,157.30234108104798,157.97258006973397,262000
2024-09-04,158.98748779296875,160.10772306056467,158.0204362281878,158.27895655449308,177500
2024-09-05,158.55661010742188,160.3853617705447,158.23106008218187,160.21302464817649,156700
2024-09-06,157.19699096679688,159.1885249151076,157.053376700488,158.99703435676474,128000
2024-09-09,158.50872802734375,158.57574314699795,156.8427295229777,157.77147405239066,136700
2024-09-10,159.3608856201172,159.99281764705464,158.47043328947007,158.9204441623079,227100
2024-09-11,159.7342987060547,159.9162198617063,157.56084347293367,159.38960983476588,146800
2024-09-12,160.04066467285156,160.31833839097834,159.18851929995984,160.17470951994264,177600
2024-09-13,162.41519165039062,162.45348391617506,160.15556811450682,160.73962378381808,227100
2024-09-16,163.74609375,164.17695119727668,162.60670510267664,162.980116838289,207200
2024-09-17,163.65032958984375,164.32055386154357,163.15244244095527,163.92800332298657,121800
2024-09-18,162.37692260742188,163.8131239705368,161.88861940348926,163.47801908502078,333700
2024-09-19,161.55348205566406,162.29073609800207,160.31835544818338,161.93647780938244,255400
2024-09-20,165.48867797851562,165.74719829235988,163.17160839870454,163.34396014453222,234200
2024-09-23,167.11636352539062,167.1451009901126,165.88123693410404,166.3695400776743,196300
2024-09-24,165.7854766845703,167.8919166805925,165.56526327036556,166.1971952691722,210000
2024-09-25,166.6280517578125,167.1163548761101,165.3450489381177,166.63762117236192,193400
2024-09-26,165.5557098388672,166.97275765589245,165.12485238346432,166.32168676502494,138200
2024-09-27,167.22671508789062,167.6126244207105,166.19438480427652,166.39699677298026,115300
2024-09-30,167.92137145996094,168.00819885565178,166.15580747342332,167.43897741079212,150700
2024-10-01,169.1562957763672,169.32030798333255,166.78291062290245,167.85382598020396,303900
2024-10-02,169.09840393066406,169.4360709118413,167.87311899757063,168.04677377849083,213600
2024-10-03,168.97299194335938,170.14039205427758,168.56778269667248,169.63869810630874,216700
2024-10-04,168.72213745117188,168.8379073053021,167.0627008416514,167.6319222531214,161900
2024-10-07,164.9884033203125,168.34587641904693,164.51566658556658,168.04677974989417,309000
2024-10-08,165.03665161132812,166.0689819545352,165.0270090299751,165.59623048126772,261000
2024-10-09,163.6956024169922,165.02701476489267,162.83694155878797,164.6025056266346,295100
2024-10-10,163.19387817382812,165.01732683639003,163.13599325144457,163.81134188174602,118000
2024-10-11,164.69898986816406,164.69898986816406,162.3449044509627,162.68257146708663,94600
2024-10-14,166.7443084716797,166.850435738417,164.60247797679676,164.86297485360583,432200
2024-10-15,167.60296630859375,168.7317664600612,167.34246943625632,167.39071177876266,306800
2024-10-16,170.84466552734375,171.10516241656083,167.68016197762222,168.48093780632877,152300
2024-10-17,169.28170776367188,171.259511372527,169.12733815160132,171.259511372527,261400
2024-10-18,170.10177612304688,170.24650316121864,168.42305436363227,169.09840304394257,102700
2024-10-21,169.44573974609375,171.0086917667354,168.7896761789182,170.48771266702093,184600
2024-10-22,168.91510009765625,169.1948821655251,167.58368782625095,168.4230634728533,167200
2024-10-23,170.3526611328125,170.41054606991366,168.9344212878345,168.9730063387354,136200
2024-10-24,169.2334747314453,170.66135691792311,168.75108070830444,170.52628718030354,101500
2024-10-25,166.86009216308594,170.01495324377046,166.74432230667466,170.01495324377046,163900
2024-10-28,168.1143341064453,168.8379252145075,167.51617016799352,167.55475521629737,152500
2024-10-29,164.76649475097656,166.5031161088586,164.63142501878,166.5031161088586,146700
2024-10-30,164.39024353027344,165.5094012578,164.12010404038745,165.17171953469347,311200
2024-10-31,165.92425537109375,167.07235557975363,164.67968518413787,164.70862764977647,161800
2024-11-01,162.258056640625,166.37770597627664,162.18088654704445,166.16545141518463,214400
2024-11-04,160.63722229003906,161.57306794596516,159.74961898450576,160.98454660276937,233400
2024-11-05,163.09744262695312,163.09744262695312,160.14519319044433,160.54074515069942,401400
2024-11-06,161.85284423828125,162.37383804950255,160.24164989894484,162.06509879522358,431600
2024-11-07,161.78530883789062,163.3965030986572,161.13890261745115,162.54748491229026,257900
2024-11-08,164.7858123779297,165.22960666515218,162.58609666157065,162.58609666157065,261900
2024-11-11,165.538330078125,166.33910590053037,164.57354205905784,165.05593606859142,207200
2024-11-12,163.7052459716797,165.34539760133396,162.93342723007632,165.29715524960903,230900
2024-11-13,163.36758422851562,164.70863920938393,162.71152061116675,164.59286933870445,128400
2024-11-14,162.74046325683594,164.16836036377498,162.45103857982065,163.48335427800697,136200
2024-11-15,165.08489990234375,165.1717273021407,162.80799929373148,162.80799929373148,170700
2024-11-18,166.51275634765625,166.92762284024533,164.81473477799216,165.03663189458828,243600
2024-11-19,167.50650024414062,167.55474259200975,165.07524490371196,165.7988359572557,142100
2024-11-20,167.65122985839844,168.3169359933058,166.7443267019448,167.80558476384965,111200
2024-11-21,170.5070037841797,170.64207353485952,167.21708741658514,167.89243616998436,221200
2024-11-22,169.85093688964844,171.24987659925844,169.76410949946165,171.01832217059652,208700
2024-11-25,170.31402587890625,171.4910684264163,169.09839828853376,171.00867442240389,213700
2024-11-26,172.61988830566406,172.7067157031243,170.31404529250824,170.68066948822704,143600
2024-11-27,172.67774963378906,173.70042254363713,172.53303732446957,173.1312011649853,216400
2024-11-29,172.80319213867188,173.37241356790642,172.44622526296507,173.37241356790642,83200
2024-12-02,169.34925842285156,172.76461662978036,169.18524620816265,172.72601686073682,254700
2024-12-03,168.02749633789062,170.64206380297458,167.79594189786008,170.063199785145,184400
2024-12-04,167.68016052246094,168.64494854074727,167.13022428571924,168.15289722966324,279800
2024-12-05,168.10467529296875,168.9729786502026,167.81523593339168,167.81523593339168,197600
2024-12-06,166.18472290039062,168.59669275380705,165.78915631127137,168.5002080710721,155100
2024-12-09,164.18763732910156,166.33912546414166,164.00433994997806,166.33912546414166,204900
2024-12-10,163.07814025878906,163.85961630696735,161.70814284865568,163.85961630696735,258700
2024-12-11,162.1519317626953,163.46402935485773,161.81425006256717,163.37720196505234,349100
2024-12-12,161.7949676513672,163.23250727542123,161.76602518497336,162.72117074046548,145200
2024-12-13,161.85284423828125,162.71150504718503,161.67918944887276,162.10369856275742,108800
2024-12-16,160.73370361328125,162.45102525638933,160.6758039611275,162.00721625219936,273900
2024-12-17,160.02940368652344,160.61792503936974,159.3733548192187,159.85574888805996,240200
2024-12-18,156.0674285888672,160.09259082350812,155.95074711438346,159.9564747995554,475800
2024-12-19,156.8646697998047,158.47862748068817,156.15492304540496,156.39798842497657,362800
2024-12-20,159.05227661132812,159.40229139181395,156.01882507080774,156.01882507080774,468700
2024-12-23,159.664794921875,159.7231282419181,157.24385829134803,158.73141729458325,262400
2024-12-24,160.45233154296875,160.549563637717,159.15922182759795,159.56756992157798,162600
2024-12-26,160.10232543945312,160.6662389813463,159.59674522335308,160.18010815235587,127700
2024-12-27,159.67453002929688,160.17039297610975,158.97450043953168,159.4606312748944,259000
2024-12-30,159.05227661132812,159.441190164943,157.70083353802858,158.99394328716969,157600
2024-12-31,158.8870086669922,159.87871977637136,158.21614570581028,159.30508892150493,166000
2025-01-02,159.95648193359375,160.92874352962855,159.0425536596355,160.19954733260244,182100
2025-01-03,161.68711853027344,162.52326415907865,160.36484206694277,160.94819016705188,215500
2025-01-06,159.96620178222656,161.9787904394528,159.57730307177005,161.9787904394528,227700
2025-01-07,159.49951171875,161.05512131180708,159.13976485376205,160.41343995788222,157800
2025-01-08,159.61619567871094,159.61619567871094,157.02025881479258,159.0328475813396,216800
2025-01-10,158.449462890625,161.0259500135081,157.6813679732521,159.98563788983716,304100
2025-01-13,156.76747131347656,158.21613165437842,155.16323071496538,158.21613165437842,400500
2025-01-14,158.92587280273438,159.31477147215523,157.16606700944186,157.38969783811544,188500
2025-01-15,161.36627197265625,162.61076573433323,160.99680778744295,161.60933739228904,177800
2025-01-16,165.17752075195312,165.23585407360412,161.2204237994367,161.2204237994367,180800
2025-01-17,165.4497528076172,166.1108984025662,164.6136072477177,165.20668741038517,199000
2025-01-21,167.80262756347656,168.67767191303665,166.89843138801942,166.9373153247503,384800
2025-01-22,164.35108947753906,168.3373678539038,164.18580679068958,168.3373678539038,289600
2025-01-23,164.90528869628906,166.09144902165843,164.55527393084344,164.9636220179409,266200
2025-01-24,166.5192413330078,166.94703879257395,164.419152805429,164.69138485505582,298200
2025-01-27,162.99964904785156,163.52467861247806,159.21755206966404,163.32049715167122,318900
2025-01-28,160.77317810058594,162.91215064458063,159.4217350756295,162.91215064458063,312500
2025-01-29,161.09402465820312,162.76631577400582,160.53011115770832,160.82179260079658,155300
2025-01-30,164.37054443359375,164.6525086067133,162.892702641249,163.1455001530851,272800
2025-01-31,163.39830017089844,164.65252608133665,163.13578535595198,164.58446064076165,302000
2025-02-03,164.38026428222656,164.9247283662821,161.0065155804536,161.13289949140915,206700
2025-02-04,162.96075439453125,163.68995053647285,161.30791277323698,163.2913197516834,124900
2025-02-05,164.6038818359375,165.70252728895457,163.4371709540035,164.45803370348716,145300
2025-02-06,164.57470703125,165.48863520811756,163.41771348119568,165.48863520811756,120500
2025-02-07,163.99136352539062,165.52753864521094,163.93303020263735,164.67194368340347,148500
2025-02-10,165.75115966796875,165.77060905465228,163.68996974556956,164.69139804451143,99700
2025-02-11,166.5970458984375,166.68454588968464,163.91359414923718,165.25532002383736,91700
2025-02-12,166.42201232910156,166.7234110442395,164.06914109338936,164.4288731294528,141500
2025-02-13,166.72340393066406,167.1123174461308,165.8580917576094,166.674787886789,112600
2025-02-14,165.95533752441406,168.03597678817562,165.95533752441406,166.966483076905,104800
2025-02-18,167.84152221679688,167.98735552037732,166.25673108539547,166.57757918880688,123800
2025-02-19,168.46377563476562,168.98879038374844,167.42344857670602,167.48178190042245,97300
2025-02-20,168.5220947265625,168.93044279362692,166.60673830344098,167.9873479117637,119500
2025-02-21,168.47348022460938,169.12489368295147,167.85123342592934,168.55126292888613,161700
2025-02-24,167.80262756347656,169.13463605618213,167.0928807427434,169.13463605618213,158500
2025-02-25,167.18038940429688,167.38457088045243,164.866416742569,166.9470561007312,132200
2025-02-26,167.84152221679688,169.21239977705625,167.10259391723085,167.4915074526694,97400
2025-02-27,164.38026428222656,167.5984475784026,164.09830013014047,167.52066487560418,133700
2025-02-28,166.7136993408203,166.7914820498319,164.48721194752622,165.21640815453318,150500
2025-03-03,166.95677185058594,167.54985205095403,165.89701021181628,166.45119163825524,159300
2025-03-04,164.4385986328125,167.69566588306932,164.1663665890756,166.93730307044035,214000
2025-03-05,163.18438720703125,164.25388092630433,161.89127746846836,163.4080180618561,179300
2025-03-06,159.87869262695312,161.7648824190972,159.38282973869906,161.7648824190972,231200
2025-03-07,162.67881774902344,163.47606454515343,160.10231561220112,160.15093165922318,192300
2025-03-10,164.4288787841797,164.97334291225422,162.29962348396802,162.30935559481316,181000
2025-03-11,163.08717346191406,165.03169674939613,162.18296241875652,164.35110173034914,215300
2025-03-12,162.41632080078125,163.86498124660778,161.58989241724842,163.0774516391785,116500
2025-03-13,162.9315948486328,163.3982762458995,161.96905055845704,163.04826148906594,143200
2025-03-14,166.06228637695312,166.2567357323401,162.93160279795748,163.33995089493064,115400
2025-03-17,166.85952758789062,167.7831879571834,165.6636499986147,166.16923017409056,270100
2025-03-18,165.6928253173828,166.02339071127992,164.6330637004882,166.02339071127992,128000
2025-03-19,166.1984100341797,166.5484248241483,165.26503231575154,165.7511631442893,85200
2025-03-20,166.8789825439453,167.1609318838807,165.96505425468573,166.3150690285397,86900
2025-03-21,165.6636505126953,167.0053762444342,164.8275049580012,166.3733973142446,161800
2025-03-24,165.79978942871094,167.6956968099314,165.67339065811743,166.4901017754817,113300
2025-03-25,163.29078674316406,165.79782765495347,162.50733272244423,165.79782765495347,183400
2025-03-26,164.3092498779297,164.54429054329674,163.3201484295661,163.38869261750168,138700
2025-03-27,164.28965759277344,165.55298060825154,163.790212995457,164.04482917275033,249700
2025-03-28,165.5334014892578,166.33644593464805,164.90664128879254,164.90664128879254,139700
2025-03-31,167.27658081054688,167.8837505594182,165.52361575664,165.52361575664,176000
2025-04-01,167.7858123779297,168.14815365295277,166.12098213248277,167.11987131386653,256400
2025-04-02,168.3929901123047,168.84348099566975,166.74775024570133,167.49202328871598,110700
2025-04-03,167.50181579589844,169.9109341753264,167.21782138580392,168.3832071292636,234700
2025-04-04,158.3550262451172,167.59975019425457,157.21901873847165,167.58015973568715,448000
2025-04-07,156.02426147460938,160.58785183164906,152.56727046301256,155.7206616838977,1725100
2025-04-08,155.08412170410156,159.55957764581836,153.36053493190718,158.77613862227463,338900
2025-04-09,161.08731079101562,161.56716492520866,150.81430502382324,153.967696233409,509600
2025-04-10,160.0100555419922,161.72385441734872,156.6803951328413,159.84357401584867,347900
2025-04-11,162.05682373046875,162.4191799537358,158.19832543683887,159.9121243784056,171200
2025-04-14,164.85765075683594,165.3571102652894,162.56606047861152,163.32992390468632,238200
2025-04-15,164.9849853515625,166.34623083905672,164.73036916119625,165.29835797484853,137600
2025-04-16,163.48663330078125,166.04264268414715,163.12429200952639,165.1906295942643,231600
2025-04-17,165.28857421875,167.22761126775544,164.191747595982,164.191747595982,130300
2025-04-21,161.41049194335938,164.66180567176445,159.55957469649655,164.63242745608167,155900
2025-04-22,165.72926330566406,165.88595709350938,162.99698449214344,162.99698449214344,125000
2025-04-23,166.3168487548828,168.09919193228131,164.88704416680466,167.2374060309294,171400
2025-04-24,166.4833221435547,167.14924825942146,165.08291078293698,166.24828148570379,104700
2025-04-25,165.84678649902344,166.74775333932755,165.27878274126053,166.74775333932755,95100
2025-04-28,167.0415496826172,167.25698495499012,165.0045753361154,166.16015836192824,113300
2025-04-29,168.19711303710938,168.50069786624488,166.00344516440217,166.7673085871108,124200
2025-04-30,167.45286560058594,167.80541915275094,164.6030589658473,167.72707225858738,137600
2025-05-01,167.97189331054688,169.90114253292882,167.34513312794988,168.324446847204,130400
2025-05-02,169.06871032714844,169.6269262882432,167.58014937403635,168.49091885183816,176100
2025-05-05,168.6671905517578,169.22540652083902,167.14925136246455,168.7357496819148,98200
2025-05-06,170.596435546875,171.82057761443747,168.6867769101057,168.6867769101057,168200
2025-05-07,171.1742401123047,172.1633565421786,170.12638219273663,170.5181017070694,134700
2025-05-08,169.80320739746094,171.62473153674637,169.5779694231757,171.42887177897043,141000
2025-05-09,169.93051147460938,170.22430856297908,169.01974199497732,170.1263712191423,206900
2025-05-12,168.77491760253906,171.0273420762227,168.2069138696525,171.00775161836012,289900
2025-05-13,168.47132873535156,169.79340816146316,167.8445685869532,168.60843205084055,233300
2025-05-14,167.7858123779297,168.2362882966383,165.34731596731265,168.2362882966383,200000
2025-05-15,171.48760986328125,171.75202872671457,168.2754623613935,168.33421878812533,192700
2025-05-16,173.89674377441406,173.89674377441406,171.24279702828454,171.51700367339458,146500
2025-05-19,174.6997833251953,174.6997833251953,172.44735865921544,172.4767368769469,199500
2025-05-20,175.1208953857422,175.64971824614176,174.2590944870176,174.2590944870176,179700
2025-05-21,171.8499755859375,174.70956999134972,171.5463907091818,174.43536333214186,107900
2025-05-22,169.4800262451172,170.43974948541822,167.62912395296604,170.43974948541822,151900
2025-05-23,171.47784423828125,171.67370400037933,168.90224428442275,170.4593495663441,156900
2025-05-27,173.01535034179688,173.32873789987397,171.67369534873984,172.53548124716932,119700
2025-05-28,170.4005889892578,172.83908555604887,169.8032070163399,172.83908555604887,160100
2025-05-29,171.75204467773438,171.91852621664947,169.82279545745138,170.67479361047026,122100
2025-05-30,173.2993621826172,173.6225225597239,171.15466274842387,171.39949117802325,167500
2025-06-02,173.8477783203125,174.0044571610338,171.98707325900813,172.75093677641317,206600
2025-06-03,174.21011352539062,175.70846229119837,172.9663809420961,175.70846229119837,208400
2025-06-04,171.32113647460938,174.07300550691033,171.32113647460938,173.75961795860664,181200
2025-06-05,171.05673217773438,171.61494819204913,170.62583173366167,171.52679859711276,213200
2025-06-06,171.67369079589844,171.9674878880188,170.4005800254708,171.6247221233549,134700
2025-06-09,170.82168579101562,172.19273397119406,170.40058806219056,171.57576154295668,516500
2025-06-10,171.32113647460938,171.5072084635221,170.06761616767614,171.24278958753345,710900
2025-06-11,171.58555603027344,172.0556224114502,171.10568694871034,171.9381095519412,136700
2025-06-12,173.5246124267578,173.57358110476943,171.5072284150766,171.53660663325508,110300
2025-06-13,172.40817260742188,173.4070767234022,171.9870599637364,173.05452320853507,135000
2025-06-16,171.58555603027344,174.09259665407066,170.80210209955158,173.34830869547153,134200
2025-06-17,170.3418426513672,171.75205689678918,169.09810995670438,171.37012511724927,132000
2025-06-18,170.85107421875,171.62472546469292,170.15575491863277,170.66500222534646,141600
2025-06-20,171.1252899169922,172.55507962268354,171.0665185398002,171.24280278509232,184100
2025-06-23,173.33853149414062,173.505013036297,171.74224532060956,171.74224532060956,112100
2025-06-24,174.01426696777344,174.57246804875942,173.4266727258639,173.72046984681867,167000
2025-06-25,171.6638946533203,173.93590964649522,171.4190662243907,173.8379722976668,156200
2025-06-26,173.03077697753906,173.1392608271156,171.7191140866196,172.0741507717436,296100
2025-06-27,173.43515014648438,174.7172280703442,172.95190110756386,173.43515014648438,156100
2025-06-30,174.076171875,174.17479903610084,172.08403564661242,172.79410907104094,324800
2025-07-01,174.55941772460938,174.68763002203934,172.09388922567422,174.2536945984841,209500
2025-07-02,173.1984405517578,174.63831581122446,172.3404414527146,174.10575323027984,144000
2025-07-03,174.52984619140625,175.0623937673969,173.07025741980877,173.31681028892152,90700
2025-07-07,174.72708129882812,174.88487874290124,173.75072654306743,173.89866729003316,241500
2025-07-08,173.00120544433594,173.59293831553452,171.35423417918335,173.29707187993523,176600
2025-07-09,174.56927490234375,174.8552846361079,172.47851154496936,173.56335010684762,162300
2025-07-10,175.80203247070312,176.1965260456553,173.5732002036902,173.66195561490775,145900
2025-07-11,175.5850830078125,176.2458579334553,174.21424967027139,174.59887154056298,98200
2025-07-14,176.48251342773438,176.90659212223576,174.89471259409027,175.54561567957208,138300
2025-07-15,174.6678924560547,176.48251772486307,173.9874042181538,176.30500690544073,195500
2025-07-16,174.8454132080078,175.46673120806344,173.51403684153522,174.83555651138806,97500
2025-07-17,175.4667205810547,176.03872496658494,174.48050923670408,174.89471619552444,146500
2025-07-18,178.60289001464844,179.1354375477319,176.28528721236006,176.38391437141595,178400
2025-07-21,179.08612060546875,180.1808158375105,178.44508922881724,179.02695033050293,153300
2025-07-22,181.22621154785156,181.25579668762927,179.3918576396718,179.48062810739745,145600
2025-07-23,180.0032958984375,183.1887542760682,179.3129509781385,182.76469062802406,239500
2025-07-24,179.71730041503906,180.51612924665957,179.28336498838303,180.13150740001296,302300
2025-07-25,180.14137268066406,180.30902680796638,179.41157084853228,179.8652347005907,120300
2025-07-28,178.39576721191406,180.20053575496095,177.97170356245678,180.20053575496095,150300
2025-07-29,180.2597198486328,180.30903342868334,178.72123246076382,178.9283284292275,138600
2025-07-30,181.5615234375,183.21835135420943,180.78240801007297,180.80213645147902,268600
2025-07-31,182.68580627441406,182.86331710427527,181.03883503211495,181.13744714368502,221700
2025-08-01,182.74496459960938,183.7607610775386,180.9401960387589,182.17296021570124,340900
2025-08-04,186.00933837890625,186.51230079068955,183.5635382465206,183.6720221057357,343100
2025-08-05,184.16513061523438,186.68982950612286,183.68188158987198,186.1079683653181,325500
2025-08-06,182.66607666015625,184.53001560369287,182.44910894834632,184.53001560369287,316700
2025-08-07,184.45111083984375,184.85546111208922,181.65027416805844,182.0546244403039,271400
2025-08-08,183.71145629882812,185.19077338200427,183.28739262487892,184.80615154231413,272300
2025-08-11,183.1887664794922,184.13553603925186,182.31103894055707,184.10593585290445,216900
2025-08-12,184.03689575195312,184.07633758361663,182.3504677668194,183.69171576923745,156900
2025-08-13,184.49057006835938,184.49057006835938,182.8534555660472,184.19470364469947,188800
2025-08-14,183.22821044921875,184.34263415317864,183.14932677934516,183.95801230687974,138000
2025-08-15,182.66607666015625,183.52407576242797,181.66013681889135,183.08028364223196,227400
2025-08-18,181.78834533691406,183.4747583682763,181.5319357957385,182.84358368751293,133100
2025-08-19,183.53395080566406,183.53395080566406,181.60096980618155,181.78835238323862,105800
2025-08-20,183.67201232910156,184.76670755986007,182.98165232626596,183.80020957524675,120900
2025-08-21,182.4984130859375,184.48069247939642,181.95599383447632,183.79034754498716,98300
2025-08-22,183.583251953125,184.4215376892512,183.04084770451743,183.40574111868446,117000
2025-08-25,181.57138061523438,183.42546285413505,181.40372648381765,183.06055440491826,177600
2025-08-26,181.936279296875,182.38007142802317,181.0092381505167,181.68972644086023,115900
2025-08-27,182.2518768310547,182.60691355082423,181.59111697311542,182.15324966785502,165700
2025-08-28,180.98953247070312,182.30119552641224,180.7035227184366,182.29132378077998,142300
2025-08-29,180.1709747314453,181.10787261238758,179.96386370275212,181.05855902951848,149700
2025-09-02,179.55950927734375,179.7961903724293,178.50425590045037,179.2439144193749,214800
2025-09-03,179.23406982421875,179.43130909957037,178.2379866538461,178.78040594735714,122100
2025-09-04,178.97763061523438,180.67391533191977,177.991419270575,180.16108121914743,182900
2025-09-05,178.57330322265625,179.83565259524303,177.12357127863385,179.55951461051416,180000
2025-09-08,176.68963623046875,178.71137258949207,176.04858979798294,178.71137258949207,245700
2025-09-09,177.9322509765625,178.40562821371435,176.43320550245875,176.6008746754996,113400
2025-09-10,180.67393493652344,180.95994468460796,178.52400119510818,178.52400119510818,237400
2025-09-11,181.74888610839844,181.83765656815947,180.43723823355643,180.78240318279177,161500
2025-09-12,182.61676025390625,183.0901375048955,181.12758648079864,181.4530380434761,149800
2025-09-15,183.1887664794922,183.95801016312558,182.81400133419686,182.9323569344116,376000
2025-09-16,179.98358154296875,182.98165759504965,179.90468282470454,182.98165759504965,199900
2025-09-17,180.55557250976562,181.8179218111438,180.1019086756497,181.1571620243592,115500
2025-09-18,180.83172607421875,181.85737932689648,179.49047794478358,180.4471042234156,162100
2025-09-19,182.36036682128906,182.90278614033608,180.60491160574983,181.38401204700443,90800
2025-09-22,183.92843627929688,184.35249998153813,181.83767281107146,182.17298109401466,153700
2025-09-23,184.92449951171875,185.23023769515538,183.3564269522629,183.63256494832837,166400
2025-09-24,186.03334045410156,186.43043245939185,184.70311631827926,185.32852675941697,138900
2025-09-25,184.25640869140625,186.07306492857037,184.21670706298985,185.4774344697418,153400
2025-09-26,186.8771514892578,186.98634989948135,184.7031200523148,184.7825384549784,160800
2025-09-29,187.5323486328125,187.86986549552574,185.67597559286557,187.2047533904689,165600
2025-09-30,188.02870178222656,188.5448986952268,186.628980790892,187.5521913505944,105700
2025-10-01,189.49789428710938,189.964467925961,188.11803175768958,188.23715178547766,126200
2025-10-02,189.40855407714844,189.40855407714844,187.86985474720672,189.22985888813355,158100
2025-10-03,191.4237518310547,193.0319328212292,189.69643566372957,189.91483248307568,144000
2025-10-06,193.32974243164062,193.42901921846612,191.42374627517634,192.35689354029665,276700
2025-10-07,194.07427978515625,194.86844866544178,193.4786493380642,194.12391818033248,146800
2025-10-08,195.5037841796875,195.67254260824654,193.9452263993,195.384664147178,159900
2025-10-09,195.01734924316406,196.6255453957586,194.52099558505088,196.08947496238991,123000
2025-10-10,194.07427978515625,196.7347281144746,193.91544297959683,195.5037807401679,178300
2025-10-13,195.84129333496094,196.70494383171356,194.5805508329401,194.5805508329401,134000
2025-10-14,197.53883361816406,198.20394570000835,195.18610698662758,195.4839222099563,135900
2025-10-15,199.9808807373047,200.60629117782216,198.33298299888438,198.66057822260728,235500
2025-10-16,197.8763427734375,201.66847668397364,197.8564843866515,200.67576940982656,177600
2025-10-17,197.2410125732422,198.53153507123568,196.32772369016507,198.14437983658874,156500
2025-10-20,197.33035278320312,199.11722892464317,196.55604231316426,198.72013692237257,278800
2025-10-21,195.00743103027344,197.7274394298502,194.13384372952726,197.5487593806131,193400
2025-10-22,194.2430419921875,195.36480612546055,193.27019304734225,195.0967709043,248600
2025-10-23,194.22317504882812,195.76187437639905,193.24040452704944,195.76187437639905,162200
2025-10-24,196.66525268554688,197.52890322832485,195.33502847890884,195.7321053578267,154000
2025-10-27,197.18145751953125,197.34027917677045,194.8585109057096,196.95312393238544,273900
2025-10-28,194.00477600097656,197.9259818657158,193.77645756841937,197.9259818657158,191500
2025-10-29,193.94522094726562,195.06698504690183,193.01207365880842,194.08419936379045,167400
2025-10-30,192.89295959472656,195.37472792906766,192.85325796628229,193.5282916824174,104800
2025-10-31,191.65206909179688,192.54551475113064,190.6196601637462,192.46609634935578,152300
2025-11-03,191.88038635253906,192.23776158457784,189.53759653084282,191.51308950065604,259400
2025-11-04,191.05645751953125,191.59251280755922,190.11337344728787,191.45353438862517,129400
2025-11-05,191.32447814941406,192.10872541730916,190.48068601324346,190.83806125547798,147100
2025-11-06,190.45089721679688,192.21791495866225,190.35162043005843,191.01673248817534,165500
2025-11-07,193.05178833007812,193.05178833007812,189.58723442712176,189.58723442712176,233700
2025-11-10,192.9723663330078,194.2430304315717,191.2946886168151,193.57791837587894,142000
2025-11-11,193.01206970214844,193.7168985377615,192.02929918669477,192.99222646270263,131800
2025-11-12,193.45880126953125,193.6176229236152,192.45615721353468,193.29004284815318,108700
2025-11-13,190.8678436279297,192.95251994386382,190.6693051903424,192.69442148975153,109000
2025-11-14,190.94725036621094,192.23775770543833,189.85526630492984,190.24242153620025,140100
2025-11-17,192.4065399169922,193.10143201107016,191.0266622014145,191.12593899235918,258600
2025-11-18,191.67193603515625,193.4588122860768,191.67193603515625,192.55544496651254,171400
2025-11-19,190.36154174804688,192.4263746993443,189.93468489027214,191.75134102262774,131400
2025-11-20,189.3092803955078,192.97237278155478,189.1206635835958,191.8009854302233,141700
2025-11-21,189.56739807128906,190.4111902118113,188.16767710302597,190.05381496773373,153200
2025-11-24,191.7811279296875,192.21792157034344,188.8129276152386,189.83541493426884,196000
2025-11-25,191.1656494140625,192.55543355602686,190.40126056222655,192.0987815393751,159700
2025-11-26,193.55807495117188,193.8658118062122,191.97967389934513,191.97967389934513,201900
2025-11-28,195.01734924316406,195.12654765384943,193.79632348550888,193.99486191925183,72700
2025-12-01,190.57994079589844,193.7268210792906,190.4906007754341,193.7268210792906,195000
2025-12-02,189.11074829101562,191.43367983147093,188.96184824900385,191.43367983147093,185400
2025-12-03,188.53497314453125,189.66665888791968,187.82022265949524,189.4879788404165,195200
2025-12-04,188.3463592529297,189.63688182358266,187.7805239462083,188.47541605424854,172100
2025-12-05,186.42050170898438,188.35629310879295,186.42050170898438,187.99891786625264,192400
2025-12-08,184.27626037597656,186.93670866093862,183.92880676304722,186.93670866093862,353900
2025-12-09,184.2861785888672,186.0829763394872,184.2166969560726,184.7031138281676,177500
2025-12-10,184.1074981689453,184.5939150400348,182.8765356929523,184.50457502055033,328900
2025-12-11,185.67596435546875,185.93407794457912,184.11742179108177,184.17698180471922,158500
2025-12-12,184.6534881591797,186.88707968989115,184.37553131382546,186.1326275592885,171000
2025-12-15,186.15248107910156,186.3907211417391,184.61378170201718,185.7454674420803,206800
2025-12-16,185.5369873046875,186.54955298649875,184.28618156657564,186.0333409519954,251900
2025-12-17,184.05999755859375,185.8300018310547,183.33999633789062,185.72000122070312,159700
2025-12-18,185.97999572753906,186.9199981689453,185.05999755859375,185.30999755859375,294000
2025-12-19,183.5,186.67999267578125,183.49000549316406,185.88999938964844,267000
2025-12-22,184.4600067138672,184.58999633789062,182.5500030517578,183.66000366210938,235600
2025-12-23,184.83999633789062,185.52999877929688,184.11000061035156,184.11000061035156,195500
2025-12-24,185.74000549316406,185.92999267578125,184.67999267578125,185.0,108300
2025-12-26,185.50999450683594,185.92999267578125,184.92999267578125,185.6999969482422,115800
2025-12-29,185.83999633789062,186.8300018310547,185.58999633789062,185.58999633789062,201200
2025-12-30,186.2100067138672,186.52000427246094,185.6999969482422,186.0800018310547,186500
2025-12-31,185.0399932861328,186.32000732421875,184.97999572753906,186.32000732421875,214000
2026-01-02,187.22000122070312,188.07000732421875,184.9600067138672,185.6199951171875,239100
2026-01-05,185.4499969482422,187.67999267578125,182.69000244140625,187.36000061035156,506800
2026-01-06,186.4199981689453,186.5500030517578,184.6999969482422,185.75,326500
2026-01-07,182.17999267578125,186.60000610351562,181.60000610351562,186.60000610351562,276200
2026-01-08,182.67999267578125,183.9199981689453,181.89999389648438,181.92999267578125,177800
2026-01-09,184.9499969482422,186.67999267578125,184.80999755859375,184.9199981689453,199900
2026-01-12,185.2100067138672,185.75999450683594,184.1300048828125,184.4199981689453,299700
2026-01-13,186.3699951171875,186.77000427246094,184.5800018310547,185.27999877929688,182200
2026-01-14,187.63999938964844,188.27000427246094,186.1199951171875,186.1199951171875,186700
2026-01-15,189.7100067138672,190.6199951171875,188.50999450683594,188.50999450683594,333300
2026-01-16,188.75999450683594,189.2100067138672,186.77999877929688,187.6999969482422,412900
2026-01-20,186.7100067138672,188.44000244140625,186.1699981689453,187.49000549316406,280300
2026-01-21,187.2100067138672,188.19000244140625,185.75999450683594,188.08999633789062,445600
2026-01-22,186.00999450683594,188.30999755859375,185.5399932861328,187.8699951171875,411400
2026-01-23,185.13999938964844,186.00999450683594,184.14999389648438,185.97999572753906,335300
2026-01-26,186.35000610351562,187.7100067138672,185.72000122070312,185.72000122070312,270000
2026-01-27,188.63999938964844,189.19000244140625,185.5500030517578,186.1699981689453,278900
2026-01-28,188.27999877929688,189.72999572753906,187.60000610351562,189.13999938964844,245800
2026-01-29,188.33999633789062,190.17999267578125,187.3000030517578,189.13999938964844,273000
2026-01-30,187.99000549316406,188.52999877929688,185.89999389648438,188.02000427246094,289600
2026-02-02,185.22000122070312,188.77000427246094,184.92999267578125,188.07000732421875,379100
2026-02-03,187.94000244140625,188.5800018310547,185.42999267578125,185.42999267578125,241700
2026-02-04,186.9600067138672,189.4600067138672,186.6300048828125,188.8699951171875,276100
2026-02-05,187.11000061035156,188.11000061035156,186.10000610351562,187.4600067138672,257600
2026-02-06,188.11000061035156,190.3000030517578,186.77999877929688,189.02999877929688,212500
2026-02-09,188.6999969482422,189.05999755859375,186.99000549316406,188.16000366210938,308500
2026-02-10,191.6300048828125,193.0,189.11000061035156,189.77999877929688,249600
2026-02-11,193.22999572753906,193.32000732421875,191.41000366210938,192.44000244140625,309200
2026-02-12,196.1300048828125,197.9499969482422,193.82000732421875,193.88999938964844,346800
2026-02-13,201.32000732421875,201.6300048828125,195.82000732421875,195.94000244140625,417200
2026-02-17,200.8699951171875,203.5,200.3300018310547,202.33999633789062,372700
2026-02-18,197.38999938964844,201.17999267578125,197.1699981689453,200.88999938964844,264800
2026-02-19,199.50999450683594,199.6999969482422,198.02000427246094,198.11000061035156,157900
2026-02-20,200.30999755859375,200.86000061035156,198.41000366210938,200.24000549316406,130800
2026-02-23,201.69000244140625,202.9199981689453,200.3800048828125,200.55999755859375,242100
2026-02-24,203.7899932861328,203.88999938964844,200.0,201.63999938964844,267000
2026-02-25,204.5500030517578,204.80999755859375,201.24000549316406,203.97000122070312,284300
2026-02-26,203.77999877929688,204.66000366210938,202.64999389648438,203.97000122070312,243100
2026-02-27,205.8699951171875,206.10000610351562,203.5,203.61000061035156,317600
2026-03-02,204.47000122070312,205.9499969482422,204.35000610351562,204.42999267578125,436200
2026-03-03,203.22000122070312,204.72000122070312,198.4499969482422,201.44000244140625,447500
2026-03-04,204.1300048828125,204.74000549316406,201.94000244140625,203.27999877929688,300100
