Date,Close,High,Low,Open,Volume
2014-01-02,55.948028564453125,56.30282858835271,55.837151442192734,56.26587330722905,723700
2014-01-03,55.99977111816406,56.19934542898844,55.91106829143947,56.04411971180397,439500
2014-01-06,55.948028564453125,56.31022190035532,55.85932573875587,56.214131402100165,609600
2014-01-07,56.22891616821289,56.33239998543024,56.132825663495375,56.1549999615498,574900
2014-01-08,56.18455123901367,56.24368080348788,56.014538937611285,56.17715792866311,657000
2014-01-09,56.310203552246094,56.406294019191144,56.04410080130594,56.36933875010899,423300
2014-01-10,56.37674331665039,56.46544614002941,56.13282042138606,56.406310924443396,442200
2014-01-13,55.74845504760742,56.44327983044539,55.681932150243966,56.28805409715198,499900
2014-01-14,56.22891616821289,56.251090466267314,55.80019427434383,55.9480323271151,406500
2014-01-15,56.53194808959961,56.59847094627552,56.324974932354536,56.36932914291372,798600
2014-01-16,56.391536712646484,56.42110432399043,56.19935005863344,56.41371101129313,722100
2014-01-17,56.13282775878906,56.35457638705565,56.044124923815254,56.302834476515585,470500
2014-01-21,56.206722259521484,56.45065073190314,55.87409098642565,56.45065073190314,571200
2014-01-22,56.199317932128906,56.32497597892397,56.06626657686296,56.32497597892397,407800
2014-01-23,55.65974807739258,55.92585089901003,55.378858632660624,55.92585089901003,781400
2014-01-24,54.57316589355469,55.40103637729258,54.57316589355469,55.36408109609412,1523000
2014-01-27,54.36619567871094,54.76534427750063,54.151834755986435,54.63229850420036,960200
2014-01-28,54.75795364379883,54.85404413246696,54.55837371575345,54.58054801010423,661700
2014-01-29,54.33662414550781,54.69142412756202,54.19617943124583,54.395753716220824,848900
2014-01-30,54.7727165222168,54.890986905586566,54.44009093801331,54.661839447668214,619900
2014-01-31,54.38097381591797,54.77273472197979,54.03356149863473,54.14443861002532,1865700
2014-02-03,53.18350601196289,54.469671356391025,53.087415532436296,54.38096854798245,1116700
2014-02-04,53.41266632080078,53.53832443323627,53.183518754038765,53.44962160357565,971900
2014-02-05,53.34612274169922,53.449606527391786,52.95436189022828,53.264813247306,606000
2014-02-06,53.94485855102539,53.981813824573344,53.41265298483168,53.464394879353655,588400
2014-02-07,54.61012268066406,54.63230261732842,54.048355019620715,54.2701036312605,593800
2014-02-10,54.61751174926758,54.6618603402608,54.36619554771337,54.6618603402608,498400
2014-02-11,55.26058578491211,55.37885055535678,54.60272213837869,54.6988126168302,717500
2014-02-12,55.27538299560547,55.50452493273688,55.14972487778794,55.341911530561646,687600
2014-02-13,55.52669143676758,55.52669143676758,54.8392601522427,54.84664782365978,1004100
2014-02-14,55.88887023925781,55.97017971933386,55.423193285638725,55.43797426408784,661200
2014-02-18,55.88887023925781,55.98496069778298,55.75581887544631,55.97757302827961,631200
2014-02-19,55.504520416259766,56.154996529811356,55.48973943160847,55.741061286238335,676700
2014-02-20,55.940643310546875,56.036733822643605,55.46757278423977,55.61540520891867,506600
2014-02-21,55.88153076171875,56.140240429614416,55.84457546027526,56.05154319459179,472800
2014-02-24,56.18455123901367,56.53196351272556,55.992364646003026,55.99975795635359,801100
2014-02-25,56.021934509277344,56.31760490135684,55.95540599232372,56.16237921438993,472800
2014-02-26,56.088470458984375,56.2510894945009,55.933244735839956,56.16977997674264,540300
2014-02-27,56.34717559814453,56.34717559814453,55.91845378806329,56.01454427400123,428800
2014-02-28,56.539363861083984,56.80546669893647,56.22151911806267,56.3471828644253,450100
2014-03-03,56.16238021850586,56.29543161534825,55.829748906678006,56.05150311456324,581000
2014-03-04,56.96068572998047,57.078956150455475,56.687195251659084,56.716762856777834,929600
2014-03-05,56.95329284667969,57.07155761688864,56.86459003944032,56.982854809649275,858600
2014-03-06,57.13809585571289,57.26375395777001,57.09374162482342,57.145483527990734,445200
2014-03-07,57.29330825805664,57.40418535036086,57.049379782875995,57.38200542034547,576200
2014-03-10,57.24897003173828,57.28593095264692,56.9385185981068,57.21201475027439,572500
2014-03-11,56.916343688964844,57.34506555333546,56.805466566876625,57.34506555333546,1362100
2014-03-12,56.90894317626953,56.94590409210383,56.59849178525977,56.62066607898276,1193100
2014-03-13,56.40630340576172,57.14547658372507,56.26586433677046,57.10852130849319,771200
2014-03-14,56.28065872192383,56.62807110061208,56.206742514413484,56.26587773619982,1030900
2014-03-17,56.79808044433594,56.88678328112338,56.554157512199936,56.58372512446242,671500
2014-03-18,57.19721603393555,57.25635123910956,56.85719706335032,56.864590373857965,657200
2014-03-19,56.916343688964844,57.285930336295785,56.568931338162606,57.21940744670967,760800
2014-03-20,57.3746337890625,57.41158907053277,56.78329289109071,56.83503479670488,637900
2014-03-21,57.308082580566406,57.840288050240446,57.26373400457442,57.51505012111909,1093500
2014-03-24,57.19721603393555,57.58898253863071,56.99024845527007,57.50027973086969,1626900
2014-03-25,57.55403137207031,57.613497055606366,57.256708625349724,57.472267474948154,643300
2014-03-26,57.271549224853516,57.85875412533439,57.26411460039163,57.8290269694006,794200
2014-03-27,57.182342529296875,57.36816841744993,57.01881484036922,57.19720610512845,720100
2014-03-28,57.516841888427734,57.73983528086079,57.35331982772871,57.390481612495854,470800
2014-03-31,58.05946350097656,58.104059916750494,57.8439047064721,57.91080500109127,782400
2014-04-01,58.23783493041992,58.28243700190796,58.014847256805034,58.24526955416065,988600
2014-04-02,58.45341110229492,58.51287676806133,58.14122486345826,58.3270508157598,808200
2014-04-03,58.483131408691406,58.56489526386775,58.319603698338724,58.56489526386775,725200
2014-04-04,58.007415771484375,58.83248325169828,57.93308654292459,58.80275042608304,695900
2014-04-07,57.397918701171875,57.94796190956666,57.37562049516311,57.87363266588484,708900
2014-04-08,57.539154052734375,57.628346885789455,57.13033466470408,57.42765734045717,662700
2014-04-09,58.029720306396484,58.029720306396484,57.47224252491927,57.71753410979898,1654600
2014-04-10,56.989105224609375,58.06689921736539,56.94450880799822,58.02973175621718,1013200
2014-04-11,56.5579833984375,57.07086483494905,56.5059523592956,56.63974727008305,1099100
2014-04-14,56.95194625854492,57.01140625998883,56.50595938648434,56.96680984116624,713300
2014-04-15,57.34589385986328,57.368192068281424,56.624888209231884,57.026272973633645,896300
2014-04-16,57.866207122802734,57.866207122802734,57.48712054827962,57.73241219479214,1251100
2014-04-17,57.98513412475586,58.118929042744554,57.76214070445529,57.836469954236065,608300
2014-04-21,58.118934631347656,58.118934631347656,57.94053760956959,58.02230149347817,644300
2014-04-22,58.2750129699707,58.4311060711588,58.05945420996123,58.148652698193295,759000
2014-04-23,58.289894104003906,58.34935978073419,58.193266632536485,58.31962694236905,882800
2014-04-24,58.26015853881836,58.50545019063081,58.074332560952946,58.43855556065949,2393100
2014-04-25,57.96282196044922,58.18580965609987,57.83645602819461,58.126344002210274,683900
2014-04-28,58.18581771850586,58.349345453882705,57.67293630681623,58.16351951294678,1820500
2014-04-29,58.38650894165039,58.460838178780726,58.26014300047581,58.3567761126068,430000
2014-04-30,58.5574836730957,58.5723529276803,58.27503021653774,58.31219201108117,623600
2014-05-01,58.42367172241211,58.542603040617415,58.28244787074004,58.39393889286079,468300
2014-05-02,58.327056884765625,58.66154136532873,58.245293003568676,58.475715393691765,1161400
2014-05-05,58.252723693847656,58.33448756951938,57.8587678969938,58.07432669004123,465500
2014-05-06,57.83647918701172,58.170969370859204,57.81418097561372,58.15610011595443,522200
2014-05-07,58.3939208984375,58.40135552127366,57.814145078241374,58.10403298833944,1102600
2014-05-08,58.327056884765625,58.65411240955345,58.14866553986255,58.356789720742576,898800
2014-05-09,58.349342346191406,58.401373380043985,58.066888972557045,58.327044141819925,988000
2014-05-12,58.795318603515625,58.810187852510076,58.572330907210976,58.616927312280524,478200
2014-05-13,58.90681457519531,58.97370918199115,58.83248534399211,58.86221817066476,692900
2014-05-14,58.66155242919922,58.92170770436588,58.57978853258117,58.91427874718946,591400
2014-05-15,58.11149597167969,58.520315362852294,57.90337179834033,58.48314790148809,616300
2014-05-16,58.20811462402344,58.26014565948512,57.903363036592935,58.26014565948512,476500
2014-05-19,58.364219665527344,58.39395250200813,58.00743696967533,58.00743696967533,659300
2014-05-20,57.977699279785156,58.31218373801601,57.82904078078438,58.26015269626992,702200
2014-05-21,58.43856430053711,58.46829714195737,58.19327261203964,58.21557082536493,1930800
2014-05-22,58.53519058227539,58.624389104708094,58.341929952484286,58.4905941565388,365300
2014-05-23,58.67638397216797,58.73584394616078,58.5648873056279,58.6020490805039,436600
2014-05-27,58.93656539916992,58.98859644399643,58.832503309516916,58.95886360824435,594200
2014-05-28,58.95143127441406,59.1000954589566,58.86966739065536,58.96630052834771,540400
2014-05-29,59.22643280029297,59.23386742437736,58.92167559335534,59.11493612285343,584800
2014-05-30,59.367679595947266,59.404841385280676,59.13725154986388,59.17441901015553,707300
2014-06-02,59.456871032714844,59.50147311821045,59.23388328906924,59.47916923998359,365600
2014-06-03,59.44942855834961,59.50145958713048,59.293329801050184,59.34536082983106,425000
2014-06-04,59.53862762451172,59.56836045421947,59.33793811268117,59.33793811268117,372100
2014-06-05,59.9177131652832,59.95488061956838,59.42712998931399,59.694719781486775,527100
2014-06-06,60.207603454589844,60.237336284958864,60.014342892669966,60.05894497370227,344100
2014-06-09,60.244754791259766,60.40084785571487,60.155556324018555,60.22988554457489,510800
2014-06-10,60.289371490478516,60.289371490478516,60.06637808276554,60.17787478662203,313100
2014-06-11,59.99947738647461,60.118403033174644,59.90284427313863,60.0738066245318,814400
2014-06-12,59.61295700073242,60.07380735582886,59.49403135258467,59.91771425272138,634000
2014-06-13,59.88054656982422,59.95488147946071,59.65755885378695,59.65755885378695,377900
2014-06-16,59.940040588378906,60.051537334628314,59.761649196955894,59.79138204068641,714000
2014-06-17,60.1183967590332,60.15556420966157,59.75417956089365,59.821079837833345,815700
2014-06-18,60.58668518066406,60.608983383945,60.02920741481205,60.148133055962795,573700
2014-06-19,60.675880432128906,60.690749682218474,60.49005450271058,60.54208553610942,893300
2014-06-20,60.89145278930664,60.94348383432528,60.81712353513125,60.884023833560114,482200
2014-06-23,60.87659454345703,60.950923804148324,60.757663189583695,60.950923804148324,448700
2014-06-24,60.45351028442383,60.969250530521165,60.4161413565968,60.767442353064965,470900
2014-06-25,60.595577239990234,60.63295190134994,60.251752025257105,60.32649564540384,505600
2014-06-26,60.52830505371094,60.61799510998406,60.13962913461994,60.59557259591578,366800
2014-06-27,60.573116302490234,60.58806273600994,60.27413630897453,60.34887988171119,513200
2014-06-30,60.505836486816406,60.66280538575913,60.43856898947106,60.56563361950236,603400
2014-07-01,60.864620208740234,61.036535558292414,60.56564021531896,60.65533592411606,705500
2014-07-02,60.879573822021484,60.93189489934796,60.80483024049363,60.872103455667514,377800
2014-07-03,61.1561279296875,61.19350256964816,61.051485780880945,61.051485780880945,323900
2014-07-07,60.98420333862305,61.08137510678465,60.88703727303,61.03653010767533,533800
2014-07-08,60.67026901245117,60.88702931743825,60.55815082675885,60.87208288721092,372800
2014-07-09,60.8720817565918,60.91692674900867,60.70016644804763,60.804808565398794,421300
2014-07-10,60.715118408203125,60.819760525257216,60.22180068274721,60.311496369894016,353900
2014-07-11,60.767459869384766,60.78988237305789,60.498378420168024,60.692710587048204,281700
2014-07-14,60.991668701171875,61.133685443517024,60.96177013949039,61.088840452278575,354800
2014-07-15,61.02906799316406,61.1860312285012,60.78988510561655,61.02906799316406,1426500
2014-07-16,61.44015121459961,61.4476272825471,61.19349799802215,61.28318800311614,512500
2014-07-17,60.82725143432617,61.55227613492401,60.75998392317113,61.30561718888296,567200
2014-07-18,61.3280143737793,61.38033542351322,60.939338830698645,61.00661201039468,447500
2014-07-21,61.208438873291016,61.26075993903447,60.91693497806771,61.126219241041525,443100
2014-07-22,61.47003936767578,61.55973506013976,61.37287331109916,61.38781974189248,404000
2014-07-23,61.53731918334961,61.604586683008755,61.40277848146268,61.50742061597822,315100
2014-07-24,61.55973434448242,61.67185253311696,61.49246115027451,61.604579338909055,541600
2014-07-25,61.35793685913086,61.4924775809277,61.245824343108055,61.40278756810946,430800
2014-07-28,61.34300231933594,61.42522198207526,61.02159973841968,61.357948756847364,482400
2014-07-29,61.06643295288086,61.529852262170905,61.036540083634584,61.49247762175884,370600
2014-07-30,60.924415588378906,61.29066307589361,60.67028060541132,61.24581807407476,518200
2014-07-31,59.780818939208984,60.58805743777106,59.758390737037104,60.55815887077713,686700
2014-08-01,59.593963623046875,59.93778862684094,59.302453988944265,59.63880862710766,672900
2014-08-04,60.00505447387695,60.0723276806773,59.429522694922596,59.73597305181364,960200
2014-08-05,59.36972427368164,59.87798853742576,59.167916062777884,59.788292831152475,805500
2014-08-06,59.332359313964844,59.549119695884684,58.996010340078435,59.003486409129415,712800
2014-08-07,59.010955810546875,59.63881444145531,58.86146864739092,59.63881444145531,655300
2014-08-08,59.68366622924805,59.71356480578931,58.97359356974678,59.09318217334145,473200
2014-08-11,59.80326843261719,60.07234995445122,59.77336985212773,59.93780919353421,583100
2014-08-12,59.77335739135742,59.92284456007046,59.60891808423111,59.758405252944144,488900
2014-08-13,60.15453338623047,60.184426246140426,59.86302382771523,60.01251664010352,557600
2014-08-14,60.423641204833984,60.423641204833984,60.169511842361075,60.23677936681423,665800
2014-08-15,60.30402374267578,60.617950111740676,59.907877748012744,60.617950111740676,989600
2014-08-18,60.759979248046875,60.78240175003994,60.550694959352676,60.550694959352676,546100
2014-08-19,60.98420333862305,61.03653010767533,60.834716206546275,60.8795612056556,597900
2014-08-20,61.17855453491211,61.238351681831055,60.84968163199754,60.864628067442375,637200
2014-08-21,61.4476432800293,61.544809378367326,61.230882873671725,61.238358943565565,969300
2014-08-22,61.26076126098633,61.49246802819758,61.17106555953265,61.38035552959123,523500
2014-08-25,61.59711837768555,61.70923088086611,61.49247053710231,61.55226767384449,378900
2014-08-26,61.62699508666992,61.81385681307289,61.604572591912344,61.634471152444895,577100
2014-08-27,61.679344177246094,61.73914132549097,61.55975558332627,61.656921672296754,495500
2014-08-28,61.62699508666992,61.65689364720248,61.40276443652677,61.44013336026696,382900
2014-08-29,61.8363037109375,61.83630371093751,61.559746219300344,61.67186442956238,615000
2014-09-02,61.71669006347656,61.925974282247125,61.48498335020447,61.925974282247125,488700
2014-09-03,61.8363037109375,62.00821335777945,61.754084070249945,61.95589228666637,506400
2014-09-04,61.80640411376953,62.12780660314025,61.612066266050995,61.97831375775331,792400
2014-09-05,62.067996978759766,62.0754730451674,61.55973281182966,61.75407062045324,1464500
2014-09-08,61.8736572265625,62.09041752503228,61.74659261446328,61.993251475056574,526000
2014-09-09,61.52237319946289,61.87367427298943,61.42520712271757,61.87367427298943,1684400
2014-09-10,61.664371490478516,61.709216481286354,61.35044514968864,61.552253310891416,589700
2014-09-11,61.791439056396484,61.791439056396484,61.41771557493397,61.5148873297576,1007500
2014-09-12,61.47751235961914,61.78396834995128,61.298126686231015,61.78396834995128,1641700
2014-09-15,61.55973434448242,61.64943003590365,61.305599403406255,61.470038653061195,749800
2014-09-16,61.99327087402344,62.120335525883796,61.46258406104538,61.47005442698816,392600
2014-09-17,62.067996978759766,62.33707834375617,61.82133811041843,62.09789554182246,577300
2014-09-18,62.389408111572266,62.42677704369059,62.19507027582368,62.25486741029534,674000
2014-09-19,62.42677688598633,62.703334355292654,62.29223618504928,62.62111472124398,1444400
2014-09-22,61.970848083496094,62.322143465967685,61.88862843795163,62.322143465967685,539700
2014-09-23,61.52237319946289,61.9334714137108,61.514902833799624,61.77650819624411,475300
2014-09-24,61.92531967163086,61.962905958006125,61.36147375436639,61.53438329031462,1182700
2014-09-25,61.03068542480469,61.78999957142871,61.00813250468257,61.782480019475486,811900
2014-09-26,61.38404846191406,61.51937175952071,60.97055901485506,61.09836275822264,744600
2014-09-29,61.2036247253418,61.33142848001681,60.805168615768224,60.94801148025196,826900
2014-09-30,61.04574203491211,61.40660610147036,60.8953853530277,61.308874831819466,1185600
2014-10-01,60.2563591003418,61.030706887449284,60.14358872433575,60.89538358338994,983900
2014-10-02,60.218753814697266,60.44429451708939,59.6924998234334,60.22627336764055,960100
2014-10-03,60.93295669555664,61.00061545870248,60.45932241058457,60.632237698186934,548800
2014-10-06,60.85026168823242,61.27878441551273,60.66982683988634,61.18856699133969,1319500
2014-10-07,59.918060302734375,60.67737487264394,59.918060302734375,60.61722989496499,753600
2014-10-08,60.94049072265625,60.993116134468536,59.669961284405375,59.94812171723902,624300
2014-10-09,59.692501068115234,60.902891008998964,59.632356114791435,60.82771268521344,1097700
2014-10-10,59.15120315551758,60.00072904319994,59.15120315551757,59.692496219991924,1014100
2014-10-13,58.24903869628906,59.34665794620335,58.211446678083334,59.166223141699895,1103500
2014-10-14,58.32424545288086,58.940716996364,58.106224259537626,58.53474709176689,2401400
2014-10-15,57.69273376464844,57.88068247252782,56.362059436587735,57.64762791019399,2197500
2014-10-16,57.670188903808594,58.09119223290797,56.76051771872448,56.790590204480175,1473900
2014-10-17,58.43701171875,58.752764154882136,58.12125354687879,58.34679427882408,957900
2014-10-20,58.84297180175781,58.86553046198814,58.26409237543017,58.26409237543017,957400
2014-10-21,59.89549255371094,59.970670889342394,59.16625065303319,59.24894854294959,888700
2014-10-22,59.542152404785156,60.20373557231506,59.51959947602659,60.04585933526536,844300
2014-10-23,60.06840515136719,60.45182210208191,59.925562305157186,60.098477631397664,1335600
2014-10-24,60.6021728515625,60.62472577544936,59.99322096366315,60.24882841536561,849400
2014-10-27,60.496944427490234,60.602195268387014,60.203744837029106,60.399207406842756,949500
2014-10-28,61.15098190307617,61.15098190307617,60.62472787502888,60.74501778757611,756500
2014-10-29,61.135948181152344,61.41411430051797,60.70742540770398,61.26375191069654,1344700
2014-10-30,61.48179244995117,61.63215488715891,60.8653207967507,60.925465771633796,850100
2014-10-31,62.14334487915039,62.241076113055456,61.827586785500074,62.241076113055456,890300
2014-11-03,62.135841369628906,62.37641547620895,62.000518076193934,62.22605307475946,1058200
2014-11-04,62.038124084472656,62.19600609008904,61.75244403456582,62.01557115102487,1329700
2014-11-05,62.52676010131836,62.52676010131835,62.18093524818775,62.51924628449715,966900
2014-11-06,62.75229263305664,62.78987891948976,62.27114457510938,62.549304890516126,663000
2014-11-07,62.83500289916992,62.92521459301032,62.616981746158274,62.77485794611738,867600
2014-11-10,63.05302810668945,63.06806147805007,62.7748619827383,62.842520757469266,820500
2014-11-11,63.05302810668945,63.16579273124106,62.97784404266999,63.0981339565101,1262900
2014-11-12,62.955291748046875,63.01543670556908,62.722237207321896,62.79741553635523,1885900
2014-11-13,62.97785568237305,63.18836307049966,62.70721479768996,62.99289479225202,1086700
2014-11-14,62.99288558959961,63.10565595425782,62.85004274531662,63.0079189615425,1013200
2014-11-17,63.150760650634766,63.18835268341285,62.842522041923424,62.85756114933022,527900
2014-11-18,63.42892074584961,63.57175783819167,63.17330756590245,63.17330756590245,413000
2014-11-19,63.331214904785156,63.41391282110156,63.090640712521385,63.37632650915667,780500
2014-11-20,63.481544494628906,63.481544494628906,63.05302175726853,63.060535574322806,405300
2014-11-21,63.7522087097168,64.14313952721791,63.564259987973216,64.14313952721791,468500
2014-11-24,63.83488464355469,63.95516880150174,63.73714767100126,63.8950238546593,451000
2014-11-25,63.767242431640625,63.917599115559895,63.62439956689943,63.917599115559895,546800
2014-11-26,63.91759490966797,63.92511446409108,63.72964619926631,63.81986364512531,549700
2014-11-28,63.67702865600586,63.90256943064538,63.59433075435405,63.7672461130097,612100
2014-12-01,63.43646240234375,63.594338669946225,63.26355275790618,63.42894858179664,570300
2014-12-02,63.887516021728516,63.955174791459726,63.4665070901381,63.474026643132134,612200
2014-12-03,64.10553741455078,64.2032744053718,63.84241039260748,63.91758872234287,1376100
2014-12-04,64.06045532226562,64.21833159398393,63.72214984511796,64.0529357657816,496800
2014-12-05,64.22583770751953,64.37619439128305,64.09803395274656,64.10554777191686,543700
2014-12-08,63.872467041015625,64.27843680385479,63.67699884355881,64.09048815822948,455800
2014-12-09,63.707088470458984,63.72964139628917,63.03047201685827,63.21842071309519,723300
2014-12-10,62.65457534790039,63.55673254169884,62.609469495719146,63.55673254169884,727500
2014-12-11,62.97785568237305,63.59432726539422,62.86509103698003,62.93274982421584,738600
2014-12-12,61.91781234741211,62.79741077546829,61.87270650055951,62.57187580546688,2065900
2014-12-15,61.42163848876953,62.308756663413526,61.211136843216664,62.21854495002782,2602000
2014-12-16,61.06828308105469,62.421510034825346,61.060763528407946,61.17353387515669,1944500
2014-12-17,62.27119445800781,62.37644532151234,61.286338898441315,61.346483887798726,3448200
2014-12-18,63.82736587524414,63.85743834903474,62.88010302592302,63.233447423290144,4386900
2014-12-19,64.15816497802734,64.34611367656021,63.83489872286032,63.932629981231344,772000
2014-12-22,64.44786834716797,64.44786834716797,64.11507618989931,64.23609361815285,826000
2014-12-23,64.66718292236328,64.83357893619196,64.57641988652227,64.63692857708294,1136200
2014-12-24,64.67473602294922,64.8260019510257,64.63691665571747,64.72767967481852,424100
2014-12-26,64.7806396484375,64.96972499138657,64.76550958956261,64.81089399576055,535000
2014-12-29,64.84111785888672,64.93187508776086,64.68228116750896,64.72010052648919,646700
2014-12-30,64.58397674560547,64.72768342490166,64.5537224041523,64.68229902750909,904900
2014-12-31,63.903255462646484,64.6595965335231,63.86544187135731,64.64447225109232,758800
2015-01-02,63.91839599609375,64.30412585078271,63.509971058400694,64.22093362813587,1549200
2015-01-05,62.73850631713867,63.615864964042096,62.609929685569504,63.60073490713632,1427700
2015-01-06,62.18638229370117,63.05617593837261,61.88384462115118,62.88977992994881,1303900
2015-01-07,62.88221740722656,62.995669760257336,62.44353805306829,62.791454370716664,1463700
2015-01-08,64.03941345214844,64.10748716654497,63.419213846348235,63.419213846348235,799100
2015-01-09,63.45703887939453,64.22850449868838,63.28307783412775,64.19069089436181,802200
2015-01-12,63.02593231201172,63.60831267010616,62.79146254643876,63.600747640138735,1156000
2015-01-13,62.77635192871094,63.84279633971514,62.32254812909509,63.47218480615046,2442400
2015-01-14,62.352783203125,62.40572686720072,61.58887681823823,62.10318917087091,2158300
2015-01-15,61.906551361083984,62.670457900937194,61.83848339507545,62.6250792569315,1578900
2015-01-16,62.71585464477539,62.791487663421876,61.74773815706981,61.87631486581177,1486500
2015-01-20,62.73094177246094,63.00322506955836,62.22418877649183,62.83682908017377,1361700
2015-01-21,63.063720703125,63.169607998618226,62.39814259282118,62.64773654809442,742000
2015-01-22,63.994056701660156,64.00162173260748,62.86710944847985,63.44948988201043,832700
2015-01-23,63.46461486816406,63.91085356109317,63.434360517222316,63.91085356109317,1022800
2015-01-26,63.61586380004883,63.6309880862519,63.09398648444222,63.40408917065075,1813000
2015-01-27,62.783878326416016,63.139359578006214,62.43596210178568,62.77631329945617,1181900
2015-01-28,61.74013900756836,63.131810017454455,61.67963608834169,63.131810017454455,3483800
2015-01-29,62.322532653808594,62.38304135084672,61.248529248303214,61.82334455888452,887700
2015-01-30,61.286338806152344,62.17125680275585,61.24852520082256,61.80065115613522,1558500
2015-02-02,62.26201629638672,62.28470561237771,61.02161701185204,61.535929332543944,2556100
2015-02-03,63.237709045410156,63.237709045410156,62.57213064729786,62.57213064729786,1119600
2015-02-04,62.99567413330078,63.41165842938866,62.82171307718735,63.03348773998508,1368600
2015-02-05,63.661251068115234,63.68394038571177,63.237701751842096,63.290645416376236,585500
2015-02-06,63.608314514160156,64.10750263879335,63.43435921285632,63.82008919597037,882600
2015-02-09,63.32845687866211,63.615864483012786,63.154495848117016,63.41164910931089,720400
2015-02-10,63.910831451416016,63.98646441739178,63.320886238209475,63.714181123538694,712800
2015-02-11,63.82010269165039,63.98649876838164,63.494875569974376,63.78228907357507,844100
2015-02-12,64.4100341796875,64.42515846817975,64.06211206967173,64.17556442985716,1247400
2015-02-13,64.58397674560547,64.63692040054212,64.32682349889188,64.48565446370185,1581800
2015-02-17,64.7352523803711,64.76550672635665,64.37977679850044,64.55373207488427,757300
2015-02-18,64.64449310302734,64.65961739033666,64.42515342927129,64.62180378685021,846700
2015-02-19,64.45540618896484,64.63692648434348,64.27388589358621,64.4175868159823,910000
2015-02-20,64.81848907470703,64.82605410832505,64.00920359047545,64.33443079089169,892400
2015-02-23,64.7427978515625,64.7427978515625,64.53858829088203,64.72010854153407,995800
2015-02-24,65.05290985107422,65.12854281887651,64.69742855493534,64.76549649482973,841000
2015-02-25,64.91678619384766,65.05292788179639,64.7882095359036,65.03779782178701,708200
2015-02-26,64.75796508789062,64.8941067966556,64.54618460836771,64.8941067966556,665300
2015-02-27,64.53861236572266,64.78820640999076,64.51592304723044,64.72769771372694,639300
2015-03-02,64.8108901977539,64.8108901977539,64.45540885057306,64.53104182923515,1176500
2015-03-03,64.52349090576172,64.70501701874593,64.25877253736097,64.70501701874593,1119300
2015-03-04,64.27388000488281,64.40245662856152,63.91839870494996,64.40245662856152,817200
2015-03-05,64.35706329345703,64.42513699504977,64.16041875646648,64.41757196811173,875600
2015-03-06,63.4419059753418,64.1982472730611,63.29820505266492,64.1226142973744,715200
2015-03-09,63.71421432495117,63.850356042821026,63.49487457002594,63.56294831417508,560500
2015-03-10,62.670440673828125,63.25282093671593,62.647751358062216,63.25282093671593,1134700
2015-03-11,62.670440673828125,62.897345372339636,62.6023669561042,62.88221531487824,773200
2015-03-12,63.419219970703125,63.419219970703125,62.94272700561638,62.9956706684038,1353500
2015-03-13,63.02593231201172,63.34359432551778,62.579687870768055,63.34359432551778,986300
2015-03-16,63.865455627441406,63.865455627441406,63.29063467404472,63.328454043904294,922500
2015-03-17,63.55535125732422,63.661238565597145,63.25281361779062,63.58560559832013,761700
2015-03-18,64.34954833984375,64.56132307651148,63.18478151774245,63.38143196054625,682400
2015-03-19,63.8730354309082,64.16044888527075,63.729334474154456,64.11506447275546,636600
2015-03-20,64.43270874023438,64.60666398497351,64.06966242487701,64.22093412728651,697500
2015-03-23,64.43270874023438,64.75793568738301,64.42514371250755,64.46296308071628,691100
2015-03-24,63.96379089355469,64.43272463103736,63.925971516018706,64.28145289132028,670200
2015-03-25,63.24858474731445,64.20724413054802,63.240980531826594,64.13116134245688,654900
2015-03-26,63.073604583740234,63.37794158750137,62.75405334192654,63.04317030288957,609900
2015-03-27,63.21818923950195,63.27905782920023,62.97472068545708,63.05841354510515,818000
2015-03-30,64.0322494506836,64.1615907611209,63.628999675314724,63.63660969497109,713700
2015-03-31,63.682289123535156,63.956191916712484,63.461650689070055,63.77359198950994,734300
2015-04-01,63.27901840209961,63.46922827283196,62.96707723256574,63.46922827283196,4623700
2015-04-02,63.49966049194336,63.697480376426036,63.14967503770133,63.14967503770133,914000
2015-04-06,63.925758361816406,64.13118836143092,63.18774862118378,63.25622141789056,889800
2015-04-07,63.78120040893555,64.13879603574377,63.78120040893555,64.03227893049198,795500
2015-04-08,63.842063903808594,64.09313660063637,63.60619964259659,63.78119533286702,1032200
2015-04-09,64.17681121826172,64.27572406915252,63.65944012160408,63.842045782597204,830100
2015-04-10,64.61811828613281,64.63333252659375,64.26813270806664,64.36703978292888,893300
2015-04-13,64.35182189941406,64.72463171943954,64.3366018550683,64.58768034405828,835500
2015-04-14,64.534423828125,64.60290242034253,64.1159596666465,64.32138963855279,1552800
2015-04-15,64.87678527832031,65.08982522634878,64.68657539256797,64.78548824819602,938300
2015-04-16,64.81591796875,65.01373205660607,64.6104880559257,64.81591796875,1252300
2015-04-17,64.15400695800781,64.53442682986619,63.88010418589005,64.53442682986619,2235000
2015-04-20,64.70179748535156,64.86918311887952,64.47354329331431,64.58006036833297,772300
2015-04-21,64.4507064819336,65.02133604613944,64.32897519336994,65.02133604613944,1115200
2015-04-22,64.73982238769531,64.8083009528264,64.21484714382898,64.61809110098139,876300
2015-04-23,64.9300537109375,65.14309369143803,64.6105024473056,64.6713710131629,591900
2015-04-24,65.0517807006836,65.12786349377048,64.89200509377764,65.10503923631892,511200
2015-04-27,64.77790069580078,65.23440341899641,64.73985638355654,65.2267992003452,1145000
2015-04-28,65.21916961669922,65.21916961669922,64.51919859741504,64.82352978510707,1245600
2015-04-29,65.0441665649414,65.23437643799753,64.76265966785493,64.95286954091105,993300
2015-04-30,64.49637603759766,64.99092298225095,64.29856190353314,64.89962593721994,1177000
2015-05-01,65.11264038085938,65.12785461550473,64.73982487748953,64.76265493657391,876600
2015-05-04,65.37135314941406,65.46265601362373,65.19636324894586,65.24201177867722,1949600
2015-05-05,64.66376495361328,65.40939041918962,64.62572645118105,65.33330760957888,1430600
2015-05-06,64.42788696289062,65.0061265891087,64.03985720538623,64.96047227339115,710600
2015-05-07,64.6028823852539,64.77787221324219,64.24528690448066,64.43549677257329,1025100
2015-05-08,65.49308013916016,65.51590440048422,65.20395734973275,65.25721589440421,530000
2015-05-11,65.1659164428711,65.53872624180545,65.13548216064746,65.50829195958183,522500
2015-05-12,64.96047973632812,65.12025534783399,64.56484571803912,64.94526549917074,572800
2015-05-13,65.01374816894531,65.29526093953878,64.89962686103209,65.15069954318726,1315800
2015-05-14,65.5843734741211,65.61480775574674,65.33330080901452,65.36373509064016,1780200
2015-05-15,65.6528549194336,65.67567918046085,65.46264500454524,65.6528549194336,1087800
2015-05-18,65.82022094726562,65.90391374924096,65.58435677590593,65.59196679556119,432100
2015-05-19,65.8354721069336,65.97242351381927,65.6756964330249,65.89634068882665,420600
2015-05-20,65.79741668701172,66.04088514726564,65.73654812076175,65.89632375360844,469000
2015-05-21,65.94957733154297,66.03327015264769,65.69849886822884,65.7441531918513,398000
2015-05-22,65.69850158691406,65.8734972577597,65.68328734824068,65.81262869357462,475500
2015-05-26,65.0517807006836,65.52350330541431,64.87678505231324,65.52350330541431,676800
2015-05-27,65.56916046142578,65.65285328627441,65.09743779452855,65.2724334659609,503700
2015-05-28,65.57675170898438,65.60718598246582,65.2648047593576,65.49305890809642,540000
2015-05-29,65.25721740722656,65.56155444300995,65.11266181390772,65.56155444300995,801000
2015-06-01,65.31045532226562,65.56153373282993,65.05938271644564,65.4930609689002,821600
2015-06-02,65.20398712158203,65.41702720228707,64.90725997939299,65.18116284983651,656900
2015-06-03,65.36371612548828,65.64522299054185,65.2267648002819,65.43979890510427,977600
2015-06-04,64.77790069580078,65.30288202008663,64.6561693451639,65.18875488810096,553200
2015-06-05,64.63333129882812,64.95288838990216,64.5039899407545,64.78550272427917,1050100
2015-06-08,64.3365707397461,64.69416614722681,64.32135650750458,64.64090762726649,1092500
2015-06-09,64.42028045654297,64.61810035612353,64.21485634121515,64.37463194308009,758300
2015-06-10,65.19634246826172,65.37133231295365,64.76266415980356,64.76266415980356,630400
2015-06-11,65.40177917480469,65.51590628946154,65.25721777592294,65.31047632212997,741900
2015-06-12,64.90724182128906,65.1659303731158,64.80072471310953,65.12788606101724,2227600
2015-06-15,64.58767700195312,64.73984260906018,64.26812574418084,64.5039841766205,945500
2015-06-16,64.96807861328125,64.99090286747486,64.4963560758845,64.5952689170491,622500
2015-06-17,65.08222198486328,65.28004191198019,64.74745069354938,65.1278705046804,721900
2015-06-18,65.6756820678711,65.85067775135022,65.22678943527721,65.22678943527721,598100
2015-06-19,65.30287170410156,65.65285726342206,65.28765165970937,65.5995987175417,491600
2015-06-22,65.67025756835938,65.89987034173004,65.60902515968297,65.74679515948293,468400
2015-06-23,65.72381591796875,65.85393037010319,65.56308527013641,65.72381591796875,508900
2015-06-24,65.19571685791016,65.67790895004383,65.19571685791016,65.5707551517919,536600
2015-06-25,64.98141479492188,65.425341048022,64.96610377132832,65.41768553622524,543200
2015-06-26,65.03497314453125,65.20335931935345,64.82831526108842,65.19570380974075,938400
2015-06-29,63.741477966308594,64.68290727735175,63.71851727277358,64.53748176570474,902400
2015-06-30,63.8027229309082,64.37676374002307,63.63433669258996,64.37676374002307,1035400
2015-07-01,64.30020141601562,64.43797139082146,64.00170077717678,64.36908348369712,711200
2015-07-02,64.21603393554688,64.52983987918724,64.0629528805862,64.41503638727318,689200
2015-07-06,63.9251594543457,64.21601043259746,63.5883929355785,63.75677911468361,2390300
2015-07-07,64.39204406738281,64.43031577566059,63.159769805706674,64.06292723029956,1466800
2015-07-08,63.35877990722656,63.978741948747725,63.26693713926404,63.92516505428841,1622000
2015-07-09,63.50422668457031,64.2160375719717,63.50422668457031,63.98641889625041,2770500
2015-07-10,64.21603393554688,64.437997085656,63.9557990618363,64.1318408151798,709800
2015-07-13,64.82831573486328,64.85128226386924,64.62931919902174,64.71351228704812,1981300
2015-07-14,65.09619903564453,65.14977591869224,64.69053881892064,64.85127530750609,1052300
2015-07-15,65.05029296875,65.19571848691587,64.88190675601989,65.13448607511506,1264400
2015-07-16,65.46361541748047,65.4865761164038,65.3488060834185,65.44831023134668,470900
2015-07-17,65.26457214355469,65.37938140581309,65.10384151216958,65.37938140581309,1034400
2015-07-20,65.19571685791016,65.3334868612975,65.0732520373685,65.3334868612975,1822100
2015-07-21,64.80536651611328,65.15744411043241,64.66759651490632,65.15744411043241,1034300
2015-07-22,64.76708221435547,64.88188564983098,64.63696192174606,64.75942670550967,1125100
2015-07-23,64.42265319824219,64.91250064535333,64.32315494285598,64.87423478071658,2104600
2015-07-24,63.710872650146484,64.45329967836247,63.603718835707575,64.45329967836247,544700
2015-07-27,63.35112762451172,63.53482484868328,63.11385934259492,63.47359244062609,874300
2015-07-28,64.09353637695312,64.14711325898136,63.343460028557864,63.603688929997226,1289500
2015-07-29,64.62932586669922,64.7058634529532,64.07059039210252,64.07824590256098,1076300
2015-07-30,64.65995025634766,64.69056062317033,64.32317782685574,64.53748543127996,633100
2015-07-31,64.44561767578125,64.7670848264043,64.38439112087248,64.75942931724975,1705700
2015-08-03,64.23897552490234,64.46859411931663,63.9251638351657,64.46859411931663,2784800
2015-08-04,64.1088638305664,64.38440382005223,63.95578281449446,64.26959451785919,812200
2015-08-05,64.36141967773438,64.74411335403754,64.26957693266455,64.52215616049074,1616200
2015-08-06,64.09353637695312,64.49154107725616,63.87922884884019,64.3920369824593,1005600
2015-08-07,63.840980529785156,64.0935539919381,63.61136192116199,64.0935539919381,1051300
2015-08-10,64.71351623535156,64.71351623535156,64.10885940238107,64.26193456843599,546200
2015-08-11,64.14712524414062,64.277245558614,63.840974912174126,64.23897384739654,827800
2015-08-12,64.17008209228516,64.24662551013627,63.198042583670976,63.710850782393074,659700
2015-08-13,64.0782470703125,64.29255465150653,63.94047707676724,64.21601706385776,3011000
2015-08-14,64.36141967773438,64.38438620344391,64.01699770483836,64.06291907737327,720200
2015-08-17,64.62166595458984,64.63697113502073,63.92516053640047,64.17773980933353,669600
2015-08-18,64.48389434814453,64.63696950636887,64.37674056949889,64.5604319272567,720600
2015-08-19,63.85628890991211,64.3614416989601,63.55778820741918,64.1700947953393,963000
2015-08-20,62.66229248046875,63.48125707777832,62.64698145653137,63.37410326799535,1053700
2015-08-21,60.87894821166992,62.348491432041,60.86363718510286,62.04233513460227,3046800
2015-08-24,58.36845779418945,60.128845703662904,55.29925199971467,58.728190886837695,5743700
2015-08-25,57.39641571044922,60.51919858637392,57.38876603868608,58.850653349286674,3727200
2015-08-26,59.5241813659668,59.59306927523246,57.75613816720277,57.96279605555673,4795200
2015-08-27,60.97075653076172,61.04729409464316,59.8150200459939,60.1135206327408,2816600
2015-08-28,61.00138854980469,61.16212508231671,60.61869475503943,60.725848550418185,1461900
2015-08-31,60.6799201965332,60.955460164282805,60.3737640279844,60.764113288870206,2360900
2015-09-01,58.8353385925293,59.669608155597096,58.506221737501825,59.32518612008974,1492700
2015-09-02,59.792057037353516,59.83797840600959,59.003703225627476,59.41701306185693,1895800
2015-09-03,59.99872589111328,60.71053650245845,59.8150345254432,60.10587967437442,1890500
2015-09-04,58.98838806152344,59.417003001586195,58.68223203028978,59.40169782777278,1507300
2015-09-08,60.457942962646484,60.496214664544055,59.70021114849773,60.02167242244667,1870500
2015-09-09,59.600738525390625,61.093242110060054,59.49358472133458,61.06262590326627,1783400
2015-09-10,59.88390350341797,60.274252679625,59.42467226993779,59.50120983561083,2249800
2015-09-11,60.059974670410156,60.06763018257158,59.48593388664471,59.769123602724314,1133600
2015-09-14,59.830326080322266,60.0599446146987,59.66959544203552,60.044633598037926,1236000
2015-09-15,60.64166259765625,60.794737783091065,59.97577327818237,59.97577327818237,1117600
2015-09-16,61.17742156982422,61.269270169713565,60.702879229560494,60.733495429523614,1964600
2015-09-17,60.9631233215332,61.93516300120647,60.84831401399536,61.07793262907104,2031100
2015-09-18,59.89158630371094,60.47328257889371,59.71554456694504,60.15181531347096,1235600
2015-09-21,60.19593048095703,60.54267886883026,59.895413643764265,60.23445481356245,2031600
2015-09-22,59.47934341430664,59.633452583759514,59.09406461178648,59.39458160744117,1747800
2015-09-23,59.32522201538086,59.687384991603444,59.13258263474224,59.47933704722416,1701500
2015-09-24,59.178802490234375,59.317503038214824,58.469885312286706,58.924517172455936,2311700
2015-09-25,59.3175163269043,59.85690420161786,59.00929216468787,59.749026626675146,2082000
2015-09-28,57.97676086425781,58.98619546913977,57.87659047764948,58.93995800856846,2543600
2015-09-29,58.184791564941406,58.44677826197949,57.8303358624794,58.1385541227862,2764400
2015-09-30,59.1402702331543,59.20191622543731,58.53923650560839,58.82433893186789,2010000
2015-10-01,59.209632873535156,59.44850968567038,58.53154441976328,59.29439466511751,1839000
2015-10-02,59.98020553588867,60.003327203994765,58.29268825522493,58.49303489325891,2332400
2015-10-05,61.236209869384766,61.31326444914866,60.473359535613284,60.48106087836835,1938000
2015-10-06,61.136009216308594,61.42111751438266,60.95878434149694,61.27470975606283,1147300
2015-10-07,61.6754150390625,61.8218228263954,61.112905550009586,61.48277568894507,892900
2015-10-08,62.26872634887695,62.35348811241028,61.459644804538264,61.49816913776298,1257900
2015-10-09,62.183963775634766,62.48448061374533,61.96050736074015,62.36119451859261,1196200
2015-10-12,62.15316390991211,62.17627969173809,61.93740289546775,62.05298768348417,824100
2015-10-13,61.821815490722656,62.32267303848792,61.75246227588878,61.84493126937204,860600
2015-10-14,61.51359558105469,61.93739860255888,61.3980108010495,61.760173701585565,807000
2015-10-15,62.40744400024414,62.40744400024414,61.55983201129784,61.636886577768124,1518000
2015-10-16,62.68483352661133,62.70794930438021,62.29184766788396,62.561547418882164,1414500
2015-10-19,62.576969146728516,62.60008492936198,62.314982438367004,62.445975792547756,762900
2015-10-20,62.6000862121582,62.777317014124414,62.368922502199894,62.46138563462848,802100
2015-10-21,62.19940185546875,62.800435760158756,62.145463066044954,62.68485096028288,923100
2015-10-22,63.255043029785156,63.362926455404796,62.461369987860834,62.461369987860834,1392300
2015-10-23,63.886924743652344,64.00250366481313,63.547877564548294,63.7713399436044,1073100
2015-10-26,63.648048400878906,63.84839499720861,63.54787804215764,63.82527921280271,853600
2015-10-27,63.45540237426758,63.578694383358474,63.224238675551995,63.47851815625048,827800
2015-10-28,64.30301666259766,64.30301666259766,63.401465859671184,63.54016643542039,1287000
2015-10-29,64.0564193725586,64.21053434338523,63.87919450471424,64.0178950390157,617200
2015-10-30,63.6634407043457,64.16429820266782,63.663440704345696,64.06412787878043,830400
2015-11-02,64.48023223876953,64.5572867895742,63.76361374640378,63.82525973860168,1643000
2015-11-03,64.61894989013672,64.84241226185344,64.23367115522242,64.30301850564126,823600
2015-11-04,64.41860961914062,64.77306538455525,64.24138467587707,64.75765682035788,816900
2015-11-05,64.33383178710938,64.54958690543234,64.05643066958385,64.40318500593379,1260400
2015-11-06,64.38005828857422,64.43399705899142,63.879194918194415,64.34923529420938,658800
2015-11-09,63.77132797241211,64.23366120692725,63.46310385644001,64.23366120692725,849400
2015-11-10,63.940860748291016,64.01020809796715,63.56328335932019,63.671160933629885,766200
2015-11-11,63.7327995300293,64.10266965528399,63.70968374949204,64.10266965528399,570800
2015-11-12,62.746498107910156,63.41688525623019,62.746498107910156,63.386062250445526,1687400
2015-11-13,62.29956817626953,62.754200125284555,62.237922169812116,62.53844498157034,1052400
2015-11-16,63.30128860473633,63.30128860473632,62.222507119761985,62.222507119761985,1398000
2015-11-17,63.170318603515625,63.68659081701838,63.00849632392742,63.39377514813335,1034300
2015-11-18,64.094970703125,64.16431805368192,63.30129744824308,63.30129744824308,873800
2015-11-19,64.04102325439453,64.17972381563752,63.894615473391895,64.08725481518013,808100
2015-11-20,64.08724212646484,64.44169773970975,63.97165736849944,64.30299720592826,700200
2015-11-23,63.97166061401367,64.26447613289962,63.85608172906953,64.09495259646782,1707200
2015-11-24,64.1489028930664,64.31071923994291,63.54786906784327,63.70197819471051,1456400
2015-11-25,64.07184600830078,64.18743078870673,63.98708422792883,64.11807756890872,756500
2015-11-27,64.15662384033203,64.24908698468168,63.95627722942842,64.07186203875311,446800
2015-11-30,64.01020050048828,64.2798944042521,63.971670280427944,64.21054706280691,650200
2015-12-01,64.69601440429688,64.71913019132242,64.14891922210343,64.24908959217676,1583400
2015-12-02,63.93316650390625,64.74224847544586,63.840697473349685,64.69601689961162,1075100
2015-12-03,63.07011032104492,64.13348309838327,62.86976378810091,64.11806866106471,1467500
2015-12-04,64.30301666259766,64.41860145553646,63.20111927716971,63.2473567216773,1299900
2015-12-07,63.886924743652344,64.148911470133,63.54017034350853,64.148911470133,2609200
2015-12-08,63.24732971191406,63.671132599855675,63.01616022475735,63.30897569234042,1143300
2015-12-09,62.98536682128906,63.940862330079256,62.59238673896217,63.093244398267466,1988700
2015-12-10,63.12407684326172,63.617233234311584,62.90061443499101,63.039315037404286,1332300
2015-12-11,61.95280075073242,62.62318175976609,61.86803898747081,62.3766036881555,2013400
2015-12-14,62.25334167480469,62.29957324396504,61.44425394117522,62.01447072895992,2850200
2015-12-15,63.10865783691406,63.37064455430092,62.75420210692112,62.75420210692112,2951300
2015-12-16,64.03331756591797,64.1334937885306,63.10094383483256,63.54786852940166,3888900
2015-12-17,63.11634826660156,64.14118495896487,63.10093382915784,64.14118495896487,1668200
2015-12-18,62.006752014160156,62.92371715845219,62.006752014160156,62.92371715845219,2174900
2015-12-21,62.478694915771484,62.57184456407242,62.01295851858599,62.447645033004505,2359200
2015-12-22,63.1695556640625,63.27046929098056,62.432139995248946,62.820254751921595,1870800
2015-12-23,64.07774353027344,64.10102946625095,63.47227958405456,63.58871518610284,1343500
2015-12-24,63.961273193359375,64.16309439916446,63.85260160303914,64.00784504002304,881900
2015-12-28,63.7361946105957,63.743958562569496,63.36360190393578,63.69738077288691,1458900
2015-12-29,64.32612609863281,64.42703377859769,64.11654086511226,64.20192656437474,1154300
2015-12-30,63.875911712646484,64.27179032565755,63.806047994039936,64.2407404420724,1233000
2015-12-31,63.27821350097656,63.85262747934507,63.27821350097656,63.61975630734055,2106200
2016-01-04,62.50973892211914,62.50973892211915,61.74127364289703,62.377781374384256,2336200
2016-01-05,62.71158218383789,62.789203949613835,62.24584566702111,62.61067448054528,2090400
2016-01-06,61.81889724731445,62.16819804236951,61.46959645225939,61.78008341579312,1664200
2016-01-07,60.37511444091797,61.353165024160774,60.19658501704262,60.70889327920625,2119200
2016-01-08,59.66099166870117,60.856385645561154,59.52903409310137,60.856385645561154,2065700
2016-01-11,59.6221809387207,60.03358159125208,58.99343699218486,59.97924576775097,2621900
2016-01-12,59.98701477050781,60.289743801523244,59.24183516168822,60.196600051771476,2165100
2016-01-13,58.737281799316406,60.47604005315222,58.55875233997984,60.31302665509946,1751200
2016-01-14,59.69203186035156,60.07238254325489,58.58978772172434,59.01671026559072,2322500
2016-01-15,58.40351867675781,58.63638994647989,57.697152757015694,58.2172252142776,2630400
2016-01-19,58.4112548828125,59.032240692290955,57.90670465288121,59.032240692290955,4245300
2016-01-20,57.518592834472656,58.038665070275286,56.26110509549674,57.48754295025401,4773300
2016-01-21,57.78250503540039,58.450062638413655,57.23914102807201,57.64278353890555,4305500
2016-01-22,58.80714416503906,58.87700197215927,58.33364373179988,58.73728043575819,2505800
2016-01-25,57.78250503540039,58.644119943425444,57.74369120553445,58.574256234098534,2000100
2016-01-26,58.77610397338867,58.84596179203378,58.061974190484335,58.061974190484335,2106200
2016-01-27,58.473358154296875,59.474694722987955,58.13957929806651,58.628601654895206,2143600
2016-01-28,58.721778869628906,59.040029971874695,58.18617847350861,58.95464422982182,2075900
2016-01-29,60.266448974609375,60.27421292666385,59.14867676517408,59.1719686213375,1536800
2016-02-01,60.1655387878418,60.42168997339913,59.61441665806696,59.89385969882039,1708000
2016-02-02,58.9779052734375,59.47469155548626,58.807133878578306,59.47469155548626,1469500
2016-02-03,59.45915222167969,59.59110975700707,58.05417934307508,59.34271666373733,4674200
2016-02-04,59.653221130371094,60.02581380393012,59.21853461301859,59.296156359380156,1819800
2016-02-05,58.99341583251953,59.60663757617447,58.75278668934602,59.54453782240115,3474300
2016-02-08,58.356929779052734,58.558751092497985,57.666086048349285,58.372451762166676,4209000
2016-02-09,58.28705596923828,58.70622050675071,57.64279014361995,57.743697821810855,2751300
2016-02-10,58.13958740234375,59.008960602335236,58.09300960794366,58.582037955099636,2234500
2016-02-11,57.1848258972168,57.6195184446933,56.67251750626095,57.23140369432995,2486700
2016-02-12,58.465606689453125,58.4811286739641,57.62727739399149,57.79804883441825,1977300
2016-02-16,59.366004943847656,59.381526920299464,58.75278323623396,59.17194766633034,1852400
2016-02-17,60.25090789794922,60.37510148066026,59.785165676847335,59.79292962644126,2777000
2016-02-18,60.1655387878418,60.39064601079095,60.01805331573305,60.33631019298667,1113100
2016-02-19,60.04133224487305,60.08791002767192,59.637695634291674,59.90161074079502,1149600
2016-02-22,60.879676818847656,60.93401264419171,60.56918385024127,60.56918385024127,1352300
2016-02-23,60.103450775146484,60.64680905947565,60.01806505587174,60.63905102838605,1172000
2016-02-24,60.289730072021484,60.35182983915504,59.13315003941798,59.529028652194654,1002000
2016-02-25,61.00385665893555,61.019384561043175,60.21210539407109,60.437212597355945,1418100
2016-02-26,60.85638427734375,61.40750642377595,60.82533439163713,61.360934556296094,1013300
2016-02-29,60.32854080200195,61.1823918285827,60.32854080200196,60.902948813024,1121800
2016-03-01,61.6558837890625,61.671405766858506,60.63902546190285,60.82531880624812,1149100
2016-03-02,62.16044998168945,62.16044998168945,61.45407840541199,61.54722806270489,3086100
2016-03-03,62.486473083496094,62.49423703649414,61.86548713119325,62.14493021751343,1355900
2016-03-04,62.727073669433594,62.998758600794424,62.26910132851467,62.52525836097351,1725100
2016-03-07,62.952213287353516,63.068648900525204,62.307941360343285,62.43990488042389,1129900
2016-03-08,62.22254943847656,62.680521926323046,62.16820769704378,62.59513622144317,1002900
2016-03-09,62.57187271118164,62.80474397560817,62.34676540147927,62.58739469846768,1043700
2016-03-10,62.57187271118164,63.02208733058639,61.943128588257174,62.76593012414966,1668600
2016-03-11,63.56543731689453,63.596487209525165,63.09970077175788,63.10746472545591,876500
2016-03-14,63.40241622924805,63.54990170708354,63.161787015651356,63.332552505266946,1078100
2016-03-15,63.22386932373047,63.23163327434664,62.859046554998294,62.936668294682605,921100
2016-03-16,63.54213333129883,63.658568915054374,63.01429715081217,63.06863296694345,1865200
2016-03-17,64.05445861816406,64.22523006339846,63.36361480583319,63.56543614312487,1256200
2016-03-18,64.3416519165039,64.48913739169107,64.11654468885615,64.29508004945957,2005900
2016-03-21,64.3853988647461,64.45571132505385,64.10413710210774,64.19007852739745,2363100
2016-03-22,64.29165649414062,64.5182288484563,64.00258018814374,64.143211099074,1121700
2016-03-23,63.838523864746094,64.21354168508758,63.79164887246817,64.21354168508758,1310600
2016-03-24,63.799434661865234,63.799434661865234,63.32285258571379,63.41660252810204,811900
2016-03-28,63.822906494140625,63.98697494231783,63.611957088836675,63.94790847149664,913600
2016-03-29,64.2369613647461,64.2369613647461,63.47130292589881,63.66662328715834,795800
2016-03-30,64.47914123535156,64.74477996249837,64.36976233614493,64.57289713211566,781700
2016-03-31,64.36978149414062,64.60416832545855,64.27602556947251,64.47916042590106,960500
2016-04-01,64.65886688232422,64.7213648801854,63.79164382950363,63.87758528235652,904700
2016-04-04,64.3775863647461,64.63541064855481,64.26039296658723,64.59634419560058,782400
2016-04-05,63.775997161865234,64.08069642444308,63.67443272790726,64.01819844392489,1115900
2016-04-06,64.33072662353516,64.34635559414752,63.604140429116754,63.78383186621836,775900
2016-04-07,63.57286834716797,64.06507347312024,63.30722957710363,63.916628102769465,691100
2016-04-08,63.80726623535156,64.21353600148768,63.63538333127131,63.99477810927847,576800
2016-04-11,63.75255584716797,64.34633133172714,63.73693284315221,64.03381760508002,862700
2016-04-12,64.40104675292969,64.50261122174113,63.72132957046731,63.82289999998472,714000
2016-04-13,65.12763214111328,65.15106963449648,64.64323542194074,64.7682433342583,813900
2016-04-14,65.14324188232422,65.27606425228653,64.95573601274182,65.08855242200002,744600
2016-04-15,65.06511688232422,65.22137674557686,64.9401149524264,65.16668728361451,703100
2016-04-18,65.54169464111328,65.57294661166917,64.82291720043973,64.84635468818067,684200
2016-04-19,66.05735778808594,66.08860380483155,65.72921500520488,65.72921500520488,1025900
2016-04-20,66.16673278808594,66.4323656395397,65.95578344303279,66.07297686131733,1302800
2016-04-21,65.7136001586914,66.21361993859838,65.61203568989048,66.16674494695272,706300
2016-04-22,65.89326477050781,65.91670821749106,65.58856552746438,65.69013591561455,795000
2016-04-25,65.69015502929688,65.79171948629543,65.36201820449666,65.69015502929688,860600
2016-04-26,65.9557876586914,65.99485412085153,65.72921529171421,65.81515673990229,838800
2016-04-27,66.354248046875,66.48706449134903,65.90110327792226,65.97923024757137,617000
2016-04-28,65.72138977050781,66.32297379153313,65.5651299229856,65.90889562683076,705500
2016-04-29,65.34639739990234,65.60422177761825,64.92450458928704,65.47140532632436,1099600
2016-05-02,65.76825714111328,65.83856959384185,65.33074154003856,65.52606185633306,800500
2016-05-03,65.10418701171875,65.29950738127698,64.83073968647815,65.29950738127698,1146400
2016-05-04,64.64323425292969,65.00262305328546,64.47916584150892,64.76042767843174,1245200
2016-05-05,64.64323425292969,65.01043753784032,64.47135135695405,64.81511714890533,608100
2016-05-06,64.81512451171875,64.84637649278312,64.29166724047896,64.36979421278691,2009800
2016-05-09,64.70572662353516,64.91666998310896,64.50259178641302,64.76041608421757,820100
2016-05-10,65.51045227050781,65.5182667544679,64.90886814108626,64.90886814108626,764900
2016-05-11,65.11200714111328,65.59640388981586,65.07294663666181,65.37764599062943,867900
2016-05-12,65.14324188232422,65.40888066154473,64.80729063727436,65.33856223501125,687600
2016-05-13,64.47914123535156,65.21354752491294,64.35413933370239,65.0260416920877,1127200
2016-05-16,65.08853912353516,65.24479895018126,64.47132621986455,64.47132621986455,724000
2016-05-17,64.56511688232422,65.04169917899073,64.34635896792767,64.94794323251816,1322000
2016-05-18,64.61976623535156,65.04165879144523,64.22131116114603,64.43226041954408,2761100
2016-05-19,64.45572662353516,64.57292004590077,63.95570691809989,64.37759966219309,2590100
2016-05-20,64.79165649414062,64.9947912950136,64.63540262313255,64.7135295586366,4359300
2016-05-23,64.61976623535156,64.83071549374961,64.5728912715753,64.72133064376762,845500
2016-05-24,65.35420227050781,65.5026417104129,64.9088720293823,64.9088720293823,1001900
2016-05-25,65.94014739990234,66.11203025131289,65.59638169708126,65.59638169708126,646800
2016-05-26,65.85421752929688,66.06516090895698,65.7682760885119,65.95578197717697,604000
2016-05-27,66.143310546875,66.143310546875,65.90892365626459,65.95579865010417,497000
2016-05-31,66.04173278808594,66.35424662067092,65.79953739916773,66.26049068268375,674500
2016-06-01,66.1979751586914,66.26828762303724,65.65888908922402,65.79951997861968,743500
2016-06-02,66.37767791748047,66.39330688603854,65.90109570844437,66.00266612195684,721700
2016-06-03,66.16673278808594,66.30736369788642,65.76827755020044,66.15110381993874,854300
2016-06-06,66.6198501586914,66.76829550493969,66.29952794290132,66.29952794290132,934700
2016-06-07,66.80738067626953,66.99488656149684,66.70581026954692,66.70581026954692,601300
2016-06-08,67.01051330566406,67.08083174198654,66.83863637836401,66.85425938604405,504300
2016-06-09,66.86986541748047,66.94018383595122,66.57298066129053,66.71361153752859,695800
2016-06-10,66.31517791748047,66.58081675245647,66.11204899975776,66.40893385230235,717800
2016-06-13,65.79171752929688,66.37767868216989,65.74484254449266,66.08860236756537,1019100
2016-06-14,65.54339599609375,65.8105643647928,65.19764305291963,65.6219745754075,710000
2016-06-15,65.45696258544922,65.91272077712968,65.38623766224045,65.67698502181119,857100
2016-06-16,65.7398452758789,65.77913156785588,64.81260365393192,65.19764288820951,905800
2016-06-17,65.73199462890625,65.84200585377843,65.39410129675254,65.77128092626796,1124400
2016-06-20,66.07775115966797,66.59638071905209,66.03060519796504,66.45493683878033,787100
2016-06-21,66.31348419189453,66.48636068883503,66.03059646874864,66.24276525868915,722600
2016-06-22,66.23489379882812,66.66707896900722,66.19560151282951,66.3684779789656,2173500
2016-06-23,67.17786407470703,67.17786407470703,66.69852685267334,66.83211705852392,683000
2016-06-24,64.69475555419922,65.92845826545688,64.58474430569191,64.97764333469325,1932000
2016-06-27,63.47676086425781,64.19969357839724,63.20173276596161,64.19969357839724,1649700
2016-06-28,64.55327606201172,64.55327606201172,63.89320293984309,64.23109615823844,1770800
2016-06-29,65.70842742919922,65.77914636776588,65.0404943685355,65.08764632274259,980700
2016-06-30,66.78495025634766,66.79280991262956,65.71626481813269,65.91271425905218,903100
2016-07-01,66.80852508544922,66.97354789614646,66.69851387509195,66.69851387509195,2305200
2016-07-05,66.19561767578125,66.47850541759266,66.0070278462945,66.47850541759266,814400
2016-07-06,66.61993408203125,66.65136671229808,65.69269247222381,65.96772049310712,988700
2016-07-07,66.45491790771484,66.9735473193566,66.17988988419025,66.69851330067073,738000
2016-07-08,67.43718719482422,67.51576579937422,66.8949846316517,66.94999025435303,701300
2016-07-11,67.66504669189453,67.85363647871156,67.54717582694843,67.61004108760785,863100
2016-07-12,68.21510314941406,68.34869332791767,67.95579443914987,67.95579443914987,763100
2016-07-13,68.36441040039062,68.40370268948998,68.08152270532781,68.32511811129129,1171900
2016-07-14,68.7337417602539,68.93805088840503,68.60015755903136,68.82803366927591,1363700
2016-07-15,68.69445037841797,68.98519775713373,68.46656826999137,68.90661916685335,1056500
2016-07-18,68.78876495361328,68.83591092017409,68.59231543272513,68.7023266848094,700800
2016-07-19,68.71803283691406,68.7337521542362,68.49015669220987,68.67874653393467,788100
2016-07-20,68.95375061035156,69.07162146854674,68.74158786172896,68.94589095442898,631300
2016-07-21,68.71015930175781,69.04805258450595,68.60014809297108,68.93018171933126,569100
2016-07-22,69.055908203125,69.07948717295729,68.70230159273915,68.74159388063154,557000
2016-07-25,68.82017517089844,68.9616190196541,68.59229308150533,68.9616190196541,675600
2016-07-26,68.88304901123047,68.9852005832636,68.60016127850227,68.7887511019336,636900
2016-07-27,68.6316146850586,68.91450252810874,68.40373847359044,68.88307587458293,689800
2016-07-28,68.59229278564453,68.70230400140646,68.27797245696975,68.49799488849361,571700
2016-07-29,68.66300201416016,68.77301321438408,68.33296841348837,68.39583366937656,808300
2016-08-01,68.38798522949219,68.71801888429074,68.25440103519206,68.69444590825681,656200
2016-08-02,68.01081085205078,68.38799048791896,67.72792312756853,68.3172715543795,1261800
2016-08-03,68.26225280761719,68.27796612477091,67.89292690531326,67.9950784547152,760300
2016-08-04,68.30155944824219,68.4351436669135,68.21512119024008,68.27012680940844,821400
2016-08-05,69.00090026855469,69.00090026855469,68.6315743574112,68.6315743574112,503500
2016-08-08,69.04019927978516,69.18164313197532,68.9616206941599,69.07163191306762,631100
2016-08-09,69.04019927978516,69.20521610814671,68.89875542759499,69.09520488923901,736800
2016-08-10,68.81232452392578,69.11092557921324,68.68659997254879,69.06377962184219,811200
2016-08-11,69.16593170166016,69.2445162914047,68.93019591791398,68.98520153363766,589900
2016-08-12,69.08735656738281,69.15022184426212,68.93019937034732,69.01663762726568,1146700
2016-08-15,69.29165649414062,69.40166771645109,69.22879122563123,69.22879122563123,809100
2016-08-16,68.97732543945312,69.16591522054468,68.96946578331901,69.12662893019618,626100
2016-08-17,69.11878204345703,69.18164731382198,68.702310118823,68.93019222752433,587800
2016-08-18,69.33096313476562,69.3781090983242,69.0952213266463,69.11093464944474,819600
2016-08-19,69.21308898925781,69.26809460922115,68.93020123082836,69.19736967203232,517200
2016-08-22,69.15807342529297,69.22879235715044,68.8830453650216,69.12664079052452,661100
2016-08-23,69.26809692382812,69.49597906990897,69.25237760607737,69.33881586821711,613300
2016-08-24,69.055908203125,69.28379028354574,68.91446435993838,69.24450399081478,517700
2016-08-25,69.01663208007812,69.15807594410667,68.91447451456943,68.9380534878761,577300
2016-08-26,68.83587646484375,69.47237667063675,68.56084847229646,69.08733148590993,797600
2016-08-29,69.307373046875,69.38595763375871,68.8909011151053,68.9144740931055,579100
2016-08-30,69.27595520019531,69.40953942259516,69.0873593619288,69.3152415034619,1001300
2016-08-31,69.12663269042969,69.23664390164738,68.76516642569135,69.18163829603854,619100
2016-09-01,69.04019927978516,69.22092942720704,68.60015440415434,69.12663752252146,851500
2016-09-02,69.4095230102539,69.5038149119282,69.16592160888491,69.2995117948595,637500
2016-09-06,69.5038070678711,69.5273860357902,69.1502004861766,69.49595340705899,1676100
2016-09-07,69.52740478515625,69.58241040147892,69.31523598279553,69.44096653162596,798500
2016-09-08,69.55880737304688,69.62167262572264,69.34664463921676,69.44094251823041,825800
2016-09-09,67.96363067626953,69.13447338113951,67.94791736261827,69.071608136215,1338800
2016-09-12,68.85161590576172,68.98520011331713,67.55504813878379,67.65719971012105,1183800
2016-09-13,67.70331573486328,68.30435141085368,67.48978712397837,68.2727173191083,1837000
2016-09-14,67.45023345947266,68.04335896717089,67.27624901184096,67.68748004240115,1278400
2016-09-15,68.09082794189453,68.23317834870547,67.29208365736721,67.39489597170021,1405200
2016-09-16,67.78240966796875,67.89312599142902,67.55306698834758,67.89312599142902,746600
2016-09-19,67.90101623535156,68.32806737292057,67.77447988336725,68.06709067214194,1555800
2016-09-20,67.81405639648438,68.2648318069892,67.8061463623104,68.20947363494784,1026200
2016-09-21,68.5811538696289,68.63651203122936,67.89312583237724,68.02756622003731,1084000
2016-09-22,68.92912292480469,69.08728737697031,68.77095243905197,68.88166876228532,1309000
2016-09-23,68.58903503417969,68.85791569633187,68.541580891647,68.7788335035568,928300
2016-09-26,67.98011016845703,68.41507141147359,67.94057207682869,68.32016913111005,861200
2016-09-27,68.3755111694336,68.45459336763618,67.81401971853482,67.90101194663315,1305900
2016-09-28,68.9053726196289,68.95282676823192,68.12244855391054,68.50995557158737,822500
2016-09-29,68.24899291992188,69.01609701499225,68.0196502810957,68.84211856163527,1177200
2016-09-30,68.80257415771484,69.04773082454079,68.47832924544801,68.5495074596276,1058400
2016-10-03,68.60487365722656,68.68395587835616,68.39925505542021,68.64441778458472,1374400
2016-10-04,68.24107360839844,68.70766282030601,68.02754502761158,68.66812473638693,1708100
2016-10-05,68.66813659667969,68.85002508801053,68.4387939494304,68.4387939494304,1018300
2016-10-06,68.7314224243164,68.76305049159872,68.34390921384835,68.59697598722147,942600
2016-10-07,68.494140625,68.8341995230943,68.17780578409608,68.73929726074755,992400
2016-10-10,68.8342056274414,69.03982419730139,68.49414669919004,68.49414669919004,923400
2016-10-11,68.0196533203125,68.69977123588606,67.7507665465901,68.69977123588606,787800
2016-10-12,68.06710815429688,68.23318263374134,67.82985545018369,68.07501818672382,1176100
2016-10-13,67.83775329589844,67.99592374808834,67.22881364732834,67.60841066541245,908800
2016-10-14,67.86150360107422,68.39136727885527,67.86150360107422,68.18574862827737,1732400
2016-10-17,67.6874771118164,68.01963196727085,67.61630495009472,67.86937158107918,852700
2016-10-18,68.06710815429688,68.26481672986222,67.90894370727935,68.26481672986222,738600
2016-10-19,68.23318481445312,68.39135530011264,68.00384213543717,68.12246849128502,817400
2016-10-20,68.09082794189453,68.3043565689042,67.85358128626731,68.07501391162066,1149100
2016-10-21,67.96430969238281,68.05130195833466,67.6875128278519,67.76660109405366,752400
2016-10-24,68.19364166259766,68.38344019773099,68.05129125285099,68.28062788127767,761200
2016-10-25,68.15408325195312,68.40714992362194,68.08290504520403,68.1857173401099,819900
2016-10-26,68.29643249511719,68.46250692998703,67.9168294771395,67.94846356476975,916500
2016-10-27,68.22525024414062,68.58112918369014,68.11453396079231,68.58112918369014,1177800
2016-10-28,67.98802947998047,68.43089478161804,67.70332863361712,68.16201400093443,1341700
2016-10-31,68.0512924194336,68.28853908402064,68.0117482918757,68.10665057786258,1144200
2016-11-01,67.64795684814453,68.22526242386762,67.20509163569,68.14618021215588,1239300
2016-11-02,67.24463653564453,67.57678547862723,67.07065203210503,67.49770325890563,1422500
2016-11-03,67.04690551757812,67.48186663077162,66.95200929912471,67.33160624010758,942800
2016-11-04,66.944091796875,67.37114283299823,66.8887336644285,67.08644214224941,2857800
2016-11-07,68.39923858642578,68.42296264369378,67.82193308095378,67.82193308095378,818200
2016-11-08,68.62858581542969,68.85792844043291,68.09872838882859,68.21735471673864,851900
2016-11-09,69.79902648925781,70.1153613683061,68.20944809639005,68.20944809639005,2074800
2016-11-10,70.51077270507812,70.77965340849775,69.88601302917397,70.24979599863991,1774400
2016-11-11,70.37635803222656,70.4554402727745,69.9493066929619,70.32890989461545,2913800
2016-11-14,70.86664581298828,70.99317613443297,70.55822098958409,70.58985507834164,2454300
2016-11-15,71.3807144165039,71.38861841629678,70.7401344516108,70.91411898445615,3323500
2016-11-16,70.99319458007812,71.23835732325158,70.83503012878118,71.16717909665701,1014800
2016-11-17,71.26998138427734,71.33324353573556,70.99318458310451,71.00900464615871,1126300
2016-11-18,71.16715240478516,71.37277094122179,71.06434615335924,71.33322682643539,762600
2016-11-21,71.6258544921875,71.6337645237285,71.3174296315369,71.38860181464725,1403800
2016-11-22,71.83147430419922,71.89474249043555,71.51513940660388,71.76029608628676,1111200
2016-11-23,71.91847229003906,71.95801038440165,71.60213736720429,71.69703965413076,1648200
2016-11-25,72.29015350341797,72.29015350341797,72.01335672038967,72.09244496330393,744900
2016-11-28,71.92637634277344,72.20317317145347,71.86311418502842,72.13990498012164,1146400
2016-11-29,71.97384643554688,72.1241008812375,71.7682277849951,71.94221233287828,947800
2016-11-30,72.13199615478516,72.47205514690037,72.13199615478516,72.3850628907602,1316200
2016-12-01,72.32969665527344,72.55903930189287,72.20316631820637,72.35342071637437,1185900
2016-12-02,72.2426986694336,72.45622726955044,72.13198237070107,72.36923503003406,983700
2016-12-05,72.63810729980469,72.76464364569192,72.37713061160109,72.57483912686108,1054200
2016-12-06,72.93864440917969,72.95445843915813,72.4799591031817,72.74883984792,1226300
2016-12-07,73.911376953125,73.95882508294449,72.8358417642436,72.92283402463747,1721600
2016-12-08,74.0537109375,74.33841172039263,73.78483021676023,73.93508460569709,1244900
2016-12-09,74.48867797851562,74.51240204001762,74.03790270921859,74.0932608639187,1298800
2016-12-12,74.52820587158203,74.82872669904849,74.40167554969,74.49657178271265,1690300
2016-12-13,74.91573333740234,75.07389777857048,74.5677643265284,74.75756286264752,1339100
2016-12-14,74.2118911743164,75.05808970585429,74.03000265589374,74.76547882952099,3478500
2016-12-15,74.58357238769531,74.8999072782995,74.24351343617342,74.31469165251279,2057300
2016-12-16,74.49659729003906,74.94737265199683,74.39379099120222,74.78920818708053,1232800
2016-12-19,74.69428253173828,74.74173668324474,74.43331184958838,74.55193214439029,3004200
2016-12-20,74.9394302368164,75.0422364829527,74.78916984866109,74.86034804489736,1142000
2016-12-21,74.78919219970703,74.97899072375166,74.77337817003094,74.95526666244437,2937100
2016-12-22,74.74537658691406,74.84098147408005,74.59400370179853,74.729445478181,1232400
2016-12-23,74.80115509033203,74.80115509033203,74.6497821839569,74.72148737896603,810800
2016-12-27,74.89674377441406,75.00827976182825,74.8330071878187,74.87284407400466,1518800
2016-12-28,74.27531433105469,75.04013500239738,74.24344604330028,75.03216641089519,1183100
2016-12-29,74.24346923828125,74.45060405601593,74.0681966400009,74.3709363508675,1171100
2016-12-30,74.1000747680664,74.37094621715704,73.82123472392689,74.37094621715704,1410500
2017-01-03,74.593994140625,74.78520389044847,74.16378132090489,74.593994140625,1952000
2017-01-04,75.00032043457031,75.05608843516704,74.7374115410759,74.77724843218337,1733400
2017-01-05,74.7214584350586,74.90469349239727,74.4426185141599,74.90469349239727,1528500
2017-01-06,74.79316711425781,75.00030797273756,74.49839605076318,74.72943660863382,1409700
2017-01-09,74.38687133789062,74.70554214905555,74.34703444736695,74.68961103979974,1149200
2017-01-10,74.37889862060547,74.76130600410535,74.21956322385648,74.39482972897807,1189200
2017-01-11,74.6497802734375,74.6497802734375,74.17973653362824,74.39483995663696,1417000
2017-01-12,74.42668914794922,74.62586140926031,73.91680864525321,74.53822512802303,1212700
2017-01-13,74.53026580810547,74.76926888496887,74.37889293797994,74.50636002998935,1284700
2017-01-17,74.13192749023438,74.35499947866455,73.96461742065593,74.3231311834237,2078100
2017-01-18,74.25938415527344,74.25938415527344,73.97257561667446,74.25141556301931,1083300
2017-01-19,73.94072723388672,74.37094015761672,73.75749211049187,74.2833038539908,1395100
2017-01-20,74.28328704833984,74.47449680113213,74.07615226686437,74.1717510650053,1046800
2017-01-23,74.02835083007812,74.29922828885768,73.75747944955414,74.15582400556393,7898300
2017-01-24,74.57012939453125,74.72947092740523,73.98854951475066,74.06821724205867,2207400
2017-01-25,75.1277847290039,75.16761553713954,74.81707646557078,74.93657496823316,1664100
2017-01-26,75.09590911865234,75.2154136879264,74.95250485117447,75.11980881685618,1653700
2017-01-27,74.9764175415039,75.14372153617654,74.91268094974598,75.14372153617654,1190700
2017-01-30,74.50637817382812,74.72148768146963,74.14787043210136,74.67368827010786,1802200
2017-01-31,74.46653747558594,74.4824685845069,74.08412400066682,74.39483228980161,1896000
2017-02-01,74.25142669677734,74.753344753714,74.09209129733274,74.64977127364473,1456000
2017-02-02,74.27531433105469,74.32311372355912,73.97256863651498,74.12394148378483,1234500
2017-02-03,74.95252227783203,75.00829027935882,74.53027796937837,74.74538138147987,1345400
2017-02-06,74.78520202636719,74.97640569316962,74.65772886299558,74.80910172493562,1202400
2017-02-07,74.64181518554688,74.9843917942809,74.56214140070833,74.93658630772649,1044000
2017-02-08,74.64181518554688,74.66571488969588,74.36296909512474,74.55417888482958,1923700
2017-02-09,75.11982727050781,75.26323157321386,74.64181495423979,74.64181495423979,1654100
2017-02-10,75.41458892822266,75.53408742397055,75.22337917851578,75.29508435421964,1362900
2017-02-13,75.92447662353516,76.03601261562636,75.57393146081671,75.62173086363988,1076000
2017-02-14,76.28300476074219,76.28300476074219,75.75718687563726,75.85279178518107,1372500
2017-02-15,76.62557983398438,76.72914725848398,76.16349856481904,76.21926657466608,2014200
2017-02-16,76.6415023803711,76.73710727724824,76.33876265764495,76.649470974675,1583700
2017-02-17,76.62557983398438,76.63354842917887,76.2113040577288,76.33080259436018,1303800
2017-02-21,77.09561920166016,77.18325550900545,76.72118034457931,76.72118034457931,1667800
2017-02-22,77.03984069824219,77.11154588459881,76.84863699838458,76.89643640378497,2519200
2017-02-23,77.20713806152344,77.27883715781878,76.88846122872678,77.24696886671363,1022700
2017-02-24,77.21512603759766,77.2310632275331,76.84864968642376,76.84864968642376,1116700
2017-02-27,77.2947769165039,77.38241320728923,77.09560463349284,77.18324092427817,2818100
2017-02-28,77.13544464111328,77.25494923140438,76.95220345889946,77.11154493870625,2719800
2017-03-01,78.26673126220703,78.47387211895023,77.76481934444043,77.78075045114906,1503900
2017-03-02,77.693115234375,78.26673233583699,77.66125302052063,78.20300182987305,1285700
2017-03-03,77.717041015625,77.80467732191912,77.55769951406442,77.69313523169832,1591600
2017-03-06,77.4541244506836,77.58159156109207,77.23901496437604,77.40632504406244,1788300
2017-03-07,77.18326568603516,77.43024352941762,77.11953515450007,77.37447551541338,1388100
2017-03-08,76.99205017089844,77.40633199299334,76.92831357084434,77.31869568748314,1489800
2017-03-09,77.05580139160156,77.21513684371256,76.73712440912169,77.04783279551864,1208400
2017-03-10,77.302734375,77.50190662932216,76.96812644651992,77.47003833924005,1360500
2017-03-13,77.239013671875,77.3585182646843,77.11951515732177,77.27885056223013,1725700
2017-03-14,76.94422149658203,77.06372605666934,76.68131268004083,77.06372605666934,1060500
2017-03-15,77.59751892089844,77.74888571544653,77.01593320822344,77.16730608102695,1283700
2017-03-16,77.48597717285156,77.7329488284268,77.34257290355677,77.70108053766629,2285600
2017-03-17,77.28680419921875,77.59751243344027,77.28680419921875,77.59751243344027,799700
2017-03-20,77.05580139160156,77.28684205194301,76.97613366554607,77.27090485977719,857800
2017-03-21,75.96432495117188,77.3027632431775,75.91652553732574,77.3027632431775,1499400
2017-03-22,76.05194854736328,76.21129003063947,75.70937195613955,75.9244814389984,1255500
2017-03-23,76.0280532836914,76.50606560491885,75.85278068098151,75.94041698233646,1688200
2017-03-24,75.87418365478516,76.33096715065403,75.58568817170945,76.14664821435336,1545900
2017-03-27,75.69786834716797,75.81006033815893,75.06478147571615,75.24108492270335,1586800
2017-03-28,76.33094787597656,76.49923584627457,75.53758855485614,75.59368454495548,1578600
2017-03-29,76.29890441894531,76.41911187820152,76.0665049614514,76.25883934186348,2012500
2017-03-30,76.6755599975586,76.75569627449924,76.19473622190873,76.32295304221255,1010400
2017-03-31,76.42713165283203,76.69959620278591,76.41110072989021,76.5954196596869,1315900
2017-04-03,76.26685333251953,76.48322799515614,75.74595838669724,76.4752125336496,1715800
2017-04-04,76.37102508544922,76.38704989216848,76.01040273721492,76.15465045370767,1031700
2017-04-05,76.05850219726562,77.06823026879643,76.0344558121289,76.6915830503975,1863800
2017-04-06,76.29890441894531,76.53931933745773,75.92225723314502,76.15465669063893,1140400
2017-04-07,76.20276641845703,76.49927744966782,76.05050928481491,76.23482216080477,1122200
2017-04-10,76.21077728271484,76.53934403644216,76.0264644178495,76.25084848673288,1008900
2017-04-11,76.21077728271484,76.21077728271484,75.61776137009345,76.09056978466809,1498900
2017-04-12,75.89021301269531,76.15466824036557,75.7299404520501,76.13864342990355,1833100
2017-04-13,75.25712585449219,75.94630269910961,75.24911039292519,75.72191868727987,1158900
2017-04-17,75.86617279052734,75.87418825276683,75.26514151669808,75.39336445650467,1857800
2017-04-18,75.53760528564453,75.7379490252311,75.26513462052381,75.56966101765907,1196100
2017-04-19,75.27315521240234,75.81809046577908,75.17698800980429,75.72993872523239,1093800
2017-04-20,75.91422271728516,76.08251065884699,75.37729705915554,75.53757565635965,1175400
2017-04-21,75.61773681640625,75.91424773344114,75.48951389638944,75.85815173443511,918100
2017-04-24,76.52330017089844,76.6114519136278,76.33097187494633,76.44316389041892,785400
2017-04-25,76.92398834228516,77.07625155629712,76.76371577996143,76.8358365988052,1359700
2017-04-26,76.85987091064453,77.26055836750994,76.78774398912596,76.85987091064453,1100200
2017-04-27,76.70761108398438,76.9319950914268,76.48322707654195,76.90795482120163,1465900
2017-04-28,76.40309143066406,76.78775413021829,76.3550108859721,76.7717293199897,984500
2017-05-01,76.41111755371094,76.62749226302587,76.29091006120342,76.57940559761863,1056200
2017-05-02,76.3630142211914,76.53130221489432,76.21075103517225,76.50726194636607,1457000
2017-05-03,76.40309143066406,76.47521836170819,76.13864232085211,76.24281887235341,1106400
2017-05-04,76.40309143066406,76.61145064767285,76.11460204850613,76.57939491320948,891200
2017-05-05,76.7236557006836,76.7236557006836,76.40310441557754,76.52331191174322,973000
2017-05-08,76.65152740478516,76.77974423793367,76.53933538302772,76.7316636897538,1207700
2017-05-09,76.41111755371094,76.74769364152634,76.29091006120342,76.70762855336186,2470200
2017-05-10,76.6034164428711,76.63547216949134,76.36300766422633,76.38704793069034,846700
2017-05-11,76.41111755371094,76.53132504621846,76.02646091449536,76.45920421911816,1511200
2017-05-12,76.1065673828125,76.22677482821726,75.99437539750262,76.22677482821726,789500
2017-05-15,76.5473403930664,76.5793961280383,76.29090062729759,76.29090062729759,868800
2017-05-16,76.44315338134766,76.64349711200724,76.32294592015083,76.61945684256897,921200
2017-05-17,75.10485076904297,75.96232160083956,75.08881984844594,75.81807388549038,2419900
2017-05-18,75.22509002685547,75.6017312240831,74.84042725193254,74.96063475122142,1536300
2017-05-19,75.81808471679688,76.05849964805925,75.34527031571571,75.42541270214029,1748500
2017-05-22,76.1386489868164,76.19474499853698,75.90624947711497,76.01042603773696,1451200
2017-05-23,76.41111755371094,76.49125384404692,76.13865294376716,76.25886043627466,3712800
2017-05-24,76.48323059082031,76.53131113347986,76.27487138261901,76.51528632392865,814300
2017-05-25,76.6835708618164,76.84384340608838,76.55534793519429,76.65151513016087,1419100
2017-05-26,76.69961547851562,76.75571149489832,76.56338316930153,76.63550399864761,829400
2017-05-30,76.55535125732422,76.65953391822711,76.43514378690098,76.53131098604075,960300
2017-05-31,76.45118713378906,76.62749063719177,76.21878761694066,76.62749063719177,1729200
2017-06-01,77.14836120605469,77.14836120605469,76.53130520503512,76.65952812753582,2407500
2017-06-02,77.16439056396484,77.28459802287082,76.97206229811847,77.11631002600458,1310500
2017-06-05,77.14836120605469,77.3166553203382,77.10829612827732,77.19644785899517,692900
2017-06-06,76.99607849121094,77.17238189394406,76.81977508847781,76.90792678984437,786300
2017-06-07,77.10027313232422,77.18040939405293,76.86787369350756,77.12431339944234,806200
2017-06-08,77.1804428100586,77.46092901855553,77.03619503089153,77.08428169995223,3279500
2017-06-09,77.79747772216797,77.82151799122464,77.27658280792042,77.32466334603376,1994100
2017-06-12,77.94974517822266,78.13406412221212,77.70132087954683,77.83755316501382,1531600
2017-06-13,78.20616912841797,78.23021550982095,77.94972941949723,78.04589660309436,2060000
2017-06-14,78.1180191040039,78.23021108819025,77.86157940957733,78.23021108819025,1167800
2017-06-15,78.00584411621094,78.03789985176182,77.71735472426576,77.74139499742732,1138600
2017-06-16,78.1180191040039,78.1180191040039,77.74137196537637,78.0138364658276,711900
2017-06-19,78.53472137451172,78.59081735950478,78.31033743453943,78.32636223853582,967500
2017-06-20,78.02989959716797,78.3985314279548,78.02989959716797,78.35846022534459,944800
2017-06-21,77.71735382080078,78.11804133951927,77.60515569067378,78.08598560434103,810900
2017-06-22,77.65322875976562,77.90966848230374,77.63719783797903,77.77343621714402,637000
2017-06-23,77.66694641113281,77.84426918936552,77.54604395785103,77.74754599686925,1540800
2017-06-26,77.8845443725586,78.1344110134142,77.77976555500787,77.92484722896023,732500
2017-06-27,77.46542358398438,78.03768848330424,77.46542358398438,77.84424829957631,1102800
2017-06-28,78.06995391845703,78.19891203142909,77.88456932870123,77.88456932870123,4784600
2017-06-29,77.64275360107422,78.40039695400714,77.28810810649723,78.3601002428481,1817000
2017-06-30,77.82813262939453,78.08605495043676,77.69111274151184,78.00545537811479,1522400
2017-07-03,78.33592224121094,78.66638233516267,78.12635843202617,78.12635843202617,705700
2017-07-05,78.32787322998047,78.48101674816446,78.03770980044989,78.46489314132707,1104100
2017-07-06,77.60244750976562,78.16665678668068,77.54602719700941,78.12635392784642,1075300
2017-07-07,77.97322082519531,78.02158549210647,77.63469890358573,77.79589806167971,869300
2017-07-10,77.92486572265625,78.05382382491221,77.81202507717454,77.89262465975376,857400
2017-07-11,77.74755096435547,77.94099121235317,77.40096718912585,77.90875629548239,637100
2017-07-12,78.19889068603516,78.30367565791168,78.0618708067304,78.0618708067304,773400
2017-07-13,78.34396362304688,78.36814902494797,78.11828240012036,78.27142586539998,707300
2017-07-14,78.6099624633789,78.76310595742011,78.1424763284608,78.27144056541198,1090800
2017-07-17,78.6019058227539,78.72280826549657,78.48100952936493,78.55354730539831,708400
2017-07-18,78.48101043701172,78.48906609042835,78.19890268423164,78.46488683147092,752900
2017-07-19,78.81954193115234,78.81954193115234,78.5132610315809,78.56161955536732,1094900
2017-07-20,78.88400268554688,78.99684331003932,78.7147417488082,78.9404229977931,744000
2017-07-21,78.73893737792969,78.83565441940536,78.48101501840438,78.65833164422781,895000
2017-07-24,78.6180191040039,78.72279792763271,78.49711667713812,78.72279792763271,727400
2017-07-25,78.9887924194336,79.14999157687464,78.85982817399781,79.03715093679517,990300
2017-07-26,78.82759857177734,79.1580587115972,78.73893718440648,79.1580587115972,1957900
2017-07-27,78.95655822753906,79.01297855248754,78.62609808122777,78.9484964241595,1099000
2017-07-28,78.88400268554688,78.94847865000482,78.6825006919028,78.82758237330064,693600
2017-07-31,79.02909851074219,79.19835947777342,78.9565545823837,79.06133342406382,874500
2017-08-01,79.22252655029297,79.29506431813873,79.0452038075327,79.28700866572451,843400
2017-08-02,79.2144775390625,79.22253934213141,78.93237592519057,79.10163689351373,816700
2017-08-03,79.18221282958984,79.27087418880853,79.10967507169391,79.19833643091259,1011300
2017-08-04,79.37567901611328,79.48045785352743,79.31925869606663,79.39179647211789,815900
2017-08-07,79.39178466796875,79.41596392305748,79.25476478956412,79.39984646944924,716700
2017-08-08,79.24669647216797,79.722244330772,79.11773840584719,79.28699932690387,1068800
2017-08-09,79.2144775390625,79.23060114520032,78.93237592519057,79.09357509044483,800400
2017-08-10,78.30366516113281,78.94846776225769,78.2875415602273,78.94846776225769,891500
2017-08-11,78.21503448486328,78.44877759486549,78.1102556352848,78.303695876566,1730800
2017-08-14,78.900146484375,79.03716640995975,78.60998302469265,78.65834155152142,829200
2017-08-15,78.89205932617188,79.06938206669673,78.78728050193125,79.06938206669673,733000
2017-08-16,78.91625213623047,79.16611266713215,78.81146715280448,79.02103097030297,1322900
2017-08-17,77.77169036865234,78.81950296123169,77.76363471824048,78.73084161188952,1459400
2017-08-18,77.60244750976562,78.0699336150902,77.4654276286938,77.57020645256881,1173000
2017-08-21,77.66694641113281,77.73142853946365,77.39290044040384,77.57828502201646,1178100
2017-08-22,78.34396362304688,78.42456933067959,77.86036012401121,77.90872477846126,1037700
2017-08-23,78.14249420166016,78.36818166794525,78.02159788855793,78.0538328058154,728500
2017-08-24,78.06188201904297,78.37622468111715,78.01352350160192,78.29562510226417,990000
2017-08-25,78.31173706054688,78.56965936412848,78.27949600393008,78.27949600393008,886700
2017-08-28,78.1747055053711,78.46486884505399,78.0054445821148,78.45680704413158,702100
2017-08-29,78.18279266357422,78.25533044734519,77.69918899037144,77.72336825162843,1067700
2017-08-30,78.35203552246094,78.46487614846819,78.06187215577,78.15859532778461,1951000
2017-08-31,78.65831756591797,78.79534359907369,78.45681556643645,78.56966234355087,791100
2017-09-01,78.89205932617188,79.04520281105296,78.72279838731258,78.7953423035968,938700
2017-09-05,78.1182861328125,78.67443356542134,77.87648744641696,78.65830996338352,2769300
2017-09-06,78.38427734375,78.50517977260839,78.2875541707927,78.43263585555216,1214500
2017-09-07,78.13440704345703,78.48099068310283,77.97320177539376,78.48099068310283,1128500
2017-09-08,78.15056610107422,78.28758603985999,77.95712582576752,78.02966362299924,908300
2017-09-11,79.10164642333984,79.13388749014575,78.60191911188029,78.60191911188029,712800
2017-09-12,79.47239685058594,79.48852045610649,79.22253630920123,79.22253630920123,1058500
2017-09-13,79.62554168701172,79.62554168701172,79.31119901699884,79.40791605432351,1633300
2017-09-14,79.7142105102539,79.75450722978199,79.54494952978533,79.56912879137306,1467300
2017-09-15,79.90763092041016,79.93181017599696,79.60135010072253,79.69806712306973,2704500
2017-09-18,80.26227569580078,80.26227569580078,79.98822978640015,80.01240904177463,754200
2017-09-19,80.40735626220703,80.45571477228528,80.23809532758044,80.28645383765867,634900
2017-09-20,80.5524673461914,80.58470841446358,80.27035953614867,80.49604701405386,1299900
2017-09-21,80.42349243164062,80.60081520899709,80.38319571364865,80.47185095297269,1012600
2017-09-22,80.48434448242188,80.54114907543016,80.28958676228439,80.36261858562233,1032900
2017-09-25,80.59796905517578,80.68723431712108,80.27336866548718,80.45189918937778,970700
2017-09-26,80.54113006591797,80.71154380472134,80.51678613055103,80.67097264285474,981500
2017-09-27,80.76837921142578,80.89822183791996,80.42755160373434,80.89822183791996,1104100
2017-09-28,80.85762023925781,80.898197595687,80.6141684831534,80.71155042384224,1927900
2017-09-29,81.00371551513672,81.0280594601517,80.71157579248246,80.80084105169556,1118600
2017-10-02,81.51494598388672,81.51494598388672,80.98747740278681,81.06862593901475,913100
2017-10-03,81.70159912109375,81.72594306460593,81.4743807266642,81.57175650071292,977000
2017-10-04,81.79896545410156,81.89634120954118,81.62854549961078,81.64477891967452,1183100
2017-10-05,82.18037414550781,82.23717874016975,81.79897540491275,81.8557799995747,758100
2017-10-06,82.05054473876953,82.1316932821891,81.86389751679123,82.09112210609781,1092800
2017-10-09,81.8314208984375,82.16413791016319,81.71781172156429,82.13167726088002,684000
2017-10-10,82.10733032226562,82.180362137058,81.92879985334795,82.05052573590415,1017400
2017-10-11,82.09109497070312,82.09109497070312,81.9450251643368,82.05051761678777,1360100
2017-10-12,81.90447998046875,82.05866655642579,81.80709800756365,81.99374524115574,1259100
2017-10-13,81.92069244384766,82.09922293303363,81.81519996898153,81.96126980638493,680800
2017-10-16,82.05867767333984,82.16417018151726,81.92071831189155,82.05056096002212,1900100
2017-10-17,82.16414642333984,82.1884903650156,81.83142937714074,82.13168577069337,923300
2017-10-18,82.37515258789062,82.44006771378194,82.29400403709829,82.38326310910355,909700
2017-10-19,82.57801055908203,82.57801055908203,82.11545710163561,82.12356762122785,678000
2017-10-20,83.16229248046875,83.16229248046875,82.7727708347494,82.91884067798959,939400
2017-10-23,82.96752166748047,83.3083554008757,82.95129443790736,83.25966132968438,1113700
2017-10-24,83.1054916381836,83.21910083347439,82.98376573144724,83.14606281293786,1055600
2017-10-25,82.63480377197266,83.06489651810895,82.23716548220831,83.06489651810895,1327700
2017-10-26,82.83767700195312,83.09735598789636,82.83767700195312,82.95128617135109,1618000
2017-10-27,83.04058074951172,83.16230667152296,82.78901219302513,82.95943219858341,1360100
2017-10-30,82.5293197631836,82.95941877687078,82.46440464768588,82.95941877687078,1125100
2017-10-31,82.48873138427734,82.66726184494019,82.4562707376809,82.66726184494019,1004600
2017-11-01,82.73219299316406,83.04867661981872,82.63481722572355,82.82145824080887,1053000
2017-11-02,82.91883087158203,82.94317481070361,82.34266827784025,82.73218368625699,977100
2017-11-03,82.94318389892578,82.97564455172324,82.69162157879104,82.87015207355884,2018300
2017-11-06,82.87016296386719,82.96753874381966,82.78900822559042,82.92696756591856,896800
2017-11-07,82.7808837890625,83.08113398175945,82.59423659013403,83.02432938925708,787300
2017-11-08,82.78900909423828,82.81335923071917,82.48064213575786,82.66728936802058,757800
2017-11-09,82.5049819946289,82.5699033062211,81.96127994032757,82.40760621847764,2808000
2017-11-10,82.41571044921875,82.4644045248152,82.23717995158376,82.40759992931648,746800
2017-11-13,82.49686431884766,82.5536689137547,82.1641472692232,82.22906857518454,652200
2017-11-14,82.30209350585938,82.30209350585938,81.91257808519721,82.23717220533702,3562100
2017-11-15,81.9612808227539,82.17227199208165,81.69348505298068,81.92070345476264,1874500
2017-11-16,82.55365753173828,82.68349393452336,82.25340117649209,82.33454970213721,1582100
2017-11-17,82.38324737548828,82.50497327404825,82.29398832052978,82.32644278165849,2921400
2017-11-20,82.56990051269531,82.63482182209108,82.31833817783277,82.44817460538746,811800
2017-11-21,82.89449310302734,82.99998557748549,82.77276720712256,82.853915740647,723200
2017-11-22,82.80523681640625,82.96753390101195,82.77277616123773,82.93507324584343,1236100
2017-11-24,82.87826538085938,83.0486791703504,82.86203814953309,83.01622470769783,404400
2017-11-27,82.89449310302734,83.05679017007623,82.853915740647,82.93506427417144,2100400
2017-11-28,84.11174011230469,84.13608405336363,83.04056336705732,83.06490730811626,899700
2017-11-29,84.7284927368164,84.89078982887821,84.25782250210506,84.25782250210506,1606500
2017-11-30,85.39390563964844,85.86456960000311,84.97192336883045,85.1017659725394,2230200
2017-12-01,85.33711242675781,85.58867476594082,84.11986571524729,85.3939170256455,1439500
2017-12-04,85.63738250732422,86.36773194180168,85.61303855804803,86.0755921680107,2253100
2017-12-05,85.15047454833984,85.85647994731404,85.09366994322038,85.29654441739528,2898400
2017-12-06,85.06119537353516,85.30464717922608,85.01250748889161,85.17480456519449,2096400
2017-12-07,85.2234878540039,85.37767440204247,84.90700423841461,84.963808831181,941800
2017-12-08,85.7996597290039,85.81588695984044,85.38579414345278,85.5318639859275,855800
2017-12-11,86.03499603271484,86.05934616792013,85.74286251385882,85.84835500146691,1094900
2017-12-12,86.3514633178711,86.50564365313461,86.10801155931864,86.14047220654133,1375400
2017-12-13,86.19729614257812,86.53000701664197,86.16483548806805,86.3595932238917,1085500
2017-12-14,85.67794036865234,86.4245168688526,85.653596424921,86.2865637268837,1005700
2017-12-15,86.36772155761719,86.57871274470682,85.9863165548451,86.01066050119437,1086500
2017-12-18,86.8546142578125,87.13052674740874,86.78969294364428,86.8546142578125,1604200
2017-12-19,86.6030502319336,87.18732966568898,86.57870628739998,87.05748703986015,2000100
2017-12-20,86.63549041748047,87.01689530168487,86.53810847111902,86.95197400411057,1042200
2017-12-21,86.91063690185547,87.13924691607467,86.73102409130506,86.91063690185547,1128900
2017-12-22,86.9024887084961,87.04944919449078,86.67388489227922,87.04944919449078,1115400
2017-12-26,86.83716583251953,87.07393583485798,86.75552250767541,86.87799060943479,863300
2017-12-27,86.86164855957031,86.97595044745415,86.74734667168649,86.94329187534653,1041600
2017-12-28,87.09024810791016,87.13923907818639,86.87797674299297,87.0330971667424,903200
2017-12-29,86.80449676513672,87.33518765596106,86.70652104977378,87.30252908417341,872600
2018-01-02,87.07392883300781,87.15557215128678,86.81266647712357,87.09025500506924,1926000
2018-01-03,87.40866088867188,87.45765185867035,87.0249304734417,87.13923858411452,1236700
2018-01-04,87.91485595703125,88.09447497238853,87.57195032534108,87.60460889440469,1502000
2018-01-05,88.34758758544922,88.3965723336945,87.93936473944179,88.2087933127634,1328400
2018-01-08,88.43739318847656,88.48637793454981,88.11081368035427,88.34758366801829,1421400
2018-01-09,88.6415023803711,88.91093093499192,88.51087431778836,88.5761852345868,1652500
2018-01-10,88.592529296875,88.75581595384314,88.27411595549643,88.51088596839092,1480200
2018-01-11,89.20486450195312,89.2211906762196,88.69866589387759,88.82930020395646,2853300
2018-01-12,89.84984588623047,89.90699683232432,89.40079828907453,89.49060780850571,2119900
2018-01-16,89.56407928466797,90.5111591648314,89.3028169434135,90.31521396613694,1998600
2018-01-17,90.35603332519531,90.52748615422587,89.62123103721751,89.89065958097363,1822800
2018-01-18,90.2009048461914,90.48665953573928,90.05394440171177,90.39685002916923,1584300
2018-01-19,90.48668670654297,90.49484667941952,90.11112239765282,90.33972621793491,1368000
2018-01-22,91.20513916015625,91.22147156073409,90.3560349706948,90.3560349706948,1177800
2018-01-23,91.17249298095703,91.27863491218353,90.91123059707009,91.16433300854466,1445200
2018-01-24,91.35211944580078,91.78483472023608,90.92757037342665,91.45009518357347,1654100
2018-01-25,91.4664077758789,91.6868515958846,91.19697920875468,91.67868539503614,1876700
2018-01-26,92.47062683105469,92.4869530016709,91.71133220320154,91.77664934363706,2419000
2018-01-29,91.98075103759766,92.6339036861304,91.96441863971813,92.3644751819806,2862300
2018-01-30,90.86223602294922,91.58070594371327,90.79691887679269,91.22963406935433,2137900
2018-01-31,90.89491271972656,91.34395417386956,90.44586503659643,91.21332608449625,3766400
2018-02-01,91.00919342041016,91.36843148317925,90.57647824243048,90.62546298590419,2320200
2018-02-02,88.9517593383789,90.73977747123828,88.92726696324164,90.42136413648068,2724200
2018-02-05,85.15526580810547,88.88642139170216,84.58375023637568,88.16794538484008,4751100
2018-02-06,86.5024185180664,86.66571139374919,83.28562672944425,83.64485859797378,5054100
2018-02-07,86.2901611328125,87.68628274438983,85.9962401378502,86.21667776957827,3149700
2018-02-08,83.13865661621094,86.486082317258,83.09783184477715,86.37178043202607,2811800
2018-02-09,84.40414428710938,85.03281089033212,81.71803750285221,84.15921434333549,3424800
2018-02-12,85.47370910644531,86.01256007211656,84.4939704513361,85.00833526968917,1744400
2018-02-13,85.72679901123047,85.89008566060969,84.79605140599888,85.00016283221609,2613700
2018-02-14,86.80449676513672,86.88614008011301,85.26958126503133,85.3267322084133,1337900
2018-02-15,87.71076202392578,87.71076202392578,86.47792726966442,87.36785632400769,1448000
2018-02-16,87.8169174194336,88.5190613790294,87.35970971699457,87.44135305971757,1225700
2018-02-20,87.03311920166016,87.66178594265594,86.74736442347435,87.35969876058122,3367800
2018-02-21,86.47792053222656,87.9638513450901,86.46976056071166,87.13107953460025,1577700
2018-02-22,86.54324340820312,87.47399099936867,86.32280581197394,86.8126719816948,1146100
2018-02-23,87.8658676147461,87.8658676147461,86.77182739742737,86.96777257478861,1226300
2018-02-26,88.9435806274414,88.98439916774173,88.05365173469512,88.27409552246077,1137000
2018-02-27,87.96385192871094,89.4497827514333,87.95569195714191,89.04155992948776,1701200
2018-02-28,86.86164855957031,88.55985693525261,86.82898998746269,88.38840410342685,1194600
2018-03-01,85.7022933959961,87.46581260698191,85.22058726547257,86.8861369935614,1988100
2018-03-02,86.09418487548828,86.26564393069954,84.86951649188825,85.13894503123679,1853400
2018-03-05,87.09024810791016,87.34335047221205,85.55533266727198,85.65330837883904,1501700
2018-03-06,87.20455169677734,87.54746357947991,86.70651938728977,87.41682929483406,1383500
2018-03-07,87.0657730102539,87.1800749152658,86.24932727217652,86.3799615801825,2502000
2018-03-08,87.31885528564453,87.39233862943844,86.78000442342696,87.27803674263515,1030800
2018-03-09,88.796630859375,88.81295703166185,87.71075664721263,87.88220948666154,1112300
2018-03-12,88.51087188720703,89.0578889529108,88.36391142772095,88.82928517792926,920200
2018-03-13,87.96385192871094,89.0578923305977,87.77607291884812,88.85378091962492,1415900
2018-03-14,87.34335327148438,88.44555358875031,87.16373424234752,88.3720702454736,1481700
2018-03-15,87.3270263671875,87.77607396829075,87.1555735273988,87.5066454076288,1139100
2018-03-16,87.539306640625,87.96385565266787,87.41683854305946,87.41683854305946,763400
2018-03-19,86.54324340820312,87.38418147487144,86.02071866330269,87.38418147487144,1243300
2018-03-20,86.5024185180664,86.91064136379391,86.35545804444504,86.68203756682432,967400
2018-03-21,86.45342254638672,87.26170193187943,86.33095446277014,86.4860811172835,1059200
2018-03-22,84.30455017089844,85.99606486672316,84.18959365215875,85.77435853439633,1736900
2018-03-23,82.49807739257812,84.56730079819992,82.41596649622151,84.48518990184331,2068600
2018-03-26,84.77257537841797,84.8711122061082,83.22886933256069,83.82828447319626,1910600
2018-03-27,83.70513153076172,85.42127253696289,83.2452992098295,85.11746157749464,2461300
2018-03-28,83.70513153076172,84.4851944854604,83.4095272761125,83.95146423319596,2319200
2018-03-29,84.72331237792969,85.1502927800976,83.91861059177609,84.15673656661073,1367900
2018-04-02,82.85935974121094,84.64119159527046,81.93970155944207,84.46875686081232,2128500
2018-04-03,84.01716613769531,84.14854860741949,82.85117490986758,83.29458134819522,1557300
2018-04-04,84.99427795410156,85.15028676029121,82.60481167064752,82.87578323643989,1554500
2018-04-05,85.56906127929688,85.85645251951223,85.14208090307108,85.33914828712459,933900
2018-04-06,83.79544830322266,85.3720000180378,83.14676159183672,84.98607192578771,1646000
2018-04-09,84.10748291015625,85.3802238532198,84.0089460661921,84.32097627308171,945300
2018-04-10,85.4212875366211,85.72510481409869,84.82187221724854,85.216007116216,1149900
2018-04-11,84.8711166381836,85.38842091508795,84.71510155235826,84.90396224912891,866300
2018-04-12,85.66763305664062,86.01250268560825,85.33918310610214,85.34739607764759,1200000
2018-04-13,85.36378479003906,86.20953887722848,84.986069676569,86.19311920475565,1284900
2018-04-16,86.1192398071289,86.43127005586867,85.66762664054119,85.94680500555964,1138100
2018-04-17,86.66117858886719,86.89109164559278,86.47231785532205,86.76792214672952,1145100
2018-04-18,86.63654327392578,86.99783252422773,86.62833030367824,86.88287599940519,1053200
2018-04-19,86.48871612548828,86.77610735444854,86.09457510815783,86.51334876444788,1172900
2018-04-20,85.99605560302734,86.6940076100934,85.65117981929869,86.61189671479029,1002900
2018-04-23,86.10282135009766,86.3327344221148,85.71689315149975,86.20956491505952,768500
2018-04-24,85.38021087646484,86.75148219041554,84.83005474544088,86.57904743818158,2061900
2018-04-25,85.47055053710938,85.63477862781909,84.60016358266176,85.28169606361959,1478900
2018-04-26,85.88929748535156,86.20953433129098,85.3966258965724,85.61832591889232,1343700
2018-04-27,86.0124740600586,86.17669584834282,85.6922371876426,85.98784141828193,674100
2018-04-30,85.07640075683594,86.40661986776621,85.05176811370649,86.25881774432952,913100
2018-05-01,84.9203872680664,84.96144585049765,84.09105903196436,84.87112198087702,1053900
2018-05-02,84.0664291381836,84.87113108163953,83.94326590700327,84.72332893956235,1014000
2018-05-03,83.74618530273438,84.0089439486887,82.6623051050903,83.80366356076625,1187200
2018-05-04,84.64942932128906,84.92040097388474,83.22889235100473,83.40132714865804,912200
2018-05-07,84.81365203857422,85.18315425803732,84.60837163561456,84.92860856305877,819100
2018-05-08,84.78902435302734,84.95324617913835,84.25529402117493,84.75617873487293,896500
2018-05-09,85.51158905029297,85.66760413367406,84.82185002522635,85.06818270646744,1215000
2018-05-10,86.3163070678711,86.44768326962738,85.70867255768329,85.8072094074961,759000
2018-05-11,86.58727264404297,86.72686808110254,86.23419009554794,86.41483785496318,716100
2018-05-14,86.7432861328125,87.0471033829273,86.58727102266427,86.84182298101045,833600
2018-05-15,86.34092712402344,86.4969359493187,86.06174255592792,86.45588363304516,2052100
2018-05-16,86.68579864501953,86.84181373856332,86.31629646675906,86.39840736585472,994700
2018-05-17,86.65296936035156,87.0060519311878,86.39021067493817,86.60370406454318,816500
2018-05-18,86.3163070678711,86.62833102862047,86.27524848095055,86.57906573604446,641500
2018-05-21,87.03067779541016,87.20311258196013,86.80897771689183,86.80897771689183,867300
2018-05-22,86.92393493652344,87.37555433204808,86.83361105741851,87.18669360355756,816400
2018-05-23,86.89108276367188,86.90750243833347,86.29166127162874,86.51336759985222,2847900
2018-05-24,86.64474487304688,86.82539261988163,86.0042710540221,86.71043610183413,1368600
2018-05-25,86.34916687011719,86.521601687122,86.12746048778111,86.40664514245212,1326100
2018-05-29,85.12565612792969,85.89751226760242,84.65761716900583,85.73329048942746,2073600
2018-05-30,86.34916687011719,86.52980839412568,85.60194306510117,85.60194306510117,2929100
2018-05-31,85.59371185302734,86.25882459363517,85.42127707276917,86.25882459363517,1314900
2018-06-01,86.40663146972656,86.50516205547422,86.01249033275339,86.12744685923289,968800
2018-06-04,86.64474487304688,86.94034913792913,86.53800132476287,86.71043610183413,747000
2018-06-05,86.63654327392578,86.74328682850079,86.2916674347974,86.65296294976011,1039000
2018-06-06,87.4166030883789,87.42481605832455,86.66117273455264,86.8253945455025,1813000
2018-06-07,87.63829803466797,87.80251982427531,87.35911347474385,87.58081978183944,884900
2018-06-08,87.93390655517578,87.95033249490346,87.44944783243686,87.58903699681989,1726000
2018-06-11,88.03243255615234,88.27877150444111,87.95853463046151,87.99138024121066,3246300
2018-06-12,87.92570495605469,88.18846362501262,87.6793659631175,88.15561800831027,3956400
2018-06-13,87.54798889160156,88.04887357818201,87.50693030496615,88.0078149915466,1153800
2018-06-14,87.47406768798828,87.92568699456254,87.35911118534383,87.85999577457727,4413500
2018-06-15,87.42481994628906,87.52335053137665,86.71865485141102,87.2934374799579,1609500
2018-06-18,87.10459899902344,87.14565132878938,86.67761216975636,86.87468590541592,1398000
2018-06-19,86.89928436279297,86.99781492719066,86.35734119996768,86.39018680965341,1011800
2018-06-20,86.86643981933594,87.22773526565412,86.71042473757862,87.12919843538747,3330800
2018-06-21,86.39020538330078,86.78434651960926,86.20955762352027,86.78434651960926,1685000
2018-06-22,86.6611557006836,87.00809617768711,86.61985056196824,86.8511442133039,1216900
2018-06-25,85.92594909667969,86.46288429979342,85.36423333534626,86.37201805146903,3494800
2018-06-26,85.88465881347656,86.18203814626175,85.71944457177429,86.09117188889522,1064300
2018-06-27,85.36422729492188,86.58678726623671,85.3311907544855,86.06637667361287,1303600
2018-06-28,85.72770690917969,85.95900054541819,85.04208198584492,85.28163790974304,1057400
2018-06-29,85.76901245117188,86.61158303035441,85.74423189035458,86.09117234635453,1032500
2018-07-02,85.89290618896484,85.9342050155112,85.1659762562375,85.24032422766544,1005300
2018-07-03,85.7772445678711,86.37200307110191,85.6450795128627,86.23157573069386,561600
2018-07-05,86.38027954101562,86.39679781225018,85.80204551363224,86.18202877480964,990500
2018-07-06,86.8924560546875,87.08244458196305,86.22334930910542,86.36378301020278,720000
2018-07-09,87.71849822998047,87.8093644897279,87.15678239803235,87.20634352070219,1252400
2018-07-10,88.10672760009766,88.16455099998714,87.87542769826183,87.92499511407989,965200
2018-07-11,87.36328887939453,87.75153445039088,87.2558980520168,87.67718646972332,3427600
2018-07-12,87.88371276855469,88.07370759017815,87.55329055397627,87.84240762837756,1272400
2018-07-13,87.93327331542969,88.0737070097387,87.65241853137067,87.77632764880592,2878400
2018-07-16,88.015869140625,88.0406496995865,87.75153267457152,87.93325887438203,1014400
2018-07-17,88.28021240234375,88.41237749440509,87.83414339986363,87.92500965790286,1993300
2018-07-18,88.60237884521484,88.66020225894168,88.23891378620075,88.26369434890091,4684500
2018-07-19,88.1728286743164,88.42890919591737,87.9828401574906,88.40412233077188,1497700
2018-07-20,88.09849548339844,88.26370345329362,88.00762920927207,88.18936175752481,771600
2018-07-23,88.37934112548828,88.45368911582538,88.05718120601281,88.06544349433459,4205700
2018-07-24,88.80886840820312,88.94929576115182,88.55278795616272,88.61061135456968,910300
2018-07-25,89.42841339111328,89.46971221995628,88.58583661355554,88.75930682016374,1850900
2018-07-26,89.70928192138672,89.97361841531941,89.57711682555995,89.57711682555995,1268300
2018-07-27,89.46971893310547,89.78362282771177,89.13930306845683,89.60189032078783,2375300
2018-07-30,89.41189575195312,89.71753736003008,89.30451122589949,89.49449971832351,4134000
2018-07-31,89.75883483886719,89.91578047090151,89.54405950279934,89.70926742144961,1286500
2018-08-01,89.32929992675781,89.77536894854555,89.18061025282857,89.67624039849963,1128900
2018-08-02,89.52755737304688,89.59364307798512,88.76759067309615,88.80889581425248,875400
2018-08-03,90.14707946777344,90.14707946777344,89.54406485659568,89.55232714370563,900800
2018-08-06,90.40319061279297,90.56013630744364,90.00668262664887,90.15537233366783,1279000
2018-08-07,90.7005386352539,90.85748427558548,90.53532440559113,90.5931478104035,924900
2018-08-08,90.65099334716797,90.76664018502724,90.49404766851896,90.67577391209782,816400
2018-08-09,90.45272827148438,90.74184532057212,90.4114231349237,90.71706475954733,824600
2018-08-10,89.85797119140625,90.10578941060739,89.58537241074082,89.97361801309235,1793700
2018-08-13,89.34580993652344,89.96534909317629,89.24668140263883,89.93230624854809,835600
2018-08-14,89.93233489990234,90.03971945244676,89.56060750611586,89.56060750611586,1730100
2018-08-15,89.39539337158203,89.5358207696036,88.92454374706045,89.5193024943045,2297200
2018-08-16,90.33709716796875,90.54361028214164,89.89929037428705,89.89929037428705,1384300
2018-08-17,90.77487182617188,90.97312258095609,90.22968067494583,90.22968067494583,1468700
2018-08-20,91.0392074584961,91.13833598614717,90.84921899167878,90.89051781815837,746900
2018-08-21,91.1548843383789,91.45226371719275,90.92359066647478,91.17966490290007,784900
2018-08-22,90.92357635498047,91.13008942985799,90.84923467311845,91.03096088509638,966100
2018-08-23,90.73356628417969,91.02268958217681,90.62618177213476,90.88225592516072,891300
2018-08-24,91.13834381103516,91.21268548644788,90.85748277638204,90.90705019560221,895500
2018-08-27,91.80743408203125,91.86525747958056,91.4109325852011,91.4687559827504,1326400
2018-08-28,91.8156967163086,92.01394746547565,91.70830590453994,91.96438635375331,947800
2018-08-29,92.06352996826172,92.17092080498276,91.64224781618105,91.84049861141192,839900
2018-08-30,91.55965423583984,91.98920505648893,91.4109708390155,91.89007648965907,839200
2018-08-31,91.46051025390625,91.6339804779576,91.11356980580354,91.41094913339981,809000
2018-09-04,91.37789916992188,91.46876541862703,91.04747702029209,91.38615515451085,1452400
2018-09-05,91.54309844970703,91.59265956167432,91.11355410734255,91.26224374552213,1193900
2018-09-06,91.43573760986328,91.74963523737836,91.09705311767023,91.55138443590985,1041400
2018-09-07,91.18789672851562,91.37789149683917,90.90704202139484,91.15485388609946,1358800
2018-09-10,91.37789916992188,91.75788243619871,91.33659403786379,91.54310709359761,775600
2018-09-11,91.48528289794922,91.65049082019448,91.01443338704414,91.18790359608514,1208500
2018-09-12,91.60920715332031,91.8157202414467,91.45225518961487,91.49356032815187,862900
2018-09-13,92.0222396850586,92.17918535732413,91.73312260216974,91.91484883835722,831900
2018-09-14,92.19569396972656,92.23699910396368,91.93135749653347,92.1626511227926,903100
2018-09-17,92.1296157836914,92.3691717167756,92.02223124911401,92.22048204459503,921500
2018-09-18,92.50135040283203,92.6830766366771,92.05528135114761,92.17918416916024,893800
2018-09-19,92.69132232666016,92.91435996370186,92.37742474010645,92.46829099189698,820500
2018-09-20,93.4182357788086,93.54214486330329,93.07129538404571,93.07129538404571,1035100
2018-09-21,93.55866241455078,93.74865086787726,93.49257673414272,93.74039488453427,961500
2018-09-24,92.94739532470703,93.45954998261881,92.84827308930882,93.45128769557614,1011200
2018-09-25,92.50135040283203,93.12914568836152,92.45178297334732,93.12914568836152,1346000
2018-09-26,92.08003234863281,92.80695595744305,91.93960499845544,92.60044292402539,862100
2018-09-27,92.07176971435547,92.55914374856182,91.97264118987005,92.14611768328895,777900
2018-09-28,92.03105163574219,92.2223007391031,91.54877680455823,91.83980253238128,1068500
2018-10-01,92.4218521118164,92.71287781375533,92.18903155026527,92.48005725220419,1028600
2018-10-02,92.63804626464844,92.77940070071348,92.2555480881784,92.41353618959495,1047200
2018-10-03,92.75444793701172,93.17020071782507,92.58814301835598,93.0205294629769,1219900
2018-10-04,92.57152557373047,92.81266297359223,91.97284049047158,92.62973071549816,1672400
2018-10-05,92.2804946899414,92.83760192188821,91.88136920885628,92.65466967405271,1828200
2018-10-08,92.57152557373047,92.68793585726584,91.9229521814949,92.1058780957043,1657300
2018-10-09,92.28881072998047,92.67961940224994,92.0393628401956,92.39691052505013,2028100
2018-10-10,89.90238952636719,92.33038440365274,89.81923388962207,92.13913532057713,3651500
2018-10-11,87.6905746459961,89.8441773218763,87.16672843267145,89.611350438737,6457000
2018-10-12,88.30590057373047,88.85469736694444,87.25820798576997,88.74660391247119,3564600
2018-10-15,88.05643463134766,88.84636232698065,88.05643463134766,88.23105002689125,2037500
2018-10-16,89.63629913330078,89.76933671996655,88.4971342675344,88.68838333172843,1655700
2018-10-17,89.77767181396484,90.07701437470914,88.86301680897287,89.57811222143035,2179500
2018-10-18,88.91291809082031,89.91072254292716,88.45558734967116,89.50328646510356,2124600
2018-10-19,88.95448303222656,89.66126161206405,88.76323392893909,88.9877376777778,1838600
2018-10-22,88.30590057373047,89.22887238494678,88.14791880855954,89.15403991890027,1604500
2018-10-23,87.78205108642578,88.22274806524999,86.48490430439458,87.17504917151767,2685600
2018-10-24,85.53699493408203,87.7487968306516,85.31248483911716,87.71553584088329,3008700
2018-10-25,86.65119171142578,87.19998841383554,85.68664858218355,86.07745085779446,2198700
2018-10-26,85.48707580566406,86.39342007171342,84.71377546060236,85.75315730375608,3563600
2018-10-29,85.6034927368164,87.14178305969018,84.54748349317191,86.42668778835278,3381400
2018-10-30,86.85907745361328,86.9921213996388,85.64507999361076,85.73654612053218,3229800
2018-10-31,87.4494400024414,88.26431825913478,87.3080855768967,87.55753978752719,1750100
2018-11-01,88.02320098876953,88.13961128862101,87.49103780548116,87.6989142471996,2435800
2018-11-02,87.8652114868164,88.76323922350711,87.16674969864728,88.70503407449303,1850600
2018-11-05,88.879638671875,89.08751508496178,88.11465499424796,88.11465499424796,1812600
2018-11-06,89.34527587890625,89.39517052969495,88.77154131785367,88.84637377821011,1378200
2018-11-07,90.87525939941406,90.92514771174699,89.72778380856137,90.0936420054779,1435100
2018-11-08,90.80040740966797,91.09143943973434,90.42623243370286,90.60916467755573,1088700
2018-11-09,90.11859130859375,90.56760517688981,89.70283843171428,90.48445587029101,1204300
2018-11-12,88.92121887207031,90.20173837222485,88.75491393081883,90.09363857444019,1478700
2018-11-13,88.84637451171875,89.7194579530584,88.59692663125345,89.1124560572124,1683900
2018-11-14,88.14794158935547,89.51992758307911,87.56588365728875,89.43677191857921,1748400
2018-11-15,88.95448303222656,89.0875206460867,87.2498938009552,87.7487959547296,1915800
2018-11-16,89.42842102050781,89.71944668310284,88.72163625492658,88.75489723692083,1196900
2018-11-19,88.8214340209961,89.57810721387973,88.34747605029344,89.31202565741306,1355600
2018-11-20,87.06694793701172,88.1562182094685,86.78423908677081,87.95665864789352,1851100
2018-11-21,87.166748046875,87.84026566468744,87.15843121320617,87.34136349060839,1361500
2018-11-23,86.73436737060547,87.13349294316639,86.47660260442419,86.63459073537956,721900
2018-11-26,87.95665740966797,88.00654571338839,87.32471140571205,87.39955020517667,1329100
2018-11-27,88.30590057373047,88.30590057373047,87.49934539395022,87.67396082527696,1441200
2018-11-28,89.86080932617188,89.86080932617188,88.18948130526826,88.5553457968192,2494100
2018-11-29,89.62799835205078,90.12690049318633,89.2288728328114,89.51158806391533,1440800
2018-11-30,90.30982208251953,90.4511765094188,89.55314895520435,89.55314895520435,1347400
2018-12-03,90.99166870117188,91.59035381819604,90.39298358414771,91.42404887241987,1920200
2018-12-04,88.43059539794922,90.9750061603101,88.28092417663387,90.86690640143189,1847600
2018-12-06,88.00657653808594,88.02321020774143,85.73656910935078,87.2582263446307,2947400
2018-12-07,86.21881866455078,88.43893711900894,85.88621515203002,87.90677403652948,3079300
2018-12-10,86.07745361328125,86.39342978922623,84.29803220516385,86.16891973327753,3070200
2018-12-11,85.99433898925781,87.36632499836054,85.54532504024856,87.08361603632875,3054000
2018-12-12,86.31858825683594,87.35797018399708,86.2770167860798,87.00873937900306,2039400
2018-12-13,86.31028747558594,86.86739472866522,85.94442296603677,86.57636902510772,2343100
2018-12-14,84.8884048461914,86.00262566459482,84.6472738014371,85.62013384451136,2617600
2018-12-17,83.24203491210938,84.85515797646403,82.73481593504704,84.52255443257127,4204300
2018-12-18,82.91773223876953,84.11510222872204,82.34399139460334,83.85733120128943,4012800
2018-12-19,81.9615249633789,84.3645761742156,81.3711566173695,82.99259036036113,4589600
2018-12-20,80.83065795898438,82.09455001330608,80.0573575035025,81.58733109391021,5518700
2018-12-21,79.59171295166016,82.2442177092195,79.36720289863705,80.86391543917797,5551200
2018-12-24,77.31988525390625,79.33874343972222,77.28637641212549,79.00366141307266,3926800
2018-12-26,80.51150512695312,80.5450139594899,76.7502265530983,77.64656705219929,7220800
2018-12-27,81.33247375488281,81.33247375488281,78.45916239630006,79.53141979716698,7524200
2018-12-28,81.24868774414062,82.31257250380251,80.95549342141538,81.74293508058338,6286900
2018-12-31,82.05288696289062,82.05288696289062,81.13979508857271,81.71781136312903,5322900
2019-01-02,82.09477233886719,82.31257658561678,80.7376931891836,80.82984089391776,4261900
2019-01-03,80.57853698730469,81.86859850703375,80.4361228261456,81.71781192963276,2676600
2019-01-04,82.89898681640625,83.12516992907995,81.46651720372202,81.63405504253605,2507400
2019-01-07,83.37645721435547,83.97122471174119,82.55551304827951,82.98273635482302,2865000
2019-01-08,83.98798370361328,84.18903034476324,83.29268968032102,84.08850382860952,2012100
2019-01-09,84.13878631591797,84.47386198463477,83.71993533886328,84.29794534121083,1683500
2019-01-10,84.44034576416016,84.6749012504852,83.46022978036243,83.69479165784513,3097900
2019-01-11,84.60787200927734,84.6246232312296,83.92095686841266,84.10525226567141,3021100
2019-01-14,84.23089599609375,84.47382382883826,83.89581408757067,83.97958296691247,2412600
2019-01-15,84.99321746826172,85.06023514109876,84.25604224052536,84.2644146562622,2922200
2019-01-16,85.27803802490234,85.60474118583662,85.09374262311235,85.13562387460111,6466700
2019-01-17,85.89793395996094,86.18274947310704,84.97646335880549,84.97646335880549,2789400
2019-01-18,87.08747100830078,87.18799751663008,86.32516575806382,86.5513424128585,3178600
2019-01-22,86.14924621582031,86.66862360955618,85.57961515264563,86.58485471151033,5162200
2019-01-23,86.39217376708984,86.7356345308389,85.59635971088396,86.51783029995308,2149900
2019-01-24,86.31678771972656,86.50945554012681,85.84767679232732,86.24977004691037,2497800
2019-01-25,86.78590393066406,87.15449476243593,86.63511735322625,86.82779157651358,2010300
2019-01-28,86.27489471435547,86.30002474231041,85.68850609155105,86.14923818342405,3270000
2019-01-29,86.43405151367188,86.63509810854367,86.14085723132634,86.29164377526918,1539100
2019-01-30,87.2550277709961,87.59010339809757,86.35868065591012,86.70214148219442,2496600
2019-01-31,87.75764465332031,87.9168036534969,86.70213856818349,87.00371173536544,2067300
2019-02-01,87.98381805419922,88.26863998643768,87.66549367455148,88.0005756690613,1690800
2019-02-04,88.33563995361328,88.34401875997072,87.53144710452862,87.99218558683806,2307500
2019-02-05,88.44456481933594,88.6121026365902,88.15137044356196,88.4780736610184,1853200
2019-02-06,88.48643493652344,88.59534025606841,88.285388302901,88.30214591721126,1820300
2019-02-07,87.74088287353516,88.11785251019997,87.11260653691788,88.02570480287018,1787000
2019-02-08,87.69062042236328,87.6989992294806,86.88642750034487,87.43093492214113,1385300
2019-02-11,87.73250579833984,87.93355242585679,87.5482103934672,87.87491355986613,1596100
2019-02-12,88.87176513671875,89.03930930170662,88.30213414922915,88.32726417618824,1264600
2019-02-13,89.13145446777344,89.44139997969033,88.95553789289072,89.13145446777344,1885000
2019-02-14,88.7293701171875,89.18172984080665,88.36915809974025,88.77963656947229,2050500
2019-02-15,90.01942443847656,90.01942443847656,89.40790577296869,89.42465699495712,1456000
2019-02-19,90.2456283569336,90.45505383160365,89.72625087893485,89.76813853033218,1396400
2019-02-20,90.52202606201172,90.64768257081914,90.06129405125851,90.21208058359633,1196400
2019-02-21,90.27911376953125,90.42990033848082,89.91890176543822,90.32100141302277,1102300
2019-02-22,90.6644515991211,90.75659289995183,90.32936966381874,90.5052862418423,2052000
2019-02-25,90.806884765625,91.35976468116816,90.76499711530225,91.08332791897564,2408400
2019-02-26,90.6644515991211,91.04141478186355,90.58905512787881,90.68958162581642,1336800
2019-02-27,90.5807113647461,90.72312555637568,90.23725688177781,90.51370006468613,1505600
2019-02-28,90.27074432373047,90.57231747155159,90.20372664840194,90.53880863388731,1388400
2019-03-01,90.73147583007812,91.04980659009465,90.30425253293582,90.85713237265531,1388100
2019-03-04,90.3126220703125,91.10006374695064,89.50005036419135,91.03304607422463,1811000
2019-03-05,90.10321044921875,90.36290237305356,89.9105425995418,90.36290237305356,1502000
2019-03-06,89.5168228149414,90.11996918713018,89.40792387207992,90.11996918713018,1305500
2019-03-07,88.94715881347656,89.4246484841626,88.63720691135691,89.40789726376845,2458800
2019-03-08,88.78799438476562,88.84663324349054,88.20160579751644,88.41941001184739,1339400
2019-03-11,89.93566131591797,89.95241253898105,89.08958075019545,89.08958075019545,1005300
2019-03-12,90.1618423461914,90.42153424992797,90.02781338172264,90.0696946369877,1007100
2019-03-13,90.79850006103516,91.07494319643406,90.19535372604032,90.45504563709281,1148000
2019-03-14,90.73147583007812,91.03304897580048,90.61419809464802,90.78174228180335,949200
2019-03-15,91.08329772949219,91.34298318017795,90.80685466776838,90.86549352408954,1268400
2019-03-18,91.56079864501953,91.5943010889035,91.15032020913786,91.15869901568725,991700
2019-03-19,91.41838073730469,92.13880468315034,91.10005640424872,91.92100685108093,1466800
2019-03-20,90.58906555175781,91.36812842473937,90.50529665608221,91.30948955865074,1290700
2019-03-21,91.31787109375,91.52729653477428,90.29587391896636,90.31262514213911,1159300
2019-03-22,89.80998992919922,91.058163553697,89.65920338192622,90.82360812264037,2128700
2019-03-25,89.65921783447266,90.0696899049875,89.2738757940281,89.70947789461323,1755500
2019-03-26,90.42154693603516,90.62259360652384,89.91892067307582,90.22887268307962,1235700
2019-03-27,90.01942443847656,90.6058194665802,89.58382236405275,90.42989648433934,1449800
2019-03-28,90.26826477050781,90.49600554718678,89.69470422559063,90.20079198035583,1396200
2019-03-29,90.78276824951172,90.85024746416852,90.33572971396158,90.75746515280844,1468800
2019-04-01,91.84555053710938,91.93833285572254,91.31416615928431,91.36477235664691,2016000
2019-04-02,91.61780548095703,91.9214554999058,91.44910745089001,91.90458247931318,1625600
2019-04-03,91.63468170166016,92.03955058122064,91.41537745709937,92.01424104767042,1848800
2019-04-04,92.03956604003906,92.06486914266661,91.68530329773255,91.72747942556086,1371500
2019-04-05,92.44441223144531,92.45284874255623,92.0564163775848,92.20824140171912,1083000
2019-04-08,92.51190948486328,92.52034599761888,92.14078014570177,92.32634481528252,1402400
2019-04-09,91.91303253173828,92.17450647290194,91.70216478946492,92.15763988499612,1034000
2019-04-10,92.16607666015625,92.20825278574547,91.85399649741973,92.06486425501933,802500
2019-04-11,92.18293762207031,92.45284805907234,91.94676679409008,92.36006574305547,1191500
2019-04-12,92.76493072509766,93.00953161869417,92.41066806281452,92.73962119301359,860400
2019-04-15,92.6637191772461,92.84928381606483,92.46971802707033,92.7818045955539,1046400
2019-04-16,92.86614227294922,93.06857348158601,92.67214757493083,92.97579760547207,1439400
2019-04-17,92.6384048461914,93.20352877031223,92.49501634637063,93.17822567448172,1225800
2019-04-18,92.6637191772461,92.8577138922492,92.37693570766096,92.8577138922492,1526100
2019-04-22,92.6637191772461,92.74806498529843,92.40224524173205,92.46128795088596,1012700
2019-04-23,93.31319427490234,93.36380691074491,92.62154831333535,92.76494327385413,1091900
2019-04-24,93.05170440673828,93.27943870596712,92.88301280991485,93.2119659283409,2286500
2019-04-25,92.7396240234375,92.96736477293962,92.23354276423728,92.69745433902135,1160800
2019-04-26,93.20352172851562,93.21195823821236,92.64682792161689,92.67213745070707,1041000
2019-04-29,93.43971252441406,93.65901677728294,93.22040827154518,93.25414788238446,1071800
2019-04-30,93.83615112304688,93.92893345020711,93.161371731913,93.6421499566646,1205300
2019-05-01,93.11918640136719,93.962657281026,93.11918640136719,93.95422077038123,2066900
2019-05-02,92.90833282470703,93.3131953048783,92.4191180955914,93.06858794032048,1558200
2019-05-03,93.62527465820312,93.71805697673227,93.21197569804677,93.3131880926803,1150500
2019-05-06,93.31319427490234,93.43971621174924,92.30103165047315,92.3432077744798,1333900
2019-05-07,91.92145538330078,92.6215312928823,91.3394584418586,92.5287489852561,2049600
2019-05-08,91.67686462402344,92.25885523540629,91.53346966395705,91.82868966072614,1554900
2019-05-09,91.46598052978516,91.64310863508953,90.43694506882193,91.03580859680488,2162400
2019-05-10,91.99739074707031,92.20825851777829,90.22610276015801,91.12861656138122,1636900
2019-05-13,90.15861511230469,90.77435177676611,89.75375263403868,90.5972236381281,1371300
2019-05-14,90.73216247558594,91.28885634632015,90.26825091664075,90.40320934657831,1752300
2019-05-15,90.92615509033203,91.1538893755485,90.03207166369889,90.21763626989014,1188900
2019-05-16,91.65998077392578,92.16606202476765,91.19607564197582,91.25511834732117,1614100
2019-05-17,91.29727935791016,91.98049509505566,90.91772006462948,91.01050236923972,905100
2019-05-20,91.1623306274414,91.56719303003533,90.87554719336318,90.97676601159759,942300
2019-05-21,91.8539810180664,91.98893301389776,91.54189447274986,91.63467678527174,720800
2019-05-22,91.55876159667969,91.76119279497371,91.30571777243334,91.58406469206997,759400
2019-05-23,90.5718994140625,90.82494324832145,89.9983389668913,90.82494324832145,1280300
2019-05-24,90.8165054321289,91.0779857731497,90.47911580302497,90.98520346426683,1031200
2019-05-28,89.6019287109375,90.99365073686573,89.57661917495447,90.87556530963757,936700
2019-05-29,89.10427856445312,89.31514632069903,88.51385142103389,89.22236399313697,1575500
2019-05-30,89.07896423339844,89.54287581272469,88.7415745789041,89.3235715720275,1030200
2019-05-31,87.8980941772461,88.39574531184923,87.84748798684201,88.21861077509149,1496300
2019-06-03,88.7331314086914,88.9524356329304,88.01618246867878,88.03305548948204,1679400
2019-06-04,90.50443267822266,90.55503887438452,89.50913673094715,89.55130641602456,1174100
2019-06-05,91.06112670898438,91.10330283227603,90.38635378252825,90.841822451179,1226500
2019-06-06,91.6262435913086,91.89615402791394,91.04425303326192,91.22981766502292,1039000
2019-06-07,92.08171081542969,92.47814314311654,91.84554000791545,91.92988580557456,798100
2019-06-10,92.3769302368164,92.79866568727428,92.36006365027389,92.52875525638812,1361100
2019-06-11,92.33476257324219,93.0517115676736,92.20824064830195,92.87458344682625,1187000
2019-06-12,92.20824432373047,92.45285167231901,92.0648558061632,92.33476625371388,863200
2019-06-13,92.59623718261719,92.7311956195958,92.28415705865598,92.4950247900557,1211000
2019-06-14,92.54561614990234,93.26256503468936,92.27570575438824,92.54561614990234,1389400
2019-06-17,92.36005401611328,92.61309783406168,92.27570822185434,92.58778830412956,892500
2019-06-18,93.1445083618164,93.51563768328272,92.68059670998353,92.7312093489302,1181000
2019-06-19,93.38066864013672,93.59153637885129,93.08545509297088,93.22040709945838,1094900
2019-06-20,94.19039916992188,94.34222419789013,93.44814705272856,94.1650960711226,1060400
2019-06-21,94.13135528564453,94.58683036386208,94.0385729677573,94.15665838412787,873100
2019-06-24,94.03014373779297,94.32535728137569,93.97953110519835,94.15665923134799,932600
2019-06-25,93.63368225097656,94.1144602825167,93.57463956061797,94.1144602825167,975700
2019-06-26,93.23728942871094,93.86145619575875,93.23728942871094,93.80241348043225,945100
2019-06-27,93.60992431640625,93.77969593032309,93.42317877916018,93.48259722499985,978900
2019-06-28,94.15316772460938,94.32293931543863,93.8985200525515,93.98340260990413,1612600
2019-07-01,94.80679321289062,95.18876802429605,94.39085760139346,95.12085937636283,1953000
2019-07-02,94.97654724121094,94.98503744024023,94.45026499550849,94.84073643736394,1199400
2019-07-03,95.7235107421875,95.7235107421875,95.19723503919136,95.23118935488846,859900
2019-07-05,95.57073211669922,95.66410487810364,94.96805750516802,95.39247679296106,749000
2019-07-08,95.16329193115234,95.47736453124706,94.9850366098416,95.29061901098125,851400
2019-07-09,95.1038818359375,95.15481008188821,94.77283528500809,94.80678960768353,1591100
2019-07-10,95.26516723632812,95.69807029727535,95.14632386392823,95.36702373249211,861400
2019-07-11,95.52827453613281,95.65560159165464,95.12082925368755,95.51978433879854,835000
2019-07-12,95.95271301269531,95.96968693465062,95.4858492073698,95.7235229714903,711200
2019-07-15,95.8508529663086,96.05457889271142,95.69806175956874,96.05457889271142,1176400
2019-07-16,95.63014221191406,95.91025397658713,95.5367694649819,95.87629966169149,779900
2019-07-17,94.8661880493164,95.67258199541139,94.8661880493164,95.63862767989576,1409800
2019-07-18,95.32455444335938,95.45187502183707,94.68792564647886,94.73885387786993,2097100
2019-07-19,94.89167022705078,95.62167195926482,94.83225178262056,95.56225351483458,946200
2019-07-22,94.8492202758789,95.00201147797073,94.58608239076912,94.97654735697616,893400
2019-07-23,95.58770751953125,95.62166183791521,95.05294157626308,95.22270669205881,1307600
2019-07-24,95.96966552734375,95.96966552734375,95.35850085529121,95.40094536489822,871200
2019-07-25,95.5792007446289,95.94420150879938,95.3075727207897,95.94420150879938,803200
2019-07-26,96.06305694580078,96.12247538512999,95.53678119063474,95.69805611102876,682800
2019-07-29,96.04607391357422,96.22432921465285,95.97816528188991,96.09700214927567,729100
2019-07-30,95.90178680419922,95.90178680419922,95.44341318819421,95.67259675813446,953300
2019-07-31,94.93411254882812,95.93574242586038,94.38237260117585,95.8678402549705,1049500
2019-08-01,93.88156127929688,95.62168324838876,93.64388747351614,94.90865535492105,1552600
2019-08-02,93.37223815917969,93.77119330385784,92.78653750200333,93.6608401504049,1430300
2019-08-05,90.8511734008789,92.30268629549384,90.2230347948397,92.14989512363316,1617300
2019-08-06,91.895263671875,91.97165603319748,90.69839820216255,91.38596183468589,1201700
2019-08-07,91.70001220703125,91.98013043602319,89.95140715839634,90.91059222831414,1453300
2019-08-08,93.15155029296875,93.17701441592116,92.03108355018857,92.15841064107549,1467800
2019-08-09,92.63373565673828,93.0751352675498,92.02257742627532,92.88838977652364,1113200
2019-08-12,91.50479888916016,92.26874840834277,91.20770021378443,92.16689192638468,951500
2019-08-13,92.59980773925781,93.14307044807293,91.29260188168354,91.4199225017475,1126700
2019-08-14,89.93444061279297,91.4029341346954,89.9089764928039,91.36897981600195,1212500
2019-08-15,90.00235748291016,90.37584854657818,89.30631007633548,90.12968457062651,1330300
2019-08-16,91.30956268310547,91.47084408017479,90.48618825235567,90.5031686500073,1224000
2019-08-19,92.26874542236328,92.51490937266942,92.08200638610857,92.26874542236328,1111800
2019-08-20,91.35200500488281,92.24328157643893,91.30107028927672,92.14990881997248,799200
2019-08-21,91.92073059082031,92.09049571634374,91.76793938739947,92.08201199335467,789900
2019-08-22,91.98863220214844,92.46397969818977,91.58967706391776,92.20932555323968,1123200
2019-08-23,89.81558990478516,92.01408474974187,89.34024246852343,91.62361985908072,1209400
2019-08-26,90.66442108154297,90.66442108154297,90.00232821209536,90.51162992119947,1172600
2019-08-27,90.10420227050781,91.2501328765232,89.98536540624687,91.13129601226224,1104400
2019-08-28,90.9190902709961,90.9615347855203,89.81559765460341,89.93443452392279,824600
2019-08-29,91.87828826904297,92.08201419589336,91.33503208302439,91.70003294014231,992400
2019-08-30,92.11595916748047,92.59131317251214,91.8952658011303,92.40456765012017,1030700
2019-09-03,91.77643585205078,91.84433802122115,91.06340802870056,91.56422619259682,1552400
2019-09-04,92.6677017211914,92.71863643728086,92.31119108918571,92.49793660389082,798100
2019-09-05,93.72027587890625,94.14469519224004,93.46562170045607,93.5165499456962,1048900
2019-09-06,93.8900375366211,94.06829286448472,93.64387356686909,93.86457341494409,901500
2019-09-09,94.5860824584961,94.62003677855463,94.14468924998387,94.25503593308083,947800
2019-09-10,95.1038818359375,95.1038818359375,94.39934421170318,94.39934421170318,1517700
2019-09-11,95.82540130615234,95.85086543123305,94.82377137085075,95.18877227463334,1645500
2019-09-12,95.9442138671875,96.20735172776644,95.49433050189172,95.92723994681495,1586900
2019-09-13,96.0545654296875,96.45351407502942,95.94421228265527,96.16491210059607,1658700
2019-09-16,95.7967300415039,96.14679252994799,95.55766615378717,95.81380975577076,1046800
2019-09-17,95.7967300415039,95.80526989863733,95.46374726732668,95.66866475451451,1290300
2019-09-18,95.82233428955078,95.8564806846192,95.13074928039032,95.63449654666773,943900
2019-09-19,95.72842407226562,96.23216487008146,95.61742547925391,95.95894808682499,1006900
2019-09-20,95.5661849975586,96.15531124418068,95.35273421417389,95.94186046079598,884000
2019-09-23,95.60034942626953,95.8052603790943,95.19906086290311,95.33567250745412,1440500
2019-09-24,94.96853637695312,95.89917877326353,94.66116669226304,95.82233960909187,1774900
2019-09-25,95.31858825683594,95.43812018312637,94.73800182313893,94.96853233384293,764000
2019-09-26,95.05390930175781,95.36127896673692,94.62700771306476,95.33566591365555,945200
2019-09-27,95.019775390625,95.5235162392769,94.56726065837768,95.31860525965601,873700
2019-09-30,95.30152130126953,95.58327142369347,95.11368354365233,95.11368354365233,1126100
2019-10-01,93.9269027709961,95.73696159637882,93.83298388696183,95.60889631269777,1675300
2019-10-02,92.26197052001953,93.55975501515661,91.87776169056525,93.47437599905582,1181600
2019-10-03,92.77425384521484,92.77425384521484,91.2544787592544,92.21928049228559,1237600
2019-10-04,94.03790283203125,94.08059560621469,92.89380944074621,92.89380944074621,1010400
2019-10-07,93.61099243164062,94.30257101381203,93.49146049185796,93.77321714163232,866700
2019-10-08,92.12537384033203,93.2267808367798,92.09122092796133,92.98771696418686,1289400
2019-10-09,92.82550811767578,93.14995106962387,92.44983253141783,92.72304936305913,880100
2019-10-10,93.45732879638672,93.78177177602717,92.74013699486459,92.748670339642,2404900
2019-10-11,94.37088775634766,95.24177086292954,94.37088775634766,94.38796747200773,1274100
2019-10-14,94.2854995727539,94.4135713717676,94.11474151673715,94.29403942975543,700800
2019-10-15,95.16490173339844,95.46373154382513,94.33671160592921,94.68677403671572,945300
2019-10-16,95.07099151611328,95.40397426575538,95.00268569208365,95.08807122912165,1460100
2019-10-17,95.4039535522461,95.63448402979431,95.17342958869838,95.44664631149591,949800
2019-10-18,95.34420013427734,95.56619078636452,95.11367614041858,95.199055156144,883800
2019-10-21,95.96747589111328,96.01870199591494,95.70279248363543,95.77963815483903,1042400
2019-10-22,96.28340148925781,96.77006914110872,95.9931114752427,96.16386954066304,1026800
2019-10-23,96.5224609375,96.54807399300367,96.00164042891892,96.18093833144654,1236800
2019-10-24,96.24925994873047,96.73592762516196,95.98457646575686,96.68469499174608,901600
2019-10-25,96.63343811035156,96.85542874714464,96.24922930905666,96.24922930905666,818500
2019-10-28,97.01766204833984,97.39333756706395,96.91520982614377,97.01766204833984,1321000
2019-10-29,97.31648254394531,97.52993332407732,96.87250127343026,96.99203318918411,2950300
2019-10-30,97.50434112548828,97.5726469576623,96.94083429505935,97.43604180731694,1030500
2019-10-31,97.11158752441406,97.29942529653516,96.5224676647643,97.29942529653516,816800
2019-11-01,98.09343719482422,98.14466329611263,97.57261678505654,97.57261678505654,881200
2019-11-04,98.63134002685547,98.81064442613932,98.48619505029357,98.66549293557614,1106200
2019-11-05,98.73381805419922,98.94726888992933,98.58013319191345,98.79358402764355,1476100
2019-11-06,98.86188507080078,98.99849021177127,98.57158856098484,98.81919230012124,1118900
2019-11-07,99.31440734863281,99.66446985568227,99.15218262448768,99.3314805498047,3093400
2019-11-08,99.63884735107422,99.63884735107422,98.91311581357333,99.26317831032229,822800
2019-11-11,99.28023529052734,99.32292805622974,99.05824463407751,99.19485627312402,868900
2019-11-12,99.28878021240234,99.69860212244892,99.08386925737906,99.40831214566609,785700
2019-11-13,99.2119369506836,99.38270151236581,98.76796211831376,98.9472600225786,2269400
2019-11-14,99.13510131835938,99.22048034524393,98.7423525834887,99.10094840480512,1397800
2019-11-15,99.87791442871094,99.88644777175993,99.3485540295687,99.55346500078409,1110600
2019-11-18,99.90351867675781,99.98035784143732,99.6473750998226,99.7669070319919,1121300
2019-11-19,99.74129486083984,100.15965662713921,99.55345710462328,100.15965662713921,1306300
2019-11-20,99.40829467773438,99.65589835712964,98.93016702869558,99.55343964062105,1328300
2019-11-21,99.5022201538086,99.61321221857065,99.05823886675822,99.51929335069464,1694800
2019-11-22,99.8608169555664,99.93766262735755,99.54490744087155,99.74128503411455,888100
2019-11-25,100.42433166503906,100.45848457367721,100.09988228997724,100.16818810725356,1058800
2019-11-26,100.53534698486328,100.56949990140046,100.26213016656857,100.5011940683261,1327800
2019-11-27,100.75732421875,100.85124309817395,100.44995452499924,100.70609159379028,874500
2019-11-29,100.44994354248047,100.71462043882713,100.33894496220515,100.62924142523154,494500
2019-12-02,99.89498138427734,100.58655994014943,99.81814221762575,100.58655994014943,2330600
2019-12-03,99.0582504272461,99.20340193072218,98.47766395534731,99.08386999656672,1395600
2019-12-04,99.78397369384766,99.99742447537587,99.27168660697923,99.42537143023958,1396800
2019-12-05,99.98889923095703,100.07427825324405,99.47661858323309,99.97181951809851,1803200
2019-12-06,100.82561492919922,101.05614543685112,100.55239817072385,100.67193660943309,1120100
2019-12-09,100.57803344726562,100.89393650590526,100.55241387596841,100.71463859083894,999700
2019-12-10,100.48409271240234,100.71461669193434,100.1767230636924,100.51824561937022,1188300
2019-12-11,100.71463012695312,100.8512417730482,100.47556626028855,100.6292511051446,1129000
2019-12-12,101.8501968383789,102.02949475040226,100.714636881562,100.77440285223645,1618400
2019-12-13,101.5428466796875,102.24296526267975,101.2952428923605,101.7904504670145,1739500
2019-12-16,102.26000213623047,102.53321888828431,102.12339701720414,102.20877603084575,1188200
2019-12-17,102.35394287109375,102.52470744885822,102.29417689737683,102.42224870219954,1716800
2019-12-18,102.27709197998047,102.52469570387211,102.20878615669963,102.47346307941056,1213900
2019-12-19,102.49055480957031,102.58447369909328,102.31125688793625,102.38809606263544,1539400
2019-12-20,103.09672546386719,103.32724943725339,102.87473483149475,102.96865369465229,1818200
2019-12-23,103.11378479003906,103.241856542027,103.04548550111207,103.241856542027,1464300
2019-12-24,103.0699234008789,103.18176376133523,102.9666942231056,103.17315914205365,893300
2019-12-26,103.31941986083984,103.35383177956338,103.06134031551694,103.22478872520074,780300
2019-12-27,103.31941986083984,103.53448943031012,103.16456950828515,103.53448943031012,1150900
2019-12-30,102.84626007080078,103.47425947296351,102.71721702983255,103.40543564266022,1475200
2019-12-31,103.1043472290039,103.17317106440679,102.56237429286114,102.71722464081653,1184500
2020-01-02,103.61189270019531,103.61189270019531,103.05271064282951,103.55167349791904,1634700
2020-01-03,102.78605651855469,103.08715261774834,102.45054193556436,102.57098693864454,1401600
2020-01-06,102.91507720947266,102.95809374420904,102.1752374431385,102.31288510357355,1546300
2020-01-07,102.51936340332031,102.69142300130736,102.34731036873582,102.67421375980737,1422200
2020-01-08,102.7602310180664,103.19897474914795,102.46773957294668,102.55376608248767,1401700
2020-01-09,103.23340606689453,103.25921336826676,102.9065026438412,103.19038952233872,1239100
2020-01-10,102.8892822265625,103.45706904870055,102.76023917031272,103.39684983090432,1736200
2020-01-13,103.31941986083984,103.31941986083984,102.79464958626018,103.06134031551694,2077300
2020-01-14,103.45706176757812,103.68933400175884,103.10434454287916,103.1989756732422,4584700
2020-01-15,103.62051391601562,103.86999539932336,103.25919862159849,103.32802245769763,1222700
2020-01-16,104.30014038085938,104.30014038085938,103.8872104679045,104.05065888355627,1506800
2020-01-17,104.41197204589844,104.54961315092633,104.30013167444858,104.44638396300593,1295300
2020-01-21,104.0076675415039,104.31736831341142,103.87862445930848,104.12810600131196,1717100
2020-01-22,104.1194839477539,104.39477274742822,104.01625475000273,104.27433430778338,1300800
2020-01-23,104.05925750732422,104.10227404567078,103.27640770395419,103.80977602439906,1161500
2020-01-24,103.06134796142578,104.19691510993813,102.62260416940426,104.19691510993813,1706500
2020-01-27,101.62468719482422,102.08064026979949,101.5128533632662,101.66770374110224,1661100
2020-01-28,102.35591125488281,102.68281463402684,101.89136020237142,101.95157941861906,1232200
2020-01-29,101.89995574951172,102.71722402234515,101.89995574951172,102.62259289008652,1032300
2020-01-30,102.34729766845703,102.450526851037,100.97945192865684,101.26334530755523,1718900
2020-01-31,100.52352905273438,101.8741658691345,100.17081832407105,101.85696318914741,1895400
2020-02-03,100.88482666015625,101.65048033469127,100.74718555425703,101.01386970927574,1509300
2020-02-04,102.08063507080078,102.48496039356586,101.97739930303342,102.04622314821167,1308600
2020-02-05,103.82698822021484,103.89580549476489,102.84627150130066,102.88928147746914,1624500
2020-02-06,103.88721466064453,104.30874921145761,103.75817159636215,104.21411806854405,1120800
2020-02-07,103.27642822265625,103.66355089107894,103.15598976744015,103.56031511657791,1047000
2020-02-10,103.62051391601562,103.62051391601562,103.04412905634032,103.06993635402695,984300
2020-02-11,104.04205322265625,104.33454467600694,103.92161479322922,104.0162459254079,1246400
2020-02-12,104.4549789428711,104.70446041200003,104.18829479739617,104.51519815518485,1214700
2020-02-13,104.17969512939453,104.41197393321818,103.71514408514943,104.03344940159576,1016300
2020-02-14,104.02485656738281,104.42918844226283,103.64633855627632,104.31735461952275,871200
2020-02-18,103.4914779663086,103.94742439688494,103.10434880878736,103.86999594001978,1241500
2020-02-19,103.80976867675781,103.99042631090244,103.59469912705205,103.74094484563554,1302000
2020-02-20,103.70654296875,103.93881520231902,102.88927471443986,103.61191183863616,1494900
2020-02-21,103.25919342041016,103.37103378928842,102.8634662278763,103.25058880048061,1363300
2020-02-24,100.10196685791016,101.19451722923235,99.88689731869384,100.66114897255285,3389200
2020-02-25,96.95337677001953,100.51492895743063,96.63507795040003,100.38589244320843,2987500
2020-02-26,96.11888122558594,98.25236737624661,96.11888122558594,97.38348460122519,2482300
2020-02-27,92.05838775634766,95.72316878916138,92.04117851390087,94.63061817629598,4622700
2020-02-28,90.75934600830078,90.84537251174208,87.98924927904062,89.41731417709211,5049600
2020-03-02,94.63922882080078,94.6564315009395,90.16577719335011,91.18951059179231,3401800
2020-03-03,92.00675964355469,96.10168610402863,91.2067005786802,94.76825870483943,2684500
2020-03-04,96.06726837158203,96.09307566833844,93.15092569687228,94.06281852040925,1994300
2020-03-05,92.89286804199219,94.39835529907374,92.03258960937417,93.76174453328584,1773900
2020-03-06,91.33574676513672,91.76588592092627,89.42592786328669,90.02812661943364,4032500
2020-03-09,84.05777740478516,86.83647872233514,83.41256879108855,84.57394298306215,5845500
2020-03-10,87.72258758544922,87.76559756646944,83.31795991066213,87.21501992754645,5428200
2020-03-11,83.28352355957031,85.7181122396043,82.26839510491946,85.32238508791346,3663800
2020-03-12,74.921630859375,80.24675541368501,74.84420896605012,77.42504375798288,7160300
2020-03-13,81.76943969726562,82.00171190678529,75.36036362681354,79.24021986955583,6004700
2020-03-16,72.71072387695312,77.95842710762805,72.47845160836074,73.8635002887975,5495100
2020-03-17,77.59711456298828,77.93262263773256,72.29780265577826,74.21621994845418,6685800
2020-03-18,73.1064453125,74.80118787616014,69.19217682420745,72.70211350288803,5848200
2020-03-19,72.28917694091797,73.87209226039121,69.85458803124114,72.01388817623591,5526800
2020-03-20,68.86527252197266,73.20106887333615,68.76203677516808,72.66770059001699,9696800
2020-03-23,66.03498077392578,68.5211851619011,64.99404455641744,68.34052746101825,8550600
2020-03-24,72.49566650390625,72.62470959193739,69.26962212014851,69.32124329340343,7071000
2020-03-25,73.82908630371094,76.67660548673919,71.30847052452249,72.69351916625351,5507800
2020-03-26,78.55172729492188,79.16798867020519,74.48960455776918,74.50696114177985,5332300
2020-03-27,76.47727966308594,78.67325540762386,75.51382685959022,76.05197375680707,4791900
2020-03-30,78.82080078125,79.12459730254851,76.33839196720594,76.91994019948237,4864100
2020-03-31,77.3018569946289,79.11592831987221,76.94599066229,78.69929737588178,4430900
2020-04-01,73.97750091552734,75.30550140406636,73.25708018575692,74.33336716791389,4298200
2020-04-02,75.89573669433594,76.29500440270736,73.56956341181962,73.58691999821673,3386800
2020-04-03,74.74132537841797,76.43387392518886,73.93410838946797,75.65270174798599,3728600
2020-04-06,79.20271301269531,79.88841400767919,77.2150496120233,77.64035547702025,3541400
2020-04-07,79.49781799316406,82.43157739630395,79.48046140888053,82.05834792403977,3491200
2020-04-08,82.7179946899414,83.14330045484634,79.66271992190325,80.33973915399076,2650100
2020-04-09,84.51472473144531,85.69517121369105,83.57731017987545,83.84638029996324,3640500
2020-04-13,82.91765594482422,84.61888625797371,82.03232430245654,84.1241407415074,3440000
2020-04-14,84.83586120605469,85.14833268632266,83.72485444160088,84.57547272057982,4067100
2020-04-15,82.4749755859375,82.94368284649234,81.73719821403799,82.86556828079482,2985000
2020-04-16,82.34477233886719,82.73535835323855,81.44207774477013,82.6832819838883,4153900
2020-04-17,85.22645568847656,85.54760215630307,83.81165239422144,84.60151271458753,3101600
2020-04-20,83.56861877441406,85.01813520673635,83.45578442615539,83.75957430386924,2699100
2020-04-21,81.25113677978516,82.57913741304023,81.12962081478949,81.84136001924557,1916200
2020-04-22,82.48365020751953,83.06519177667509,82.15382214339907,82.82215987446816,2056500
2020-04-23,82.63121795654297,84.03733985080937,82.605179765892,82.8134985353473,1903100
2020-04-24,83.64674377441406,83.95053366599711,82.42289598273564,83.06519555667167,2010300
2020-04-27,85.3740234375,85.7559345651136,84.124137290491,84.23697828117169,3223600
2020-04-28,85.76460266113281,87.00580710409389,85.46081275316122,86.69333559243073,3380300
2020-04-29,87.42244720458984,88.08211009006175,86.73674612742315,87.45716700089089,2346200
2020-04-30,85.54761505126953,86.64994702473946,83.20408516805796,86.5978640209828,1905600
2020-05-01,83.2301254272461,84.34113241051553,82.83953931104556,84.30641261452286,2000400
2020-05-04,82.9523696899414,83.0825672631181,81.87608255445323,82.51838219410158,2998300
2020-05-05,83.42107391357422,84.471322820245,83.39503572432076,83.93317596122118,2970000
2020-05-06,82.18855285644531,83.99393577942104,82.13646985467659,83.88110141614867,1421900
2020-05-07,82.80481719970703,83.79430818039647,82.70065781464149,83.13464531922891,2415300
2020-05-08,84.70567321777344,84.81851420079902,83.69882570708337,84.00261561883799,2283500
2020-05-11,84.16751861572266,84.63622580906083,83.53389408895376,84.00260128229192,2355700
2020-05-12,82.41423034667969,84.6709708290908,82.41423034667969,84.48001525392147,2938400
2020-05-13,80.64356231689453,82.15383699806308,80.03597582939362,82.13647378926724,4709400
2020-05-14,81.86738586425781,81.91078725469349,78.96835310488531,79.71480536782384,3475700
2020-05-15,81.85005187988281,82.10175882311334,80.88659902088226,81.38134454668328,2676500
2020-05-18,85.0354995727539,85.53024498667405,84.15016149176662,84.289040650401,2329000
2020-05-19,83.59466552734375,84.86190816290157,83.59466552734375,84.8271949922821,2537800
2020-05-20,84.94003295898438,85.33930065929621,84.48868225628499,84.72303921171988,2515800
2020-05-21,84.34111785888672,85.13965316257242,84.06336616099071,84.75774871679216,1944000
2020-05-22,84.34111785888672,84.40187583586014,83.70749990218151,84.2977230879759,2205300
2020-05-26,86.44163513183594,87.15338105544315,86.32011915027479,86.54579452551306,3805400
2020-05-27,88.4466323852539,88.47267056940254,86.90163831929515,88.07340296083854,4314300
2020-05-28,88.02132415771484,89.33196128583711,87.8216870478941,89.21044534842342,2331900
2020-05-29,88.01265716552734,88.21228768636384,86.55445905238747,87.60470789844014,4240300
2020-06-01,88.22964477539062,88.5507912315446,87.61338342690529,87.84773372253447,1695700
2020-06-02,89.1063232421875,89.11499822489742,88.35986415743345,88.63761591300769,5505800
2020-06-03,90.88565826416016,91.14605340386663,89.9222055182191,90.12184267494386,4610900
2020-06-04,91.29360961914062,91.38908739771227,90.33883845554784,90.44299121608154,1675300
2020-06-05,93.95825958251953,94.98246997495518,93.6457881663784,94.07977550856094,2669100
2020-06-08,95.61612701416016,95.66820339390172,94.46171870098277,94.64399265220179,5465500
2020-06-09,93.87149810791016,94.74815471708696,93.55902657636443,94.3922817864451,3808200
2020-06-10,92.11817169189453,93.8194016631748,92.04873873426153,93.73260549954146,4952800
2020-06-11,86.13782501220703,89.67048249970274,85.86875491918853,89.15838050045815,3211000
2020-06-12,87.3790283203125,88.75911180311599,85.69516158043683,88.63759585143804,1955000
2020-06-15,88.07341003417969,88.50739746383692,84.87058068423002,85.26117334419511,2762100
2020-06-16,89.7833251953125,91.06792433062847,88.264369130121,90.95508997832135,3123100
2020-06-17,88.81119537353516,89.97428523372692,88.62023982767357,89.97428523372692,2051000
2020-06-18,88.7677993774414,89.01951291937738,87.92586919911943,88.14286294677558,1859000
2020-06-19,88.1341781616211,90.20863778456985,87.726228871212,90.05240202701154,1922400
2020-06-22,88.06473541259766,88.24700935284848,87.21412369142713,87.79566530395927,1462200
2020-06-23,88.1775894165039,89.03688955473754,88.09947483418702,89.00216975522183,1503500
2020-06-24,85.7212142944336,87.37904312878315,85.12230941529154,87.37904312878315,2601100
2020-06-25,86.634521484375,86.69575939349245,84.9111031749432,85.29603098907093,2756300
2020-06-26,84.7973861694336,86.17087084898324,84.35997058136769,86.16212066838091,2150600
2020-06-29,86.14462280273438,86.15337298291223,84.91110770049887,85.4185113599049,1874800
2020-06-30,87.12444305419922,87.59685274135751,85.94342217351996,86.06589801747587,2074300
2020-07-01,87.08944702148438,87.98177189225548,86.87073922552327,87.47436820376198,1540200
2020-07-02,87.49186706542969,88.76911977101737,87.33439718805958,88.2004781763791,2045900
2020-07-06,88.34920501708984,88.96159088946062,88.00802136760538,88.76037676760515,1711500
2020-07-07,87.28191375732422,87.88554947557147,87.13319404177817,87.71058588956822,2861500
2020-07-08,87.55311584472656,87.8155612232888,86.77451654178924,87.38689576620075,1960800
2020-07-09,86.05713653564453,87.48310880639339,85.40975672488652,87.44811476193905,3652400
2020-07-10,87.64934539794922,87.71058331869871,86.01340855159434,86.01340855159434,2314300
2020-07-13,87.92930603027344,89.16281483563606,87.75433574531972,88.20050162890931,2552200
2020-07-14,89.25901794433594,89.38149376695999,87.30814828794435,87.64058171014797,2646300
2020-07-15,90.3875503540039,90.71124026870179,89.92389093189053,90.51002617590436,2680600
2020-07-16,90.5712661743164,90.86871223038132,89.79266699953358,90.02012496306182,2128600
2020-07-17,90.72874450683594,91.11367237725484,90.48379283454483,90.89496457350455,2065800
2020-07-20,90.01139068603516,90.68501451546022,89.88016465795195,90.54503830565599,2121400
2020-07-21,91.07866668701172,91.49858187886096,90.45753740467899,90.59750691048485,1981500
2020-07-22,91.52484893798828,91.62108091066277,90.68501172827422,90.87746899919034,1842000
2020-07-23,91.46359252929688,92.07597161850723,91.12240894038946,91.49857989916761,2069800
2020-07-24,90.61502075195312,91.3936200156774,90.25633674255316,91.17491220734064,2013900
2020-07-27,90.60625457763672,90.66749248618446,89.96762495326915,90.66749248618446,1565600
2020-07-28,90.58878326416016,91.08743683531706,90.38756912956595,90.44880705323669,1453100
2020-07-29,91.51608276367188,91.72604036080111,90.54501969960562,90.7199832514747,2619600
2020-07-30,90.65876770019531,90.851231659378,89.82768061219733,90.62377364630453,2264600
2020-07-31,90.37882232666016,90.4663107989747,89.18030767937779,90.37882232666016,1987700
2020-08-03,90.65876770019531,90.95621382105037,90.16011411250986,90.67626806435737,1744300
2020-08-04,91.08743286132812,91.13992060091793,90.42255923731517,90.47504697690498,1289600
2020-08-05,91.76105499267578,91.93601858379799,91.53359698467038,91.76105499267578,1721700
2020-08-06,91.7173080444336,91.83104038228836,91.28864258676205,91.59483219938458,1434300
2020-08-07,92.78458404541016,92.78458404541016,91.45484371424126,91.52483180389004,2226200
2020-08-10,93.70316314697266,93.72940701304162,92.96830152488228,92.96830152488228,1576100
2020-08-11,93.6331787109375,95.06790129047737,93.34448282404138,94.674229935206,2670800
2020-08-12,94.32429504394531,94.57799688030813,93.99186160721061,94.46427123273806,2527000
2020-08-13,93.58069610595703,93.93937343328523,93.31824407176957,93.71192212305075,1452700
2020-08-14,93.82563781738281,94.07933964364835,93.17826465606183,93.30074047916493,1382900
2020-08-17,93.50196075439453,93.89563881800564,93.41447896506962,93.89563881800564,2092100
2020-08-18,93.23075866699219,93.72941217305012,93.10828283563987,93.5544486066703,1132600
2020-08-19,92.94205474853516,93.7119103927551,92.68835292709282,93.34447625599937,1448500
2020-08-20,92.4084243774414,92.69712029756222,92.21596710512709,92.33844294861478,1221900
2020-08-21,92.4871597290039,92.6096355686073,92.07598797843563,92.24220804979711,1170200
2020-08-24,93.83439636230469,93.83439636230469,92.63587521574578,92.96830866888446,1225200
2020-08-25,93.71192169189453,94.31555068865647,93.3619878727321,94.24556926436995,1389300
2020-08-26,93.45823669433594,93.69443822706906,93.02956451819881,93.60695642510989,1545700
2020-08-27,94.23683166503906,94.58676553092138,93.71193420343225,93.71193420343225,1584200
2020-08-28,94.95418548583984,94.98917953707026,94.0706040469622,94.66548956901356,1188100
2020-08-31,94.15807342529297,94.9191789217467,94.15807342529297,94.9191789217467,1319900
2020-09-01,94.14058685302734,94.14933703395086,93.60693928204428,94.07059875450409,1395700
2020-09-02,95.78526306152344,96.08270913042273,94.16682672976292,94.38553452255304,2844000
2020-09-03,94.07061004638672,96.71260435009903,93.38824268995724,95.95149870477134,2561100
2020-09-04,94.06183624267578,95.10288737982866,92.88956578103434,94.7092160574999,1872700
2020-09-08,92.39091491699219,93.65941736847131,92.20720118312201,93.65941736847131,1819200
2020-09-09,93.46694946289062,94.26304895009416,92.98579637314067,93.0907785056252,2396500
2020-09-10,92.11097717285156,93.90437711502886,91.95350729103008,93.67692581028963,3793700
2020-09-11,92.73210144042969,93.08203523358185,92.02349034825973,92.5308873401768,1877700
2020-09-14,93.869384765625,94.3242940254252,93.26574913823046,93.37947478457252,1265600
2020-09-15,93.69440460205078,94.49050406537268,93.55443510403506,94.29804016547371,2051700
2020-09-16,94.2805404663086,95.21660943419515,93.91311302271156,94.11432710340401,2188400
2020-09-17,93.869384765625,94.22806206527731,92.83708374493752,93.31823687124496,1759200
2020-09-18,93.1607666015625,94.07059179172543,92.76709525676412,93.98311001226267,1883100
2020-09-21,91.13114929199219,91.88350453237575,90.03761047450807,91.83101680495452,2224400
2020-09-22,91.20989990234375,91.80478536654702,90.67625235323057,91.20989990234375,1829500
2020-09-23,89.521484375,91.74355657477652,89.41650222107766,91.42861678744234,1603400
2020-09-24,89.6527099609375,90.47504680213132,88.5504207106514,89.31151963096447,2782000
2020-09-25,90.64466857910156,90.83848661638342,89.07651423584473,89.21746853116439,4190100
2020-09-28,92.0190200805664,92.4771367391363,91.61376717268833,91.64019568733806,2986400
2020-09-29,91.24375915527344,92.0983170197414,90.91779177480228,92.01902475037592,1909000
2020-09-30,92.07188415527344,92.8823899738819,91.52567020548477,91.56972221098425,2935600
2020-10-01,92.13356018066406,92.76787146997698,91.56091767106808,92.45952084999945,1823000
2020-10-02,92.22166442871094,92.80311200681435,90.83851593246376,90.83851593246376,1755000
2020-10-05,93.67527770996094,93.7721867435874,92.83833666694984,92.89120041708664,1741600
2020-10-06,92.79428100585938,94.67959099601697,92.6445149602374,93.94837081366282,1906900
2020-10-07,94.25672149658203,94.59150058922401,93.53431300601694,93.55193649583599,1327700
2020-10-08,95.4284439086914,95.45487242452899,94.73246386560045,94.76770412718143,1266900
2020-10-09,95.59583282470703,96.1332350477475,95.32272247964858,95.96584548671741,1108300
2020-10-12,96.29180908203125,96.51205566573087,95.67511461483691,95.86012093857752,1207300
2020-10-13,95.38439178466797,96.14204060425054,95.07604789795242,95.92179401068334,1609200
2020-10-14,94.9615249633789,95.84251136431416,94.84699915095874,95.35796615524264,1571800
2020-10-15,95.19937896728516,95.24343097155466,93.833854213029,94.00123704219031,1591600
2020-10-16,95.46367645263672,95.95702663210095,95.26985839030661,95.43724793893573,1989100
2020-10-19,94.16861724853516,95.8953494465621,93.94837069182675,95.62224586708895,2270300
2020-10-20,94.38887786865234,95.30510448763889,94.2391118009103,94.6003127126054,1895200
2020-10-21,94.0893325805664,94.75887727972186,94.03646883592351,94.32719590658897,1408900
2020-10-22,95.30510711669922,95.44606144275875,94.12458186916136,94.12458186916136,2199500
2020-10-23,95.40202331542969,95.82489304673304,94.85580929765356,95.63988669911367,1089900
2020-10-26,93.56073760986328,94.39767858510415,92.6973748437819,94.35362658378925,1702200
2020-10-27,92.30975341796875,93.51670719915084,92.28332490153436,93.51670719915084,1554900
2020-10-28,89.64036560058594,91.37590987240343,89.50821629719104,90.60063754389617,2325700
2020-10-29,90.19539642333984,90.98828562617237,88.69772204574015,89.46418272871053,1960300
2020-10-30,90.39801788330078,90.39801788330078,89.05010972435322,89.85180387842956,2007500
2020-11-02,92.04544830322266,92.22164286839067,90.7415856682471,91.57851993488293,2114000
2020-11-03,93.6312255859375,94.26553681563368,93.13787539457036,93.27882971150716,1933600
2020-11-04,93.92195129394531,95.63106689068795,93.29645181876651,93.86909426605172,2208100
2020-11-05,95.46367645263672,96.25656547062714,95.15533259047159,95.20818961787359,1362900
2020-11-06,95.19058990478516,95.84251800465536,94.98796006111822,95.63988816098843,1222300
2020-11-09,99.01405334472656,101.49843453283745,98.96119631563664,100.34434458842547,4467400
2020-11-10,100.47648620605469,100.67910928301369,99.11095480682614,99.65716871079593,5029100
2020-11-11,100.0800552368164,101.09319095669586,99.63956203003342,101.09319095669586,3302800
2020-11-12,98.8026351928711,99.55147235747607,98.09784331948202,99.38408277523266,2943300
2020-11-13,100.6614990234375,100.89055062773173,99.44573359751054,99.44573359751054,2866800
2020-11-16,102.36180877685547,102.47633458558498,101.38391336561905,102.47633458558498,4239000
2020-11-17,101.88609313964844,102.2032488269175,100.99629486584388,101.5072686643767,3227800
2020-11-18,100.6614990234375,102.50275720996133,100.6614990234375,102.18560159636232,1926600
2020-11-19,100.80243682861328,100.89053410209571,99.79811312385304,100.37075548357556,2643500
2020-11-20,100.32672119140625,100.93460391207674,100.1593383586679,100.67911706891657,1868100
2020-11-23,101.56010437011719,101.7627341860697,100.82007906954433,101.02270216410446,2383900
2020-11-24,103.69208526611328,103.8770983047317,102.59966413141835,102.6965731625453,3292200
2020-11-25,103.04898071289062,103.42780513532513,102.60848751105482,103.3573246098971,3537800
2020-11-27,103.04016876220703,103.43661667590754,102.68777285715974,103.19874658340866,1053500
2020-11-30,101.93012237548828,102.81110876325013,101.63059022991777,102.62610242838727,2280900
2020-12-01,102.84634399414062,103.8859081497004,102.76705844938918,103.12825935557757,2644500
2020-12-02,103.49828338623047,103.63042596676291,102.57324499414719,102.57324499414719,1873800
2020-12-03,103.7009048461914,104.14139803136156,103.29565192240197,103.51589851498706,1525000
2020-12-04,104.96952056884766,104.97833231397003,103.98281347829867,103.98281347829867,1731700
2020-12-07,104.30879211425781,104.6699930466309,103.93877943580941,104.63475278372255,1959300
2020-12-08,104.78451538085938,104.94309318781328,103.70089924644228,103.73613950592005,1604400
2020-12-09,104.78451538085938,105.36596285876222,104.29115846956263,105.15452802328775,2074400
2020-12-10,104.4409408569336,104.6523757118513,104.10616172180494,104.43212911090576,1472500
2020-12-11,104.18543243408203,104.40567898945174,103.5334977907858,104.03565966817311,2891000
2020-12-14,103.04898071289062,105.11048567121361,103.0313572208372,105.11048567121361,1952100
2020-12-15,104.49378967285156,104.6523674819174,103.3308879801662,103.78019289275146,1782800
2020-12-16,104.32640838623047,104.59070699608307,104.04449300570434,104.54665498731002,1853700
2020-12-17,104.78451538085938,104.8549891784227,104.37926247895321,104.7140348619038,2168400
2020-12-18,104.220703125,104.90787150300415,103.60400855703708,104.82857922479182,2293100
2020-12-21,103.71852111816406,104.05329349588995,102.26489236400506,103.09301492393584,1869800
2020-12-22,102.95207214355469,103.66566898295997,102.92564362674604,103.63042872008414,1596400
2020-12-23,103.82424926757812,104.28236597443617,103.51590536184273,103.52471710811889,3787000
2020-12-24,104.03622436523438,104.19587101184884,103.48632885651894,104.00074658079834,885400
2020-12-28,104.37325286865234,105.1005305307713,104.24908400682926,104.66593951439052,1998600
2020-12-29,104.25796508789062,104.91428724393539,103.93867176512374,104.86107394570628,2380200
2020-12-30,104.59500122070312,104.95863672847315,104.34666345604133,104.37327010701273,2419600
2020-12-31,105.5085220336914,105.64156204226641,104.2845688415323,104.62159766545254,2052300
2021-01-04,104.160400390625,105.87216469888476,103.19364930667099,105.80120912513298,3921600
2021-01-05,104.94090270996094,105.38436494365189,103.83224712573353,104.107191545279,2105800
2021-01-06,107.46861267089844,108.1071992309348,105.33112868895502,105.33112868895502,3288000
2021-01-07,108.266845703125,108.75465675981197,107.87659685777541,108.20476127470076,3806400
2021-01-08,108.34667205810547,108.57726749625705,107.27348773684355,108.52405420540595,2767800
2021-01-11,108.53292846679688,108.71918175683204,107.53069968228502,107.60165524992566,2298300
2021-01-12,108.98526000976562,109.23360450795681,108.39102232844488,108.69258012147203,8483600
2021-01-13,109.06507873535156,109.40210752246904,108.6482232451276,109.02072981510405,2383700
2021-01-14,109.5617446899414,110.1027689900505,109.13602486582926,109.50853140360104,3060800
2021-01-15,108.49747467041016,108.94980128905844,107.72584792678569,108.71920579328763,2660900
2021-01-19,108.95863342285156,109.32227558220586,108.73690237935097,109.22471338173004,2422900
2021-01-20,109.23361206054688,109.43760088265272,108.66597422070102,109.18039199533548,2132600
2021-01-21,108.70143127441406,109.4375800080406,108.48857135425881,109.2158489509262,2450100
2021-01-22,108.04512786865234,108.32894340002508,107.4597612956256,107.89435234782535,1977300
2021-01-25,108.04512786865234,108.15156123042813,107.02516347672984,107.58393016768267,2747700
2021-01-26,107.71696472167969,108.55067581565692,107.61053812530547,108.41763580349304,1937200
2021-01-27,105.0916748046875,106.63492819942725,104.7014326531698,106.4752815298575,2299200
2021-01-28,106.44865417480469,107.42427634259678,105.6060787753794,105.82780985593297,2359300
2021-01-29,104.67481231689453,106.43092556608111,104.1870079680676,106.03181230188672,2299400
2021-02-01,105.4287109375,105.85443088063684,104.70143316516945,105.50853088932696,2516200
2021-02-02,106.77680969238281,107.43313174133269,106.28013427876614,106.43978091409936,1930200
2021-02-03,107.18479919433594,107.36218811252058,106.48412819257112,106.67038148164349,1849100
2021-02-04,108.32894134521484,108.39102578006575,107.18480810293748,107.31784811095966,1560300
2021-02-05,108.89656829833984,109.26907489342415,108.65710170627013,109.2069904609101,1663900
2021-02-08,109.90766143798828,109.90766143798828,109.27794597518529,109.29568825114912,1975200
2021-02-09,109.86331176757812,110.02295840685562,109.28680963870411,109.65044507074468,1719600
2021-02-10,109.99635314941406,110.41320866991457,109.38437995906042,110.36886651314164,1684800
2021-02-11,109.86331176757812,110.30677390260504,109.10055635399623,110.24468947436908,1970600
2021-02-12,110.39546966552734,110.43981182089645,109.55288751316884,109.55288751316884,1920400
2021-02-16,110.56398010253906,111.02517773456557,110.31563562885324,110.88326660674511,2348700
2021-02-17,110.98084259033203,111.03406265321786,109.94314271445235,110.43981819008107,1957100
2021-02-18,110.39546966552734,110.6349362512678,109.91652972735098,110.43981182089645,1426100
2021-02-19,110.72362518310547,111.0695318817761,110.66154075343542,110.80345188793572,1722300
2021-02-22,111.51298522949219,111.81453621647215,110.37771654314017,110.37771654314017,1683900
2021-02-23,111.85890197753906,112.19593079609392,110.94536420877168,111.81455305315477,3285600
2021-02-24,113.35778045654297,113.66820934159624,111.8234053715014,112.02739414926789,2850600
2021-02-25,111.40657806396484,113.61502476411574,111.03407142780556,113.6061468584547,4779300
2021-02-26,109.90766143798828,111.57508351041454,109.65045257007795,111.53073458720061,6604500
2021-03-01,112.30236053466797,112.97641815005022,111.45091399416226,111.45091399416226,2911200
2021-03-02,112.04515838623047,112.78130724456543,111.9387250247749,112.3733160756671,3604500
2021-03-03,112.04515838623047,113.10946493400206,111.9387250247749,112.06289389645839,5761900
2021-03-04,110.98084259033203,112.74582693651928,109.6061138940894,112.04515588100254,9681800
2021-03-05,113.44648742675781,113.7746450782958,110.75023681486867,112.25800537786353,4466000
2021-03-08,114.7768783569336,115.97421805698279,113.74804290795889,114.13829177021763,6346400
2021-03-09,114.36003112792969,115.64606876556455,114.28907555389158,114.97201111229043,6142000
2021-03-10,115.8944091796875,116.27579370726032,114.67044918275036,114.67044918275036,6059500
2021-03-11,115.83231353759766,116.63053995664448,115.53074900442448,116.0185600531265,5593200
2021-03-12,116.88774871826172,116.92323326931756,116.1959488399731,116.364466624011,3838500
2021-03-15,117.16271209716797,117.26027431704428,116.07178540217154,117.00305867673784,4114300
2021-03-16,116.41768646240234,117.07401535992598,116.16048435304637,117.05627308340055,3179900
2021-03-17,116.91437530517578,116.94098195323024,115.85005524943058,116.62168864318502,2996500
2021-03-18,116.4620361328125,117.84563597603825,116.19595611679406,117.06515173801377,6661500
2021-03-19,115.95648956298828,116.57733387546013,115.14938519007937,116.3467248926913,3482200
2021-03-22,116.08067321777344,116.33787534664769,115.39773762033165,115.7702442552837,2762600
2021-03-23,114.67044067382812,115.91214285589342,114.36002527835525,115.56624290852056,2789600
2021-03-24,114.75912475585938,116.13386000918427,114.75026038564322,115.15823794982089,3911400
2021-03-25,116.1200180053711,116.34296557471679,113.88161570025092,114.60396364770861,3783800
2021-03-26,117.9927749633789,118.11762506376897,116.49457375869824,116.99397416025846,3329800
2021-03-29,117.81442260742188,118.26031777835185,117.0296427521401,117.31502219320282,4047000
2021-03-30,117.76982879638672,118.07303424273705,117.47553635458533,117.81442103441249,3321700
2021-03-31,117.23475646972656,117.91251218535777,117.14557199846254,117.73415685046953,3251500
2021-04-01,117.82332611083984,117.85900534191587,116.92262283694451,117.2436678784307,3429900
2021-04-05,118.77752685546875,119.12532445385052,118.45648187175964,118.7329346284686,3393500
2021-04-06,118.66160583496094,119.10750094999243,118.51891613231749,118.67944544970112,2759300
2021-04-07,118.62593841552734,119.08074652721751,118.22463553960792,118.80429373730945,2201100
2021-04-08,118.47431945800781,118.56349030284602,117.95707957045327,118.56349030284602,2584600
2021-04-09,119.1610336303711,119.18778625482321,118.4208459360306,118.67055977698735,2133600
2021-04-12,119.24127960205078,119.44638754818565,118.91130795832858,119.05399766330903,1898500
2021-04-13,118.8578109741211,119.04509292586732,118.19788124849171,118.8132187372634,2381600
2021-04-14,119.32154083251953,119.7585093558752,118.73295598856005,118.81321384701644,2426300
2021-04-15,120.0082015991211,120.06170682848344,119.30367979215119,119.74957484702023,3309300
2021-04-16,120.70382690429688,120.90002186598882,120.35602921905034,120.55221057310172,2444400
2021-04-19,120.40950775146484,120.73055274414006,120.08846275878965,120.44517336947874,2385200
2021-04-20,119.49098205566406,119.97254280958737,119.13425778642507,119.95470319421554,2734900
2021-04-21,120.73945617675781,120.83755362806761,119.30367362993437,119.49986853255395,2161000
2021-04-22,119.74069213867188,120.83759044102298,119.51774455483236,120.83759044102298,3915800
2021-04-23,120.65923309326172,121.03378339497996,119.5712478135676,119.76744277270197,5335400
2021-04-26,120.49868774414062,121.114025160765,120.38276427107068,120.8375723753572,1857200
2021-04-27,120.73058319091797,120.8910989239169,120.19550353230622,120.6146460897692,2807700
2021-04-28,120.95353698730469,121.16755797561882,120.71274976780963,120.9624499926039,1795400
2021-04-29,122.0147476196289,122.05041324199955,121.09619115000442,121.3904835632093,2674600
2021-04-30,121.26563262939453,121.7204543591996,121.02485906288032,121.56885165181095,3212300
2021-05-03,122.45172882080078,122.91546360551574,121.97908103147924,122.14852337248897,2853500
2021-05-04,122.79951477050781,122.7995147705078,121.65802433849582,122.19310393184364,3076900
2021-05-05,123.42377471923828,123.64672229901122,123.15624850962307,123.15624850962307,2633000
2021-05-06,124.49393463134766,124.5296002569338,123.04031204927439,123.53079944883658,3270900
2021-05-07,125.39464569091797,125.51949579962793,123.9677756419687,124.21747585938863,2598200
2021-05-10,125.57299041748047,126.88392325180729,125.52839818079205,126.06347780577283,3721500
2021-05-11,123.87855529785156,125.00220582751201,123.26321800507232,124.53847120564949,4112600
2021-05-12,121.88101196289062,124.03914344552071,121.78291445878726,123.80728280293268,6327100
2021-05-13,123.61995697021484,124.18178916793255,121.79179789011947,121.87205574475372,4056500
2021-05-14,124.99332427978516,125.3054427016377,124.23529712681322,124.2620497456109,4060500
2021-05-17,125.10032653808594,125.41245854707616,124.62767882685276,124.95763684211107,3873400
2021-05-18,123.9053726196289,125.16280047394596,123.8429407537803,124.97551848404308,2720400
2021-05-19,123.18299102783203,123.18299102783203,121.55992624853205,122.72816929350725,3394000
2021-05-20,123.7894287109375,124.23532393061966,122.8976382715732,123.2811152364738,2609300
2021-05-21,124.23529052734375,124.95763841178764,123.94099812856318,124.2442171382283,2600200
2021-05-24,124.74361419677734,125.07357220751516,124.41364257840134,124.90412989682119,3195300
2021-05-25,123.96775817871094,125.05574337605168,123.7894028496274,125.00223813809056,2856200
2021-05-26,124.19964599609375,124.33340910568977,123.5486292423509,124.1283011350956,2287100
2021-05-27,124.62769317626953,125.20735142240551,124.36907997922238,124.94873822535835,2578900
2021-05-28,124.8060302734375,125.14491488896122,124.57416973039588,125.13600188610353,2267400
2021-06-01,124.93089294433594,125.81377019120565,124.76145061949474,125.74242533823886,3055000
2021-06-02,125.24303436279297,125.35897145850906,124.65444948742869,125.31437922110746,3188900
2021-06-03,125.49273681640625,125.70677139519289,124.53851462791144,124.79714144490038,3876900
2021-06-04,125.89404296875,126.03673269159499,125.50165303474674,126.01889307432914,4316400
2021-06-07,125.71569061279297,126.11699356116527,125.51058263609445,126.10808055614055,2136000
2021-06-08,125.5462417602539,125.7156841004348,124.913078245267,125.7156841004348,2091000
2021-06-09,125.13602447509766,125.66217749907742,125.0914322374837,125.66217749907742,2020100
2021-06-10,125.09144592285156,126.00998896610086,125.0022614378666,125.76920174275494,2877500
2021-06-11,125.18059539794922,125.48381443047136,124.6901216373143,125.41246957620965,1824300
2021-06-14,124.56526184082031,125.13602069280299,123.94101135601426,125.13602069280299,1931900
2021-06-15,124.71688079833984,124.97549400191863,124.2174667923127,124.57419108233209,2540700
2021-06-16,123.85179901123047,124.67224417471574,123.37022479306677,124.67224417471574,2524700
2021-06-17,122.32687377929688,124.05694913797073,121.59561280950157,123.95885166069624,2963300
2021-06-18,119.96361541748047,121.12294534009,119.89227057218966,121.00700826553769,4127800
2021-06-21,122.24661254882812,122.28227817247218,120.72164519098075,120.77515043026668,2147100
2021-06-22,122.32687377929688,122.68359806376782,121.70262329102283,122.30012115891657,2192100
2021-06-23,121.91663360595703,122.62114181520761,121.91663360595703,122.42494689969229,2231400
2021-06-24,122.8330307006836,122.96752375968781,122.28606945756948,122.58196786927694,1932600
2021-06-25,123.61312103271484,123.74761409522901,122.82405858090232,123.06615977532634,1913000
2021-06-28,123.066162109375,123.6220850208418,122.68956784529438,123.6220850208418,2521900
2021-06-29,122.77027893066406,123.6758976056635,122.61784887736121,123.38897447059358,2495000
2021-06-30,123.25446319580078,123.415854870099,122.62679242180074,122.62679242180074,2967500
2021-07-01,124.08836364746094,124.23183205338853,123.53244067686681,123.67589540089416,2086800
2021-07-02,124.47393035888672,124.5815248198589,123.88213345973989,124.22285381345176,1741700
2021-07-06,123.1827392578125,124.2856235030337,122.35781648495683,124.2856235030337,2848300
2021-07-07,123.65795135498047,123.70278693454449,122.65368636395839,122.97648338216227,2431900
2021-07-08,122.42056274414062,122.90476512125223,120.6003503721097,122.14260130041642,3471100
2021-07-09,124.19593811035156,124.32146952484749,123.26342098579593,123.36205378874972,2232700
2021-07-12,124.7249755859375,124.7787728088165,123.43378750924951,123.83728036274002,1804800
2021-07-13,123.8193588256836,124.64428160373102,123.76556159610003,124.34838315912167,2276100
2021-07-14,123.756591796875,124.5008186815063,123.22755381639814,124.03455325267369,2230300
2021-07-15,123.77450561523438,123.98970818482408,122.95855827957276,123.10201297740149,2374500
2021-07-16,122.8330307006836,124.1600790498185,122.67162534798035,124.1600790498185,1838100
2021-07-19,120.60035705566406,121.55978653784219,119.71266176969637,121.17421694344851,4329300
2021-07-20,122.54613494873047,123.02136215880249,120.69902335005008,120.86939040307642,2666300
2021-07-21,123.72069549560547,123.93589804276063,123.18270965056206,123.24546850896378,2815800
2021-07-22,123.31719207763672,123.73862181169191,122.89576234358152,123.73862181169191,1722000
2021-07-23,123.90902709960938,123.99868458618616,123.30826858013735,123.72969844455643,1596200
2021-07-26,124.29457092285156,124.5187351403185,123.69381246186798,123.72968639852559,1717300
2021-07-27,124.39321899414062,124.47392852057772,123.29929638407947,123.78349881510312,1901900
2021-07-28,124.09732055664062,124.63532021738925,123.65796739286566,124.4290929429255,2360200
2021-07-29,125.07466888427734,125.41538918345694,124.67116235641306,124.84152934695172,1835500
2021-07-30,124.50079345703125,125.29881740601758,124.34834977160929,124.83255207165261,2091800
2021-08-02,124.3663101196289,125.8278652545437,124.31251289437536,124.98500557384189,2381100
2021-08-03,125.67542266845703,125.72025824565583,123.77450091402649,124.56356329065416,2565900
2021-08-04,124.33043670654297,125.33468795673365,124.33043670654297,124.91325816097924,1975200
2021-08-05,124.91326141357422,124.95809699167458,124.49183160684626,124.74289442593133,1576300
2021-08-06,125.69335174560547,125.8995926738438,125.25399864174524,125.38849169764167,1612100
2021-08-09,125.6126708984375,125.80097488105619,125.20917800071118,125.60370925427452,1609100
2021-08-10,126.59896850585938,126.69760129546714,125.51400782017397,125.72921036528987,1756200
2021-08-11,127.3880844116211,127.3880844116211,126.57212314360255,126.85008466345676,1891900
2021-08-12,127.51360321044922,127.52256485533209,126.8500720778002,127.41497038913518,1435500
2021-08-13,127.4866714477539,127.6839370602641,127.26250722280126,127.59427957942215,1514200
2021-08-16,127.75566864013672,127.80946586392088,126.46448054172406,127.04731572381495,1984200
2021-08-17,127.28043365478516,127.66600320437144,126.24030845345631,127.23559807712665,2265000
2021-08-18,125.72026062011719,127.22663753278742,125.63955110687613,126.84108166176973,1990600
2021-08-19,125.334716796875,125.80994392154216,124.60842680188937,124.61738844657921,2104700
2021-08-20,125.93544006347656,126.16857957907835,124.97602443832726,125.25398584671727,1918500
2021-08-23,126.5721435546875,126.9935735662658,126.46453537856053,126.50040933123756,1507400
2021-08-24,126.85002899169922,127.08315481657549,126.67070038164857,126.76035784572593,1525300
2021-08-25,127.3880844116211,127.76467876257536,126.57212314360255,126.93078052111082,2089100
2021-08-26,126.63485717773438,127.46875525555969,126.53622436598943,127.41495802768048,1657400
2021-08-27,127.54045867919922,127.7556475387932,126.8320921979798,126.86796612917611,1445400
2021-08-30,127.21765899658203,127.74668317433701,127.13694949405846,127.69288596058507,1746600
2021-08-31,127.1010971069336,127.5494254917905,126.93073013158453,127.06523685617951,2510400
2021-09-01,126.80517578125,127.30730129230905,126.49135417778511,127.30730129230905,1798400
2021-09-02,127.7198257446289,127.72878738917827,127.04733299212509,127.16390278076712,1980200
2021-09-03,127.21765899658203,127.63011342327736,127.05625367343055,127.50458203055761,1414300
2021-09-07,125.96236419677734,126.96662928201091,125.953402552783,126.9038567283529,1925700
2021-09-08,125.88162994384766,126.22236385825057,125.40640300107256,125.77403552114991,2426500
2021-09-09,125.26294708251953,126.29411056933621,125.16431429129179,125.603681030742,2016800
2021-09-10,124.45597076416016,125.92648741836524,124.4111351862721,125.86371487294248,2186200
2021-09-13,125.28089904785156,125.72922748312675,124.61736803816098,125.29883601619402,3678600
2021-09-14,123.88212585449219,125.71129998822401,123.64898629416524,125.585768564163,2321600
2021-09-15,125.137451171875,125.47818521672949,123.84626287758458,123.98973128403914,2561500
2021-09-16,124.60842895507812,125.54094624924602,123.98077176843623,125.20918752528542,1770400
2021-09-17,123.76556396484375,124.70705654627457,123.66693114808623,124.33942389455112,2326800
2021-09-20,121.91841888427734,122.46538004677517,120.58239540685906,121.93635585013357,4587000
2021-09-21,121.60459899902344,122.97648290054272,121.57770038776997,122.66266120861944,2780400
2021-09-22,122.62680053710938,123.46069862186532,122.37573768365368,122.62680053710938,2006600
2021-09-23,124.29457092285156,124.94016496370814,123.128927937542,123.29928125002252,1987700
2021-09-24,124.45330810546875,124.90425854807756,124.05646951406653,124.06548356862919,1291800
2021-09-27,124.98542022705078,125.58067808511242,124.71484722230323,124.75994501674694,2104800
2021-09-28,123.61454772949219,124.97642703468517,123.35300249712363,124.75095178674377,3266000
2021-09-29,124.1196060180664,124.66075210017009,123.51533402480332,123.91217265009048,2706300
2021-09-30,122.0903091430664,124.57956420458376,122.04522511176647,124.40820084751822,2583300
2021-10-01,123.52434539794922,124.16468728921303,121.69347402739588,122.74871012321206,2412900
2021-10-04,123.04633331298828,124.46232433322342,122.55029882698979,123.47022783739526,2264400
2021-10-05,124.0474624633789,124.687818254323,123.10047738490553,123.47927416867842,2267400
2021-10-06,124.27293395996094,124.31803176278898,122.3248382398117,123.12752958724873,2399000
2021-10-07,125.2740707397461,126.10383195135138,125.09369325275718,125.1207491877095,2310300
2021-10-08,125.40027618408203,125.74300287824924,125.09363322715006,125.31009436482096,1477500
2021-10-11,124.45330810546875,126.10378837684684,124.42625217986544,125.56264234095012,1320200
2021-10-12,124.08353424072266,124.78701588013602,123.79491933126263,124.48938691547401,2515800
2021-10-13,124.21881866455078,124.5164476406806,122.88400906165812,124.08353902172671,2312300
2021-10-14,126.1939697265625,126.25710939400612,125.03953769884342,125.2379569937872,2240600
2021-10-15,127.059814453125,127.59193272841014,126.81629733521338,126.9425629219237,2162200
2021-10-18,126.60887908935547,127.1951092915663,126.10381668217349,126.61789314594141,3871700
2021-10-19,127.73621368408203,127.73621368408203,126.83431289131023,127.08684401233322,4317300
2021-10-20,129.0259552001953,129.06203894696458,127.7903552307327,127.8264252155848,3048000
2021-10-21,128.73733520507812,129.04397819817805,128.2322591576066,128.8906567016281,1723800
2021-10-22,129.22438049316406,129.42279982381254,128.62912250121866,128.82754183186714,2306000
2021-10-25,129.43179321289062,129.63924032848297,128.91771685605426,129.43179321289062,2620000
2021-10-26,129.47691345214844,129.93689179853024,129.34163379845847,129.54005313181574,1798100
2021-10-27,127.76326751708984,129.46785943707,127.74522564819361,129.46785943707,2495100
2021-10-28,128.93576049804688,128.93576049804688,127.97071991601365,127.97071991601365,1598300
2021-10-29,128.73733520507812,129.1792578239824,128.4216643956478,128.74634925949337,2145600
2021-11-01,129.20631408691406,129.4768871011452,128.7914473920861,129.18828597803645,1886400
2021-11-02,129.81964111328125,130.00903262969584,129.12517344195226,129.5039702366995,1690300
2021-11-03,130.5140838623047,130.55015384266608,129.39572180428522,129.44081960117353,2032600
2021-11-04,129.99099731445312,130.62232527071774,129.3596555962712,130.56821341188325,1495800
2021-11-05,130.66741943359375,131.30776142785308,130.26155297980705,130.6223216318489,2353000
2021-11-08,130.91087341308594,131.42496338761634,130.55913271121682,131.0822367379294,1629300
2021-11-09,130.84779357910156,131.00111509163426,130.28861938493336,130.83877952374667,2103800
2021-11-10,130.63134765625,131.3348293897905,130.4509701946608,130.72154326800367,1916300
2021-11-11,130.72149658203125,130.9559858221597,130.48699357998953,130.79365029328153,2020500
2021-11-12,131.0642547607422,131.24463220125045,130.51409462194619,131.13639472741224,1320800
2021-11-15,131.1363983154297,131.41599918207172,130.90190901254473,131.39795730895227,1745700
2021-11-16,130.91993713378906,131.4971531557277,130.8477834108073,131.1995242091462,1617200
2021-11-17,130.333740234375,130.76666272818062,130.08120899394862,130.72156491483582,4282000
2021-11-18,129.84666442871094,130.39682448901547,129.34160216257848,130.25251705243062,2732000
2021-11-19,128.60202026367188,129.42275322110382,128.52986655469746,129.3505995121294,1931900
2021-11-22,129.377685546875,130.37879612880633,128.80949731955766,129.00790286302737,3114300
2021-11-23,130.48699951171875,130.5952369644711,129.43177724030213,129.60314059207226,2962400
2021-11-24,130.42388916015625,130.5411406804844,130.11724615828402,130.2344839166966,2368600
2021-11-26,127.68212890625,128.06092566808707,126.88845163654364,127.7903526205129,3275400
2021-11-29,127.9616928100586,128.67418840297623,127.31232311837739,128.57497876224954,2889900
2021-11-30,124.8230972290039,127.10490573727333,124.75997131300912,126.86140236739939,5130200
2021-12-01,124.07450866699219,127.61897246252907,124.04743898006654,126.5186523057152,4430600
2021-12-02,126.49159240722656,127.1048783707547,124.29095216272748,124.55251111216684,4657000
2021-12-03,126.42845153808594,127.42054795423842,125.42735482985184,127.12291902939266,5961200
2021-12-06,128.13307189941406,128.90869348879522,127.4115484020815,127.55584209201515,4034800
2021-12-07,129.5490264892578,129.9639069000991,128.96279649154607,129.03495020481904,2562400
2021-12-08,129.35960388183594,129.96388942902377,128.85454171873428,129.72037239970268,2682900
2021-12-09,129.1341552734375,129.6211894322311,128.65614893064188,128.93574975020132,2231200
2021-12-10,130.2165069580078,130.2796328893473,129.35067570223603,129.87378007898468,2919600
2021-12-13,129.67530822753906,130.20742644717075,129.30552556159213,130.00900715139022,2519500
2021-12-14,129.72039794921875,130.36976764736588,129.1341541529366,129.15219602286138,3054700
2021-12-15,130.93797302246094,131.05522454951196,129.26946452584207,129.80158278229217,4284400
2021-12-16,131.84889221191406,132.73275122340988,131.43401175072972,131.60537512030768,3822700
2021-12-17,129.90078735351562,131.36186242825733,129.88274548192544,131.3528483734201,4185000
2021-12-20,128.62911987304688,128.76441328404346,127.45665954924812,128.74637141019375,4162900
2021-12-21,130.12625122070312,130.3517264291895,129.25140631082283,129.35963000708364,3041300
2021-12-22,130.8748321533203,130.9559999265014,129.7023583025727,130.04508502744585,2556600
2021-12-23,131.65049743652344,132.06536421306078,131.3258125078813,131.35286843844165,2283100
2021-12-27,133.01449584960938,133.02356601554794,131.6895177007545,131.92546664339153,2303300
2021-12-28,133.3502655029297,133.7041958234109,132.97818100387533,133.03262969201384,2223900
2021-12-29,133.6225128173828,133.90384025015362,133.2232040040643,133.3684097266492,2329600
2021-12-30,133.45005798339844,134.32126446204538,133.3593009617331,133.84028271188924,2288700
2021-12-31,133.5045166015625,133.99456855135617,133.295792053278,133.35024073130194,1963100
2022-01-03,134.05813598632812,134.08536033239616,133.09617216503878,133.72235981976763,2859700
2022-01-04,135.59181213378906,135.96389658706718,134.4846427859141,134.6752131709537,3145900
2022-01-05,134.7478485107422,136.9258932264264,134.7478485107422,136.00022387607103,6116700
2022-01-06,134.9837646484375,135.57364376572716,134.53000722049845,135.15618083908902,3951400
2022-01-07,135.60086059570312,135.93663664256204,134.81132714602862,134.92022449147973,4447400
2022-01-10,135.48292541503906,135.75518271903456,134.21240979316906,135.61906099082768,5227000
2022-01-11,136.4085693359375,136.4448776884267,134.65707213676063,135.66441428085886,4536200
2022-01-12,136.4267578125,136.78975834318237,135.82779447404977,136.571963563806,4453700
2022-01-13,136.14540100097656,137.17996752293635,135.7642463715787,136.56285013659246,4510500
2022-01-14,135.95480346679688,136.0274063197124,134.72966667374013,135.21971862144716,3875400
2022-01-18,134.112548828125,135.30139111390693,133.52266969089186,135.18342359500724,4762700
2022-01-19,132.9327850341797,134.76596909720115,132.8420418483856,134.4301929993627,4150500
2022-01-20,131.77117919921875,134.3757567440188,131.63505748415096,132.95095150426758,4332000
2022-01-21,130.23748779296875,132.23403210294688,129.93800614647202,131.72581201194598,6466700
2022-01-24,130.3463897705078,130.564184517897,126.18996922100374,128.73101410532865,9886000
2022-01-25,130.22840881347656,131.09962934864853,127.07933050300277,128.86713624748202,5758200
2022-01-26,129.57498168945312,131.96175040669038,128.40429351282307,130.96347843624693,5951500
2022-01-27,129.35720825195312,131.89825353701403,128.70381005916073,130.5279105941181,4952300
2022-01-28,130.94534301757812,131.01794588469946,127.8960918363873,129.05772386274757,5122100
2022-01-31,132.07066345214844,132.179560826373,130.00153025639756,130.27378753953965,5193800
2022-02-01,132.9600067138672,133.17781528105655,131.5805939977375,132.1795433242454,4624200
2022-02-02,134.14886474609375,134.39388380903128,132.5879379453452,132.87833552468638,4422000
2022-02-03,132.996337890625,134.12164772861775,132.8511321542449,133.81309592449594,4437800
2022-02-04,132.83297729492188,133.78587089461132,131.75303213844592,132.5244254923805,3097700
2022-02-07,133.08705139160156,133.85844457734973,132.3973450690769,132.99630821229937,3520200
2022-02-08,133.9673614501953,134.23961872292517,132.8601920293193,133.13244930204917,3814300
2022-02-09,135.26512145996094,135.48291621029492,134.67522836678458,134.793209754936,4396600
2022-02-10,133.3411865234375,135.50107688500628,132.77853159465832,134.14888825325224,5989600
2022-02-11,132.02525329589844,134.2123673547271,131.59872021894589,133.37745537470306,5710100
2022-02-14,130.936279296875,132.16143023753173,130.00153983899799,131.94362162544695,3683000
2022-02-15,132.26124572753906,132.61517603605893,131.6532123179065,131.77117985569282,3021300
2022-02-16,132.57882690429688,132.98720577351443,131.67131215155737,131.85281233259002,2660300
2022-02-17,130.77291870117188,131.8347096029578,130.49157741562883,131.78933108286503,3071100
2022-02-18,130.2737579345703,131.38092714618261,129.7292434920281,130.57323949321076,3371300
2022-02-22,129.3118133544922,130.5641745995861,128.41336854702044,130.12857129031775,5069900
2022-02-23,127.85074615478516,130.2193613871275,127.58755899142321,129.85634699759083,4340800
2022-02-24,127.46953582763672,127.67826035583262,124.69252888748329,125.54559502129739,6623000
2022-02-25,131.2720184326172,131.57149999692345,127.99588924727509,127.99588924727509,3866800
2022-02-28,130.54603576660156,130.890882043584,129.02140339531917,129.1393847742651,5512400
2022-03-01,128.58580017089844,130.75476042660168,127.77811238984359,130.00152132892,5013200
2022-03-02,131.22665405273438,131.7983789971258,129.26641863533507,129.41162433608565,3328400
2022-03-03,131.56243896484375,132.37919685322024,130.60954553001872,131.6985606637136,3043800
2022-03-04,131.52615356445312,131.61691061125575,129.8291048003771,130.06506758303144,2931100
2022-03-07,128.91250610351562,131.13591504232986,128.78545455979994,131.13591504232986,4647400
2022-03-08,127.6419906616211,130.43713877408103,127.59662598561543,129.37534779053826,5250100
2022-03-09,129.5477752685547,130.45529033173196,129.13031224655754,129.52055092446582,3658300
2022-03-10,129.52960205078125,129.69296193888343,128.13203515184824,128.30446520411988,2278000
2022-03-11,128.60397338867188,130.5732795318576,128.50414617184762,129.80188614298103,2296400
2022-03-14,128.78546142578125,130.23747716743225,128.24094686792435,129.31182180568814,2784200
2022-03-15,130.29190063476562,130.47340081710374,128.8126471459364,129.32085319551356,5261500
2022-03-16,131.78933715820312,131.88916436797706,129.54777386857268,130.99071948001165,3060200
2022-03-17,133.45916748046875,133.45916748046875,131.262982615152,131.2992771259687,2975600
2022-03-18,133.6951141357422,133.84939002136574,132.45180919087997,133.13244542911428,2949900
2022-03-21,134.20330810546875,134.92930894882466,133.5771206076326,134.1851539301113,2516900
2022-03-22,134.9384307861328,135.35588000332368,134.4302245142923,134.8567577454975,3613300
2022-03-23,133.67201232910156,134.85810222383793,133.6446422018312,134.65737867603335,3088700
2022-03-24,134.9493408203125,134.9858296815608,133.9001015964666,134.19206817338352,1523000
2022-03-25,136.3544158935547,136.36354855178755,135.08621543361392,135.23219874798835,4142600
2022-03-28,136.18104553222656,136.18104553222656,135.05882852605637,135.9894546374268,3101400
2022-03-29,137.0386962890625,137.14819073512868,135.87085762374696,136.77411371468392,4094300
2022-03-30,136.828857421875,137.3945253741414,136.22668667942247,136.92010047560493,3862700
2022-03-31,134.8307342529297,136.96568774455983,134.8033641252216,136.30877683609927,2378200
2022-04-01,135.35992431640625,135.4420347062385,134.1829669636073,135.39641318242022,3106400
2022-04-04,135.00413513183594,135.25959902806557,134.0826413577032,135.2139774919378,4141700
2022-04-05,134.31068420410156,136.07156067289304,133.98222875892117,134.67562851130958,3991400
2022-04-06,134.78512573242188,135.03147082728708,133.59903570432175,133.71764888365215,3694300
2022-04-07,135.5059051513672,135.9529598801195,133.97310829379504,134.63915190157306,3775500
2022-04-08,136.4639129638672,136.8744788619206,135.51503532392528,135.68838877286095,2961200
2022-04-11,135.2230682373047,136.60074910220087,135.04058214935858,136.15368046150715,2530600
2022-04-12,134.89462280273438,136.44565721350315,134.4201839979073,135.5424011292288,3168600
2022-04-13,135.56979370117188,135.6884069024466,134.4931979170197,134.7030402624204,3567700
2022-04-14,135.07705688476562,136.39999721724217,135.0405541060632,135.59710314656135,1629600
2022-04-18,135.02235412597656,135.80699702515403,134.48404240364206,134.8124978945009,2262600
2022-04-19,136.45477294921875,136.70111804346456,135.0405892239526,135.07709201214772,2245800
2022-04-20,137.58615112304688,138.19744069505728,137.0843420947585,137.09346083282284,2836600
2022-04-21,136.12631225585938,138.58060260302955,135.9438400870692,138.2065256078825,3378400
2022-04-22,132.56805419921875,135.60626379282422,132.4494410265493,135.59713113539803,2631700
2022-04-25,132.5498046875,132.85089003042643,129.6028380959242,131.7286729680527,3043400
2022-04-26,130.24151611328125,132.7505470716807,130.20502724308656,131.87466104791193,2516600
2022-04-27,130.4422149658203,131.70129653566536,129.75793392511903,130.43309623043498,2923200
2022-04-28,132.3490753173828,132.76877381624374,129.91303647341218,131.09912639968854,3184500
2022-04-29,128.37112426757812,131.947631609362,128.17953336665664,131.61005740753492,3629400
2022-05-02,128.42584228515625,129.39297104487525,126.10841695196325,128.61744707463086,5083900
2022-05-03,129.52073669433594,130.47871912624356,128.489748683853,128.9185659667051,3082900
2022-05-04,132.97860717773438,133.18844945221105,129.46595915528988,129.74880699517195,2647100
2022-05-05,130.07728576660156,132.23047699343573,128.89119570716568,132.00238328668786,3062000
2022-05-06,130.013427734375,130.39662353498372,128.1886778714364,129.45687846930926,3968200
2022-05-09,126.94783782958984,128.7634688180501,126.52813926721599,128.58098270813545,3761600
2022-05-10,126.56464385986328,128.64485746253996,125.39680513280744,128.11567836407156,4226300
2022-05-11,125.91681671142578,128.86379676743343,125.80733621161737,126.58286020987873,6435800
2022-05-12,126.13581085205078,126.33653441343834,124.12858915990927,125.50627003876563,5034900
2022-05-13,127.81456756591797,128.15215566954157,126.62847767914239,127.04817616402593,3282200
2022-05-16,128.23428344726562,129.1557770015709,127.17592531722687,127.72335577669104,3999200
2022-05-17,130.26885986328125,130.32360011835488,129.01891096665642,129.68494060627404,3947100
2022-05-18,125.93510437011719,129.33825879598086,125.50628706006292,129.24702966044467,2664100
2022-05-19,124.82200622558594,125.98072623167135,123.78189940992053,124.57566110768897,3169500
2022-05-20,125.06832122802734,125.98069589652326,122.65965266006745,125.56099742345279,2913500
2022-05-23,127.31275177001953,127.86018212542125,125.99894397617344,126.31826674871424,2548300
2022-05-24,127.84194946289062,128.0882945510834,125.47890212863426,126.74710251342779,2291900
2022-05-25,128.72695922851562,129.1101549799734,127.33102687615695,127.61386084115665,3090200
2022-05-26,130.4422149658203,130.96226131745192,129.18313339597526,129.42035973332776,2807400
2022-05-27,132.52244567871094,132.56806720511608,130.66120712830494,130.83454665386802,2299400
2022-05-31,131.4640655517578,132.40381036736724,130.82540605402318,131.77426960469563,3880500
2022-06-01,130.43309020996094,132.10272362108043,129.3017405963978,132.0206132412023,3097100
2022-06-02,131.5370635986328,131.55531499137996,129.02803308264188,130.5425784807834,2534800
2022-06-03,130.45135498046875,131.25424932081464,130.28713418634473,130.58821956397443,3142700
2022-06-06,130.69769287109375,131.81991000080166,130.46048042988875,131.43671424728518,2180300
2022-06-07,132.17572021484375,132.2578445195295,129.85829456943043,129.90391608942625,2326700
2022-06-08,130.45135498046875,131.74692562492234,130.1867723938015,131.51883190748188,1830100
2022-06-09,127.65947723388672,130.43310435445517,127.64122584024588,130.00428709516817,1911200
2022-06-10,124.94062042236328,126.20882097029076,124.83113988985434,125.9168543212855,2622800
2022-06-13,120.80754089355469,122.78739237972164,120.18711884014866,122.25821336767146,4276800
2022-06-14,119.95903778076172,121.85677908243169,118.97367130171759,121.2090007545389,5357500
2022-06-15,120.57946014404297,121.95714111717804,118.76382923150996,120.82579132300246,3363700
2022-06-16,117.31315612792969,118.29852260499229,116.61062361783475,118.2437823432224,5583700
2022-06-17,116.79308319091797,118.26200705070437,116.01757302999559,117.53211841024412,4732800
2022-06-21,119.63970184326172,120.09588920461422,118.31674735795272,118.5904625591109,3435700
2022-06-22,119.35685729980469,120.51556307102116,117.9426738209396,118.06127305757295,2628400
2022-06-23,119.71036529541016,120.30722681521922,118.30546601159472,119.71036529541016,3346100
2022-06-24,122.79566192626953,122.80485325084081,120.42661202918569,120.66536228939108,3414900
2022-06-27,123.09870147705078,123.71391784353715,122.53857702231427,123.18133934467556,3083400
2022-06-28,121.97842407226562,124.85250622725786,121.8223256883845,124.00773108504936,3897600
2022-06-29,121.51931762695312,122.46509934283878,121.10611433544794,122.2079944498504,3680600
2022-06-30,121.09693145751953,121.74887097365331,119.75630113896747,120.18787304904596,3205900
2022-07-01,122.31819152832031,122.56610509502251,119.8940496868497,120.83983139700749,2198100
2022-07-05,120.9683837890625,120.97756110262178,118.65442575604155,120.88573192236602,2760100
2022-07-06,121.07857513427734,121.82234390268941,120.06851013324454,120.93165404118774,2860300
2022-07-07,122.31819152832031,122.63956563702655,121.69378392686878,121.94171150473672,3554300
2022-07-08,122.2079849243164,122.87830706772738,121.83150492779761,122.3457286848589,2027900
2022-07-11,121.51014709472656,122.06108017709205,121.25304218738935,121.4734098158689,2376400
2022-07-12,120.91326904296875,122.16207014294241,120.42660524772269,120.94082900396515,2946100
2022-07-13,120.07769775390625,120.91328167134493,119.16863928102298,119.61857986054088,2197800
2022-07-14,119.04924011230469,119.21452980635506,117.55252560967337,118.07591261664558,3471900
2022-07-15,121.44585418701172,121.50096010090806,119.94913945521682,120.61027031031801,2282500
2022-07-18,120.51844024658203,122.5661020129786,120.19705213479166,122.31818845251043,2823900
2022-07-19,123.23643493652344,123.48434851861488,121.43668657361926,121.54687038788211,2165500
2022-07-20,123.03439331054688,123.44759652906156,122.34571660930128,123.08948520486038,2314700
2022-07-21,123.53025817871094,123.53025817871094,121.82233907000544,122.54775318137912,2962500
2022-07-22,123.28233337402344,124.27402971863978,122.54775594349255,123.86082641117456,2123400
2022-07-25,124.2281265258789,124.39341627073215,123.30989064228963,123.64964744681167,2285200
2022-07-26,123.69554138183594,124.30156631529054,123.46598244928282,123.95264626540221,1386200
2022-07-27,125.11878967285156,125.59627615324152,123.42006205851548,123.8608112651714,2234900
2022-07-28,126.23904418945312,126.5512549860205,124.25566566189008,125.30245383324693,1863500
2022-07-29,127.2215576171875,127.49703112634565,126.06457168095626,126.06457168095626,2477100
2022-08-01,126.80839538574219,127.24914473629339,126.21153358760091,126.39517798273313,2306100
2022-08-02,125.81666564941406,127.2399338557907,125.7432051085055,126.69816411798574,1834700
2022-08-03,126.70734405517578,127.06545540294249,125.83500896726328,126.45023919068502,1967000
2022-08-04,125.93600463867188,126.69814185411137,125.807452217463,126.63387264908846,1732600
2022-08-05,126.25741577148438,126.33087631290948,125.06370649286632,125.21062757571652,3598900
2022-08-08,126.40432739257812,127.30419443813794,126.174768471995,126.7165241618917,1864900
2022-08-09,126.61554718017578,127.08384244326768,126.28498169706155,126.67063909216685,1986000
2022-08-10,128.3968963623047,128.51627148385577,127.8551406756974,128.0295936849031,1759800
2022-08-11,129.0672149658203,130.03136530695488,128.8927479312802,129.0580376523266,2833000
2022-08-12,130.93121337890625,130.9771279620288,129.26003184032191,129.54468264005263,1597900
2022-08-15,131.14244079589844,131.25262460590088,129.77426443998183,130.049737976154,1845200
2022-08-16,131.70252990722656,132.18920768221645,130.84857749524778,130.86694613100457,2065800
2022-08-17,131.01388549804688,131.64747048187283,130.42621510935578,130.6006821641678,1877100
2022-08-18,131.4637908935547,131.5831660066914,130.8026601319972,131.16996278350888,1744500
2022-08-19,130.5731201171875,131.09652121711846,130.27929196463765,130.9587774486898,1696600
2022-08-22,128.43360900878906,129.45285108619078,128.18569548459433,129.45285108619078,2617200
2022-08-23,128.2040557861328,129.0121076342472,128.04795740841325,128.43361469651404,1548500
2022-08-24,128.58058166503906,128.84687794240074,127.89190468803807,128.16737828107225,1641800
2022-08-25,130.15074157714844,130.15991889072245,128.66319011937603,128.93866364942025,1496500
2022-08-26,126.6522445678711,130.33437872667807,126.63388994173701,130.15991170024935,2096600
2022-08-29,126.21148681640625,127.1480910990157,125.62381656305921,125.97275059232165,2742000
2022-08-30,124.8157730102539,126.36759359790352,124.38421511794834,126.24823248350621,2326600
2022-08-31,123.8149185180664,125.348370704576,123.77819524901948,124.87089815113022,2030000
2022-09-01,124.37503051757812,124.43012242122674,122.5110130512494,123.25478177283718,3807800
2022-09-02,123.33743286132812,126.0278568877434,122.85075502278248,125.66974550512103,2826200
2022-09-06,122.97930145263672,123.98936633430569,122.5293749235737,123.6771695567589,2688300
2022-09-07,124.824951171875,124.98104954436879,122.52017082166046,122.6395459346348,1820700
2022-09-08,125.74321746826172,125.83503264504812,123.86083120455416,124.30158048216285,2083700
2022-09-09,127.20317840576172,127.53374378703836,126.27576548022942,126.39512658238243,1536800
2022-09-12,128.3142547607422,128.7366353134433,127.72658450525414,127.91940614548079,2169700
2022-09-13,123.92510986328125,126.59716539560577,123.48434659077778,126.28496858595727,2282200
2022-09-14,124.10872650146484,124.61375888143006,123.13539901162096,124.15464108349137,1799000
2022-09-15,123.43843841552734,124.63214782107218,123.15378754421674,123.86083307084337,2713500
2022-09-16,122.59363555908203,122.78647120887659,121.71213718872852,122.58445824667808,2695600
2022-09-19,123.37415313720703,123.40169908819013,121.51931304107497,121.57440494304117,1825500
2022-09-20,121.78560638427734,122.52937506565743,120.9591858407267,122.46509184076534,2001800
2022-09-21,119.88484954833984,123.12622041595115,119.85730359850919,122.52937282140064,1855700
2022-09-22,119.29718780517578,120.19705492343473,119.12272076965128,120.07769380268039,2903700
2022-09-23,117.1655502319336,118.17312435958446,115.72351494741203,118.17312435958446,4578800
2022-09-26,115.51091003417969,117.11933463544491,114.98401195518849,116.49999965798713,3508700
2022-09-27,114.99324798583984,116.96218126049496,114.32769108948243,116.27813980700881,5388000
2022-09-28,117.36892700195312,117.94204002826757,115.27981915599493,115.77898689188672,4114000
2022-09-29,115.53863525390625,116.73109023273398,114.79913304661788,116.62940753320335,3678100
2022-09-30,114.14282989501953,116.19495448176981,113.94870323510632,115.492428393686,5167900
2022-10-03,117.19329071044922,117.72018880623395,115.06721376802115,115.32603991297034,3079900
2022-10-04,120.60426330566406,120.63199367006445,118.39498827697803,118.39498827697803,2745700
2022-10-05,120.25299835205078,120.96477731364605,118.85718489941208,119.45802829370166,2459700
2022-10-06,118.75548553466797,120.41012490400458,118.55212014559214,119.69836014720447,2816900
2022-10-07,116.43529510498047,118.11767207463825,115.77898394647214,117.9327982745594,2537100
2022-10-10,115.84369659423828,117.17481059298909,115.2613377460267,116.84203209330138,2645600
2022-10-11,115.7235107421875,117.13781561253339,115.02097768314937,115.26131923933026,3914700
2022-10-12,115.26133728027344,116.42605497199017,115.2151153017599,115.83445031993234,2249500
2022-10-13,118.589111328125,119.00509504089688,113.27391512375114,113.58820201809479,2815000
2022-10-14,116.75882720947266,120.05888164983195,116.50924687534032,119.20845088966122,2209100
2022-10-17,118.77398681640625,119.31936944744736,118.30254947174679,118.34876439417492,3248300
2022-10-18,120.3731689453125,121.14040861431798,119.19919845370492,120.68745581551711,3194400
2022-10-19,119.4580307006836,120.39166671073501,118.62609150644784,119.75384007950275,2637200
2022-10-20,118.4596939086914,120.47485649119078,118.18238319780781,119.51349012551319,2013400
2022-10-21,121.3807373046875,121.59334145901447,118.21934893331064,118.45044469822093,3818800
2022-10-24,122.98918151855469,123.35892913834162,121.87067169550275,122.09252873035545,3060900
2022-10-25,124.25557708740234,124.36649854802506,122.57320714643396,122.9891767287362,3464200
2022-10-26,125.03205871582031,126.07661617992575,124.56062839116335,124.76399381081161,2489200
2022-10-27,125.51274871826172,126.73294130244514,125.29089167432797,126.07662302974622,3513500
2022-10-28,128.07327270507812,128.1841941560224,125.61441043939796,125.75306225307828,2237300
2022-10-31,127.53713989257812,128.30437957295607,127.25058338285189,127.46318755055732,3308100
2022-11-01,127.79594421386719,128.6278832358414,126.98248269551755,128.6278832358414,2135400
2022-11-02,125.83626556396484,129.33043226610033,125.79004359177421,127.51863533297258,5056800
2022-11-03,125.57745361328125,126.30771007840465,124.26481715881049,124.74550033488568,5104500
2022-11-04,127.2413330078125,127.97160358391595,125.49424944525404,127.25982461992035,6170000
2022-11-07,128.34132385253906,128.54468922749555,127.23206714684454,127.78670255217394,2577400
2022-11-08,129.09934997558594,129.76490695064723,127.88841034470047,128.60017519180644,5176900
2022-11-09,126.94554901123047,129.025411251578,126.74218357488789,128.55398088822125,3103700
2022-11-10,131.40106201171875,131.54896670415403,129.31196112469974,130.39348774131807,3494000
2022-11-11,131.4750213623047,131.8817522356865,130.40274754744277,131.87251348128004,2492500
2022-11-14,130.72625732421875,132.4456104677646,130.68928820611714,131.08676617181868,5054200
2022-11-15,131.22543334960938,132.3254374094441,130.05146284293383,132.07586412370782,7610600
2022-11-16,130.4674072265625,131.28086872510127,130.29177221165398,131.0590117423277,3005500
2022-11-17,130.47669982910156,130.52292181604355,129.10861646643357,129.10861646643357,2374300
2022-11-18,131.61366271972656,131.8447584814314,130.790962372256,131.37331410037532,3798900
2022-11-21,131.75233459472656,131.9557000243875,130.89266500067916,131.33636498131756,2452000
2022-11-22,133.3699951171875,133.44394745921275,132.3161989270199,132.60275543676337,2469700
2022-11-23,133.7489776611328,133.88762946824934,133.00022969277336,133.11115113846657,2159500
2022-11-25,134.11874389648438,134.33136217029616,133.78596540809104,134.0078224353423,1201100
2022-11-28,132.28848266601562,133.63808836817446,132.06662561628625,133.0926915507108,2293200
2022-11-29,132.70443725585938,132.8893110572018,131.9464504388653,132.39015038308054,1962700
2022-11-30,135.18179321289062,135.2834759207905,131.62291254136233,132.69520035103963,3095300
2022-12-01,134.99691772460938,135.97677577496472,134.4422962618271,135.7364271132875,3688500
2022-12-02,134.95993041992188,135.14480421594217,133.49940345291853,133.5641170392572,2268300
2022-12-05,132.70443725585938,134.2851385830161,132.29770642992585,134.2666469713918,2281400
2022-12-06,131.53970336914062,133.07418253022774,130.8094329023135,132.54727745125385,2272500
2022-12-07,131.54893493652344,132.47331788356382,131.10523507133408,131.41028313645316,2636800
2022-12-08,132.20529174804688,132.57503939314842,131.76157764796278,131.97419594361628,2240600
2022-12-09,131.13299560546875,132.49183997868968,131.08677362648803,131.8540133416716,3011500
2022-12-12,132.9817657470703,133.01873486833685,131.1237606203713,131.5212386201009,2239800
2022-12-13,133.3699951171875,135.84734920764896,132.6674690253981,135.84734920764896,2955500
2022-12-14,132.8800506591797,134.4792292325053,132.12204986068866,133.44392482965375,3524600
2022-12-15,130.43048095703125,131.67838986949505,129.7094631573938,131.37334170734553,2940000
2022-12-16,129.09934997558594,129.51531955875748,128.13798363162317,129.22876304823856,2841600
2022-12-19,128.67413330078125,129.7001991745717,127.90689358389581,129.15481649430527,2736900
2022-12-20,128.9699249267578,129.5337991420186,128.38755910141603,128.64638522268666,3072100
2022-12-21,130.707763671875,131.00357303193675,129.68169787473158,130.05145957480877,2700500
2022-12-22,129.7122802734375,130.24309334947156,127.81255887462017,130.24309334947156,2956300
2022-12-23,130.59693908691406,130.62487511514465,129.2373241381918,129.64707149834308,2441800
2022-12-27,130.90426635742188,131.2581274968148,130.19651565947854,130.8390728101571,2904200
2022-12-28,129.553955078125,131.45369044804917,129.47945425875756,131.2301879899468,2920100
2022-12-29,131.00668334960938,131.28605786518906,130.04750840679563,130.11270195124808,2724800
2022-12-30,130.718017578125,130.80183988977493,129.60053358845138,130.45727178752048,2922100
2023-01-03,130.49452209472656,131.54681247380884,129.5074110549036,131.05325695389737,2782400
2023-01-04,131.63064575195312,132.31044628158142,130.60627711039245,131.17433350078878,2436100
2023-01-05,130.76454162597656,131.27672577277784,130.22442145385662,131.05322336065308,1852100
2023-01-06,133.53965759277344,133.89353293513219,131.49093477772587,132.07761985383047,2200200
2023-01-09,132.54324340820312,134.37778530345335,132.4594353117693,134.12634680457296,3034900
2023-01-10,133.2137451171875,133.23237387633478,131.99382427026865,132.64568874462455,1649900
2023-01-11,134.0518341064453,134.07977013611503,132.9995438332051,133.88421792842706,2463600
2023-01-12,134.34051513671875,134.90857141946358,133.39996898740384,134.57332485571945,2342000
2023-01-13,134.59197998046875,134.81548246994478,133.12062056297404,133.28825098247617,2615300
2023-01-17,133.82835388183594,134.76890009271094,133.66072348420343,134.7037065465265,2918200
2023-01-18,131.31399536132812,134.05184006732446,131.2394945423702,133.9959680055006,4896500
2023-01-19,130.42001342773438,131.09981385981754,130.03820206070452,130.60625836958997,3456700
2023-01-20,131.88206481933594,131.9193223373181,129.97303620535078,130.71801605003782,2815500
2023-01-23,132.80397033691406,133.5117067334507,131.81685944899456,132.03104040157143,3527500
2023-01-24,132.8412322998047,133.2323651684341,131.82618524110842,132.42217760864906,2349500
2023-01-25,133.26031494140625,133.26962221654136,131.63995386433484,132.03107256371476,1909300
2023-01-26,134.07046508789062,134.11702987463886,132.91572374059294,133.8376553637274,2078000
2023-01-27,133.67933654785156,134.36844418616678,133.36271875675664,133.94008228282112,2716700
2023-01-30,132.69223022460938,133.9866516711167,132.5711646257923,133.15784965442606,4166400
2023-01-31,134.35914611816406,134.37777487467437,132.5804764252419,132.83191490460868,1914900
2023-02-01,134.71304321289062,135.65358952977013,132.80400033506066,133.97735641241746,1954000
2023-02-02,134.73165893554688,135.0762270465669,133.88424219931437,134.86204604374598,5365800
2023-02-03,133.98666381835938,134.80614442661835,133.61415971498838,134.43365453282595,2576300
2023-02-06,133.62350463867188,133.79112085740795,133.01819069310235,133.4558742103547,1922300
2023-02-07,134.57333374023438,134.91790180961652,132.7015485913416,133.27891218551602,1926300
2023-02-08,133.67933654785156,134.4336377246976,133.50239889707004,133.8562741986331,1349300
2023-02-09,132.5618438720703,134.62919506698807,132.2917766728772,134.62919506698807,1826200
2023-02-10,133.86557006835938,133.97731417109136,132.57114877660314,132.76671516595977,1675200
2023-02-13,134.99240112304688,134.99240112304688,133.82835246418554,133.8749030428773,1453100
2023-02-14,134.43365478515625,135.32765042534606,133.53965914496644,134.64783576400995,2194600
2023-02-15,134.38705444335938,134.40568319602923,133.37200767126242,133.632753370341,1634200
2023-02-16,133.27890014648438,134.3218973247653,132.9064102889694,133.1671560311453,1562100
2023-02-17,133.53965759277344,133.72591674743288,132.50598180655882,132.7574202976863,1391500
2023-02-21,131.39784240722656,132.96231727121523,131.1743399082649,132.53395524351495,1881700
2023-02-22,131.06259155273438,131.88207227010318,130.61558656917265,131.4537102561655,1437200
2023-02-23,131.31399536132812,131.95655249145932,130.1965114961157,131.58406260624793,2171200
2023-02-24,130.66212463378906,130.96943516852582,129.70294972669137,130.1965051950202,1873800
2023-02-27,130.65281677246094,131.9099807257325,130.39207102469007,131.51886210407616,1941700
2023-02-28,130.01026916503906,130.75526316000486,129.94507561854945,130.72732712853178,1655700
2023-03-01,129.8612518310547,130.25237043399184,129.36769638856896,129.65637815195757,2159700
2023-03-02,130.52247619628906,130.83909408127525,129.06974546792318,129.57260833174942,1886900
2023-03-03,132.0962677001953,132.22664060154978,130.5876507450016,131.0998350751729,2238100
2023-03-06,132.10557556152344,132.66432468956748,131.900701828546,132.2173197033,1818800
2023-03-07,129.9171600341797,132.06833426322194,129.6564142263408,132.06833426322194,1784600
2023-03-08,129.7029571533203,130.17788389261034,129.06040001749483,129.84263730911783,1836600
2023-03-09,127.22586059570312,130.22445114660874,126.85337070013841,129.88920455676902,2290100
2023-03-10,125.61480712890625,127.82183864265095,125.03744359255244,126.90922855399364,3735900
2023-03-13,124.56251525878906,126.27600570436508,123.58472574133714,123.92927960140769,4898900
2023-03-14,126.04320526123047,126.7602490656091,124.67428278439188,126.3132583210025,3122300
2023-03-15,124.40420532226562,124.5345782041599,122.88629552797768,123.78027694394459,3459500
2023-03-16,125.73587036132812,125.99661609604132,123.1004627765841,123.56608218994008,5154800
2023-03-17,123.62196350097656,125.17713075286399,123.17497280937235,125.15850199625359,2657700
2023-03-20,125.34477233886719,125.67069745598197,124.24590295395035,124.24590295395035,2795200
2023-03-21,126.7323226928711,126.94651791167225,126.04321486940152,126.78819476400855,2421300
2023-03-22,124.37625885009766,127.23516894749574,124.35763009436847,126.81610009626378,2653200
2023-03-23,123.80656433105469,125.79301178551731,123.04759202241839,124.87475022794503,2254400
2023-03-24,124.874755859375,124.95908294245481,122.64467767855855,123.12254544691667,3009500
2023-03-27,125.96167755126953,126.533251637214,125.4557007314109,125.97105675932364,2171200
2023-03-28,126.0459976196289,126.50512121429203,125.62434795812509,125.84922015222267,2272800
2023-03-29,127.54521942138672,127.5920725688813,126.3458531929059,127.02049848362302,2324700
2023-03-30,128.0231170654297,128.4072786073894,127.47027273393405,128.2854775661912,2225600
2023-03-31,129.4098663330078,129.4660843911036,128.4353866316763,128.50096960026363,2012100
2023-04-03,130.4593048095703,130.71230036197844,129.6253702752212,129.75655050654893,1923200
2023-04-04,129.3442840576172,130.6654657662842,128.76334499319975,130.61861261324975,1928700
2023-04-05,130.08450317382812,130.13135631838838,129.18497141001728,129.27867769913777,1893700
2023-04-06,130.1969757080078,130.4312271987734,129.83154395431652,130.1126486027505,1756800
2023-04-10,130.6092529296875,130.6186178416393,129.61602895493007,129.8127921889459,1760400
2023-04-11,131.19017028808594,131.63056413565974,130.70293759093576,130.9559188499115,1954000
2023-04-12,130.97467041015625,131.8648230662822,130.74978386960458,131.7336428253539,2519500
2023-04-13,131.7711181640625,131.96788135740522,130.45930158563007,131.03087564319887,1913200
2023-04-14,131.57432556152344,132.46447802826884,130.9746425452093,131.91164815179832,2714600
2023-04-17,132.2489776611328,132.2489776611328,131.37756926424834,131.56496753585634,5161500
2023-04-18,132.32395935058594,132.50199273902828,131.78985918525893,132.50199273902828,1694600
2023-04-19,132.17405700683594,132.31461647786827,131.6680800848175,131.9398055193582,1340300
2023-04-20,131.4150848388672,131.72429851890305,130.99343501975503,131.35886676932904,2323700
2023-04-21,131.4619140625,131.75238356728258,130.89970487432024,131.75238356728258,1347300
2023-04-24,131.85546875,131.9491750571527,131.41507484201753,131.4338189629631,1508400
2023-04-25,130.40310668945312,131.51814597499677,130.3094146799367,131.38696572361368,1830600
2023-04-26,128.72586059570312,129.9345917794134,128.44475599789936,129.8034115401148,1945500
2023-04-27,130.55300903320312,130.69355417255073,128.931993136579,129.1662445672068,1825700
2023-04-28,131.70555114746094,131.77114842535465,130.23445927305792,130.23445927305792,1687000
2023-05-01,131.80857849121094,132.48322367958178,131.5087441283634,131.62118022723482,1441300
2023-05-02,129.8783721923828,131.40569619435323,128.79144205236003,131.40569619435323,2012000
2023-05-03,128.81019592285156,130.4499561677292,128.71648961840012,130.00956227244183,1958400
2023-05-04,127.67639923095703,128.62278419544955,127.13293417648934,128.30419137209043,2435000
2023-05-05,129.68157958984375,130.04701123087773,128.8195360852911,128.96009551496383,1938800
2023-05-08,129.55979919433594,130.07515525667898,129.2880594989304,129.98144895531692,1552200
2023-05-09,129.06317138671875,129.47544188834073,128.7820668147614,129.09128041415724,2804300
2023-05-10,128.83828735351562,129.8596201636642,127.78884551538661,129.8596201636642,2179200
2023-05-11,128.2948455810547,128.35106364720986,127.57334703772112,128.30421049288879,1977800
2023-05-12,128.26673889160156,128.7914599154042,127.51713130149396,128.72587693621665,2188600
2023-05-15,128.68836975097656,128.92262119480645,127.91065324175247,128.5197155742543,1823600
2023-05-16,127.08609008789062,128.42600140158837,127.03923694248336,128.41663649153594,2687700
2023-05-17,128.55718994140625,128.81955041556142,127.23600836239896,127.7419994893936,2915400
2023-05-18,128.96949768066406,129.0819338188247,127.77949612735178,128.1824161183875,3755200
2023-05-19,128.96949768066406,129.8783945909987,128.5478478649856,129.45674477532026,1676700
2023-05-22,128.75396728515625,129.5410487066397,128.23861124814678,129.04443678849609,1728600
2023-05-23,128.032470703125,129.23183697173155,127.97625264327996,128.4541204495365,1663100
2023-05-24,126.80499267578125,127.84506965325339,126.67381243977457,127.7138894172467,1430900
2023-05-25,126.25215911865234,126.65506472581698,125.44633360675007,126.48641055469867,2397800
2023-05-26,127.20789337158203,127.42341498477454,126.41144707578204,126.56137142472303,2362000
2023-05-30,126.82374572753906,127.4327938024179,126.44893481428142,127.13294507181179,2676100
2023-05-31,126.2802734375,126.65507003184648,125.69932012941729,126.2521644078027,2906400
2023-06-01,127.11420440673828,127.44214784309457,125.8679850344087,126.4957771757946,2747900
2023-06-02,129.61602783203125,129.90649737335045,127.80759901072008,127.94815847423203,2501200
2023-06-05,129.2505645751953,130.01890179085535,129.09127532679716,129.85024763287092,1865300
2023-06-06,129.67222595214844,129.7846620676027,129.0350689011433,129.13814010616744,1425300
2023-06-07,130.7872772216797,130.9465664992077,129.4098774892953,129.73783525322472,2234000
2023-06-08,131.03089904785156,131.1808234203214,130.19696438515393,130.71232047953453,1816900
2023-06-09,131.0121612548828,131.50877319810152,130.75916567892682,131.03089107712086,1381300
2023-06-12,131.38693237304688,131.50874768182987,130.76850521740138,131.00275662809392,1498500
2023-06-13,132.32395935058594,132.64253788907553,131.4993896767788,131.63056991601414,2719500
2023-06-14,131.84608459472656,132.66127501718853,131.21827816407017,132.45513260960018,1823000
2023-06-15,133.44837951660156,133.76695809346168,131.80861917987536,131.80861917987536,2612300
2023-06-16,133.41085815429688,134.21668351955552,133.29840776310866,133.99179703474948,2820700
2023-06-20,132.2864532470703,132.87677139269448,131.96787475160437,132.76433528784105,2222800
2023-06-21,132.27713012695312,132.8018511788032,131.44319539149646,131.89295425057134,2702000
2023-06-22,131.80857849121094,132.27708129993675,131.4806351036455,132.1177920606785,3023200
2023-06-23,130.85694885253906,131.58318792555139,130.61171255980136,131.26250981083416,1449400
2023-06-26,131.3662567138672,131.65864053939714,130.55512042765466,130.83807762364523,1487700
2023-06-27,132.19622802734375,132.33769939452608,131.11156144235594,131.34735664885798,1721200
2023-06-28,131.89442443847656,132.11136642539546,131.30965683780727,132.11136642539546,1916200
2023-06-29,132.89419555664062,132.90363657727985,131.58317455796504,131.875572753586,1375700
2023-06-30,134.02603149414062,134.2901210339048,133.38466090342726,133.57329423300158,1560300
2023-07-03,134.5447540283203,134.66737215470582,133.5827198409536,133.865662606768,1359600
2023-07-05,133.96942138671875,134.3655700670054,133.63931667554624,133.93170047953896,1961600
2023-07-06,132.65841674804688,133.07341873720577,131.96047194064468,132.86591774262632,1562400
2023-07-07,132.45091247558594,133.60159454730356,132.05477814804726,132.2056905752433,2510200
2023-07-10,133.23374938964844,133.6015894219516,132.42261311433887,132.51693697566816,1976500
2023-07-11,134.51646423339844,134.62965573529425,133.40351760598494,133.61101856902803,1700600
2023-07-12,134.8560333251953,135.4502420397731,134.5919437613389,135.28990297541756,2065800
2023-07-13,135.1483917236328,135.31817177802986,134.79941937820436,135.11067081809966,2070600
2023-07-14,134.7145233154297,135.45962985886902,134.4787281015593,135.45962985886902,1917700
2023-07-17,134.76170349121094,135.12010247841968,134.06374438256285,134.37499583404917,1968900
2023-07-18,135.72373962402344,136.28965397857831,134.78999964834773,134.98805959818202,2169100
2023-07-19,136.48773193359375,136.89329286471502,135.85578798449743,136.05386233137543,4047900
2023-07-20,137.68557739257812,137.84591645773747,136.6103514795435,136.76126391444708,2824000
2023-07-21,138.11001586914062,138.40241412953785,137.56298343926915,137.95911781528105,2192000
2023-07-24,138.8173828125,139.0909133818893,138.18545322335376,138.21374750407665,2269000
2023-07-25,138.6287384033203,138.96828413667288,138.2137364634672,138.2986336906552,2214700
2023-07-26,138.78909301757812,139.22296265568724,138.26091390461153,138.38353205290787,1667000
2023-07-27,137.92137145996094,139.33614314316205,137.74216474406717,139.17580407941546,2051800
2023-07-28,138.37408447265625,138.7890720044413,137.8836263455294,138.77021874740512,2002300
2023-07-31,138.65701293945312,138.9494110949353,138.17599588227534,138.60986540992812,1837100
2023-08-01,138.33633422851562,138.85508657694774,137.91190572227035,138.43065807070246,1518800
2023-08-02,137.50636291503906,138.07227731808956,137.31772957795593,137.70443727364707,2677700
2023-08-03,137.11965942382812,137.56295564852934,136.57261271266918,137.11021840300467,2005200
2023-08-04,136.50657653808594,138.02509846188298,136.31794322413214,137.49691942609257,1781300
2023-08-07,137.89303588867188,138.02508063056075,136.9592960680997,137.08189979084096,1461600
2023-08-08,137.27056884765625,137.3931869941444,136.01615066875942,136.87443451877286,1483400
2023-08-09,136.84613037109375,137.72329620107953,136.66692367508588,137.28942660065,2667700
2023-08-10,136.62918090820312,138.25145315006162,136.4028123191771,137.39315510744387,2117100
2023-08-11,137.2045440673828,137.32716220530227,136.27078967696593,136.44056974422367,1946000
2023-08-14,137.072509765625,137.17626026137032,136.64808115277648,137.0159212028187,1424100
2023-08-15,135.30873107910156,136.38395667247502,135.12008339565548,136.30850047745614,1818800
2023-08-16,134.55422973632812,135.92183956026207,134.45990586220748,135.22388031045597,1770000
2023-08-17,133.98829650878906,135.29931758134987,133.85625173859592,134.89375664139965,1820500
2023-08-18,134.30894470214844,134.54473991011696,133.3091753230495,133.3940581438868,2434500
2023-08-21,134.092041015625,134.53533723687855,133.2714781511684,134.3278362655769,2194400
2023-08-22,133.2903289794922,134.44099641358608,133.16771085961577,134.25236311579027,1712200
2023-08-23,134.12033081054688,134.17691936595554,133.3186356225916,133.51669556652195,2165900
2023-08-24,133.1582794189453,135.0352146877586,133.12998514183047,133.93169470488215,1941900
2023-08-25,133.8751220703125,134.3467126007043,132.8376171467302,133.68648873651597,1932100
2023-08-28,134.57305908203125,134.99750204834163,134.12977724948934,134.4221610587787,1830600
2023-08-29,135.73316955566406,135.7425961838099,134.53532575840381,134.68623815952924,2911600
2023-08-30,135.92181396484375,136.32737488522574,135.6105625090204,135.836931129201,1966100
2023-08-31,135.3558807373047,136.24247305297575,135.34645410970316,136.18588450377086,2170800
2023-09-01,135.8369140625,136.37451967915865,135.38417687902125,136.09156253743396,1703600
2023-09-05,134.51646423339844,136.00669188079905,134.49761097624858,135.75202899128266,2156500
2023-09-06,134.1486053466797,134.4409891011297,133.46951399811314,134.19576726651297,2214300
2023-09-07,134.23353576660156,134.55421387392337,133.7902395157387,133.941137548019,1663700
2023-09-08,134.52590942382812,134.75226365103762,134.10146646421074,134.27124652641766,1471800
2023-09-11,134.837158203125,135.26158676252274,134.62021621728658,135.02579151932406,1872600
2023-09-12,134.96920776367188,135.59169629008684,134.56363244721055,134.56363244721055,1795900
2023-09-13,134.8182830810547,135.44078594262606,134.46931074583983,135.06350493934096,1691900
2023-09-14,136.3179473876953,136.46885980018743,135.63885592328063,135.69544448001523,1726800
2023-09-15,135.37478637695312,136.37455607161726,135.2804625072746,135.81808265919884,2326300
2023-09-18,135.42193603515625,135.80864371725872,134.95034551311926,135.45023031513443,1782200
2023-09-19,135.0729522705078,135.5822636589916,134.4598760084484,135.4219246220282,1704900
2023-09-20,134.7333984375,136.08214022760623,134.7145307896402,135.52566694602947,1655000
2023-09-21,133.04107666015625,134.3508957213248,132.98413052406033,134.1325973720436,2739200
2023-09-22,132.5854949951172,133.35429680894805,132.4716027212877,133.0980247100908,2624300
2023-09-25,132.99363708496094,133.01262396081398,132.07296912311674,132.1773752161942,2488300
2023-09-26,131.3516082763672,132.46210138894153,131.18076986646687,132.14888315471686,2940900
2023-09-27,131.209228515625,131.84515110938202,130.28856078725192,131.64582517032903,2452400
2023-09-28,131.76925659179688,132.16789410358766,131.19027995932242,131.23773990940919,2375900
2023-09-29,130.91502380371094,132.386195392139,130.51638628319546,132.386195392139,5163800
2023-10-02,129.65264892578125,130.64923525532336,128.80791412889695,130.49738372266555,3350400
2023-10-03,128.54212951660156,129.54823091385612,128.09604667192497,129.05467365065905,3440300
2023-10-04,128.69403076171875,128.76047758655753,127.43167143446901,128.59912534690434,2463800
2023-10-05,128.28587341308594,128.76993000507068,127.64045014103377,128.39976567408488,3308100
2023-10-06,129.14010620117188,129.78552953252415,126.8811462655497,127.70690868187894,2972000
2023-10-09,130.2695770263672,130.4024561613286,128.89332573939427,129.08315100609062,1922500
2023-10-10,131.05738830566406,131.70279722059084,130.46892553232,130.6872239026344,1530600
2023-10-11,130.97195434570312,131.35160490200016,130.1841656827834,131.1902526914369,1982400
2023-10-12,130.00384521484375,131.20925835193765,129.33944940481885,131.20925835193765,2449100
2023-10-13,130.3265380859375,131.42754503472295,129.8519676234687,130.63975632909583,1985300
2023-10-16,131.62686157226562,132.05398659107937,130.93399272562695,131.15229109157633,2937200
2023-10-17,131.94955444335938,132.59496321789973,130.83906147581988,130.83906147581988,2575000
2023-10-18,130.59230041503906,131.76924041205675,130.33604278497407,131.7122942720423,2523300
2023-10-19,129.39637756347656,131.11432023445963,129.21603847951872,130.4973844572,2771200
2023-10-20,128.1055450439453,129.62417623688233,128.0770719763175,129.3394310778641,3072300
2023-10-23,127.11844635009766,128.36183321750045,127.05201401155648,127.66894986444017,2943200
2023-10-24,127.97267150878906,128.45672816241412,127.49810105054216,127.76385934854115,2999400
2023-10-25,127.30830383300781,128.0771058276364,127.07101855156718,127.7923605933588,3487500
2023-10-26,126.87165832519531,127.74486618746153,126.74826537764736,127.07098428025427,3388900
2023-10-27,125.11576080322266,126.78624357895691,124.7360957523234,126.74826983249656,5854600
2023-10-30,126.39710235595703,126.67236135002932,125.42897450281853,125.81812577982171,5051000
2023-10-31,127.4601058959961,127.47909276630452,126.22623449798174,126.62487187802711,2636900
2023-11-01,128.00111389160156,128.380764374088,127.24179844389111,127.64043579532314,4182300
2023-11-02,130.41195678710938,130.49739047690542,128.69401403687945,128.7794332439344,3523200
2023-11-03,131.5414276123047,132.1014172408703,131.39906227715753,131.42753534418696,2398200
2023-11-06,131.13331604003906,131.81669867698938,130.7726378475538,131.68381952440134,2967900
2023-11-07,130.66822814941406,130.9339864472374,130.38348297810592,130.76314803409713,2427600
2023-11-08,130.3265380859375,130.84856849120138,129.79502148521107,130.74416241014862,1948800
2023-11-09,129.2635040283203,130.6492416592158,129.18757101689928,130.63026926841633,2108700
2023-11-10,130.63026428222656,130.77262962149368,129.22552534866873,129.88043487477844,1644400
2023-11-13,130.55435180664062,130.84858320922822,130.12724123892497,130.39299956918106,2233400
2023-11-14,132.8987274169922,133.32583797218504,131.8451803233872,132.01601875236742,2305400
2023-11-15,133.51565551757812,133.93327985225065,133.06007191736336,133.06955811306352,1766300
2023-11-16,133.19293212890625,133.61055640418655,132.73734859348207,133.25936445484297,2579600
2023-11-17,133.8098907470703,133.90481063777116,133.31634786710327,133.66752539376097,1831600
2023-11-20,134.20852661132812,134.56920481238032,133.33531866176017,133.56311770706816,2175400
2023-11-21,134.13259887695312,134.32242416031616,133.70547388596037,134.00920592553382,2959100
2023-11-22,134.56919860839844,134.6736046890085,134.12310121695015,134.22750729756018,2719900
2023-11-24,135.08175659179688,135.20513507583385,134.67361842315665,134.67361842315665,952400
2023-11-27,134.59768676757812,134.9014188480383,134.39837526217602,134.76853968352265,3961000
2023-11-28,134.5407257080078,135.13868912340945,134.27496740843844,134.4647926963107,5291100
2023-11-29,134.69259643554688,135.48038516633432,134.5312442110832,134.93936787012518,2156700
2023-11-30,135.9739227294922,136.06884261440996,134.7495373174027,135.01529561588325,2473800
2023-12-01,137.17933654785156,137.26475575512924,135.7366382886168,135.87901811682076,2535200
2023-12-04,137.19833374023438,137.51155200655097,136.41054497636094,136.41054497636094,2835900
2023-12-05,136.2586669921875,136.97052267609715,136.12578784383402,136.7996842636745,1977800
2023-12-06,135.9739227294922,136.97052359016467,135.84104358025192,136.63833295843455,2017900
2023-12-07,136.28713989257812,136.57188506233845,135.96443545879552,136.35358670804328,2046800
2023-12-08,136.82815551757812,137.0844131328132,136.18273217503537,136.4105312046518,1939300
2023-12-11,138.11900329589844,138.13797568845044,137.20782155741767,137.31222764742336,2958300
2023-12-12,138.223388671875,138.3752402032468,137.40712694944816,137.94812971095442,1860200
2023-12-13,140.41592407226562,140.4443971440954,137.80578628109134,138.06205841030183,2808400
2023-12-14,141.81114196777344,142.32367166916214,141.18470551283357,141.35554391904967,3021100
2023-12-15,141.0138702392578,141.50741307889535,140.6626782585556,140.9379372294503,2377300
2023-12-18,141.3650360107422,141.80163267749285,141.3175760732068,141.62130808724166,2565100
2023-12-19,142.3236541748047,142.37111410938888,141.42197334865963,141.59281173387635,2267500
2023-12-20,140.0552215576172,142.32366761059887,140.03623468544336,141.9724901304532,2639100
2023-12-21,141.40386962890625,141.42299009320533,140.26644264968652,140.92596011391583,3323100
2023-12-22,141.94871520996094,142.53176555080995,141.4803730996139,141.72888086051958,2113900
2023-12-26,142.7038116455078,143.07658055578682,141.9773797082968,142.14943475092608,2242300
2023-12-27,142.9810028076172,143.06702304263044,142.38839952022184,142.7038216332485,2183300
2023-12-28,143.20083618164062,143.33465028311232,142.86629363563972,142.86629363563972,2425200
2023-12-29,142.8949737548828,143.19127538029642,142.37883779200817,143.1530490286421,2533600
2024-01-02,143.77432250976562,144.06107118708508,142.22590007074152,142.28324688927668,3190300
2024-01-03,142.87582397460938,143.5926882443694,142.67511014647548,143.4302007600474,2862600
2024-01-04,142.7324981689453,143.72654382613754,142.6560308746005,143.00012640682957,2678200
2024-01-05,143.00967407226562,143.6500712310467,142.4075178515684,142.71337243301636,2608400
2024-01-08,143.96548461914062,144.00372555490816,142.43618263524377,142.8280574266771,3187300
2024-01-09,143.16259765625,143.4111053961241,142.89496944880298,143.27729129240058,2727400
2024-01-10,143.21994018554688,143.42066862744298,142.66556331968096,143.1530404280102,2336900
2024-01-11,142.75161743164062,143.13393931548677,141.91049178560513,143.12438637301636,2835600
2024-01-12,142.78028869628906,143.60229386037585,142.35972587959654,143.19128398601006,1779000
2024-01-16,141.86268615722656,142.45528940351193,141.46124383703548,142.22590212605633,3003100
2024-01-17,140.9451141357422,141.79579269157696,140.4767574490701,140.8877527291878,3062300
2024-01-18,141.39431762695312,141.54725218885332,140.18999076743492,140.81128195591347,2360200
2024-01-19,142.6082305908203,142.9523261076028,141.06936099974368,141.80534591320932,2051500
2024-01-22,143.0574493408203,143.4971325637145,142.68468045854502,142.8567354882489,2346100
2024-01-23,143.5736083984375,143.6500610999241,143.00966398630794,143.18171902626173,1928000
2024-01-24,143.095703125,144.1948894039867,143.00966831010015,144.10886917373085,2780100
2024-01-25,144.34783935546875,144.34783935546875,143.33467319882482,143.91772357373347,2132300
2024-01-26,144.42430114746094,144.65368844383258,144.08020561825847,144.30003997216298,1769600
2024-01-29,144.9213104248047,144.95955136231288,143.96549117212106,144.3765010347901,2220300
2024-01-30,145.5043487548828,145.68595673146146,144.61544392381026,144.74925802476668,2195800
2024-01-31,144.13754272460938,145.7242061458838,144.13754272460938,145.58082451067332,2632700
2024-02-01,145.580810546875,145.59037807242441,143.79343342624884,144.37648368370097,2434600
2024-02-02,145.4947967529297,146.17342020336005,144.6249977987761,145.37053559243824,2582900
2024-02-05,144.46250915527344,145.06467990106344,144.07061979421508,144.93086580029268,2560200
2024-02-06,145.2462921142578,145.37053869275582,144.56765406471087,144.7874883971091,1798900
2024-02-07,145.66683959960938,145.95358827526536,145.2845177551637,145.69551300871063,1805900
2024-02-08,145.70509338378906,145.78156067635013,145.10292257027362,145.66685244518612,1982600
2024-02-09,145.66683959960938,145.69551300871063,145.03601001473837,145.60949278140686,2089300
2024-02-12,146.4984130859375,146.82338811410716,145.57126729378487,145.74330774941225,1793700
2024-02-13,144.59632873535156,145.7624293368176,143.60228317547814,145.41833383827608,8312600
2024-02-14,145.43748474121094,145.5330579313015,144.58680605077717,145.1985298890144,5013700
2024-02-15,147.1865997314453,147.39688111632063,145.78154438007076,145.8771175466048,2609500
2024-02-16,146.8329620361328,147.57849995299944,146.62268061500166,146.9189968608833,2154800
2024-02-20,146.80426025390625,147.34908417191164,146.48883818316253,146.60354639911478,2091200
2024-02-21,147.48291015625,147.51158356638825,145.055121143821,146.74692526519857,1899500
2024-02-22,148.66815185546875,149.02181497195474,147.57851825838085,147.84614653944473,3554500
2024-02-23,149.136474609375,149.57615787630775,148.76370568976327,148.87839933129177,1940300
2024-02-26,148.5343017578125,149.55703532937522,148.4482815278616,149.18426641494406,2737700
2024-02-27,148.74459838867188,148.82106568467472,148.40050284898177,148.79239227175432,1704800
2024-02-28,148.763671875,149.1173202457561,148.28576236440378,148.4769232517141,1745400
2024-02-29,148.94529724121094,149.4614331557732,148.55340789637813,149.29894565332503,1815000
2024-03-01,149.91067504882812,149.97758939132393,148.782815429411,149.2224840799948,2178800
2024-03-04,150.20697021484375,150.57018615077126,149.58569361515538,149.72906065057808,2105500
2024-03-05,149.62393188476562,150.79003248125764,149.11734887305198,150.09228854553493,2128700
2024-03-06,150.57020568847656,151.2010498954786,150.14964288380855,150.340803817391,1835300
2024-03-07,151.3730926513672,151.7076352286831,151.06723806993497,151.2870724176498,2184200
2024-03-08,151.17237854003906,151.88924298920315,151.07679077962604,151.5164740590236,1895300
2024-03-11,151.76498413085938,151.77453707318847,150.5606570883789,150.85695873167327,1914600
2024-03-12,152.1664276123047,152.46272925780713,151.48780408576263,152.11863373101352,2508800
2024-03-13,152.44361877441406,152.92152840361948,151.96570914520865,152.37670442569598,1596500
2024-03-14,151.51646423339844,152.6252034252089,150.66578572560812,152.50095684630264,2419000
2024-03-15,151.44000244140625,151.81277136093684,150.5033036716245,150.7900377753833,1922800
2024-03-18,151.7745361328125,152.2046664739178,151.296626495713,151.88924436327477,2057300
2024-03-19,152.5869903564453,152.66345764954423,151.64072401207167,151.76498518643803,1637200
2024-03-20,153.772216796875,153.89646339085812,152.22377958163926,152.49140782434264,1780600
2024-03-21,155.06683349609375,155.55736340973138,154.3550712598587,154.55706279866115,1779100
2024-03-22,154.32620239257812,155.4226921394184,154.28773550515234,155.2687952368824,2145800
2024-03-25,154.05690002441406,154.73980840042293,153.98957929800042,154.2781176632265,2073100
2024-03-26,153.9703369140625,154.50896142544107,153.8933884586631,154.33583840810533,3174500
2024-03-27,156.1729278564453,156.1729278564453,154.77827197420268,154.8167535396866,2749000
2024-03-28,156.64422607421875,157.06743522101075,156.23062998024787,156.36530077824213,3574000
2024-04-01,156.02865600585938,156.96163582124257,155.836292210984,156.836592750186,2411300
2024-04-02,155.02835083007812,155.35538544660392,154.5185801362574,155.1149270183331,2332500
2024-04-03,155.0572052001953,155.4419327797685,154.6051422221678,154.84560062850514,2862600
2024-04-04,153.47018432617188,156.29797778008142,153.1527774408945,155.99981167838934,1947000
2024-04-05,154.4801025390625,154.91292474466954,153.29705126335884,153.4990281103143,2928100
2024-04-08,154.5281982421875,154.8648312149503,154.32620671739636,154.53781129520925,1726300
2024-04-09,154.66285705566406,155.13414616100954,153.4220834026958,154.94178236231238,2350300
2024-04-10,152.7103271484375,153.5278769152601,152.04665960592396,153.07581394213975,2850200
2024-04-11,152.53720092773438,153.26820392289923,151.61384880683408,153.05659933760597,3314900
2024-04-12,150.31536865234375,152.00819067171653,149.8536925882271,151.77735997786692,2510900
2024-04-15,149.497802734375,152.13323231689193,149.1130751306344,151.8254531691829,2341500
2024-04-16,148.91107177734375,149.8344237325817,148.60327800798794,149.8344237325817,2322100
2024-04-17,148.670654296875,149.76714421811548,148.23781735509635,149.54591188187612,1964900
2024-04-18,148.90145874023438,149.93062774709134,148.57443883534037,149.19962481095632,2407400
2024-04-19,150.007568359375,150.30573441451827,149.10344246544676,149.17076318285876,2495400
2024-04-22,151.07521057128906,151.9120011066953,149.88253162397976,150.49810454081964,2512200
2024-04-23,152.0947723388672,152.48911301387565,151.39262314932702,151.52727928439728,3211000
2024-04-24,152.2005615234375,152.35444375281875,151.34453016500925,151.7581115883725,1817900
2024-04-25,151.9697265625,152.2582796115098,150.8443828801377,151.59461200171256,1930300
2024-04-26,151.88316345214844,152.26789106250044,151.32529814364574,151.5272750023344,1692200
2024-04-29,152.46987915039062,152.63338911491428,151.82545234559132,152.08513687231974,1784500
2024-04-30,150.51734924316406,152.05627423714455,150.48849540853055,151.96971273324402,1912200
2024-05-01,150.06529235839844,151.73887354075924,149.86330083134612,150.190320754748,2223800
2024-05-02,150.86361694335938,151.181009139072,149.7863532534721,150.97903228725488,2730500
2024-05-03,151.73887634277344,152.04667016560035,150.83476501015826,151.86391941784905,1830800
2024-05-06,152.75845336914062,152.77767947839686,152.16210642455414,152.46027255863774,1685700
2024-05-07,153.24896240234375,153.56636927875633,153.0662116544319,153.14316011020622,1224400
2024-05-08,153.4894256591797,153.71064330374026,152.86422493997082,152.88346572362497,1347600
2024-05-09,154.80712890625,154.80712890625,153.47018066907722,153.489421452204,1993200
2024-05-10,155.2399444580078,155.4611767634143,155.02833988195962,155.20147756982482,1308700
2024-05-13,155.1053009033203,156.1344700317161,155.01873939058177,155.6727939540259,1344200
2024-05-14,155.7497100830078,155.88438087833833,155.02833487244914,155.38422328962113,1335900
2024-05-15,157.12513732910156,157.22132655957373,156.26910601299696,156.38452134843075,1428200
2024-05-16,156.9808807373047,157.5291183009566,156.9327861182152,157.13476297140696,1277200
2024-05-17,157.40408325195312,157.42332403585337,156.85584566034896,157.15401176692185,1314000
2024-05-20,156.73080444335938,157.55798204389038,156.57690752316336,157.3848590159834,2009000
2024-05-21,156.83660888671875,156.95202424023543,156.43264047299212,156.58653739529322,1202700
2024-05-22,156.23065185546875,156.83661182562273,155.81707038000522,156.44225645849335,1130000
2024-05-23,154.25888061523438,156.4710861992865,154.03764831569612,156.4710861992865,2683900
2024-05-24,154.7109375,155.12451889548618,154.44162527121463,154.77825821898847,1737300
2024-05-28,153.6144561767578,154.66285131570302,153.1623931945674,154.66285131570302,2249100
2024-05-29,152.00819396972656,152.5372054486386,151.84468399922972,152.5372054486386,1979200
2024-05-30,152.66226196289062,152.8161588932844,151.8735512019368,152.00820734692658,1370600
2024-05-31,155.02835083007812,155.1052992882949,152.70071500558677,152.93156038023716,1539000
2024-06-03,154.16270446777344,155.22072740975347,152.99889390801297,155.22072740975347,2676900
2024-06-04,153.9222412109375,154.1626996287108,153.0565967775204,153.65292895714475,2197600
2024-06-05,154.6532440185547,154.67248480317744,153.35477724667805,154.3358517925806,1450000
2024-06-06,154.5089569091797,154.97063295166416,154.0087993019117,154.42239540304197,1278300
2024-06-07,154.26849365234375,155.2495680536799,153.78757684256945,154.16269136713674,1131000
2024-06-10,154.8263702392578,154.8263702392578,153.72988041981475,154.0569003520447,1060700
2024-06-11,153.8933868408203,154.1723121468458,153.0277424104075,154.1723121468458,1163200
2024-06-12,154.13385009765625,155.5381337542976,153.73949475915356,155.51889297094155,1564300
2024-06-13,154.49935913085938,154.73018983671443,153.4894307634888,154.73018983671443,1582600
2024-06-14,154.07614135742188,154.1242359772703,152.97002380657753,153.83568293459712,1935400
2024-06-17,155.27842712402344,155.40347019523432,153.6817797393951,154.04728122360123,1550100
2024-06-18,155.8555145263672,156.24025678317727,155.3072769904854,155.46117389320943,2399300
2024-06-20,156.12486267089844,156.4134010572148,155.4611950295339,155.7112665231476,1772400
2024-06-21,155.7593231201172,156.26909371338144,155.28801941016454,156.26909371338144,1306200
2024-06-24,156.73080444335938,157.48103358379237,155.9228676269574,156.14408527697788,1630800
2024-06-25,155.4804229736328,156.53844599068105,154.9610391957119,156.53844599068105,1589000
2024-06-26,154.99949645996094,155.23034183381773,154.53782038866504,155.14378032227808,1269200
2024-06-27,154.81076049804688,154.9946696014706,154.12352354884922,154.9946696014706,1533700
2024-06-28,155.2657012939453,156.08843317840993,154.58815304513797,155.36248546123545,2850500
2024-07-01,154.62684631347656,156.34008686816836,154.41390049224063,155.75932285217175,2241100
2024-07-02,155.20761108398438,155.20761108398438,154.35582779489988,154.6268470651645,1471400
2024-07-03,155.32376098632812,155.76900060919098,155.09145242041524,155.46894460912193,1078500
2024-07-05,155.188232421875,155.56572456454288,154.4138853993806,155.56572456454288,1198700
2024-07-08,155.41087341308594,156.0690736413267,155.07210669850818,155.39151067328513,1185000
2024-07-09,155.43020629882812,156.1077543672875,154.99464073834997,155.38180684334384,1620800
2024-07-10,156.89178466796875,156.94018412633366,155.43021554977054,155.67219807215415,1274100
2024-07-11,158.13075256347656,158.26626220114076,157.01763873762354,157.18218509982705,1509200
2024-07-12,159.0309295654297,159.88269807009792,158.41145484865177,158.54696448140186,1800000
2024-07-15,159.64071655273438,160.29891675134684,159.36969728549465,159.48585894962764,1812400
2024-07-16,161.87664794921875,161.93472139666724,159.9310988430399,160.0472605073793,2989800
2024-07-17,162.254150390625,162.8639363968492,161.24749467303283,161.24749467303283,2297200
2024-07-18,160.937744140625,163.2607705057325,160.6570361367643,161.84760081061523,2290600
2024-07-19,159.7762451171875,161.40236076297825,159.6116839861666,161.11197874924625,1582800
2024-07-22,160.55059814453125,160.5989976146289,159.3213372668303,160.22150537897878,1457200
2024-07-23,159.9601287841797,160.6086402022605,159.80527118736404,160.23114804040924,1525400
2024-07-24,158.97286987304688,160.24085613979722,158.8760709400892,159.68912880693688,1517300
2024-07-25,159.5342559814453,161.25717048383584,158.84701906963147,158.97285471659058,2330900
2024-07-26,161.55723571777344,162.14767373965532,160.29892348448254,160.44410710894405,2210100
2024-07-29,161.3152618408203,161.75082750707597,160.63771360781774,161.73146476629196,1925400
2024-07-30,161.71209716796875,162.28317241151356,161.19908060084182,161.57657276837304,2707200
2024-07-31,162.62193298339844,163.72537272154437,162.128293942721,162.7574426084535,1843200
2024-08-01,160.8796844482422,163.2898211849254,160.22148423455525,162.6897091893565,2196600
2024-08-02,158.42112731933594,160.28924020594013,157.00795755836774,159.86334857295503,2308900
2024-08-05,154.8301239013672,156.19489428160404,154.28807057389494,155.09145442577508,3435500
2024-08-06,156.09808349609375,157.95650742210807,154.86880819559786,155.314062517714,3254600
2024-08-07,155.1979217529297,158.30498413401702,155.0914488421898,157.46287483291346,1736100
2024-08-08,157.85971069335938,157.98554632798033,155.72059352144748,155.72059352144748,1341400
2024-08-09,158.13075256347656,158.56633297045127,156.8627663604522,157.76294912949814,1123000
2024-08-12,157.49191284179688,158.42111746556603,157.11442069412044,158.34368128534504,1296800
2024-08-13,159.01158142089844,159.14709106608578,157.46288710209149,158.03397717843578,1623600
2024-08-14,159.9601287841797,160.3860204066666,159.15674499984146,159.20514446047713,1350500
2024-08-15,161.8282470703125,162.05086687339764,160.92806433441152,161.53786506616888,1428900
2024-08-16,162.31222534179688,162.4186982596523,161.46044199895357,161.88633367037522,1451800
2024-08-19,163.37693786621094,163.43502608664298,162.41869638600983,162.4283703713602,1387300
2024-08-20,162.9026641845703,163.37694055507973,162.68971834781132,163.3091931176256,1279100
2024-08-21,163.52212524414062,163.6576348771308,162.87361380272745,163.4543630429244,1250000
2024-08-22,163.22207641601562,164.1609699034425,162.81554749920855,163.91898735038285,1848800
2024-08-23,165.03211975097656,165.13859267707755,163.71573392347545,164.01578995991153,1279200
2024-08-26,165.23536682128906,166.06778736331478,164.96433278415853,165.45798662629525,1196000
2024-08-27,165.3127899169922,165.37087813446587,164.82882482414266,165.09985886402552,1007300
2024-08-28,165.14822387695312,165.8741714297159,164.3158034256742,165.10951317269306,1426700
2024-08-29,165.67092895507812,166.46462400245446,164.62556261483644,165.5741300317542,1487600
2024-08-30,167.30673217773438,167.43255305389533,165.42894532539185,166.14520418327453,1808600
2024-09-03,165.4773406982422,166.97762057670806,164.89657671536136,166.60981717236237,2203500
2024-09-04,165.38055419921875,166.3388104121116,164.91595183968406,165.30311801105586,1548100
2024-09-05,164.1512908935547,165.76773267161846,163.4737426586543,165.66125975117382,2455500
2024-09-06,162.05087280273438,164.53846051360512,161.818564237031,163.88994904997304,2549000
2024-09-09,163.7640838623047,164.41259520897688,162.5735340628581,162.88326399182625,1402400
2024-09-10,163.94801330566406,164.35454219576675,162.72841186591398,164.22870655021998,1562200
2024-09-11,163.7640838623047,163.97702965010035,160.63767400612667,163.50273861920272,1790400
2024-09-12,164.7514190673828,164.78045579415857,163.12528852072106,164.00610861810267,1731800
2024-09-13,165.93226623535156,166.14521205980162,165.20631858911977,165.36119096498214,1264400
2024-09-16,167.2486572265625,167.31641943170493,166.3291264658909,166.45496212147359,1783600
2024-09-17,167.180908203125,168.04236550517496,166.62918089029597,167.44225349706733,1344300
2024-09-18,166.81309509277344,168.75864434016475,166.6485487232454,167.25834950460012,1356300
2024-09-19,168.27467346191406,168.8263860032927,167.51000032264656,168.63280291455357,1323200
2024-09-20,168.11978149414062,168.20689165850686,167.23896155814975,167.82939951014524,1632700
2024-09-23,168.71022033691406,168.91347738817515,168.25529200578893,168.56502195942912,1460700
2024-09-24,168.78765869140625,169.16515084662254,168.41016653619,168.87476885735427,1350300
2024-09-25,167.781005859375,169.19419035337128,167.49062386532736,168.93284508178422,1458100
2024-09-26,168.7190399169922,168.93311451684372,168.2422346995534,168.39792801721487,1310000
2024-09-27,169.26393127441406,170.2078014833112,169.08878744895944,169.3028620230019,2262500
2024-09-30,169.8672637939453,170.01321700304538,168.33955091594686,169.24449050783204,3446300
2024-10-01,169.45855712890625,169.94508759995995,168.650929612961,169.7018223644331,1328000
2024-10-02,169.34178161621094,169.73100002419457,168.59252059072534,169.40990300385985,1353700
2024-10-03,168.60227966308594,169.04987939783146,168.0281624023082,168.91365145494385,1152200
2024-10-04,169.91590881347656,169.96456483352267,168.60228535862737,169.40018766599957,1013900
2024-10-07,168.6411895751953,169.6920971748615,168.13519372771196,169.55586923681577,1649200
2024-10-08,168.82608032226562,169.06934556768675,168.23251252952878,168.8163550576324,1170400
2024-10-09,170.30514526367188,170.49002923461367,168.53416706594825,168.83581360896574,2245500
2024-10-10,169.77967834472656,170.3051395970492,169.42937579242232,170.25648357772562,1536600
2024-10-11,171.5603790283203,171.64795095307485,170.07159691656398,170.2078248598707,1502400
2024-10-14,172.63075256347656,172.757240394813,171.22954237227077,171.58957018471892,1474500
2024-10-15,171.7063446044922,173.1756613180639,171.57011666315265,172.16366959862836,1723200
2024-10-16,172.9615936279297,173.17566823683492,171.94961671579537,172.07610454997928,1582200
2024-10-17,172.7864227294922,173.3799755957791,172.65017995630205,173.19510650587168,1599200
2024-10-18,173.02969360351562,173.11726551966262,172.18312053756907,172.7572228959515,3218900
2024-10-21,171.37548828125,173.02970376013536,171.1711537982462,172.76697314854167,1633000
2024-10-22,171.1225128173828,171.39496871714846,170.16891716820305,170.78193551880926,1975700
2024-10-23,170.7332763671875,171.24899746941867,169.8672527381831,170.7332763671875,1167800
2024-10-24,170.14942932128906,170.84030909228932,169.6531736081915,170.7235316880015,1145000
2024-10-25,168.9525909423828,170.9862849262368,168.82608825754355,170.84033171121683,1187500
2024-10-28,169.87698364257812,170.06186760003195,169.3320718823344,169.3417971467202,1100000
2024-10-29,168.74822998046875,169.58506300036976,168.67038332190447,169.2055698197014,1295500
2024-10-30,168.6314697265625,169.42937200424583,168.29089244664473,168.38820448311614,1034300
2024-10-31,167.52218627929688,168.71904715876076,167.52218627929688,168.32982869563298,1674400
2024-11-01,167.56109619140625,169.04015302429184,167.4151429848885,168.38820395562573,1268000
2024-11-04,167.12322998046875,167.99897895830384,166.57831818557287,167.6778818881017,1635300
2024-11-05,168.8942108154297,168.9331267237911,166.89943272598066,167.18161389286675,1910000
2024-11-06,173.4384002685547,173.72058142926736,172.07610594198013,173.62326938889322,2753200
2024-11-07,172.92266845703125,173.80814263981298,172.57236592011003,173.76922673470256,2115800
2024-11-08,173.91519165039062,174.43091280229174,172.990786652515,173.2827079275633,3111100
2024-11-11,174.3433380126953,175.20936171089429,174.23630070852545,174.4503753168652,1613000
2024-11-12,172.98106384277344,174.43091527812865,172.67941729844404,174.40172463498277,1502900
2024-11-13,173.20484924316406,173.7205703592718,172.7280440320865,173.26323052457522,1692000
2024-11-14,171.9788055419922,173.46758767600858,171.9204094102171,173.40920639196597,3231500
2024-11-15,171.3949737548828,172.18315083435232,171.05439644629882,171.61877364032557,1782400
2024-11-18,172.18313598632812,172.43614134153862,171.33657769215674,171.63822421777036,1603800
2024-11-19,171.51173400878906,171.88150195621998,170.43163565768634,171.1127902656345,1516100
2024-11-20,171.8620147705078,171.98851744125773,170.7624660284439,171.8133736027406,1405800
2024-11-21,173.95411682128906,174.3530605417236,171.9204080739728,172.30964137745235,1742000
2024-11-22,175.22882080078125,175.39423938352053,174.03195996817823,174.13899726850744,1578900
2024-11-25,176.328369140625,177.0289593164695,175.8904798650924,176.1824010995372,1475100
2024-11-26,176.4548797607422,176.64948899294288,175.40397208957933,176.19216397875098,1559900
2024-11-27,176.3770294189453,177.41821180348467,176.31864813527625,176.76626272295962,1434500
2024-11-29,176.97059631347656,177.4668669175979,176.66894978423622,176.72733106760762,625400
2024-12-02,175.793212890625,177.04845511236633,175.35533838758656,176.89276178088008,1866000
2024-12-03,174.87852478027344,176.2602696238587,174.87852478027344,176.24080424641875,1646700
2024-12-04,174.2849578857422,175.1412563247885,173.7595114739755,175.07313492725856,2726100
2024-12-05,173.95411682128906,174.800675128792,173.8859954252805,174.45037257952657,1672100
2024-12-06,173.4967803955078,174.4211853819605,173.33136180616216,174.37252936209825,1532500
2024-12-09,172.46531677246094,173.95409874015894,172.38747011985657,173.85678671247075,1716400
2024-12-10,171.29763793945312,172.31935487568924,170.87922887048168,172.23178295628563,1648300
2024-12-11,170.7916717529297,171.8328393074463,170.7332904682676,171.8328393074463,2423400
2024-12-12,169.99375915527344,171.0738574936507,169.9840338901468,170.91816416522641,1697100
2024-12-13,170.34405517578125,170.74301374664068,169.94509660492182,170.62625117867498,1367700
2024-12-16,169.7310333251953,171.06413707194005,169.53642408302142,170.63598783051742,2305500
2024-12-17,168.62171936035156,169.20556184821208,168.19358503001592,168.85525932504203,1964300
2024-12-18,164.35975646972656,168.9817967651785,164.29163506477587,168.77744739806067,2398100
2024-12-19,163.78562927246094,165.97501645061854,163.7466985190082,165.26467125356032,2554800
2024-12-20,165.7025604248047,166.88969609902023,163.29911328029291,163.62995047534096,3038500
2024-12-23,166.2604217529297,166.40721977372715,164.6553653462879,165.50682373426218,2698800
2024-12-24,167.650146484375,167.70886568640506,166.16252865369722,166.50507724376988,2055000
2024-12-26,168.0220489501953,168.16886189698948,166.96507338838097,167.22930981199767,2724400
2024-12-27,167.0335693359375,168.11991940274044,166.27018982236498,167.2978206856121,2653200
2024-12-30,165.34043884277344,166.00594307977343,164.26387030212788,165.8102074179307,2514800
2024-12-31,165.69277954101562,166.29956461140483,165.03705681863622,165.8199995157805,3187000
2025-01-02,165.4578857421875,167.08252019281628,164.7336622628448,166.671470801755,2533300
2025-01-03,166.73019409179688,167.00422702587986,165.45788979288307,166.17233173290836,1721700
2025-01-06,166.49530029296875,168.11015320666746,166.1821262008323,167.30761752828238,2368200
2025-01-07,166.3778533935547,167.65993916855248,165.8591471629628,167.20974863399204,2218500
2025-01-08,166.53445434570312,166.62253315800433,165.0859775196023,166.03531120864727,2055400
2025-01-10,164.15621948242188,166.06466838947173,163.95070225671805,165.63405589105798,2659300
2025-01-13,165.63404846191406,165.70254922285145,163.7941004014008,163.8234600037559,3199700
2025-01-14,166.92591857910156,167.00421583125896,165.5459575104656,166.24083628981649,2790200
2025-01-15,168.77566528320312,169.33352766107367,168.25695900220526,169.12799548668048,2367900
2025-01-16,169.9990234375,170.07732069363962,168.5212019287605,168.90289171889452,2827900
2025-01-17,170.9581298828125,171.44747650821603,170.2534844812114,170.60581464884888,2807200
2025-01-21,173.11126708984375,173.12104864623535,171.7508840677177,171.7508840677177,2943300
2025-01-22,172.2206573486328,173.34614864502177,172.19129774498262,173.33636708836315,2017400
2025-01-23,173.52230834960938,173.52230834960938,172.25978575145567,172.5533966998872,1723700
2025-01-24,173.473388671875,173.97251688233973,173.16019964546007,173.44402906735795,1804100
2025-01-27,173.82571411132812,173.82571411132812,172.41639339830905,172.4653310490589,3837600
2025-01-28,172.36744689941406,173.7474079378805,172.17171124013674,173.7474079378805,1905400
2025-01-29,172.18148803710938,173.4440106318472,171.85853242174895,172.406598226046,2279200
2025-01-30,173.9822998046875,174.40313072572934,172.90573127743744,173.23848339179705,2605200
2025-01-31,172.9351043701172,174.45208198278942,172.7197906478708,173.9235941677959,2599500
2025-02-03,172.42617797851562,173.01339993046207,170.1458357370651,170.67432354687725,3780000
2025-02-04,172.42617797851562,172.70022584078532,171.7019544959462,171.8781121213254,2285500
2025-02-05,173.7963409423828,173.8550601452297,172.18148819572738,173.17975944514407,4200000
2025-02-06,173.5614471435547,174.44227997685462,172.70998884500375,174.44227997685462,1716400
2025-02-07,172.44573974609375,174.05079600505692,172.33808289618943,174.03123289320027,2652100
2025-02-10,173.08192443847656,173.17978481299852,172.10323109120483,173.17978481299852,2249600
2025-02-11,173.70828247070312,173.72784558482653,172.3381028646454,172.70022954737686,2638600
2025-02-12,172.73934936523438,173.10146106954758,172.00532946708182,172.3087219689305,2700600
2025-02-13,173.99209594726562,174.12911241370463,172.71979165394643,173.11127793925417,2739600
2025-02-14,173.59083557128906,174.66740423509623,173.51253831085987,174.226995212148,1765000
2025-02-18,174.54994201660156,174.5890831746427,173.2482782400507,173.61038995320658,2529400
2025-02-19,175.39163208007812,175.44055479791982,174.13889092269534,174.2857038772441,1871900
2025-02-20,174.59886169433594,174.86311304095673,173.61038693399817,174.86311304095673,2347700
2025-02-21,172.582763671875,174.30527334494448,172.3772464527671,174.30527334494448,1991200
2025-02-24,172.74916076660156,173.62999375676816,172.55342508001198,173.1112874671517,2048000
2025-02-25,173.1699981689453,173.74742364279223,172.14236719776062,173.1014824684847,2322500
2025-02-26,172.5240478515625,173.78657052840722,172.07385731175788,173.3167870081666,1994000
2025-02-27,171.9368133544922,173.9920750377609,171.8487345510109,172.69041129618046,1969500
2025-02-28,174.3346405029297,174.452078918938,171.4866394453325,172.4849107824265,3851700
2025-03-03,172.7295684814453,175.28395833430187,171.68235958784342,174.77503368817415,3933500
2025-03-04,169.25521850585938,171.9857661906513,168.89310677045052,171.69215521944238,3521600
2025-03-05,170.66453552246094,171.0951629464125,168.47225724310482,169.20627718838386,2923600
2025-03-06,169.22586059570312,170.0479593763761,168.17865160576832,169.12798529309586,3818400
2025-03-07,170.73301696777344,171.1930039427975,168.74627106870022,168.84414635713307,2592500
2025-03-10,168.6288604736328,170.85049847105282,167.3565561825858,169.2454271046698,3030400
2025-03-11,166.57359313964844,168.5211981414557,165.77107241618356,168.37438518936534,3935300
2025-03-12,165.82977294921875,167.3565319035123,164.90979898094633,167.23909350200438,2857500
2025-03-13,164.97833251953125,166.75954651435458,164.44982978822296,165.93744774751303,3063200
2025-03-14,167.650146484375,167.91439782718325,165.3404299579304,165.85913615409325,2152200
2025-03-17,169.88157653808594,170.28284435563856,167.34676459853443,167.34676459853443,1934200
2025-03-18,169.03990173339844,169.803281284537,168.4624762917864,169.61732717501047,2476800
2025-03-19,170.06753540039062,170.77219575649133,168.7169338955852,169.25521818617247,3914000
2025-03-20,169.72499084472656,170.5470896353124,169.0007524242535,169.28458184503233,2599500
2025-03-21,168.81480407714844,169.26499460931382,167.7675951314321,168.89310132919326,4108700
2025-03-24,170.83091735839844,171.10495028587042,169.9109432731677,170.24369540885874,1780800
2025-03-25,170.32199096679688,171.24196504285834,169.6858463058647,171.05601092956834,2302000
2025-03-26,170.5275115966797,171.66278437941028,170.0870877018573,170.7721849010595,2425100
2025-03-27,170.15640258789062,171.05221021090543,169.6051167154915,170.3138978161434,1550100
2025-03-28,168.16786193847656,170.34341385511436,167.9512891203946,169.98902333652595,3299500
2025-03-31,170.04811096191406,170.79626209146812,167.39017440535918,167.39017440535918,3605900
2025-04-01,169.65432739257812,170.35326968133845,168.19739525241928,169.56573351711643,4784100
2025-04-02,170.57969665527344,170.845493326652,168.5813322830294,168.6994574609735,3737000
2025-04-03,164.24005126953125,167.72489421891044,164.1514573863278,166.90782669146847,5798400
2025-04-04,154.49432373046875,161.3064839235109,154.26791214747982,160.94225463509352,6873800
2025-04-07,153.23426818847656,158.08743407614884,148.08575934064618,150.5664930001455,10121200
2025-04-08,151.27528381347656,158.18589194350875,149.21785690548677,158.00868916017257,5902600
2025-04-09,161.3163299560547,162.09402741683502,148.88315955122556,149.58208686706183,5819100
2025-04-10,157.10302734375,159.2589019056284,152.9684810028482,159.2589019056284,7993500
2025-04-11,159.30812072753906,160.18425079371534,155.5476425646454,156.75848564991412,3828600
2025-04-14,161.40493774414062,162.07433376150283,159.8889279055198,161.27695879099625,3975600
2025-04-15,160.70599365234375,162.54684770093579,160.6469310656943,161.6608788591865,2834600
2025-04-16,158.86512756347656,161.42460125732913,157.91024242900386,160.72567400694348,2828200
2025-04-17,159.2392120361328,160.61740418684838,158.21542545706205,158.3335506336076,2984500
2025-04-21,156.276123046875,158.6977943030164,154.64198801343835,158.50089898158714,3837100
2025-04-22,159.80032348632812,160.13502147293713,157.55585519106336,157.6444490661652,2782000
2025-04-23,160.804443359375,163.7281616038003,160.2531574946148,162.2810681284381,3442100
2025-04-24,162.50747680664062,162.75358093040504,159.9676804468714,160.64693023182178,1916700
2025-04-25,162.1826171875,162.39919001759455,160.79458632762226,162.21214848060347,2109100
2025-04-28,162.7141876220703,163.44266119909818,161.48366706553853,162.51730733722582,1711500
2025-04-29,163.66908264160156,164.0234731840855,162.1432490763271,162.3007443010948,2516100
2025-04-30,163.8856658935547,164.39756671435495,160.79459847353814,162.89141056829305,3442600
2025-05-01,163.4918975830078,164.6928869401084,162.79295524397227,163.42298121646732,2155300
2025-05-02,165.92340087890625,166.38607782666253,164.87992181239323,165.39180756739742,2183000
2025-05-05,165.07681274414062,165.92341157321786,164.33850033579438,165.10634403879413,2326400
2025-05-06,163.97425842285156,165.20477900888724,163.6100141151028,164.16128493428627,3458900
2025-05-07,164.998046875,165.69698918530142,164.18097939377574,164.59443251300908,2875500
2025-05-08,165.6871337890625,167.2917374431108,165.214618088982,165.7363576168008,2676800
2025-05-09,165.41151428222656,166.21874307593558,165.21463397334782,166.1990505387463,1991300
2025-05-12,168.86679077148438,169.10305612641267,167.84300427546768,168.8569520145718,2356600
2025-05-13,168.03990173339844,168.83727673388924,168.0300629754804,168.65025020741967,2491700
2025-05-14,166.81922912597656,168.00052593896027,166.61249504872754,168.00052593896027,2810700
2025-05-15,168.7683563232422,168.83725766289467,166.4648254662406,166.59278938873885,2744900
2025-05-16,170.40249633789062,170.40249633789062,168.4139708699325,168.81758522618696,1621500
2025-05-19,170.61907958984375,170.82579864865465,169.16213231544288,169.31964256473012,1769000
2025-05-20,170.28436279296875,170.83563363229143,169.74293071113263,170.3335866224091,2636900
2025-05-21,167.232666015625,169.50666553946363,167.17360343386335,169.30978525992393,2366800
2025-05-22,166.5435791015625,167.43940173688836,165.76589666253497,166.78968323076165,2346500
2025-05-23,166.40576171875,166.7798448025929,165.0177458432881,165.27368873059936,2619400
2025-05-27,168.95541381835938,169.00462262804663,167.18346106049688,167.9020809213785,1767500
2025-05-28,167.7150421142578,169.20152071197415,167.4590992198915,168.97509409129938,2832500
2025-05-29,168.45333862304688,168.51240120686373,166.96687518664496,168.16786446093107,3177100
2025-05-30,168.71914672851562,169.22119374605467,167.4394022485685,168.1284908082311,2773800
2025-06-02,168.99478149414062,169.05384408173822,166.96688587460196,168.36475552475963,2538200
2025-06-03,169.89060974121094,170.0185886992363,168.2860059604481,168.6403965187453,2694100
2025-06-04,169.0144805908203,170.26469382051238,168.99478805385542,170.1564073987122,2570800
2025-06-05,168.65023803710938,169.62480073582435,168.28599372636432,169.42792044463974,1958700
2025-06-06,170.32373046875,170.69779848808244,169.73307461780072,169.95948618489697,2317900
2025-06-09,170.40249633789062,171.1112773953608,169.8709030342864,170.61906916217336,2204100
2025-06-10,171.29830932617188,171.53457469313838,170.40250172939002,170.40250172939002,1780700
2025-06-11,171.02268981933594,171.66256961485726,170.55017406244693,171.53459065155198,2154000
2025-06-12,172.0267791748047,172.05631046740336,170.33358163446542,170.85532116504635,2322900
2025-06-13,170.67813110351562,171.95786048817712,170.28435550584788,171.11127675044855,2202400
2025-06-16,171.50503540039062,172.3417953926565,171.14080612001754,171.4755041085227,2448000
2025-06-17,170.0874786376953,171.3869156046237,169.94966093099112,170.86517607060037,1874300
2025-06-18,170.3434295654297,171.34753863087028,169.8906063738613,170.42218469026858,1792800
2025-06-20,170.6387481689453,171.38691430337641,170.37296653582163,170.9931387007802,1656100
2025-06-23,171.8988037109375,171.99725136893105,169.9102932043005,170.7864232848297,2518000
2025-06-24,173.17855834960938,173.58217274172625,172.25320438563585,172.45993847118498,2362700
2025-06-25,172.2433624267578,173.0308986593982,172.01695082946264,172.76510198891864,2307700
2025-06-26,173.4344940185547,173.58216550808004,172.59774899526,172.69618163393966,3271100
2025-06-27,173.91685485839844,174.78314615327028,173.24745887309066,173.68058949952342,2701300
2025-06-30,174.94033813476562,175.128390759725,174.0396006480315,174.5543099409389,2730600
2025-07-01,176.74180603027344,177.16743539856665,174.603796658113,174.71267718456792,3812000
2025-07-02,176.8704833984375,176.91006945112292,176.0192397832514,176.7517101369655,3793700
2025-07-03,177.80091857910156,178.11765231859312,177.02886215378422,177.3851970503473,1670100
2025-07-07,176.38546752929688,177.6524326639191,175.5639172289157,177.49407334965315,2666700
2025-07-08,176.29638671875,176.83088149653548,176.01923904087374,176.29638671875,2341400
2025-07-09,176.43496704101562,176.86058131074546,175.64311003080746,176.70222199143683,1849000
2025-07-10,177.5732421875,177.9394849095766,176.26669102420746,176.5438386983427,1960200
2025-07-11,176.44483947753906,176.8011743359633,175.92023747811098,176.6824010842934,2222300
2025-07-14,176.62303161621094,176.64283219455092,175.73218683190348,176.11821504074524,1907500
2025-07-15,174.2969512939453,176.7319088685195,174.26725797869332,176.50425508378225,3112800
2025-07-16,175.16799926757812,175.29668037206022,173.39621753438598,174.86115826773556,2487300
2025-07-17,176.1380157470703,176.25680411378053,174.7621700680534,175.00962443552703,2118800
2025-07-18,175.85096740722656,176.69230315669964,175.5540191589474,176.26668891345125,3294000
2025-07-21,175.62330627441406,176.8308847948631,175.53422632702421,176.28649726964778,2097300
2025-07-22,177.0486297607422,177.21689690277395,175.50451706594296,175.50451706594296,2699600
2025-07-23,178.73133850097656,178.77092455221228,177.71181266482068,177.83060102535825,2745900
2025-07-24,178.05825805664062,178.9391949710325,177.99887142699416,178.3848996231116,3140500
2025-07-25,178.8204345703125,178.89962178334042,177.68213537437947,178.19684470735282,2172200
2025-07-28,177.9097900390625,178.64224526998,177.602933949353,178.64224526998,2580400
2025-07-29,177.88998413085938,178.33539893966207,177.4841553725084,178.13743848057365,3051000
2025-07-30,176.89027404785156,178.137438533553,176.04892321720692,177.88998418376514,3240700
2025-07-31,175.23727416992188,177.15752243363244,174.91064770342035,176.13801167150413,5324400
2025-08-01,173.7228546142578,174.4058310689533,172.57467785480614,174.38603049106507,3839900
2025-08-04,175.37583923339844,175.3857470735586,174.0197942319627,174.2375552676784,3035600
2025-08-05,175.39564514160156,175.88066111833174,174.57409486432323,175.51443350323026,3237400
2025-08-06,175.22738647460938,175.85097631725014,174.84135826331178,175.60352194838202,3329800
2025-08-07,175.07891845703125,176.4052702384534,174.43552804120762,176.13801529331383,4809600
2025-08-08,176.1776123046875,176.45475998074983,175.49463585174263,175.534221904002,2917200
2025-08-11,175.82127380371094,176.91006390772426,175.47483166405223,176.41515519587767,2799000
2025-08-12,177.60293579101562,177.6920308391018,176.2864918884412,176.32607794048965,2227200
2025-08-13,178.96888732910156,179.03818179892897,177.88009721676767,178.1572448892465,2957300
2025-08-14,178.63235473632812,178.76103583671565,177.63264455842315,178.16713933091305,2316300
2025-08-15,178.4145965576172,179.26584017445592,178.18694277154864,179.22625412169364,1890100
2025-08-18,178.4442901611328,178.82042562835264,178.16714248110213,178.41459684565922,1912300
2025-08-19,179.28564453125,179.92901985025347,178.46409421252156,178.57297473918234,2601400
2025-08-20,179.7904510498047,180.16658653489367,179.16686118840275,179.4638094606616,3871900
2025-08-21,179.1074676513672,179.6815635946961,178.62246675867357,179.26584207092327,2543000
2025-08-22,181.63150024414062,182.05711449371086,180.02800082439703,180.02800082439703,2696300
2025-08-25,180.1764678955078,181.55231353679366,180.1764678955078,181.47312632896382,2104500
2025-08-26,180.67137145996094,180.80994529385399,179.85972903384885,180.0576894960653,1922900
2025-08-27,181.2058868408203,181.46323393919843,180.40412202378866,180.53280312468553,1902400
2025-08-28,181.28506469726562,181.5226263287475,180.58230274718284,181.4929330127393,1938200
2025-08-29,181.35435485839844,181.80966242864335,180.78025892352883,181.2652749124917,2207400
2025-09-02,180.74066162109375,180.74066162109375,179.2262422212783,180.2952317124535,5509900
2025-09-03,179.93890380859375,180.53280030747933,178.99858027153772,180.14677211422833,3782600
2025-09-04,181.27516174316406,181.27516174316406,179.71124840673582,180.18635653950668,2728500
2025-09-05,180.69117736816406,182.04722243294043,179.8597343402756,181.4038471359015,3457800
2025-09-08,180.45361328125,180.56249380270745,179.37471590716345,180.56249380270745,2812600
2025-09-09,180.6119842529297,180.9881197023264,180.09727497008393,180.26554211759955,2997600
2025-09-10,181.93833923339844,182.53223573224767,181.24547005368456,181.60180493231104,3547200
2025-09-11,184.16543579101562,184.34361078913977,182.0967209064632,182.3144819578283,2607200
2025-09-12,183.0469207763672,184.19511256162667,182.96774867699688,183.9080721670191,1910200
2025-09-15,182.69061279296875,183.68043023644998,182.48274448433483,183.51214798005245,4148000
2025-09-16,182.49264526367188,183.28450227403573,182.08683157255692,183.03704790226053,2514600
2025-09-17,183.28448486328125,184.47226271428826,182.23528084316817,182.91825726093626,4373900
2025-09-18,183.92788696289062,184.39308727216758,183.11622939915748,183.42307039403659,2988800
2025-09-19,183.78929138183594,184.24461404075137,183.11622278556075,184.23472130377624,2665200
2025-09-22,183.91796875,184.2347175677641,183.01723129082512,183.2745934811122,2671800
2025-09-23,184.36338806152344,185.28392612014122,183.97735987008122,183.97735987008122,2667200
2025-09-24,184.00706481933594,184.73953519705486,183.79921160494808,184.36339971884564,2400900
2025-09-25,183.1558074951172,183.89817055502567,182.61142000058305,183.72990340718957,2839400
2025-09-26,184.6702423095703,184.8682027718266,183.63093100345594,183.77939757429436,2483200
2025-09-29,184.80255126953125,185.24028585254828,184.11612041540974,185.21044169281006,3944900
2025-09-30,185.52879333496094,185.63822697699803,184.16584430592772,184.6931113502496,4248600
2025-10-01,185.90682983398438,186.14559829089416,184.79260739535638,185.18059665024595,2818400
2025-10-02,185.56858825683594,186.095855323236,184.94183053709372,185.60839059022976,2323000
2025-10-03,186.5634307861328,187.45878592988404,185.88694293176826,185.91678709121717,2008000
2025-10-06,186.36447143554688,187.18023712369845,186.04611348300003,187.1205488026316,2135200
2025-10-07,186.19534301757812,186.9116332058596,185.66807595955734,186.69276591609903,2726900
2025-10-08,186.10581970214844,186.702718101677,185.48900495511649,186.5037519685008,2192300
2025-10-09,185.091064453125,186.70270979432763,184.78266468340274,186.364465864964,2215000
2025-10-10,181.9274444580078,185.94662994382332,181.8876573057363,185.74766382218164,4942300
2025-10-13,183.58883666992188,184.0564154088489,182.7531698438089,182.85266049554994,2681600
2025-10-14,185.170654296875,185.94663280933514,182.32539469114033,182.61389329494537,3945400
2025-10-15,185.68795776367188,187.02106263859133,184.24543442647865,185.9565703732632,3002600
2025-10-16,183.76791381835938,186.1256934608837,183.25058976197522,186.01625981780518,5628500
2025-10-17,184.6831817626953,185.05126986710985,183.66843475198112,183.93704738014077,3981200
2025-10-20,186.05606079101562,186.26496990254944,185.3795577714324,185.3795577714324,2164200
2025-10-21,186.25503540039062,187.0210709312664,185.8869473050995,186.25503540039062,2139300
2025-10-22,185.68795776367188,186.45399326058097,184.97166759152293,186.44405026768567,3543300
2025-10-23,186.23513793945312,186.50375056630006,185.3895280847762,185.91679516479323,2512600
2025-10-24,187.16033935546875,187.66770523274226,187.0509057136872,187.40905079768666,2224100
2025-10-27,187.78709411621094,187.87664177815805,187.18023755040994,187.70750462789277,2383800
2025-10-28,186.52365112304688,187.6179724337783,186.43410346096243,187.6179724337783,4464800
2025-10-29,185.04132080078125,186.5236465236603,184.45436541566886,186.10581310475948,5397800
2025-10-30,184.6433868408203,186.35452283390774,184.36483123079606,184.36483123079606,4441800
2025-10-31,184.80255126953125,185.2701300122865,183.77786130480604,184.04647392259236,3812200
2025-11-03,183.92709350585938,184.7926044807753,182.52435730640514,184.59363835989305,4206900
2025-11-04,183.36997985839844,183.70822377741732,182.53429787357175,182.83275464099972,3065400
2025-11-05,184.25540161132812,184.86225817074245,183.29039994832266,183.5092672438585,2485800
2025-11-06,184.01663208007812,184.81251177011828,183.57889749154893,184.04647624019216,3909300
2025-11-07,185.20050048828125,185.23034464830772,183.3998319926867,183.84750957322606,4826100
2025-11-10,186.01626586914062,186.31472264907688,184.63343079624033,185.58848945600786,4209800
2025-11-11,187.54833984375,187.78709312730442,186.1655047493076,186.35452788554994,3207800
2025-11-12,188.45362854003906,188.99085376132348,187.6378628953201,187.72739537215355,3236200
2025-11-13,186.5634307861328,188.62276886895964,186.36446466309278,188.30441092798185,4890500
2025-11-14,186.18539428710938,186.93152867273253,185.13086011758483,185.96652698624848,5027100
2025-11-17,184.1061553955078,186.48383617379955,183.62863367731202,185.99637146277487,6068000
2025-11-18,184.0862579345703,185.14080722118285,183.23068994967386,183.60873620676406,8845200
2025-11-19,183.65847778320312,184.3548667845682,182.9421876160443,183.94697637657518,4889500
2025-11-20,181.9473419189453,185.7675460251805,181.86775243588104,185.0413128649138,8354600
2025-11-21,184.45436096191406,185.3596742710777,182.3651787377121,182.7034226619682,10862300
2025-11-24,184.3449249267578,185.2701242099518,183.67838007990864,184.72295599831685,6141000
2025-11-25,187.05091857910156,187.30957303194748,185.0413257373208,185.16070238015078,4515200
2025-11-26,188.25466918945312,188.8814269101074,187.07080024161394,187.23993738857018,2752000
2025-11-28,189.49822998046875,189.74694143866765,188.37406451190674,188.4536388200048,1434100
2025-12-01,188.17507934570312,189.56787259116558,188.0656456991321,188.77199290520738,3074900
2025-12-02,187.8766326904297,188.43374390156612,187.29962031314065,188.3044090917873,3097800
2025-12-03,189.607666015625,189.74694382676358,188.07561009310055,188.25467505878893,3254200
2025-12-04,189.5877685546875,189.95585663753238,189.04060033684917,189.5181220632617,3497100
2025-12-05,189.37884521484375,190.39359217120804,189.23956741143235,189.63749965542434,3212000
2025-12-08,188.46359252929688,189.56787198474754,188.18503691712394,189.50818366501653,2576400
2025-12-09,187.95620727539062,189.51812244764778,187.89651895698574,188.56306381274362,2601700
2025-12-10,190.57266235351562,190.93080745498756,188.00595832299044,188.18503846379764,4802500
2025-12-11,192.14451599121094,192.26389262881145,190.39359285912096,190.43338001160708,4244700
2025-12-12,191.5078125,192.78121388299124,191.05017676229602,192.65187907404714,5090600
2025-12-15,192.2340545654297,192.73147747806198,191.5177643568278,192.2440127389736,3627000
2025-12-16,190.37368774414062,192.29373279972046,189.89616602350105,192.19425733049735,4391900
2025-12-17,189.98570251464844,191.2193167641898,189.6773027472986,190.62240321566995,6098400
2025-12-18,189.8762664794922,191.37847814482632,189.51812139091786,190.7019902998203,3957100
2025-12-19,190.3140106201172,191.11983331488614,189.83648887139162,189.86633303192804,3546000
2025-12-22,191.77999877929688,191.94000244140625,190.66000366210938,190.88999938964844,2932900
2025-12-23,191.89999389648438,192.17999267578125,191.61000061035156,191.61000061035156,3045900
2025-12-24,192.8699951171875,193.1300048828125,191.9600067138672,192.1199951171875,2062800
2025-12-26,192.77999877929688,193.0,192.17999267578125,192.7899932861328,2264900
2025-12-29,192.58999633789062,193.02999877929688,192.27999877929688,192.66000366210938,3819100
2025-12-30,192.3699951171875,192.75999450683594,192.1999969482422,192.6199951171875,2172300
2025-12-31,190.99000549316406,192.47999572753906,190.97999572753906,192.36000061035156,1976300
2026-01-02,192.80999755859375,193.02999877929688,190.47000122070312,191.50999450683594,4845900
2026-01-05,194.64999389648438,195.13999938964844,193.0800018310547,193.24000549316406,5374000
2026-01-06,196.2899932861328,196.5800018310547,194.5,194.5,3128400
2026-01-07,194.02000427246094,196.52000427246094,193.82000732421875,196.33999633789062,3568800
2026-01-08,195.55999755859375,196.00999450683594,193.6199951171875,193.8000030517578,3561900
2026-01-09,196.82000732421875,197.19000244140625,195.99000549316406,196.02999877929688,3306400
2026-01-12,196.89999389648438,197.05999755859375,195.5500030517578,196.0800018310547,4079300
2026-01-13,196.58999633789062,197.5,196.00999450683594,197.3000030517578,10943400
2026-01-14,197.67999267578125,197.69000244140625,196.0800018310547,196.3000030517578,5011700
2026-01-15,198.41000366210938,198.97999572753906,197.8699951171875,198.22999572753906,3806400
2026-01-16,198.3699951171875,198.97000122070312,198.0500030517578,198.4600067138672,3215600
2026-01-20,195.72999572753906,197.39999389648438,195.36000061035156,196.47000122070312,4003800
2026-01-21,198.4600067138672,199.02000427246094,196.32000732421875,196.47000122070312,5389600
2026-01-22,198.77999877929688,199.6699981689453,198.39999389648438,198.91000366210938,3128800
2026-01-23,197.58999633789062,198.3300018310547,196.86000061035156,198.25,3054600
2026-01-26,198.25999450683594,198.57000732421875,197.77999877929688,197.92999267578125,2590200
2026-01-27,198.2100067138672,198.39999389648438,197.42999267578125,197.85000610351562,2576800
2026-01-28,198.2899932861328,199.0800018310547,197.7899932861328,198.35000610351562,4272100
2026-01-29,199.58999633789062,200.63999938964844,198.50999450683594,199.5500030517578,6508200
2026-01-30,199.75,199.9600067138672,197.91000366210938,199.11000061035156,3422000
2026-02-02,201.4499969482422,201.6199951171875,199.10000610351562,199.32000732421875,3497600
2026-02-03,202.47000122070312,203.1699981689453,200.9499969482422,201.30999755859375,4159900
2026-02-04,203.60000610351562,204.22999572753906,202.8699951171875,202.88999938964844,5395100
2026-02-05,202.4499969482422,203.58999633789062,202.02000427246094,202.94000244140625,6084400
2026-02-06,206.38999938964844,206.67999267578125,203.52000427246094,203.72000122070312,4101000
2026-02-09,206.02000427246094,206.47999572753906,205.10000610351562,205.8000030517578,3665000
2026-02-10,205.8300018310547,206.67999267578125,205.6300048828125,205.9499969482422,3566400
2026-02-11,206.8300018310547,207.3300018310547,206.08999633789062,206.7899932861328,3929000
2026-02-12,204.61000061035156,208.1999969482422,204.49000549316406,207.24000549316406,6175700
2026-02-13,206.1300048828125,206.99000549316406,203.92999267578125,204.49000549316406,5513500
2026-02-17,205.85000610351562,207.30999755859375,204.72000122070312,206.2899932861328,5306300
2026-02-18,206.5399932861328,207.11000061035156,205.67999267578125,206.38999938964844,4134000
2026-02-19,206.1199951171875,206.6199951171875,205.24000549316406,206.13999938964844,4193700
2026-02-20,206.8800048828125,207.0,205.1699981689453,205.74000549316406,5302000
2026-02-23,205.24000549316406,207.6199951171875,204.6300048828125,206.30999755859375,4214400
2026-02-24,206.16000366210938,206.52000427246094,205.02000427246094,205.2100067138672,2972400
2026-02-25,206.64999389648438,207.0500030517578,205.35000610351562,206.6999969482422,3938700
2026-02-26,206.92999267578125,207.8000030517578,205.8699951171875,206.74000549316406,4142800
2026-02-27,207.25999450683594,207.4499969482422,205.30999755859375,205.89999389648438,4492300
2026-03-02,206.80999755859375,207.44000244140625,205.69000244140625,206.08999633789062,6601600
2026-03-03,204.27000427246094,205.0800018310547,201.39999389648438,203.32000732421875,7609900
2026-03-04,204.99000549316406,205.41000366210938,203.36000061035156,204.74000549316406,4336700
